timestamp,return,equity,cash_return,exposure,portfolio
2001-01-02 22:00:00+00:00,-0.0878346835612791,912.1653164387209,2.5685236445527337e-05,1.0,buy_and_hold
2001-01-03 22:00:00+00:00,0.1684131736526946,1065.7859722760802,8.219353715244182e-05,1.0,buy_and_hold
2001-01-04 22:00:00+00:00,-0.018097373478539125,1046.498045487612,8.219353715266386e-05,1.0,buy_and_hold
2001-01-05 22:00:00+00:00,-0.07633338770184317,966.615304452185,8.219353715221978e-05,1.0,buy_and_hold
2001-01-08 22:00:00+00:00,0.01094826063923704,977.1980607432031,0.0002465813210268397,1.0,buy_and_hold
2001-01-09 22:00:00+00:00,0.0,977.1980607432031,8.219353715266386e-05,1.0,buy_and_hold
2001-01-10 22:00:00+00:00,0.05135371179039305,1027.3808083167405,8.219353715244182e-05,1.0,buy_and_hold
2001-01-11 22:00:00+00:00,0.029074597109154388,1057.251491396227,8.219353715266386e-05,1.0,buy_and_hold
2001-01-12 22:00:00+00:00,0.012754278333871438,1070.735971186395,8.219353715244182e-05,1.0,buy_and_hold
2001-01-16 22:00:00+00:00,-0.011956001912960312,1057.9342498666151,0.00032877521296437173,1.0,buy_and_hold
2001-01-17 22:00:00+00:00,0.030655050016134444,1090.365277210058,8.219353715221978e-05,1.0,buy_and_hold
2001-01-18 22:00:00+00:00,0.04195366311834681,1136.1100947260716,8.219353715221978e-05,1.0,buy_and_hold
2001-01-19 22:00:00+00:00,-0.0037560096153845812,1131.842854286145,8.219353715244182e-05,1.0,buy_and_hold
2001-01-22 22:00:00+00:00,0.001055647715276553,1133.0376816093242,0.0002465813210268397,1.0,buy_and_hold
2001-01-23 22:00:00+00:00,0.020940042181379903,1156.7635384553164,8.219353715244182e-05,1.0,buy_and_hold
2001-01-24 22:00:00+00:00,-0.00944370665486205,1145.8394029291042,8.219353715244182e-05,1.0,buy_and_hold
2001-01-25 22:00:00+00:00,-0.039177714881572845,1100.948033501076,8.219353715244182e-05,1.0,buy_and_hold
2001-01-26 22:00:00+00:00,0.016279069767441756,1118.8704433487678,8.219353715221978e-05,1.0,buy_and_hold
2001-01-29 22:00:00+00:00,0.02212051868802445,1143.6204379003425,0.0002465813210268397,1.0,buy_and_hold
2001-01-30 22:00:00+00:00,-0.003731343283582267,1139.3531974604157,8.219353715244182e-05,1.0,buy_and_hold
2001-01-31 22:00:00+00:00,-0.03670411985018729,1097.5342411491345,8.219353715221978e-05,1.0,buy_and_hold
2001-02-01 22:00:00+00:00,0.013219284603421588,1112.0428586448852,8.219353715244182e-05,1.0,buy_and_hold
2001-02-02 22:00:00+00:00,-0.05525709900230247,1050.5945963099414,8.219353715221978e-05,1.0,buy_and_hold
2001-02-05 22:00:00+00:00,-0.0008123476848090894,1049.741148221956,0.00024658132102706176,1.0,buy_and_hold
2001-02-06 22:00:00+00:00,0.001626016260162677,1051.4480443979269,8.219353715244182e-05,1.0,buy_and_hold
2001-02-07 22:00:00+00:00,-0.016233766233766378,1034.37908263822,8.219353715244182e-05,1.0,buy_and_hold
2001-02-08 22:00:00+00:00,-0.029867986798679746,1003.4842618531512,8.219353715221978e-05,1.0,buy_and_hold
2001-02-09 22:00:00+00:00,-0.040653172308215746,962.6894432474523,8.219353715244182e-05,1.0,buy_and_hold
2001-02-12 22:00:00+00:00,0.012056737588652444,974.2963372440529,0.0002465813210268397,1.0,buy_and_hold
2001-02-13 22:00:00+00:00,-0.032060266292922135,943.0601372237899,8.219353715244182e-05,1.0,buy_and_hold
2001-02-14 22:00:00+00:00,0.03981900452488696,980.6118530951444,8.219353715244182e-05,1.0,buy_and_hold
2001-02-15 22:00:00+00:00,0.016536118363794428,996.8273667668656,8.219353715244182e-05,1.0,buy_and_hold
2001-02-16 22:00:00+00:00,-0.05599315068493138,941.011861812625,8.219353715244182e-05,1.0,buy_and_hold
2001-02-20 22:00:00+00:00,-0.0388173408307636,904.484283646853,0.00032877521296437173,1.0,buy_and_hold
2001-02-21 22:00:00+00:00,-0.02811851292696743,879.0515306248901,8.219353715266386e-05,1.0,buy_and_hold
2001-02-22 22:00:00+00:00,-0.009708737864077777,870.5170497450367,8.219353715244182e-05,1.0,buy_and_hold
2001-02-23 22:00:00+00:00,0.003529411764706003,873.589462861784,8.219353715266386e-05,1.0,buy_and_hold
2001-02-26 22:00:00+00:00,0.018952715904650086,890.1463557686993,0.00024658132102706176,1.0,buy_and_hold
2001-02-27 22:00:00+00:00,-0.06040268456375841,836.3791262256235,8.219353715221978e-05,1.0,buy_and_hold
2001-02-28 22:00:00+00:00,-0.031632653061224314,809.9222354980784,8.219353715244182e-05,1.0,buy_and_hold
2001-03-01 22:00:00+00:00,0.028451001053740654,832.9653338736822,8.219353715244182e-05,1.0,buy_and_hold
2001-03-02 22:00:00+00:00,-0.04303278688524581,797.1205141782984,8.219353715244182e-05,1.0,buy_and_hold
2001-03-05 22:00:00+00:00,0.01820128479657379,811.629131674049,0.0002465813210268397,1.0,buy_and_hold
2001-03-06 22:00:00+00:00,0.03890641430073605,843.2067109295061,8.219353715244182e-05,1.0,buy_and_hold
2001-03-07 22:00:00+00:00,0.00040485829959524544,843.5480901647004,8.219353715221978e-05,1.0,buy_and_hold
2001-03-08 22:00:00+00:00,-0.018615944961554165,827.8446453457702,8.219353715266386e-05,1.0,buy_and_hold
2001-03-09 22:00:00+00:00,-0.07010309278350513,769.8101753627678,8.219353715244182e-05,1.0,buy_and_hold
2001-03-12 22:00:00+00:00,-0.06208425720620858,722.0170824355893,0.00024658132102706176,1.0,buy_and_hold
2001-03-13 22:00:00+00:00,0.05082742316784872,758.7153502189585,8.219353715244182e-05,1.0,buy_and_hold
2001-03-14 22:00:00+00:00,-0.015748031496062964,746.7670769871639,8.219353715221978e-05,1.0,buy_and_hold
2001-03-15 22:00:00+00:00,-0.03657142857142859,719.4567381716333,8.219353715221978e-05,1.0,buy_and_hold
2001-03-16 22:00:00+00:00,-0.022538552787663146,703.241224499912,8.219353715244182e-05,1.0,buy_and_hold
2001-03-19 22:00:00+00:00,0.050000000000000044,738.4032857249076,0.00024658132102706176,1.0,buy_and_hold
2001-03-20 22:00:00+00:00,-0.06726768377253811,688.7326070041614,8.219353715244182e-05,1.0,buy_and_hold
2001-03-21 22:00:00+00:00,0.0,688.7326070041614,8.219353715244182e-05,1.0,buy_and_hold
2001-03-22 22:00:00+00:00,0.060718711276332105,730.5515633154425,8.219353715244182e-05,1.0,buy_and_hold
2001-03-23 22:00:00+00:00,0.0,730.5515633154425,8.219353715266386e-05,1.0,buy_and_hold
2001-03-26 22:00:00+00:00,-0.023130841121495105,713.6532911733332,0.00024658132102661767,1.0,buy_and_hold
2001-03-27 22:00:00+00:00,0.034441521167184685,738.2325961073105,8.219353715244182e-05,1.0,buy_and_hold
2001-03-28 22:00:00+00:00,-0.08208092485549112,677.6377818603522,8.219353715221978e-05,1.0,buy_and_hold
2001-03-29 22:00:00+00:00,-0.018891687657430767,664.8360605405722,8.219353715221978e-05,1.0,buy_and_hold
2001-03-30 22:00:00+00:00,0.005134788189987027,668.2498528925134,8.219353715244182e-05,1.0,buy_and_hold
2001-04-02 21:00:00+00:00,-0.04469987228607919,638.3791698130269,0.00024315657552942405,1.0,buy_and_hold
2001-04-03 21:00:00+00:00,-0.07326203208556159,591.6102145914308,8.219353715244182e-05,1.0,buy_and_hold
2001-04-04 21:00:00+00:00,-0.017599538372763956,581.1981479180098,8.219353715244182e-05,1.0,buy_and_hold
2001-04-05 21:00:00+00:00,0.09574155653450833,636.8429632546535,8.219353715266386e-05,1.0,buy_and_hold
2001-04-06 21:00:00+00:00,-0.027070490485124887,619.6033118773496,8.219353715221978e-05,1.0,buy_and_hold
2001-04-09 21:00:00+00:00,0.02066115702479343,632.4050331971296,0.0002465813210268397,1.0,buy_and_hold
2001-04-10 21:00:00+00:00,0.07422402159244279,679.3446780363228,8.219353715244182e-05,1.0,buy_and_hold
2001-04-11 21:00:00+00:00,0.03015075376884435,699.8274321479707,8.219353715244182e-05,1.0,buy_and_hold
2001-04-12 21:00:00+00:00,0.04390243902439006,730.5515633154425,8.219353715221978e-05,1.0,buy_and_hold
2001-04-16 21:00:00+00:00,-0.05957943925233633,687.0257108281908,0.0003287752129641497,1.0,buy_and_hold
2001-04-17 21:00:00+00:00,0.024844720496894457,704.0946725878974,8.219353715244182e-05,1.0,buy_and_hold
2001-04-18 21:00:00+00:00,0.10424242424242403,777.4912081546357,8.219353715221978e-05,1.0,buy_and_hold
2001-04-19 21:00:00+00:00,0.060373216245883654,824.4308529938289,8.219353715244182e-05,1.0,buy_and_hold
2001-04-20 21:00:00+00:00,0.0020703933747412417,826.1377491697996,8.219353715244182e-05,1.0,buy_and_hold
2001-04-23 21:00:00+00:00,-0.06714876033057848,770.6636234507531,0.0002465813210268397,1.0,buy_and_hold
2001-04-24 21:00:00+00:00,-0.018826135105204922,756.1550059550025,8.219353715221978e-05,1.0,buy_and_hold
2001-04-25 21:00:00+00:00,0.01805869074492117,769.8101753627678,8.219353715244182e-05,1.0,buy_and_hold
2001-04-26 21:00:00+00:00,-0.0254988913525499,750.1808693391052,8.219353715266386e-05,1.0,buy_and_hold
2001-04-27 21:00:00+00:00,0.027303754266211566,770.6636234507531,8.219353715244182e-05,1.0,buy_and_hold
2001-04-30 21:00:00+00:00,0.022148394241417346,787.7325852104597,0.0002465813210268397,1.0,buy_and_hold
2001-05-01 21:00:00+00:00,0.041170097508125725,820.1636125539022,8.219353715244182e-05,1.0,buy_and_hold
2001-05-02 21:00:00+00:00,0.019354838709677358,836.0377469904294,8.219353715221978e-05,1.0,buy_and_hold
2001-05-03 21:00:00+00:00,-0.04450796243364641,798.827410354269,8.219353715221978e-05,1.0,buy_and_hold
2001-05-04 21:00:00+00:00,0.02991452991453003,822.7239568178584,8.219353715221978e-05,1.0,buy_and_hold
2001-05-07 21:00:00+00:00,-0.020746887966805017,805.6549950581517,0.0002465813210268397,1.0,buy_and_hold
2001-05-08 21:00:00+00:00,0.021186440677966267,822.7239568178584,8.219353715244182e-05,1.0,buy_and_hold
2001-05-09 21:00:00+00:00,-0.03423236514522843,794.5601699143423,8.219353715244182e-05,1.0,buy_and_hold
2001-05-10 21:00:00+00:00,-0.016756176154672175,781.2463797417713,8.219353715244182e-05,1.0,buy_and_hold
2001-05-11 21:00:00+00:00,-0.0048066419051782105,777.4912081546357,8.219353715221978e-05,1.0,buy_and_hold
2001-05-14 21:00:00+00:00,-0.016026344676180027,765.0308660700499,0.0002465813210268397,1.0,buy_and_hold
2001-05-15 21:00:00+00:00,0.007362784471218298,770.6636234507531,8.219353715244182e-05,1.0,buy_and_hold
2001-05-16 21:00:00+00:00,0.044296788482834915,804.8015469701663,8.219353715221978e-05,1.0,buy_and_hold
2001-05-17 21:00:00+00:00,0.01590668080593849,817.6032682899463,8.219353715244182e-05,1.0,buy_and_hold
2001-05-18 21:00:00+00:00,0.0029227557411273253,819.9929229363051,8.219353715221978e-05,1.0,buy_and_hold
2001-05-21 21:00:00+00:00,0.06265611990008324,871.370497833022,0.0002465813210268397,1.0,buy_and_hold
2001-05-22 21:00:00+00:00,-0.002938295788442624,868.8101535690661,8.219353715244182e-05,1.0,buy_and_hold
2001-05-23 21:00:00+00:00,-0.04420432220039283,830.4049896097263,8.219353715244182e-05,1.0,buy_and_hold
2001-05-24 21:00:00+00:00,0.025693730729702047,851.7411918093595,8.219353715221978e-05,1.0,buy_and_hold
2001-05-25 21:00:00+00:00,-0.018236472945891702,836.2084366080265,8.219353715244182e-05,1.0,buy_and_hold
2001-05-29 21:00:00+00:00,-0.058583384364156,787.2205163576685,0.0003287752129641497,1.0,buy_and_hold
2001-05-30 21:00:00+00:00,-0.036643538594969716,758.3739709837644,8.219353715221978e-05,1.0,buy_and_hold
2001-05-31 21:00:00+00:00,0.006752194463200523,763.4946595116763,8.219353715244182e-05,1.0,buy_and_hold
2001-06-01 21:00:00+00:00,0.02951039570757885,786.025689034489,8.219353715266386e-05,1.0,buy_and_hold
2001-06-04 21:00:00+00:00,-0.004777415852334488,782.2705174473535,0.0002465813210268397,1.0,buy_and_hold
2001-06-05 21:00:00+00:00,0.04407593279511257,816.749820201961,8.219353715221978e-05,1.0,buy_and_hold
2001-06-06 21:00:00+00:00,-0.007732497387669901,810.4343043508695,8.219353715221978e-05,1.0,buy_and_hold
2001-06-07 21:00:00+00:00,0.025695029486099585,831.2584376977117,8.219353715221978e-05,1.0,buy_and_hold
2001-06-08 21:00:00+00:00,-0.02772073921971263,808.2153393221076,8.219353715266386e-05,1.0,buy_and_hold
2001-06-11 21:00:00+00:00,-0.02745512143611406,786.025689034489,0.0002465813210268397,1.0,buy_and_hold
2001-06-12 21:00:00+00:00,-0.005428881650379913,781.7584485945624,8.219353715244182e-05,1.0,buy_and_hold
2001-06-13 21:00:00+00:00,-0.02729257641921401,760.4222463949292,8.219353715244182e-05,1.0,buy_and_hold
2001-06-14 21:00:00+00:00,-0.05162738496071828,721.163634347604,8.219353715266386e-05,1.0,buy_and_hold
2001-06-15 21:00:00+00:00,0.008284023668639007,727.1377709635013,8.219353715244182e-05,1.0,buy_and_hold
2001-06-18 21:00:00+00:00,-0.013380281690140938,717.4084627604685,0.0002465813210268397,1.0,buy_and_hold
2001-06-19 21:00:00+00:00,-0.0049964311206280865,713.8239807909301,8.219353715244182e-05,1.0,buy_and_hold
2001-06-20 21:00:00+00:00,0.02271640363462457,730.0394944626514,8.219353715221978e-05,1.0,buy_and_hold
2001-06-21 21:00:00+00:00,0.013560907177928572,739.9394922832813,8.219353715244182e-05,1.0,buy_and_hold
2001-06-22 21:00:00+00:00,-0.0023068050749712743,738.2325961073105,8.219353715244182e-05,1.0,buy_and_hold
2001-06-25 21:00:00+00:00,0.0025433526011560126,740.1101819008783,0.0002465813210268397,1.0,buy_and_hold
2001-06-26 21:00:00+00:00,0.0034594095940960745,742.6705261648343,8.219353715221978e-05,1.0,buy_and_hold
2001-06-27 21:00:00+00:00,0.006435302229372608,747.4498354575521,8.219353715244182e-05,1.0,buy_and_hold
2001-06-28 21:00:00+00:00,0.012788307832838575,757.0084540429879,8.219353715221978e-05,1.0,buy_and_hold
2001-06-29 21:00:00+00:00,0.030439684329199634,780.0515524185918,8.219353715266386e-05,1.0,buy_and_hold
2001-07-02 21:00:00+00:00,-0.00547045951859948,775.7843119786652,0.00024658132102706176,1.0,buy_and_hold
2001-07-03 21:00:00+00:00,0.004180418041804135,779.0274147130094,8.219345798021749e-05,1.0,buy_and_hold
2001-07-05 21:00:00+00:00,-0.04798422436459249,741.646388459252,0.00016438742908997384,1.0,buy_and_hold
2001-07-06 21:00:00+00:00,-0.04142692750287691,710.92225729178,8.219353715244182e-05,1.0,buy_and_hold
2001-07-09 21:00:00+00:00,0.008643457382953024,717.0670835252744,0.0002465813210268397,1.0,buy_and_hold
2001-07-10 21:00:00+00:00,-0.03594382289930964,691.2929512681175,8.219353715244182e-05,1.0,buy_and_hold
2001-07-11 21:00:00+00:00,0.012345679012345734,699.8274321479707,8.219353715221978e-05,1.0,buy_and_hold
2001-07-12 21:00:00+00:00,0.06341463414634152,744.2067327232079,8.219353715266386e-05,1.0,buy_and_hold
2001-07-13 21:00:00+00:00,-0.010321100917431214,736.5256999313399,8.219353715244182e-05,1.0,buy_and_hold
2001-07-16 21:00:00+00:00,-0.018539976825028948,722.8705305235746,0.0002465813210268397,1.0,buy_and_hold
2001-07-17 21:00:00+00:00,0.022432113341204207,739.0860441952959,8.219353715244182e-05,1.0,buy_and_hold
2001-07-18 21:00:00+00:00,-0.038106235565819824,710.92225729178,8.219353715266386e-05,1.0,buy_and_hold
2001-07-19 21:00:00+00:00,0.02376950780312126,727.8205294338895,8.219353715244182e-05,1.0,buy_and_hold
2001-07-20 21:00:00+00:00,-0.023217636022514032,710.92225729178,8.219353715244182e-05,1.0,buy_and_hold
2001-07-23 21:00:00+00:00,-0.024969987995198117,693.1705370616852,0.0002465813210268397,1.0,buy_and_hold
2001-07-24 21:00:00+00:00,-0.011327259295740078,685.3188146522201,8.219353715244182e-05,1.0,buy_and_hold
2001-07-25 21:00:00+00:00,0.008717310087173136,691.2929512681175,8.219353715266386e-05,1.0,buy_and_hold
2001-07-26 21:00:00+00:00,0.014814814814814836,701.5343283239414,8.219353715244182e-05,1.0,buy_and_hold
2001-07-27 21:00:00+00:00,0.020681265206812682,716.042945819692,8.219353715244182e-05,1.0,buy_and_hold
2001-07-30 21:00:00+00:00,-0.005959475566150063,711.7757053797654,0.0002465813210268397,1.0,buy_and_hold
2001-07-31 21:00:00+00:00,0.0014388489208629895,712.7998430853477,8.219353715221978e-05,1.0,buy_and_hold
2001-08-01 21:00:00+00:00,0.0320881226053642,735.6722518433546,8.219353715244182e-05,1.0,buy_and_hold
2001-08-02 21:00:00+00:00,0.018793503480278417,749.4981108687169,8.219353715221978e-05,1.0,buy_and_hold
2001-08-03 21:00:00+00:00,-0.016624914598041496,737.0377687841311,8.219353715244182e-05,1.0,buy_and_hold
2001-08-06 21:00:00+00:00,-0.015748031496062964,725.4308747875307,0.00024658132102706176,1.0,buy_and_hold
2001-08-07 21:00:00+00:00,-0.005176470588235338,721.6757032003952,8.219353715221978e-05,1.0,buy_and_hold
2001-08-08 21:00:00+00:00,-0.04210028382213815,691.2929512681175,8.219353715244182e-05,1.0,buy_and_hold
2001-08-09 21:00:00+00:00,0.004197530864197496,694.1946747672675,8.219353715244182e-05,1.0,buy_and_hold
2001-08-10 21:00:00+00:00,-0.009589377919842601,687.537779680982,8.219353715221978e-05,1.0,buy_and_hold
2001-08-13 21:00:00+00:00,0.020357497517378365,701.5343283239414,0.0002465813210268397,1.0,buy_and_hold
2001-08-14 21:00:00+00:00,-0.012165450121654486,692.9998474440881,8.219353715244182e-05,1.0,buy_and_hold
2001-08-15 21:00:00+00:00,-0.036945812807881784,667.3964048045282,8.219353715244182e-05,1.0,buy_and_hold
2001-08-16 21:00:00+00:00,0.0117647058823529,675.2481272139933,8.219353715221978e-05,1.0,buy_and_hold
2001-08-17 21:00:00+00:00,-0.04550050556117291,644.5239960465213,8.219353715244182e-05,1.0,buy_and_hold
2001-08-20 21:00:00+00:00,0.013771186440677985,653.3998561615688,0.0002465813210268397,1.0,buy_and_hold
2001-08-21 21:00:00+00:00,-0.04153605015673989,626.2602069636353,8.219353715221978e-05,1.0,buy_and_hold
2001-08-22 21:00:00+00:00,0.027255382938130124,643.3291687233418,8.219353715244182e-05,1.0,buy_and_hold
2001-08-23 21:00:00+00:00,-0.009816927566993816,637.0136528722504,8.219353715221978e-05,1.0,buy_and_hold
2001-08-24 21:00:00+00:00,0.05305466237942125,670.8101971564695,8.219353715221978e-05,1.0,buy_and_hold
2001-08-27 21:00:00+00:00,0.0012722646310432406,671.6636452444549,0.0002465813210268397,1.0,buy_and_hold
2001-08-28 21:00:00+00:00,-0.03125794155019068,650.6688222800157,8.219353715244182e-05,1.0,buy_and_hold
2001-08-29 21:00:00+00:00,-0.014690451206715527,641.11020369458,8.219353715244182e-05,1.0,buy_and_hold
2001-08-30 21:00:00+00:00,-0.03700745473908418,617.3843468485878,8.219353715266386e-05,1.0,buy_and_hold
2001-08-31 21:00:00+00:00,0.0,617.3843468485878,8.219353715266386e-05,1.0,buy_and_hold
2001-09-04 21:00:00+00:00,-0.01935305501797069,605.4360736167932,0.00032877521296437173,1.0,buy_and_hold
2001-09-05 21:00:00+00:00,-0.003946997462644597,603.0464189704343,8.219353715221978e-05,1.0,buy_and_hold
2001-09-06 21:00:00+00:00,-0.040475516558165836,578.6378036540539,8.219353715244182e-05,1.0,buy_and_hold
2001-09-07 21:00:00+00:00,-0.005899705014749235,575.2240113021126,8.219353715244182e-05,1.0,buy_and_hold
2001-09-10 21:00:00+00:00,0.011869436201780381,582.0515960059952,0.0002465813210268397,1.0,buy_and_hold
2001-09-17 21:00:00+00:00,-0.08504398826979465,532.5516069028461,0.0005753568887758576,1.0,buy_and_hold
2001-09-18 21:00:00+00:00,-0.022435897435897578,520.6033336710514,8.219353715244182e-05,1.0,buy_and_hold
2001-09-19 21:00:00+00:00,-0.017377049180327897,511.55678393840685,8.219353715221978e-05,1.0,buy_and_hold
2001-09-20 21:00:00+00:00,-0.033366700033366614,494.4878221787003,8.219353715221978e-05,1.0,buy_and_hold
2001-09-21 21:00:00+00:00,-0.02692440455643763,481.17403200612915,8.219353715244182e-05,1.0,buy_and_hold
2001-09-24 21:00:00+00:00,0.05037247250798149,505.41195770491254,0.0002465813210268397,1.0,buy_and_hold
2001-09-25 21:00:00+00:00,0.003039513677811412,506.9481642632861,8.219353715244182e-05,1.0,buy_and_hold
2001-09-26 21:00:00+00:00,-0.034680134680134644,489.36713365078833,8.219353715266386e-05,1.0,buy_and_hold
2001-09-27 21:00:00+00:00,-0.006627136379490861,486.12403091644404,8.219353715244182e-05,1.0,buy_and_hold
2001-09-28 21:00:00+00:00,0.01755617977528101,494.6585117962974,8.219353715244182e-05,1.0,buy_and_hold
2001-10-01 21:00:00+00:00,-0.008626639061421693,490.39127135637074,0.0002465813210268397,1.0,buy_and_hold
2001-10-02 21:00:00+00:00,0.0031326139923424368,491.9274779147443,8.219353715244182e-05,1.0,buy_and_hold
2001-10-03 21:00:00+00:00,0.07564191533657194,529.1378145509047,8.219353715221978e-05,1.0,buy_and_hold
2001-10-04 21:00:00+00:00,0.00967741935483879,534.2585030788167,8.219353715244182e-05,1.0,buy_and_hold
2001-10-05 21:00:00+00:00,0.014696485623003186,542.1102254882818,8.219353715244182e-05,1.0,buy_and_hold
2001-10-08 21:00:00+00:00,0.0031486146095716094,543.8171216642523,0.00024658132102706176,1.0,buy_and_hold
2001-10-09 21:00:00+00:00,-0.02416823603264273,530.6740211092783,8.219353715221978e-05,1.0,buy_and_hold
2001-10-10 21:00:00+00:00,0.04535220328079759,554.7412571904646,8.219353715244182e-05,1.0,buy_and_hold
2001-10-11 21:00:00+00:00,0.06769230769230794,592.2929730618192,8.219353715244182e-05,1.0,buy_and_hold
2001-10-12 21:00:00+00:00,-0.004322766570605485,589.7326287978631,8.219353715221978e-05,1.0,buy_and_hold
2001-10-15 21:00:00+00:00,-0.004341534008682979,587.1722845339071,0.0002465813210268397,1.0,buy_and_hold
2001-10-16 21:00:00+00:00,0.016279069767441978,596.7309031193429,8.219353715244182e-05,1.0,buy_and_hold
2001-10-17 21:00:00+00:00,-0.07179633867276891,553.8878091024793,8.219353715266386e-05,1.0,buy_and_hold
2001-10-18 21:00:00+00:00,0.027118644067796405,568.908495451021,8.219353715266386e-05,1.0,buy_and_hold
2001-10-19 21:00:00+00:00,0.0066006600660066805,572.6636670381565,8.219353715221978e-05,1.0,buy_and_hold
2001-10-22 21:00:00+00:00,0.026825633383010583,588.0257326218925,0.00024658132102706176,1.0,buy_and_hold
2001-10-23 21:00:00+00:00,0.005224963715529718,591.0981457386397,8.219353715244182e-05,1.0,buy_and_hold
2001-10-24 21:00:00+00:00,0.021657522379439742,603.8998670584197,8.219353715288591e-05,1.0,buy_and_hold
2001-10-25 21:00:00+00:00,0.04013566986998307,628.137792757203,8.219353715221978e-05,1.0,buy_and_hold
2001-10-26 21:00:00+00:00,-0.021467391304347938,614.6533129670347,8.219353715244182e-05,1.0,buy_and_hold
2001-10-29 22:00:00+00:00,-0.05470702582615938,581.0274583004127,0.0002500060665242554,1.0,buy_and_hold
2001-10-30 22:00:00+00:00,-0.019388954171562722,569.7619435390064,8.219353715221978e-05,1.0,buy_and_hold
2001-10-31 22:00:00+00:00,0.015578190533253489,578.6378036540539,8.219353715244182e-05,1.0,buy_and_hold
2001-11-01 22:00:00+00:00,0.0424778761061948,603.2171085880315,8.219353715288591e-05,1.0,buy_and_hold
2001-11-02 22:00:00+00:00,0.007357102433503071,607.6550386455551,8.219353715244182e-05,1.0,buy_and_hold
2001-11-05 22:00:00+00:00,0.03258426966292127,627.4550342868147,0.00024658132102661767,1.0,buy_and_hold
2001-11-06 22:00:00+00:00,0.038900979325353635,651.8636496031951,8.219353715244182e-05,1.0,buy_and_hold
2001-11-07 22:00:00+00:00,-0.0013092432573971191,651.0102015152098,8.219353715244182e-05,1.0,buy_and_hold
2001-11-08 22:00:00+00:00,-0.010225485055060268,644.3533064289243,8.219353715244182e-05,1.0,buy_and_hold
2001-11-09 22:00:00+00:00,-0.0005298013245033095,644.0119271937301,8.219353715266386e-05,1.0,buy_and_hold
2001-11-12 22:00:00+00:00,0.007156109196925664,648.620546868851,0.0002465813210268397,1.0,buy_and_hold
2001-11-13 22:00:00+00:00,0.03578947368421059,671.834334862052,8.219353715244182e-05,1.0,buy_and_hold
2001-11-14 22:00:00+00:00,0.007113821138211351,676.6136441547698,8.219353715221978e-05,1.0,buy_and_hold
2001-11-15 22:00:00+00:00,-0.00403632694248246,673.8826102732166,8.219353715221978e-05,1.0,buy_and_hold
2001-11-16 22:00:00+00:00,-0.002786220871327294,672.0050244796489,8.219353715199773e-05,1.0,buy_and_hold
2001-11-19 22:00:00+00:00,0.02844805689611385,691.1222616505204,0.0002465813210268397,1.0,buy_and_hold
2001-11-20 22:00:00+00:00,-0.04618424302296875,659.2033031598689,8.219353715221978e-05,1.0,buy_and_hold
2001-11-21 22:00:00+00:00,0.0005178663904714664,659.5446823950632,8.219353715221978e-05,1.0,buy_and_hold
2001-11-23 22:00:00+00:00,0.016563146997929712,670.4688179212754,0.00016438734991108817,1.0,buy_and_hold
2001-11-26 22:00:00+00:00,0.024694501018329706,687.0257108281908,0.0002465813210268397,1.0,buy_and_hold
2001-11-27 22:00:00+00:00,-0.001242236024844634,686.1722627402055,8.219353715199773e-05,1.0,buy_and_hold
2001-11-28 22:00:00+00:00,-0.03606965174129362,661.4222681886308,8.219353715333e-05,1.0,buy_and_hold
2001-11-29 22:00:00+00:00,0.030967741935483906,681.9050223002788,8.219353715221978e-05,1.0,buy_and_hold
2001-11-30 22:00:00+00:00,-0.007509386733416723,676.7843337723668,8.219353715266386e-05,1.0,buy_and_hold
2001-12-03 22:00:00+00:00,-0.017150063051702524,665.1774397757663,0.0002465813210268397,1.0,buy_and_hold
2001-12-04 22:00:00+00:00,0.0477290223248652,696.9257086488205,8.219353715244182e-05,1.0,buy_and_hold
2001-12-05 22:00:00+00:00,0.04947342640215524,731.4050114034279,8.219353715244182e-05,1.0,buy_and_hold
2001-12-06 22:00:00+00:00,0.0014002333722287208,732.4291491090103,8.219353715266386e-05,1.0,buy_and_hold
2001-12-07 22:00:00+00:00,-0.02749941738522499,712.2877742325564,8.219353715244182e-05,1.0,buy_and_hold
2001-12-10 22:00:00+00:00,-0.01749341001677429,699.8274321479707,0.0002465813210268397,1.0,buy_and_hold
2001-12-11 22:00:00+00:00,0.0056097560975607585,703.7532933527032,8.219353715221978e-05,1.0,buy_and_hold
2001-12-12 22:00:00+00:00,0.008003880669415597,709.3860507334065,8.219353715221978e-05,1.0,buy_and_hold
2001-12-13 22:00:00+00:00,-0.043310875842156094,678.6619195659345,8.219353715221978e-05,1.0,buy_and_hold
2001-12-14 22:00:00+00:00,0.008802816901408494,684.6360561818318,8.219353715244182e-05,1.0,buy_and_hold
2001-12-17 22:00:00+00:00,0.01720269259536278,696.4136397960293,0.00024658132102661767,1.0,buy_and_hold
2001-12-18 22:00:00+00:00,0.011274509803921529,704.2653622054944,8.219353715310795e-05,1.0,buy_and_hold
2001-12-19 22:00:00+00:00,-0.018177411536597243,691.4636408857144,8.219353715221978e-05,1.0,buy_and_hold
2001-12-20 22:00:00+00:00,-0.04245865218464573,662.1050266590191,8.219353715310795e-05,1.0,buy_and_hold
2001-12-21 22:00:00+00:00,0.017788089713843602,673.8826102732166,8.219353715199773e-05,1.0,buy_and_hold
2001-12-24 22:00:00+00:00,-0.00405268490374866,671.1515763916636,0.00024658124184151475,1.0,buy_and_hold
2001-12-26 22:00:00+00:00,0.009409969481180003,677.467092242755,0.00016438742908952975,1.0,buy_and_hold
2001-12-27 22:00:00+00:00,0.008062484252960411,682.9291600058611,8.219353715244182e-05,1.0,buy_and_hold
2001-12-28 22:00:00+00:00,0.00799800049987498,688.3912277689673,8.219353715221978e-05,1.0,buy_and_hold
2001-12-31 22:00:00+00:00,-0.03520952144805367,664.1533020701838,0.00024658132102750585,1.0,buy_and_hold
2002-01-02 22:00:00+00:00,0.03084040092521212,684.6360561818318,0.00016438742908997384,1.0,buy_and_hold
2002-01-03 22:00:00+00:00,0.034654699576165626,708.361913027824,8.219353715244182e-05,1.0,buy_and_hold
2002-01-04 22:00:00+00:00,0.0040963855421687345,711.2636365269742,8.219353715221978e-05,1.0,buy_and_hold
2002-01-07 22:00:00+00:00,-0.0110391168706504,703.4119141175091,0.0002465813210268397,1.0,buy_and_hold
2002-01-08 22:00:00+00:00,0.006794467362290835,708.191223410227,8.219353715244182e-05,1.0,buy_and_hold
2002-01-09 22:00:00+00:00,-0.009158833453844384,701.7050179415385,8.219353715266386e-05,1.0,buy_and_hold
2002-01-10 22:00:00+00:00,0.0065677450741912224,706.3136376166593,8.219353715221978e-05,1.0,buy_and_hold
2002-01-11 22:00:00+00:00,-0.012808119864668899,697.2670878840148,8.219353715199773e-05,1.0,buy_and_hold
2002-01-14 22:00:00+00:00,-0.021787025703794427,682.0757119178759,0.0002465813210268397,1.0,buy_and_hold
2002-01-15 22:00:00+00:00,0.009509509509509684,688.5619173865645,8.219353715266386e-05,1.0,buy_and_hold
2002-01-16 22:00:00+00:00,-0.038671294000991674,661.934337041422,8.219353715221978e-05,1.0,buy_and_hold
2002-01-17 22:00:00+00:00,0.02243424445590514,676.7843337723668,8.219353715244182e-05,1.0,buy_and_hold
2002-01-18 22:00:00+00:00,-0.026733921815889072,658.6912343070778,8.219353715244182e-05,1.0,buy_and_hold
2002-01-22 22:00:00+00:00,-0.03083700440528636,638.3791698130269,0.0003287752129645938,1.0,buy_and_hold
2002-01-23 22:00:00+00:00,0.0275401069518717,655.9602004255247,8.219353715266386e-05,1.0,buy_and_hold
2002-01-24 22:00:00+00:00,0.013270882123341154,664.6653709229751,8.219353715266386e-05,1.0,buy_and_hold
2002-01-25 22:00:00+00:00,-0.0028248587570621764,662.7877851294073,8.219353715266386e-05,1.0,buy_and_hold
2002-01-28 22:00:00+00:00,0.0056657223796034994,666.5429567165428,0.00024658132102706176,1.0,buy_and_hold
2002-01-29 22:00:00+00:00,-0.027400768245838703,648.2791676336567,8.219353715199773e-05,1.0,buy_and_hold
2002-01-30 22:00:00+00:00,0.00763559768299138,653.2291665439718,8.219353715244182e-05,1.0,buy_and_hold
2002-01-31 22:00:00+00:00,0.006271230729030242,657.3257173663012,8.219353715199773e-05,1.0,buy_and_hold
2002-02-01 22:00:00+00:00,-0.009607894053492494,651.0102015152098,8.219353715244182e-05,1.0,buy_and_hold
2002-02-04 22:00:00+00:00,-0.03198741478762446,630.1860681683678,0.0002465813210268397,1.0,buy_and_hold
2002-02-05 22:00:00+00:00,-0.016522210184181985,619.7740014949468,8.219353715221978e-05,1.0,buy_and_hold
2002-02-06 22:00:00+00:00,-0.006885155604516524,615.5067610550202,8.219353715266386e-05,1.0,buy_and_hold
2002-02-07 22:00:00+00:00,-0.024126455906822164,600.6567643240753,8.219353715244182e-05,1.0,buy_and_hold
2002-02-08 22:00:00+00:00,0.027848820687695452,617.3843468485878,8.219353715221978e-05,1.0,buy_and_hold
2002-02-11 22:00:00+00:00,0.012717721868952259,625.2360692580529,0.00024658132102706176,1.0,buy_and_hold
2002-02-12 22:00:00+00:00,-0.008190008190008369,620.1153807301408,8.219353715244182e-05,1.0,buy_and_hold
2002-02-13 22:00:00+00:00,0.017065785851913207,630.698137021159,8.219353715221978e-05,1.0,buy_and_hold
2002-02-14 22:00:00+00:00,-0.0018944519621109102,629.5033096979796,8.219353715221978e-05,1.0,buy_and_hold
2002-02-15 22:00:00+00:00,-0.029826464208243086,610.7274517623023,8.219353715244182e-05,1.0,buy_and_hold
2002-02-19 22:00:00+00:00,-0.030743432084963773,591.951593826625,0.0003287752129641497,1.0,buy_and_hold
2002-02-20 22:00:00+00:00,0.013552479815455598,599.9740058536871,8.219353715244182e-05,1.0,buy_and_hold
2002-02-21 22:00:00+00:00,-0.04751066856330033,571.468839714977,8.219353715199773e-05,1.0,buy_and_hold
2002-02-22 22:00:00+00:00,0.005077658303464849,574.3705632141272,8.219353715221978e-05,1.0,buy_and_hold
2002-02-25 22:00:00+00:00,0.04041604754829131,597.5843512073282,0.00024658132102706176,1.0,buy_and_hold
2002-02-26 22:00:00+00:00,-0.0037132247929161366,595.3653861785664,8.219353715244182e-05,1.0,buy_and_hold
2002-02-27 22:00:00+00:00,-0.013761467889908396,587.1722845339071,8.219353715244182e-05,1.0,buy_and_hold
2002-02-28 22:00:00+00:00,-0.018023255813953476,576.5895282428891,8.219353715244182e-05,1.0,buy_and_hold
2002-03-01 22:00:00+00:00,0.05802249851983432,610.0446932919141,8.219353715266386e-05,1.0,buy_and_hold
2002-03-04 22:00:00+00:00,0.039451594851706684,634.1119293731003,0.0002465813210261736,1.0,buy_and_hold
2002-03-05 22:00:00+00:00,0.007267833109017463,638.7205490482211,8.219353715288591e-05,1.0,buy_and_hold
2002-03-06 22:00:00+00:00,0.004810261892036483,641.7929621649683,8.219353715244182e-05,1.0,buy_and_hold
2002-03-07 22:00:00+00:00,0.0021276595744681437,643.1584791057448,8.219353715244182e-05,1.0,buy_and_hold
2002-03-08 22:00:00+00:00,0.026273885350318382,660.0567512478543,8.219353715244182e-05,1.0,buy_and_hold
2002-03-11 22:00:00+00:00,-0.003620377553659071,657.6670966014955,0.0002465813210272838,1.0,buy_and_hold
2002-03-12 22:00:00+00:00,-0.013755515182974354,648.620546868851,8.219353715266386e-05,1.0,buy_and_hold
2002-03-13 22:00:00+00:00,-0.02421052631578957,632.9171020499208,8.219353715244182e-05,1.0,buy_and_hold
2002-03-14 22:00:00+00:00,-0.0059331175836030425,629.1619304627853,8.219353715221978e-05,1.0,buy_and_hold
2002-03-15 22:00:00+00:00,0.010037981551817676,635.4774463138768,8.219353715244182e-05,1.0,buy_and_hold
2002-03-18 22:00:00+00:00,0.005640612409347323,639.0619282834152,0.00024658132102661767,1.0,buy_and_hold
2002-03-19 22:00:00+00:00,-0.0016025641025639858,638.0377905778329,8.219353715199773e-05,1.0,buy_and_hold
2002-03-20 22:00:00+00:00,-0.035313001605136396,615.5067610550202,8.219353715244182e-05,1.0,buy_and_hold
2002-03-21 22:00:00+00:00,0.02662229617304468,631.8929643443385,8.219353715266386e-05,1.0,buy_and_hold
2002-03-22 22:00:00+00:00,-0.009184224743381986,626.0895173460382,8.219353715221978e-05,1.0,buy_and_hold
2002-03-25 22:00:00+00:00,-0.030534351145038108,606.9722801751668,0.00024658132102661767,1.0,buy_and_hold
2002-03-26 22:00:00+00:00,0.009280089988751516,612.60503755587,8.219353715199773e-05,1.0,buy_and_hold
2002-03-27 22:00:00+00:00,-0.00780161604903884,607.8257282631521,8.219353715244182e-05,1.0,buy_and_hold
2002-03-28 22:00:00+00:00,0.012636899747262342,615.5067610550202,8.219353715244182e-05,1.0,buy_and_hold
2002-04-01 22:00:00+00:00,0.019134775374376023,627.2843446692177,0.0003287752129641497,1.0,buy_and_hold
2002-04-02 22:00:00+00:00,-0.04517006802721091,598.9498681481048,8.219353715244182e-05,1.0,buy_and_hold
2002-04-03 22:00:00+00:00,-0.0017098888572243398,597.9257304425223,8.219353715199773e-05,1.0,buy_and_hold
2002-04-04 22:00:00+00:00,-0.007707679132172518,593.3171107674015,8.219353715221978e-05,1.0,buy_and_hold
2002-04-05 22:00:00+00:00,-0.011219792865362455,586.6602156811159,8.219353715244182e-05,1.0,buy_and_hold
2002-04-08 21:00:00+00:00,0.012510910677916875,593.9998692377898,0.0002431565755296461,1.0,buy_and_hold
2002-04-09 21:00:00+00:00,-0.034770114942528685,573.3464255085448,8.219353715221978e-05,1.0,buy_and_hold
2002-04-10 21:00:00+00:00,0.007442691277165903,577.6136659484715,8.219353715266386e-05,1.0,buy_and_hold
2002-04-11 21:00:00+00:00,-0.024822695035461195,563.2757380703179,8.219353715244182e-05,1.0,buy_and_hold
2002-04-12 21:00:00+00:00,0.01575757575757586,572.1515981853654,8.219353715221978e-05,1.0,buy_and_hold
2002-04-15 21:00:00+00:00,0.008054892601431884,576.7602178604861,0.0002465813210268397,1.0,buy_and_hold
2002-04-16 21:00:00+00:00,0.04172832198875409,600.8274539416725,8.219353715244182e-05,1.0,buy_and_hold
2002-04-17 21:00:00+00:00,-0.005113636363636265,597.7550408249253,8.219353715244182e-05,1.0,buy_and_hold
2002-04-18 21:00:00+00:00,-0.01913192461450608,586.3188364459219,8.219353715244182e-05,1.0,buy_and_hold
2002-04-19 21:00:00+00:00,0.003202328966521062,588.1964222394896,8.219353715266386e-05,1.0,buy_and_hold
2002-04-22 21:00:00+00:00,-0.025246662797446362,573.3464255085448,0.0002465813210272838,1.0,buy_and_hold
2002-04-23 21:00:00+00:00,-0.017267043763024792,563.4464276879149,8.219353715221978e-05,1.0,buy_and_hold
2002-04-24 21:00:00+00:00,-0.015449863677673425,554.7412571904646,8.219353715266386e-05,1.0,buy_and_hold
2002-04-25 21:00:00+00:00,-0.002461538461538404,553.3757402496881,8.219353715244182e-05,1.0,buy_and_hold
2002-04-26 21:00:00+00:00,-0.04256631708821723,529.820573021293,8.219353715221978e-05,1.0,buy_and_hold
2002-04-29 21:00:00+00:00,0.002577319587629079,531.1860899620696,0.00024658132102661767,1.0,buy_and_hold
2002-04-30 21:00:00+00:00,0.0196015424164524,541.5981566354906,8.219353715288591e-05,1.0,buy_and_hold
2002-05-01 21:00:00+00:00,-0.005357705641348964,538.6964331363404,8.219353715244182e-05,1.0,buy_and_hold
2002-05-02 21:00:00+00:00,-0.033269961977186346,520.7740232886484,8.219353715199773e-05,1.0,buy_and_hold
2002-05-03 21:00:00+00:00,-0.02523762700753851,507.63092273367437,8.219353715221978e-05,1.0,buy_and_hold
2002-05-06 21:00:00+00:00,-0.025891055817081288,494.4878221787003,0.0002465813210268397,1.0,buy_and_hold
2002-05-07 21:00:00+00:00,-0.009319986192613094,489.8792025035795,8.219353715244182e-05,1.0,buy_and_hold
2002-05-08 21:00:00+00:00,0.10696864111498261,542.2809151058788,8.219353715221978e-05,1.0,buy_and_hold
2002-05-09 21:00:00+00:00,-0.025810513062637708,528.2843664629194,8.219353715221978e-05,1.0,buy_and_hold
2002-05-10 21:00:00+00:00,-0.044911147011308605,504.55850961692715,8.219353715266386e-05,1.0,buy_and_hold
2002-05-13 21:00:00+00:00,0.040595399188092074,525.0412637285751,0.00024658132102794994,1.0,buy_and_hold
2002-05-14 21:00:00+00:00,0.05884265279583878,555.9360845136441,8.219353715221978e-05,1.0,buy_and_hold
2002-05-15 21:00:00+00:00,0.00736874424316869,560.0326353359737,8.219353715221978e-05,1.0,buy_and_hold
2002-05-16 21:00:00+00:00,0.0015239256324290906,560.886083423959,8.219353715221978e-05,1.0,buy_and_hold
2002-05-17 21:00:00+00:00,0.002130249543517815,562.0809107471384,8.219353715244182e-05,1.0,buy_and_hold
2002-05-20 21:00:00+00:00,-0.02186456119040392,549.7912582801497,0.0002465813210268397,1.0,buy_and_hold
2002-05-21 21:00:00+00:00,-0.02732070785470364,534.7705719316078,8.219353715244182e-05,1.0,buy_and_hold
2002-05-22 21:00:00+00:00,0.002234280242579212,535.9653992547874,8.219353715288591e-05,1.0,buy_and_hold
2002-05-23 21:00:00+00:00,0.020063694267515864,546.7188451634025,8.219353715221978e-05,1.0,buy_and_hold
2002-05-24 21:00:00+00:00,-0.02466437714642533,533.2343653732343,8.219353715244182e-05,1.0,buy_and_hold
2002-05-28 21:00:00+00:00,-0.00448143405889867,530.8447107268754,0.00032877521296392764,1.0,buy_and_hold
2002-05-29 21:00:00+00:00,-0.02636655948553046,516.848162083916,8.219353715244182e-05,1.0,buy_and_hold
2002-05-30 21:00:00+00:00,0.00858652575957719,521.2860921414397,8.219353715221978e-05,1.0,buy_and_hold
2002-05-31 21:00:00+00:00,-0.016371971185330625,512.7516112615864,8.219353715244182e-05,1.0,buy_and_hold
2002-06-03 21:00:00+00:00,-0.035286284953395475,494.6585117962974,0.00024658132102706176,1.0,buy_and_hold
2002-06-04 21:00:00+00:00,0.013112491373360902,501.14471726498584,8.219353715244182e-05,1.0,buy_and_hold
2002-06-05 21:00:00+00:00,0.01021798365122617,506.26540579289787,8.219353715266386e-05,1.0,buy_and_hold
2002-06-06 21:00:00+00:00,-0.02629804450438311,492.95161562032666,8.219353715244182e-05,1.0,buy_and_hold
2002-06-07 21:00:00+00:00,-0.020083102493074656,483.0516177996969,8.219353715244182e-05,1.0,buy_and_hold
2002-06-10 21:00:00+00:00,-0.0017667844522968323,482.19816971171156,0.00024658132102661767,1.0,buy_and_hold
2002-06-11 21:00:00+00:00,-0.027964601769911557,468.71368992154333,8.219353715288591e-05,1.0,buy_and_hold
2002-06-12 21:00:00+00:00,0.01456664238892924,475.54127462542596,8.219353715244182e-05,1.0,buy_and_hold
2002-06-13 21:00:00+00:00,-0.006460875807609456,472.4688615086788,8.219353715221978e-05,1.0,buy_and_hold
2002-06-14 21:00:00+00:00,-0.0021676300578035157,471.4447238030964,8.219353715244182e-05,1.0,buy_and_hold
2002-06-17 21:00:00+00:00,0.034033309196234596,487.48954785722054,0.0002465813210268397,1.0,buy_and_hold
2002-06-18 21:00:00+00:00,0.016106442577030977,495.3412702666856,8.219353715266386e-05,1.0,buy_and_hold
2002-06-19 21:00:00+00:00,-0.05789110957960031,466.6654145103785,8.219353715221978e-05,1.0,buy_and_hold
2002-06-20 21:00:00+00:00,-0.03218727139722022,451.6447281618367,8.219353715199773e-05,1.0,buy_and_hold
2002-06-21 21:00:00+00:00,-0.024187452758881345,440.7205926356245,8.219353715288591e-05,1.0,buy_and_hold
2002-06-24 21:00:00+00:00,0.019752130131680756,449.42576313307484,0.00024658132102706176,1.0,buy_and_hold
2002-06-25 21:00:00+00:00,-0.03304215723509296,434.5757664021301,8.219353715244182e-05,1.0,buy_and_hold
2002-06-26 21:00:00+00:00,0.00746268656716409,437.81886913647435,8.219353715288591e-05,1.0,buy_and_hold
2002-06-27 21:00:00+00:00,0.02183235867446398,447.3774877219101,8.219353715244182e-05,1.0,buy_and_hold
2002-06-28 21:00:00+00:00,-0.004196871423120974,445.49990192834235,8.219353715221978e-05,1.0,buy_and_hold
2002-07-01 21:00:00+00:00,-0.04789272030651337,424.1636997287091,0.0002465813210268397,1.0,buy_and_hold
2002-07-02 21:00:00+00:00,-0.03621730382293764,408.80163414497315,8.219353715221978e-05,1.0,buy_and_hold
2002-07-03 21:00:00+00:00,0.03340292275574108,422.45680355273845,8.219353715244182e-05,1.0,buy_and_hold
2002-07-05 21:00:00+00:00,0.06424242424242421,449.5964527506719,0.00016438734991108817,1.0,buy_and_hold
2002-07-08 21:00:00+00:00,-0.036446469248291646,433.21024946135356,0.0002465813210272838,1.0,buy_and_hold
2002-07-09 21:00:00+00:00,-0.028368794326241065,420.9205969943648,8.219353715221978e-05,1.0,buy_and_hold
2002-07-10 21:00:00+00:00,-0.03081914030819144,407.94818605698777,8.219353715199773e-05,1.0,buy_and_hold
2002-07-11 21:00:00+00:00,0.03765690376569064,423.3102516407238,8.219353715266386e-05,1.0,buy_and_hold
2002-07-12 21:00:00+00:00,0.0,423.3102516407238,8.219353715266386e-05,1.0,buy_and_hold
2002-07-15 21:00:00+00:00,0.031048387096774155,436.45335219569785,0.00024658132102706176,1.0,buy_and_hold
2002-07-16 21:00:00+00:00,-0.014861165428236123,429.9671467270094,8.219353715244182e-05,1.0,buy_and_hold
2002-07-17 21:00:00+00:00,0.018261214767764766,437.81886913647435,8.219353715266386e-05,1.0,buy_and_hold
2002-07-18 21:00:00+00:00,-0.03586744639376216,422.1154243175443,8.219353715177569e-05,1.0,buy_and_hold
2002-07-19 21:00:00+00:00,-0.029923170238576602,409.4843926153614,8.219353715244182e-05,1.0,buy_and_hold
2002-07-22 21:00:00+00:00,-0.02459358065860784,399.4137051771345,0.00024658132102661767,1.0,buy_and_hold
2002-07-23 21:00:00+00:00,-0.042735042735042805,382.3447434174279,8.219353715244182e-05,1.0,buy_and_hold
2002-07-24 21:00:00+00:00,0.054464285714285854,403.16887676427,8.219353715221978e-05,1.0,buy_and_hold
2002-07-25 21:00:00+00:00,-0.05800169348010176,379.7843991534719,8.219353715244182e-05,1.0,buy_and_hold
2002-07-26 21:00:00+00:00,0.018876404494382104,386.9533630925487,8.219353715221978e-05,1.0,buy_and_hold
2002-07-29 21:00:00+00:00,0.05116894574327291,406.75335873380834,0.0002465813210268397,1.0,buy_and_hold
2002-07-30 21:00:00+00:00,0.02014267729752417,414.9464603784675,8.219353715221978e-05,1.0,buy_and_hold
2002-07-31 21:00:00+00:00,-0.018922254216371837,407.0947379690025,8.219353715266386e-05,1.0,buy_and_hold
2002-08-01 21:00:00+00:00,-0.04696016771488476,387.9775007981311,8.219353715199773e-05,1.0,buy_and_hold
2002-08-02 21:00:00+00:00,-0.02111746590409158,379.7843991534719,8.219353715244182e-05,1.0,buy_and_hold
2002-08-05 21:00:00+00:00,-0.03640449438202242,365.9585401281096,0.00024658132102639563,1.0,buy_and_hold
2002-08-06 21:00:00+00:00,0.04944029850746268,384.0516395933986,8.219353715244182e-05,1.0,buy_and_hold
2002-08-07 21:00:00+00:00,0.013333333333333197,389.17232812131056,8.219353715244182e-05,1.0,buy_and_hold
2002-08-08 21:00:00+00:00,0.03377192982456134,402.3154286762846,8.219353715266386e-05,1.0,buy_and_hold
2002-08-09 21:00:00+00:00,-0.010182435299109116,398.218877853955,8.219353715244182e-05,1.0,buy_and_hold
2002-08-12 21:00:00+00:00,0.0030004286326619223,399.4137051771345,0.0002465813210268397,1.0,buy_and_hold
2002-08-13 21:00:00+00:00,-0.03418803418803407,385.75853576936925,8.219353715221978e-05,1.0,buy_and_hold
2002-08-14 21:00:00+00:00,0.06371681415929187,410.3378407033467,8.219353715266386e-05,1.0,buy_and_hold
2002-08-15 21:00:00+00:00,0.020382695507487503,418.701631965603,8.219353715221978e-05,1.0,buy_and_hold
2002-08-16 21:00:00+00:00,0.006930289441500204,421.60335546475307,8.219353715221978e-05,1.0,buy_and_hold
2002-08-19 21:00:00+00:00,0.02429149797570851,431.84473252057705,0.0002465813210272838,1.0,buy_and_hold
2002-08-20 21:00:00+00:00,-0.004347826086956386,429.9671467270094,8.219353715221978e-05,1.0,buy_and_hold
2002-08-21 21:00:00+00:00,0.022231044065105232,439.52576531244506,8.219353715221978e-05,1.0,buy_and_hold
2002-08-22 21:00:00+00:00,0.015922330097087434,446.52403963392476,8.219353715288591e-05,1.0,buy_and_hold
2002-08-23 21:00:00+00:00,-0.038608562691131554,429.28438825662107,8.219353715199773e-05,1.0,buy_and_hold
2002-08-26 21:00:00+00:00,0.003976143141153132,430.9912844325917,0.00024658132102661767,1.0,buy_and_hold
2002-08-27 21:00:00+00:00,-0.03485148514851488,415.9705980840499,8.219353715244182e-05,1.0,buy_and_hold
2002-08-28 21:00:00+00:00,-0.03652031185884286,400.77922211791105,8.219353715244182e-05,1.0,buy_and_hold
2002-08-29 21:00:00+00:00,0.01320272572402037,406.0706002634201,8.219353715244182e-05,1.0,buy_and_hold
2002-08-30 21:00:00+00:00,-0.012610340479193072,400.94991173550807,8.219353715244182e-05,1.0,buy_and_hold
2002-09-03 21:00:00+00:00,-0.03618561089825445,386.4412942397575,0.0003287752129641497,1.0,buy_and_hold
2002-09-04 21:00:00+00:00,0.003975265017667873,387.9775007981311,8.219353715244182e-05,1.0,buy_and_hold
2002-09-05 21:00:00+00:00,-0.024637043554773252,378.41888221269545,8.219353715244182e-05,1.0,buy_and_hold
2002-09-06 21:00:00+00:00,0.03067207938655825,390.0257762092959,8.219353715221978e-05,1.0,buy_and_hold
2002-09-09 21:00:00+00:00,0.010065645514223176,393.95163741402837,0.00024658132102661767,1.0,buy_and_hold
2002-09-10 21:00:00+00:00,0.02469670710571914,403.6809456170611,8.219353715310795e-05,1.0,buy_and_hold
2002-09-11 21:00:00+00:00,-0.008456659619450302,400.2671532651198,8.219323807412415e-05,1.0,buy_and_hold
2002-09-12 21:00:00+00:00,-0.02729211087420047,389.3430177389076,8.219353715221978e-05,1.0,buy_and_hold
2002-09-13 21:00:00+00:00,0.007891275756247262,392.4154308556548,8.219353715199773e-05,1.0,buy_and_hold
2002-09-16 21:00:00+00:00,-0.014354066985645786,386.78267347495165,0.0002465813210268397,1.0,buy_and_hold
2002-09-17 21:00:00+00:00,-0.02118270079435125,378.58957183029247,8.219353715288591e-05,1.0,buy_and_hold
2002-09-18 21:00:00+00:00,-0.011271415689810604,374.32233139036583,8.219353715266386e-05,1.0,buy_and_hold
2002-09-19 21:00:00+00:00,-0.015959872321021584,368.3481947744685,8.219353715221978e-05,1.0,buy_and_hold
2002-09-20 21:00:00+00:00,0.004170528266913998,369.8844013328421,8.219353715266386e-05,1.0,buy_and_hold
2002-09-23 21:00:00+00:00,-0.029995385325334634,358.7895761890328,0.0002465813210272838,1.0,buy_and_hold
2002-09-24 21:00:00+00:00,0.0004757373929591413,358.9602658066299,8.219353715221978e-05,1.0,buy_and_hold
2002-09-25 21:00:00+00:00,0.0399429386590584,373.2981936847834,8.219353715221978e-05,1.0,buy_and_hold
2002-09-26 21:00:00+00:00,-0.012345679012345734,368.68957400966264,8.219353715177569e-05,1.0,buy_and_hold
2002-09-27 21:00:00+00:00,-0.013425925925926063,363.7395750993477,8.219353715199773e-05,1.0,buy_and_hold
2002-09-30 21:00:00+00:00,-0.027686532144533094,353.6688876611208,0.00024658132102706176,1.0,buy_and_hold
2002-10-01 21:00:00+00:00,0.06081081081081097,375.17577947835116,8.219353715221978e-05,1.0,buy_and_hold
2002-10-02 21:00:00+00:00,-0.033212010919017265,362.71543739376534,8.219353715244182e-05,1.0,buy_and_hold
2002-10-03 21:00:00+00:00,-0.024000000000000132,354.01026689631493,8.219353715266386e-05,1.0,buy_and_hold
2002-10-04 21:00:00+00:00,-0.018804243008678778,347.3533718100294,8.219353715288591e-05,1.0,buy_and_hold
2002-10-07 21:00:00+00:00,-0.009336609336609403,344.1102690756851,0.00024658132102706176,1.0,buy_and_hold
2002-10-08 21:00:00+00:00,0.001984126984126977,344.79302754607335,8.219353715221978e-05,1.0,buy_and_hold
2002-10-09 21:00:00+00:00,-0.006930693069306826,342.40337289971444,8.219353715244182e-05,1.0,buy_and_hold
2002-10-10 21:00:00+00:00,0.05084745762711851,359.81371389461515,8.219353715244182e-05,1.0,buy_and_hold
2002-10-11 21:00:00+00:00,0.054079696394687016,379.2723303006807,8.219353715221978e-05,1.0,buy_and_hold
2002-10-14 21:00:00+00:00,0.011701170117011772,383.71026035820444,0.00024658132102750585,1.0,buy_and_hold
2002-10-15 21:00:00+00:00,0.04804270462633453,402.14473905868755,8.219353715221978e-05,1.0,buy_and_hold
2002-10-16 21:00:00+00:00,-0.03310696095076382,388.83094888611646,8.219353715221978e-05,1.0,buy_and_hold
2002-10-17 21:00:00+00:00,0.03380158033362601,401.97404944109053,8.219353715244182e-05,1.0,buy_and_hold
2002-10-18 21:00:00+00:00,0.01104033970275986,406.4119794986142,8.219353715244182e-05,1.0,buy_and_hold
2002-10-21 21:00:00+00:00,0.020159596808063895,414.60508114327337,0.0002465813210268397,1.0,buy_and_hold
2002-10-22 21:00:00+00:00,-0.006175380815150233,412.0447368793174,8.219353715199773e-05,1.0,buy_and_hold
2002-10-23 21:00:00+00:00,0.01905550952775492,419.89645928878247,8.219353715244182e-05,1.0,buy_and_hold
2002-10-24 21:00:00+00:00,-0.025203252032520274,409.3137029977644,8.219353715244182e-05,1.0,buy_and_hold
2002-10-25 21:00:00+00:00,0.030025020850708684,421.60335546475307,8.219353715244182e-05,1.0,buy_and_hold
2002-10-28 22:00:00+00:00,-0.008502024291497934,418.0188734952147,0.0002500060665242554,1.0,buy_and_hold
2002-10-29 22:00:00+00:00,-0.023274806043282803,408.289565292182,8.219353715221978e-05,1.0,buy_and_hold
2002-10-30 22:00:00+00:00,0.026755852842809347,419.21370081839416,8.219353715333e-05,1.0,buy_and_hold
2002-10-31 22:00:00+00:00,-0.0004071661237784463,419.04301120079714,8.219353715221978e-05,1.0,buy_and_hold
2002-11-01 22:00:00+00:00,0.02851323828920571,430.9912844325917,8.219353715244182e-05,1.0,buy_and_hold
2002-11-04 22:00:00+00:00,0.025742574257425765,442.086109576401,0.00024658132102661767,1.0,buy_and_hold
2002-11-05 22:00:00+00:00,0.007722007722007929,445.49990192834235,8.219353715266386e-05,1.0,buy_and_hold
2002-11-06 22:00:00+00:00,0.014176245210727911,451.81541777943374,8.219353715221978e-05,1.0,buy_and_hold
2002-11-07 22:00:00+00:00,-0.035134114091424196,435.9412833429066,8.219353715288591e-05,1.0,buy_and_hold
2002-11-08 22:00:00+00:00,-0.018402505873140074,427.91887131584457,8.219353715199773e-05,1.0,buy_and_hold
2002-11-11 22:00:00+00:00,-0.03031511767052264,414.9464603784675,0.00024658132102706176,1.0,buy_and_hold
2002-11-12 22:00:00+00:00,0.025503907856849084,425.5292166694856,8.219353715266386e-05,1.0,buy_and_hold
2002-11-13 22:00:00+00:00,0.012033694344163681,430.64990519739763,8.219353715221978e-05,1.0,buy_and_hold
2002-11-14 22:00:00+00:00,0.0344827586206895,445.49990192834235,8.219353715221978e-05,1.0,buy_and_hold
2002-11-15 22:00:00+00:00,0.013026819923371624,451.3033489266426,8.219353715244182e-05,1.0,buy_and_hold
2002-11-18 22:00:00+00:00,-0.014750378214826054,444.646453840357,0.00024658132102661767,1.0,buy_and_hold
2002-11-19 22:00:00+00:00,-0.015355086372360938,437.81886913647435,8.219353715244182e-05,1.0,buy_and_hold
2002-11-20 22:00:00+00:00,0.04249512670565303,456.42403745455454,8.219353715244182e-05,1.0,buy_and_hold
2002-11-21 22:00:00+00:00,0.03702318623784606,473.3223095966641,8.219353715244182e-05,1.0,buy_and_hold
2002-11-22 22:00:00+00:00,-0.00036062026685901305,473.15161997906705,8.219353715266386e-05,1.0,buy_and_hold
2002-11-25 22:00:00+00:00,0.009740259740259605,477.7602396541878,0.00024658132102706176,1.0,buy_and_hold
2002-11-26 22:00:00+00:00,-0.033583422650946604,461.71541560006364,8.219353715266386e-05,1.0,buy_and_hold
2002-11-27 22:00:00+00:00,0.031792975970424964,476.3947227134113,8.219353715244182e-05,1.0,buy_and_hold
2002-11-29 22:00:00+00:00,-0.006807595843783543,473.15161997906705,0.00016438734991086612,1.0,buy_and_hold
2002-12-02 22:00:00+00:00,0.010101010101009944,477.93092927178486,0.0002465813210268397,1.0,buy_and_hold
2002-12-03 22:00:00+00:00,-0.02964285714285697,463.76369101122845,8.219353715244182e-05,1.0,buy_and_hold
2002-12-04 22:00:00+00:00,-0.022083179977916867,453.52231395540446,8.219353715244182e-05,1.0,buy_and_hold
2002-12-05 22:00:00+00:00,-0.013925479864508872,447.206798104313,8.219353715244182e-05,1.0,buy_and_hold
2002-12-06 22:00:00+00:00,0.010305343511450182,451.81541777943374,8.219353715221978e-05,1.0,buy_and_hold
2002-12-09 22:00:00+00:00,-0.047223271628258345,430.4792155798005,0.0002465813210268397,1.0,buy_and_hold
2002-12-10 22:00:00+00:00,0.015067406819984308,436.9654210484891,8.219353715177569e-05,1.0,buy_and_hold
2002-12-11 22:00:00+00:00,0.004687499999999956,439.01369645965383,8.219353715266386e-05,1.0,buy_and_hold
2002-12-12 22:00:00+00:00,0.005443234836702837,441.40335110601274,8.219353715244182e-05,1.0,buy_and_hold
2002-12-13 22:00:00+00:00,-0.03170920340293881,427.40680246305334,8.219353715244182e-05,1.0,buy_and_hold
2002-12-16 22:00:00+00:00,0.032348242811501615,441.2326614884157,0.0002465813210272838,1.0,buy_and_hold
2002-12-17 22:00:00+00:00,0.003094777562862694,442.5981784291922,8.219353715221978e-05,1.0,buy_and_hold
2002-12-18 22:00:00+00:00,-0.02121095256459704,433.21024946135356,8.219353715244182e-05,1.0,buy_and_hold
2002-12-19 22:00:00+00:00,-0.012608353033884967,427.74818169824744,8.219353715221978e-05,1.0,buy_and_hold
2002-12-20 22:00:00+00:00,0.010375099760574713,432.1861117557712,8.219353715221978e-05,1.0,buy_and_hold
2002-12-23 22:00:00+00:00,0.013823064770932092,438.16024837166856,0.0002465813210272838,1.0,buy_and_hold
2002-12-24 22:00:00+00:00,-0.01246591351772497,432.69818060856244,8.219345798021749e-05,1.0,buy_and_hold
2002-12-26 22:00:00+00:00,-0.002761341222879743,431.50335328538296,0.00016438742909063997,1.0,buy_and_hold
2002-12-27 22:00:00+00:00,-0.018196202531645667,423.6516308759179,8.219353715221978e-05,1.0,buy_and_hold
2002-12-30 22:00:00+00:00,-0.00765511684125697,420.40852814157364,0.0002465813210268397,1.0,buy_and_hold
2002-12-31 22:00:00+00:00,-0.01055623223710922,415.9705980840499,8.219353715221978e-05,1.0,buy_and_hold
2003-01-02 22:00:00+00:00,0.04226508001641349,433.5516286965477,0.00016438742908952975,1.0,buy_and_hold
2003-01-03 22:00:00+00:00,0.011023622047244164,438.3309379892656,8.219353715244182e-05,1.0,buy_and_hold
2003-01-06 22:00:00+00:00,0.024922118380062308,449.2550735154778,0.00024658132102706176,1.0,buy_and_hold
2003-01-07 22:00:00+00:00,0.012537993920972657,454.88783089618096,8.219353715244182e-05,1.0,buy_and_hold
2003-01-08 22:00:00+00:00,-0.02814258911819889,442.086109576401,8.219353715244182e-05,1.0,buy_and_hold
2003-01-09 22:00:00+00:00,0.030888030888030826,455.7412789841663,8.219353715266386e-05,1.0,buy_and_hold
2003-01-10 22:00:00+00:00,0.014981273408239737,462.56886368804896,8.219353715266386e-05,1.0,buy_and_hold
2003-01-13 22:00:00+00:00,-0.005904059040590437,459.8378298064959,0.0002465813210268397,1.0,buy_and_hold
2003-01-14 22:00:00+00:00,0.0051967334818114885,462.2274844528548,8.219353715221978e-05,1.0,buy_and_hold
2003-01-15 22:00:00+00:00,-0.01255539143279183,456.42403745455454,8.219353715266386e-05,1.0,buy_and_hold
2003-01-16 22:00:00+00:00,-0.011219147344801672,451.3033489266426,8.219353715221978e-05,1.0,buy_and_hold
2003-01-17 22:00:00+00:00,-0.04273827534039343,432.01542213817413,8.219353715221978e-05,1.0,buy_and_hold
2003-01-21 22:00:00+00:00,-0.011062821019359848,427.2361128454563,0.0003287752129641497,1.0,buy_and_hold
2003-01-22 22:00:00+00:00,-0.00399520575309642,425.5292166694856,8.219353715221978e-05,1.0,buy_and_hold
2003-01-23 22:00:00+00:00,0.023265142398716465,435.4292144901155,8.219353715221978e-05,1.0,buy_and_hold
2003-01-24 22:00:00+00:00,-0.027048216385731294,423.6516308759179,8.219353715266386e-05,1.0,buy_and_hold
2003-01-27 22:00:00+00:00,-0.011684125705076487,418.701631965603,0.0002465813210268397,1.0,buy_and_hold
2003-01-28 22:00:00+00:00,0.01019160211985315,422.9688724055296,8.219353715221978e-05,1.0,buy_and_hold
2003-01-29 22:00:00+00:00,0.014931396287328536,429.28438825662107,8.219353715244182e-05,1.0,buy_and_hold
2003-01-30 22:00:00+00:00,-0.025844930417495138,418.18956311281175,8.219353715244182e-05,1.0,buy_and_hold
2003-01-31 22:00:00+00:00,-0.002448979591836653,417.1654254072294,8.219353715288591e-05,1.0,buy_and_hold
2003-02-03 22:00:00+00:00,0.0020458265139113863,418.0188734952147,0.00024658132102706176,1.0,buy_and_hold
2003-02-04 22:00:00+00:00,-0.012249897917517183,412.89818496730277,8.219353715266386e-05,1.0,buy_and_hold
2003-02-05 22:00:00+00:00,-0.004547333608929449,411.020599173735,8.219353715244182e-05,1.0,buy_and_hold
2003-02-06 22:00:00+00:00,0.00539867109634562,413.23956420249687,8.219353715221978e-05,1.0,buy_and_hold
2003-02-07 22:00:00+00:00,-0.01652209830648499,406.4119794986142,8.219353715221978e-05,1.0,buy_and_hold
2003-02-10 22:00:00+00:00,0.008819823603527954,409.9964614681526,0.0002465813210268397,1.0,buy_and_hold
2003-02-11 22:00:00+00:00,0.005412156536219959,412.21542649691446,8.219353715244182e-05,1.0,buy_and_hold
2003-02-12 22:00:00+00:00,-0.013664596273291862,406.5826691162113,8.219353715199773e-05,1.0,buy_and_hold
2003-02-13 22:00:00+00:00,0.005037783375314797,408.63094452737613,8.219353715199773e-05,1.0,buy_and_hold
2003-02-14 22:00:00+00:00,0.022974101921470202,418.0188734952147,8.219353715244182e-05,1.0,buy_and_hold
2003-02-18 22:00:00+00:00,0.03103307472437744,430.9912844325917,0.00032877521296392764,1.0,buy_and_hold
2003-02-19 22:00:00+00:00,-0.006732673267326739,428.0895609334416,8.219353715333e-05,1.0,buy_and_hold
2003-02-20 22:00:00+00:00,-0.003987240829346095,426.38266475747093,8.219353715221978e-05,1.0,buy_and_hold
2003-02-21 22:00:00+00:00,0.0076060848678944915,429.6257674918152,8.219353715244182e-05,1.0,buy_and_hold
2003-02-24 22:00:00+00:00,-0.017083829956297314,422.2861139351413,0.00024658132102661767,1.0,buy_and_hold
2003-02-25 22:00:00+00:00,0.0012126111560226693,422.79818278793255,8.219353715244182e-05,1.0,buy_and_hold
2003-02-26 22:00:00+00:00,-0.02220427937020597,413.4102538200939,8.219353715244182e-05,1.0,buy_and_hold
2003-02-27 22:00:00+00:00,0.022708505367464937,422.79818278793255,8.219353715310795e-05,1.0,buy_and_hold
2003-02-28 22:00:00+00:00,0.01574485264432779,429.45507787421815,8.219353715221978e-05,1.0,buy_and_hold
2003-03-03 22:00:00+00:00,-0.020270270270270396,420.74990737676774,0.0002465813210268397,1.0,buy_and_hold
2003-03-04 22:00:00+00:00,-0.006085192697768749,418.18956311281175,8.219353715244182e-05,1.0,buy_and_hold
2003-03-05 22:00:00+00:00,0.0020408163265306367,419.04301120079714,8.219353715244182e-05,1.0,buy_and_hold
2003-03-06 22:00:00+00:00,-0.0024439918533606386,418.0188734952147,8.219353715199773e-05,1.0,buy_and_hold
2003-03-07 22:00:00+00:00,0.0020416496529196415,418.8723215832,8.219353715199773e-05,1.0,buy_and_hold
2003-03-10 22:00:00+00:00,-0.021597392013039785,409.82577185055555,0.00024658132102706176,1.0,buy_and_hold
2003-03-11 22:00:00+00:00,-0.008746355685131157,406.24128988101717,8.219353715244182e-05,1.0,buy_and_hold
2003-03-12 22:00:00+00:00,0.01806722689075624,413.580943437691,8.219353715266386e-05,1.0,buy_and_hold
2003-03-13 22:00:00+00:00,0.057366900536524934,437.3068002836832,8.219353715221978e-05,1.0,buy_and_hold
2003-03-14 22:00:00+00:00,0.0039032006245121043,439.01369645965383,8.219353715199773e-05,1.0,buy_and_hold
2003-03-17 22:00:00+00:00,0.034214618973561484,454.0343828081957,0.00024658132102661767,1.0,buy_and_hold
2003-03-18 22:00:00+00:00,0.012406015037593976,459.6671401888988,8.219353715266386e-05,1.0,buy_and_hold
2003-03-19 22:00:00+00:00,-0.008540660972892744,455.7412789841663,8.219353715244182e-05,1.0,buy_and_hold
2003-03-20 22:00:00+00:00,0.0037453183520599342,457.448175160137,8.219353715221978e-05,1.0,buy_and_hold
2003-03-21 22:00:00+00:00,0.013805970149253666,463.76369101122845,8.219353715288591e-05,1.0,buy_and_hold
2003-03-24 22:00:00+00:00,-0.04158998895841004,444.47576422275995,0.00024658132102706176,1.0,buy_and_hold
2003-03-25 22:00:00+00:00,0.014208909370199807,450.7912800738514,8.219353715221978e-05,1.0,buy_and_hold
2003-03-26 22:00:00+00:00,0.005679666792881566,453.3516243378074,8.219353715244182e-05,1.0,buy_and_hold
2003-03-27 22:00:00+00:00,-0.007153614457831248,450.10852160346315,8.219353715221978e-05,1.0,buy_and_hold
2003-03-28 22:00:00+00:00,-0.010997345468335307,445.1585226931482,8.219353715221978e-05,1.0,buy_and_hold
2003-03-31 22:00:00+00:00,-0.031825153374233084,430.9912844325917,0.0002465813210272838,1.0,buy_and_hold
2003-04-01 22:00:00+00:00,0.007920792079207928,434.40507678453304,8.219353715221978e-05,1.0,buy_and_hold
2003-04-02 22:00:00+00:00,0.027504911591355485,446.3533500163276,8.219353715244182e-05,1.0,buy_and_hold
2003-04-03 22:00:00+00:00,0.0126195028680689,451.9861073970309,8.219353715221978e-05,1.0,buy_and_hold
2003-04-04 22:00:00+00:00,-0.016238670694864066,444.646453840357,8.219353715266386e-05,1.0,buy_and_hold
2003-04-07 21:00:00+00:00,0.0015355086372359494,445.3292123107453,0.00024315657552942405,1.0,buy_and_hold
2003-04-08 21:00:00+00:00,-0.001149865848984355,444.81714345795405,8.219353715244182e-05,1.0,buy_and_hold
2003-04-09 21:00:00+00:00,-0.023023791250959214,434.5757664021301,8.219353715244182e-05,1.0,buy_and_hold
2003-04-10 21:00:00+00:00,0.012175962293794251,439.86714454763916,8.219353715244182e-05,1.0,buy_and_hold
2003-04-11 21:00:00+00:00,-0.01008925106713221,435.4292144901155,8.219353715244182e-05,1.0,buy_and_hold
2003-04-14 21:00:00+00:00,0.020384163073304595,444.30507460516293,0.0002465813210268397,1.0,buy_and_hold
2003-04-15 21:00:00+00:00,0.009604302727622027,448.57231504508957,8.219353715221978e-05,1.0,buy_and_hold
2003-04-16 21:00:00+00:00,-0.0022831050228312444,447.5481773395071,8.219353715244182e-05,1.0,buy_and_hold
2003-04-17 21:00:00+00:00,0.022883295194508158,457.7895543953311,8.219353715221978e-05,1.0,buy_and_hold
2003-04-21 21:00:00+00:00,0.0037285607755408456,459.4964505713018,0.0003287752129648158,1.0,buy_and_hold
2003-04-22 21:00:00+00:00,0.01894502228826145,468.2016210687521,8.219353715244182e-05,1.0,buy_and_hold
2003-04-23 21:00:00+00:00,0.007291286912139983,471.6154134206934,8.219353715266386e-05,1.0,buy_and_hold
2003-04-24 21:00:00+00:00,-0.005428881650379913,469.0550691567375,8.219353715221978e-05,1.0,buy_and_hold
2003-04-25 21:00:00+00:00,-0.019286754002911355,460.0085194240929,8.219353715221978e-05,1.0,buy_and_hold
2003-04-28 21:00:00+00:00,0.019666048237476863,469.0550691567375,0.00024658132102661767,1.0,buy_and_hold
2003-04-29 21:00:00+00:00,0.009097525473071189,473.3223095966641,8.219353715244182e-05,1.0,buy_and_hold
2003-04-30 21:00:00+00:00,-0.010097367472051921,468.54300030394626,8.219353715244182e-05,1.0,buy_and_hold
2003-05-01 21:00:00+00:00,0.008743169398907069,472.6395511262759,8.219353715221978e-05,1.0,buy_and_hold
2003-05-02 21:00:00+00:00,0.021307331166485977,482.71023856450273,8.219353715244182e-05,1.0,buy_and_hold
2003-05-05 21:00:00+00:00,-0.0010608203677510142,482.19816971171156,0.00024658132102661767,1.0,buy_and_hold
2003-05-06 21:00:00+00:00,0.012743362831858285,488.3429959452059,8.219353715244182e-05,1.0,buy_and_hold
2003-05-07 21:00:00+00:00,-0.011184900384480945,482.8809281820998,8.219353715244182e-05,1.0,buy_and_hold
2003-05-08 21:00:00+00:00,-0.018381053375751133,474.0050680670524,8.219353715266386e-05,1.0,buy_and_hold
2003-05-09 21:00:00+00:00,0.023046453006841938,484.9292035932646,8.219353715266386e-05,1.0,buy_and_hold
2003-05-12 21:00:00+00:00,0.015135515663498689,492.2688571499384,0.0002465813210268397,1.0,buy_and_hold
2003-05-13 21:00:00+00:00,-0.006241331484049817,489.19644403319126,8.219353715288591e-05,1.0,buy_and_hold
2003-05-14 21:00:00+00:00,-0.002093510118632236,488.17230632760885,8.219353715244182e-05,1.0,buy_and_hold
2003-05-15 21:00:00+00:00,0.01118881118881121,493.63437409071497,8.219353715244182e-05,1.0,buy_and_hold
2003-05-16 21:00:00+00:00,-0.007607192254495132,489.8792025035795,8.219353715266386e-05,1.0,buy_and_hold
2003-05-19 21:00:00+00:00,-0.03519163763066191,472.6395511262759,0.0002465813210268397,1.0,buy_and_hold
2003-05-20 21:00:00+00:00,0.002889129649692901,474.0050680670524,8.219353715244182e-05,1.0,buy_and_hold
2003-05-21 21:00:00+00:00,-0.0028808066258552145,472.6395511262759,8.219353715244182e-05,1.0,buy_and_hold
2003-05-22 21:00:00+00:00,0.01444564824846517,479.4671358301585,8.219353715266386e-05,1.0,buy_and_hold
2003-05-23 21:00:00+00:00,0.0003559985760057671,479.6378254477556,8.219353715221978e-05,1.0,buy_and_hold
2003-05-27 21:00:00+00:00,0.03558718861209975,496.7067872074622,0.00032877521296392764,1.0,buy_and_hold
2003-05-28 21:00:00+00:00,0.003092783505154628,498.24299376583576,8.219353715221978e-05,1.0,buy_and_hold
2003-05-29 21:00:00+00:00,0.004110996916752319,500.2912691770005,8.219353715266386e-05,1.0,buy_and_hold
2003-05-30 21:00:00+00:00,0.016376663254861867,508.4843708216597,8.219353715244182e-05,1.0,buy_and_hold
2003-06-02 21:00:00+00:00,-0.007049345417925457,504.8998888521213,0.0002465813210268397,1.0,buy_and_hold
2003-06-03 21:00:00+00:00,0.009465855307640325,509.6791981448392,8.219353715199773e-05,1.0,buy_and_hold
2003-06-04 21:00:00+00:00,0.018754186202277312,519.2378167302749,8.219353715244182e-05,1.0,buy_and_hold
2003-06-05 21:00:00+00:00,0.007232084155161189,522.9929883174103,8.219353715221978e-05,1.0,buy_and_hold
2003-06-06 21:00:00+00:00,-0.016644908616187948,514.28781781996,8.219353715244182e-05,1.0,buy_and_hold
2003-06-09 21:00:00+00:00,-0.013275804845668704,507.46023311607735,0.0002465813210268397,1.0,buy_and_hold
2003-06-10 21:00:00+00:00,0.015136226034308642,515.1412659079452,8.219353715266386e-05,1.0,buy_and_hold
2003-06-11 21:00:00+00:00,0.011265738899933764,520.9447129062455,8.219353715266386e-05,1.0,buy_and_hold
2003-06-12 21:00:00+00:00,0.004259501965923951,523.1636779350074,8.219353715244182e-05,1.0,buy_and_hold
2003-06-13 21:00:00+00:00,-0.022512234910277318,511.38609432080983,8.219353715244182e-05,1.0,buy_and_hold
2003-06-16 21:00:00+00:00,0.03070761014686263,527.0895391397399,0.0002465813210268397,1.0,buy_and_hold
2003-06-17 21:00:00+00:00,-0.0038860103626943143,525.0412637285751,8.219353715199773e-05,1.0,buy_and_hold
2003-06-18 21:00:00+00:00,0.005201560468140576,527.7722976101282,8.219353715266386e-05,1.0,buy_and_hold
2003-06-19 21:00:00+00:00,-0.01617076326002609,519.2378167302749,8.219353715244182e-05,1.0,buy_and_hold
2003-06-20 21:00:00+00:00,-0.0013149243918475495,518.5550582598866,8.219353715244182e-05,1.0,buy_and_hold
2003-06-23 21:00:00+00:00,-0.015470704410796454,510.5326462328245,0.0002465813210268397,1.0,buy_and_hold
2003-06-24 21:00:00+00:00,-0.0076897358742895605,506.60678502809196,8.219353715221978e-05,1.0,buy_and_hold
2003-06-25 21:00:00+00:00,-0.005390835579514808,503.8757511465389,8.219353715199773e-05,1.0,buy_and_hold
2003-06-26 21:00:00+00:00,0.02371273712737132,515.8240243783335,8.219353715221978e-05,1.0,buy_and_hold
2003-06-27 21:00:00+00:00,-0.01290536068828596,509.16712929204795,8.219353715221978e-05,1.0,buy_and_hold
2003-06-30 21:00:00+00:00,0.004022795843110938,511.21540470321276,0.0002465813210268397,1.0,buy_and_hold
2003-07-01 21:00:00+00:00,0.013355592654424209,518.0429894070954,8.219353715266386e-05,1.0,buy_and_hold
2003-07-02 21:00:00+00:00,0.020428336079077347,528.6257456981135,8.219353715221978e-05,1.0,buy_and_hold
2003-07-03 21:00:00+00:00,-0.012592831772683444,521.9688506118279,8.219345798021749e-05,1.0,buy_and_hold
2003-07-07 21:00:00+00:00,0.04283845650752127,544.3291905170436,0.00032877521296437173,1.0,buy_and_hold
2003-07-08 21:00:00+00:00,0.012229539040451431,550.9860856033291,8.219353715221978e-05,1.0,buy_and_hold
2003-07-09 21:00:00+00:00,-0.0024783147459724875,549.6205686625527,8.219353715288591e-05,1.0,buy_and_hold
2003-07-10 21:00:00+00:00,-0.018633540372670954,539.3791916067287,8.219353715221978e-05,1.0,buy_and_hold
2003-07-11 21:00:00+00:00,0.0075949367088608,543.4757424290583,8.219353715288591e-05,1.0,buy_and_hold
2003-07-14 21:00:00+00:00,0.011934673366834181,549.9619478977468,0.00024658132102706176,1.0,buy_and_hold
2003-07-15 21:00:00+00:00,0.0012414649286156543,550.644706368135,8.219353715244182e-05,1.0,buy_and_hold
2003-07-16 21:00:00+00:00,-0.0030998140111593298,548.9378101921643,8.219353715199773e-05,1.0,buy_and_hold
2003-07-17 21:00:00+00:00,-0.030472636815920273,532.2102276676519,8.219353715221978e-05,1.0,buy_and_hold
2003-07-18 21:00:00+00:00,0.003207184092366866,533.9171238436226,8.219353715244182e-05,1.0,buy_and_hold
2003-07-21 21:00:00+00:00,-0.012787723785166238,527.0895391397399,0.0002465813210268397,1.0,buy_and_hold
2003-07-22 21:00:00+00:00,0.01489637305699465,534.9412615492049,8.219353715199773e-05,1.0,buy_and_hold
2003-07-23 21:00:00+00:00,0.008296107211231751,539.3791916067287,8.219353715199773e-05,1.0,buy_and_hold
2003-07-24 21:00:00+00:00,-0.013291139240506289,532.2102276676519,8.219353715244182e-05,1.0,buy_and_hold
2003-07-25 21:00:00+00:00,0.019884541372674702,542.79298395867,8.219353715244182e-05,1.0,buy_and_hold
2003-07-28 21:00:00+00:00,0.002830188679245227,544.3291905170436,0.00024658132102706176,1.0,buy_and_hold
2003-07-29 21:00:00+00:00,-0.007525870178739513,540.232639694714,8.219353715288591e-05,1.0,buy_and_hold
2003-07-30 21:00:00+00:00,-0.007266982622432638,536.3067784899815,8.219353715221978e-05,1.0,buy_and_hold
2003-07-31 21:00:00+00:00,0.012094207511139432,542.79298395867,8.219353715244182e-05,1.0,buy_and_hold
2003-08-01 21:00:00+00:00,-0.010691823899371067,536.9895369603697,8.219353715244182e-05,1.0,buy_and_hold
2003-08-04 21:00:00+00:00,-0.00031786395422761515,536.8188473427726,0.00024658132102706176,1.0,buy_and_hold
2003-08-05 21:00:00+00:00,-0.03942766295707467,515.6533347607365,8.219353715288591e-05,1.0,buy_and_hold
2003-08-06 21:00:00+00:00,-0.0006620324395893995,515.3119555255424,8.219353715266386e-05,1.0,buy_and_hold
2003-08-07 21:00:00+00:00,0.003974826101357909,517.3602309367071,8.219353715244182e-05,1.0,buy_and_hold
2003-08-08 21:00:00+00:00,-0.00791817881887169,513.2636801143775,8.219353715244182e-05,1.0,buy_and_hold
2003-08-11 21:00:00+00:00,0.010974393082806788,518.8964374950807,0.00024658132102706176,1.0,buy_and_hold
2003-08-12 21:00:00+00:00,0.015131578947368496,526.7481599045458,8.219353715221978e-05,1.0,buy_and_hold
2003-08-13 21:00:00+00:00,0.0003240440699936453,526.9188495221429,8.219353715310795e-05,1.0,buy_and_hold
2003-08-14 21:00:00+00:00,0.0009718172983477213,527.430918374934,8.219353715244182e-05,1.0,buy_and_hold
2003-08-15 21:00:00+00:00,0.008737864077670077,532.0395380500548,8.219353715244182e-05,1.0,buy_and_hold
2003-08-18 21:00:00+00:00,0.025665704202759043,545.6947074578201,0.00024658132102706176,1.0,buy_and_hold
2003-08-19 21:00:00+00:00,0.012511729746637501,552.5222921617027,8.219353715244182e-05,1.0,buy_and_hold
2003-08-20 21:00:00+00:00,-0.0024714241581711427,551.1567752209262,8.219353715221978e-05,1.0,buy_and_hold
2003-08-21 21:00:00+00:00,0.010839269123567696,557.1309118368235,8.219353715244182e-05,1.0,buy_and_hold
2003-08-22 21:00:00+00:00,-0.006127450980392357,553.7171194848821,8.219353715221978e-05,1.0,buy_and_hold
2003-08-25 21:00:00+00:00,0.0021578298397042506,554.9119468080617,0.00024658132102661767,1.0,buy_and_hold
2003-08-26 21:00:00+00:00,0.0009227929867734463,555.4240156608529,8.219353715177569e-05,1.0,buy_and_hold
2003-08-27 21:00:00+00:00,0.007990165949600447,559.8619457183765,8.219353715266386e-05,1.0,buy_and_hold
2003-08-28 21:00:00+00:00,0.00884146341463432,564.8119446286915,8.219353715266386e-05,1.0,buy_and_hold
2003-08-29 21:00:00+00:00,0.009066183136899442,569.9326331566035,8.219353715244182e-05,1.0,buy_and_hold
2003-09-02 21:00:00+00:00,0.014375561545372673,578.1257348012626,0.0003287752129645938,1.0,buy_and_hold
2003-09-03 21:00:00+00:00,-0.000590493061706332,577.7843555660686,8.219353715266386e-05,1.0,buy_and_hold
2003-09-04 21:00:00+00:00,0.009158050221565572,583.0757337115775,8.219353715244182e-05,1.0,buy_and_hold
2003-09-05 21:00:00+00:00,-0.0064402810304450275,579.3205621244421,8.219353715221978e-05,1.0,buy_and_hold
2003-09-08 21:00:00+00:00,0.016499705362404304,588.8791807098778,0.00024658132102639563,1.0,buy_and_hold
2003-09-09 21:00:00+00:00,-0.011884057971014328,581.8809063883982,8.219353715288591e-05,1.0,buy_and_hold
2003-09-10 21:00:00+00:00,-0.024053974772660802,567.8843577454387,8.219353715244182e-05,1.0,buy_and_hold
2003-09-11 21:00:00+00:00,0.011121130147279779,574.1998735965301,8.219353715266386e-05,1.0,buy_and_hold
2003-09-12 21:00:00+00:00,0.005350772889417543,577.2722867132774,8.219353715244182e-05,1.0,buy_and_hold
2003-09-15 21:00:00+00:00,-0.009757539917208735,571.6395293325742,0.00024658132102661767,1.0,buy_and_hold
2003-09-16 21:00:00+00:00,0.027172290235891294,587.1722845339071,8.219353715244182e-05,1.0,buy_and_hold
2003-09-17 21:00:00+00:00,-0.0040697674418604946,584.7826298875482,8.219353715266386e-05,1.0,buy_and_hold
2003-09-18 21:00:00+00:00,0.01517805020432017,593.6584900025957,8.219353715221978e-05,1.0,buy_and_hold
2003-09-19 21:00:00+00:00,-0.005750431282346313,590.2446976506543,8.219353715221978e-05,1.0,buy_and_hold
2003-09-22 21:00:00+00:00,-0.01908617698091364,578.979182889248,0.00024658132102750585,1.0,buy_and_hold
2003-09-23 21:00:00+00:00,0.017688679245283057,589.220559945072,8.219353715288591e-05,1.0,buy_and_hold
2003-09-24 21:00:00+00:00,-0.03765932792584015,567.0309096574533,8.219353715244182e-05,1.0,buy_and_hold
2003-09-25 21:00:00+00:00,-0.01294400963275133,559.6912561007795,8.219353715221978e-05,1.0,buy_and_hold
2003-09-26 21:00:00+00:00,-0.006404391582799596,556.1067741312411,8.219353715266386e-05,1.0,buy_and_hold
2003-09-29 21:00:00+00:00,0.017188459177409632,565.6653927166768,0.0002465813210272838,1.0,buy_and_hold
2003-09-30 21:00:00+00:00,-0.021726010863005407,553.3757402496881,8.219353715244182e-05,1.0,buy_and_hold
2003-10-01 21:00:00+00:00,0.02251696483652066,565.8360823342739,8.219353715221978e-05,1.0,buy_and_hold
2003-10-02 21:00:00+00:00,0.0033182503770738947,567.7136681278416,8.219353715266386e-05,1.0,buy_and_hold
2003-10-03 21:00:00+00:00,0.027961515333734255,583.5878025643688,8.219353715221978e-05,1.0,buy_and_hold
2003-10-06 21:00:00+00:00,0.007312079555425344,587.8550430042953,0.0002465813210268397,1.0,buy_and_hold
2003-10-07 21:00:00+00:00,0.0060975609756097615,591.4395249738337,8.219353715266386e-05,1.0,buy_and_hold
2003-10-08 21:00:00+00:00,-0.006349206349206216,587.6843533866984,8.219353715221978e-05,1.0,buy_and_hold
2003-10-09 21:00:00+00:00,0.007551553877432449,592.122283444222,8.219353715266386e-05,1.0,buy_and_hold
2003-10-10 21:00:00+00:00,0.009224560392043779,597.5843512073282,8.219353715244182e-05,1.0,buy_and_hold
2003-10-13 21:00:00+00:00,0.006569551556698139,601.5102124120607,0.00024658132102706176,1.0,buy_and_hold
2003-10-14 21:00:00+00:00,0.0025539160045402465,603.0464189704343,8.219353715221978e-05,1.0,buy_and_hold
2003-10-15 21:00:00+00:00,-0.004245683555052282,600.4860747064783,8.219353715221978e-05,1.0,buy_and_hold
2003-10-16 21:00:00+00:00,0.00795906765207488,605.2653839991962,8.219353715221978e-05,1.0,buy_and_hold
2003-10-17 21:00:00+00:00,-0.023970671178793035,590.7567665034455,8.219353715221978e-05,1.0,buy_and_hold
2003-10-20 21:00:00+00:00,0.012424154868535098,598.0964200601194,0.0002465813210268397,1.0,buy_and_hold
2003-10-21 21:00:00+00:00,0.0059931506849315586,601.6809020296578,8.219353715266386e-05,1.0,buy_and_hold
2003-10-22 21:00:00+00:00,-0.019290780141844044,590.0740080330572,8.219353715244182e-05,1.0,buy_and_hold
2003-10-23 21:00:00+00:00,-0.0115707260630602,583.2464233291747,8.219353715244182e-05,1.0,buy_and_hold
2003-10-24 21:00:00+00:00,0.0008779631255486642,583.7584921819658,8.219353715266386e-05,1.0,buy_and_hold
2003-10-27 22:00:00+00:00,0.00029239766081867735,583.9291817995629,0.00025000606652447743,1.0,buy_and_hold
2003-10-28 22:00:00+00:00,0.03361590178310436,603.5584878232255,8.219353715244182e-05,1.0,buy_and_hold
2003-10-29 22:00:00+00:00,-0.0011312217194571206,602.8757293528372,8.219353715221978e-05,1.0,buy_and_hold
2003-10-30 22:00:00+00:00,0.0019818799547000054,604.0705566760167,8.219353715199773e-05,1.0,buy_and_hold
2003-10-31 22:00:00+00:00,-0.005933879627013305,600.4860747064783,8.219353715244182e-05,1.0,buy_and_hold
2003-11-03 22:00:00+00:00,0.016486640136440966,610.3860725271081,0.00024658132102661767,1.0,buy_and_hold
2003-11-04 22:00:00+00:00,-0.006711409395973034,606.2895217047786,8.219353715288591e-05,1.0,buy_and_hold
2003-11-05 22:00:00+00:00,0.009009009009008917,611.7515894678847,8.219353715244182e-05,1.0,buy_and_hold
2003-11-06 22:00:00+00:00,0.002790178571428381,613.4584856438553,8.219353715199773e-05,1.0,buy_and_hold
2003-11-07 22:00:00+00:00,-0.00862548692264864,608.1671074983464,8.219353715266386e-05,1.0,buy_and_hold
2003-11-10 22:00:00+00:00,-0.012349143979792587,600.6567643240753,0.0002465813210268397,1.0,buy_and_hold
2003-11-11 22:00:00+00:00,-0.003694231315714558,598.4377992953135,8.219353715244182e-05,1.0,buy_and_hold
2003-11-12 22:00:00+00:00,0.02139189960068455,611.2395206150935,8.219353715244182e-05,1.0,buy_and_hold
2003-11-13 22:00:00+00:00,-0.0011170064227870036,610.5567621447052,8.219353715266386e-05,1.0,buy_and_hold
2003-11-14 22:00:00+00:00,-0.020408163265306145,598.0964200601194,8.219353715244182e-05,1.0,buy_and_hold
2003-11-17 22:00:00+00:00,-0.010273972602739767,591.951593826625,0.0002465813210268397,1.0,buy_and_hold
2003-11-18 22:00:00+00:00,-0.023068050749711633,578.2964244188597,8.219353715244182e-05,1.0,buy_and_hold
2003-11-19 22:00:00+00:00,0.009740259740259827,583.9291817995629,8.219353715266386e-05,1.0,buy_and_hold
2003-11-20 22:00:00+00:00,-0.009646302250803873,578.2964244188597,8.219353715288591e-05,1.0,buy_and_hold
2003-11-21 22:00:00+00:00,0.010330578512396604,584.270561034757,8.219353715244182e-05,1.0,buy_and_hold
2003-11-24 22:00:00+00:00,0.027753432661408395,600.4860747064783,0.0002465813210268397,1.0,buy_and_hold
2003-11-25 22:00:00+00:00,0.0,600.4860747064783,8.219353715221978e-05,1.0,buy_and_hold
2003-11-26 22:00:00+00:00,0.004548038658328757,603.2171085880315,8.219353715244182e-05,1.0,buy_and_hold
2003-11-28 22:00:00+00:00,0.0011318619128464213,603.8998670584197,0.0001643873499113102,1.0,buy_and_hold
2003-12-01 22:00:00+00:00,0.014697569248162567,612.775727173467,0.0002465813210268397,1.0,buy_and_hold
2003-12-02 22:00:00+00:00,-0.0055710306406683285,609.3619348215258,8.219353715244182e-05,1.0,buy_and_hold
2003-12-03 22:00:00+00:00,-0.012605042016806789,601.6809020296578,8.219353715266386e-05,1.0,buy_and_hold
2003-12-04 22:00:00+00:00,0.010780141843971691,608.1671074983464,8.219353715244182e-05,1.0,buy_and_hold
2003-12-05 22:00:00+00:00,-0.01655907942744894,598.0964200601194,8.219353715199773e-05,1.0,buy_and_hold
2003-12-08 22:00:00+00:00,0.005707762557077611,601.5102124120607,0.00024658132102661767,1.0,buy_and_hold
2003-12-09 22:00:00+00:00,-0.022985244040862662,587.6843533866984,8.219353715221978e-05,1.0,buy_and_hold
2003-12-10 22:00:00+00:00,0.0037757769387163354,589.9033184154603,8.219353715266386e-05,1.0,buy_and_hold
2003-12-11 22:00:00+00:00,0.021412037037036757,602.534350117643,8.219353715221978e-05,1.0,buy_and_hold
2003-12-12 22:00:00+00:00,-0.0016997167138809166,601.5102124120607,8.219353715266386e-05,1.0,buy_and_hold
2003-12-15 22:00:00+00:00,-0.013053348467650272,593.6584900025957,0.0002465813210261736,1.0,buy_and_hold
2003-12-16 22:00:00+00:00,0.002012650948821193,594.8533173257752,8.219353715221978e-05,1.0,buy_and_hold
2003-12-17 22:00:00+00:00,0.0017216642754662725,595.8774550313575,8.219353715221978e-05,1.0,buy_and_hold
2003-12-18 22:00:00+00:00,0.018619306788885792,606.9722801751668,8.219353715221978e-05,1.0,buy_and_hold
2003-12-19 22:00:00+00:00,-0.0028121484814398467,605.2653839991962,8.219353715221978e-05,1.0,buy_and_hold
2003-12-22 22:00:00+00:00,0.0031020868584319405,607.1429697927639,0.0002465813210268397,1.0,buy_and_hold
2003-12-23 22:00:00+00:00,0.007590666291819037,611.7515894678847,8.219353715244182e-05,1.0,buy_and_hold
2003-12-24 22:00:00+00:00,0.0020542069958451314,613.0082538626891,8.219345798021749e-05,1.0,buy_and_hold
2003-12-26 22:00:00+00:00,-0.0013927576601669989,612.1544819213763,0.00016438734991108817,1.0,buy_and_hold
2003-12-29 22:00:00+00:00,0.01645746164574602,622.2289908288689,0.00024658132102706176,1.0,buy_and_hold
2003-12-30 22:00:00+00:00,0.003293084522502765,624.27804348802,8.219353715266386e-05,1.0,buy_and_hold
2003-12-31 22:00:00+00:00,-0.002735229759299851,622.570499605394,8.219353715266386e-05,1.0,buy_and_hold
2004-01-02 22:00:00+00:00,-0.0027427317608339497,620.8629557227681,0.00016438742908997384,1.0,buy_and_hold
2004-01-05 22:00:00+00:00,0.020077007700770366,633.3280260659371,0.0002465813210268397,1.0,buy_and_hold
2004-01-06 22:00:00+00:00,0.006740361283364749,637.5968857725018,8.219353715244182e-05,1.0,buy_and_hold
2004-01-07 22:00:00+00:00,0.00910551687198713,643.4025349734297,8.219353715221978e-05,1.0,buy_and_hold
2004-01-08 22:00:00+00:00,0.0079617834394905,648.5251666213073,8.219353715244182e-05,1.0,buy_and_hold
2004-01-09 22:00:00+00:00,-0.006582411795681975,644.2563069147426,8.219353715221978e-05,1.0,buy_and_hold
2004-01-12 22:00:00+00:00,0.01590246488205671,654.5015702104979,0.0002465813210268397,1.0,buy_and_hold
2004-01-13 22:00:00+00:00,-0.009913905557004776,648.0129034565197,8.219353715266386e-05,1.0,buy_and_hold
2004-01-14 22:00:00+00:00,0.003425559947298762,650.2327105039332,8.219353715244182e-05,1.0,buy_and_hold
2004-01-15 22:00:00+00:00,0.00262605042016828,651.9402543865591,8.219353715221978e-05,1.0,buy_and_hold
2004-01-16 22:00:00+00:00,0.010214772132006278,658.5996755288,8.219353715244182e-05,1.0,buy_and_hold
2004-01-20 22:00:00+00:00,-0.0007778065854291416,658.0874123640123,0.0003287752129641497,1.0,buy_and_hold
2004-01-21 22:00:00+00:00,-0.004151530877010923,655.3553421518109,8.219353715244182e-05,1.0,buy_and_hold
2004-01-22 22:00:00+00:00,-0.005992704533611337,651.4279912217713,8.219353715244182e-05,1.0,buy_and_hold
2004-01-23 22:00:00+00:00,-0.003669724770642202,649.0374297860951,8.219353715221978e-05,1.0,buy_and_hold
2004-01-26 22:00:00+00:00,0.015259142330965592,658.9411843053252,0.00024658132102706176,1.0,buy_and_hold
2004-01-27 22:00:00+00:00,-0.022026431718061623,644.4270613030053,8.219353715244182e-05,1.0,buy_and_hold
2004-01-28 22:00:00+00:00,-0.016958134605193576,633.4987804541996,8.219353715177569e-05,1.0,buy_and_hold
2004-01-29 22:00:00+00:00,0.0037735849056605986,635.8893418898759,8.219353715244182e-05,1.0,buy_and_hold
2004-01-30 22:00:00+00:00,-0.0045649838882922955,632.9865172894118,8.219353715244182e-05,1.0,buy_and_hold
2004-02-02 22:00:00+00:00,-0.0026975991367681473,631.278973406786,0.00024658132102706176,1.0,buy_and_hold
2004-02-03 22:00:00+00:00,-0.001081958344603784,630.5959558537356,8.219353715288591e-05,1.0,buy_and_hold
2004-02-04 22:00:00+00:00,-0.01624695369618201,620.3506925579803,8.219353715244182e-05,1.0,buy_and_hold
2004-02-05 22:00:00+00:00,0.003853564547206423,622.7412539936566,8.219353715244182e-05,1.0,buy_and_hold
2004-02-06 22:00:00+00:00,0.018097066081711022,634.0110436189874,8.219353715244182e-05,1.0,buy_and_hold
2004-02-09 22:00:00+00:00,-0.000269323996768156,633.8402892307248,0.00024658132102661767,1.0,buy_and_hold
2004-02-10 22:00:00+00:00,0.001616379310344973,634.8648155603004,8.219353715244182e-05,1.0,buy_and_hold
2004-02-11 22:00:00+00:00,0.010758472296933608,641.6949910908038,8.219353715244182e-05,1.0,buy_and_hold
2004-02-12 22:00:00+00:00,-0.008781266631186835,636.0600962781384,8.219353715244182e-05,1.0,buy_and_hold
2004-02-13 22:00:00+00:00,-0.008322147651006695,630.7667102419982,8.219353715221978e-05,1.0,buy_and_hold
2004-02-17 22:00:00+00:00,0.013535462912831697,639.3044296551276,0.0003287752129641497,1.0,buy_and_hold
2004-02-18 22:00:00+00:00,0.0029380341880340666,641.182727926016,8.219353715221978e-05,1.0,buy_and_hold
2004-02-19 22:00:00+00:00,-0.01517976031957391,631.4497277950485,8.219353715266386e-05,1.0,buy_and_hold
2004-02-20 22:00:00+00:00,-0.0032449972958353834,629.4006751358976,8.219353715244182e-05,1.0,buy_and_hold
2004-02-23 22:00:00+00:00,-0.011123168746608902,622.3997452171315,0.0002465813210268397,1.0,buy_and_hold
2004-02-24 22:00:00+00:00,-0.0024691358024692134,620.8629557227681,8.219353715266386e-05,1.0,buy_and_hold
2004-02-25 22:00:00+00:00,0.006050605060506031,624.6195522645451,8.219353715244182e-05,1.0,buy_and_hold
2004-02-26 22:00:00+00:00,0.002460360852925225,626.1563417589084,8.219353715244182e-05,1.0,buy_and_hold
2004-02-27 22:00:00+00:00,-0.0027270248159259047,624.4487978762825,8.219353715221978e-05,1.0,buy_and_hold
2004-03-01 22:00:00+00:00,0.01312551271534046,632.6450085128866,0.00024658132102706176,1.0,buy_and_hold
2004-03-02 22:00:00+00:00,-0.01160593792172726,625.3025698175954,8.219353715266386e-05,1.0,buy_and_hold
2004-03-03 22:00:00+00:00,-0.005461496450027359,621.8874820523437,8.219353715266386e-05,1.0,buy_and_hold
2004-03-04 22:00:00+00:00,0.009335529928610642,627.6931312532716,8.219353715288591e-05,1.0,buy_and_hold
2004-03-05 22:00:00+00:00,-0.003536452665941159,625.473324205858,8.219353715177569e-05,1.0,buy_and_hold
2004-03-08 22:00:00+00:00,-0.023478023478023524,610.7884468152755,0.0002465813210272838,1.0,buy_and_hold
2004-03-09 22:00:00+00:00,-0.0030752026838133384,608.910148544387,8.219353715244182e-05,1.0,buy_and_hold
2004-03-10 22:00:00+00:00,-0.013180033651149725,600.8846922960454,8.219353715244182e-05,1.0,buy_and_hold
2004-03-11 22:00:00+00:00,-0.00909349246945157,595.4205518716426,8.219353715221978e-05,1.0,buy_and_hold
2004-03-12 22:00:00+00:00,0.018353885861772223,606.3488327204482,8.219353715221978e-05,1.0,buy_and_hold
2004-03-15 22:00:00+00:00,-0.017459870459025528,595.7620606481678,0.0002465813210268397,1.0,buy_and_hold
2004-03-16 22:00:00+00:00,0.0017196904557179593,596.7865869777434,8.219353715221978e-05,1.0,buy_and_hold
2004-03-17 22:00:00+00:00,0.01573676680972813,606.1780783321857,8.219353715244182e-05,1.0,buy_and_hold
2004-03-18 22:00:00+00:00,-0.004507042253521165,603.4460081199843,8.219353715221978e-05,1.0,buy_and_hold
2004-03-19 22:00:00+00:00,-0.016694963214487935,593.3714992124916,8.219353715221978e-05,1.0,buy_and_hold
2004-03-22 22:00:00+00:00,-0.012661870503597017,585.8583061289378,0.00024658132102750585,1.0,buy_and_hold
2004-03-23 22:00:00+00:00,-0.008160886039055737,581.0771832575853,8.219353715221978e-05,1.0,buy_and_hold
2004-03-24 22:00:00+00:00,0.011460476050543678,587.7366043998262,8.219353715266386e-05,1.0,buy_and_hold
2004-03-25 22:00:00+00:00,0.026728646135967482,603.4460081199843,8.219353715288591e-05,1.0,buy_and_hold
2004-03-26 22:00:00+00:00,-0.003395585738540041,601.3969554608332,8.219353715266386e-05,1.0,buy_and_hold
2004-03-29 22:00:00+00:00,0.016183986371379966,611.1299555918007,0.00024658132102706176,1.0,buy_and_hold
2004-03-30 22:00:00+00:00,0.003352891869237151,613.1790082509517,8.219353715244182e-05,1.0,buy_and_hold
2004-03-31 22:00:00+00:00,-0.0019493177387913674,611.9837275331137,8.219353715244182e-05,1.0,buy_and_hold
2004-04-01 22:00:00+00:00,0.008928571428571175,617.4478679575163,8.219353715221978e-05,1.0,buy_and_hold
2004-04-02 22:00:00+00:00,0.025995575221239076,633.4987804541996,8.219353715244182e-05,1.0,buy_and_hold
2004-04-05 21:00:00+00:00,0.009433962264151052,639.4751840433903,0.00024315657552986814,1.0,buy_and_hold
2004-04-06 21:00:00+00:00,-0.012550066755674494,631.4497277950485,8.219353715266386e-05,1.0,buy_and_hold
2004-04-07 21:00:00+00:00,-0.0010816657652783501,630.7667102419982,8.219353715244182e-05,1.0,buy_and_hold
2004-04-08 21:00:00+00:00,0.0,630.7667102419982,8.219353715266386e-05,1.0,buy_and_hold
2004-04-12 21:00:00+00:00,0.006226312939902501,634.6940611720378,0.0003287752129641497,1.0,buy_and_hold
2004-04-13 21:00:00+00:00,-0.014527845036319653,625.473324205858,8.219353715221978e-05,1.0,buy_and_hold
2004-04-14 21:00:00+00:00,0.004914004914004844,628.5469031945846,8.219353715244182e-05,1.0,buy_and_hold
2004-04-15 21:00:00+00:00,-0.01792991035044822,617.2771135692539,8.219353715244182e-05,1.0,buy_and_hold
2004-04-16 21:00:00+00:00,-0.0016597510373442814,616.2525872396784,8.219353715199773e-05,1.0,buy_and_hold
2004-04-19 21:00:00+00:00,0.01219174286505953,623.7657803232322,0.0002465813210268397,1.0,buy_and_hold
2004-04-20 21:00:00+00:00,-0.023268546400219137,609.2516573209122,8.219353715221978e-05,1.0,buy_and_hold
2004-04-21 21:00:00+00:00,0.008688340807174955,614.5450433570525,8.219353715221978e-05,1.0,buy_and_hold
2004-04-22 21:00:00+00:00,0.02584051125312592,630.4252014654732,8.219353715177569e-05,1.0,buy_and_hold
2004-04-23 21:00:00+00:00,0.007854821235102838,635.3770787250882,8.219353715266386e-05,1.0,buy_and_hold
2004-04-26 21:00:00+00:00,-0.007256113947863629,630.7667102419982,0.0002465813210268397,1.0,buy_and_hold
2004-04-27 21:00:00+00:00,-0.0018949648077964953,629.5714295241601,8.219353715221978e-05,1.0,buy_and_hold
2004-04-28 21:00:00+00:00,-0.018171955519392213,618.1308855105668,8.219353715221978e-05,1.0,buy_and_hold
2004-04-29 21:00:00+00:00,-0.015469613259668558,608.5686397678619,8.219353715266386e-05,1.0,buy_and_hold
2004-04-30 21:00:00+00:00,-0.02441077441077444,593.7130079890168,8.219353715221978e-05,1.0,buy_and_hold
2004-05-03 21:00:00+00:00,0.009490940465918918,599.3479028016822,0.00024658132102661767,1.0,buy_and_hold
2004-05-04 21:00:00+00:00,0.004273504273504258,601.909218625621,8.219353715244182e-05,1.0,buy_and_hold
2004-05-05 21:00:00+00:00,0.007943262411347574,606.6903414969735,8.219353715244182e-05,1.0,buy_and_hold
2004-05-06 21:00:00+00:00,-0.007599211933577377,602.0799730138835,8.219353715221978e-05,1.0,buy_and_hold
2004-05-07 21:00:00+00:00,-0.008224617129892309,597.1280957542684,8.219353715266386e-05,1.0,buy_and_hold
2004-05-10 21:00:00+00:00,-0.008578781812982328,592.005464106391,0.0002465813210268397,1.0,buy_and_hold
2004-05-11 21:00:00+00:00,0.014998557830977699,600.8846922960454,8.219353715244182e-05,1.0,buy_and_hold
2004-05-12 21:00:00+00:00,0.001989201477692548,602.0799730138835,8.219353715266386e-05,1.0,buy_and_hold
2004-05-13 21:00:00+00:00,-0.007090187180941676,597.8111133073188,8.219353715244182e-05,1.0,buy_and_hold
2004-05-14 21:00:00+00:00,-0.007426449585832495,593.3714992124916,8.219353715244182e-05,1.0,buy_and_hold
2004-05-17 21:00:00+00:00,-0.009496402877697818,587.7366043998262,0.0002465813210268397,1.0,buy_and_hold
2004-05-18 21:00:00+00:00,0.009006391632771615,593.0299904359664,8.219353715266386e-05,1.0,buy_and_hold
2004-05-19 21:00:00+00:00,-0.0011517420097898468,592.346972882916,8.219353715244182e-05,1.0,buy_and_hold
2004-05-20 21:00:00+00:00,0.004612280196022001,595.0790430951175,8.219353715199773e-05,1.0,buy_and_hold
2004-05-21 21:00:00+00:00,0.004878048780487809,597.9818676955815,8.219353715199773e-05,1.0,buy_and_hold
2004-05-24 21:00:00+00:00,0.006853226727584039,602.0799730138835,0.00024658132102706176,1.0,buy_and_hold
2004-05-25 21:00:00+00:00,0.019852524106636515,614.0327801922647,8.219353715266386e-05,1.0,buy_and_hold
2004-05-26 21:00:00+00:00,0.006395995550611655,617.9601311223041,8.219353715221978e-05,1.0,buy_and_hold
2004-05-27 21:00:00+00:00,0.00635534678087879,621.8874820523437,8.219353715244182e-05,1.0,buy_and_hold
2004-05-28 21:00:00+00:00,0.003569467325645226,624.1072890997573,8.219353715244182e-05,1.0,buy_and_hold
2004-06-01 21:00:00+00:00,-0.0013679890560873709,623.2535171584444,0.0003287752129645938,1.0,buy_and_hold
2004-06-02 21:00:00+00:00,-0.0021917808219178436,621.8874820523437,8.219353715221978e-05,1.0,buy_and_hold
2004-06-03 21:00:00+00:00,-0.012081274025260935,614.3742889687898,8.219353715244182e-05,1.0,buy_and_hold
2004-06-04 21:00:00+00:00,0.005836575875486361,617.9601311223041,8.219353715266386e-05,1.0,buy_and_hold
2004-06-07 21:00:00+00:00,0.023763470571981138,632.6450085128866,0.0002465813210268397,1.0,buy_and_hold
2004-06-08 21:00:00+00:00,0.0013495276653172628,633.4987804541996,8.219353715244182e-05,1.0,buy_and_hold
2004-06-09 21:00:00+00:00,-0.014016172506738589,624.6195522645451,8.219353715221978e-05,1.0,buy_and_hold
2004-06-10 21:00:00+00:00,0.0071077091306726015,629.0591663593724,8.219353715221978e-05,1.0,buy_and_hold
2004-06-14 21:00:00+00:00,-0.014115092290988063,620.1799381697178,0.00032877521296437173,1.0,buy_and_hold
2004-06-15 21:00:00+00:00,0.012940528634361126,628.2053944180594,8.219353715266386e-05,1.0,buy_and_hold
2004-06-16 21:00:00+00:00,-0.0016308779559663922,627.1808680884839,8.219353715266386e-05,1.0,buy_and_hold
2004-06-17 21:00:00+00:00,-0.009256738361012817,621.3752188875559,8.219353715244182e-05,1.0,buy_and_hold
2004-06-18 21:00:00+00:00,0.0013740038472107585,622.2289908288689,8.219353715221978e-05,1.0,buy_and_hold
2004-06-21 21:00:00+00:00,-0.007958287596048219,617.2771135692539,0.00024658132102706176,1.0,buy_and_hold
2004-06-22 21:00:00+00:00,0.0146611341632088,626.327096147171,8.219353715221978e-05,1.0,buy_and_hold
2004-06-23 21:00:00+00:00,0.011995637949836269,633.8402892307248,8.219353715199773e-05,1.0,buy_and_hold
2004-06-24 21:00:00+00:00,-0.0018857758620690612,632.6450085128866,8.219353715221978e-05,1.0,buy_and_hold
2004-06-25 21:00:00+00:00,0.0075573549257761385,637.4261313842392,8.219353715266386e-05,1.0,buy_and_hold
2004-06-28 21:00:00+00:00,-0.008304312885079046,632.132745348099,0.00024658132102706176,1.0,buy_and_hold
2004-06-29 21:00:00+00:00,0.009454349000540097,638.1091489372894,8.219353715221978e-05,1.0,buy_and_hold
2004-06-30 21:00:00+00:00,0.009900990099010132,644.4270613030053,8.219353715199773e-05,1.0,buy_and_hold
2004-07-01 21:00:00+00:00,-0.018547959724430463,632.474254124624,8.219353715244182e-05,1.0,buy_and_hold
2004-07-02 21:00:00+00:00,-0.005939524838012855,628.7176575828472,8.219353715221978e-05,1.0,buy_and_hold
2004-07-06 21:00:00+00:00,-0.021455730581205756,615.2280609101028,0.00032877521296392764,1.0,buy_and_hold
2004-07-07 21:00:00+00:00,0.0019428254232582987,616.4233416279409,8.219353715244182e-05,1.0,buy_and_hold
2004-07-08 21:00:00+00:00,-0.011080332409972193,609.5931660974375,8.219353715266386e-05,1.0,buy_and_hold
2004-07-09 21:00:00+00:00,0.0014005602240894088,610.4469380387503,8.219353715244182e-05,1.0,buy_and_hold
2004-07-12 21:00:00+00:00,-0.00419580419580412,607.8856222148115,0.00024658132102706176,1.0,buy_and_hold
2004-07-13 21:00:00+00:00,-0.001404494382022503,607.0318502734985,8.219353715244182e-05,1.0,buy_and_hold
2004-07-14 21:00:00+00:00,-0.010126582278481067,600.8846922960454,8.219353715199773e-05,1.0,buy_and_hold
2004-07-15 21:00:00+00:00,-0.0034100596760442414,598.8356396368944,8.219353715244182e-05,1.0,buy_and_hold
2004-07-16 21:00:00+00:00,-0.01140575990875381,592.005464106391,8.219353715266386e-05,1.0,buy_and_hold
2004-07-19 21:00:00+00:00,-0.002019036631093263,590.8101833885528,0.0002465813210268397,1.0,buy_and_hold
2004-07-20 21:00:00+00:00,0.0239884393063583,604.9827976143475,8.219353715221978e-05,1.0,buy_and_hold
2004-07-21 21:00:00+00:00,-0.029071408410951127,587.395095623301,8.219353715244182e-05,1.0,buy_and_hold
2004-07-22 21:00:00+00:00,0.013662790697674287,595.4205518716426,8.219353715244182e-05,1.0,buy_and_hold
2004-07-23 21:00:00+00:00,-0.018927444794952675,584.1507622463118,8.219353715244182e-05,1.0,buy_and_hold
2004-07-26 21:00:00+00:00,-0.004384682841274468,581.589446422373,0.0002465813210268397,1.0,buy_and_hold
2004-07-27 21:00:00+00:00,0.013799177921315353,589.6149026707146,8.219353715221978e-05,1.0,buy_and_hold
2004-07-28 21:00:00+00:00,-0.004344048653344923,587.0535868467758,8.219353715244182e-05,1.0,buy_and_hold
2004-07-29 21:00:00+00:00,0.011634671320535306,593.8837623772794,8.219353715221978e-05,1.0,buy_and_hold
2004-07-30 21:00:00+00:00,0.003162737205290256,595.7620606481678,8.219353715199773e-05,1.0,buy_and_hold
2004-08-02 21:00:00+00:00,0.0020063055316710265,596.957341366006,0.00024658132102639563,1.0,buy_and_hold
2004-08-03 21:00:00+00:00,-0.020881006864988838,584.4922710228369,8.219353715221978e-05,1.0,buy_and_hold
2004-08-04 21:00:00+00:00,0.0002921413964360742,584.6630254110996,8.219353715266386e-05,1.0,buy_and_hold
2004-08-05 21:00:00+00:00,-0.01869158878504673,573.734744562294,8.219353715244182e-05,1.0,buy_and_hold
2004-08-06 21:00:00+00:00,-0.02619047619047621,558.7083583951863,8.219353715221978e-05,1.0,buy_and_hold
2004-08-09 21:00:00+00:00,0.0024449877750609694,560.074393501287,0.0002465813210268397,1.0,buy_and_hold
2004-08-10 21:00:00+00:00,0.012500000000000178,567.0753234200531,8.219353715244182e-05,1.0,buy_and_hold
2004-08-11 21:00:00+00:00,-0.008732309545317563,562.1234461604381,8.219353715266386e-05,1.0,buy_and_hold
2004-08-12 21:00:00+00:00,-0.013669501822600405,554.4394986886216,8.219353715244182e-05,1.0,buy_and_hold
2004-08-13 21:00:00+00:00,0.0015398829688944016,555.2932706299346,8.219353715221978e-05,1.0,buy_and_hold
2004-08-16 21:00:00+00:00,0.011377613776137885,561.6111829956503,0.0002465813210268397,1.0,buy_and_hold
2004-08-17 21:00:00+00:00,0.01124961994527185,567.929095361366,8.219353715244182e-05,1.0,buy_and_hold
2004-08-18 21:00:00+00:00,0.01773902585688525,578.0036042688587,8.219353715244182e-05,1.0,buy_and_hold
2004-08-19 21:00:00+00:00,-0.005317577548005881,574.9300252801321,8.219353715199773e-05,1.0,buy_and_hold
2004-08-20 21:00:00+00:00,0.010098010098010146,580.7356744810601,8.219353715221978e-05,1.0,buy_and_hold
2004-08-23 21:00:00+00:00,0.0023522493384300347,582.1017095871608,0.0002465813210268397,1.0,buy_and_hold
2004-08-24 21:00:00+00:00,-0.00029334115576418185,581.9309551988982,8.219353715266386e-05,1.0,buy_and_hold
2004-08-25 21:00:00+00:00,0.013791079812206508,589.9564114472398,8.219353715266386e-05,1.0,buy_and_hold
2004-08-26 21:00:00+00:00,-0.00434153400868309,587.395095623301,8.219353715244182e-05,1.0,buy_and_hold
2004-08-27 21:00:00+00:00,0.0046511627906977715,590.1271658355024,8.219353715199773e-05,1.0,buy_and_hold
2004-08-30 21:00:00+00:00,-0.01678240740740744,580.2234113162723,0.0002465813210272838,1.0,buy_and_hold
2004-08-31 21:00:00+00:00,0.0011771630370809305,580.9064288693228,8.219353715266386e-05,1.0,buy_and_hold
2004-09-01 21:00:00+00:00,0.007348618459729561,585.1752885758874,8.219353715244182e-05,1.0,buy_and_hold
2004-09-02 21:00:00+00:00,0.014881820834549142,593.8837623772794,8.219353715266386e-05,1.0,buy_and_hold
2004-09-03 21:00:00+00:00,-0.01840138010350767,582.9554815284738,8.219353715244182e-05,1.0,buy_and_hold
2004-09-07 21:00:00+00:00,0.008494434680726304,587.9073587880888,0.0003287752129641497,1.0,buy_and_hold
2004-09-08 21:00:00+00:00,-0.0037757769387163354,585.6875517406751,8.219353715244182e-05,1.0,buy_and_hold
2004-09-09 21:00:00+00:00,0.008454810495627019,590.6394290002902,8.219353715244182e-05,1.0,buy_and_hold
2004-09-10 21:00:00+00:00,0.015322347499276967,599.6894115782072,8.219353715288591e-05,1.0,buy_and_hold
2004-09-13 21:00:00+00:00,0.01309794988610502,607.5441134382863,0.0002465813210268397,1.0,buy_and_hold
2004-09-14 21:00:00+00:00,0.0014052838673412893,608.3978853795993,8.219353715244182e-05,1.0,buy_and_hold
2004-09-15 21:00:00+00:00,-0.010665169800729735,601.909218625621,8.219353715199773e-05,1.0,buy_and_hold
2004-09-16 21:00:00+00:00,0.001985815602836949,603.1044993434591,8.219353715244182e-05,1.0,buy_and_hold
2004-09-17 21:00:00+00:00,0.003114382785956993,604.9827976143475,8.219353715221978e-05,1.0,buy_and_hold
2004-09-20 21:00:00+00:00,0.0,604.9827976143475,0.0002465813210272838,1.0,buy_and_hold
2004-09-21 21:00:00+00:00,0.003951453570420593,607.3733590500237,8.219353715199773e-05,1.0,buy_and_hold
2004-09-22 21:00:00+00:00,-0.017430418892324884,596.7865869777434,8.219353715288591e-05,1.0,buy_and_hold
2004-09-23 21:00:00+00:00,-0.0008583690987125081,596.2743238129556,8.219353715244182e-05,1.0,buy_and_hold
2004-09-24 21:00:00+00:00,-0.003436426116838587,594.2252711538044,8.219353715266386e-05,1.0,buy_and_hold
2004-09-27 21:00:00+00:00,-0.008620689655172376,589.1026395059268,0.00024658132102706176,1.0,buy_and_hold
2004-09-28 21:00:00+00:00,0.0020289855072463947,590.297920223765,8.219353715244182e-05,1.0,buy_and_hold
2004-09-29 21:00:00+00:00,0.014752675730402176,599.006394025157,8.219353715266386e-05,1.0,buy_and_hold
2004-09-30 21:00:00+00:00,0.0017103762827823665,600.0309203547325,8.219353715266386e-05,1.0,buy_and_hold
2004-10-01 21:00:00+00:00,0.027319294251564985,616.4233416279409,8.219353715199773e-05,1.0,buy_and_hold
2004-10-04 21:00:00+00:00,0.005817174515235557,620.0091837814552,0.0002465813210268397,1.0,buy_and_hold
2004-10-05 21:00:00+00:00,0.0013770311209031494,620.8629557227681,8.219353715221978e-05,1.0,buy_and_hold
2004-10-06 21:00:00+00:00,0.007975797579758082,625.8148329823832,8.219353715221978e-05,1.0,buy_and_hold
2004-10-07 21:00:00+00:00,-0.011186903137789805,618.8139030636172,8.219353715288591e-05,1.0,buy_and_hold
2004-10-08 21:00:00+00:00,-0.018211920529801473,607.5441134382863,8.219353715244182e-05,1.0,buy_and_hold
2004-10-11 21:00:00+00:00,0.004777965148960117,610.4469380387503,0.00024658132102706176,1.0,buy_and_hold
2004-10-12 21:00:00+00:00,-0.0016783216783217147,609.4224117091748,8.219353715288591e-05,1.0,buy_and_hold
2004-10-13 21:00:00+00:00,-0.0022415242364807186,608.0563766030741,8.219353715266386e-05,1.0,buy_and_hold
2004-10-14 21:00:00+00:00,-0.004493119910137566,605.3243063908727,8.219353715244182e-05,1.0,buy_and_hold
2004-10-15 21:00:00+00:00,0.005077574047954947,608.3978853795993,8.219353715221978e-05,1.0,buy_and_hold
2004-10-18 21:00:00+00:00,0.014313780522031916,617.1063591809913,0.0002465813210268397,1.0,buy_and_hold
2004-10-19 21:00:00+00:00,-0.007194244604316502,612.666745086164,8.219353715221978e-05,1.0,buy_and_hold
2004-10-20 21:00:00+00:00,0.004738015607580692,615.5695696866279,8.219353715244182e-05,1.0,buy_and_hold
2004-10-21 21:00:00+00:00,0.015256588072122046,624.9610610410703,8.219353715244182e-05,1.0,buy_and_hold
2004-10-22 21:00:00+00:00,-0.021857923497267895,611.3007099800632,8.219353715221978e-05,1.0,buy_and_hold
2004-10-25 21:00:00+00:00,-0.00474860335195515,608.3978853795993,0.0002465813210268397,1.0,buy_and_hold
2004-10-26 21:00:00+00:00,0.005332584900364923,611.6422187565885,8.219353715244182e-05,1.0,buy_and_hold
2004-10-27 21:00:00+00:00,0.02540480178671123,627.1808680884839,8.219353715244182e-05,1.0,buy_and_hold
2004-10-28 21:00:00+00:00,0.006261911244214602,631.1082190185234,8.219353715244182e-05,1.0,buy_and_hold
2004-10-29 21:00:00+00:00,-0.0016233766233766378,630.0836926889478,8.219353715221978e-05,1.0,buy_and_hold
2004-11-01 22:00:00+00:00,0.003794037940379358,632.474254124624,0.00025000606652447743,1.0,buy_and_hold
2004-11-02 22:00:00+00:00,0.003239740820734305,634.5233067837751,8.219353715199773e-05,1.0,buy_and_hold
2004-11-03 22:00:00+00:00,0.006727664155005364,638.7921664903398,8.219353715221978e-05,1.0,buy_and_hold
2004-11-04 22:00:00+00:00,0.005613472333600766,642.3780086438542,8.219353715221978e-05,1.0,buy_and_hold
2004-11-05 22:00:00+00:00,0.009037745879851178,648.1836578447821,8.219353715244182e-05,1.0,buy_and_hold
2004-11-08 22:00:00+00:00,0.0010537407797681642,648.8666753978325,0.00024658132102706176,1.0,buy_and_hold
2004-11-09 22:00:00+00:00,-0.00210526315789461,647.5006402917319,8.219353715244182e-05,1.0,buy_and_hold
2004-11-10 22:00:00+00:00,-0.003428270042194259,645.2808332443182,8.219353715244182e-05,1.0,buy_and_hold
2004-11-11 22:00:00+00:00,0.013231013495633714,653.8185526574475,8.219353715221978e-05,1.0,buy_and_hold
2004-11-12 22:00:00+00:00,0.009663097414468469,660.1364650231633,8.219353715266386e-05,1.0,buy_and_hold
2004-11-15 22:00:00+00:00,0.004397309881013944,663.0392896236273,0.00024658132102706176,1.0,buy_and_hold
2004-11-16 22:00:00+00:00,-0.0061807880504762824,658.9411843053252,8.219353715221978e-05,1.0,buy_and_hold
2004-11-17 22:00:00+00:00,0.013474993521637613,667.8204124949797,8.219353715288591e-05,1.0,buy_and_hold
2004-11-18 22:00:00+00:00,0.004602403477371508,670.8939914837063,8.219353715266386e-05,1.0,buy_and_hold
2004-11-19 22:00:00+00:00,-0.01552557902774232,660.4779737996885,8.219353715266386e-05,1.0,buy_and_hold
2004-11-22 22:00:00+00:00,0.00956566701137529,666.7958861654041,0.00024658132102706176,1.0,buy_and_hold
2004-11-23 22:00:00+00:00,-0.0015364916773366044,665.7713598358287,8.219353715199773e-05,1.0,buy_and_hold
2004-11-24 22:00:00+00:00,0.008720184662734054,671.5770090367566,8.219353715221978e-05,1.0,buy_and_hold
2004-11-26 22:00:00+00:00,-0.0030511060259343914,669.5279563776056,0.00016438734991086612,1.0,buy_and_hold
2004-11-29 22:00:00+00:00,-0.0002550369803621111,669.357201989343,0.0002465813210268397,1.0,buy_and_hold
2004-11-30 22:00:00+00:00,-0.0020408163265306367,667.9911668832423,8.219330843450834e-05,1.0,buy_and_hold
2004-12-01 22:00:00+00:00,0.020449897750511425,681.6515179442493,8.219353715221978e-05,1.0,buy_and_hold
2004-12-02 22:00:00+00:00,0.0037575150300601656,684.2128337681881,8.219353715221978e-05,1.0,buy_and_hold
2004-12-03 22:00:00+00:00,0.001497379585724934,685.2373600977637,8.219353715244182e-05,1.0,buy_and_hold
2004-12-06 22:00:00+00:00,0.0034886618489906596,687.6279215334399,0.0002465813210268397,1.0,buy_and_hold
2004-12-07 22:00:00+00:00,-0.01713434318351148,675.8458687433213,8.219353715244182e-05,1.0,buy_and_hold
2004-12-08 22:00:00+00:00,0.0058110156644772815,679.7732196733609,8.219353715244182e-05,1.0,buy_and_hold
2004-12-09 22:00:00+00:00,0.006028636021100153,683.871324991663,8.219353715266386e-05,1.0,buy_and_hold
2004-12-10 22:00:00+00:00,-0.0029962546816478808,681.822272332512,8.219353715244182e-05,1.0,buy_and_hold
2004-12-13 22:00:00+00:00,0.008765339343851819,687.7986759217025,0.0002465813210268397,1.0,buy_and_hold
2004-12-14 22:00:00+00:00,0.004890764647467627,691.1625373704754,8.219353715244182e-05,1.0,buy_and_hold
2004-12-15 22:00:00+00:00,-0.0036316920720409485,688.6524478630154,8.219353715221978e-05,1.0,buy_and_hold
2004-12-16 22:00:00+00:00,-0.009422266303000137,682.1637811090371,8.219353715266386e-05,1.0,buy_and_hold
2004-12-17 22:00:00+00:00,-0.002454832842767485,680.4891830550242,8.219353715221978e-05,1.0,buy_and_hold
2004-12-20 22:00:00+00:00,-0.006966434452184811,675.7485997658506,0.00024658132102706176,1.0,buy_and_hold
2004-12-21 22:00:00+00:00,0.012244897959183376,684.0230724160446,8.219353715244182e-05,1.0,buy_and_hold
2004-12-22 22:00:00+00:00,0.0012600806451612545,684.8849966504398,8.219353715221978e-05,1.0,buy_and_hold
2004-12-23 22:00:00+00:00,0.0007047571104961126,685.3676742217012,8.219353715244182e-05,1.0,buy_and_hold
2004-12-27 22:00:00+00:00,-0.004225564666230697,682.4716087941333,0.0003287752129641497,1.0,buy_and_hold
2004-12-28 22:00:00+00:00,0.009598383430158952,689.0222329755369,8.219353715221978e-05,1.0,buy_and_hold
2004-12-29 22:00:00+00:00,0.0012509382036527406,689.8841572099321,8.219353715266386e-05,1.0,buy_and_hold
2004-12-30 22:00:00+00:00,-0.0007496251874063997,689.367002669295,8.219353715221978e-05,1.0,buy_and_hold
2004-12-31 22:00:00+00:00,-0.0018754688672169006,688.0741163177021,8.219353715244182e-05,1.0,buy_and_hold
2005-01-03 22:00:00+00:00,-0.01042214706250777,680.9029066875339,0.00024658132102661767,1.0,buy_and_hold
2005-01-04 22:00:00+00:00,-0.018202992480822244,668.5084361969307,8.219353715266386e-05,1.0,buy_and_hold
2005-01-05 22:00:00+00:00,-0.006188757091284192,664.3711998718336,8.219353715244182e-05,1.0,buy_and_hold
2005-01-06 22:00:00+00:00,-0.005007784120394265,661.0441723270682,8.219353715221978e-05,1.0,buy_and_hold
2005-01-07 22:00:00+00:00,0.005293764831668435,664.5435847187126,8.219353715266386e-05,1.0,buy_and_hold
2005-01-10 22:00:00+00:00,-0.0005188067444874545,664.1988150249547,0.00024658132102706176,1.0,buy_and_hold
2005-01-11 22:00:00+00:00,-0.007033480404879389,659.5271856745326,8.219353715244182e-05,1.0,buy_and_hold
2005-01-12 22:00:00+00:00,0.008390182702109117,665.0607392593498,8.219353715221978e-05,1.0,buy_and_hold
2005-01-13 22:00:00+00:00,-0.013219284603421366,656.2691120685187,8.219353715244182e-05,1.0,buy_and_hold
2005-01-14 22:00:00+00:00,0.009456264775413725,662.4749665561642,8.219353715177569e-05,1.0,buy_and_hold
2005-01-18 22:00:00+00:00,0.007546187874056587,667.4741271156564,0.0003287752129641497,1.0,buy_and_hold
2005-01-19 22:00:00+00:00,-0.016528925619834767,656.4414969153976,8.219353715244182e-05,1.0,buy_and_hold
2005-01-20 22:00:00+00:00,-0.01917016806722671,643.8574030932275,8.219353715244182e-05,1.0,buy_and_hold
2005-01-21 22:00:00+00:00,-0.008032128514056325,638.6858576868561,8.219353715266386e-05,1.0,buy_and_hold
2005-01-24 22:00:00+00:00,-0.014035087719298067,629.721845649146,0.0002465813210268397,1.0,buy_and_hold
2005-01-25 22:00:00+00:00,0.004927456884752157,632.8247728929687,8.219353715244182e-05,1.0,buy_and_hold
2005-01-26 22:00:00+00:00,0.011985834922364491,640.4097061556466,8.219353715244182e-05,1.0,buy_and_hold
2005-01-27 22:00:00+00:00,-0.0013458950201884479,639.5477819212514,8.219353715244182e-05,1.0,buy_and_hold
2005-01-28 22:00:00+00:00,-0.004851752021563183,636.4448546774287,8.219353715266386e-05,1.0,buy_and_hold
2005-01-31 22:00:00+00:00,0.013001083423618498,644.7193273276226,0.0002465813210272838,1.0,buy_and_hold
2005-02-01 22:00:00+00:00,0.0032085561497328108,646.7879454901713,8.219353715221978e-05,1.0,buy_and_hold
2005-02-02 22:00:00+00:00,0.0015991471215350828,647.8222545714455,8.219353715266386e-05,1.0,buy_and_hold
2005-02-03 22:00:00+00:00,-0.011335816923895625,640.4786600943983,8.219353715221978e-05,1.0,buy_and_hold
2005-02-04 22:00:00+00:00,0.016041341443720825,650.7527969683892,8.219353715221978e-05,1.0,buy_and_hold
2005-02-07 22:00:00+00:00,-0.0020132450331127316,649.4426721321084,0.0002465813210268397,1.0,buy_and_hold
2005-02-08 22:00:00+00:00,0.00175187131708876,650.5804121215102,8.219353715288591e-05,1.0,buy_and_hold
2005-02-09 22:00:00+00:00,-0.016693163751987372,639.7201667681304,8.219353715221978e-05,1.0,buy_and_hold
2005-02-10 22:00:00+00:00,0.0010778765831314097,640.4097061556466,8.219353715244182e-05,1.0,buy_and_hold
2005-02-11 22:00:00+00:00,0.014804845222072593,649.890872733994,8.219353715244182e-05,1.0,buy_and_hold
2005-02-14 22:00:00+00:00,0.0044827586206896974,652.8041766462499,0.0002465813210268397,1.0,buy_and_hold
2005-02-15 22:00:00+00:00,0.0066281127043226196,657.1310363029138,8.219353715244182e-05,1.0,buy_and_hold
2005-02-16 22:00:00+00:00,-0.003672612801678854,654.7176484466072,8.219353715244182e-05,1.0,buy_and_hold
2005-02-17 22:00:00+00:00,-0.013428120063191273,645.9260212557759,8.219353715244182e-05,1.0,buy_and_hold
2005-02-18 22:00:00+00:00,-0.0032025620496395346,643.8574030932275,8.219353715221978e-05,1.0,buy_and_hold
2005-02-22 22:00:00+00:00,-0.012315930388219543,635.9277001367915,0.00032877521296437173,1.0,buy_and_hold
2005-02-23 22:00:00+00:00,0.0013553808620221375,636.7896243711866,8.219353715266386e-05,1.0,buy_and_hold
2005-02-24 22:00:00+00:00,0.012723335138061787,644.8917121745017,8.219353715266386e-05,1.0,buy_and_hold
2005-02-25 22:00:00+00:00,0.005613472333600544,648.5117939589616,8.219353715244182e-05,1.0,buy_and_hold
2005-02-28 22:00:00+00:00,-0.010632642211589438,641.6164000837999,0.00024658132102639563,1.0,buy_and_hold
2005-03-01 22:00:00+00:00,0.011015583019881703,648.6841788058407,8.219353715244182e-05,1.0,buy_and_hold
2005-03-02 22:00:00+00:00,-0.0005314908317830547,648.3394091120826,8.219353715221978e-05,1.0,buy_and_hold
2005-03-03 22:00:00+00:00,-0.008242488699813921,642.9954788588323,8.219353715244182e-05,1.0,buy_and_hold
2005-03-04 22:00:00+00:00,0.005898123324396876,646.7879454901713,8.219353715266386e-05,1.0,buy_and_hold
2005-03-07 22:00:00+00:00,0.014392324093816633,656.0967272216396,0.0002465813210272838,1.0,buy_and_hold
2005-03-08 22:00:00+00:00,-0.0099842354177615,649.546103040236,8.219353715221978e-05,1.0,buy_and_hold
2005-03-09 22:00:00+00:00,-0.0029193205944798573,647.6498697245664,8.219353715288591e-05,1.0,buy_and_hold
2005-03-10 22:00:00+00:00,-0.0013308490817139917,646.7879454901713,8.219353715221978e-05,1.0,buy_and_hold
2005-03-11 22:00:00+00:00,-0.00932835820895539,640.7544758494047,8.219353715266386e-05,1.0,buy_and_hold
2005-03-14 22:00:00+00:00,0.004573580844767333,643.6850182463485,0.00024658132102639563,1.0,buy_and_hold
2005-03-15 22:00:00+00:00,-0.008034279592929905,638.5134728399771,8.219353715221978e-05,1.0,buy_and_hold
2005-03-16 22:00:00+00:00,-0.011474082073433922,631.1871168476179,8.219353715221978e-05,1.0,buy_and_hold
2005-03-17 22:00:00+00:00,0.002594565068960719,632.8247728929687,8.219353715244182e-05,1.0,buy_and_hold
2005-03-18 22:00:00+00:00,-0.005448106782892981,629.3770759553878,8.219353715266386e-05,1.0,buy_and_hold
2005-03-21 22:00:00+00:00,0.0019172829361817634,630.5837698835411,0.0002465813210268397,1.0,buy_and_hold
2005-03-22 22:00:00+00:00,-0.012301804264625349,622.8264517739842,8.219353715221978e-05,1.0,buy_and_hold
2005-03-23 22:00:00+00:00,0.003598117907555931,625.0674547834117,8.219353715244182e-05,1.0,buy_and_hold
2005-03-24 22:00:00+00:00,0.0002757859900719417,625.2398396302908,8.219353715288591e-05,1.0,buy_and_hold
2005-03-28 22:00:00+00:00,0.001929969671905063,626.4465335584441,0.0003287752129641497,1.0,buy_and_hold
2005-03-29 22:00:00+00:00,-0.007980187121629179,621.4473729989518,8.219353715244182e-05,1.0,buy_and_hold
2005-03-30 22:00:00+00:00,0.018862690707350804,633.1695425867267,8.219353715244182e-05,1.0,buy_and_hold
2005-03-31 22:00:00+00:00,-0.004356112169888293,630.4113850366621,8.219353715244182e-05,1.0,buy_and_hold
2005-04-01 22:00:00+00:00,-0.010117582718074836,624.0331457021375,8.219353715221978e-05,1.0,buy_and_hold
2005-04-04 21:00:00+00:00,0.007182320441988965,628.5151517209927,0.00024315657552942405,1.0,buy_and_hold
2005-04-05 21:00:00+00:00,0.0027427317608337276,630.239000189783,8.219353715221978e-05,1.0,buy_and_hold
2005-04-06 21:00:00+00:00,-0.001641137855579844,629.2046911085088,8.219353715244182e-05,1.0,buy_and_hold
2005-04-07 21:00:00+00:00,0.012054794520547807,636.7896243711866,8.219353715221978e-05,1.0,buy_and_hold
2005-04-08 21:00:00+00:00,-0.008121277747698885,631.6180789648154,8.219353715244182e-05,1.0,buy_and_hold
2005-04-11 21:00:00+00:00,-0.004366812227074357,628.8599214147506,0.00024658132102661767,1.0,buy_and_hold
2005-04-12 21:00:00+00:00,0.00493421052631593,631.9628486585734,8.219353715244182e-05,1.0,buy_and_hold
2005-04-13 21:00:00+00:00,-0.016366612111292755,621.6197578458309,8.219353715244182e-05,1.0,buy_and_hold
2005-04-14 21:00:00+00:00,-0.014143094841930326,612.8281306549995,8.219353715244182e-05,1.0,buy_and_hold
2005-04-15 21:00:00+00:00,-0.022784810126582067,598.8649580577971,8.219353715244182e-05,1.0,buy_and_hold
2005-04-18 21:00:00+00:00,0.0002878526194587394,599.0373429046762,0.00024658132102750585,1.0,buy_and_hold
2005-04-19 21:00:00+00:00,0.0069064748201439485,603.1745792297733,8.219353715288591e-05,1.0,buy_and_hold
2005-04-20 21:00:00+00:00,-0.008173763932552314,598.2443726090326,8.219353715266386e-05,1.0,buy_and_hold
2005-04-21 21:00:00+00:00,0.027720147533425443,614.8277948787965,8.219353715244182e-05,1.0,buy_and_hold
2005-04-22 21:00:00+00:00,-0.01614983457634689,604.8984276985638,8.219353715266386e-05,1.0,buy_and_hold
2005-04-25 21:00:00+00:00,0.008121972071815087,609.8113958346164,0.0002465813210268397,1.0,buy_and_hold
2005-04-26 21:00:00+00:00,-0.009187279151943617,604.2088883110474,8.219353715221978e-05,1.0,buy_and_hold
2005-04-27 21:00:00+00:00,0.0014265335235379428,605.0708125454427,8.219353715266386e-05,1.0,buy_and_hold
2005-04-28 21:00:00+00:00,-0.009971509971509973,599.0373429046762,8.219353715266386e-05,1.0,buy_and_hold
2005-04-29 21:00:00+00:00,0.006618705035971173,603.0021943828941,8.219353715221978e-05,1.0,buy_and_hold
2005-05-02 21:00:00+00:00,0.004002287021154904,605.4155822392007,0.00024658132102661767,1.0,buy_and_hold
2005-05-03 21:00:00+00:00,0.005125284738040969,608.5185094830235,8.219353715288591e-05,1.0,buy_and_hold
2005-05-04 21:00:00+00:00,0.012124645892351182,615.8965809294466,8.219353715244182e-05,1.0,buy_and_hold
2005-05-05 21:00:00+00:00,0.000895656068069961,616.4482124394596,8.219353715221978e-05,1.0,buy_and_hold
2005-05-06 21:00:00+00:00,0.0027125279642057354,618.1203454541862,8.219353715221978e-05,1.0,buy_and_hold
2005-05-09 21:00:00+00:00,0.004824720417212935,621.1026033051937,0.00024658132102661767,1.0,buy_and_hold
2005-05-10 21:00:00+00:00,-0.007327227310574558,616.551643347587,8.219353715221978e-05,1.0,buy_and_hold
2005-05-11 21:00:00+00:00,0.005144550690600047,619.7235245301614,8.219353715244182e-05,1.0,buy_and_hold
2005-05-12 21:00:00+00:00,-0.0027816411682891617,617.999676061371,8.219353715221978e-05,1.0,buy_and_hold
2005-05-13 21:00:00+00:00,0.01087866108786617,624.7226850896537,8.219353715244182e-05,1.0,buy_and_hold
2005-05-16 21:00:00+00:00,0.006732891832229582,628.9288753535023,0.00024658132102706176,1.0,buy_and_hold
2005-05-17 21:00:00+00:00,0.0059204034645323755,632.6523880460896,8.219353715221978e-05,1.0,buy_and_hold
2005-05-18 21:00:00+00:00,0.013623978201634968,641.2716303900419,8.219353715244182e-05,1.0,buy_and_hold
2005-05-19 21:00:00+00:00,0.00838709677419347,646.650037612668,8.219353715266386e-05,1.0,buy_and_hold
2005-05-20 21:00:00+00:00,0.0039454041373425675,649.2013333464778,8.219353715199773e-05,1.0,buy_and_hold
2005-05-23 21:00:00+00:00,0.005045140732873099,652.4766454371796,0.0002465813210268397,1.0,buy_and_hold
2005-05-24 21:00:00+00:00,0.0031704095112286,654.5452635997282,8.219353715266386e-05,1.0,buy_and_hold
2005-05-25 21:00:00+00:00,-0.004213853041875049,651.7871060496635,8.219353715244182e-05,1.0,buy_and_hold
2005-05-26 21:00:00+00:00,0.010050251256281229,658.3377302310671,8.219353715244182e-05,1.0,buy_and_hold
2005-05-27 21:00:00+00:00,0.0005236973029589809,658.6824999248253,8.219353715244182e-05,1.0,buy_and_hold
2005-05-31 21:00:00+00:00,-0.0034022507197070118,656.4414969153976,0.0003287752129641497,1.0,buy_and_hold
2005-06-01 21:00:00+00:00,0.00814075630252109,661.785427168648,8.219353715244182e-05,1.0,buy_and_hold
2005-06-02 21:00:00+00:00,0.007033081531648833,666.4398180343821,8.219353715266386e-05,1.0,buy_and_hold
2005-06-03 21:00:00+00:00,-0.014485256078634157,656.7862666091557,8.219353715244182e-05,1.0,buy_and_hold
2005-06-06 21:00:00+00:00,0.0002624671916009458,656.9586514560348,0.00024658132102706176,1.0,buy_and_hold
2005-06-07 21:00:00+00:00,-0.008396746260823984,651.4423363559054,8.219353715244182e-05,1.0,buy_and_hold
2005-06-08 21:00:00+00:00,-0.00211696215930135,650.063257580873,8.219353715244182e-05,1.0,buy_and_hold
2005-06-09 21:00:00+00:00,0.006364359586316759,654.2004939059701,8.219353715266386e-05,1.0,buy_and_hold
2005-06-10 21:00:00+00:00,-0.010619235836627272,647.2533845767446,8.219353715266386e-05,1.0,buy_and_hold
2005-06-13 21:00:00+00:00,0.004873891389458596,650.4080272746311,0.0002465813210268397,1.0,buy_and_hold
2005-06-14 21:00:00+00:00,-0.003975616220514122,647.8222545714455,8.219353715244182e-05,1.0,buy_and_hold
2005-06-15 21:00:00+00:00,0.0031931878658861823,649.890872733994,8.219353715266386e-05,1.0,buy_and_hold
2005-06-16 21:00:00+00:00,0.0053050397877985045,653.3385696715749,8.219353715244182e-05,1.0,buy_and_hold
2005-06-17 21:00:00+00:00,0.00012086640118202929,653.4175363532445,8.219353715266386e-05,1.0,buy_and_hold
2005-06-20 21:00:00+00:00,0.0,653.4175363532445,0.00024658132102661767,1.0,buy_and_hold
2005-06-21 21:00:00+00:00,-0.0005281225244254673,653.0724518344417,8.219353715221978e-05,1.0,buy_and_hold
2005-06-22 21:00:00+00:00,-0.0010568031704095704,652.382282796836,8.219353715266386e-05,1.0,buy_and_hold
2005-06-23 21:00:00+00:00,-0.011108172441153252,645.1355079019755,8.219353715244182e-05,1.0,buy_and_hold
2005-06-24 21:00:00+00:00,-0.011232949986627494,637.8887330071151,8.219353715266386e-05,1.0,buy_and_hold
2005-06-27 21:00:00+00:00,-0.00459832296456586,634.9555145972906,0.0002465813210268397,1.0,buy_and_hold
2005-06-28 21:00:00+00:00,0.009510869565217517,640.994493676341,8.219353715221978e-05,1.0,buy_and_hold
2005-06-29 21:00:00+00:00,-0.0022072678331089834,639.5796471492492,8.219353715244182e-05,1.0,buy_and_hold
2005-06-30 21:00:00+00:00,-0.0077695046940756685,634.6104300784879,8.219353715244182e-05,1.0,buy_and_hold
2005-07-01 21:00:00+00:00,-0.0014953779227842023,633.6614476517799,8.219353715244182e-05,1.0,buy_and_hold
2005-07-05 21:00:00+00:00,0.010483321987746708,640.3043246387352,0.0003287752129641497,1.0,buy_and_hold
2005-07-06 21:00:00+00:00,-0.004850444624090566,637.1985639695093,8.219353715221978e-05,1.0,buy_and_hold
2005-07-07 21:00:00+00:00,0.0035201733008396463,639.4416133417282,8.219353715221978e-05,1.0,buy_and_hold
2005-07-08 21:00:00+00:00,0.019158121964381936,651.6921137592302,8.219353715221978e-05,1.0,buy_and_hold
2005-07-11 21:00:00+00:00,0.009266613714588257,657.7310928382805,0.00024658132102706176,1.0,buy_and_hold
2005-07-12 21:00:00+00:00,0.004721930745015701,660.8368535075062,8.219353715244182e-05,1.0,buy_and_hold
2005-07-13 21:00:00+00:00,0.0023498694516972396,662.3897338421193,8.219353715221978e-05,1.0,buy_and_hold
2005-07-14 21:00:00+00:00,0.009898411044543032,668.946339699374,8.219353715221978e-05,1.0,buy_and_hold
2005-07-15 21:00:00+00:00,0.0030951766830020766,671.0168468121911,8.219353715244182e-05,1.0,buy_and_hold
2005-07-18 21:00:00+00:00,-0.004037027513499658,668.3079333395885,0.0002465813210268397,1.0,buy_and_hold
2005-07-19 21:00:00+00:00,0.011540546820540731,676.0205723348329,8.219353715244182e-05,1.0,buy_and_hold
2005-07-20 21:00:00+00:00,0.007146503318019359,680.8517555980732,8.219353715266386e-05,1.0,buy_and_hold
2005-07-21 21:00:00+00:00,0.0002534211860110158,681.0242978574745,8.219353715221978e-05,1.0,buy_and_hold
2005-07-22 21:00:00+00:00,-0.001266784899923823,680.1615865604674,8.219353715221978e-05,1.0,buy_and_hold
2005-07-25 21:00:00+00:00,-0.003805175038051778,677.5734526694458,0.00024658132102706176,1.0,buy_and_hold
2005-07-26 21:00:00+00:00,0.0038197097020626902,680.1615865604674,8.219353715266386e-05,1.0,buy_and_hold
2005-07-27 21:00:00+00:00,0.007610350076103334,685.3378543425105,8.219353715266386e-05,1.0,buy_and_hold
2005-07-28 21:00:00+00:00,0.004783484390735282,688.6161572711378,8.219353715221978e-05,1.0,buy_and_hold
2005-07-29 21:00:00+00:00,-0.008393886244049131,682.8359915811897,8.219353715244182e-05,1.0,buy_and_hold
2005-08-01 21:00:00+00:00,0.0018951358180669953,684.1300585267004,0.00024658132102706176,1.0,buy_and_hold
2005-08-02 21:00:00+00:00,0.0108448928121061,691.5493756809623,8.219353715221978e-05,1.0,buy_and_hold
2005-08-03 21:00:00+00:00,-0.0004990019960079417,691.2042911621594,8.219353715266386e-05,1.0,buy_and_hold
2005-08-04 21:00:00+00:00,-0.009660509236145698,684.5269057233238,8.219353715199773e-05,1.0,buy_and_hold
2005-08-05 21:00:00+00:00,-0.004864769490585674,681.1968401168759,8.219353715199773e-05,1.0,buy_and_hold
2005-08-08 21:00:00+00:00,-0.007345491388044523,676.1931145942343,0.00024658132102706176,1.0,buy_and_hold
2005-08-09 21:00:00+00:00,0.0066343454963000426,680.6792133386717,8.219353715199773e-05,1.0,buy_and_hold
2005-08-10 21:00:00+00:00,-0.00861850443599499,674.8127765190228,8.219353715266386e-05,1.0,buy_and_hold
2005-08-11 21:00:00+00:00,0.008233188442853479,680.3686372717491,8.219353715244182e-05,1.0,buy_and_hold
2005-08-12 21:00:00+00:00,-0.005629945222154542,676.5381991130372,8.219353715244182e-05,1.0,buy_and_hold
2005-08-15 21:00:00+00:00,0.0060188727365468875,680.6101964349111,0.00024658132102661767,1.0,buy_and_hold
2005-08-16 21:00:00+00:00,-0.016123307813212917,669.6365087369797,8.219353715244182e-05,1.0,buy_and_hold
2005-08-17 21:00:00+00:00,0.0059263076526667735,673.6049807032127,8.219353715244182e-05,1.0,buy_and_hold
2005-08-18 21:00:00+00:00,-0.005046106557376917,670.2058981930045,8.219353715244182e-05,1.0,buy_and_hold
2005-08-19 21:00:00+00:00,-0.0005921272816210577,669.8090509963811,8.219353715244182e-05,1.0,buy_and_hold
2005-08-22 21:00:00+00:00,0.0005151983513653757,670.1541355151841,0.00024658132102639563,1.0,buy_and_hold
2005-08-23 21:00:00+00:00,-0.0028321318228632375,668.2561706617681,8.219353715221978e-05,1.0,buy_and_hold
2005-08-24 21:00:00+00:00,-0.005938548928479115,664.2876986955351,8.219353715177569e-05,1.0,buy_and_hold
2005-08-25 21:00:00+00:00,0.0022857142857142243,665.8060705782677,8.219353715221978e-05,1.0,buy_and_hold
2005-08-26 21:00:00+00:00,-0.0033196848761273268,663.5958042353353,8.219353715266386e-05,1.0,buy_and_hold
2005-08-29 21:00:00+00:00,0.007802932404920471,668.7737974399724,0.00024658132102661767,1.0,buy_and_hold
2005-08-30 21:00:00+00:00,-0.003611971104231171,666.3582058083523,8.219353715221978e-05,1.0,buy_and_hold
2005-08-31 21:00:00+00:00,0.009321595028482621,672.5697271468041,8.219353715266386e-05,1.0,buy_and_hold
2005-09-01 21:00:00+00:00,-0.001539250897896416,671.5344735903955,8.219353715221978e-05,1.0,buy_and_hold
2005-09-02 21:00:00+00:00,-0.003854059609455174,668.946339699374,8.219353715266386e-05,1.0,buy_and_hold
2005-09-06 21:00:00+00:00,0.014702089244260863,678.7812484852559,0.00032877521296392764,1.0,buy_and_hold
2005-09-07 21:00:00+00:00,0.0017539400101678204,679.9717900751258,8.219353715221978e-05,1.0,buy_and_hold
2005-09-08 21:00:00+00:00,-0.00022837422923704942,679.8165020416644,8.219353715221978e-05,1.0,buy_and_hold
2005-09-09 21:00:00+00:00,0.005558375634517887,683.595177522556,8.219353715244182e-05,1.0,buy_and_hold
2005-09-12 21:00:00+00:00,0.0028016860597186444,685.5103966019119,0.00024658132102706176,1.0,buy_and_hold
2005-09-13 21:00:00+00:00,-0.0025169896803421965,683.7849740078976,8.219353715221978e-05,1.0,buy_and_hold
2005-09-14 21:00:00+00:00,-0.011355034065102299,676.0205723348329,8.219353715244182e-05,1.0,buy_and_hold
2005-09-15 21:00:00+00:00,-0.0005104645227158588,675.6754878160299,8.219353715221978e-05,1.0,buy_and_hold
2005-09-16 21:00:00+00:00,0.006128702757916216,679.8165020416644,8.219353715221978e-05,1.0,buy_and_hold
2005-09-19 21:00:00+00:00,-0.007868020304568235,674.46769200022,0.0002465813210268397,1.0,buy_and_hold
2005-09-20 21:00:00+00:00,-0.00409311844461524,671.7070158497969,8.219353715266386e-05,1.0,buy_and_hold
2005-09-21 21:00:00+00:00,-0.011045466221422995,664.2876986955351,8.219353715244182e-05,1.0,buy_and_hold
2005-09-22 21:00:00+00:00,0.0036363636363636598,666.7032903271553,8.219353715221978e-05,1.0,buy_and_hold
2005-09-23 21:00:00+00:00,0.0028467908902689576,668.601255180571,8.219353715244182e-05,1.0,buy_and_hold
2005-09-26 21:00:00+00:00,0.0002580645161289752,668.7737974399724,0.00024658132102706176,1.0,buy_and_hold
2005-09-27 21:00:00+00:00,-0.0023219814241484116,667.2209171053596,8.219353715244182e-05,1.0,buy_and_hold
2005-09-28 21:00:00+00:00,0.0002585983966898464,667.3934593647609,8.219353715221978e-05,1.0,buy_and_hold
2005-09-29 21:00:00+00:00,0.013443640124095158,676.3656568536358,8.219353715199773e-05,1.0,buy_and_hold
2005-09-30 21:00:00+00:00,0.006632653061224625,680.8517555980732,8.219353715244182e-05,1.0,buy_and_hold
2005-10-03 21:00:00+00:00,0.0025342118601114905,682.5771781920876,0.0002465813210272838,1.0,buy_and_hold
2005-10-04 21:00:00+00:00,-0.0065722952477251795,678.09107944765,8.219353715199773e-05,1.0,buy_and_hold
2005-10-05 21:00:00+00:00,-0.013740458015267132,668.7737974399724,8.219353715244182e-05,1.0,buy_and_hold
2005-10-06 21:00:00+00:00,-0.013157894736842035,659.9741422104992,8.219353715244182e-05,1.0,buy_and_hold
2005-10-07 21:00:00+00:00,0.0023529411764706687,661.5270225451121,8.219353715221978e-05,1.0,buy_and_hold
2005-10-10 21:00:00+00:00,-0.005477308294209782,657.9036350976819,0.0002465813210268397,1.0,buy_and_hold
2005-10-11 21:00:00+00:00,-0.004982953055337025,654.6253321690546,8.219353715244182e-05,1.0,buy_and_hold
2005-10-12 21:00:00+00:00,-0.011939905113336757,646.8091678181695,8.219353715244182e-05,1.0,buy_and_hold
2005-10-13 21:00:00+00:00,0.007816042894870368,651.8646560186316,8.219353715266386e-05,1.0,buy_and_hold
2005-10-14 21:00:00+00:00,0.007411328745367873,656.6958392818719,8.219353715266386e-05,1.0,buy_and_hold
2005-10-17 21:00:00+00:00,0.0031529164477139826,658.7663463946891,0.00024658132102661767,1.0,buy_and_hold
2005-10-18 21:00:00+00:00,-0.007071765322158252,654.1077053908502,8.219353715244182e-05,1.0,buy_and_hold
2005-10-19 21:00:00+00:00,0.020047480875758472,667.2209171053596,8.219353715244182e-05,1.0,buy_and_hold
2005-10-20 21:00:00+00:00,-0.009412981639513984,660.9403788631472,8.219353715266386e-05,1.0,buy_and_hold
2005-10-21 21:00:00+00:00,0.006369759306635858,665.1504099925422,8.219353715244182e-05,1.0,buy_and_hold
2005-10-24 21:00:00+00:00,0.015823605706874133,675.6754878160299,0.0002465813210268397,1.0,buy_and_hold
2005-10-25 21:00:00+00:00,-0.0038304392236975238,673.0873539250084,8.219353715244182e-05,1.0,buy_and_hold
2005-10-26 21:00:00+00:00,-0.005126890540886775,669.6365087369797,8.219353715266386e-05,1.0,buy_and_hold
2005-10-27 21:00:00+00:00,-0.02009791290904417,656.1782125036675,8.219353715244182e-05,1.0,buy_and_hold
2005-10-28 21:00:00+00:00,0.00767814882987139,661.2164464781896,8.219353715221978e-05,1.0,buy_and_hold
2005-10-31 22:00:00+00:00,0.014299879964511097,670.6717622933883,0.0002500060665242554,1.0,buy_and_hold
2005-11-01 22:00:00+00:00,-0.000771803447388586,670.1541355151841,8.219353715244182e-05,1.0,buy_and_hold
2005-11-02 22:00:00+00:00,0.01305355303810507,678.9020280668369,8.219353715221978e-05,1.0,buy_and_hold
2005-11-03 22:00:00+00:00,0.015071034640506298,689.1337840493421,8.219353715221978e-05,1.0,buy_and_hold
2005-11-04 22:00:00+00:00,0.0035052578868302042,691.5493756809623,8.219353715288591e-05,1.0,buy_and_hold
2005-11-07 22:00:00+00:00,0.0012475049900200208,692.4120869779695,0.00024658132102661767,1.0,buy_and_hold
2005-11-08 22:00:00+00:00,0.00024919013207069796,692.5846292373709,8.219353715221978e-05,1.0,buy_and_hold
2005-11-09 22:00:00+00:00,0.0004733432984553865,692.9124595302336,8.219353715221978e-05,1.0,buy_and_hold
2005-11-10 22:00:00+00:00,0.010981349137179741,700.5215731698371,8.219353715244182e-05,1.0,buy_and_hold
2005-11-11 22:00:00+00:00,0.0027093596059111213,702.4195380232528,8.219353715221978e-05,1.0,buy_and_hold
2005-11-14 22:00:00+00:00,9.82559567674901e-05,702.4885549270134,0.0002465813210268397,1.0,buy_and_hold
2005-11-15 22:00:00+00:00,-0.0047649457189172795,699.1412350946256,8.219353715221978e-05,1.0,buy_and_hold
2005-11-16 22:00:00+00:00,0.0061204343534055905,703.4202831277812,8.219353715244182e-05,1.0,buy_and_hold
2005-11-17 22:00:00+00:00,0.013221153846153966,712.7203109095187,8.219353715266386e-05,1.0,buy_and_hold
2005-11-18 22:00:00+00:00,0.0034618829738302104,715.1876652189593,8.219353715244182e-05,1.0,buy_and_hold
2005-11-21 22:00:00+00:00,0.002388419782870743,716.8958335870334,0.0002465813210268397,1.0,buy_and_hold
2005-11-22 22:00:00+00:00,0.0036342631591617103,719.5012217039953,8.219353715244182e-05,1.0,buy_and_hold
2005-11-23 22:00:00+00:00,0.0023980815347719453,721.2266442980095,8.219353715244182e-05,1.0,buy_and_hold
2005-11-25 22:00:00+00:00,0.0021531100478469067,722.7795246326225,0.00016438734991108817,1.0,buy_and_hold
2005-11-28 22:00:00+00:00,-0.008355216042014835,716.7405455535721,0.00024658132102706176,1.0,buy_and_hold
2005-11-29 22:00:00+00:00,-0.0047424169475203115,713.3414630433639,8.219353715221978e-05,1.0,buy_and_hold
2005-11-30 22:00:00+00:00,-0.002491352828773885,711.5642777715291,8.219353715266386e-05,1.0,buy_and_hold
2005-12-01 22:00:00+00:00,0.018598448108632315,724.7982690676192,8.219353715266386e-05,1.0,buy_and_hold
2005-12-02 22:00:00+00:00,0.0023805556216820456,726.5236916616336,8.219353715244182e-05,1.0,buy_and_hold
2005-12-05 22:00:00+00:00,-0.007290949248343392,721.2266442980095,0.00024658132102661767,1.0,buy_and_hold
2005-12-06 22:00:00+00:00,0.0032535885167463974,723.5732190258691,8.219353715221978e-05,1.0,buy_and_hold
2005-12-07 22:00:00+00:00,-0.0018122853872567513,722.2618978544182,8.219353715266386e-05,1.0,buy_and_hold
2005-12-08 22:00:00+00:00,-0.0071428571428571175,717.1028842983152,8.219353715266386e-05,1.0,buy_and_hold
2005-12-09 22:00:00+00:00,0.0037053968865041753,719.7600350930974,8.219353715266386e-05,1.0,buy_and_hold
2005-12-12 22:00:00+00:00,0.0036437732230609754,722.3826774359991,0.00024658132102706176,1.0,buy_and_hold
2005-12-13 22:00:00+00:00,0.004251558506699782,725.4539296533447,8.219353715221978e-05,1.0,buy_and_hold
2005-12-14 22:00:00+00:00,-0.0034724699726483843,722.9348126660838,8.219353715221978e-05,1.0,buy_and_hold
2005-12-15 22:00:00+00:00,0.0016945511826058635,724.159862707834,8.219353715244182e-05,1.0,buy_and_hold
2005-12-16 22:00:00+00:00,-0.006900172469524013,719.1630347596431,8.219353715221978e-05,1.0,buy_and_hold
2005-12-19 22:00:00+00:00,-0.015873015873015706,707.7477484936171,0.00024658132102706176,1.0,buy_and_hold
2005-12-20 22:00:00+00:00,0.0007331378299120228,708.2666251420728,8.219353715266386e-05,1.0,buy_and_hold
2005-12-21 22:00:00+00:00,0.00439560439560438,711.3798850328072,8.219353715244182e-05,1.0,buy_and_hold
2005-12-22 22:00:00+00:00,0.006491611962071486,715.9978872040632,8.219353715199773e-05,1.0,buy_and_hold
2005-12-23 22:00:00+00:00,0.00014493803898818491,716.1016625337543,8.219353715244182e-05,1.0,buy_and_hold
2005-12-27 22:00:00+00:00,-0.008815786295679029,709.7886633108762,0.0003287752129645938,1.0,buy_and_hold
2005-12-28 22:00:00+00:00,-0.0011696476436472425,708.9584606733472,8.219353715244182e-05,1.0,buy_and_hold
2005-12-29 22:00:00+00:00,-0.006586972432300664,704.2885708372455,8.219353715244182e-05,1.0,buy_and_hold
2005-12-30 22:00:00+00:00,-0.007563850687622775,698.9614372464333,8.219353715266386e-05,1.0,buy_and_hold
2006-01-03 22:00:00+00:00,0.022221122438879748,714.4931449235416,0.0003287752129645938,1.0,buy_and_hold
2006-01-04 22:00:00+00:00,0.010409101912369767,721.9303768847404,8.219353715199773e-05,1.0,buy_and_hold
2006-01-05 22:00:00+00:00,0.00431241015812156,725.0436367754747,8.219353715244182e-05,1.0,buy_and_hold
2006-01-06 22:00:00+00:00,0.018129770992366456,738.1885118696866,8.219353715221978e-05,1.0,buy_and_hold
2006-01-09 22:00:00+00:00,0.003980787253982987,741.1270832887742,0.0002465813210272838,1.0,buy_and_hold
2006-01-10 22:00:00+00:00,0.0007024520477294516,741.6476895260582,8.219353715244182e-05,1.0,buy_and_hold
2006-01-11 22:00:00+00:00,0.00769589552238803,747.3553326590712,8.219353715221978e-05,1.0,buy_and_hold
2006-01-12 22:00:00+00:00,-0.004859986114325365,743.7231961198811,8.219353715288591e-05,1.0,buy_and_hold
2006-01-13 22:00:00+00:00,-0.00046511627906975495,743.3772783542439,8.219353715288591e-05,1.0,buy_and_hold
2006-01-17 22:00:00+00:00,-0.006514657980455918,738.5344296353238,0.00032877521296437173,1.0,buy_and_hold
2006-01-18 22:00:00+00:00,-0.011475409836065653,730.0594443772135,8.219353715221978e-05,1.0,buy_and_hold
2006-01-19 22:00:00+00:00,0.0073442312248281905,735.4211697445894,8.219353715244182e-05,1.0,buy_and_hold
2006-01-20 22:00:00+00:00,-0.029868297271872124,713.4553916266301,8.219353715266386e-05,1.0,buy_and_hold
2006-01-23 22:00:00+00:00,0.00024242424242415517,713.6283505094486,0.0002465813210268397,1.0,buy_and_hold
2006-01-24 22:00:00+00:00,0.004362578768783321,716.741610400183,8.219353715221978e-05,1.0,buy_and_hold
2006-01-25 22:00:00+00:00,-0.004343629343629418,713.6283505094486,8.219353715221978e-05,1.0,buy_and_hold
2006-01-26 22:00:00+00:00,0.007028599127484325,718.6441581111874,8.219353715288591e-05,1.0,buy_and_hold
2006-01-27 22:00:00+00:00,0.01347773766546334,728.3298555490277,8.219353715266386e-05,1.0,buy_and_hold
2006-01-30 22:00:00+00:00,0.0018997862740441906,729.7135266115763,0.00024658132102639563,1.0,buy_and_hold
2006-01-31 22:00:00+00:00,-0.0045034368333728425,726.4273078380234,8.219353715266386e-05,1.0,buy_and_hold
2006-02-01 22:00:00+00:00,0.0035714285714285587,729.021691080302,8.219353715266386e-05,1.0,buy_and_hold
2006-02-02 22:00:00+00:00,-0.01708185053380784,716.5686515173645,8.219353715266386e-05,1.0,buy_and_hold
2006-02-03 22:00:00+00:00,-0.012309920347574166,707.7477484936171,8.219353715221978e-05,1.0,buy_and_hold
2006-02-06 22:00:00+00:00,-0.0026881720430107503,705.8452007826128,0.0002465813210268397,1.0,buy_and_hold
2006-02-07 22:00:00+00:00,-0.004410683655966752,702.7319408918784,8.219353715199773e-05,1.0,buy_and_hold
2006-02-08 22:00:00+00:00,0.011567807039133626,710.8610083843515,8.219353715288591e-05,1.0,buy_and_hold
2006-02-09 22:00:00+00:00,-0.00948905109489051,704.115611954427,8.219353715221978e-05,1.0,buy_and_hold
2006-02-10 22:00:00+00:00,0.006140997297961137,708.4395840248914,8.219353715244182e-05,1.0,buy_and_hold
2006-02-13 22:00:00+00:00,-0.011474609374999889,700.3105165324183,0.0002465813210268397,1.0,buy_and_hold
2006-02-14 22:00:00+00:00,0.010125957026426269,707.4018307279799,8.219353715266386e-05,1.0,buy_and_hold
2006-02-15 22:00:00+00:00,0.0063569682151587426,711.8987616812628,8.219353715244182e-05,1.0,buy_and_hold
2006-02-16 22:00:00+00:00,0.00923226433430524,718.4711992283688,8.219353715266386e-05,1.0,buy_and_hold
2006-02-17 22:00:00+00:00,-0.007944150216658619,712.7635560953559,8.219353715221978e-05,1.0,buy_and_hold
2006-02-21 22:00:00+00:00,-0.011162339238049102,704.8074474857012,0.00032877521296437173,1.0,buy_and_hold
2006-02-22 22:00:00+00:00,0.0125153374233129,713.6283505094486,8.219353715244182e-05,1.0,buy_and_hold
2006-02-23 22:00:00+00:00,-0.0026660203587008935,711.7258027984443,8.219353715221978e-05,1.0,buy_and_hold
2006-02-24 22:00:00+00:00,0.0026731470230862975,713.6283505094486,8.219353715199773e-05,1.0,buy_and_hold
2006-02-27 22:00:00+00:00,0.01114881240911303,721.5844591191033,0.0002465813210268397,1.0,buy_and_hold
2006-02-28 22:00:00+00:00,-0.014860977948226273,710.8610083843515,8.219353715244182e-05,1.0,buy_and_hold
2006-03-01 22:00:00+00:00,0.013625304136252847,720.5467058221917,8.219353715221978e-05,1.0,buy_and_hold
2006-03-02 22:00:00+00:00,0.0007201152184348469,721.0655824706474,8.219353715244182e-05,1.0,buy_and_hold
2006-03-03 22:00:00+00:00,-0.005756776205324887,716.9145692830017,8.219353715221978e-05,1.0,buy_and_hold
2006-03-06 22:00:00+00:00,-0.008685162846803318,710.688049501533,0.0002465813210268397,1.0,buy_and_hold
2006-03-07 22:00:00+00:00,-0.005840837186663617,706.537036313887,8.219353715244182e-05,1.0,buy_and_hold
2006-03-08 22:00:00+00:00,0.0004895960832311808,706.8829540795241,8.219353715221978e-05,1.0,buy_and_hold
2006-03-09 22:00:00+00:00,-0.008563738683630806,700.829393180874,8.219353715221978e-05,1.0,buy_and_hold
2006-03-10 22:00:00+00:00,0.000987166831194486,701.5212287121483,8.219353715266386e-05,1.0,buy_and_hold
2006-03-13 22:00:00+00:00,0.002958579881656931,703.5967353059713,0.0002465813210272838,1.0,buy_and_hold
2006-03-14 22:00:00+00:00,0.016961651917404064,715.530898220453,8.219353715244182e-05,1.0,buy_and_hold
2006-03-15 22:00:00+00:00,0.008460236886632888,721.5844591191033,8.219353715221978e-05,1.0,buy_and_hold
2006-03-16 22:00:00+00:00,-0.00838926174496657,715.530898220453,8.219353715244182e-05,1.0,buy_and_hold
2006-03-17 22:00:00+00:00,0.002639389402351089,717.4194628902708,8.219353715221978e-05,1.0,buy_and_hold
2006-03-20 22:00:00+00:00,0.0024125452352230514,719.150269797123,0.0002465813210268397,1.0,buy_and_hold
2006-03-21 22:00:00+00:00,-0.010589651022864022,711.534719406973,8.219353715244182e-05,1.0,buy_and_hold
2006-03-22 22:00:00+00:00,0.0024324981756262964,713.2655263138253,8.219353715221978e-05,1.0,buy_and_hold
2006-03-23 22:00:00+00:00,-0.0029119145838387706,711.1885580256026,8.219353715221978e-05,1.0,buy_and_hold
2006-03-24 22:00:00+00:00,0.005110732538330387,714.8232525299923,8.219353715244182e-05,1.0,buy_and_hold
2006-03-27 22:00:00+00:00,0.00024213075060552924,714.9963332206776,0.0002465813210268397,1.0,buy_and_hold
2006-03-28 22:00:00+00:00,-0.004115226337448652,712.0539614790287,8.219353715221978e-05,1.0,buy_and_hold
2006-03-29 22:00:00+00:00,0.01895964997569277,725.5542553524765,8.219353715244182e-05,1.0,buy_and_hold
2006-03-30 22:00:00+00:00,0.0031011450381679406,727.8043043313844,8.219353715221978e-05,1.0,buy_and_hold
2006-03-31 22:00:00+00:00,-0.0028537455410225787,725.7273360431617,8.219353715244182e-05,1.0,buy_and_hold
2006-04-03 21:00:00+00:00,0.0011924636298592528,726.5927394965878,0.000243156575529202,1.0,buy_and_hold
2006-04-04 21:00:00+00:00,0.005478799428299208,730.5735953823481,8.219353715244182e-05,1.0,buy_and_hold
2006-04-05 21:00:00+00:00,0.009476427386875041,737.4968230097571,8.219353715221978e-05,1.0,buy_and_hold
2006-04-06 21:00:00+00:00,0.002816240319173824,739.5737912979798,8.219353715221978e-05,1.0,buy_and_hold
2006-04-07 21:00:00+00:00,-0.009595132225602598,732.4774829798855,8.219353715288591e-05,1.0,buy_and_hold
2006-04-10 21:00:00+00:00,-0.0014177693761815435,731.4389988357741,0.0002465813210268397,1.0,buy_and_hold
2006-04-11 21:00:00+00:00,-0.00804543303360128,725.5542553524765,8.219353715244182e-05,1.0,buy_and_hold
2006-04-12 21:00:00+00:00,0.00023854961832059374,725.7273360431617,8.219353715244182e-05,1.0,buy_and_hold
2006-04-13 21:00:00+00:00,0.004054376341521726,728.6697077848106,8.219353715244182e-05,1.0,buy_and_hold
2006-04-17 21:00:00+00:00,-0.01045130641330183,721.0541573946605,0.00032877521296437173,1.0,buy_and_hold
2006-04-18 21:00:00+00:00,0.019203072491598583,734.9006126494787,8.219353715221978e-05,1.0,buy_and_hold
2006-04-19 21:00:00+00:00,0.004474799811587271,738.189145772498,8.219353715244182e-05,1.0,buy_and_hold
2006-04-20 21:00:00+00:00,-0.003516998827666984,735.5929354122196,8.219353715244182e-05,1.0,buy_and_hold
2006-04-21 21:00:00+00:00,-0.011764705882352788,726.9389008779583,8.219353715244182e-05,1.0,buy_and_hold
2006-04-24 21:00:00+00:00,-0.0009523809523809268,726.2465781152174,0.0002465813210268397,1.0,buy_and_hold
2006-04-25 21:00:00+00:00,-0.002144899904671149,724.6888518990503,8.219353715221978e-05,1.0,buy_and_hold
2006-04-26 21:00:00+00:00,-0.0002388344877000126,724.5157712083651,8.219353715199773e-05,1.0,buy_and_hold
2006-04-27 21:00:00+00:00,0.009555661729574672,731.4389988357741,8.219353715221978e-05,1.0,buy_and_hold
2006-04-28 21:00:00+00:00,-0.009701845716989843,724.3426905176799,8.219353715199773e-05,1.0,buy_and_hold
2006-05-01 21:00:00+00:00,-0.009796893667861517,717.2463821995855,0.0002465813210272838,1.0,buy_and_hold
2006-05-02 21:00:00+00:00,0.002654440154440163,719.150269797123,8.219353715244182e-05,1.0,buy_and_hold
2006-05-03 21:00:00+00:00,-0.0014440433212995485,718.1117856530117,8.219353715221978e-05,1.0,buy_and_hold
2006-05-04 21:00:00+00:00,0.008194745721860519,723.9965291363094,8.219353715266386e-05,1.0,buy_and_hold
2006-05-05 21:00:00+00:00,0.007889074826679332,729.7081919289218,8.219353715244182e-05,1.0,buy_and_hold
2006-05-08 21:00:00+00:00,0.0009487666034158071,730.4005146916629,0.00024658132102661767,1.0,buy_and_hold
2006-05-09 21:00:00+00:00,-0.0037914691943128354,727.6312236406992,8.219353715244182e-05,1.0,buy_and_hold
2006-05-10 21:00:00+00:00,-0.008801141769743115,721.2272380853458,8.219353715221978e-05,1.0,buy_and_hold
2006-05-11 21:00:00+00:00,-0.022318214542836667,705.1307338516195,8.219353715266386e-05,1.0,buy_and_hold
2006-05-12 21:00:00+00:00,-0.01350024545900852,695.6112958639319,8.219353715244182e-05,1.0,buy_and_hold
2006-05-15 21:00:00+00:00,-0.000746454341876146,695.0920537918762,0.0002465813210268397,1.0,buy_and_hold
2006-05-16 21:00:00+00:00,-0.007470119521912344,689.8996330713194,8.219353715221978e-05,1.0,buy_and_hold
2006-05-17 21:00:00+00:00,-0.013547415955845521,680.5532757743171,8.219353715288591e-05,1.0,buy_and_hold
2006-05-18 21:00:00+00:00,-0.0068667344862664015,675.880097125816,8.219353715199773e-05,1.0,buy_and_hold
2006-05-19 21:00:00+00:00,0.007682458386683688,681.0725178463728,8.219353715266386e-05,1.0,buy_and_hold
2006-05-22 21:00:00+00:00,-0.009656925031766073,674.4954516003341,0.0002465813210268397,1.0,buy_and_hold
2006-05-23 21:00:00+00:00,-0.009751090582499233,667.9183853542955,8.219353715221978e-05,1.0,buy_and_hold
2006-05-24 21:00:00+00:00,0.006737496760818917,672.4184833121114,8.219353715221978e-05,1.0,buy_and_hold
2006-05-25 21:00:00+00:00,0.013127413127412835,681.245598537058,8.219353715221978e-05,1.0,buy_and_hold
2006-05-26 21:00:00+00:00,0.0033028455284553893,683.495647515966,8.219353715244182e-05,1.0,buy_and_hold
2006-05-30 21:00:00+00:00,-0.021524436566219163,668.7837888077216,0.00032877521296437173,1.0,buy_and_hold
2006-05-31 21:00:00+00:00,0.004658385093167627,671.8992412400557,8.219353715221978e-05,1.0,buy_and_hold
2006-06-01 21:00:00+00:00,0.02369912416280262,687.8226647830967,8.219353715266386e-05,1.0,buy_and_hold
2006-06-02 21:00:00+00:00,-0.0024660291897331543,686.1264740143815,8.219353715244182e-05,1.0,buy_and_hold
2006-06-05 21:00:00+00:00,-0.021744614297966813,671.2069184773148,0.00024658132102706176,1.0,buy_and_hold
2006-06-06 21:00:00+00:00,-0.0007735946364105795,670.6876764052591,8.219353715244182e-05,1.0,buy_and_hold
2006-06-07 21:00:00+00:00,-0.007483870967741946,665.6683363753875,8.219353715221978e-05,1.0,buy_and_hold
2006-06-08 21:00:00+00:00,-0.0015600624024961762,664.6298522312761,8.219353715288591e-05,1.0,buy_and_hold
2006-06-09 21:00:00+00:00,-0.0026041666666667407,662.8990453244238,8.219353715266386e-05,1.0,buy_and_hold
2006-06-12 21:00:00+00:00,-0.023498694516971286,647.3217831627533,0.0002465813210268397,1.0,buy_and_hold
2006-06-13 21:00:00+00:00,-0.004010695187165791,644.7255728024749,8.219353715266386e-05,1.0,buy_and_hold
2006-06-14 21:00:00+00:00,0.010201342281879189,651.3026390485136,8.219353715244182e-05,1.0,buy_and_hold
2006-06-15 21:00:00+00:00,0.027106032420940673,668.9568694984068,8.219353715244182e-05,1.0,buy_and_hold
2006-06-16 21:00:00+00:00,-0.007359378970040242,664.0337623811563,8.219353715244182e-05,1.0,buy_and_hold
2006-06-19 21:00:00+00:00,-0.008085550339071435,658.6646839685804,0.0002465813210268397,1.0,buy_and_hold
2006-06-20 21:00:00+00:00,0.0013147515119640296,659.5306643577055,8.219353715199773e-05,1.0,buy_and_hold
2006-06-21 21:00:00+00:00,0.015756302521008347,669.9224290272072,8.219353715244182e-05,1.0,buy_and_hold
2006-06-22 21:00:00+00:00,-0.012668045501551095,661.4358212137809,8.219353715266386e-05,1.0,buy_and_hold
2006-06-23 21:00:00+00:00,-0.0010473946059177397,660.7430369024808,8.219353715221978e-05,1.0,buy_and_hold
2006-06-26 21:00:00+00:00,0.002621231979030192,662.474997680731,0.0002465813210268397,1.0,buy_and_hold
2006-06-27 21:00:00+00:00,-0.018823529411764683,650.0048800773291,8.219353715221978e-05,1.0,buy_and_hold
2006-06-28 21:00:00+00:00,0.007460698108179953,654.8543702564298,8.219353715221978e-05,1.0,buy_and_hold
2006-06-29 21:00:00+00:00,0.03041523406506208,674.771919206308,8.219353715266386e-05,1.0,buy_and_hold
2006-06-30 21:00:00+00:00,-0.004876796714578857,671.4811937276326,8.219353715244182e-05,1.0,buy_and_hold
2006-07-03 21:00:00+00:00,0.005932421975754387,675.4647035176081,0.0002465812418417368,1.0,buy_and_hold
2006-07-05 21:00:00+00:00,-0.021794871794871717,660.7430369024808,0.00016438742908997384,1.0,buy_and_hold
2006-07-06 21:00:00+00:00,-0.0010484927916120101,660.0502525911807,8.219353715244182e-05,1.0,buy_and_hold
2006-07-07 21:00:00+00:00,-0.011020729467331458,652.7760173225295,8.219353715221978e-05,1.0,buy_and_hold
2006-07-10 21:00:00+00:00,-0.008755638100291785,647.0605467543036,0.0002465813210268397,1.0,buy_and_hold
2006-07-11 21:00:00+00:00,0.007494646680942019,651.9100369334043,8.219353715221978e-05,1.0,buy_and_hold
2006-07-12 21:00:00+00:00,-0.01886291179596178,639.6131154078273,8.219353715221978e-05,1.0,buy_and_hold
2006-07-13 21:00:00+00:00,-0.016788518819388032,628.8749585826756,8.219353715244182e-05,1.0,buy_and_hold
2006-07-14 21:00:00+00:00,-0.010190030294684571,622.4667037031496,8.219353715244182e-05,1.0,buy_and_hold
2006-07-17 21:00:00+00:00,0.0025041736227044975,624.0254684035749,0.0002465813210268397,1.0,buy_and_hold
2006-07-18 21:00:00+00:00,0.0033305578684428294,626.1038213374752,8.219353715221978e-05,1.0,buy_and_hold
2006-07-19 21:00:00+00:00,0.013001383125864407,634.2440369952515,8.219353715244182e-05,1.0,buy_and_hold
2006-07-20 21:00:00+00:00,-0.014746040415073769,624.8914487927,8.219353715244182e-05,1.0,buy_and_hold
2006-07-21 21:00:00+00:00,-0.010532150776053073,618.309997835349,8.219353715244182e-05,1.0,buy_and_hold
2006-07-24 21:00:00+00:00,0.01988795518207276,630.6069193609259,0.0002465813210268397,1.0,buy_and_hold
2006-07-25 21:00:00+00:00,0.005767646251029879,634.2440369952515,8.219353715221978e-05,1.0,buy_and_hold
2006-07-26 21:00:00+00:00,-0.0008192244675040428,633.7244487617764,8.219353715244182e-05,1.0,buy_and_hold
2006-07-27 21:00:00+00:00,-0.006559169171905022,629.5677428939757,8.219353715244182e-05,1.0,buy_and_hold
2006-07-28 21:00:00+00:00,0.02090784044016525,642.7306448086779,8.219353715244182e-05,1.0,buy_and_hold
2006-07-31 21:00:00+00:00,-0.0002694691457828524,642.5574487308528,0.0002465813210268397,1.0,buy_and_hold
2006-08-01 21:00:00+00:00,-0.01671159029649605,631.819291905701,8.219353715244182e-05,1.0,buy_and_hold
2006-08-02 21:00:00+00:00,0.011239035087719396,638.9203310965272,8.219353715221978e-05,1.0,buy_and_hold
2006-08-03 21:00:00+00:00,0.006234751965302321,642.9038408865028,8.219353715244182e-05,1.0,buy_and_hold
2006-08-04 21:00:00+00:00,-0.004579741379310165,639.9595075634775,8.219353715244182e-05,1.0,buy_and_hold
2006-08-07 21:00:00+00:00,-0.006495263870094803,635.8028016956767,0.0002465813210268397,1.0,buy_and_hold
2006-08-08 21:00:00+00:00,-0.0062653228003271,631.819291905701,8.219353715266386e-05,1.0,buy_and_hold
2006-08-09 21:00:00+00:00,0.0013706140350879803,632.6852722948263,8.219353715221978e-05,1.0,buy_and_hold
2006-08-10 21:00:00+00:00,0.007117437722419906,637.188370318277,8.219353715244182e-05,1.0,buy_and_hold
2006-08-11 21:00:00+00:00,-0.007067137809187218,632.6852722948263,8.219353715288591e-05,1.0,buy_and_hold
2006-08-14 21:00:00+00:00,0.006569942513003024,636.841978162627,0.00024658132102706176,1.0,buy_and_hold
2006-08-15 21:00:00+00:00,0.025292357900462248,652.9492134003546,8.219353715244182e-05,1.0,buy_and_hold
2006-08-16 21:00:00+00:00,0.023342175066312754,668.1904682489569,8.219353715266386e-05,1.0,buy_and_hold
2006-08-17 21:00:00+00:00,0.0038880248833590425,670.7884094163322,8.219353715266386e-05,1.0,buy_and_hold
2006-08-18 21:00:00+00:00,0.0015491866769947737,671.8275858832825,8.219353715221978e-05,1.0,buy_and_hold
2006-08-21 21:00:00+00:00,-0.009538540861046663,665.4193310037565,0.0002465813210268397,1.0,buy_and_hold
2006-08-22 21:00:00+00:00,0.00026028110359188616,665.5925270815815,8.219353715244182e-05,1.0,buy_and_hold
2006-08-23 21:00:00+00:00,-0.007546187874056698,660.5698408246557,8.219353715221978e-05,1.0,buy_and_hold
2006-08-24 21:00:00+00:00,0.0028841111693760357,662.474997680731,8.219353715244182e-05,1.0,buy_and_hold
2006-08-25 21:00:00+00:00,0.001830065359477162,663.6873702255062,8.219353715266386e-05,1.0,buy_and_hold
2006-08-28 21:00:00+00:00,0.00756784968684765,668.710056482432,0.00024658132102706176,1.0,buy_and_hold
2006-08-29 21:00:00+00:00,0.0031080031080028547,670.7884094163322,8.219353715221978e-05,1.0,buy_and_hold
2006-08-30 21:00:00+00:00,0.004647560030983877,673.9059388171828,8.219353715244182e-05,1.0,buy_and_hold
2006-08-31 21:00:00+00:00,-0.0010280133641736855,673.2131545058827,8.219353715244182e-05,1.0,buy_and_hold
2006-09-01 21:00:00+00:00,0.005402624131721101,676.8502721402083,8.219353715221978e-05,1.0,buy_and_hold
2006-09-05 21:00:00+00:00,0.00972364380757429,683.4317230975594,0.00032877521296437173,1.0,buy_and_hold
2006-09-06 21:00:00+00:00,-0.020020273694880908,669.7492329493822,8.219353715244182e-05,1.0,buy_and_hold
2006-09-07 21:00:00+00:00,-0.00491595552107571,666.4567755099284,8.219353715199773e-05,1.0,buy_and_hold
2006-09-08 21:00:00+00:00,0.006239621204836787,670.6152133385073,8.219353715244182e-05,1.0,buy_and_hold
2006-09-11 21:00:00+00:00,0.006198347107438051,674.771919206308,0.00024658132102639563,1.0,buy_and_hold
2006-09-12 21:00:00+00:00,0.01848049281314168,687.2420368097099,8.219353715244182e-05,1.0,buy_and_hold
2006-09-13 21:00:00+00:00,0.007056451612903247,692.0915269888108,8.219353715221978e-05,1.0,buy_and_hold
2006-09-14 21:00:00+00:00,0.0007507507507509281,692.6111152222859,8.219353715266386e-05,1.0,buy_and_hold
2006-09-15 21:00:00+00:00,0.0035824163382049967,695.0923365974807,8.219353715288591e-05,1.0,buy_and_hold
2006-09-18 21:00:00+00:00,2.4931438544761875e-06,695.094069562668,0.0002465813210268397,1.0,buy_and_hold
2006-09-19 21:00:00+00:00,-0.006484650998127783,690.5866271106858,8.219353715244182e-05,1.0,buy_and_hold
2006-09-20 21:00:00+00:00,0.014554579673776491,700.6378251966129,8.219353715266386e-05,1.0,buy_and_hold
2006-09-21 21:00:00+00:00,-0.006183527083848617,696.3054122285408,8.219353715221978e-05,1.0,buy_and_hold
2006-09-22 21:00:00+00:00,-0.007715281234444982,690.9332201481315,8.219353715244182e-05,1.0,buy_and_hold
2006-09-25 21:00:00+00:00,0.017557060446451,703.0639764587332,0.0002465813210268397,1.0,buy_and_hold
2006-09-26 21:00:00+00:00,0.004929751047572095,706.5299068331909,8.219353715199773e-05,1.0,buy_and_hold
2006-09-27 21:00:00+00:00,-0.001226391954868844,705.6634242395764,8.219353715221978e-05,1.0,buy_and_hold
2006-09-28 21:00:00+00:00,0.0027013752455795625,707.5696859455281,8.219353715244182e-05,1.0,buy_and_hold
2006-09-29 21:00:00+00:00,-0.00440852314474649,704.4503486085163,8.219353715221978e-05,1.0,buy_and_hold
2006-10-02 21:00:00+00:00,-0.012546125461254554,695.6122261536493,0.00024658132102706176,1.0,buy_and_hold
2006-10-03 21:00:00+00:00,0.004235176880916791,698.5582669719383,8.219353715221978e-05,1.0,buy_and_hold
2006-10-04 21:00:00+00:00,0.024559662614735744,715.7146223255036,8.219353715266386e-05,1.0,buy_and_hold
2006-10-05 21:00:00+00:00,0.004842615012106588,719.1805526999613,8.219353715221978e-05,1.0,buy_and_hold
2006-10-06 21:00:00+00:00,-0.0021686746987952255,717.6208840314553,8.219353715244182e-05,1.0,buy_and_hold
2006-10-09 21:00:00+00:00,0.0033808258874667985,720.0470352935756,0.0002465813210268397,1.0,buy_and_hold
2006-10-10 21:00:00+00:00,0.001684717208182862,721.2601109246358,8.219353715221978e-05,1.0,buy_and_hold
2006-10-11 21:00:00+00:00,-0.001922152811148492,719.8737387748528,8.219353715221978e-05,1.0,buy_and_hold
2006-10-12 21:00:00+00:00,0.01661049590755903,731.8311985667317,8.219353715266386e-05,1.0,buy_and_hold
2006-10-13 21:00:00+00:00,0.004735969689793951,735.2971289411894,8.219353715244182e-05,1.0,buy_and_hold
2006-10-16 21:00:00+00:00,0.00047136460051855344,735.6437219786352,0.0002465813210268397,1.0,buy_and_hold
2006-10-17 21:00:00+00:00,-0.010600706713781105,727.8453786361054,8.219353715244182e-05,1.0,buy_and_hold
2006-10-18 21:00:00+00:00,-0.004761904761904856,724.3794482616477,8.219353715244182e-05,1.0,buy_and_hold
2006-10-19 21:00:00+00:00,0.0023923444976077235,726.1124134488765,8.219353715288591e-05,1.0,buy_and_hold
2006-10-20 21:00:00+00:00,0.0023866348448686736,727.8453786361054,8.219353715266386e-05,1.0,buy_and_hold
2006-10-23 21:00:00+00:00,0.01023809523809538,735.2971289411894,0.00024658132102639563,1.0,buy_and_hold
2006-10-24 21:00:00+00:00,-0.0070704690077774135,730.098233379503,8.219353715221978e-05,1.0,buy_and_hold
2006-10-25 21:00:00+00:00,0.007120816520294282,735.2971289411894,8.219353715266386e-05,1.0,buy_and_hold
2006-10-26 21:00:00+00:00,0.009191609710110793,742.0556931713818,8.219353715244182e-05,1.0,buy_and_hold
2006-10-27 21:00:00+00:00,-0.014245679588977045,731.484605529286,8.219353715199773e-05,1.0,buy_and_hold
2006-10-30 22:00:00+00:00,0.006396588486140553,736.1636115348037,0.0002500060665242554,1.0,buy_and_hold
2006-10-31 22:00:00+00:00,0.002354048964218425,737.8965767220326,8.219353715288591e-05,1.0,buy_and_hold
2006-11-01 22:00:00+00:00,-0.013621418506341132,727.8453786361054,8.219353715244182e-05,1.0,buy_and_hold
2006-11-02 22:00:00+00:00,0.0009523809523810378,728.538564710997,8.219353715244182e-05,1.0,buy_and_hold
2006-11-03 22:00:00+00:00,-0.002616555661275166,726.6323030050452,8.219353715266386e-05,1.0,buy_and_hold
2006-11-06 22:00:00+00:00,0.014548056284283462,737.2033906471411,0.0002465813210272838,1.0,buy_and_hold
2006-11-07 22:00:00+00:00,0.006817113305124467,742.2289896901046,8.219353715221978e-05,1.0,buy_and_hold
2006-11-08 22:00:00+00:00,0.004669624095260394,745.6949200645623,8.219353715221978e-05,1.0,buy_and_hold
2006-11-09 22:00:00+00:00,-0.005345108064141346,741.709100133936,8.219353715221978e-05,1.0,buy_and_hold
2006-11-10 22:00:00+00:00,0.0053738317757010545,745.6949200645623,8.219353715244182e-05,1.0,buy_and_hold
2006-11-13 22:00:00+00:00,0.009993028119916314,753.1466703696462,0.0002465813210268397,1.0,buy_and_hold
2006-11-14 22:00:00+00:00,0.010814542107685288,761.2916067496217,8.219353715266386e-05,1.0,buy_and_hold
2006-11-15 22:00:00+00:00,0.004097427725927583,764.4109440866335,8.219353715244182e-05,1.0,buy_and_hold
2006-11-16 22:00:00+00:00,0.004307413284969419,767.7035779423683,8.219353715244182e-05,1.0,buy_and_hold
2006-11-17 22:00:00+00:00,0.0,767.7035779423683,8.219353715221978e-05,1.0,buy_and_hold
2006-11-20 22:00:00+00:00,0.002031602708803648,769.2632466108743,0.0002465813210268397,1.0,buy_and_hold
2006-11-21 22:00:00+00:00,0.0013516557783284089,770.3030257232116,8.219353715244182e-05,1.0,buy_and_hold
2006-11-22 22:00:00+00:00,0.006299212598425141,775.1553282474522,8.219353715221978e-05,1.0,buy_and_hold
2006-11-24 22:00:00+00:00,-0.0017885088307623143,773.7689560976692,0.0001643873499113102,1.0,buy_and_hold
2006-11-27 22:00:00+00:00,-0.022172452407614784,756.6126007441038,0.00024658132102706176,1.0,buy_and_hold
2006-11-28 22:00:00+00:00,0.0025194686211635897,758.5188624500556,8.219353715244182e-05,1.0,buy_and_hold
2006-11-29 22:00:00+00:00,0.006854009595613331,763.717758011742,8.219353715266386e-05,1.0,buy_and_hold
2006-11-30 22:00:00+00:00,-0.000680735194009574,763.1978684555734,8.219353715266386e-05,1.0,buy_and_hold
2006-12-01 22:00:00+00:00,-0.008628519527702161,756.6126007441038,8.219353715244182e-05,1.0,buy_and_hold
2006-12-04 22:00:00+00:00,0.013742556115437399,767.0103918674768,0.00024658132102750585,1.0,buy_and_hold
2006-12-05 22:00:00+00:00,0.0036150022593763875,769.7831361670429,8.219353715244182e-05,1.0,buy_and_hold
2006-12-06 22:00:00+00:00,-0.0036019810895993043,767.0103918674768,8.219353715266386e-05,1.0,buy_and_hold
2006-12-07 22:00:00+00:00,-0.012652507907817356,757.3057868189954,8.219353715221978e-05,1.0,buy_and_hold
2006-12-08 22:00:00+00:00,0.004576659038901587,760.771717193453,8.219353715244182e-05,1.0,buy_and_hold
2006-12-11 22:00:00+00:00,0.0036446469248292424,763.5444614930192,0.00024658132102661767,1.0,buy_and_hold
2006-12-12 22:00:00+00:00,-0.005901044030867109,759.0387520062242,8.219353715244182e-05,1.0,buy_and_hold
2006-12-13 22:00:00+00:00,0.0018264840182649067,760.4251241560073,8.219353715221978e-05,1.0,buy_and_hold
2006-12-14 22:00:00+00:00,0.011166818596171302,768.9166535734284,8.219353715244182e-05,1.0,buy_and_hold
2006-12-15 22:00:00+00:00,0.002574248040143612,770.8960357619236,8.219353715266386e-05,1.0,buy_and_hold
2006-12-18 22:00:00+00:00,-0.009903218546027492,763.2616838435071,0.00024658132102706176,1.0,buy_and_hold
2006-12-19 22:00:00+00:00,-0.0031825414867014956,760.8325718694655,8.219353715266386e-05,1.0,buy_and_hold
2006-12-20 22:00:00+00:00,-0.0036488027366021747,758.0564438991321,8.219353715244182e-05,1.0,buy_and_hold
2006-12-21 22:00:00+00:00,-0.007095445181963589,752.6776959566115,8.219353715221978e-05,1.0,buy_and_hold
2006-12-22 22:00:00+00:00,-0.010373443983402675,744.869836040049,8.219353715199773e-05,1.0,buy_and_hold
2006-12-26 22:00:00+00:00,0.004192872117400492,747.992980006674,0.0003287752129641497,1.0,buy_and_hold
2006-12-27 22:00:00+00:00,0.005103224309904952,751.8101559658822,8.219353715221978e-05,1.0,buy_and_hold
2006-12-28 22:00:00+00:00,-0.004846526655896577,748.1664880048198,8.219353715221978e-05,1.0,buy_and_hold
2006-12-29 22:00:00+00:00,0.0009276437847864916,748.8605199974031,8.219353715266386e-05,1.0,buy_and_hold
2007-01-03 22:00:00+00:00,0.001853568118628468,750.2485839825698,0.0004109691049012376,1.0,buy_and_hold
2007-01-04 22:00:00+00:00,0.018963922294171986,764.4762398305279,8.219353715266386e-05,1.0,buy_and_hold
2007-01-05 22:00:00+00:00,-0.004766227871084827,760.8325718694655,8.219353715221978e-05,1.0,buy_and_hold
2007-01-08 22:00:00+00:00,0.000684150513112769,761.3530958639029,0.0002465813210272838,1.0,buy_and_hold
2007-01-09 22:00:00+00:00,0.005013673655423823,765.1702718231112,8.219353715244182e-05,1.0,buy_and_hold
2007-01-10 22:00:00+00:00,0.011791383219954543,774.1926877266943,8.219353715221978e-05,1.0,buy_and_hold
2007-01-11 22:00:00+00:00,0.010309278350515427,782.1740556414026,8.219353715244182e-05,1.0,buy_and_hold
2007-01-12 22:00:00+00:00,0.005102040816326481,786.1647395987567,8.219353715266386e-05,1.0,buy_and_hold
2007-01-16 22:00:00+00:00,-0.0006621054954757399,785.6442156043191,0.00032877521296437173,1.0,buy_and_hold
2007-01-17 22:00:00+00:00,-0.00817137809187296,779.2244196729233,8.219353715221978e-05,1.0,buy_and_hold
2007-01-18 22:00:00+00:00,-0.0184814072589623,764.8232558268195,8.219353715244182e-05,1.0,buy_and_hold
2007-01-19 22:00:00+00:00,0.002041742286751358,766.384827810132,8.219353715244182e-05,1.0,buy_and_hold
2007-01-22 22:00:00+00:00,-0.010867104369481684,758.0564438991321,0.00024658132102706176,1.0,buy_and_hold
2007-01-23 22:00:00+00:00,-0.0025177386129549006,756.147855919528,8.219353715221978e-05,1.0,buy_and_hold
2007-01-24 22:00:00+00:00,0.016521340064249657,768.6404317860278,8.219353715221978e-05,1.0,buy_and_hold
2007-01-25 22:00:00+00:00,-0.012866817155756327,758.7504758917154,8.219353715266386e-05,1.0,buy_and_hold
2007-01-26 22:00:00+00:00,-0.0036588154584951127,755.9743479213822,8.219353715244182e-05,1.0,buy_and_hold
2007-01-29 22:00:00+00:00,0.0009180628873077801,756.6683799139655,0.0002465813210272838,1.0,buy_and_hold
2007-01-30 22:00:00+00:00,0.00045861041045647255,757.0153959102572,8.219353715266386e-05,1.0,buy_and_hold
2007-01-31 22:00:00+00:00,0.010084804033921646,764.6497478286738,8.219353715244182e-05,1.0,buy_and_hold
2007-02-01 22:00:00+00:00,-0.0011345586566825494,763.7822078379446,8.219353715221978e-05,1.0,buy_and_hold
2007-02-02 22:00:00+00:00,0.003180372557928024,766.2113198119861,8.219353715244182e-05,1.0,buy_and_hold
2007-02-05 22:00:00+00:00,-0.0009057971014492239,765.5172878194028,0.00024658132102750585,1.0,buy_and_hold
2007-02-06 22:00:00+00:00,-0.0015865820489574523,764.3027318323819,8.219353715244182e-05,1.0,buy_and_hold
2007-02-07 22:00:00+00:00,0.009307604994324814,771.416559756361,8.219353715244182e-05,1.0,buy_and_hold
2007-02-08 22:00:00+00:00,-0.0002249212775526921,771.2430517582153,8.219353715266386e-05,1.0,buy_and_hold
2007-02-09 22:00:00+00:00,-0.013723284589426399,760.6590638713196,8.219353715244182e-05,1.0,buy_and_hold
2007-02-12 22:00:00+00:00,-0.0031934306569342263,758.229951897278,0.0002465813210268397,1.0,buy_and_hold
2007-02-13 22:00:00+00:00,0.0036613272311212253,761.0060798676112,8.219353715244182e-05,1.0,buy_and_hold
2007-02-14 22:00:00+00:00,0.01687186502507987,773.8456717304027,8.219353715266386e-05,1.0,buy_and_hold
2007-02-15 22:00:00+00:00,0.005829596412556093,778.3568796821943,8.219353715244182e-05,1.0,buy_and_hold
2007-02-16 22:00:00+00:00,-0.0033437360677663897,775.7542597100069,8.219353715310795e-05,1.0,buy_and_hold
2007-02-20 22:00:00+00:00,-0.0006709908297920508,775.2337357155693,0.0003287752129641497,1.0,buy_and_hold
2007-02-21 22:00:00+00:00,0.011414503133392984,784.0826436210066,8.219353715244182e-05,1.0,buy_and_hold
2007-02-22 22:00:00+00:00,0.005089621597698768,788.0733275783608,8.219353715221978e-05,1.0,buy_and_hold
2007-02-23 22:00:00+00:00,-0.003522677234698457,785.2971996080274,8.219353715199773e-05,1.0,buy_and_hold
2007-02-26 22:00:00+00:00,-0.004860804242156402,781.4800236488192,0.0002465813210268397,1.0,buy_and_hold
2007-02-27 22:00:00+00:00,-0.0410746003552398,749.3810439918406,8.219353715199773e-05,1.0,buy_and_hold
2007-02-28 22:00:00+00:00,0.0032414910858995505,751.8101559658822,8.219353715266386e-05,1.0,buy_and_hold
2007-03-01 22:00:00+00:00,-0.0046157396722824595,748.3399960029657,8.219353715221978e-05,1.0,buy_and_hold
2007-03-02 22:00:00+00:00,-0.01507071643867397,737.0619761234866,8.219353715221978e-05,1.0,buy_and_hold
2007-03-05 22:00:00+00:00,-0.007768361581920735,731.3362121846743,0.00024658132102661767,1.0,buy_and_hold
2007-03-06 22:00:00+00:00,0.016607354685646447,743.4817720548824,8.219353715244182e-05,1.0,buy_and_hold
2007-03-07 22:00:00+00:00,-0.003967327887981376,740.5321360864033,8.219353715266386e-05,1.0,buy_and_hold
2007-03-08 22:00:00+00:00,0.006794751640112562,745.5638680326324,8.219353715199773e-05,1.0,buy_and_hold
2007-03-09 22:00:00+00:00,-0.0009308820107052362,744.869836040049,8.219353715266386e-05,1.0,buy_and_hold
2007-03-12 21:00:00+00:00,0.006522245515956149,749.7280599881323,0.00024315657552942405,1.0,buy_and_hold
2007-03-13 21:00:00+00:00,-0.019439944457301572,735.1533881438825,8.219353715266386e-05,1.0,buy_and_hold
2007-03-14 21:00:00+00:00,0.014632995043663222,745.9108840289241,8.219353715221978e-05,1.0,buy_and_hold
2007-03-15 21:00:00+00:00,-0.0023261223540359532,744.1758040474657,8.219353715244182e-05,1.0,buy_and_hold
2007-03-16 21:00:00+00:00,-0.000777999698429177,743.5968354963385,8.219353715266386e-05,1.0,buy_and_hold
2007-03-19 21:00:00+00:00,0.010273173009572867,751.2359344367633,0.0002465813210268397,1.0,buy_and_hold
2007-03-20 21:00:00+00:00,0.007164317078807381,756.6180268720624,8.219353715266386e-05,1.0,buy_and_hold
2007-03-21 21:00:00+00:00,0.019274896741624747,771.2017612128732,8.219353715288591e-05,1.0,buy_and_hold
2007-03-22 21:00:00+00:00,-0.0036019810895994153,768.4239070527186,8.219353715244182e-05,1.0,buy_and_hold
2007-03-23 21:00:00+00:00,-0.0031631269769543113,765.9932846625835,8.219353715266386e-05,1.0,buy_and_hold
2007-03-26 21:00:00+00:00,0.004079782411604782,769.1183705927573,0.00024658132102706176,1.0,buy_and_hold
2007-03-27 21:00:00+00:00,-0.006997742663656714,763.7362781574582,8.219353715244182e-05,1.0,buy_and_hold
2007-03-28 21:00:00+00:00,-0.01068424641964083,755.5763315620045,8.219353715244182e-05,1.0,buy_and_hold
2007-03-29 21:00:00+00:00,0.0011488970588233727,756.4444109870527,8.219353715266386e-05,1.0,buy_and_hold
2007-03-30 21:00:00+00:00,-0.000918062887307669,755.7499474470142,8.219353715244182e-05,1.0,buy_and_hold
2007-04-02 21:00:00+00:00,0.001378359751895264,756.791642757072,0.0002465813210268397,1.0,buy_and_hold
2007-04-03 21:00:00+00:00,0.013076393668272512,766.6877482026222,8.219353715221978e-05,1.0,buy_and_hold
2007-04-04 21:00:00+00:00,0.0040760869565217295,769.812834132796,8.219353715244182e-05,1.0,buy_and_hold
2007-04-05 21:00:00+00:00,0.004961659900766691,773.6323836030083,8.219353715221978e-05,1.0,buy_and_hold
2007-04-09 21:00:00+00:00,-0.0024685816876121036,771.7226088679022,0.00032877521296392764,1.0,buy_and_hold
2007-04-10 21:00:00+00:00,0.005174353205849247,775.7157742231241,8.219353715244182e-05,1.0,buy_and_hold
2007-04-11 21:00:00+00:00,-0.010519247985675828,767.5558276276705,8.219353715288591e-05,1.0,buy_and_hold
2007-04-12 21:00:00+00:00,0.007916760913820431,773.6323836030083,8.219353715199773e-05,1.0,buy_and_hold
2007-04-13 21:00:00+00:00,0.0020197486535007414,775.1949265680951,8.219353715221978e-05,1.0,buy_and_hold
2007-04-16 21:00:00+00:00,0.009182530795072807,782.3131778534909,0.0002465813210268397,1.0,buy_and_hold
2007-04-17 21:00:00+00:00,0.002219263204616073,784.0493367035873,8.219353715221978e-05,1.0,buy_and_hold
2007-04-18 21:00:00+00:00,-0.0033215234720992415,781.4450984284425,8.219353715221978e-05,1.0,buy_and_hold
2007-04-19 21:00:00+00:00,0.0031104199066873672,783.8757208185776,8.219353715199773e-05,1.0,buy_and_hold
2007-04-20 21:00:00+00:00,0.005537098560354448,788.216117943819,8.219353715244182e-05,1.0,buy_and_hold
2007-04-23 21:00:00+00:00,0.001541850220264207,789.4314291388865,0.00024658132102706176,1.0,buy_and_hold
2007-04-24 21:00:00+00:00,0.005058280184737418,793.4245944941086,8.219353715244182e-05,1.0,buy_and_hold
2007-04-25 21:00:00+00:00,0.013347921225382864,804.0151634796973,8.219353715221978e-05,1.0,buy_and_hold
2007-04-26 21:00:00+00:00,0.005182465990066776,808.1819447199289,8.219353715221978e-05,1.0,buy_and_hold
2007-04-27 21:00:00+00:00,0.00042964554242752584,808.5291764899482,8.219353715221978e-05,1.0,buy_and_hold
2007-04-30 21:00:00+00:00,-0.013098561305561418,797.9386075043595,0.00024658132102706176,1.0,buy_and_hold
2007-05-01 21:00:00+00:00,-0.000979112271540572,797.157336021816,8.219353715221978e-05,1.0,buy_and_hold
2007-05-02 21:00:00+00:00,0.010998584340629503,805.9249382148035,8.219353715244182e-05,1.0,buy_and_hold
2007-05-03 21:00:00+00:00,0.0036622145626885594,808.8764082599677,8.219353715221978e-05,1.0,buy_and_hold
2007-05-04 21:00:00+00:00,0.0008585533376259669,809.5708718000062,8.219353715221978e-05,1.0,buy_and_hold
2007-05-07 21:00:00+00:00,0.0,809.5708718000062,0.00024658132102661767,1.0,buy_and_hold
2007-05-08 21:00:00+00:00,0.0021445421402530584,811.3070306501027,8.219353715244182e-05,1.0,buy_and_hold
2007-05-09 21:00:00+00:00,0.002139952921035748,813.0431895001992,8.219353715221978e-05,1.0,buy_and_hold
2007-05-10 21:00:00+00:00,-0.013666453128336586,801.9317728595814,8.219353715266386e-05,1.0,buy_and_hold
2007-05-11 21:00:00+00:00,0.012773327560078096,812.175110075151,8.219353715221978e-05,1.0,buy_and_hold
2007-05-14 21:00:00+00:00,-0.0068405301410859876,806.6194017548421,0.00024658132102706176,1.0,buy_and_hold
2007-05-15 21:00:00+00:00,-0.00774860094705121,800.3692298944947,8.219353715266386e-05,1.0,buy_and_hold
2007-05-16 21:00:00+00:00,0.009761388286333883,808.1819447199289,8.219353715266386e-05,1.0,buy_and_hold
2007-05-17 21:00:00+00:00,-0.004726100966702451,804.3623952497165,8.219353715221978e-05,1.0,buy_and_hold
2007-05-18 21:00:00+00:00,0.008202028922944304,810.9597988800834,8.219353715266386e-05,1.0,buy_and_hold
2007-05-21 21:00:00+00:00,0.006422607578676853,816.1682754303729,0.00024658132102661767,1.0,buy_and_hold
2007-05-22 21:00:00+00:00,0.000850882790895513,816.8627389704114,8.219353715221978e-05,1.0,buy_and_hold
2007-05-23 21:00:00+00:00,-0.004675876726886186,813.0431895001992,8.219353715244182e-05,1.0,buy_and_hold
2007-05-24 21:00:00+00:00,-0.014307068118727506,801.4109252045524,8.219353715221978e-05,1.0,buy_and_hold
2007-05-25 21:00:00+00:00,0.006282495667244481,806.4457858698324,8.219353715244182e-05,1.0,buy_and_hold
2007-05-29 21:00:00+00:00,0.007750269106566288,812.6959577301799,0.0003287752129641497,1.0,buy_and_hold
2007-05-30 21:00:00+00:00,0.008117923520615244,819.2933613605467,8.219353715266386e-05,1.0,buy_and_hold
2007-05-31 21:00:00+00:00,0.004662004662004504,823.1129108307589,8.219353715199773e-05,1.0,buy_and_hold
2007-06-01 21:00:00+00:00,0.0006327778949588581,823.6337584857879,8.219353715266386e-05,1.0,buy_and_hold
2007-06-04 21:00:00+00:00,0.0029532040472177723,826.0661170347732,0.00024658132102706176,1.0,buy_and_hold
2007-06-05 21:00:00+00:00,-2.101718996172508e-06,826.064380875923,8.219353715199773e-05,1.0,buy_and_hold
2007-06-06 21:00:00+00:00,-0.010718789407313856,817.2099707404309,8.219353715221978e-05,1.0,buy_and_hold
2007-06-07 21:00:00+00:00,-0.015510941151476554,804.5342749758762,8.219353715288591e-05,1.0,buy_and_hold
2007-06-08 21:00:00+00:00,0.01230257294469772,814.4321165802763,8.219353715244182e-05,1.0,buy_and_hold
2007-06-11 21:00:00+00:00,-0.0019185674696226007,812.8695736151896,0.00024658132102661767,1.0,buy_and_hold
2007-06-12 21:00:00+00:00,-0.0059803502776590856,808.0083288349193,8.219353715244182e-05,1.0,buy_and_hold
2007-06-13 21:00:00+00:00,0.01095831542758896,816.8627389704114,8.219353715244182e-05,1.0,buy_and_hold
2007-06-14 21:00:00+00:00,0.006588735387885292,822.2448314057108,8.219353715177569e-05,1.0,buy_and_hold
2007-06-15 21:00:00+00:00,0.00859114919520243,829.3088594273014,8.219353715288591e-05,1.0,buy_and_hold
2007-06-18 21:00:00+00:00,0.0008380473496754082,830.0038595190068,0.0002465813210268397,1.0,buy_and_hold
2007-06-19 21:00:00+00:00,-0.00020933640360076833,829.8301094960804,8.219353715244182e-05,1.0,buy_and_hold
2007-06-20 21:00:00+00:00,-0.009422110552763763,822.0113584643963,8.219353715244182e-05,1.0,buy_and_hold
2007-06-21 21:00:00+00:00,0.009088987529063619,829.4826094502279,8.219353715244182e-05,1.0,buy_and_hold
2007-06-22 21:00:00+00:00,-0.009426057813154753,821.6638584185436,8.219353715266386e-05,1.0,buy_and_hold
2007-06-25 21:00:00+00:00,-0.004229223937407323,818.1888579600173,0.0002465813210268397,1.0,buy_and_hold
2007-06-26 21:00:00+00:00,-0.00573370142280738,813.4976073410069,8.219353715266386e-05,1.0,buy_and_hold
2007-06-27 21:00:00+00:00,0.015378043571123268,826.0076089917014,8.219353715221978e-05,1.0,buy_and_hold
2007-06-28 21:00:00+00:00,-0.0004206983592762725,825.660108945849,8.219353715199773e-05,1.0,buy_and_hold
2007-06-29 21:00:00+00:00,0.0016835016835017313,827.0501091292595,8.219353715244182e-05,1.0,buy_and_hold
2007-07-02 21:00:00+00:00,0.008613445378151008,834.1738600692382,0.0002465813210268397,1.0,buy_and_hold
2007-07-03 21:00:00+00:00,0.006248698187877544,839.3863607570278,8.219345797999544e-05,1.0,buy_and_hold
2007-07-05 21:00:00+00:00,0.007244876837093628,845.4676115594488,0.00016438742908997384,1.0,buy_and_hold
2007-07-06 21:00:00+00:00,0.004110152075626816,848.9426120179751,8.219353715244182e-05,1.0,buy_and_hold
2007-07-09 21:00:00+00:00,0.0006139991813345347,849.463862086754,0.0002465813210268397,1.0,buy_and_hold
2007-07-10 21:00:00+00:00,-0.008386173041521894,842.340111146775,8.219353715266386e-05,1.0,buy_and_hold
2007-07-11 21:00:00+00:00,0.0068069306930693685,848.0738619033435,8.219353715221978e-05,1.0,buy_and_hold
2007-07-12 21:00:00+00:00,0.01536570374923163,861.1051136228172,8.219353715221978e-05,1.0,buy_and_hold
2007-07-13 21:00:00+00:00,0.006860371267150889,867.0126144023118,8.219353715244182e-05,1.0,buy_and_hold
2007-07-16 21:00:00+00:00,-0.0010020040080158665,866.1438642876803,0.00024658132102706176,1.0,buy_and_hold
2007-07-17 21:00:00+00:00,0.00762286860581729,872.7463651588802,8.219353715221978e-05,1.0,buy_and_hold
2007-07-18 21:00:00+00:00,-0.0011945052757315056,871.7038650213224,8.219353715199773e-05,1.0,buy_and_hold
2007-07-19 21:00:00+00:00,0.00298983456248747,874.310115365217,8.219353715199773e-05,1.0,buy_and_hold
2007-07-20 21:00:00+00:00,-0.005365659777424425,869.6188647462066,8.219353715221978e-05,1.0,buy_and_hold
2007-07-23 21:00:00+00:00,0.00039960039960029725,869.9663647920592,0.0002465813210268397,1.0,buy_and_hold
2007-07-24 21:00:00+00:00,-0.014779308967445504,857.1088630955119,8.219353715266386e-05,1.0,buy_and_hold
2007-07-25 21:00:00+00:00,0.0014190147982970913,858.325113255996,8.219353715266386e-05,1.0,buy_and_hold
2007-07-26 21:00:00+00:00,-0.008502024291498045,851.0276122930908,8.219353715244182e-05,1.0,buy_and_hold
2007-07-27 21:00:00+00:00,-0.020212331563903452,833.8263600233857,8.219353715244182e-05,1.0,buy_and_hold
2007-07-30 21:00:00+00:00,0.01166909772869329,843.5563613072593,0.00024658132102706176,1.0,buy_and_hold
2007-07-31 21:00:00+00:00,-0.0210092687950566,825.8338589687752,8.219353715244182e-05,1.0,buy_and_hold
2007-08-01 21:00:00+00:00,0.007784557121817803,832.2626098170488,8.219353715244182e-05,1.0,buy_and_hold
2007-08-02 21:00:00+00:00,0.009185803757828959,839.9076108258067,8.219353715266386e-05,1.0,buy_and_hold
2007-08-03 21:00:00+00:00,-0.019031857674803532,823.9226087165857,8.219353715221978e-05,1.0,buy_and_hold
2007-08-06 21:00:00+00:00,0.011598481653310788,833.478859977533,0.0002465813210268397,1.0,buy_and_hold
2007-08-07 21:00:00+00:00,0.007087763185324114,839.3863607570278,8.219353715221978e-05,1.0,buy_and_hold
2007-08-08 21:00:00+00:00,0.010970813496170573,848.5951119721225,8.219353715266386e-05,1.0,buy_and_hold
2007-08-09 21:00:00+00:00,-0.023136773136773092,828.9613593814489,8.219353715244182e-05,1.0,buy_and_hold
2007-08-10 21:00:00+00:00,-0.009012785579543103,821.4901083956173,8.219353715244182e-05,1.0,buy_and_hold
2007-08-13 21:00:00+00:00,0.006768189509306355,827.0501091292595,0.00024658132102661767,1.0,buy_and_hold
2007-08-14 21:00:00+00:00,-0.017016806722689126,812.9763572722279,8.219353715244182e-05,1.0,buy_and_hold
2007-08-15 21:00:00+00:00,-0.01902115836717244,797.5126052317859,8.219353715221978e-05,1.0,buy_and_hold
2007-08-16 21:00:00+00:00,-0.007843137254901933,791.2576044064385,8.219353715244182e-05,1.0,buy_and_hold
2007-08-17 21:00:00+00:00,0.01690821256038655,804.6363561717648,8.219353715199773e-05,1.0,buy_and_hold
2007-08-20 21:00:00+00:00,0.004750593824228044,808.4588566761437,0.00024658132102661767,1.0,buy_and_hold
2007-08-21 21:00:00+00:00,0.010530840318074386,816.9726077995332,8.219353715221978e-05,1.0,buy_and_hold
2007-08-22 21:00:00+00:00,0.013611229264142821,828.0926092668172,8.219353715244182e-05,1.0,buy_and_hold
2007-08-23 21:00:00+00:00,-0.0027276542173729768,825.8338589687752,8.219353715244182e-05,1.0,buy_and_hold
2007-08-24 21:00:00+00:00,0.014096360193561974,837.4751105048383,8.219353715221978e-05,1.0,buy_and_hold
2007-08-27 21:00:00+00:00,-0.00663900414937757,831.9151097711963,0.0002465813210268397,1.0,buy_and_hold
2007-08-28 21:00:00+00:00,-0.023809523809523836,812.1076071575964,8.219353715266386e-05,1.0,buy_and_hold
2007-08-29 21:00:00+00:00,0.028669234060761495,835.3901102297225,8.219353715221978e-05,1.0,buy_and_hold
2007-08-30 21:00:00+00:00,0.005199667221297943,839.7338608028804,8.219353715244182e-05,1.0,buy_and_hold
2007-08-31 21:00:00+00:00,0.011173184357541777,849.1163620409013,8.219353715266386e-05,1.0,buy_and_hold
2007-09-04 21:00:00+00:00,0.016574585635359185,863.1901138979329,0.0003287752129645938,1.0,buy_and_hold
2007-09-05 21:00:00+00:00,-0.010064412238325326,854.5026127516171,8.219353715266386e-05,1.0,buy_and_hold
2007-09-06 21:00:00+00:00,-0.0008133387555916416,853.8076126599119,8.219353715266386e-05,1.0,buy_and_hold
2007-09-07 21:00:00+00:00,-0.0185185185185186,837.9963605736172,8.219353715244182e-05,1.0,buy_and_hold
2007-09-10 21:00:00+00:00,-0.0006220194899438924,837.4751105048383,0.0002465813210268397,1.0,buy_and_hold
2007-09-11 21:00:00+00:00,0.015145228215767581,850.1588621784592,8.219353715244182e-05,1.0,buy_and_hold
2007-09-12 21:00:00+00:00,0.0002043735949315284,850.3326122013856,8.219353715266386e-05,1.0,buy_and_hold
2007-09-13 21:00:00+00:00,0.004903964037596964,854.5026127516171,8.219353715244182e-05,1.0,buy_and_hold
2007-09-14 21:00:00+00:00,0.0008133387555917526,855.1976128433224,8.219353715244182e-05,1.0,buy_and_hold
2007-09-17 21:00:00+00:00,-0.008329947175944707,848.0738619033435,0.0002465813210268397,1.0,buy_and_hold
2007-09-18 21:00:00+00:00,0.025609506248719605,869.7926147691329,8.219353715288591e-05,1.0,buy_and_hold
2007-09-19 21:00:00+00:00,0.0021973631642029368,871.7038650213224,8.219353715221978e-05,1.0,buy_and_hold
2007-09-20 21:00:00+00:00,-0.00279051225832172,869.271364700354,8.219353715221978e-05,1.0,buy_and_hold
2007-09-21 21:00:00+00:00,0.007116557340540508,875.4575842117339,8.219353715244182e-05,1.0,buy_and_hold
2007-09-24 21:00:00+00:00,0.0045671167593328565,879.4559012166724,0.00024658132102706176,1.0,buy_and_hold
2007-09-25 21:00:00+00:00,0.009488041114844803,887.800214966109,8.219353715221978e-05,1.0,buy_and_hold
2007-09-26 21:00:00+00:00,0.0048952418249461616,892.1462117106073,8.219353715266386e-05,1.0,buy_and_hold
2007-09-27 21:00:00+00:00,0.005066250974279152,896.6660483248855,8.219353715244182e-05,1.0,buy_and_hold
2007-09-28 21:00:00+00:00,-0.0032958511050795725,893.7107705386267,8.219353715266386e-05,1.0,buy_and_hold
2007-10-01 21:00:00+00:00,0.011476366465668297,903.9673228556427,0.00024658132102706176,1.0,buy_and_hold
2007-10-02 21:00:00+00:00,0.0001923076923076028,904.1411627254225,8.219353715288591e-05,1.0,buy_and_hold
2007-10-03 21:00:00+00:00,-0.00692174581811178,897.8829274133451,8.219353715266386e-05,1.0,buy_and_hold
2007-10-04 21:00:00+00:00,0.002323330106485999,899.9690058507043,8.219353715221978e-05,1.0,buy_and_hold
2007-10-05 21:00:00+00:00,0.02024338419934324,918.1874242036411,8.219353715288591e-05,1.0,buy_and_hold
2007-10-08 21:00:00+00:00,0.006285735923359459,923.9589078803348,0.0002465813210272838,1.0,buy_and_hold
2007-10-09 21:00:00+00:00,0.004329256820319927,927.958963283971,8.219353715244182e-05,1.0,buy_and_hold
2007-10-10 21:00:00+00:00,0.0024334911324632724,930.2171431924123,8.219353715244182e-05,1.0,buy_and_hold
2007-10-11 21:00:00+00:00,-0.015884881330592515,915.4407542611181,8.219353715244182e-05,1.0,buy_and_hold
2007-10-12 21:00:00+00:00,0.016521078617546703,930.5648229319722,8.219353715244182e-05,1.0,buy_and_hold
2007-10-15 21:00:00+00:00,-0.007659256491687083,923.4373882709949,0.00024658132102661767,1.0,buy_and_hold
2007-10-16 21:00:00+00:00,-0.00470632530120485,919.0913915264966,8.219353715244182e-05,1.0,buy_and_hold
2007-10-17 21:00:00+00:00,0.012861736334405238,930.912502671532,8.219353715221978e-05,1.0,buy_and_hold
2007-10-18 21:00:00+00:00,0.004295051353874868,934.9108196764705,8.219353715288591e-05,1.0,buy_and_hold
2007-10-19 21:00:00+00:00,-0.024916325771662362,911.6162771259596,8.219353715266386e-05,1.0,buy_and_hold
2007-10-22 21:00:00+00:00,0.012013729977116805,922.5681889220954,0.00024658132102706176,1.0,buy_and_hold
2007-10-23 21:00:00+00:00,0.020915771622385337,941.8644144676676,8.219353715244182e-05,1.0,buy_and_hold
2007-10-24 21:00:00+00:00,-0.007567368032484256,934.7369798066906,8.219353715221978e-05,1.0,buy_and_hold
2007-10-25 21:00:00+00:00,-0.01339036637530222,922.2205091825355,8.219353715266386e-05,1.0,buy_and_hold
2007-10-26 21:00:00+00:00,0.016588124410932936,937.5184177231694,8.219353715244182e-05,1.0,buy_and_hold
2007-10-29 21:00:00+00:00,0.004264787687743299,941.5167347281077,0.00024658132102639563,1.0,buy_and_hold
2007-10-30 21:00:00+00:00,0.0018463810930577917,943.2551334259072,8.219353715244182e-05,1.0,buy_and_hold
2007-10-31 21:00:00+00:00,0.014190932546995993,956.6408033989619,8.219353715266386e-05,1.0,buy_and_hold
2007-11-01 21:00:00+00:00,-0.01871706341995283,938.7352968116289,8.219353715177569e-05,1.0,buy_and_hold
2007-11-02 21:00:00+00:00,0.007777777777777883,946.0365713423861,8.219353715221978e-05,1.0,buy_and_hold
2007-11-05 22:00:00+00:00,-0.006431459022418262,939.9521759000885,0.0002500060665242554,1.0,buy_and_hold
2007-11-06 22:00:00+00:00,0.011281671906787416,950.5564079566642,8.219353715244182e-05,1.0,buy_and_hold
2007-11-07 22:00:00+00:00,-0.024323335771762933,927.4357052759334,8.219353715266386e-05,1.0,buy_and_hold
2007-11-08 22:00:00+00:00,-0.030365510777881966,899.2736463715845,8.219353715221978e-05,1.0,buy_and_hold
2007-11-09 22:00:00+00:00,-0.03344287647399957,869.1993488996565,8.219353715244182e-05,1.0,buy_and_hold
2007-11-12 22:00:00+00:00,-0.0254000000000002,847.121685437605,0.00024658132102706176,1.0,buy_and_hold
2007-11-13 22:00:00+00:00,0.04124769136055839,882.0634992633713,8.219353715244182e-05,1.0,buy_and_hold
2007-11-14 22:00:00+00:00,-0.012810405991328322,870.7639077276758,8.219353715221978e-05,1.0,buy_and_hold
2007-11-15 22:00:00+00:00,-0.005390297464563876,866.0702312436176,8.219353715244182e-05,1.0,buy_and_hold
2007-11-16 22:00:00+00:00,0.009233239662786108,874.0668652534945,8.219353715244182e-05,1.0,buy_and_hold
2007-11-19 22:00:00+00:00,-0.011535401750198848,863.9841528062585,0.00024658132102706176,1.0,buy_and_hold
2007-11-20 22:00:00+00:00,0.004024144869215096,867.460950201857,8.219353715221978e-05,1.0,buy_and_hold
2007-11-21 22:00:00+00:00,-0.011823647294589068,857.2043978848412,8.219353715199773e-05,1.0,buy_and_hold
2007-11-23 22:00:00+00:00,0.010748326911376838,866.4179109831775,0.00016438734991086612,1.0,buy_and_hold
2007-11-26 22:00:00+00:00,-0.017255216693419007,851.4676821821034,0.0002465813210268397,1.0,buy_and_hold
2007-11-27 22:00:00+00:00,0.02000816659861182,868.5039894205368,8.219353715199773e-05,1.0,buy_and_hold
2007-11-28 22:00:00+00:00,0.030424339471577078,894.9276496270862,8.219353715244182e-05,1.0,buy_and_hold
2007-11-29 22:00:00+00:00,0.004273504273504258,898.7521267622448,8.219353715244182e-05,1.0,buy_and_hold
2007-11-30 22:00:00+00:00,-0.0075435203094776915,891.9723718408275,8.219353715266386e-05,1.0,buy_and_hold
2007-12-03 22:00:00+00:00,-0.008380432664197968,884.4972574402905,0.0002465813210268397,1.0,buy_and_hold
2007-12-04 22:00:00+00:00,-0.004127358490566113,880.8466201749119,8.219353715244182e-05,1.0,buy_and_hold
2007-12-05 22:00:00+00:00,0.01776198934280626,896.4922084551056,8.219353715244182e-05,1.0,buy_and_hold
2007-12-06 22:00:00+00:00,0.014543339150669077,909.5301986886005,8.219353715288591e-05,1.0,buy_and_hold
2007-12-07 22:00:00+00:00,0.00019113149847083122,909.7040385583804,8.219353715199773e-05,1.0,buy_and_hold
2007-12-10 22:00:00+00:00,0.004012994458245878,913.354675823759,0.0002465813210268397,1.0,buy_and_hold
2007-12-11 22:00:00+00:00,-0.023220403502093645,892.1462117106073,8.219353715244182e-05,1.0,buy_and_hold
2007-12-12 22:00:00+00:00,0.008963367108339781,900.1428457204842,8.219353715288591e-05,1.0,buy_and_hold
2007-12-13 22:00:00+00:00,-0.0054074932406333875,895.2753293666461,8.219353715266386e-05,1.0,buy_and_hold
2007-12-14 22:00:00+00:00,-0.010291262135922352,886.0618162683097,8.219353715244182e-05,1.0,buy_and_hold
2007-12-17 22:00:00+00:00,-0.024328036099666384,864.5056724155983,0.00024658132102661767,1.0,buy_and_hold
2007-12-18 22:00:00+00:00,0.004222803136939568,868.1563096809768,8.219353715244182e-05,1.0,buy_and_hold
2007-12-19 22:00:00+00:00,0.0,868.1563096809768,8.219353715244182e-05,1.0,buy_and_hold
2007-12-20 22:00:00+00:00,0.01922306768121751,884.8449371798503,8.219353715266386e-05,1.0,buy_and_hold
2007-12-21 22:00:00+00:00,0.019714033942676457,902.2888003054192,8.219353715244182e-05,1.0,buy_and_hold
2007-12-24 22:00:00+00:00,0.007521697203471511,909.0755434514001,0.0002465812418417368,1.0,buy_and_hold
2007-12-26 22:00:00+00:00,0.004977029096477681,913.600038882054,0.00016438742908997384,1.0,buy_and_hold
2007-12-27 22:00:00+00:00,-0.010857142857142899,903.6809527456203,8.219353715244182e-05,1.0,buy_and_hold
2007-12-28 22:00:00+00:00,-0.0013479684190255137,902.4628193604443,8.219353715266386e-05,1.0,buy_and_hold
2007-12-31 22:00:00+00:00,-0.01234091785576552,891.3255998388345,0.00024658132102661767,1.0,buy_and_hold
2008-01-02 22:00:00+00:00,-0.015033190160093635,877.9261326018977,0.0001643874290893077,1.0,buy_and_hold
2008-01-03 22:00:00+00:00,0.0033696729435084283,880.8844565373253,8.219353715244182e-05,1.0,buy_and_hold
2008-01-04 22:00:00+00:00,-0.043856183326748344,842.2522263217412,8.219353715266386e-05,1.0,buy_and_hold
2008-01-07 22:00:00+00:00,-0.004752066115702447,838.2497880561627,0.0002465813210268397,1.0,buy_and_hold
2008-01-08 22:00:00+00:00,-0.02594976126219628,816.4974061780187,8.219353715221978e-05,1.0,buy_and_hold
2008-01-09 22:00:00+00:00,0.021312872975277175,833.899311680534,8.219353715221978e-05,1.0,buy_and_hold
2008-01-10 22:00:00+00:00,0.001460767946577679,835.1174450657101,8.219353715221978e-05,1.0,buy_and_hold
2008-01-11 22:00:00+00:00,-0.019587414044592744,818.7596538933456,8.219353715221978e-05,1.0,buy_and_hold
2008-01-14 22:00:00+00:00,0.01742826780021245,833.0292164054081,0.0002465813210268397,1.0,buy_and_hold
2008-01-15 22:00:00+00:00,-0.027574681428869763,810.0587011420879,8.219353715266386e-05,1.0,buy_and_hold
2008-01-16 22:00:00+00:00,-0.01074113856068748,801.3577483908302,8.219353715266386e-05,1.0,buy_and_hold
2008-01-17 22:00:00+00:00,-0.013897937024972884,790.2205288692204,8.219353715221978e-05,1.0,buy_and_hold
2008-01-18 22:00:00+00:00,-0.0013212948689714787,789.1764145390696,8.219353715221978e-05,1.0,buy_and_hold
2008-01-22 22:00:00+00:00,-0.025799338478500577,768.8161851011266,0.0003287752129641497,1.0,buy_and_hold
2008-01-23 22:00:00+00:00,-0.003621548211860448,766.0318802207242,8.219353715244182e-05,1.0,buy_and_hold
2008-01-24 22:00:00+00:00,0.02021808268968628,781.5195761179627,8.219353715266386e-05,1.0,buy_and_hold
2008-01-25 22:00:00+00:00,-0.020485415274994256,765.5098230556488,8.219353715221978e-05,1.0,buy_and_hold
2008-01-28 22:00:00+00:00,0.007729029324846426,771.426470926504,0.0002465813210272838,1.0,buy_and_hold
2008-01-29 22:00:00+00:00,0.0018046469659371844,772.8186233667051,8.219353715244182e-05,1.0,buy_and_hold
2008-01-30 22:00:00+00:00,-0.0009006980409818066,772.1225471466045,8.219353715221978e-05,1.0,buy_and_hold
2008-01-31 22:00:00+00:00,0.017128690556682757,785.3479953285163,8.219353715199773e-05,1.0,buy_and_hold
2008-02-01 22:00:00+00:00,0.010190560602703291,793.351131669123,8.219353715266386e-05,1.0,buy_and_hold
2008-02-04 22:00:00+00:00,-0.01403600358851409,782.2156523380635,0.0002465813210268397,1.0,buy_and_hold
2008-02-05 22:00:00+00:00,-0.028478309232480514,759.9394731042936,8.219353715244182e-05,1.0,buy_and_hold
2008-02-06 22:00:00+00:00,-0.01969090838311971,744.9755745626807,8.219353715221978e-05,1.0,buy_and_hold
2008-02-07 22:00:00+00:00,0.00700770847932719,750.1961462134352,8.219353715266386e-05,1.0,buy_and_hold
2008-02-08 22:00:00+00:00,0.011366272326606586,758.7230799096678,8.219353715244182e-05,1.0,buy_and_hold
2008-02-11 22:00:00+00:00,0.010779816513761364,766.90197549585,0.00024658132102706176,1.0,buy_and_hold
2008-02-12 22:00:00+00:00,-0.005672793283412858,762.5514991202211,8.219353715266386e-05,1.0,buy_and_hold
2008-02-13 22:00:00+00:00,0.021907804655408425,779.2573284026358,8.219353715221978e-05,1.0,buy_and_hold
2008-02-14 22:00:00+00:00,-0.018088432335864213,765.1617849455985,8.219353715221978e-05,1.0,buy_and_hold
2008-02-15 22:00:00+00:00,-0.003411416875142237,762.5514991202211,8.219353715244182e-05,1.0,buy_and_hold
2008-02-19 22:00:00+00:00,-0.0018256503879506836,761.1593466800199,0.0003287752129641497,1.0,buy_and_hold
2008-02-20 22:00:00+00:00,0.004572473708276181,764.6397277805229,8.219353715244182e-05,1.0,buy_and_hold
2008-02-21 22:00:00+00:00,-0.00955848884842947,757.3309274694666,8.219353715266386e-05,1.0,buy_and_hold
2008-02-22 22:00:00+00:00,0.003676470588235281,760.115232349869,8.219353715266386e-05,1.0,buy_and_hold
2008-02-25 22:00:00+00:00,0.005036630036630019,763.9436515604224,0.0002465813210268397,1.0,buy_and_hold
2008-02-26 22:00:00+00:00,0.0038724373576310978,766.90197549585,8.219353715244182e-05,1.0,buy_and_hold
2008-02-27 22:00:00+00:00,0.004992058089403173,770.7303947064033,8.219353715244182e-05,1.0,buy_and_hold
2008-02-28 22:00:00+00:00,-0.0038383382253330822,767.7720707709757,8.219353715244182e-05,1.0,buy_and_hold
2008-02-29 22:00:00+00:00,-0.026518585675430528,747.4118413330328,8.219353715244182e-05,1.0,buy_and_hold
2008-03-03 22:00:00+00:00,-0.006519208381839281,742.5393077923286,0.0002465813210272838,1.0,buy_and_hold
2008-03-04 22:00:00+00:00,0.005624560581204419,746.7157651129321,8.219353715244182e-05,1.0,buy_and_hold
2008-03-05 22:00:00+00:00,0.00489163365182943,750.3684250779102,8.219353715244182e-05,1.0,buy_and_hold
2008-03-06 22:00:00+00:00,-0.022029271867513467,733.8383550410709,8.219353715266386e-05,1.0,buy_and_hold
2008-03-07 22:00:00+00:00,-0.002371354043158691,732.0981644908194,8.219353715221978e-05,1.0,buy_and_hold
2008-03-10 21:00:00+00:00,-0.01925362491086291,718.0026210337819,0.00024315657553009018,1.0,buy_and_hold
2008-03-11 21:00:00+00:00,0.03805380513814849,745.3253528632813,8.219353715244182e-05,1.0,buy_and_hold
2008-03-12 21:00:00+00:00,-0.002804102722151147,743.2353840124291,8.219353715244182e-05,1.0,buy_and_hold
2008-03-13 21:00:00+00:00,0.007726527745258727,748.9780128282591,8.219353715199773e-05,1.0,buy_and_hold
2008-03-14 21:00:00+00:00,-0.01835501858736055,735.2305074812721,8.219353715244182e-05,1.0,buy_and_hold
2008-03-17 21:00:00+00:00,-0.018224852071005992,721.8310402443352,0.0002465813210268397,1.0,buy_and_hold
2008-03-18 21:00:00+00:00,0.04459980713596923,754.0245654239886,8.219353715221978e-05,1.0,buy_and_hold
2008-03-19 21:00:00+00:00,-0.02469420724671134,735.4045265362972,8.219353715244182e-05,1.0,buy_and_hold
2008-03-20 21:00:00+00:00,0.02042280881169778,750.4235525810051,8.219353715266386e-05,1.0,buy_and_hold
2008-03-24 21:00:00+00:00,0.03457646785797164,776.3705484266872,0.0003287752129641497,1.0,buy_and_hold
2008-03-25 21:00:00+00:00,0.0056101516602773405,780.7261049479335,8.219353715266386e-05,1.0,buy_and_hold
2008-03-26 21:00:00+00:00,-0.0028998438545616567,778.4621211504044,8.219353715288591e-05,1.0,buy_and_hold
2008-03-27 21:00:00+00:00,-0.022147651006711455,761.2210137692209,8.219353715244182e-05,1.0,buy_and_hold
2008-03-28 21:00:00+00:00,-0.005033173186913653,757.3896565734025,8.219353715221978e-05,1.0,buy_and_hold
2008-03-31 21:00:00+00:00,0.005288572085536902,761.3951663690309,0.0002465813210268397,1.0,buy_and_hold
2008-04-01 21:00:00+00:00,0.042772186642269006,793.9617025334886,8.219353715221978e-05,1.0,buy_and_hold
2008-04-02 21:00:00+00:00,-0.002193463478833202,792.2201765353892,8.219353715244182e-05,1.0,buy_and_hold
2008-04-03 21:00:00+00:00,0.0021982853374369338,793.9617025334886,8.219353715221978e-05,1.0,buy_and_hold
2008-04-04 21:00:00+00:00,0.0059223513928492455,798.6638227283568,8.219353715288591e-05,1.0,buy_and_hold
2008-04-07 21:00:00+00:00,-0.002180549498473683,796.9222967302574,0.00024658132102661767,1.0,buy_and_hold
2008-04-08 21:00:00+00:00,-0.007648601398601351,790.8269557369097,8.219353715244182e-05,1.0,buy_and_hold
2008-04-09 21:00:00+00:00,-0.011231006386258624,781.945173146603,8.219353715266386e-05,1.0,buy_and_hold
2008-04-10 21:00:00+00:00,0.014253897550111416,793.0909395344388,8.219353715288591e-05,1.0,buy_and_hold
2008-04-11 21:00:00+00:00,-0.02766798418972327,771.1477119583872,8.219353715266386e-05,1.0,buy_and_hold
2008-04-14 21:00:00+00:00,-0.004516711833784992,767.6646599621885,0.00024658132102706176,1.0,buy_and_hold
2008-04-15 21:00:00+00:00,0.0013611615245010533,768.7095755610482,8.219353715221978e-05,1.0,buy_and_hold
2008-04-16 21:00:00+00:00,0.027865881286814664,790.13034533767,8.219353715221978e-05,1.0,buy_and_hold
2008-04-17 21:00:00+00:00,-0.002204099625302991,788.3888193395707,8.219353715221978e-05,1.0,buy_and_hold
2008-04-18 21:00:00+00:00,0.031809145129224614,813.4667937122011,8.219353715244182e-05,1.0,buy_and_hold
2008-04-21 21:00:00+00:00,0.007064868336544405,819.2138295059289,0.0002465813210268397,1.0,buy_and_hold
2008-04-22 21:00:00+00:00,-0.014880952380952217,807.0231475192336,8.219353715244182e-05,1.0,buy_and_hold
2008-04-23 21:00:00+00:00,0.011005610703495705,815.9049301095401,8.219353715244182e-05,1.0,buy_and_hold
2008-04-24 21:00:00+00:00,0.008964781216648898,823.2193393015574,8.219353715244182e-05,1.0,buy_and_hold
2008-04-25 21:00:00+00:00,-0.0025386079966152053,821.1295081038381,8.219353715244182e-05,1.0,buy_and_hold
2008-04-28 21:00:00+00:00,0.001908801696712814,822.6968815021277,0.00024658132102706176,1.0,buy_and_hold
2008-04-29 21:00:00+00:00,0.007620660457239525,828.9663750952852,8.219353715221978e-05,1.0,buy_and_hold
2008-04-30 21:00:00+00:00,-0.00819327731092434,822.1744237026978,8.219353715221978e-05,1.0,buy_and_hold
2008-05-01 21:00:00+00:00,0.03156110993433603,848.123161074378,8.219353715244182e-05,1.0,buy_and_hold
2008-05-02 21:00:00+00:00,0.0014373716632443134,849.3422292730476,8.219353715310795e-05,1.0,buy_and_hold
2008-05-05 21:00:00+00:00,-0.002870617182694324,846.9040928757084,0.0002465813210272838,1.0,buy_and_hold
2008-05-06 21:00:00+00:00,0.0061690314620603814,852.1286708700064,8.219353715221978e-05,1.0,buy_and_hold
2008-05-07 21:00:00+00:00,-0.018189249948906583,836.6290894869223,8.219353715244182e-05,1.0,buy_and_hold
2008-05-08 21:00:00+00:00,0.007493755203996644,842.8985830800799,8.219353715221978e-05,1.0,buy_and_hold
2008-05-09 21:00:00+00:00,-0.003925619834710736,839.5896836836912,8.219353715221978e-05,1.0,buy_and_hold
2008-05-12 21:00:00+00:00,0.01825347438290814,854.9151124669654,0.00024658132102661767,1.0,buy_and_hold
2008-05-13 21:00:00+00:00,0.0026481971888367983,857.1790962644944,8.219353715221978e-05,1.0,buy_and_hold
2008-05-14 21:00:00+00:00,-0.00223486387647287,855.2634176665853,8.219353715244182e-05,1.0,buy_and_hold
2008-05-15 21:00:00+00:00,0.017511708409692517,870.2405412502395,8.219353715244182e-05,1.0,buy_and_hold
2008-05-16 21:00:00+00:00,0.0007984790874526748,870.9354101234812,8.219353715244182e-05,1.0,buy_and_hold
2008-05-19 21:00:00+00:00,-0.007196575078134537,864.6676580563217,0.0002465813210268397,1.0,buy_and_hold
2008-05-20 21:00:00+00:00,-0.0076535750251761625,858.0498592635442,8.219353715221978e-05,1.0,buy_and_hold
2008-05-21 21:00:00+00:00,-0.022122995737771545,839.0672258842613,8.219353715221978e-05,1.0,buy_and_hold
2008-05-22 21:00:00+00:00,0.0035284350352844385,842.0278200810303,8.219353715244182e-05,1.0,buy_and_hold
2008-05-23 21:00:00+00:00,-0.0031023784901758056,839.4155310838813,8.219353715244182e-05,1.0,buy_and_hold
2008-05-27 21:00:00+00:00,0.01763485477178417,854.2185020677256,0.0003287752129641497,1.0,buy_and_hold
2008-05-28 21:00:00+00:00,0.004077471967380175,857.7015540639243,8.219353715266386e-05,1.0,buy_and_hold
2008-05-29 21:00:00+00:00,0.008934010152284344,865.3642684555614,8.219353715266386e-05,1.0,buy_and_hold
2008-05-30 21:00:00+00:00,0.006439927550814906,870.9371516494792,8.219353715244182e-05,1.0,buy_and_hold
2008-06-02 21:00:00+00:00,-0.012197560487902437,860.3138430610733,0.00024658132102661767,1.0,buy_and_hold
2008-06-03 21:00:00+00:00,-0.00546558704453437,855.6117228662051,8.219353715199773e-05,1.0,buy_and_hold
2008-06-04 21:00:00+00:00,0.012823122328516234,866.583336654231,8.219353715244182e-05,1.0,buy_and_hold
2008-06-05 21:00:00+00:00,0.01587620578778126,880.3413920392156,8.219353715288591e-05,1.0,buy_and_hold
2008-06-06 21:00:00+00:00,-0.0300692383778437,853.8701968681057,8.219353715221978e-05,1.0,buy_and_hold
2008-06-09 21:00:00+00:00,-0.005302875790332284,849.3422292730476,0.0002465813210268397,1.0,buy_and_hold
2008-06-10 21:00:00+00:00,-0.00471601394299781,845.336719477419,8.219353715221978e-05,1.0,buy_and_hold
2008-06-11 21:00:00+00:00,-0.023897816234033864,825.1350178994667,8.219353715221978e-05,1.0,buy_and_hold
2008-06-12 21:00:00+00:00,0.0008442380751372269,825.8316282987064,8.219353715199773e-05,1.0,buy_and_hold
2008-06-13 21:00:00+00:00,0.020033741037536856,842.3761252806501,8.219353715221978e-05,1.0,buy_and_hold
2008-06-16 21:00:00+00:00,0.00888980773206538,849.8646870724772,0.00024658132102706176,1.0,buy_and_hold
2008-06-17 21:00:00+00:00,-0.005327868852458839,845.336719477419,8.219353715244182e-05,1.0,buy_and_hold
2008-06-18 21:00:00+00:00,-0.01071281417387715,836.2807842873025,8.219353715266386e-05,1.0,buy_and_hold
2008-06-19 21:00:00+00:00,0.015618492294877218,849.3422292730476,8.219353715244182e-05,1.0,buy_and_hold
2008-06-20 21:00:00+00:00,-0.026989024444197707,826.4193110857079,8.219353715244182e-05,1.0,buy_and_hold
2008-06-23 21:00:00+00:00,-0.007802614930409235,819.9710794302521,0.00024658132102706176,1.0,buy_and_hold
2008-06-24 21:00:00+00:00,-0.005100956429330394,815.7884426807674,8.219353715244182e-05,1.0,buy_and_hold
2008-06-25 21:00:00+00:00,0.016235847041230267,829.0334590541358,8.219353715244182e-05,1.0,buy_and_hold
2008-06-26 21:00:00+00:00,-0.04036157241959215,795.5723650582573,8.219353715244182e-05,1.0,buy_and_hold
2008-06-27 21:00:00+00:00,0.0,795.5723650582573,8.219353715221978e-05,1.0,buy_and_hold
2008-06-30 21:00:00+00:00,-0.010514786418400868,787.2070915592877,0.0002465813210268397,1.0,buy_and_hold
2008-07-01 21:00:00+00:00,0.01416869603719273,798.3607895579139,8.219353715221978e-05,1.0,buy_and_hold
2008-07-02 21:00:00+00:00,-0.024012224405151605,779.1903711227752,8.219353715244182e-05,1.0,buy_and_hold
2008-07-03 21:00:00+00:00,-0.0017893088794452838,777.796158872947,8.219345798066158e-05,1.0,buy_and_hold
2008-07-07 21:00:00+00:00,0.006049742325789698,782.5016252161173,0.00032877521296437173,1.0,buy_and_hold
2008-07-08 21:00:00+00:00,0.023830734966592493,801.1492140575705,8.219353715244182e-05,1.0,buy_and_hold
2008-07-09 21:00:00+00:00,-0.026539047204698796,779.8874772476893,8.219353715177569e-05,1.0,buy_and_hold
2008-07-10 21:00:00+00:00,0.0118435754189945,789.1241334028016,8.219353715244182e-05,1.0,buy_and_hold
2008-07-11 21:00:00+00:00,-0.01590106007067138,776.5762231543472,8.219353715221978e-05,1.0,buy_and_hold
2008-07-14 21:00:00+00:00,-0.007405745062836755,770.8250976238055,0.00024658132102706176,1.0,buy_and_hold
2008-07-15 21:00:00+00:00,0.00022609088853742243,770.9993741550342,8.219353715244182e-05,1.0,buy_and_hold
2008-07-16 21:00:00+00:00,0.024864376130198762,790.1697925901728,8.219353715244182e-05,1.0,buy_and_hold
2008-07-17 21:00:00+00:00,0.006616674018526725,795.3980885270289,8.219353715221978e-05,1.0,buy_and_hold
2008-07-18 21:00:00+00:00,-0.02300613496932513,777.0990527480328,8.219353715221978e-05,1.0,buy_and_hold
2008-07-21 21:00:00+00:00,0.004261045077371461,780.4103068413749,0.00024658132102661767,1.0,buy_and_hold
2008-07-22 21:00:00+00:00,0.0,780.4103068413749,8.219353715221978e-05,1.0,buy_and_hold
2008-07-23 21:00:00+00:00,0.013175524787851556,790.6926221838584,8.219353715244182e-05,1.0,buy_and_hold
2008-07-24 21:00:00+00:00,-0.01498787745206076,778.8418180603181,8.219353715266386e-05,1.0,buy_and_hold
2008-07-25 21:00:00+00:00,0.012978294920563904,788.9498568715732,8.219353715244182e-05,1.0,buy_and_hold
2008-07-28 21:00:00+00:00,-0.018776231499889606,774.1363517171477,0.0002465813210268397,1.0,buy_and_hold
2008-07-29 21:00:00+00:00,0.020711391265195944,790.1697925901728,8.219353715221978e-05,1.0,buy_and_hold
2008-07-30 21:00:00+00:00,0.0050727834142036965,794.1781528084291,8.219353715199773e-05,1.0,buy_and_hold
2008-07-31 21:00:00+00:00,-0.0024138687733157305,792.2611109649152,8.219353715199773e-05,1.0,buy_and_hold
2008-08-01 21:00:00+00:00,-0.012758468983721905,782.1530721536603,8.219353715244182e-05,1.0,buy_and_hold
2008-08-04 21:00:00+00:00,-0.010026737967914534,774.3106282483762,0.00024658132102661767,1.0,buy_and_hold
2008-08-05 21:00:00+00:00,0.03376097231600261,800.4521079326563,8.219353715288591e-05,1.0,buy_and_hold
2008-08-06 21:00:00+00:00,0.015240583496625382,812.6514651186537,8.219353715244182e-05,1.0,buy_and_hold
2008-08-07 21:00:00+00:00,-0.007720351704910922,806.3775099944265,8.219353715266386e-05,1.0,buy_and_hold
2008-08-08 21:00:00+00:00,0.02269288956127058,824.6765457734225,8.219353715266386e-05,1.0,buy_and_hold
2008-08-11 21:00:00+00:00,0.009087066779374542,832.1704366162495,0.0002465813210272838,1.0,buy_and_hold
2008-08-12 21:00:00+00:00,0.0010471204188480243,833.0418192723921,8.219353715244182e-05,1.0,buy_and_hold
2008-08-13 21:00:00+00:00,-0.0020920502092048876,831.2990539601069,8.219353715266386e-05,1.0,buy_and_hold
2008-08-14 21:00:00+00:00,0.011530398322850965,840.8842631776762,8.219353715221978e-05,1.0,buy_and_hold
2008-08-15 21:00:00+00:00,-0.0018652849740933286,839.3157743966193,8.219353715244182e-05,1.0,buy_and_hold
2008-08-18 21:00:00+00:00,-0.011627906976744096,829.5562886478215,0.0002465813210268397,1.0,buy_and_hold
2008-08-19 21:00:00+00:00,-0.012394957983193344,819.2739733053379,8.219353715244182e-05,1.0,buy_and_hold
2008-08-20 21:00:00+00:00,0.001701765581791248,820.6681855551664,8.219353715221978e-05,1.0,buy_and_hold
2008-08-21 21:00:00+00:00,-0.0046719048630284865,816.8341018681384,8.219353715244182e-05,1.0,buy_and_hold
2008-08-22 21:00:00+00:00,0.013228077661617377,827.6392468043076,8.219353715244182e-05,1.0,buy_and_hold
2008-08-25 21:00:00+00:00,-0.021057064645188417,810.2115936814542,0.00024658132102706176,1.0,buy_and_hold
2008-08-26 21:00:00+00:00,-0.0012906001290601266,809.165934494083,8.219353715266386e-05,1.0,buy_and_hold
2008-08-27 21:00:00+00:00,0.006461339651087528,814.3942304309389,8.219353715221978e-05,1.0,buy_and_hold
2008-08-28 21:00:00+00:00,0.008131821099935932,821.0167386176233,8.219353715244182e-05,1.0,buy_and_hold
2008-08-29 21:00:00+00:00,-0.021014646571853257,803.7633620259984,8.219353715244182e-05,1.0,buy_and_hold
2008-09-02 21:00:00+00:00,-0.012359063313096219,793.829599745972,0.0003287752129641497,1.0,buy_and_hold
2008-09-03 21:00:00+00:00,-0.009440175631174608,786.335708903145,8.219353715266386e-05,1.0,buy_and_hold
2008-09-04 21:00:00+00:00,-0.03235815602836889,760.891335343779,8.219353715221978e-05,1.0,buy_and_hold
2008-09-05 21:00:00+00:00,-0.004809894640402934,757.23152818798,8.219353715221978e-05,1.0,buy_and_hold
2008-09-08 21:00:00+00:00,-0.003222094361334915,754.7916567507805,0.00024658132102706176,1.0,buy_and_hold
2008-09-09 21:00:00+00:00,-0.01985684599399673,739.8038750651266,8.219353715244182e-05,1.0,buy_and_hold
2008-09-10 21:00:00+00:00,0.008244994110718329,745.9035536581251,8.219353715221978e-05,1.0,buy_and_hold
2008-09-11 21:00:00+00:00,0.018691588785046953,759.845676156408,8.219353715221978e-05,1.0,buy_and_hold
2008-09-12 21:00:00+00:00,-0.0038990825688073327,756.8829751255229,8.219353715244182e-05,1.0,buy_and_hold
2008-09-15 21:00:00+00:00,-0.031084503799217233,733.3556434096707,0.0002465813210272838,1.0,buy_and_hold
2008-09-16 21:00:00+00:00,0.007842205323193907,739.1067689402123,8.219353715288591e-05,1.0,buy_and_hold
2008-09-17 21:00:00+00:00,-0.05187455788729056,700.7659320699349,8.219353715221978e-05,1.0,buy_and_hold
2008-09-18 21:00:00+00:00,0.03382243223078829,724.4675403170155,8.219353715221978e-05,1.0,buy_and_hold
2008-09-19 21:00:00+00:00,0.032656002949849716,748.1257544506783,8.219353715177569e-05,1.0,buy_and_hold
2008-09-22 21:00:00+00:00,-0.04708624708624698,712.8993203250287,0.0002465813210272838,1.0,buy_and_hold
2008-09-23 21:00:00+00:00,-0.00758317025440336,707.4932834047556,8.219353715244182e-05,1.0,buy_and_hold
2008-09-24 21:00:00+00:00,0.006901651466600933,712.3761554617764,8.219353715221978e-05,1.0,buy_and_hold
2008-09-25 21:00:00+00:00,0.01591187270501826,723.7113941655746,8.219353715310795e-05,1.0,buy_and_hold
2008-09-26 21:00:00+00:00,-0.010120481927710867,716.3870860800434,8.219353715244182e-05,1.0,buy_and_hold
2008-09-29 21:00:00+00:00,-0.07935735150925027,659.536504273302,0.0002465813210268397,1.0,buy_and_hold
2008-09-30 21:00:00+00:00,0.028820729772606857,678.5448276381326,8.219353715221978e-05,1.0,buy_and_hold
2008-10-01 21:00:00+00:00,-0.010537136982780693,671.3949078403523,8.219353715221978e-05,1.0,buy_and_hold
2008-10-02 21:00:00+00:00,-0.045454545454545414,640.8769574839727,8.219353715244182e-05,1.0,buy_and_hold
2008-10-03 21:00:00+00:00,-0.015510204081632617,630.9368250821805,8.219353715244182e-05,1.0,buy_and_hold
2008-10-06 21:00:00+00:00,-0.03648424543946949,607.9175710990826,0.00024658132102706176,1.0,buy_and_hold
2008-10-07 21:00:00+00:00,-0.06339644291451507,569.3777595061689,8.219353715244182e-05,1.0,buy_and_hold
2008-10-08 21:00:00+00:00,-0.007963246554364423,564.8436640246497,8.219353715244182e-05,1.0,buy_and_hold
2008-10-09 21:00:00+00:00,-0.026860142019141886,549.6718829903351,8.219353715221978e-05,1.0,buy_and_hold
2008-10-10 21:00:00+00:00,-0.006345177664974444,546.1841172353204,8.219353715221978e-05,1.0,buy_and_hold
2008-10-13 21:00:00+00:00,0.12164750957854409,612.6260548683526,0.00024658132102639563,1.0,buy_and_hold
2008-10-14 21:00:00+00:00,-0.04326786222601764,586.11903513024,8.219353715221978e-05,1.0,buy_and_hold
2008-10-15 21:00:00+00:00,-0.08955667955965485,533.628160517267,8.219353715244182e-05,1.0,buy_and_hold
2008-10-16 21:00:00+00:00,0.054248366013071925,562.57661628389,8.219353715221978e-05,1.0,buy_and_hold
2008-10-17 21:00:00+00:00,0.001239925604463732,563.2741694348929,8.219353715244182e-05,1.0,buy_and_hold
2008-10-20 21:00:00+00:00,0.027863777089783603,578.9691153324598,0.0002465813210268397,1.0,buy_and_hold
2008-10-21 21:00:00+00:00,-0.051807228915662806,548.9743298393322,8.219353715244182e-05,1.0,buy_and_hold
2008-10-22 21:00:00+00:00,-0.02763659466327828,533.8025488050178,8.219353715221978e-05,1.0,buy_and_hold
2008-10-23 21:00:00+00:00,-0.003920287487749086,531.7098893520089,8.219353715244182e-05,1.0,buy_and_hold
2008-10-24 21:00:00+00:00,-0.03214168579862253,514.6198371524363,8.219353715221978e-05,1.0,buy_and_hold
2008-10-27 21:00:00+00:00,-0.027787190782785465,500.31999755687553,0.00024658132102706176,1.0,buy_and_hold
2008-10-28 21:00:00+00:00,0.11049146043917735,555.6010847738604,8.219353715288591e-05,1.0,buy_and_hold
2008-10-29 21:00:00+00:00,-0.0025109855618330457,554.2059784718545,8.219353715244182e-05,1.0,buy_and_hold
2008-10-30 21:00:00+00:00,0.033354310887350636,572.691136973433,8.219353715244182e-05,1.0,buy_and_hold
2008-10-31 21:00:00+00:00,0.001522533495736722,573.5630784121867,8.219353715244182e-05,1.0,buy_and_hold
2008-11-03 22:00:00+00:00,-0.00212830647613238,572.3423603979315,0.00025000606652447743,1.0,buy_and_hold
2008-11-04 22:00:00+00:00,0.028336380255941318,588.5604711587504,8.219353715266386e-05,1.0,buy_and_hold
2008-11-05 22:00:00+00:00,-0.052148148148148055,557.86813251462,8.219353715244182e-05,1.0,buy_and_hold
2008-11-06 22:00:00+00:00,-0.044701469209127986,532.930607366264,8.219353715244182e-05,1.0,buy_and_hold
2008-11-07 22:00:00+00:00,0.020615183246073476,543.9170694945608,8.219353715244182e-05,1.0,buy_and_hold
2008-11-10 22:00:00+00:00,-0.013465854440525837,536.5927614090297,0.0002465813210268397,1.0,buy_and_hold
2008-11-11 22:00:00+00:00,-0.021774455638609025,524.90874612973,8.219353715221978e-05,1.0,buy_and_hold
2008-11-12 22:00:00+00:00,-0.04617940199335557,500.668774132377,8.219353715244182e-05,1.0,buy_and_hold
2008-11-13 22:00:00+00:00,0.060954371299198895,531.1867244887567,8.219353715244182e-05,1.0,buy_and_hold
2008-11-14 22:00:00+00:00,-0.04858831254103746,505.377257901647,8.219353715221978e-05,1.0,buy_and_hold
2008-11-17 22:00:00+00:00,-0.02104899930986881,494.7395723488518,0.0002465813210268397,1.0,buy_and_hold
2008-11-18 22:00:00+00:00,-0.0010574550581601283,494.2164074855996,8.219353715244182e-05,1.0,buy_and_hold
2008-11-19 22:00:00+00:00,-0.05222300635144672,468.40694089848995,8.219353715221978e-05,1.0,buy_and_hold
2008-11-20 22:00:00+00:00,-0.04839910647803436,445.7364634908936,8.219353715266386e-05,1.0,buy_and_hold
2008-11-21 22:00:00+00:00,0.043427230046948484,465.0935634312259,8.219353715221978e-05,1.0,buy_and_hold
2008-11-24 22:00:00+00:00,0.061117360329958625,493.51885433459665,0.0002465813210268397,1.0,buy_and_hold
2008-11-25 22:00:00+00:00,-0.0045936395759716975,491.25180659383705,8.219353715266386e-05,1.0,buy_and_hold
2008-11-26 22:00:00+00:00,0.04188853390131331,511.8296245484244,8.219353715221978e-05,1.0,buy_and_hold
2008-11-28 22:00:00+00:00,-0.007836456558773408,507.8186939301574,0.00016438734991086612,1.0,buy_and_hold
2008-12-01 22:00:00+00:00,-0.07520604395604402,469.6276589127451,0.0002465813210268397,1.0,buy_and_hold
2008-12-02 22:00:00+00:00,0.033419977720014815,485.32260481031176,8.219353715266386e-05,1.0,buy_and_hold
2008-12-03 22:00:00+00:00,0.028386633129716232,499.09927954262037,8.219353715266386e-05,1.0,buy_and_hold
2008-12-04 22:00:00+00:00,-0.028301886792452935,484.9738282348103,8.219353715244182e-05,1.0,buy_and_hold
2008-12-05 22:00:00+00:00,0.040632865875584345,504.6797047506441,8.219353715221978e-05,1.0,buy_and_hold
2008-12-08 22:00:00+00:00,0.03939184519695904,524.5599695542285,0.0002465813210268397,1.0,buy_and_hold
2008-12-09 22:00:00+00:00,-0.002327127659574324,523.3392515399734,8.219353715244182e-05,1.0,buy_and_hold
2008-12-10 22:00:00+00:00,-0.003332222592469236,521.595368662466,8.219353715221978e-05,1.0,buy_and_hold
2008-12-11 22:00:00+00:00,-0.027415580073554047,507.29552906690515,8.219353715244182e-05,1.0,buy_and_hold
2008-12-12 22:00:00+00:00,0.020281883808868972,517.5844380441988,8.219353715244182e-05,1.0,buy_and_hold
2008-12-15 22:00:00+00:00,-0.017520215633422986,508.5162470811604,0.0002465813210268397,1.0,buy_and_hold
2008-12-16 22:00:00+00:00,0.04801097393689968,532.930607366264,8.219353715244182e-05,1.0,buy_and_hold
2008-12-17 22:00:00+00:00,-0.012107329842931835,526.4782407194866,8.219353715244182e-05,1.0,buy_and_hold
2008-12-18 22:00:00+00:00,-0.017555481947664764,517.2356614686973,8.219353715266386e-05,1.0,buy_and_hold
2008-12-19 22:00:00+00:00,0.008203839000671787,521.4789795607925,8.219353715199773e-05,1.0,buy_and_hold
2008-12-22 22:00:00+00:00,-0.021768251841928987,510.12729380344103,0.0002465813210272838,1.0,buy_and_hold
2008-12-23 22:00:00+00:00,-0.005135227661759778,507.50767401328295,8.219353715221978e-05,1.0,buy_and_hold
2008-12-24 22:00:00+00:00,0.002752924982794225,508.9048045680339,8.219345798021749e-05,1.0,buy_and_hold
2008-12-26 22:00:00+00:00,-0.0003431708991078475,508.73016324869,0.0001643874290897518,1.0,buy_and_hold
2008-12-29 22:00:00+00:00,-0.008238928939237833,504.5387715844372,0.00024658132102706176,1.0,buy_and_hold
2008-12-30 22:00:00+00:00,0.020768431983385183,515.0172507450693,8.219353715221978e-05,1.0,buy_and_hold
2008-12-31 22:00:00+00:00,0.008477449983045116,519.383283728666,8.219353715244182e-05,1.0,buy_and_hold
2009-01-02 22:00:00+00:00,0.04337592468056495,541.9120139240251,0.00016438742908952975,1.0,buy_and_hold
2009-01-05 22:00:00+00:00,-0.00032226877215602023,541.7373726046812,0.00024658132102706176,1.0,buy_and_hold
2009-01-06 22:00:00+00:00,0.009993552546744056,547.1512535043412,8.219353715244182e-05,1.0,buy_and_hold
2009-01-07 22:00:00+00:00,-0.02840727736993287,531.6081760827369,8.219353715221978e-05,1.0,buy_and_hold
2009-01-08 22:00:00+00:00,0.010512483574244502,537.1966983017408,8.219353715221978e-05,1.0,buy_and_hold
2009-01-09 22:00:00+00:00,-0.022431729518855748,525.1464472670137,8.219353715221978e-05,1.0,buy_and_hold
2009-01-12 22:00:00+00:00,-0.018290655138011203,515.541174703101,0.0002465813210268397,1.0,buy_and_hold
2009-01-13 22:00:00+00:00,0.0003387533875338633,515.7158160224449,8.219353715266386e-05,1.0,buy_and_hold
2009-01-14 22:00:00+00:00,-0.03047748052827648,499.9980972814966,8.219353715288591e-05,1.0,buy_and_hold
2009-01-15 22:00:00+00:00,0.016381418092909605,508.18877515872407,8.219353715221978e-05,1.0,buy_and_hold
2009-01-16 22:00:00+00:00,0.011031306917763661,513.7947615096623,8.219353715244182e-05,1.0,buy_and_hold
2009-01-20 22:00:00+00:00,-0.04962610469068662,488.2971288854574,0.0003287752129648158,1.0,buy_and_hold
2009-01-21 22:00:00+00:00,0.04256080114449201,509.07944588737774,8.219353715266386e-05,1.0,buy_and_hold
2009-01-22 22:00:00+00:00,-0.013379073756432214,502.2684344329669,8.219353715266386e-05,1.0,buy_and_hold
2009-01-23 22:00:00+00:00,0.004867872044506116,504.71341290378103,8.219353715244182e-05,1.0,buy_and_hold
2009-01-26 22:00:00+00:00,0.00726643598615917,508.3808806100023,0.00024658132102706176,1.0,buy_and_hold
2009-01-27 22:00:00+00:00,0.007214015802129881,512.0483483162236,8.219353715244182e-05,1.0,buy_and_hold
2009-01-28 22:00:00+00:00,0.03512960436562085,530.0364042086421,8.219353715221978e-05,1.0,buy_and_hold
2009-01-29 22:00:00+00:00,-0.025370675453048053,516.5890226191641,8.219353715244182e-05,1.0,buy_and_hold
2009-01-30 22:00:00+00:00,-0.017579445571331953,507.50767401328295,8.219353715221978e-05,1.0,buy_and_hold
2009-02-02 22:00:00+00:00,0.012044046799724706,513.6201201903184,0.00024658132102706176,1.0,buy_and_hold
2009-02-03 22:00:00+00:00,0.01564093845630743,521.6536208801364,8.219353715199773e-05,1.0,buy_and_hold
2009-02-04 22:00:00+00:00,0.0013391362571140153,522.3521861575118,8.219353715221978e-05,1.0,buy_and_hold
2009-02-05 22:00:00+00:00,0.02206619859578729,533.8785132342072,8.219353715266386e-05,1.0,buy_and_hold
2009-02-06 22:00:00+00:00,0.02616944717042835,547.8498187817166,8.219353715199773e-05,1.0,buy_and_hold
2009-02-09 22:00:00+00:00,0.004144086707045025,550.120155933187,0.00024658132102661767,1.0,buy_and_hold
2009-02-10 22:00:00+00:00,-0.03682539682539676,529.8617628892982,8.219353715266386e-05,1.0,buy_and_hold
2009-02-11 22:00:00+00:00,-0.00461437046802915,527.416784418484,8.219353715244182e-05,1.0,buy_and_hold
2009-02-12 22:00:00+00:00,0.012251655629139213,533.8785132342072,8.219353715244182e-05,1.0,buy_and_hold
2009-02-13 22:00:00+00:00,-0.0045796532548249,531.433534763393,8.219353715266386e-05,1.0,buy_and_hold
2009-02-17 22:00:00+00:00,-0.039763391390075675,510.30193512278487,0.0003287752129645938,1.0,buy_and_hold
2009-02-18 22:00:00+00:00,0.000684462696783017,510.6512177614726,8.219353715221978e-05,1.0,buy_and_hold
2009-02-19 22:00:00+00:00,-0.01538987688098492,502.7923583909985,8.219353715244182e-05,1.0,buy_and_hold
2009-02-20 22:00:00+00:00,0.0027787426189649356,504.1894889457495,8.219353715266386e-05,1.0,buy_and_hold
2009-02-23 22:00:00+00:00,-0.03498441288534815,486.5507156920187,0.0002465813210272838,1.0,buy_and_hold
2009-02-24 22:00:00+00:00,0.033022254127781814,502.6177170716547,8.219353715221978e-05,1.0,buy_and_hold
2009-02-25 22:00:00+00:00,-0.006601806810284994,499.29953200412115,8.219353715244182e-05,1.0,buy_and_hold
2009-02-26 22:00:00+00:00,-0.027981811822315517,485.3282264566116,8.219353715221978e-05,1.0,buy_and_hold
2009-02-27 22:00:00+00:00,-0.009355883411298893,480.7875521536711,8.219353715221978e-05,1.0,buy_and_hold
2009-03-02 22:00:00+00:00,-0.03232836905194347,465.2444747320667,0.00024658132102706176,1.0,buy_and_hold
2009-03-03 22:00:00+00:00,-0.0007507507507507061,464.89519209337897,8.219353715199773e-05,1.0,buy_and_hold
2009-03-04 22:00:00+00:00,0.02667167543200577,477.2947257667936,8.219353715244182e-05,1.0,buy_and_hold
2009-03-05 22:00:00+00:00,-0.03000365898280255,462.97413758059645,8.219353715244182e-05,1.0,buy_and_hold
2009-03-06 22:00:00+00:00,-0.007921539041870984,459.3066698743752,8.219353715244182e-05,1.0,buy_and_hold
2009-03-09 21:00:00+00:00,-0.021292775665399333,449.5267559911185,0.0002431565755296461,1.0,buy_and_hold
2009-03-10 21:00:00+00:00,0.061771561771561734,477.2947257667936,8.219353715244182e-05,1.0,buy_and_hold
2009-03-11 21:00:00+00:00,0.015367727771679718,484.62966117923617,8.219353715221978e-05,1.0,buy_and_hold
2009-03-12 21:00:00+00:00,0.03315315315315326,500.6966625588721,8.219353715221978e-05,1.0,buy_and_hold
2009-03-13 21:00:00+00:00,0.0024415765608649664,501.9191517942791,8.219353715221978e-05,1.0,buy_and_hold
2009-03-16 21:00:00+00:00,-0.01670146137787043,493.5363684657735,0.00024658132102661767,1.0,buy_and_hold
2009-03-17 21:00:00+00:00,0.037862703467798964,512.2229896355674,8.219353715221978e-05,1.0,buy_and_hold
2009-03-18 21:00:00+00:00,0.012615069894306163,518.6847184512906,8.219353715221978e-05,1.0,buy_and_hold
2009-03-19 21:00:00+00:00,-0.0006734006734007147,518.3354358126028,8.219353715221978e-05,1.0,buy_and_hold
2009-03-20 21:00:00+00:00,-0.015225995211291088,510.4432629490776,8.219353715244182e-05,1.0,buy_and_hold
2009-03-23 21:00:00+00:00,0.058944482522275576,540.5310769405928,0.00024658132102706176,1.0,buy_and_hold
2009-03-24 21:00:00+00:00,-0.01844660194174752,530.5601153271256,8.219353715244182e-05,1.0,buy_and_hold
2009-03-25 21:00:00+00:00,0.004615891856247778,533.009123442714,8.219353715266386e-05,1.0,buy_and_hold
2009-03-26 21:00:00+00:00,0.030850016409583292,549.4524636473793,8.219353715244182e-05,1.0,buy_and_hold
2009-03-27 21:00:00+00:00,-0.018783826806749504,539.1316437316851,8.219353715244182e-05,1.0,buy_and_hold
2009-03-30 21:00:00+00:00,-0.024659312134977296,525.8370282470621,0.00024658132102706176,1.0,buy_and_hold
2009-03-31 21:00:00+00:00,0.008649367930805063,530.3851861760121,8.219353715266386e-05,1.0,buy_and_hold
2009-04-01 21:00:00+00:00,0.014841688654353646,538.2569979761179,8.219353715199773e-05,1.0,buy_and_hold
2009-04-02 21:00:00+00:00,0.03217419564510893,555.5749839363505,8.219353715266386e-05,1.0,buy_and_hold
2009-04-03 21:00:00+00:00,0.018576826196473606,565.8958038520447,8.219353715221978e-05,1.0,buy_and_hold
2009-04-06 21:00:00+00:00,-0.002472952086553293,564.496370643137,0.00024658132102706176,1.0,buy_and_hold
2009-04-07 21:00:00+00:00,-0.026340254105980843,549.6273927984928,8.219353715221978e-05,1.0,buy_and_hold
2009-04-08 21:00:00+00:00,0.01686823679185223,558.8986378075061,8.219353715266386e-05,1.0,buy_and_hold
2009-04-09 21:00:00+00:00,0.030985915492957705,576.2166237677387,8.219353715199773e-05,1.0,buy_and_hold
2009-04-13 21:00:00+00:00,-0.0015179113539768307,575.3419780121715,0.00032877521296437173,1.0,buy_and_hold
2009-04-14 21:00:00+00:00,-0.012161751292185996,568.3448119676331,8.219353715244182e-05,1.0,buy_and_hold
2009-04-15 21:00:00+00:00,-0.0027700831024930483,566.7704496076119,8.219353715221978e-05,1.0,buy_and_hold
2009-04-16 21:00:00+00:00,0.025925925925925908,581.4644983011426,8.219353715221978e-05,1.0,buy_and_hold
2009-04-17 21:00:00+00:00,0.002105896510228522,582.6890023589368,8.219353715288591e-05,1.0,buy_and_hold
2009-04-20 21:00:00+00:00,-0.03212248574001797,563.9715831897965,0.00024658132102706176,1.0,buy_and_hold
2009-04-21 21:00:00+00:00,0.013957816377171195,571.8433949899022,8.219353715266386e-05,1.0,buy_and_hold
2009-04-22 21:00:00+00:00,0.0030590394616090144,573.5926865010368,8.219353715221978e-05,1.0,buy_and_hold
2009-04-23 21:00:00+00:00,0.009759072888075648,579.1904193366676,8.219353715199773e-05,1.0,buy_and_hold
2009-04-24 21:00:00+00:00,0.01751736635457557,589.3363101012483,8.219353715221978e-05,1.0,buy_and_hold
2009-04-27 21:00:00+00:00,0.001187295933511301,590.036026705702,0.0002465813210268397,1.0,buy_and_hold
2009-04-28 21:00:00+00:00,-0.007411799584939094,585.6627979278657,8.219353715288591e-05,1.0,buy_and_hold
2009-04-29 21:00:00+00:00,0.013739545997610403,593.7095388790848,8.219353715244182e-05,1.0,buy_and_hold
2009-04-30 21:00:00+00:00,0.01001767825574551,599.6571300169425,8.219353715244182e-05,1.0,buy_and_hold
2009-05-01 21:00:00+00:00,0.0026254375729288792,601.2314923769636,8.219353715288591e-05,1.0,buy_and_hold
2009-05-04 21:00:00+00:00,0.019784695955775256,613.1266746526788,0.00024658132102661767,1.0,buy_and_hold
2009-05-05 21:00:00+00:00,-0.0008559201141223882,612.6018871993386,8.219353715244182e-05,1.0,buy_and_hold
2009-05-06 21:00:00+00:00,0.0002855511136492517,612.776816350452,8.219353715244182e-05,1.0,buy_and_hold
2009-05-07 21:00:00+00:00,-0.023408506994005096,598.4326259591483,8.219353715266386e-05,1.0,buy_and_hold
2009-05-08 21:00:00+00:00,0.0005846243788365513,598.7824842613751,8.219353715199773e-05,1.0,buy_and_hold
2009-05-11 21:00:00+00:00,0.0035056967572306696,600.8816340747368,0.0002465813210268397,1.0,buy_and_hold
2009-05-12 21:00:00+00:00,-0.012227074235808044,593.5346097279713,8.219353715288591e-05,1.0,buy_and_hold
2009-05-13 21:00:00+00:00,-0.026819923371647292,577.6160569766465,8.219353715221978e-05,1.0,buy_and_hold
2009-05-14 21:00:00+00:00,0.011205330102967759,584.0884355678445,8.219353715221978e-05,1.0,buy_and_hold
2009-05-15 21:00:00+00:00,-0.0005989817310572132,583.7385772656176,8.219353715199773e-05,1.0,buy_and_hold
2009-05-18 21:00:00+00:00,0.026071321546299098,598.9574134124887,0.00024658132102706176,1.0,buy_and_hold
2009-05-19 21:00:00+00:00,0.004672897196261738,601.756279830304,8.219353715221978e-05,1.0,buy_and_hold
2009-05-20 21:00:00+00:00,-0.0034883720930233286,599.6571300169425,8.219353715244182e-05,1.0,buy_and_hold
2009-05-21 21:00:00+00:00,-0.01837806301050171,588.6365934967945,8.219353715288591e-05,1.0,buy_and_hold
2009-05-22 21:00:00+00:00,-0.003268945022288361,586.7123728345464,8.219353715266386e-05,1.0,buy_and_hold
2009-05-26 21:00:00+00:00,0.03726893261776976,608.578516723729,0.0003287752129641497,1.0,buy_and_hold
2009-05-27 21:00:00+00:00,-0.006898534061511863,604.3802170970059,8.219353715266386e-05,1.0,buy_and_hold
2009-05-28 21:00:00+00:00,0.01157742402315498,611.3773831415444,8.219353715244182e-05,1.0,buy_and_hold
2009-05-29 21:00:00+00:00,0.01230329041487832,618.8993366394232,8.219353715266386e-05,1.0,buy_and_hold
2009-06-01 21:00:00+00:00,0.028547201808931666,636.5671809018827,0.0002465813210268397,1.0,buy_and_hold
2009-06-02 21:00:00+00:00,0.0013740038472107585,637.44182665745,8.219353715244182e-05,1.0,buy_and_hold
2009-06-03 21:00:00+00:00,-0.0030186608122942937,635.5176059952018,8.219353715221978e-05,1.0,buy_and_hold
2009-06-04 21:00:00+00:00,0.011285439031103905,642.6897011908538,8.219353715244182e-05,1.0,buy_and_hold
2009-06-05 21:00:00+00:00,0.0010887316276537717,643.3894177953076,8.219353715199773e-05,1.0,buy_and_hold
2009-06-08 21:00:00+00:00,-0.0029907558455682937,641.4651971330595,0.0002465813210268397,1.0,buy_and_hold
2009-06-09 21:00:00+00:00,0.007635669484592489,646.3632133642365,8.219353715199773e-05,1.0,buy_and_hold
2009-06-10 21:00:00+00:00,-0.003518267929634722,644.0891343997614,8.219353715244182e-05,1.0,buy_and_hold
2009-06-11 21:00:00+00:00,0.0,644.0891343997614,8.219353715221978e-05,1.0,buy_and_hold
2009-06-12 21:00:00+00:00,-0.004617055947854443,641.1153388308326,8.219353715266386e-05,1.0,buy_and_hold
2009-06-15 21:00:00+00:00,-0.02046384720327421,627.995652497323,0.0002465813210268397,1.0,buy_and_hold
2009-06-16 21:00:00+00:00,-0.009749303621169991,621.8731322083519,8.219353715244182e-05,1.0,buy_and_hold
2009-06-17 21:00:00+00:00,0.009535864978903241,627.8032304310983,8.219353715221978e-05,1.0,buy_and_hold
2009-06-18 21:00:00+00:00,-0.0019225946668895988,626.5962192884155,8.219353715244182e-05,1.0,buy_and_hold
2009-06-19 21:00:00+00:00,0.010721558831189748,633.3143075169172,8.219353715244182e-05,1.0,buy_and_hold
2009-06-22 21:00:00+00:00,-0.02986725663716816,614.398946562319,0.0002465813210268397,1.0,buy_and_hold
2009-06-23 21:00:00+00:00,-0.0022805017103761926,612.9978087138303,8.219353715244182e-05,1.0,buy_and_hold
2009-06-24 21:00:00+00:00,0.016857142857142904,623.3312003464349,8.219353715244182e-05,1.0,buy_and_hold
2009-06-25 21:00:00+00:00,0.019668446192750766,635.5911565207115,8.219353715288591e-05,1.0,buy_and_hold
2009-06-26 21:00:00+00:00,0.0022044640396803317,636.9922943692002,8.219353715244182e-05,1.0,buy_and_hold
2009-06-29 21:00:00+00:00,0.0021996150673633252,638.393432217689,0.0002465813210268397,1.0,buy_and_hold
2009-06-30 21:00:00+00:00,-0.0019204389574759562,637.1674366002613,8.219353715221978e-05,1.0,buy_and_hold
2009-07-01 21:00:00+00:00,0.0005497526113247275,637.5177210623834,8.219353715244182e-05,1.0,buy_and_hold
2009-07-02 21:00:00+00:00,-0.0219780219780219,623.506342577496,8.219353715244182e-05,1.0,buy_and_hold
2009-07-06 21:00:00+00:00,-0.005337078651685534,620.1786401873351,0.00032877521296437173,1.0,buy_and_hold
2009-07-07 21:00:00+00:00,-0.024851736797514623,604.7661238539589,8.219353715244182e-05,1.0,buy_and_hold
2009-07-08 21:00:00+00:00,0.005212858384013863,607.9186840130586,8.219353715244182e-05,1.0,buy_and_hold
2009-07-09 21:00:00+00:00,0.0017286084701815252,608.9695373994252,8.219353715244182e-05,1.0,buy_and_hold
2009-07-10 21:00:00+00:00,0.004314063848144922,611.5966708653416,8.219353715244182e-05,1.0,buy_and_hold
2009-07-13 21:00:00+00:00,0.01918671248568149,623.3312003464349,0.00024658132102706176,1.0,buy_and_hold
2009-07-14 21:00:00+00:00,0.003652711435796485,625.6080493502291,8.219353715288591e-05,1.0,buy_and_hold
2009-07-15 21:00:00+00:00,0.033594624860022515,646.6251170775605,8.219353715221978e-05,1.0,buy_and_hold
2009-07-16 21:00:00+00:00,0.00243770314192826,648.2013971571103,8.219353715244182e-05,1.0,buy_and_hold
2009-07-17 21:00:00+00:00,0.014860848419346206,657.8342198654705,8.219353715199773e-05,1.0,buy_and_hold
2009-07-20 21:00:00+00:00,0.009584664536741228,664.1393401836699,0.00024658132102706176,1.0,buy_and_hold
2009-07-21 21:00:00+00:00,0.006856540084388074,668.6930381912583,8.219353715221978e-05,1.0,buy_and_hold
2009-07-22 21:00:00+00:00,0.00838135149292829,674.2975895852134,8.219353715244182e-05,1.0,buy_and_hold
2009-07-23 21:00:00+00:00,0.02207792207792214,689.1846792254064,8.219353715221978e-05,1.0,buy_and_hold
2009-07-24 21:00:00+00:00,-0.007623888182973437,683.9304122935735,8.219353715244182e-05,1.0,buy_and_hold
2009-07-27 21:00:00+00:00,0.00768245838668391,689.1846792254064,0.00024658132102706176,1.0,buy_and_hold
2009-07-28 21:00:00+00:00,-0.00686149936467606,684.4558389867568,8.219353715244182e-05,1.0,buy_and_hold
2009-07-29 21:00:00+00:00,0.0066530194472878,689.0095369943454,8.219353715244182e-05,1.0,buy_and_hold
2009-07-30 21:00:00+00:00,0.005846466700559105,693.0378083087504,8.219353715266386e-05,1.0,buy_and_hold
2009-07-31 21:00:00+00:00,-0.0030326004548900665,690.9361015360173,8.219353715221978e-05,1.0,buy_and_hold
2009-08-03 21:00:00+00:00,0.014955640050696939,701.2694931686218,0.0002465813210268397,1.0,buy_and_hold
2009-08-04 21:00:00+00:00,0.0,701.2694931686218,8.219353715221978e-05,1.0,buy_and_hold
2009-08-05 21:00:00+00:00,-0.007742257742257674,695.8400840057279,8.219353715199773e-05,1.0,buy_and_hold
2009-08-06 21:00:00+00:00,-0.008809463881198076,689.7101059185896,8.219353715221978e-05,1.0,buy_and_hold
2009-08-07 21:00:00+00:00,0.012696800406297726,698.4672174716444,8.219353715199773e-05,1.0,buy_and_hold
2009-08-10 21:00:00+00:00,-0.007021063189568633,693.5632350019338,0.00024658132102706176,1.0,buy_and_hold
2009-08-11 21:00:00+00:00,-0.008585858585858808,687.6083991458564,8.219353715244182e-05,1.0,buy_and_hold
2009-08-12 21:00:00+00:00,0.015537442689760761,698.2920752405832,8.219353715244182e-05,1.0,buy_and_hold
2009-08-13 21:00:00+00:00,0.005517933283170295,702.1452043239274,8.219353715266386e-05,1.0,buy_and_hold
2009-08-14 21:00:00+00:00,-0.011474183088051926,694.088661695117,8.219353715266386e-05,1.0,buy_and_hold
2009-08-17 21:00:00+00:00,-0.0290184203885947,673.947305123091,0.00024658132102706176,1.0,buy_and_hold
2009-08-18 21:00:00+00:00,0.014293139293139578,683.5801278314514,8.219353715221978e-05,1.0,buy_and_hold
2009-08-19 21:00:00+00:00,0.006917755572636297,688.3089680701008,8.219353715221978e-05,1.0,buy_and_hold
2009-08-20 21:00:00+00:00,0.011704834605597902,696.3655106989112,8.219353715244182e-05,1.0,buy_and_hold
2009-08-21 21:00:00+00:00,0.013329979879275644,705.6480489451492,8.219353715266386e-05,1.0,buy_and_hold
2009-08-24 21:00:00+00:00,-0.0009928021841646428,704.9474800209049,0.0002465813210268397,1.0,buy_and_hold
2009-08-25 21:00:00+00:00,0.0029813664596272105,707.0491867936379,8.219353715244182e-05,1.0,buy_and_hold
2009-08-26 21:00:00+00:00,-0.0017339608620262625,705.8231911762102,8.219353715288591e-05,1.0,buy_and_hold
2009-08-27 21:00:00+00:00,0.002481389578163906,707.5746134868212,8.219353715244182e-05,1.0,buy_and_hold
2009-08-28 21:00:00+00:00,0.000990099009900769,708.2751824110655,8.219353715244182e-05,1.0,buy_and_hold
2009-08-31 21:00:00+00:00,-0.010138476755687353,701.0943509375608,0.00024658132102706176,1.0,buy_and_hold
2009-09-01 21:00:00+00:00,-0.018735948038970718,687.9586836079787,8.219353715266386e-05,1.0,buy_and_hold
2009-09-02 21:00:00+00:00,-0.0007637474541752898,687.4332569147954,8.219353715244182e-05,1.0,buy_and_hold
2009-09-03 21:00:00+00:00,0.006624203821655961,691.9869549223838,8.219353715244182e-05,1.0,buy_and_hold
2009-09-04 21:00:00+00:00,0.021513540875727655,706.8740445625768,8.219353715244182e-05,1.0,buy_and_hold
2009-09-08 21:00:00+00:00,0.00941526263627357,713.5294493428985,0.00032877521296437173,1.0,buy_and_hold
2009-09-09 21:00:00+00:00,0.008591065292096411,719.6594274300369,8.219353715244182e-05,1.0,buy_and_hold
2009-09-10 21:00:00+00:00,0.009491360428327766,726.4899744414193,8.219353715199773e-05,1.0,buy_and_hold
2009-09-11 21:00:00+00:00,0.000964320154291487,727.1905433656639,8.219353715221978e-05,1.0,buy_and_hold
2009-09-14 21:00:00+00:00,0.003853564547206201,729.9928190626414,0.00024658132102706176,1.0,buy_and_hold
2009-09-15 21:00:00+00:00,0.0031190019193858554,732.2696680664357,8.219353715266386e-05,1.0,buy_and_hold
2009-09-16 21:00:00+00:00,0.014589811049988022,742.9533441611624,8.219353715221978e-05,1.0,buy_and_hold
2009-09-17 21:00:00+00:00,-0.0002357378595003734,742.7782019301012,8.219353715199773e-05,1.0,buy_and_hold
2009-09-18 21:00:00+00:00,0.0016667050728433885,744.0161941272555,8.219353715244182e-05,1.0,buy_and_hold
2009-09-21 21:00:00+00:00,0.0030631479736098477,746.2952258246294,0.00024658132102661767,1.0,buy_and_hold
2009-09-22 21:00:00+00:00,0.0018792576932111782,747.6977068691671,8.219353715199773e-05,1.0,buy_and_hold
2009-09-23 21:00:00+00:00,-0.004689331770222571,744.1915042578229,8.219353715244182e-05,1.0,buy_and_hold
2009-09-24 21:00:00+00:00,-0.00895170789163735,737.5297192962687,8.219353715221978e-05,1.0,buy_and_hold
2009-09-25 21:00:00+00:00,-0.008794865700023746,731.0432444652818,8.219353715244182e-05,1.0,buy_and_hold
2009-09-28 21:00:00+00:00,0.0170263788968823,743.4902637355539,0.00024658132102706176,1.0,buy_and_hold
2009-09-29 21:00:00+00:00,-0.004480075453902388,740.1593712547768,8.219353715244182e-05,1.0,buy_and_hold
2009-09-30 21:00:00+00:00,0.000710563713879786,740.6853016464785,8.219353715310795e-05,1.0,buy_and_hold
2009-10-01 21:00:00+00:00,-0.029585798816567976,718.7715353255768,8.219353715266386e-05,1.0,buy_and_hold
2009-10-02 21:00:00+00:00,-0.0029268292682926855,716.6678137587702,8.219353715221978e-05,1.0,buy_and_hold
2009-10-05 21:00:00+00:00,0.008072407045009777,722.4530480674882,0.00024658132102661767,1.0,buy_and_hold
2009-10-06 21:00:00+00:00,0.01771414705168639,735.2506875988948,8.219353715244182e-05,1.0,buy_and_hold
2009-10-07 21:00:00+00:00,0.0028612303290416197,737.3544091657014,8.219353715221978e-05,1.0,buy_and_hold
2009-10-08 21:00:00+00:00,0.004279600570613384,740.5099915159113,8.219353715244182e-05,1.0,buy_and_hold
2009-10-09 21:00:00+00:00,0.005681818181818121,744.7174346495244,8.219353715244182e-05,1.0,buy_and_hold
2009-10-12 21:00:00+00:00,0.0021186440677967155,746.2952258246294,0.0002465813210268397,1.0,buy_and_hold
2009-10-13 21:00:00+00:00,0.00023490721165120299,746.4705359551965,8.219353715221978e-05,1.0,buy_and_hold
2009-10-14 21:00:00+00:00,0.013621418506341021,756.6385235280949,8.219353715244182e-05,1.0,buy_and_hold
2009-10-15 21:00:00+00:00,-0.0023169601482851965,754.8854222224229,8.219353715221978e-05,1.0,buy_and_hold
2009-10-16 21:00:00+00:00,-0.00650255457501181,749.9767385665408,8.219353715244182e-05,1.0,buy_and_hold
2009-10-19 21:00:00+00:00,0.010051425899953337,757.515074180931,0.00024658132102661767,1.0,buy_and_hold
2009-10-20 21:00:00+00:00,0.0002314279102058059,757.6903843114982,8.219353715244182e-05,1.0,buy_and_hold
2009-10-21 21:00:00+00:00,-0.0018509949097638145,756.2879032669606,8.219353715221978e-05,1.0,buy_and_hold
2009-10-22 21:00:00+00:00,0.003940658321743173,759.2681754866032,8.219353715244182e-05,1.0,buy_and_hold
2009-10-23 21:00:00+00:00,-0.004156084045255248,756.1125931363933,8.219353715244182e-05,1.0,buy_and_hold
2009-10-26 21:00:00+00:00,-0.0032460004637143713,753.6582513084523,0.00024658132102661767,1.0,buy_and_hold
2009-10-27 21:00:00+00:00,-0.015119795301232752,742.2630928215835,8.219353715266386e-05,1.0,buy_and_hold
2009-10-28 21:00:00+00:00,-0.02243741143127076,725.6086304176981,8.219353715221978e-05,1.0,buy_and_hold
2009-10-29 21:00:00+00:00,0.016912297656438646,737.8803395574031,8.219353715244182e-05,1.0,buy_and_hold
2009-10-30 21:00:00+00:00,-0.026847232121644193,718.0702948033079,8.219353715244182e-05,1.0,buy_and_hold
2009-11-02 22:00:00+00:00,0.004150390625000222,721.0505670229506,0.00025000606652447743,1.0,buy_and_hold
2009-11-03 22:00:00+00:00,0.003160709944079576,723.3295987203243,8.219353715221978e-05,1.0,buy_and_hold
2009-11-04 22:00:00+00:00,0.0016965584100825382,724.5567696342948,8.219353715244182e-05,1.0,buy_and_hold
2009-11-05 22:00:00+00:00,0.024679409629808857,742.4384029521507,8.219353715221978e-05,1.0,buy_and_hold
2009-11-06 22:00:00+00:00,0.005903187721369552,746.821156216331,8.219353715244182e-05,1.0,buy_and_hold
2009-11-09 22:00:00+00:00,0.02136150234741785,762.7743780979474,0.0002465813210268397,1.0,buy_and_hold
2009-11-10 22:00:00+00:00,0.0025281544472535167,764.7027895341868,8.219353715244182e-05,1.0,buy_and_hold
2009-11-11 22:00:00+00:00,0.00641907381934903,769.6114731900688,8.219353715266386e-05,1.0,buy_and_hold
2009-11-12 22:00:00+00:00,-0.005694760820045497,765.2287199258884,8.219353715221978e-05,1.0,buy_and_hold
2009-11-13 22:00:00+00:00,0.008247422680412342,771.5398846263081,8.219353715244182e-05,1.0,buy_and_hold
2009-11-16 22:00:00+00:00,0.010224948875255713,779.4288405018327,0.00024658132102661767,1.0,buy_and_hold
2009-11-17 22:00:00+00:00,0.0031488978857401317,781.8831823297738,8.219353715266386e-05,1.0,buy_and_hold
2009-11-18 22:00:00+00:00,-0.005538116591928266,777.5530221047636,8.219353715244182e-05,1.0,buy_and_hold
2009-11-19 22:00:00+00:00,-0.015624647712669026,765.4040300564556,8.219353715288591e-05,1.0,buy_and_hold
2009-11-20 22:00:00+00:00,-0.005038937242327068,761.5472071839769,8.219353715244182e-05,1.0,buy_and_hold
2009-11-23 22:00:00+00:00,0.016114180478821405,773.818916323682,0.00024658132102706176,1.0,buy_and_hold
2009-11-24 22:00:00+00:00,-0.0033982782057091487,771.1892643651737,8.219353715199773e-05,1.0,buy_and_hold
2009-11-25 22:00:00+00:00,0.004319163446237839,774.5201568459507,8.219353715244182e-05,1.0,buy_and_hold
2009-11-27 22:00:00+00:00,-0.015165233137166112,762.7743780979474,0.00016438734991108817,1.0,buy_and_hold
2009-11-30 22:00:00+00:00,0.001149161112388164,763.6509287507836,0.0002465813210268397,1.0,buy_and_hold
2009-12-01 22:00:00+00:00,0.010330578512396604,771.5398846263081,8.219353715244182e-05,1.0,buy_and_hold
2009-12-02 22:00:00+00:00,0.0013633265167007913,772.5917454097114,8.219353715244182e-05,1.0,buy_and_hold
2009-12-03 22:00:00+00:00,-0.004084411164057111,769.4361630595016,8.219353715266386e-05,1.0,buy_and_hold
2009-12-04 22:00:00+00:00,0.0052403736614261565,773.4682960625474,8.219353715244182e-05,1.0,buy_and_hold
2009-12-07 22:00:00+00:00,-0.004759746146872246,769.7867833206359,0.00024658132102661767,1.0,buy_and_hold
2009-12-08 22:00:00+00:00,-0.006103393304486282,765.0884718214347,8.219353715244182e-05,1.0,buy_and_hold
2009-12-09 22:00:00+00:00,0.01003620365702762,772.7670555402786,8.219353715288591e-05,1.0,buy_and_hold
2009-12-10 22:00:00+00:00,0.004990925589836603,776.6238784127573,8.219353715221978e-05,1.0,buy_and_hold
2009-12-11 22:00:00+00:00,-0.0038374717832955207,773.6436061931148,8.219353715244182e-05,1.0,buy_and_hold
2009-12-14 22:00:00+00:00,0.009517335146158823,781.0066316769377,0.00024658132102661767,1.0,buy_and_hold
2009-12-15 22:00:00+00:00,-0.0056116722783389195,776.6238784127573,8.219353715244182e-05,1.0,buy_and_hold
2009-12-16 22:00:00+00:00,0.0013544018058690988,777.6757391961606,8.219353715244182e-05,1.0,buy_and_hold
2009-12-17 22:00:00+00:00,-0.01217312894499556,768.208992145531,8.219353715266386e-05,1.0,buy_and_hold
2009-12-18 22:00:00+00:00,0.01638851891941462,780.7987997473725,8.219353715244182e-05,1.0,buy_and_hold
2009-12-21 22:00:00+00:00,0.01124606387764282,789.5797129249183,0.00024658132102661767,1.0,buy_and_hold
2009-12-22 22:00:00+00:00,0.006005338078291844,794.321406040793,8.219353715221978e-05,1.0,buy_and_hold
2009-12-23 22:00:00+00:00,0.007296042449701501,800.1168087379733,8.219353715244182e-05,1.0,buy_and_hold
2009-12-24 22:00:00+00:00,0.009218612818261418,807.4927758071117,8.219345798021749e-05,1.0,buy_and_hold
2009-12-28 22:00:00+00:00,0.005219660722053154,811.7076141323338,0.00032877521296437173,1.0,buy_and_hold
2009-12-29 22:00:00+00:00,-0.004110774556469021,808.3708671248664,8.219353715244182e-05,1.0,buy_and_hold
2009-12-30 22:00:00+00:00,0.0030414946773842377,810.8295228145793,8.219353715288591e-05,1.0,buy_and_hold
2009-12-31 22:00:00+00:00,-0.009096816114360085,803.4535557454407,8.219353715221978e-05,1.0,buy_and_hold
2010-01-04 22:00:00+00:00,0.014644808743169424,815.2199794033521,0.0003287752129637056,1.0,buy_and_hold
2010-01-05 22:00:00+00:00,0.0,815.2199794033521,8.219353715266386e-05,1.0,buy_and_hold
2010-01-06 22:00:00+00:00,-0.006031882809134026,810.3026680239265,8.219353715244182e-05,1.0,buy_and_hold
2010-01-07 22:00:00+00:00,0.0006501950585175997,810.8295228145793,8.219353715288591e-05,1.0,buy_and_hold
2010-01-08 22:00:00+00:00,0.008230452674897082,817.503016829514,8.219353715244182e-05,1.0,buy_and_hold
2010-01-11 22:00:00+00:00,-0.004081632653061162,814.1662698220466,0.00024658132102706176,1.0,buy_and_hold
2010-01-12 22:00:00+00:00,-0.012510785159620341,803.9804105360935,8.219353715310795e-05,1.0,buy_and_hold
2010-01-13 22:00:00+00:00,0.01245085190039319,813.9906515584958,8.219353715244182e-05,1.0,buy_and_hold
2010-01-14 22:00:00+00:00,0.0008629989212511902,814.6931246126993,8.219353715221978e-05,1.0,buy_and_hold
2010-01-15 22:00:00+00:00,-0.011640439749945997,805.20973838095,8.219353715244182e-05,1.0,buy_and_hold
2010-01-19 22:00:00+00:00,0.01613958560523443,818.2054898837177,0.0003287752129641497,1.0,buy_and_hold
2010-01-20 22:00:00+00:00,-0.014380768405237276,806.4390662258063,8.219353715266386e-05,1.0,buy_and_hold
2010-01-21 22:00:00+00:00,-0.009364111498257777,798.887480893117,8.219353715244182e-05,1.0,buy_and_hold
2010-01-22 22:00:00+00:00,-0.029237194987909554,775.530251840845,8.219353715221978e-05,1.0,buy_and_hold
2010-01-25 22:00:00+00:00,0.0033967391304348116,778.1645257941088,0.00024658132102750585,1.0,buy_and_hold
2010-01-26 22:00:00+00:00,0.0009027307605506962,778.8669988483125,8.219353715221978e-05,1.0,buy_and_hold
2010-01-27 22:00:00+00:00,0.007891770011273946,785.0136380725946,8.219353715221978e-05,1.0,buy_and_hold
2010-01-28 22:00:00+00:00,-0.02572706935123048,764.8175377642392,8.219353715244182e-05,1.0,buy_and_hold
2010-01-29 22:00:00+00:00,-0.017451205510907064,751.4705497343696,8.219353715244182e-05,1.0,buy_and_hold
2010-02-01 22:00:00+00:00,0.010983874737088062,759.7246081212626,0.00024658132102661767,1.0,buy_and_hold
2010-02-02 22:00:00+00:00,0.009015256588072118,766.5737203997484,8.219353715266386e-05,1.0,buy_and_hold
2010-02-03 22:00:00+00:00,0.005498281786941561,770.7885587249704,8.219353715221978e-05,1.0,buy_and_hold
2010-02-04 22:00:00+00:00,-0.02893597630439748,748.4850392540039,8.219353715244182e-05,1.0,buy_and_hold
2010-02-05 22:00:00+00:00,0.008446738620365934,754.8072967418369,8.219353715244182e-05,1.0,buy_and_hold
2010-02-08 22:00:00+00:00,-0.007212657049790572,749.3631305717586,0.0002465813210268397,1.0,buy_and_hold
2010-02-09 22:00:00+00:00,0.010311694398875026,757.0903341679989,8.219353715221978e-05,1.0,buy_and_hold
2010-02-10 22:00:00+00:00,-0.0020876826722338038,755.5097697960407,8.219353715221978e-05,1.0,buy_and_hold
2010-02-11 22:00:00+00:00,0.015109251510925015,766.9249569268502,8.219353715244182e-05,1.0,buy_and_hold
2010-02-12 22:00:00+00:00,0.0020609113808105484,768.5055212988084,8.219353715221978e-05,1.0,buy_and_hold
2010-02-16 22:00:00+00:00,0.012797074954296273,778.3401440576597,0.00032877521296437173,1.0,buy_and_hold
2010-02-17 22:00:00+00:00,0.005640794223826795,782.7306006464327,8.219353715221978e-05,1.0,buy_and_hold
2010-02-18 22:00:00+00:00,0.006282252636302443,787.6479120258583,8.219353715244182e-05,1.0,buy_and_hold
2010-02-19 22:00:00+00:00,-0.00044593088071365194,787.2966754987564,8.219353715199773e-05,1.0,buy_and_hold
2010-02-22 22:00:00+00:00,-0.0020075842070039762,785.7161111267983,0.00024658132102661767,1.0,buy_and_hold
2010-02-23 22:00:00+00:00,-0.012963790791238439,775.530251840845,8.219353715221978e-05,1.0,buy_and_hold
2010-02-24 22:00:00+00:00,0.010190217391304435,783.4330737006363,8.219353715221978e-05,1.0,buy_and_hold
2010-02-25 22:00:00+00:00,-0.0002241649854293204,783.2574554370854,8.219353715244182e-05,1.0,buy_and_hold
2010-02-26 22:00:00+00:00,0.0035874439461882623,786.0673476539,8.219353715244182e-05,1.0,buy_and_hold
2010-03-01 22:00:00+00:00,0.014521894548704228,797.4825347847095,0.00024658132102661767,1.0,buy_and_hold
2010-03-02 22:00:00+00:00,0.0030830213609336354,799.9411904744223,8.219353715221978e-05,1.0,buy_and_hold
2010-03-03 22:00:00+00:00,0.001097694840834329,800.819281792177,8.219353715244182e-05,1.0,buy_and_hold
2010-03-04 22:00:00+00:00,0.0032894736842103978,803.4535557454407,8.219353715244182e-05,1.0,buy_and_hold
2010-03-05 22:00:00+00:00,0.015081967213114611,815.5712159304538,8.219353715244182e-05,1.0,buy_and_hold
2010-03-08 22:00:00+00:00,0.0019379844961240345,817.1517803024121,0.0002465813210272838,1.0,buy_and_hold
2010-03-09 22:00:00+00:00,0.005587792821835302,821.717855154736,8.219353715221978e-05,1.0,buy_and_hold
2010-03-10 22:00:00+00:00,0.008121393460140958,828.3913491696708,8.219353715221978e-05,1.0,buy_and_hold
2010-03-11 22:00:00+00:00,0.00381598473606104,831.5524779135873,8.219353715221978e-05,1.0,buy_and_hold
2010-03-12 22:00:00+00:00,0.00021119324181628762,831.7280961771382,8.219353715221978e-05,1.0,buy_and_hold
2010-03-15 21:00:00+00:00,-0.0025337837837837718,829.6206770145272,0.00024315657552942405,1.0,buy_and_hold
2010-03-16 21:00:00+00:00,0.006350550381032827,834.8892249210546,8.219353715244182e-05,1.0,buy_and_hold
2010-03-17 21:00:00+00:00,0.0027345393352966596,837.1722623472166,8.219353715244182e-05,1.0,buy_and_hold
2010-03-18 21:00:00+00:00,0.0033564086427522177,839.9821545640312,8.219353715221978e-05,1.0,buy_and_hold
2010-03-19 21:00:00+00:00,-0.006042107438345989,834.9068921398621,8.219353715244182e-05,1.0,buy_and_hold
2010-03-22 21:00:00+00:00,0.009054537797430928,842.4665881520781,0.0002465813210268397,1.0,buy_and_hold
2010-03-23 21:00:00+00:00,0.0069386477462436424,848.3121670452451,8.219353715244182e-05,1.0,buy_and_hold
2010-03-24 21:00:00+00:00,-0.004818403191544474,844.2246569921283,8.219353715221978e-05,1.0,buy_and_hold
2010-03-25 21:00:00+00:00,-0.001457725947521804,842.9940088040931,8.219353715221978e-05,1.0,buy_and_hold
2010-03-26 21:00:00+00:00,0.0010427528675702735,843.8730432241182,8.219353715244182e-05,1.0,buy_and_hold
2010-03-29 21:00:00+00:00,0.0047916666666667496,847.9166015562338,0.0002465813210268397,1.0,buy_and_hold
2010-03-30 21:00:00+00:00,0.003317437279701574,850.7295117003142,8.219353715221978e-05,1.0,buy_and_hold
2010-03-31 21:00:00+00:00,-0.004753048150444306,846.6859533681986,8.219353715244182e-05,1.0,buy_and_hold
2010-04-01 21:00:00+00:00,0.0,846.6859533681986,8.219353715244182e-05,1.0,buy_and_hold
2010-04-05 21:00:00+00:00,0.009343853820598103,854.5972631484248,0.00032877521296437173,1.0,buy_and_hold
2010-04-06 21:00:00+00:00,0.0028800658300760507,857.0585595244951,8.219353715244182e-05,1.0,buy_and_hold
2010-04-07 21:00:00+00:00,-0.002461538461538404,854.9488769164349,8.219353715244182e-05,1.0,buy_and_hold
2010-04-08 21:00:00+00:00,0.0022619782027555324,856.8827526404901,8.219353715177569e-05,1.0,buy_and_hold
2010-04-09 21:00:00+00:00,0.005949938448912562,861.9811522766358,8.219353715244182e-05,1.0,buy_and_hold
2010-04-12 21:00:00+00:00,0.0008158270446663174,862.6843798126558,0.0002465813210268397,1.0,buy_and_hold
2010-04-13 21:00:00+00:00,0.005094762584063606,867.0795519127815,8.219353715288591e-05,1.0,buy_and_hold
2010-04-14 21:00:00+00:00,0.011962692619626791,877.4521580690779,8.219353715221978e-05,1.0,buy_and_hold
2010-04-15 21:00:00+00:00,0.00440793428170716,881.3199095171885,8.219353715221978e-05,1.0,buy_and_hold
2010-04-16 21:00:00+00:00,-0.011968880909634994,870.771496476887,8.219353715244182e-05,1.0,buy_and_hold
2010-04-19 21:00:00+00:00,-0.0006056935190793533,870.244075824872,0.0002465813210268397,1.0,buy_and_hold
2010-04-20 21:00:00+00:00,0.005050505050504972,874.6392479249976,8.219353715244182e-05,1.0,buy_and_hold
2010-04-21 21:00:00+00:00,0.005628140703517692,879.5618406771383,8.219353715266386e-05,1.0,buy_and_hold
2010-04-22 21:00:00+00:00,0.005596642014791042,884.484433429279,8.219353715221978e-05,1.0,buy_and_hold
2010-04-23 21:00:00+00:00,0.004174120453190211,888.1763779933846,8.219353715244182e-05,1.0,buy_and_hold
2010-04-26 21:00:00+00:00,-0.0021773555027713165,886.2425022693292,0.0002465813210272838,1.0,buy_and_hold
2010-04-27 21:00:00+00:00,-0.021225947232691778,867.4311656807917,8.219353715266386e-05,1.0,buy_and_hold
2010-04-28 21:00:00+00:00,0.000608025942440138,867.9585863328066,8.219353715266386e-05,1.0,buy_and_hold
2010-04-29 21:00:00+00:00,0.017419485517520705,883.0779783572386,8.219353715244182e-05,1.0,buy_and_hold
2010-04-30 21:00:00+00:00,-0.019759108102727407,865.62914511974,8.219353715266386e-05,1.0,buy_and_hold
2010-05-03 21:00:00+00:00,0.014064483371414083,877.803771837088,0.00024658132102661767,1.0,buy_and_hold
2010-05-04 21:00:00+00:00,-0.030042058882435385,851.4327392363343,8.219353715244182e-05,1.0,buy_and_hold
2010-05-05 21:00:00+00:00,-0.005162089613875653,847.0375671362087,8.219353715244182e-05,1.0,buy_and_hold
2010-05-06 21:00:00+00:00,-0.03341635533416365,818.7326588113997,8.219353715221978e-05,1.0,buy_and_hold
2010-05-07 21:00:00+00:00,-0.024908739531887547,798.3390602668168,8.219353715244182e-05,1.0,buy_and_hold
2010-05-10 21:00:00+00:00,0.05197093151288268,839.8294848920027,0.0002465813210268397,1.0,buy_and_hold
2010-05-11 21:00:00+00:00,-0.0010466820180029535,838.9504504719775,8.219353715244182e-05,1.0,buy_and_hold
2010-05-12 21:00:00+00:00,0.018860016764459253,854.7730700324297,8.219353715221978e-05,1.0,buy_and_hold
2010-05-13 21:00:00+00:00,-0.015837104072398023,841.2359399640429,8.219353715244182e-05,1.0,buy_and_hold
2010-05-14 21:00:00+00:00,-0.019226750261232994,825.0617066355807,8.219353715221978e-05,1.0,buy_and_hold
2010-05-17 21:00:00+00:00,0.0031962497336457396,827.6988098956559,0.0002465813210268397,1.0,buy_and_hold
2010-05-18 21:00:00+00:00,-0.013806287170773146,816.2713624353294,8.219353715199773e-05,1.0,buy_and_hold
2010-05-19 21:00:00+00:00,-0.007968985569674625,809.7665077271436,8.219353715244182e-05,1.0,buy_and_hold
2010-05-20 21:00:00+00:00,-0.03712548849326969,779.7035305622843,8.219353715221978e-05,1.0,buy_and_hold
2010-05-21 21:00:00+00:00,0.01104847801578357,788.3180678785305,8.219353715244182e-05,1.0,buy_and_hold
2010-05-24 21:00:00+00:00,-0.004014272970562116,785.15354396644,0.0002465813210268397,1.0,buy_and_hold
2010-05-25 21:00:00+00:00,0.000895656068069961,785.8567715024602,8.219353715244182e-05,1.0,buy_and_hold
2010-05-26 21:00:00+00:00,-0.011185682326621982,777.0664273022089,8.219353715244182e-05,1.0,buy_and_hold
2010-05-27 21:00:00+00:00,0.03778280542986412,806.426176931048,8.219353715221978e-05,1.0,buy_and_hold
2010-05-28 21:00:00+00:00,-0.00588620013080432,801.6793910629124,8.219353715199773e-05,1.0,buy_and_hold
2010-06-01 21:00:00+00:00,-0.009210526315789558,794.2955019347013,0.0003287752129641497,1.0,buy_and_hold
2010-06-02 21:00:00+00:00,0.023683045595396246,813.1068385232389,8.219353715199773e-05,1.0,buy_and_hold
2010-06-03 21:00:00+00:00,0.009513513513513594,820.84234141946,8.219353715244182e-05,1.0,buy_and_hold
2010-06-04 21:00:00+00:00,-0.03421503533947312,792.7571916996574,8.219353715221978e-05,1.0,buy_and_hold
2010-06-07 21:00:00+00:00,-0.018240283860952444,778.2970754902441,0.00024658132102661767,1.0,buy_and_hold
2010-06-08 21:00:00+00:00,-0.0018070928393946195,776.8906204182039,8.219353715221978e-05,1.0,buy_and_hold
2010-06-09 21:00:00+00:00,-0.008372935053179487,770.385765710018,8.219353715199773e-05,1.0,buy_and_hold
2010-06-10 21:00:00+00:00,0.028525787311729722,792.361626210646,8.219353715244182e-05,1.0,buy_and_hold
2010-06-11 21:00:00+00:00,0.009540714444197906,799.921322222862,8.219353715244182e-05,1.0,buy_and_hold
2010-06-14 21:00:00+00:00,-0.00021978021978008577,799.7455153388571,0.0002465813210268397,1.0,buy_and_hold
2010-06-15 21:00:00+00:00,0.026819081116729038,821.1939551874701,8.219353715266386e-05,1.0,buy_and_hold
2010-06-16 21:00:00+00:00,0.004067651466495237,824.5342859835655,8.219353715266386e-05,1.0,buy_and_hold
2010-06-17 21:00:00+00:00,0.0031982942430703876,827.1713892436409,8.219353715266386e-05,1.0,buy_and_hold
2010-06-18 21:00:00+00:00,0.0008324600397944248,827.8599763712475,8.219353715244182e-05,1.0,buy_and_hold
2010-06-21 21:00:00+00:00,-0.008510638297872353,820.8143595510667,0.00024658132102706176,1.0,buy_and_hold
2010-06-22 21:00:00+00:00,-0.007725321888411907,814.473304412904,8.219353715266386e-05,1.0,buy_and_hold
2010-06-23 21:00:00+00:00,-0.004108996539792575,811.1266364233179,8.219353715266386e-05,1.0,buy_and_hold
2010-06-24 21:00:00+00:00,-0.015200868621063957,798.7968069880015,8.219353715199773e-05,1.0,buy_and_hold
2010-06-25 21:00:00+00:00,-0.0017640573318631336,797.3876836239655,8.219353715221978e-05,1.0,buy_and_hold
2010-06-28 21:00:00+00:00,-0.0035343494588028213,794.5694368958931,0.0002465813210268397,1.0,buy_and_hold
2010-06-29 21:00:00+00:00,-0.038572378630015614,763.9210037281064,8.219353715244182e-05,1.0,buy_and_hold
2010-06-30 21:00:00+00:00,-0.015217892552455536,752.295735974808,8.219353715266386e-05,1.0,buy_and_hold
2010-07-01 21:00:00+00:00,-0.002809646452821224,750.1820509287539,8.219353715221978e-05,1.0,buy_and_hold
2010-07-02 21:00:00+00:00,-0.0028175628081710258,748.0683658826996,8.219353715266386e-05,1.0,buy_and_hold
2010-07-06 21:00:00+00:00,0.0030609842241582363,750.3581913492584,0.00032877521296392764,1.0,buy_and_hold
2010-07-07 21:00:00+00:00,0.031924882629107865,774.3132885378732,8.219353715221978e-05,1.0,buy_and_hold
2010-07-08 21:00:00+00:00,0.005459508644222177,778.5406586299817,8.219353715221978e-05,1.0,buy_and_hold
2010-07-09 21:00:00+00:00,0.009502262443438658,785.9385562911715,8.219353715221978e-05,1.0,buy_and_hold
2010-07-12 21:00:00+00:00,0.0029134917077544564,788.2283817577303,0.00024658132102706176,1.0,buy_and_hold
2010-07-13 21:00:00+00:00,0.012960893854748745,798.4445261469925,8.219353715221978e-05,1.0,buy_and_hold
2010-07-14 21:00:00+00:00,0.005073902492830351,802.4957558185965,8.219353715244182e-05,1.0,buy_and_hold
2010-07-15 21:00:00+00:00,0.0008779631255486642,803.2003175006146,8.219353715244182e-05,1.0,buy_and_hold
2010-07-16 21:00:00+00:00,-0.02763157894736834,781.006624517045,8.219353715266386e-05,1.0,buy_and_hold
2010-07-19 21:00:00+00:00,0.008570139828597112,787.6999604962167,0.0002465813210268397,1.0,buy_and_hold
2010-07-20 21:00:00+00:00,0.012075134168157309,797.2115432034608,8.219353715244182e-05,1.0,buy_and_hold
2010-07-21 21:00:00+00:00,-0.013698630136986134,786.2908371321806,8.219353715266386e-05,1.0,buy_and_hold
2010-07-22 21:00:00+00:00,0.025313620071684584,806.1947046491915,8.219353715244182e-05,1.0,buy_and_hold
2010-07-23 21:00:00+00:00,0.006336027965916591,811.3027768438226,8.219353715221978e-05,1.0,buy_and_hold
2010-07-26 21:00:00+00:00,0.008250108554059832,817.9961128229943,0.00024658132102661767,1.0,buy_and_hold
2010-07-27 21:00:00+00:00,-0.00043066322136087187,817.6438319819853,8.219353715221978e-05,1.0,buy_and_hold
2010-07-28 21:00:00+00:00,-0.00797070228349861,811.1266364233179,8.219353715244182e-05,1.0,buy_and_hold
2010-07-29 21:00:00+00:00,-0.007383279044516633,805.1378621261644,8.219353715244182e-05,1.0,buy_and_hold
2010-07-30 21:00:00+00:00,0.0021877050973528878,806.8992663312096,8.219353715244182e-05,1.0,buy_and_hold
2010-08-02 21:00:00+00:00,0.01877319362584573,822.0473424945983,0.00024658132102661767,1.0,buy_and_hold
2010-08-03 21:00:00+00:00,-0.00428540818512968,818.5245340845079,8.219353715221978e-05,1.0,buy_and_hold
2010-08-04 21:00:00+00:00,0.010071013557133801,826.7679057641195,8.219353715221978e-05,1.0,buy_and_hold
2010-08-05 21:00:00+00:00,-0.002300907580212397,824.8655892226706,8.219353715244182e-05,1.0,buy_and_hold
2010-08-06 21:00:00+00:00,-0.001494768310911776,823.6326062791389,8.219353715244182e-05,1.0,buy_and_hold
2010-08-09 21:00:00+00:00,0.006843455945252375,829.2690997352836,0.0002465813210272838,1.0,buy_and_hold
2010-08-10 21:00:00+00:00,-0.008655480033984642,822.0913775997244,8.219353715244182e-05,1.0,buy_and_hold
2010-08-11 21:00:00+00:00,-0.02726444908672132,799.6775090905242,8.219353715221978e-05,1.0,buy_and_hold
2010-08-12 21:00:00+00:00,-0.007929515418502286,793.3364539523614,8.219353715266386e-05,1.0,buy_and_hold
2010-08-13 21:00:00+00:00,-0.007104795737122527,787.6999604962167,8.219353715221978e-05,1.0,buy_and_hold
2010-08-16 21:00:00+00:00,0.0017889087656530744,789.1090838602529,0.00024658132102706176,1.0,buy_and_hold
2010-08-17 21:00:00+00:00,0.012767857142857109,799.1843159131115,8.219353715221978e-05,1.0,buy_and_hold
2010-08-18 21:00:00+00:00,0.003923124393899302,802.319615398092,8.219353715221978e-05,1.0,buy_and_hold
2010-08-19 21:00:00+00:00,-0.015148188803512541,790.1659263832801,8.219353715199773e-05,1.0,buy_and_hold
2010-08-20 21:00:00+00:00,0.0013374944271065115,791.2227689063072,8.219353715266386e-05,1.0,buy_and_hold
2010-08-23 21:00:00+00:00,-0.009795191451469343,783.4725904041082,0.0002465813210268397,1.0,buy_and_hold
2010-08-24 21:00:00+00:00,-0.01866007194244612,768.852935502233,8.219353715266386e-05,1.0,buy_and_hold
2010-08-25 21:00:00+00:00,0.009621993127147954,776.250833163423,8.219353715244182e-05,1.0,buy_and_hold
2010-08-26 21:00:00+00:00,-0.012026321760835068,766.9153908766833,8.219353715266386e-05,1.0,buy_and_hold
2010-08-27 21:00:00+00:00,0.012172714745062096,776.250833163423,8.219353715244182e-05,1.0,buy_and_hold
2010-08-30 21:00:00+00:00,-0.010437939641479543,768.1483738202149,0.00024658132102706176,1.0,buy_and_hold
2010-08-31 21:00:00+00:00,-0.003439578078422434,765.5062675126471,8.219353715221978e-05,1.0,buy_and_hold
2010-09-01 21:00:00+00:00,0.02991256327657621,788.4045221782349,8.219353715244182e-05,1.0,buy_and_hold
2010-09-02 21:00:00+00:00,0.011170688114387817,797.2115432034608,8.219353715244182e-05,1.0,buy_and_hold
2010-09-03 21:00:00+00:00,0.016570923552805983,810.4220747412999,8.219353715266386e-05,1.0,buy_and_hold
2010-09-07 21:00:00+00:00,-0.006737665724842357,804.9617217056598,0.00032877521296437173,1.0,buy_and_hold
2010-09-08 21:00:00+00:00,0.012035010940919078,814.6494448334084,8.219353715244182e-05,1.0,buy_and_hold
2010-09-09 21:00:00+00:00,0.0038918918918919854,817.8199724024898,8.219353715244182e-05,1.0,buy_and_hold
2010-09-10 21:00:00+00:00,0.0036614258022829027,820.8143595510667,8.219353715266386e-05,1.0,buy_and_hold
2010-09-13 21:00:00+00:00,0.013948497854077369,832.2634868838605,0.0002465813210268397,1.0,buy_and_hold
2010-09-14 21:00:00+00:00,0.004232804232804144,835.786295293951,8.219353715266386e-05,1.0,buy_and_hold
2010-09-15 21:00:00+00:00,0.006322444678608985,841.0705079090866,8.219353715244182e-05,1.0,buy_and_hold
2010-09-16 21:00:00+00:00,0.003979057591622981,844.4171758986724,8.219353715266386e-05,1.0,buy_and_hold
2010-09-17 21:00:00+00:00,0.0034660839466185145,847.3439967163038,8.219353715266386e-05,1.0,buy_and_hold
2010-09-20 21:00:00+00:00,0.017395562037712198,862.0840217784653,0.0002465813210268397,1.0,buy_and_hold
2010-09-21 21:00:00+00:00,-0.00020274462982716734,861.9092388725899,8.219353715221978e-05,1.0,buy_and_hold
2010-09-22 21:00:00+00:00,-0.0026628430970914163,859.6141098055386,8.219353715244182e-05,1.0,buy_and_hold
2010-09-23 21:00:00+00:00,-0.0004107619634421411,859.2610130259924,8.219353715221978e-05,1.0,buy_and_hold
2010-09-24 21:00:00+00:00,0.020341072529278748,876.7393036135356,8.219353715266386e-05,1.0,buy_and_hold
2010-09-27 21:00:00+00:00,-0.005436971405557767,871.9724970896602,0.00024658132102706176,1.0,buy_and_hold
2010-09-28 21:00:00+00:00,-0.00040494027130999477,871.6194003101139,8.219353715244182e-05,1.0,buy_and_hold
2010-09-29 21:00:00+00:00,-0.0016204172574437736,870.2070131919286,8.219353715244182e-05,1.0,buy_and_hold
2010-09-30 21:00:00+00:00,-0.004463379995942374,866.322948616919,8.219353715199773e-05,1.0,buy_and_hold
2010-10-01 21:00:00+00:00,-0.001222743020175332,865.26365827828,8.219353715221978e-05,1.0,buy_and_hold
2010-10-04 21:00:00+00:00,-0.010814119567435276,855.9065936203023,0.00024658132102706176,1.0,buy_and_hold
2010-10-05 21:00:00+00:00,0.024339933993399177,876.7393036135356,8.219353715244182e-05,1.0,buy_and_hold
2010-10-06 21:00:00+00:00,-0.008658880386629098,869.1477228532896,8.219353715288591e-05,1.0,buy_and_hold
2010-10-07 21:00:00+00:00,0.003656307129798808,872.3255938692065,8.219353715221978e-05,1.0,buy_and_hold
2010-10-08 21:00:00+00:00,0.006881198138028788,878.3282391214942,8.219353715221978e-05,1.0,buy_and_hold
2010-10-11 21:00:00+00:00,0.0004020100502513113,878.6813359010406,0.0002465813210268397,1.0,buy_and_hold
2010-10-12 21:00:00+00:00,0.006831424552943499,884.6839811533281,8.219353715266386e-05,1.0,buy_and_hold
2010-10-13 21:00:00+00:00,0.008181999600878065,891.9224651340279,8.219353715199773e-05,1.0,buy_and_hold
2010-10-14 21:00:00+00:00,-0.001979414093428389,890.1569812362962,8.219353715244182e-05,1.0,buy_and_hold
2010-10-15 21:00:00+00:00,0.021221737405791474,909.0476589420249,8.219353715266386e-05,1.0,buy_and_hold
2010-10-18 21:00:00+00:00,-0.0036900369003691758,905.6932395363347,0.0002465813210268397,1.0,buy_and_hold
2010-10-19 21:00:00+00:00,-0.009356725146198785,897.2189168272228,8.219353715266386e-05,1.0,buy_and_hold
2010-10-20 21:00:00+00:00,0.007280598189689069,903.7512072488298,8.219353715266386e-05,1.0,buy_and_hold
2010-10-21 21:00:00+00:00,0.0019535065442468635,905.5166911465615,8.219353715266386e-05,1.0,buy_and_hold
2010-10-22 21:00:00+00:00,0.006823942288945339,911.6958847886223,8.219353715221978e-05,1.0,buy_and_hold
2010-10-25 21:00:00+00:00,0.004841208365607974,916.1095945329514,0.00024658132102706176,1.0,buy_and_hold
2010-10-26 21:00:00+00:00,0.0026980150317981177,918.5812719897757,8.219353715221978e-05,1.0,buy_and_hold
2010-10-27 21:00:00+00:00,0.0030751489525273623,921.4060462261463,8.219353715221978e-05,1.0,buy_and_hold
2010-10-28 21:00:00+00:00,0.002107683464265264,923.3480785136511,8.219353715221978e-05,1.0,buy_and_hold
2010-10-29 21:00:00+00:00,-0.002294455066921497,921.2294978363732,8.219353715221978e-05,1.0,buy_and_hold
2010-11-01 21:00:00+00:00,0.0007665772326561626,921.9356913954658,0.0002465813210268397,1.0,buy_and_hold
2010-11-02 21:00:00+00:00,0.01072386058981234,931.8224012227631,8.219353715266386e-05,1.0,buy_and_hold
2010-11-03 21:00:00+00:00,0.004547176960969956,936.0595625773191,8.219353715266386e-05,1.0,buy_and_hold
2010-11-04 21:00:00+00:00,0.012259524707657343,947.5352079125747,8.219353715266386e-05,1.0,buy_and_hold
2010-11-05 21:00:00+00:00,0.0,947.5352079125747,8.219353715288591e-05,1.0,buy_and_hold
2010-11-08 22:00:00+00:00,0.001257685858021329,948.7269095435436,0.0002500060665238113,1.0,buy_and_hold
2010-11-09 22:00:00+00:00,-0.005350081414282282,943.6511433375651,8.219353715221978e-05,1.0,buy_and_hold
2010-11-10 22:00:00+00:00,0.004957904583723138,948.3296756665541,8.219353715244182e-05,1.0,buy_and_hold
2010-11-11 22:00:00+00:00,-0.006143535325328187,942.5035788040395,8.219353715221978e-05,1.0,buy_and_hold
2010-11-12 22:00:00+00:00,-0.016390371827292305,927.0555946988876,8.219353715221978e-05,1.0,buy_and_hold
2010-11-15 22:00:00+00:00,-0.003713578366025483,923.6129010983109,0.0002465813210268397,1.0,buy_and_hold
2010-11-16 22:00:00+00:00,-0.016534454745292804,908.3414653829323,8.219353715266386e-05,1.0,buy_and_hold
2010-11-17 22:00:00+00:00,0.002915451895043608,910.9896912295296,8.219353715244182e-05,1.0,buy_and_hold
2010-11-18 22:00:00+00:00,0.01608527131782944,925.6432075807023,8.219353715244182e-05,1.0,buy_and_hold
2010-11-19 22:00:00+00:00,0.0007629219912264062,926.349401139795,8.219353715244182e-05,1.0,buy_and_hold
2010-11-22 22:00:00+00:00,0.008385744234800763,934.1175302898141,0.00024658132102639563,1.0,buy_and_hold
2010-11-23 22:00:00+00:00,-0.015876015876015837,919.2874655488683,8.219353715221978e-05,1.0,buy_and_hold
2010-11-24 22:00:00+00:00,0.02016516228154397,937.8250464750506,8.219353715244182e-05,1.0,buy_and_hold
2010-11-26 22:00:00+00:00,-0.006588855421686635,931.6458528329899,0.00016438734991108817,1.0,buy_and_hold
2010-11-29 22:00:00+00:00,-0.0007580064430549038,930.9396592738972,0.00024658132102661767,1.0,buy_and_hold
2010-11-30 22:00:00+00:00,-0.012232125924521053,919.5522881335281,8.219353715244182e-05,1.0,buy_and_hold
2010-12-01 22:00:00+00:00,0.021215321109724572,939.0608852034628,8.219353715221978e-05,1.0,buy_and_hold
2010-12-02 22:00:00+00:00,0.0101522842639592,948.5944982512136,8.219353715244182e-05,1.0,buy_and_hold
2010-12-03 22:00:00+00:00,0.002605620696072952,951.0661757080379,8.219353715244182e-05,1.0,buy_and_hold
2010-12-06 22:00:00+00:00,-0.00046408019305732573,950.6248047336051,0.00024658132102661767,1.0,buy_and_hold
2010-12-07 22:00:00+00:00,0.0006500139288700968,951.2427240978112,8.219353715244182e-05,1.0,buy_and_hold
2010-12-08 22:00:00+00:00,0.0037119524870081744,954.7736918932744,8.219353715221978e-05,1.0,buy_and_hold
2010-12-09 22:00:00+00:00,0.00101701183431957,955.7447080370268,8.219353715244182e-05,1.0,buy_and_hold
2010-12-10 22:00:00+00:00,0.006650041562759723,962.1004500688607,8.219353715221978e-05,1.0,buy_and_hold
2010-12-13 22:00:00+00:00,-0.003578309936691393,958.657756468284,0.0002465813210272838,1.0,buy_and_hold
2010-12-14 22:00:00+00:00,0.0017495395948434744,960.3349661711292,8.219353715244182e-05,1.0,buy_and_hold
2010-12-15 22:00:00+00:00,-0.004320250022980199,956.1860790114597,8.219353715288591e-05,1.0,buy_and_hold
2010-12-16 22:00:00+00:00,0.007754800590842104,963.6011113819327,8.219353715221978e-05,1.0,buy_and_hold
2010-12-17 22:00:00+00:00,0.0008842138642519703,964.4531408442252,8.219353715199773e-05,1.0,buy_and_hold
2010-12-20 22:00:00+00:00,0.0007336757153337814,965.16073669224,0.0002465813210268397,1.0,buy_and_hold
2010-12-21 22:00:00+00:00,0.006048387096774244,970.9984024383624,8.219353715266386e-05,1.0,buy_and_hold
2010-12-22 22:00:00+00:00,-9.10912734560787e-05,970.9099529573605,8.219353715199773e-05,1.0,buy_and_hold
2010-12-23 22:00:00+00:00,-0.002605447754395529,968.3802978007075,8.219353715244182e-05,1.0,buy_and_hold
2010-12-27 22:00:00+00:00,0.0005114902634175689,968.8756148943179,0.0003287752129641497,1.0,buy_and_hold
2010-12-28 22:00:00+00:00,-0.00182581705313134,967.1066252742808,8.219353715244182e-05,1.0,buy_and_hold
2010-12-29 22:00:00+00:00,0.002194988110481022,969.2294128183253,8.219353715221978e-05,1.0,buy_and_hold
2010-12-30 22:00:00+00:00,-0.0023726957473991783,966.929726312277,8.219353715221978e-05,1.0,buy_and_hold
2010-12-31 22:00:00+00:00,-0.0036589828027807636,963.3917470722029,8.219353715221978e-05,1.0,buy_and_hold
2011-01-03 22:00:00+00:00,0.015607785530664664,978.4281588425182,0.00024658132102639563,1.0,buy_and_hold
2011-01-04 22:00:00+00:00,-0.0008135960947387444,977.6321135135015,8.219353715244182e-05,1.0,buy_and_hold
2011-01-05 22:00:00+00:00,0.00859495159685153,986.0348142086777,8.219353715266386e-05,1.0,buy_and_hold
2011-01-06 22:00:00+00:00,0.0032292787944026013,989.2189955247445,8.219353715221978e-05,1.0,buy_and_hold
2011-01-07 22:00:00+00:00,-0.0008941344778254923,988.3345007147259,8.219353715244182e-05,1.0,buy_and_hold
2011-01-10 22:00:00+00:00,0.003758725613030256,992.0493789168038,0.00024658132102661767,1.0,buy_and_hold
2011-01-11 22:00:00+00:00,0.0014265335235377208,993.4645706128334,8.219353715244182e-05,1.0,buy_and_hold
2011-01-12 22:00:00+00:00,0.0070334757834757955,1000.45207961198,8.219353715288591e-05,1.0,buy_and_hold
2011-01-13 22:00:00+00:00,0.00035363805145438576,1000.8058775359875,8.219353715244182e-05,1.0,buy_and_hold
2011-01-14 22:00:00+00:00,0.0075121520106054,1008.3240834211451,8.219353715266386e-05,1.0,buy_and_hold
2011-01-18 22:00:00+00:00,0.00280701754385948,1011.1544668132044,0.0003287752129641497,1.0,buy_and_hold
2011-01-19 22:00:00+00:00,-0.011371588523442888,999.6560342829633,8.219353715266386e-05,1.0,buy_and_hold
2011-01-20 22:00:00+00:00,-0.007078393204742572,992.5800758028149,8.219353715244182e-05,1.0,buy_and_hold
2011-01-21 22:00:00+00:00,-0.007663518089467081,984.9734204366555,8.219353715199773e-05,1.0,buy_and_hold
2011-01-24 22:00:00+00:00,0.013829022988505857,998.5946405109412,0.0002465813210268397,1.0,buy_and_hold
2011-01-25 22:00:00+00:00,0.0014614703277233687,1000.0540569474716,8.219353715244182e-05,1.0,buy_and_hold
2011-01-26 22:00:00+00:00,0.0052624596471055884,1005.316801067082,8.219353715221978e-05,1.0,buy_and_hold
2011-01-27 22:00:00+00:00,0.006158718986450928,1011.5082647372119,8.219353715244182e-05,1.0,buy_and_hold
2011-01-28 22:00:00+00:00,-0.02535851696397351,985.8579152466739,8.219353715221978e-05,1.0,buy_and_hold
2011-01-31 22:00:00+00:00,0.004844787367665582,990.6341872207742,0.00024658132102706176,1.0,buy_and_hold
2011-02-01 22:00:00+00:00,0.018750000000000044,1009.2085782311636,8.219353715244182e-05,1.0,buy_and_hold
2011-02-02 22:00:00+00:00,-0.001665205959684446,1007.5280380921284,8.219353715288591e-05,1.0,buy_and_hold
2011-02-03 22:00:00+00:00,0.0017996664033006482,1009.3412524526664,8.219353715221978e-05,1.0,buy_and_hold
2011-02-04 22:00:00+00:00,0.005564562064584111,1014.9577944962842,8.219353715288591e-05,1.0,buy_and_hold
2011-02-07 22:00:00+00:00,0.004793028322439996,1019.8225159513862,0.00024658132102661767,1.0,buy_and_hold
2011-02-08 22:00:00+00:00,0.0065047701647875655,1026.4562270265253,8.219353715244182e-05,1.0,buy_and_hold
2011-02-09 22:00:00+00:00,-0.0016372253339077547,1024.77568688749,8.219353715288591e-05,1.0,buy_and_hold
2011-02-10 22:00:00+00:00,0.0015708613844294117,1026.385467441724,8.219353715244182e-05,1.0,buy_and_hold
2011-02-11 22:00:00+00:00,0.007221523241584871,1033.7975339496793,8.219353715199773e-05,1.0,buy_and_hold
2011-02-14 22:00:00+00:00,0.0023956194387406704,1036.2741194177313,0.00024658132102661767,1.0,buy_and_hold
2011-02-15 22:00:00+00:00,-0.0013656538067600144,1034.8589277217015,8.219353715221978e-05,1.0,buy_and_hold
2011-02-16 22:00:00+00:00,0.0065128205128206496,1041.598778174043,8.219353715199773e-05,1.0,buy_and_hold
2011-02-17 22:00:00+00:00,-0.00035665155143438376,1041.227290353835,8.219353715221978e-05,1.0,buy_and_hold
2011-02-18 22:00:00+00:00,-0.002208630648997567,1038.927603847787,8.219353715244182e-05,1.0,buy_and_hold
2011-02-22 22:00:00+00:00,-0.02894602417844372,1008.8547803071563,0.00032877521296437173,1.0,buy_and_hold
2011-02-23 22:00:00+00:00,-0.00824127652112916,1000.540529092982,8.219353715244182e-05,1.0,buy_and_hold
2011-02-24 22:00:00+00:00,0.00521570014144257,1005.7590484720913,8.219353715244182e-05,1.0,buy_and_hold
2011-02-25 22:00:00+00:00,0.013982939055491972,1019.8225159513862,8.219353715310795e-05,1.0,buy_and_hold
2011-02-28 22:00:00+00:00,0.0020624457935820573,1021.9258446096104,0.00024658132102706176,1.0,buy_and_hold
2011-03-01 22:00:00+00:00,-0.016079586074860264,1005.4937000290859,8.219353715288591e-05,1.0,buy_and_hold
2011-03-02 22:00:00+00:00,0.00527797325826862,1010.800668889197,8.219353715221978e-05,1.0,buy_and_hold
2011-03-03 22:00:00+00:00,0.01968848442422111,1030.7018021146143,8.219353715244182e-05,1.0,buy_and_hold
2011-03-04 22:00:00+00:00,-0.0051059812923709424,1025.439057995004,8.219353715221978e-05,1.0,buy_and_hold
2011-03-07 22:00:00+00:00,-0.01341268814421881,1011.6851636992155,0.00024658132102706176,1.0,buy_and_hold
2011-03-08 22:00:00+00:00,0.0040216821122573965,1015.7538398253009,8.219353715221978e-05,1.0,buy_and_hold
2011-03-09 22:00:00+00:00,-0.006792058516196464,1008.8547803071563,8.219353715244182e-05,1.0,buy_and_hold
2011-03-10 22:00:00+00:00,-0.015605821497457484,993.110772688826,8.219353715244182e-05,1.0,buy_and_hold
2011-03-11 22:00:00+00:00,0.006234413965087393,999.302236358956,8.219353715221978e-05,1.0,buy_and_hold
2011-03-14 21:00:00+00:00,-0.0035404496371039818,995.7642571188817,0.00024315657552942405,1.0,buy_and_hold
2011-03-15 21:00:00+00:00,-0.014212115828743932,981.612340158585,8.219353715288591e-05,1.0,buy_and_hold
2011-03-16 21:00:00+00:00,-0.024148495224364797,957.9078792500878,8.219353715221978e-05,1.0,buy_and_hold
2011-03-17 21:00:00+00:00,0.009233610341643494,966.7528273502733,8.219353715244182e-05,1.0,buy_and_hold
2011-03-18 21:00:00+00:00,-0.002271635544314532,964.5567172650979,8.219353715244182e-05,1.0,buy_and_hold
2011-03-21 21:00:00+00:00,0.01928374655647369,983.1569845401823,0.00024658132102706176,1.0,buy_and_hold
2011-03-22 21:00:00+00:00,-0.0018918918918918726,981.2969578126739,8.219353715221978e-05,1.0,buy_and_hold
2011-03-23 21:00:00+00:00,0.005686433793663737,986.8770379951992,8.219353715266386e-05,1.0,buy_and_hold
2011-03-24 21:00:00+00:00,0.017770597738287597,1004.4144328545647,8.219353715266386e-05,1.0,buy_and_hold
2011-03-25 21:00:00+00:00,0.0024691358024691024,1006.8944684912426,8.219353715266386e-05,1.0,buy_and_hold
2011-03-28 21:00:00+00:00,-0.0054539057002110924,1001.4029610100272,0.00024658132102706176,1.0,buy_and_hold
2011-03-29 21:00:00+00:00,0.009729347249248121,1011.145958154119,8.219353715266386e-05,1.0,buy_and_hold
2011-03-30 21:00:00+00:00,0.004730203223545892,1015.928884024855,8.219353715244182e-05,1.0,buy_and_hold
2011-03-31 21:00:00+00:00,0.001394943330427223,1017.3460472458139,8.219353715244182e-05,1.0,buy_and_hold
2011-04-01 21:00:00+00:00,0.0005223750652969539,1017.8774834536734,8.219353715244182e-05,1.0,buy_and_hold
2011-04-04 21:00:00+00:00,-0.0033066481030281647,1014.5117208038963,0.00024658132102706176,1.0,buy_and_hold
2011-04-05 21:00:00+00:00,-0.002619172341540188,1011.8545397645984,8.219353715221978e-05,1.0,buy_and_hold
2011-04-06 21:00:00+00:00,0.002450980392156854,1014.3345754012763,8.219353715244182e-05,1.0,buy_and_hold
2011-04-07 21:00:00+00:00,-0.0006985679357316421,1013.625993790797,8.219353715221978e-05,1.0,buy_and_hold
2011-04-08 21:00:00+00:00,-0.004718629849702838,1008.843067920061,8.219353715266386e-05,1.0,buy_and_hold
2011-04-11 21:00:00+00:00,-0.0033362598770851903,1005.4773052702838,0.0002465813210268397,1.0,buy_and_hold
2011-04-12 21:00:00+00:00,-0.006871035940803405,998.5686345681095,8.219353715221978e-05,1.0,buy_and_hold
2011-04-13 21:00:00+00:00,0.008515167642363153,1007.0716138938625,8.219353715266386e-05,1.0,buy_and_hold
2011-04-14 21:00:00+00:00,-0.0017590149516272247,1005.3001598676639,8.219353715244182e-05,1.0,buy_and_hold
2011-04-15 21:00:00+00:00,-0.0017621145374449032,1003.5287058414654,8.219353715266386e-05,1.0,buy_and_hold
2011-04-18 21:00:00+00:00,-0.007060900264783676,996.4428897366713,0.00024658132102706176,1.0,buy_and_hold
2011-04-19 21:00:00+00:00,0.006222222222222129,1002.6429788283662,8.219353715221978e-05,1.0,buy_and_hold
2011-04-20 21:00:00+00:00,0.02252650176678439,1025.2290176623974,8.219353715221978e-05,1.0,buy_and_hold
2011-04-21 21:00:00+00:00,0.008034557235421236,1033.4662788842206,8.219353715244182e-05,1.0,buy_and_hold
2011-04-25 21:00:00+00:00,0.002571134727459734,1036.1234599235183,0.00032877521296437173,1.0,buy_and_hold
2011-04-26 21:00:00+00:00,0.0056419900837747505,1041.9692582099733,8.219353715244182e-05,1.0,buy_and_hold
2011-04-27 21:00:00+00:00,0.0068004080244816745,1049.0550743147676,8.219353715199773e-05,1.0,buy_and_hold
2011-04-28 21:00:00+00:00,-0.001519756838905706,1047.460765691189,8.219353715244182e-05,1.0,buy_and_hold
2011-04-29 21:00:00+00:00,-0.0008455944529004444,1046.5750386780896,8.219353715244182e-05,1.0,buy_and_hold
2011-05-02 21:00:00+00:00,-0.001861882193635811,1044.6264392492712,0.0002465813210272838,1.0,buy_and_hold
2011-05-03 21:00:00+00:00,-0.004748177039172519,1039.6663679759154,8.219353715221978e-05,1.0,buy_and_hold
2011-05-04 21:00:00+00:00,-0.0015334810018742262,1038.0720593523367,8.219353715221978e-05,1.0,buy_and_hold
2011-05-05 21:00:00+00:00,-0.005460750853242491,1032.4034064685013,8.219353715221978e-05,1.0,buy_and_hold
2011-05-06 21:00:00+00:00,0.0032601235415237184,1035.7691691182786,8.219353715266386e-05,1.0,buy_and_hold
2011-05-09 21:00:00+00:00,0.0037626133059689426,1039.6663679759154,0.00024658132102706176,1.0,buy_and_hold
2011-05-10 21:00:00+00:00,0.008519338899301232,1048.5236381069078,8.219353715221978e-05,1.0,buy_and_hold
2011-05-11 21:00:00+00:00,-0.0073492143943232335,1040.8178130929443,8.219353715266386e-05,1.0,buy_and_hold
2011-05-12 21:00:00+00:00,0.006042038975406339,1047.1064748859492,8.219353715221978e-05,1.0,buy_and_hold
2011-05-13 21:00:00+00:00,-0.011842327863305746,1034.7062967025595,8.219353715199773e-05,1.0,buy_and_hold
2011-05-16 21:00:00+00:00,-0.01730868002054442,1016.7968964976924,0.0002465813210268397,1.0,buy_and_hold
2011-05-17 21:00:00+00:00,0.0028049269151029232,1019.648937479872,8.219353715266386e-05,1.0,buy_and_hold
2011-05-18 21:00:00+00:00,0.008339124391938846,1028.151916805625,8.219353715244182e-05,1.0,buy_and_hold
2011-05-19 21:00:00+00:00,0.0029290144727773804,1031.1633886501625,8.219353715244182e-05,1.0,buy_and_hold
2011-05-20 21:00:00+00:00,-0.007644734581687018,1023.280418233579,8.219353715244182e-05,1.0,buy_and_hold
2011-05-23 21:00:00+00:00,-0.014628235090452635,1008.3116317122015,0.00024658132102661767,1.0,buy_and_hold
2011-05-24 21:00:00+00:00,-0.0061489810260014766,1002.1115426205065,8.219353715288591e-05,1.0,buy_and_hold
2011-05-25 21:00:00+00:00,0.003888987095633789,1006.0087414781433,8.219353715221978e-05,1.0,buy_and_hold
2011-05-26 21:00:00+00:00,0.006189469977108564,1012.2354023802311,8.219353715221978e-05,1.0,buy_and_hold
2011-05-27 21:00:00+00:00,0.005048869910660336,1017.3460472458139,8.219353715244182e-05,1.0,buy_and_hold
2011-05-31 21:00:00+00:00,0.01619362702420335,1033.8205696894602,0.0003287752129641497,1.0,buy_and_hold
2011-06-01 21:00:00+00:00,-0.021761480466072625,1011.3231035567389,8.219353715244182e-05,1.0,buy_and_hold
2011-06-02 21:00:00+00:00,0.0021019442984759884,1013.4488483881771,8.219353715199773e-05,1.0,buy_and_hold
2011-06-03 21:00:00+00:00,-0.01503233700402029,998.2143437628698,8.219353715266386e-05,1.0,buy_and_hold
2011-06-06 21:00:00+00:00,-0.008163265306122436,990.0656552423566,0.0002465813210268397,1.0,buy_and_hold
2011-06-07 21:00:00+00:00,-0.001789228842368873,988.2942012161581,8.219353715244182e-05,1.0,buy_and_hold
2011-06-08 21:00:00+00:00,-0.007169743681663454,981.2083851113639,8.219353715221978e-05,1.0,buy_and_hold
2011-06-09 21:00:00+00:00,0.001715111030871963,982.8912664362525,8.219353715244182e-05,1.0,buy_and_hold
2011-06-10 21:00:00+00:00,-0.015229341263404472,967.922479914875,8.219353715288591e-05,1.0,buy_and_hold
2011-06-13 21:00:00+00:00,0.0,967.922479914875,0.00024658132102661767,1.0,buy_and_hold
2011-06-14 21:00:00+00:00,0.012811127379209308,980.3226580982647,8.219353715244182e-05,1.0,buy_and_hold
2011-06-15 21:00:00+00:00,-0.018973617636429352,961.7223908231801,8.219353715266386e-05,1.0,buy_and_hold
2011-06-16 21:00:00+00:00,-0.0038681156750782764,958.0023373681632,8.219353715244182e-05,1.0,buy_and_hold
2011-06-17 21:00:00+00:00,-0.0031557715356246296,954.9791008608349,8.219353715266386e-05,1.0,buy_and_hold
2011-06-20 21:00:00+00:00,0.00520542851831185,959.9501763068478,0.00024658132102706176,1.0,buy_and_hold
2011-06-21 21:00:00+00:00,0.021453671167005695,980.544631726044,8.219353715244182e-05,1.0,buy_and_hold
2011-06-22 21:00:00+00:00,-0.00722433460076044,973.4608492154757,8.219353715266386e-05,1.0,buy_and_hold
2011-06-23 21:00:00+00:00,0.009283069796283128,982.4975542226921,8.219353715244182e-05,1.0,buy_and_hold
2011-06-24 21:00:00+00:00,-0.017347307553306934,965.4538669792192,8.219353715266386e-05,1.0,buy_and_hold
2011-06-27 21:00:00+00:00,0.015906583302684796,980.8109393392233,0.0002465813210268397,1.0,buy_and_hold
2011-06-28 21:00:00+00:00,0.014933478142818313,995.4578580640828,8.219353715244182e-05,1.0,buy_and_hold
2011-06-29 21:00:00+00:00,0.004102015337970277,999.5412414661647,8.219353715221978e-05,1.0,buy_and_hold
2011-06-30 21:00:00+00:00,0.013321492007104752,1012.8566221251278,8.219353715244182e-05,1.0,buy_and_hold
2011-07-01 21:00:00+00:00,0.015074496056091125,1028.1249252807388,8.219353715288591e-05,1.0,buy_and_hold
2011-07-05 21:00:00+00:00,0.005007770678639556,1033.2735391355382,0.00032877521296392764,1.0,buy_and_hold
2011-07-06 21:00:00+00:00,0.00326460481099633,1036.6467689024753,8.219353715221978e-05,1.0,buy_and_hold
2011-07-07 21:00:00+00:00,0.013700976194553904,1050.8498416053694,8.219353715244182e-05,1.0,buy_and_hold
2011-07-08 21:00:00+00:00,-0.0027031593174523527,1048.0092270647906,8.219353715221978e-05,1.0,buy_and_hold
2011-07-11 21:00:00+00:00,-0.01812637641877013,1029.01261732467,0.00024658132102706176,1.0,buy_and_hold
2011-07-12 21:00:00+00:00,-0.007591442374051183,1021.2009273380781,8.219353715244182e-05,1.0,buy_and_hold
2011-07-13 21:00:00+00:00,0.004172461752433909,1025.4618491489464,8.219353715244182e-05,1.0,buy_and_hold
2011-07-14 21:00:00+00:00,-0.011599722991689765,1013.5667757602727,8.219353715244182e-05,1.0,buy_and_hold
2011-07-15 21:00:00+00:00,0.013312313890348593,1027.059694828022,8.219353715244182e-05,1.0,buy_and_hold
2011-07-18 21:00:00+00:00,-0.00535868625756275,1021.5560041556505,0.0002465813210268397,1.0,buy_and_hold
2011-07-19 21:00:00+00:00,0.02276677094195345,1044.8135357066394,8.219353715244182e-05,1.0,buy_and_hold
2011-07-20 21:00:00+00:00,-0.004248088360237934,1040.375075486985,8.219353715221978e-05,1.0,buy_and_hold
2011-07-21 21:00:00+00:00,0.006655290102389078,1047.299073429646,8.219353715199773e-05,1.0,buy_and_hold
2011-07-22 21:00:00+00:00,0.01034073571791816,1058.1289163656024,8.219353715221978e-05,1.0,buy_and_hold
2011-07-25 21:00:00+00:00,-0.002013422818792021,1055.9984554601683,0.00024658132102661767,1.0,buy_and_hold
2011-07-26 21:00:00+00:00,0.002437794216543443,1058.572762387568,8.219353715266386e-05,1.0,buy_and_hold
2011-07-27 21:00:00+00:00,-0.02574423480083854,1031.3206166388902,8.219353715244182e-05,1.0,buy_and_hold
2011-07-28 21:00:00+00:00,0.0017214666896192554,1033.0960007267518,8.219353715244182e-05,1.0,buy_and_hold
2011-07-29 21:00:00+00:00,-0.0032651658360540736,1029.7227709598146,8.219353715244182e-05,1.0,buy_and_hold
2011-08-01 21:00:00+00:00,-0.004655172413793096,1024.9292339225879,0.0002465813210272838,1.0,buy_and_hold
2011-08-02 21:00:00+00:00,-0.025290143772735196,999.0086262398063,8.219353715221978e-05,1.0,buy_and_hold
2011-08-03 21:00:00+00:00,0.009596587879864948,1008.5957003142597,8.219353715244182e-05,1.0,buy_and_hold
2011-08-04 21:00:00+00:00,-0.04647069177961627,961.7255603947095,8.219353715244182e-05,1.0,buy_and_hold
2011-08-05 21:00:00+00:00,-0.006276536828502932,955.6892544959795,8.219353715310795e-05,1.0,buy_and_hold
2011-08-08 21:00:00+00:00,-0.0601894854170536,898.166810049259,0.0002465813210268397,1.0,buy_and_hold
2011-08-09 21:00:00+00:00,0.048230875667127915,941.4861817930856,8.219353715266386e-05,1.0,buy_and_hold
2011-08-10 21:00:00+00:00,-0.040920233829907615,902.9603470864856,8.219353715221978e-05,1.0,buy_and_hold
2011-08-11 21:00:00+00:00,0.044042469524184114,942.7289506545889,8.219353715244182e-05,1.0,buy_and_hold
2011-08-12 21:00:00+00:00,0.008851224105461464,951.073255867539,8.219353715244182e-05,1.0,buy_and_hold
2011-08-15 21:00:00+00:00,0.014747059921597971,965.0987901616469,0.00024658132102706176,1.0,buy_and_hold
2011-08-16 21:00:00+00:00,-0.008462104488594635,956.9320233574828,8.219353715288591e-05,1.0,buy_and_hold
2011-08-17 21:00:00+00:00,-0.005936920222634479,951.2507942763252,8.219353715221978e-05,1.0,buy_and_hold
2011-08-18 21:00:00+00:00,-0.04908547965658827,904.5581927655612,8.219353715221978e-05,1.0,buy_and_hold
2011-08-19 21:00:00+00:00,-0.018056918547595613,888.2246591572332,8.219353715244182e-05,1.0,buy_and_hold
2011-08-22 21:00:00+00:00,0.00359784129522267,891.4203505153843,0.0002465813210272838,1.0,buy_and_hold
2011-08-23 21:00:00+00:00,0.04122684724158532,928.1708011341225,8.219353715244182e-05,1.0,buy_and_hold
2011-08-24 21:00:00+00:00,0.007842387146136165,935.4498758943556,8.219353715221978e-05,1.0,buy_and_hold
2011-08-25 21:00:00+00:00,-0.01632188271019175,920.1815727387445,8.219353715266386e-05,1.0,buy_and_hold
2011-08-26 21:00:00+00:00,0.02508199884236939,943.2615658809474,8.219353715244182e-05,1.0,buy_and_hold
2011-08-29 21:00:00+00:00,0.027856201769245192,969.5372503813012,0.0002465813210268397,1.0,buy_and_hold
2011-08-30 21:00:00+00:00,0.006592199230910145,975.9286330976036,8.219353715266386e-05,1.0,buy_and_hold
2011-08-31 21:00:00+00:00,0.0016372566854647719,977.5264787766791,8.219353715244182e-05,1.0,buy_and_hold
2011-09-01 21:00:00+00:00,-0.009081002542680738,968.6495583373704,8.219353715244182e-05,1.0,buy_and_hold
2011-09-02 21:00:00+00:00,-0.02346041055718473,945.92464201274,8.219353715221978e-05,1.0,buy_and_hold
2011-09-06 21:00:00+00:00,0.000187687687687621,946.1021804215261,0.00032877521296437173,1.0,buy_and_hold
2011-09-07 21:00:00+00:00,0.02533308313004312,970.0698656076597,8.219353715244182e-05,1.0,buy_and_hold
2011-09-08 21:00:00+00:00,-0.00457540263543188,965.6314053880054,8.219353715221978e-05,1.0,buy_and_hold
2011-09-09 21:00:00+00:00,-0.022246736532450795,944.1492579248783,8.219353715266386e-05,1.0,buy_and_hold
2011-09-12 21:00:00+00:00,0.012786761940579039,956.221869722338,0.00024658132102706176,1.0,buy_and_hold
2011-09-13 21:00:00+00:00,0.013367991088006015,969.0046351549427,8.219353715266386e-05,1.0,buy_and_hold
2011-09-14 21:00:00+00:00,0.014290949065591807,982.8526310402643,8.219353715244182e-05,1.0,buy_and_hold
2011-09-15 21:00:00+00:00,0.014812138728323765,997.4107805607307,8.219353715221978e-05,1.0,buy_and_hold
2011-09-16 21:00:00+00:00,0.009165391857247407,1006.5524412072127,8.219353715244182e-05,1.0,buy_and_hold
2011-09-19 21:00:00+00:00,0.00035341933203736353,1006.9081762986448,0.00024658132102706176,1.0,buy_and_hold
2011-09-20 21:00:00+00:00,-0.004416180886769094,1002.4614876557432,8.219353715221978e-05,1.0,buy_and_hold
2011-09-21 21:00:00+00:00,-0.01738821859474793,985.0304681755689,8.219353715244182e-05,1.0,buy_and_hold
2011-09-22 21:00:00+00:00,-0.03250270855904669,953.014309946677,8.219353715244182e-05,1.0,buy_and_hold
2011-09-23 21:00:00+00:00,0.010638297872340496,963.1527600524928,8.219353715244182e-05,1.0,buy_and_hold
2011-09-26 21:00:00+00:00,0.011634349030470892,974.3584154326049,0.00024658132102661767,1.0,buy_and_hold
2011-09-27 21:00:00+00:00,0.010405257393209189,984.4968655384206,8.219353715221978e-05,1.0,buy_and_hold
2011-09-28 21:00:00+00:00,-0.014814814814814836,969.9117267897033,8.219353715221978e-05,1.0,buy_and_hold
2011-09-29 21:00:00+00:00,-0.011920044012470155,958.3503363181591,8.219353715221978e-05,1.0,buy_and_hold
2011-09-30 21:00:00+00:00,-0.02579806978470678,933.626747463626,8.219353715266386e-05,1.0,buy_and_hold
2011-10-03 21:00:00+00:00,-0.025719184606591727,909.6146287919572,0.0002465813210268397,1.0,buy_and_hold
2011-10-04 21:00:00+00:00,0.020531873289010516,928.2907210921439,8.219353715244182e-05,1.0,buy_and_hold
2011-10-05 21:00:00+00:00,0.0256754167465032,952.1249722180968,8.219353715266386e-05,1.0,buy_and_hold
2011-10-06 21:00:00+00:00,0.01681300205492242,968.1330513325427,8.219353715221978e-05,1.0,buy_and_hold
2011-10-07 21:00:00+00:00,-0.0066139996325556005,961.7298196867642,8.219353715199773e-05,1.0,buy_and_hold
2011-10-10 21:00:00+00:00,0.03458479748474197,994.9910507356684,0.0002465813210268397,1.0,buy_and_hold
2011-10-11 21:00:00+00:00,0.006792992491955863,1001.750017472879,8.219353715244182e-05,1.0,buy_and_hold
2011-10-12 21:00:00+00:00,0.004971590909090828,1006.7303087529287,8.219353715221978e-05,1.0,buy_and_hold
2011-10-13 21:00:00+00:00,0.009187279151943395,1015.9794211301642,8.219353715244182e-05,1.0,buy_and_hold
2011-10-14 21:00:00+00:00,0.01855742296918761,1034.833380976067,8.219353715199773e-05,1.0,buy_and_hold
2011-10-17 21:00:00+00:00,-0.015469233413544115,1018.8253018616213,0.00024658132102706176,1.0,buy_and_hold
2011-10-18 21:00:00+00:00,0.0123952513966481,1031.4538976074618,8.219353715244182e-05,1.0,buy_and_hold
2011-10-19 21:00:00+00:00,-0.019313674771512357,1011.5327324872625,8.219353715221978e-05,1.0,buy_and_hold
2011-10-20 21:00:00+00:00,-0.004923509759099609,1006.5524412072127,8.219353715221978e-05,1.0,buy_and_hold
2011-10-21 21:00:00+00:00,0.012546386287329847,1019.1810369530533,8.219353715221978e-05,1.0,buy_and_hold
2011-10-24 21:00:00+00:00,0.02076788830715537,1040.3472748932652,0.0002465813210268397,1.0,buy_and_hold
2011-10-25 21:00:00+00:00,-0.019661480594973524,1019.8925071359176,8.219353715266386e-05,1.0,buy_and_hold
2011-10-26 21:00:00+00:00,-0.0012207882804324832,1018.6474343159052,8.219353715244182e-05,1.0,buy_and_hold
2011-10-27 21:00:00+00:00,0.027588615330888855,1046.7505065390435,8.219353715244182e-05,1.0,buy_and_hold
2011-10-28 21:00:00+00:00,0.0015293118096855185,1048.351314450488,8.219353715244182e-05,1.0,buy_and_hold
2011-10-31 21:00:00+00:00,-0.01679674244994911,1030.7424274245975,0.00024658132102661767,1.0,buy_and_hold
2011-11-01 21:00:00+00:00,-0.02605694564279548,1003.8844280214716,8.219353715244182e-05,1.0,buy_and_hold
2011-11-02 21:00:00+00:00,0.00850460666194186,1012.4220702158428,8.219353715244182e-05,1.0,buy_and_hold
2011-11-03 21:00:00+00:00,0.02073085031623334,1033.4104406103386,8.219353715244182e-05,1.0,buy_and_hold
2011-11-04 21:00:00+00:00,-0.005163511187607717,1028.0744142388564,8.219353715221978e-05,1.0,buy_and_hold
2011-11-07 22:00:00+00:00,0.007093425605536607,1035.3669836132153,0.00025000606652447743,1.0,buy_and_hold
2011-11-08 22:00:00+00:00,0.011510049819618562,1047.2841091761916,8.219353715266386e-05,1.0,buy_and_hold
2011-11-09 22:00:00+00:00,-0.03515624999999989,1010.4655272129662,8.219353715244182e-05,1.0,buy_and_hold
2011-11-10 22:00:00+00:00,-0.0005280760429502429,1009.9319245758179,8.219353715244182e-05,1.0,buy_and_hold
2011-11-11 22:00:00+00:00,0.018844663613948764,1028.963751967437,8.219353715244182e-05,1.0,buy_and_hold
2011-11-14 22:00:00+00:00,-0.006222990492653513,1022.5605203216586,0.00024658132102661767,1.0,buy_and_hold
2011-11-15 22:00:00+00:00,0.011132370847103834,1033.9440432474867,8.219353715266386e-05,1.0,buy_and_hold
2011-11-16 22:00:00+00:00,-0.016514708412179502,1016.8687588587445,8.219353715221978e-05,1.0,buy_and_hold
2011-11-17 22:00:00+00:00,-0.023438866538394332,993.0345077327917,8.219353715244182e-05,1.0,buy_and_hold
2011-11-18 22:00:00+00:00,-0.0077019523553644165,985.386203267001,8.219353715244182e-05,1.0,buy_and_hold
2011-11-21 22:00:00+00:00,-0.019133574007220155,966.5322434210981,0.0002465813210268397,1.0,buy_and_hold
2011-11-22 22:00:00+00:00,0.0033124769966874634,969.7338592439872,8.219353715244182e-05,1.0,buy_and_hold
2011-11-23 22:00:00+00:00,-0.02256052824651511,947.8561511209111,8.219353715288591e-05,1.0,buy_and_hold
2011-11-25 22:00:00+00:00,-0.0076937511728277785,940.5635817465526,0.00016438734991108817,1.0,buy_and_hold
2011-11-28 22:00:00+00:00,0.03479576399394846,973.2912101583084,0.0002465813210268397,1.0,buy_and_hold
2011-11-29 22:00:00+00:00,-0.006213450292397615,967.2437136039623,8.219353715221978e-05,1.0,buy_and_hold
2011-11-30 22:00:00+00:00,0.03696211842589192,1002.9950902928914,8.219353715221978e-05,1.0,buy_and_hold
2011-12-01 22:00:00+00:00,0.006916119879411209,1009.9319245758179,8.219353715244182e-05,1.0,buy_and_hold
2011-12-02 22:00:00+00:00,-0.002817893624515677,1007.0860438443608,8.219353715266386e-05,1.0,buy_and_hold
2011-12-05 22:00:00+00:00,0.010950194277640435,1018.1138316787569,0.0002465813210268397,1.0,buy_and_hold
2011-12-06 22:00:00+00:00,-0.002795248078267032,1015.2679509472998,8.219353715221978e-05,1.0,buy_and_hold
2011-12-07 22:00:00+00:00,0.0,1015.2679509472998,8.219353715244182e-05,1.0,buy_and_hold
2011-12-08 22:00:00+00:00,-0.016818500350385457,998.1926665585576,8.219353715288591e-05,1.0,buy_and_hold
2011-12-09 22:00:00+00:00,0.016037063435495602,1014.2007456730036,8.219353715266386e-05,1.0,buy_and_hold
2011-12-12 22:00:00+00:00,-0.011224131883549648,1002.8172227471754,0.0002465813210272838,1.0,buy_and_hold
2011-12-13 22:00:00+00:00,-0.01099680737850306,991.7894349127793,8.219353715244182e-05,1.0,buy_and_hold
2011-12-14 22:00:00+00:00,-0.015602582496413109,976.3149584354817,8.219353715244182e-05,1.0,buy_and_hold
2011-12-15 22:00:00+00:00,-0.0027327382036800296,973.6469452497407,8.219353715244182e-05,1.0,buy_and_hold
2011-12-16 22:00:00+00:00,0.005123157148478219,978.635091557391,8.219353715244182e-05,1.0,buy_and_hold
2011-12-19 22:00:00+00:00,-0.009843237331388921,969.002154090366,0.00024658132102706176,1.0,buy_and_hold
2011-12-20 22:00:00+00:00,0.029639175257731853,997.7225787605702,8.219353715266386e-05,1.0,buy_and_hold
2011-12-21 22:00:00+00:00,-0.014303593777936663,983.4515602909036,8.219353715244182e-05,1.0,buy_and_hold
2011-12-22 22:00:00+00:00,0.008525303827317199,991.8357836418327,8.219353715244182e-05,1.0,buy_and_hold
2011-12-23 22:00:00+00:00,0.008633093525179936,1000.3983947236327,8.219353715199773e-05,1.0,buy_and_hold
2011-12-27 22:00:00+00:00,0.0028530670470756636,1003.252598417566,0.0003287752129641497,1.0,buy_and_hold
2011-12-28 22:00:00+00:00,-0.01155761024182067,991.6573959109619,8.219353715244182e-05,1.0,buy_and_hold
2011-12-29 22:00:00+00:00,0.007195538765965015,998.7929051457952,8.219353715221978e-05,1.0,buy_and_hold
2011-12-30 22:00:00+00:00,-0.0032702037802475603,995.526648811703,8.219353715244182e-05,0.0,buy_and_hold
2001-01-02 22:00:00+00:00,2.5685236445527337e-05,1000.0256852364456,2.5685236445527337e-05,0.0,cash
2001-01-03 22:00:00+00:00,8.219353715244182e-05,1000.1078808847585,8.219353715244182e-05,0.0,cash
2001-01-04 22:00:00+00:00,8.219353715266386e-05,1000.1900832890226,8.219353715266386e-05,0.0,cash
2001-01-05 22:00:00+00:00,8.219353715221978e-05,1000.2722924497928,8.219353715221978e-05,0.0,cash
2001-01-08 22:00:00+00:00,0.0002465813210268397,1000.5189409130517,0.0002465813210268397,0.0,cash
2001-01-09 22:00:00+00:00,8.219353715266386e-05,1000.6011771037935,8.219353715266386e-05,0.0,cash
2001-01-10 22:00:00+00:00,8.219353715244182e-05,1000.6834200538185,8.219353715244182e-05,0.0,cash
2001-01-11 22:00:00+00:00,8.219353715266386e-05,1000.7656697636827,8.219353715266386e-05,0.0,cash
2001-01-12 22:00:00+00:00,8.219353715244182e-05,1000.8479262339413,8.219353715244182e-05,0.0,cash
2001-01-16 22:00:00+00:00,0.00032877521296437173,1001.1769802240339,0.00032877521296437173,0.0,cash
2001-01-17 22:00:00+00:00,8.219353715221978e-05,1001.2592705013539,8.219353715221978e-05,0.0,cash
2001-01-18 22:00:00+00:00,8.219353715221978e-05,1001.3415675424029,8.219353715221978e-05,0.0,cash
2001-01-19 22:00:00+00:00,8.219353715244182e-05,1001.4238713477371,8.219353715244182e-05,0.0,cash
2001-01-22 22:00:00+00:00,0.0002465813210268397,1001.6708037688418,0.0002465813210268397,0.0,cash
2001-01-23 22:00:00+00:00,8.219353715244182e-05,1001.753134635266,8.219353715244182e-05,0.0,cash
2001-01-24 22:00:00+00:00,8.219353715244182e-05,1001.8354722687551,8.219353715244182e-05,0.0,cash
2001-01-25 22:00:00+00:00,8.219353715244182e-05,1001.9178166698656,8.219353715244182e-05,0.0,cash
2001-01-26 22:00:00+00:00,8.219353715221978e-05,1002.0001678391535,8.219353715221978e-05,0.0,cash
2001-01-29 22:00:00+00:00,0.0002465813210268397,1002.2472423642084,0.0002465813210268397,0.0,cash
2001-01-30 22:00:00+00:00,8.219353715244182e-05,1002.3296206101596,8.219353715244182e-05,0.0,cash
2001-01-31 22:00:00+00:00,8.219353715221978e-05,1002.41200562707,8.219353715221978e-05,0.0,cash
2001-02-01 22:00:00+00:00,8.219353715244182e-05,1002.4943974154966,8.219353715244182e-05,0.0,cash
2001-02-02 22:00:00+00:00,8.219353715221978e-05,1002.5767959759954,8.219353715221978e-05,0.0,cash
2001-02-05 22:00:00+00:00,0.00024658132102706176,1002.8240126867782,0.00024658132102706176,0.0,cash
2001-02-06 22:00:00+00:00,8.219353715244182e-05,1002.9064383395223,8.219353715244182e-05,0.0,cash
2001-02-07 22:00:00+00:00,8.219353715244182e-05,1002.9888707671224,8.219353715244182e-05,0.0,cash
2001-02-08 22:00:00+00:00,8.219353715221978e-05,1003.0713099701352,8.219353715221978e-05,0.0,cash
2001-02-09 22:00:00+00:00,8.219353715244182e-05,1003.1537559491178,8.219353715244182e-05,0.0,cash
2001-02-12 22:00:00+00:00,0.0002465813210268397,1003.4011149274527,0.0002465813210268397,0.0,cash
2001-02-13 22:00:00+00:00,8.219353715244182e-05,1003.4835880142712,8.219353715244182e-05,0.0,cash
2001-02-14 22:00:00+00:00,8.219353715244182e-05,1003.5660678798445,8.219353715244182e-05,0.0,cash
2001-02-15 22:00:00+00:00,8.219353715244182e-05,1003.6485545247297,8.219353715244182e-05,0.0,cash
2001-02-16 22:00:00+00:00,8.219353715244182e-05,1003.7310479494839,8.219353715244182e-05,0.0,cash
2001-02-20 22:00:00+00:00,0.00032877521296437173,1004.0610498385324,0.00032877521296437173,0.0,cash
2001-02-21 22:00:00+00:00,8.219353715266386e-05,1004.1435771677359,8.219353715266386e-05,0.0,cash
2001-02-22 22:00:00+00:00,8.219353715244182e-05,1004.2261112801522,8.219353715244182e-05,0.0,cash
2001-02-23 22:00:00+00:00,8.219353715266386e-05,1004.3086521763393,8.219353715266386e-05,0.0,cash
2001-02-26 22:00:00+00:00,0.00024658132102706176,1004.5562959305117,0.00024658132102706176,0.0,cash
2001-02-27 22:00:00+00:00,8.219353715221978e-05,1004.6388639657429,8.219353715221978e-05,0.0,cash
2001-02-28 22:00:00+00:00,8.219353715244182e-05,1004.7214387875331,8.219353715244182e-05,0.0,cash
2001-03-01 22:00:00+00:00,8.219353715244182e-05,1004.8040203964399,8.219353715244182e-05,0.0,cash
2001-03-02 22:00:00+00:00,8.219353715244182e-05,1004.8866087930213,8.219353715244182e-05,0.0,cash
2001-03-05 22:00:00+00:00,0.0002465813210268397,1005.1343950604996,0.0002465813210268397,0.0,cash
2001-03-06 22:00:00+00:00,8.219353715244182e-05,1005.2170106117433,8.219353715244182e-05,0.0,cash
2001-03-07 22:00:00+00:00,8.219353715221978e-05,1005.299632953451,8.219353715221978e-05,0.0,cash
2001-03-08 22:00:00+00:00,8.219353715266386e-05,1005.3822620861818,8.219353715266386e-05,0.0,cash
2001-03-09 22:00:00+00:00,8.219353715244182e-05,1005.4648980104929,8.219353715244182e-05,0.0,cash
2001-03-12 22:00:00+00:00,0.00024658132102706176,1005.7128268732906,0.00024658132102706176,0.0,cash
2001-03-13 22:00:00+00:00,8.219353715244182e-05,1005.795489967891,8.219353715244182e-05,0.0,cash
2001-03-14 22:00:00+00:00,8.219353715221978e-05,1005.8781598568632,8.219353715221978e-05,0.0,cash
2001-03-15 22:00:00+00:00,8.219353715221978e-05,1005.960836540766,8.219353715221978e-05,0.0,cash
2001-03-16 22:00:00+00:00,8.219353715244182e-05,1006.043520020158,8.219353715244182e-05,0.0,cash
2001-03-19 22:00:00+00:00,0.00024658132102706176,1006.2915915603352,0.00024658132102706176,0.0,cash
2001-03-20 22:00:00+00:00,8.219353715244182e-05,1006.3743022256522,8.219353715244182e-05,0.0,cash
2001-03-21 22:00:00+00:00,8.219353715244182e-05,1006.4570196892515,8.219353715244182e-05,0.0,cash
2001-03-22 22:00:00+00:00,8.219353715244182e-05,1006.5397439516917,8.219353715244182e-05,0.0,cash
2001-03-23 22:00:00+00:00,8.219353715266386e-05,1006.6224750135317,8.219353715266386e-05,0.0,cash
2001-03-26 22:00:00+00:00,0.00024658132102661767,1006.8706893131957,0.00024658132102661767,0.0,cash
2001-03-27 22:00:00+00:00,8.219353715244182e-05,1006.9534475766054,8.219353715244182e-05,0.0,cash
2001-03-28 22:00:00+00:00,8.219353715221978e-05,1007.0362126422094,8.219353715221978e-05,0.0,cash
2001-03-29 22:00:00+00:00,8.219353715221978e-05,1007.1189845105669,8.219353715221978e-05,0.0,cash
2001-03-30 22:00:00+00:00,8.219353715244182e-05,1007.2017631822372,8.219353715244182e-05,0.0,cash
2001-04-02 21:00:00+00:00,0.00024315657552942405,1007.4466709138399,0.00024315657552942405,0.0,cash
2001-04-03 21:00:00+00:00,8.219353715244182e-05,1007.5294765192148,8.219353715244182e-05,0.0,cash
2001-04-04 21:00:00+00:00,8.219353715244182e-05,1007.6122889306753,8.219353715244182e-05,0.0,cash
2001-04-05 21:00:00+00:00,8.219353715266386e-05,1007.695108148781,8.219353715266386e-05,0.0,cash
2001-04-06 21:00:00+00:00,8.219353715221978e-05,1007.7779341740908,8.219353715221978e-05,0.0,cash
2001-04-09 21:00:00+00:00,0.0002465813210268397,1008.0264333884011,0.0002465813210268397,0.0,cash
2001-04-10 21:00:00+00:00,8.219353715244182e-05,1008.1092866465044,8.219353715244182e-05,0.0,cash
2001-04-11 21:00:00+00:00,8.219353715244182e-05,1008.1921467146101,8.219353715244182e-05,0.0,cash
2001-04-12 21:00:00+00:00,8.219353715221978e-05,1008.2750135932777,8.219353715221978e-05,0.0,cash
2001-04-16 21:00:00+00:00,0.0003287752129641497,1008.6065094255982,0.0003287752129641497,0.0,cash
2001-04-17 21:00:00+00:00,8.219353715244182e-05,1008.6894103622028,8.219353715244182e-05,0.0,cash
2001-04-18 21:00:00+00:00,8.219353715221978e-05,1008.7723181127285,8.219353715221978e-05,0.0,cash
2001-04-19 21:00:00+00:00,8.219353715244182e-05,1008.8552326777356,8.219353715244182e-05,0.0,cash
2001-04-20 21:00:00+00:00,8.219353715244182e-05,1008.938154057784,8.219353715244182e-05,0.0,cash
2001-04-23 21:00:00+00:00,0.0002465813210268397,1009.186939360646,0.0002465813210268397,0.0,cash
2001-04-24 21:00:00+00:00,8.219353715221978e-05,1009.2698880048399,8.219353715221978e-05,0.0,cash
2001-04-25 21:00:00+00:00,8.219353715244182e-05,1009.3528434668764,8.219353715244182e-05,0.0,cash
2001-04-26 21:00:00+00:00,8.219353715266386e-05,1009.435805747316,8.219353715266386e-05,0.0,cash
2001-04-27 21:00:00+00:00,8.219353715244182e-05,1009.5187748467185,8.219353715244182e-05,0.0,cash
2001-04-30 21:00:00+00:00,0.0002465813210268397,1009.7677033198217,0.0002465813210268397,0.0,cash
2001-05-01 21:00:00+00:00,8.219353715244182e-05,1009.8506996990599,8.219353715244182e-05,0.0,cash
2001-05-02 21:00:00+00:00,8.219353715221978e-05,1009.9337029000637,8.219353715221978e-05,0.0,cash
2001-05-03 21:00:00+00:00,8.219353715221978e-05,1010.0167129233944,8.219353715221978e-05,0.0,cash
2001-05-04 21:00:00+00:00,8.219353715221978e-05,1010.0997297696125,8.219353715221978e-05,0.0,cash
2001-05-07 21:00:00+00:00,0.0002465813210268397,1010.3488014953479,0.0002465813210268397,0.0,cash
2001-05-08 21:00:00+00:00,8.219353715244182e-05,1010.4318456371004,8.219353715244182e-05,0.0,cash
2001-05-09 21:00:00+00:00,8.219353715244182e-05,1010.5148966045448,8.219353715244182e-05,0.0,cash
2001-05-10 21:00:00+00:00,8.219353715244182e-05,1010.5979543982419,8.219353715244182e-05,0.0,cash
2001-05-11 21:00:00+00:00,8.219353715221978e-05,1010.6810190187526,8.219353715221978e-05,0.0,cash
2001-05-14 21:00:00+00:00,0.0002465813210268397,1010.930234079559,0.0002465813210268397,0.0,cash
2001-05-15 21:00:00+00:00,8.219353715244182e-05,1011.0133260113123,8.219353715244182e-05,0.0,cash
2001-05-16 21:00:00+00:00,8.219353715221978e-05,1011.0964247726853,8.219353715221978e-05,0.0,cash
2001-05-17 21:00:00+00:00,8.219353715244182e-05,1011.1795303642396,8.219353715244182e-05,0.0,cash
2001-05-18 21:00:00+00:00,8.219353715221978e-05,1011.2626427865362,8.219353715221978e-05,0.0,cash
2001-05-21 21:00:00+00:00,0.0002465813210268397,1011.5120012648996,0.0002465813210268397,0.0,cash
2001-05-22 21:00:00+00:00,8.219353715244182e-05,1011.5951410141557,8.219353715244182e-05,0.0,cash
2001-05-23 21:00:00+00:00,8.219353715244182e-05,1011.6782875969618,8.219353715244182e-05,0.0,cash
2001-05-24 21:00:00+00:00,8.219353715221978e-05,1011.7614410138794,8.219353715221978e-05,0.0,cash
2001-05-25 21:00:00+00:00,8.219353715244182e-05,1011.8446012654708,8.219353715244182e-05,0.0,cash
2001-05-29 21:00:00+00:00,0.0003287752129641497,1012.1772706897385,0.0003287752129641497,0.0,cash
2001-05-30 21:00:00+00:00,8.219353715221978e-05,1012.2604651198417,8.219353715221978e-05,0.0,cash
2001-05-31 21:00:00+00:00,8.219353715244182e-05,1012.3436663879894,8.219353715244182e-05,0.0,cash
2001-06-01 21:00:00+00:00,8.219353715266386e-05,1012.426874494744,8.219353715266386e-05,0.0,cash
2001-06-04 21:00:00+00:00,0.0002465813210268397,1012.6765200509,0.0002465813210268397,0.0,cash
2001-06-05 21:00:00+00:00,8.219353715221978e-05,1012.7597555160739,8.219353715221978e-05,0.0,cash
2001-06-06 21:00:00+00:00,8.219353715221978e-05,1012.8429978226653,8.219353715221978e-05,0.0,cash
2001-06-07 21:00:00+00:00,8.219353715221978e-05,1012.9262469712363,8.219353715221978e-05,0.0,cash
2001-06-08 21:00:00+00:00,8.219353715266386e-05,1013.0095029623496,8.219353715266386e-05,0.0,cash
2001-06-11 21:00:00+00:00,0.0002465813210268397,1013.2592921838029,0.0002465813210268397,0.0,cash
2001-06-12 21:00:00+00:00,8.219353715244182e-05,1013.34257554908,8.219353715244182e-05,0.0,cash
2001-06-13 21:00:00+00:00,8.219353715244182e-05,1013.4258657597115,8.219353715244182e-05,0.0,cash
2001-06-14 21:00:00+00:00,8.219353715266386e-05,1013.5091628162603,8.219353715266386e-05,0.0,cash
2001-06-15 21:00:00+00:00,8.219353715244182e-05,1013.5924667192885,8.219353715244182e-05,0.0,cash
2001-06-18 21:00:00+00:00,0.0002465813210268397,1013.842399688715,0.0002465813210268397,0.0,cash
2001-06-19 21:00:00+00:00,8.219353715244182e-05,1013.9257309816604,8.219353715244182e-05,0.0,cash
2001-06-20 21:00:00+00:00,8.219353715221978e-05,1014.0090691238995,8.219353715221978e-05,0.0,cash
2001-06-21 21:00:00+00:00,8.219353715244182e-05,1014.0924141159956,8.219353715244182e-05,0.0,cash
2001-06-22 21:00:00+00:00,8.219353715244182e-05,1014.1757659585112,8.219353715244182e-05,0.0,cash
2001-06-25 21:00:00+00:00,0.0002465813210268397,1014.4258427586346,0.0002465813210268397,0.0,cash
2001-06-26 21:00:00+00:00,8.219353715221978e-05,1014.5092220068296,8.219353715221978e-05,0.0,cash
2001-06-27 21:00:00+00:00,8.219353715244182e-05,1014.5926081082602,8.219353715244182e-05,0.0,cash
2001-06-28 21:00:00+00:00,8.219353715221978e-05,1014.6760010634891,8.219353715221978e-05,0.0,cash
2001-06-29 21:00:00+00:00,8.219353715266386e-05,1014.7594008730804,8.219353715266386e-05,0.0,cash
2001-07-02 21:00:00+00:00,0.00024658132102706176,1015.0096215866722,0.00024658132102706176,0.0,cash
2001-07-03 21:00:00+00:00,8.219345798021749e-05,1015.0930487373536,8.219345798021749e-05,0.0,cash
2001-07-05 21:00:00+00:00,0.00016438742908997384,1015.2599172739225,0.00016438742908997384,0.0,cash
2001-07-06 21:00:00+00:00,8.219353715244182e-05,1015.3433650776523,8.219353715244182e-05,0.0,cash
2001-07-09 21:00:00+00:00,0.0002465813210268397,1015.593729785909,0.0002465813210268397,0.0,cash
2001-07-10 21:00:00+00:00,8.219353715244182e-05,1015.6772050268698,8.219353715244182e-05,0.0,cash
2001-07-11 21:00:00+00:00,8.219353715221978e-05,1015.760687128956,8.219353715221978e-05,0.0,cash
2001-07-12 21:00:00+00:00,8.219353715266386e-05,1015.8441760927318,8.219353715266386e-05,0.0,cash
2001-07-13 21:00:00+00:00,8.219353715244182e-05,1015.9276719187607,8.219353715244182e-05,0.0,cash
2001-07-16 21:00:00+00:00,0.0002465813210268397,1016.1781807061701,0.0002465813210268397,0.0,cash
2001-07-17 21:00:00+00:00,8.219353715244182e-05,1016.2617039852196,8.219353715244182e-05,0.0,cash
2001-07-18 21:00:00+00:00,8.219353715266386e-05,1016.3452341293429,8.219353715266386e-05,0.0,cash
2001-07-19 21:00:00+00:00,8.219353715244182e-05,1016.4287711391039,8.219353715244182e-05,0.0,cash
2001-07-20 21:00:00+00:00,8.219353715244182e-05,1016.5123150150673,8.219353715244182e-05,0.0,cash
2001-07-23 21:00:00+00:00,0.0002465813210268397,1016.7629679645438,0.0002465813210268397,0.0,cash
2001-07-24 21:00:00+00:00,8.219353715244182e-05,1016.8465393093263,8.219353715244182e-05,0.0,cash
2001-07-25 21:00:00+00:00,8.219353715266386e-05,1016.9301175231336,8.219353715266386e-05,0.0,cash
2001-07-26 21:00:00+00:00,8.219353715244182e-05,1017.0137026065296,8.219353715244182e-05,0.0,cash
2001-07-27 21:00:00+00:00,8.219353715244182e-05,1017.0972945600793,8.219353715244182e-05,0.0,cash
2001-07-30 21:00:00+00:00,0.0002465813210268397,1017.3480917545846,0.0002465813210268397,0.0,cash
2001-07-31 21:00:00+00:00,8.219353715221978e-05,1017.431711192761,8.219353715221978e-05,0.0,cash
2001-08-01 21:00:00+00:00,8.219353715244182e-05,1017.515337503915,8.219353715244182e-05,0.0,cash
2001-08-02 21:00:00+00:00,8.219353715221978e-05,1017.5989706886111,8.219353715221978e-05,0.0,cash
2001-08-03 21:00:00+00:00,8.219353715244182e-05,1017.6826107474146,8.219353715244182e-05,0.0,cash
2001-08-06 21:00:00+00:00,0.00024658132102706176,1017.9335522699589,0.00024658132102706176,0.0,cash
2001-08-07 21:00:00+00:00,8.219353715221978e-05,1018.0172198292059,8.219353715221978e-05,0.0,cash
2001-08-08 21:00:00+00:00,8.219353715244182e-05,1018.1008942653857,8.219353715244182e-05,0.0,cash
2001-08-09 21:00:00+00:00,8.219353715244182e-05,1018.1845755790634,8.219353715244182e-05,0.0,cash
2001-08-10 21:00:00+00:00,8.219353715221978e-05,1018.2682637708042,8.219353715221978e-05,0.0,cash
2001-08-13 21:00:00+00:00,0.0002465813210268397,1018.5193497044445,0.0002465813210268397,0.0,cash
2001-08-14 21:00:00+00:00,8.219353715244182e-05,1018.6030654124548,8.219353715244182e-05,0.0,cash
2001-08-15 21:00:00+00:00,8.219353715244182e-05,1018.6867880013554,8.219353715244182e-05,0.0,cash
2001-08-16 21:00:00+00:00,8.219353715221978e-05,1018.7705174717115,8.219353715221978e-05,0.0,cash
2001-08-17 21:00:00+00:00,8.219353715244182e-05,1018.854253824089,8.219353715244182e-05,0.0,cash
2001-08-20 21:00:00+00:00,0.0002465813210268397,1019.1054842519308,0.0002465813210268397,0.0,cash
2001-08-21 21:00:00+00:00,8.219353715221978e-05,1019.1892481364127,8.219353715221978e-05,0.0,cash
2001-08-22 21:00:00+00:00,8.219353715244182e-05,1019.2730189057447,8.219353715244182e-05,0.0,cash
2001-08-23 21:00:00+00:00,8.219353715221978e-05,1019.3567965604925,8.219353715221978e-05,0.0,cash
2001-08-24 21:00:00+00:00,8.219353715221978e-05,1019.4405811012219,8.219353715221978e-05,0.0,cash
2001-08-27 21:00:00+00:00,0.0002465813210268397,1019.6919561064182,0.0002465813210268397,0.0,cash
2001-08-28 21:00:00+00:00,8.219353715244182e-05,1019.7757681950965,8.219353715244182e-05,0.0,cash
2001-08-29 21:00:00+00:00,8.219353715244182e-05,1019.8595871725868,8.219353715244182e-05,0.0,cash
2001-08-30 21:00:00+00:00,8.219353715266386e-05,1019.9434130394554,8.219353715266386e-05,0.0,cash
2001-08-31 21:00:00+00:00,8.219353715266386e-05,1020.0272457962686,8.219353715266386e-05,0.0,cash
2001-09-04 21:00:00+00:00,0.00032877521296437173,1020.3626054712347,0.00032877521296437173,0.0,cash
2001-09-05 21:00:00+00:00,8.219353715221978e-05,1020.4464726829563,8.219353715221978e-05,0.0,cash
2001-09-06 21:00:00+00:00,8.219353715244182e-05,1020.5303467880208,8.219353715244182e-05,0.0,cash
2001-09-07 21:00:00+00:00,8.219353715244182e-05,1020.6142277869947,8.219353715244182e-05,0.0,cash
2001-09-10 21:00:00+00:00,0.0002465813210268397,1020.8658921915412,0.0002465813210268397,0.0,cash
2001-09-17 21:00:00+00:00,0.0005753568887758576,1021.4532544151299,0.0005753568887758576,0.0,cash
2001-09-18 21:00:00+00:00,8.219353715244182e-05,1021.5372112711462,8.219353715244182e-05,0.0,cash
2001-09-19 21:00:00+00:00,8.219353715221978e-05,1021.6211750278733,8.219353715221978e-05,0.0,cash
2001-09-20 21:00:00+00:00,8.219353715221978e-05,1021.7051456858784,8.219353715221978e-05,0.0,cash
2001-09-21 21:00:00+00:00,8.219353715244182e-05,1021.7891232457291,8.219353715244182e-05,0.0,cash
2001-09-24 21:00:00+00:00,0.0002465813210268397,1022.04107735755,0.0002465813210268397,0.0,cash
2001-09-25 21:00:00+00:00,8.219353715244182e-05,1022.125082528813,8.219353715244182e-05,0.0,cash
2001-09-26 21:00:00+00:00,8.219353715266386e-05,1022.2090946047585,8.219353715266386e-05,0.0,cash
2001-09-27 21:00:00+00:00,8.219353715244182e-05,1022.2931135859536,8.219353715244182e-05,0.0,cash
2001-09-28 21:00:00+00:00,8.219353715244182e-05,1022.3771394729657,8.219353715244182e-05,0.0,cash
2001-10-01 21:00:00+00:00,0.0002465813210268397,1022.6292385786047,0.0002465813210268397,0.0,cash
2001-10-02 21:00:00+00:00,8.219353715244182e-05,1022.713292092919,8.219353715244182e-05,0.0,cash
2001-10-03 21:00:00+00:00,8.219353715221978e-05,1022.7973525158887,8.219353715221978e-05,0.0,cash
2001-10-04 21:00:00+00:00,8.219353715244182e-05,1022.8814198480823,8.219353715244182e-05,0.0,cash
2001-10-05 21:00:00+00:00,8.219353715244182e-05,1022.9654940900671,8.219353715244182e-05,0.0,cash
2001-10-08 21:00:00+00:00,0.00024658132102706176,1023.217738272965,0.00024658132102706176,0.0,cash
2001-10-09 21:00:00+00:00,8.219353715221978e-05,1023.3018401581506,8.219353715221978e-05,0.0,cash
2001-10-10 21:00:00+00:00,8.219353715244182e-05,1023.3859489559679,8.219353715244182e-05,0.0,cash
2001-10-11 21:00:00+00:00,8.219353715244182e-05,1023.4700646669847,8.219353715244182e-05,0.0,cash
2001-10-12 21:00:00+00:00,8.219353715221978e-05,1023.5541872917692,8.219353715221978e-05,0.0,cash
2001-10-15 21:00:00+00:00,0.0002465813210268397,1023.8065766354141,0.0002465813210268397,0.0,cash
2001-10-16 21:00:00+00:00,8.219353715244182e-05,1023.8907269193077,8.219353715244182e-05,0.0,cash
2001-10-17 21:00:00+00:00,8.219353715266386e-05,1023.9748841198109,8.219353715266386e-05,0.0,cash
2001-10-18 21:00:00+00:00,8.219353715266386e-05,1024.059048237492,8.219353715266386e-05,0.0,cash
2001-10-19 21:00:00+00:00,8.219353715221978e-05,1024.1432192729194,8.219353715221978e-05,0.0,cash
2001-10-22 21:00:00+00:00,0.00024658132102706176,1024.3957538608486,0.00024658132102706176,0.0,cash
2001-10-23 21:00:00+00:00,8.219353715244182e-05,1024.4799525713024,8.219353715244182e-05,0.0,cash
2001-10-24 21:00:00+00:00,8.219353715288591e-05,1024.5641582023466,8.219353715288591e-05,0.0,cash
2001-10-25 21:00:00+00:00,8.219353715221978e-05,1024.6483707545485,8.219353715221978e-05,0.0,cash
2001-10-26 21:00:00+00:00,8.219353715244182e-05,1024.7325902284783,8.219353715244182e-05,0.0,cash
2001-10-29 22:00:00+00:00,0.0002500060665242554,1024.9887795926006,0.0002500060665242554,0.0,cash
2001-10-30 22:00:00+00:00,8.219353715221978e-05,1025.0730270459367,8.219353715221978e-05,0.0,cash
2001-10-31 22:00:00+00:00,8.219353715244182e-05,1025.157281423869,8.219353715244182e-05,0.0,cash
2001-11-01 22:00:00+00:00,8.219353715288591e-05,1025.2415427269673,8.219353715288591e-05,0.0,cash
2001-11-02 22:00:00+00:00,8.219353715244182e-05,1025.3258109557996,8.219353715244182e-05,0.0,cash
2001-11-05 22:00:00+00:00,0.00024658132102661767,1025.5786371487477,0.00024658132102661767,0.0,cash
2001-11-06 22:00:00+00:00,8.219353715244182e-05,1025.6629330845628,8.219353715244182e-05,0.0,cash
2001-11-07 22:00:00+00:00,8.219353715244182e-05,1025.7472359489593,8.219353715244182e-05,0.0,cash
2001-11-08 22:00:00+00:00,8.219353715244182e-05,1025.8315457425063,8.219353715244182e-05,0.0,cash
2001-11-09 22:00:00+00:00,8.219353715266386e-05,1025.9158624657737,8.219353715266386e-05,0.0,cash
2001-11-12 22:00:00+00:00,0.0002465813210268397,1026.168834154403,0.0002465813210268397,0.0,cash
2001-11-13 22:00:00+00:00,8.219353715244182e-05,1026.2531786005977,8.219353715244182e-05,0.0,cash
2001-11-14 22:00:00+00:00,8.219353715221978e-05,1026.3375299793606,8.219353715221978e-05,0.0,cash
2001-11-15 22:00:00+00:00,8.219353715221978e-05,1026.4218882912617,8.219353715221978e-05,0.0,cash
2001-11-16 22:00:00+00:00,8.219353715199773e-05,1026.5062535368706,8.219353715199773e-05,0.0,cash
2001-11-19 22:00:00+00:00,0.0002465813210268397,1026.75937080491,0.0002465813210268397,0.0,cash
2001-11-20 22:00:00+00:00,8.219353715221978e-05,1026.8437637894008,8.219353715221978e-05,0.0,cash
2001-11-21 22:00:00+00:00,8.219353715221978e-05,1026.9281637104493,8.219353715221978e-05,0.0,cash
2001-11-23 22:00:00+00:00,0.00016438734991108817,1027.0969777098308,0.00016438734991108817,0.0,cash
2001-11-26 22:00:00+00:00,0.0002465813210268397,1027.350240639417,0.0002465813210268397,0.0,cash
2001-11-27 22:00:00+00:00,8.219353715199773e-05,1027.4346821895892,8.219353715199773e-05,0.0,cash
2001-11-28 22:00:00+00:00,8.219353715333e-05,1027.5191306803124,8.219353715333e-05,0.0,cash
2001-11-29 22:00:00+00:00,8.219353715221978e-05,1027.6035861121545,8.219353715221978e-05,0.0,cash
2001-11-30 22:00:00+00:00,8.219353715266386e-05,1027.688048485688,8.219353715266386e-05,0.0,cash
2001-12-03 22:00:00+00:00,0.0002465813210268397,1027.941457162287,0.0002465813210268397,0.0,cash
2001-12-04 22:00:00+00:00,8.219353715244182e-05,1028.0259473066367,8.219353715244182e-05,0.0,cash
2001-12-05 22:00:00+00:00,8.219353715244182e-05,1028.1104443955303,8.219353715244182e-05,0.0,cash
2001-12-06 22:00:00+00:00,8.219353715266386e-05,1028.1949484295387,8.219353715266386e-05,0.0,cash
2001-12-07 22:00:00+00:00,8.219353715244182e-05,1028.2794594092325,8.219353715244182e-05,0.0,cash
2001-12-10 22:00:00+00:00,0.0002465813210268397,1028.5330139167183,0.0002465813210268397,0.0,cash
2001-12-11 22:00:00+00:00,8.219353715221978e-05,1028.61755268321,8.219353715221978e-05,0.0,cash
2001-12-12 22:00:00+00:00,8.219353715221978e-05,1028.702098398242,8.219353715221978e-05,0.0,cash
2001-12-13 22:00:00+00:00,8.219353715221978e-05,1028.7866510623853,8.219353715221978e-05,0.0,cash
2001-12-14 22:00:00+00:00,8.219353715244182e-05,1028.8712106762114,8.219353715244182e-05,0.0,cash
2001-12-17 22:00:00+00:00,0.00024658132102661767,1029.1249110985061,0.00024658132102661767,0.0,cash
2001-12-18 22:00:00+00:00,8.219353715310795e-05,1029.2094985151216,8.219353715310795e-05,0.0,cash
2001-12-19 22:00:00+00:00,8.219353715221978e-05,1029.2940928842752,8.219353715221978e-05,0.0,cash
2001-12-20 22:00:00+00:00,8.219353715310795e-05,1029.37869420654,8.219353715310795e-05,0.0,cash
2001-12-21 22:00:00+00:00,8.219353715199773e-05,1029.463302482486,8.219353715199773e-05,0.0,cash
2001-12-24 22:00:00+00:00,0.00024658124184151475,1029.7171488220424,0.00024658124184151475,0.0,cash
2001-12-26 22:00:00+00:00,0.00016438742908952975,1029.8864213768268,0.00016438742908952975,0.0,cash
2001-12-27 22:00:00+00:00,8.219353715244182e-05,1029.971071384665,8.219353715244182e-05,0.0,cash
2001-12-28 22:00:00+00:00,8.219353715221978e-05,1030.0557283501867,8.219353715221978e-05,0.0,cash
2001-12-31 22:00:00+00:00,0.00024658132102750585,1030.3097208524152,0.00024658132102750585,0.0,cash
2002-01-02 22:00:00+00:00,0.00016438742908997384,1030.4790908185926,0.00016438742908997384,0.0,cash
2002-01-03 22:00:00+00:00,8.219353715244182e-05,1030.5637895400287,8.219353715244182e-05,0.0,cash
2002-01-04 22:00:00+00:00,8.219353715221978e-05,1030.648495223152,8.219353715221978e-05,0.0,cash
2002-01-07 22:00:00+00:00,0.0002465813210268397,1030.9026338906183,0.0002465813210268397,0.0,cash
2002-01-08 22:00:00+00:00,8.219353715244182e-05,1030.9873674245575,8.219353715244182e-05,0.0,cash
2002-01-09 22:00:00+00:00,8.219353715266386e-05,1031.072107923046,8.219353715266386e-05,0.0,cash
2002-01-10 22:00:00+00:00,8.219353715221978e-05,1031.156855386655,8.219353715221978e-05,0.0,cash
2002-01-11 22:00:00+00:00,8.219353715199773e-05,1031.2416098159579,8.219353715199773e-05,0.0,cash
2002-01-14 22:00:00+00:00,0.0002465813210268397,1031.4958947344041,0.0002465813210268397,0.0,cash
2002-01-15 22:00:00+00:00,8.219353715266386e-05,1031.5806770305508,8.219353715266386e-05,0.0,cash
2002-01-16 22:00:00+00:00,8.219353715221978e-05,1031.6654662952537,8.219353715221978e-05,0.0,cash
2002-01-17 22:00:00+00:00,8.219353715244182e-05,1031.7502625290865,8.219353715244182e-05,0.0,cash
2002-01-18 22:00:00+00:00,8.219353715244182e-05,1031.8350657326218,8.219353715244182e-05,0.0,cash
2002-01-22 22:00:00+00:00,0.0003287752129645938,1032.1743075261024,0.0003287752129645938,0.0,cash
2002-01-23 22:00:00+00:00,8.219353715266386e-05,1032.259145583396,8.219353715266386e-05,0.0,cash
2002-01-24 22:00:00+00:00,8.219353715266386e-05,1032.3439906138296,8.219353715266386e-05,0.0,cash
2002-01-25 22:00:00+00:00,8.219353715266386e-05,1032.4288426179764,8.219353715266386e-05,0.0,cash
2002-01-28 22:00:00+00:00,0.00024658132102706176,1032.6834202858556,0.00024658132102706176,0.0,cash
2002-01-29 22:00:00+00:00,8.219353715199773e-05,1032.7683001889272,8.219353715199773e-05,0.0,cash
2002-01-30 22:00:00+00:00,8.219353715244182e-05,1032.8531870685788,8.219353715244182e-05,0.0,cash
2002-01-31 22:00:00+00:00,8.219353715199773e-05,1032.9380809253826,8.219353715199773e-05,0.0,cash
2002-02-01 22:00:00+00:00,8.219353715244182e-05,1033.0229817599134,8.219353715244182e-05,0.0,cash
2002-02-04 22:00:00+00:00,0.0002465813210268397,1033.277705931407,0.0002465813210268397,0.0,cash
2002-02-05 22:00:00+00:00,8.219353715221978e-05,1033.3626346809178,8.219353715221978e-05,0.0,cash
2002-02-06 22:00:00+00:00,8.219353715266386e-05,1033.4475704110237,8.219353715266386e-05,0.0,cash
2002-02-07 22:00:00+00:00,8.219353715244182e-05,1033.5325131222974,8.219353715244182e-05,0.0,cash
2002-02-08 22:00:00+00:00,8.219353715221978e-05,1033.6174628153126,8.219353715221978e-05,0.0,cash
2002-02-11 22:00:00+00:00,0.00024658132102706176,1033.8723335747302,0.00024658132102706176,0.0,cash
2002-02-12 22:00:00+00:00,8.219353715244182e-05,1033.9573111987906,8.219353715244182e-05,0.0,cash
2002-02-13 22:00:00+00:00,8.219353715221978e-05,1034.0422958074626,8.219353715221978e-05,0.0,cash
2002-02-14 22:00:00+00:00,8.219353715221978e-05,1034.12728740132,8.219353715221978e-05,0.0,cash
2002-02-15 22:00:00+00:00,8.219353715244182e-05,1034.2122859809374,8.219353715244182e-05,0.0,cash
2002-02-19 22:00:00+00:00,0.0003287752129641497,1034.5523093455108,0.0003287752129641497,0.0,cash
2002-02-20 22:00:00+00:00,8.219353715244182e-05,1034.637342859185,8.219353715244182e-05,0.0,cash
2002-02-21 22:00:00+00:00,8.219353715199773e-05,1034.7223833620642,8.219353715199773e-05,0.0,cash
2002-02-22 22:00:00+00:00,8.219353715221978e-05,1034.8074308547234,8.219353715221978e-05,0.0,cash
2002-02-25 22:00:00+00:00,0.00024658132102706176,1035.0625950380322,0.00024658132102706176,0.0,cash
2002-02-26 22:00:00+00:00,8.219353715244182e-05,1035.1476704938925,8.219353715244182e-05,0.0,cash
2002-02-27 22:00:00+00:00,8.219353715244182e-05,1035.2327529424056,8.219353715244182e-05,0.0,cash
2002-02-28 22:00:00+00:00,8.219353715244182e-05,1035.317842384146,8.219353715244182e-05,0.0,cash
2002-03-01 22:00:00+00:00,8.219353715266386e-05,1035.4029388196886,8.219353715266386e-05,0.0,cash
2002-03-04 22:00:00+00:00,0.0002465813210261736,1035.6582498441371,0.0002465813210261736,0.0,cash
2002-03-05 22:00:00+00:00,8.219353715288591e-05,1035.7433742589733,8.219353715288591e-05,0.0,cash
2002-03-06 22:00:00+00:00,8.219353715244182e-05,1035.8285056704858,8.219353715244182e-05,0.0,cash
2002-03-07 22:00:00+00:00,8.219353715244182e-05,1035.9136440792502,8.219353715244182e-05,0.0,cash
2002-03-08 22:00:00+00:00,8.219353715244182e-05,1035.9987894858416,8.219353715244182e-05,0.0,cash
2002-03-11 22:00:00+00:00,0.0002465813210272838,1036.2542474359357,0.0002465813210272838,0.0,cash
2002-03-12 22:00:00+00:00,8.219353715266386e-05,1036.3394208379218,8.219353715266386e-05,0.0,cash
2002-03-13 22:00:00+00:00,8.219353715244182e-05,1036.424601240611,8.219353715244182e-05,0.0,cash
2002-03-14 22:00:00+00:00,8.219353715221978e-05,1036.5097886445785,8.219353715221978e-05,0.0,cash
2002-03-15 22:00:00+00:00,8.219353715244182e-05,1036.5949830504003,8.219353715244182e-05,0.0,cash
2002-03-18 22:00:00+00:00,0.00024658132102661767,1036.8505880106904,0.00024658132102661767,0.0,cash
2002-03-19 22:00:00+00:00,8.219353715199773e-05,1036.9358104280172,8.219353715199773e-05,0.0,cash
2002-03-20 22:00:00+00:00,8.219353715244182e-05,1037.0210398500762,8.219353715244182e-05,0.0,cash
2002-03-21 22:00:00+00:00,8.219353715266386e-05,1037.1062762774432,8.219353715266386e-05,0.0,cash
2002-03-22 22:00:00+00:00,8.219353715221978e-05,1037.1915197106932,8.219353715221978e-05,0.0,cash
2002-03-25 22:00:00+00:00,0.00024658132102661767,1037.4472717657811,0.00024658132102661767,0.0,cash
2002-03-26 22:00:00+00:00,8.219353715199773e-05,1037.5325432266563,8.219353715199773e-05,0.0,cash
2002-03-27 22:00:00+00:00,8.219353715244182e-05,1037.6178216962949,8.219353715244182e-05,0.0,cash
2002-03-28 22:00:00+00:00,8.219353715244182e-05,1037.7031071752724,8.219353715244182e-05,0.0,cash
2002-04-01 22:00:00+00:00,0.0003287752129641497,1038.0442782353275,0.0003287752129641497,0.0,cash
2002-04-02 22:00:00+00:00,8.219353715244182e-05,1038.1295987662766,8.219353715244182e-05,0.0,cash
2002-04-03 22:00:00+00:00,8.219353715199773e-05,1038.2149263100214,8.219353715199773e-05,0.0,cash
2002-04-04 22:00:00+00:00,8.219353715221978e-05,1038.300260867139,8.219353715221978e-05,0.0,cash
2002-04-05 22:00:00+00:00,8.219353715244182e-05,1038.385602438206,8.219353715244182e-05,0.0,cash
2002-04-08 21:00:00+00:00,0.0002431565755296461,1038.6380927253742,0.0002431565755296461,0.0,cash
2002-04-09 21:00:00+00:00,8.219353715221978e-05,1038.7234620640363,8.219353715221978e-05,0.0,cash
2002-04-10 21:00:00+00:00,8.219353715266386e-05,1038.8088384195069,8.219353715266386e-05,0.0,cash
2002-04-11 21:00:00+00:00,8.219353715244182e-05,1038.8942217923618,8.219353715244182e-05,0.0,cash
2002-04-12 21:00:00+00:00,8.219353715221978e-05,1038.979612183178,8.219353715221978e-05,0.0,cash
2002-04-15 21:00:00+00:00,0.0002465813210268397,1039.23580514847,0.0002465813210268397,0.0,cash
2002-04-16 21:00:00+00:00,8.219353715244182e-05,1039.3212236152306,8.219353715244182e-05,0.0,cash
2002-04-17 21:00:00+00:00,8.219353715244182e-05,1039.406649102837,8.219353715244182e-05,0.0,cash
2002-04-18 21:00:00+00:00,8.219353715244182e-05,1039.4920816118665,8.219353715244182e-05,0.0,cash
2002-04-19 21:00:00+00:00,8.219353715266386e-05,1039.5775211428963,8.219353715266386e-05,0.0,cash
2002-04-22 21:00:00+00:00,0.0002465813210272838,1039.83386154137,0.0002465813210272838,0.0,cash
2002-04-23 21:00:00+00:00,8.219353715221978e-05,1039.9193291645006,8.219353715221978e-05,0.0,cash
2002-04-24 21:00:00+00:00,8.219353715266386e-05,1040.004803812518,8.219353715266386e-05,0.0,cash
2002-04-25 21:00:00+00:00,8.219353715244182e-05,1040.090285485999,8.219353715244182e-05,0.0,cash
2002-04-26 21:00:00+00:00,8.219353715221978e-05,1040.1757741855206,8.219353715221978e-05,0.0,cash
2002-04-29 21:00:00+00:00,0.00024658132102661767,1040.4322621020192,0.00024658132102661767,0.0,cash
2002-04-30 21:00:00+00:00,8.219353715288591e-05,1040.5177789098093,8.219353715288591e-05,0.0,cash
2002-05-01 21:00:00+00:00,8.219353715244182e-05,1040.6033027465278,8.219353715244182e-05,0.0,cash
2002-05-02 21:00:00+00:00,8.219353715199773e-05,1040.6888336127527,8.219353715199773e-05,0.0,cash
2002-05-03 21:00:00+00:00,8.219353715221978e-05,1040.7743715090621,8.219353715221978e-05,0.0,cash
2002-05-06 21:00:00+00:00,0.0002465813210268397,1041.0310070284797,0.0002465813210268397,0.0,cash
2002-05-07 21:00:00+00:00,8.219353715244182e-05,1041.1165730492328,8.219353715244182e-05,0.0,cash
2002-05-08 21:00:00+00:00,8.219353715221978e-05,1041.2021461029594,8.219353715221978e-05,0.0,cash
2002-05-09 21:00:00+00:00,8.219353715221978e-05,1041.2877261902381,8.219353715221978e-05,0.0,cash
2002-05-10 21:00:00+00:00,8.219353715266386e-05,1041.3733133116473,8.219353715266386e-05,0.0,cash
2002-05-13 21:00:00+00:00,0.00024658132102794994,1041.6300965189268,0.00024658132102794994,0.0,cash
2002-05-14 21:00:00+00:00,8.219353715221978e-05,1041.715711780964,8.219353715221978e-05,0.0,cash
2002-05-15 21:00:00+00:00,8.219353715221978e-05,1041.8013340800223,8.219353715221978e-05,0.0,cash
2002-05-16 21:00:00+00:00,8.219353715221978e-05,1041.8869634166804,8.219353715221978e-05,0.0,cash
2002-05-17 21:00:00+00:00,8.219353715244182e-05,1041.9725997915166,8.219353715244182e-05,0.0,cash
2002-05-20 21:00:00+00:00,0.0002465813210268397,1042.229530771647,0.0002465813210268397,0.0,cash
2002-05-21 21:00:00+00:00,8.219353715244182e-05,1042.315195303306,8.219353715244182e-05,0.0,cash
2002-05-22 21:00:00+00:00,8.219353715288591e-05,1042.4008668760362,8.219353715288591e-05,0.0,cash
2002-05-23 21:00:00+00:00,8.219353715221978e-05,1042.4865454904152,8.219353715221978e-05,0.0,cash
2002-05-24 21:00:00+00:00,8.219353715244182e-05,1042.5722311470229,8.219353715244182e-05,0.0,cash
2002-05-28 21:00:00+00:00,0.00032877521296392764,1042.9150030543485,0.00032877521296392764,0.0,cash
2002-05-29 21:00:00+00:00,8.219353715244182e-05,1043.000723927399,8.219353715244182e-05,0.0,cash
2002-05-30 21:00:00+00:00,8.219353715221978e-05,1043.0864518461508,8.219353715221978e-05,0.0,cash
2002-05-31 21:00:00+00:00,8.219353715244182e-05,1043.1721868111838,8.219353715244182e-05,0.0,cash
2002-06-03 21:00:00+00:00,0.00024658132102706176,1043.4294135870664,0.00024658132102706176,0.0,cash
2002-06-04 21:00:00+00:00,8.219353715244182e-05,1043.515176741338,8.219353715244182e-05,0.0,cash
2002-06-05 21:00:00+00:00,8.219353715266386e-05,1043.600946944787,8.219353715266386e-05,0.0,cash
2002-06-06 21:00:00+00:00,8.219353715244182e-05,1043.686724197992,8.219353715244182e-05,0.0,cash
2002-06-07 21:00:00+00:00,8.219353715244182e-05,1043.7725085015327,8.219353715244182e-05,0.0,cash
2002-06-10 21:00:00+00:00,0.00024658132102661767,1044.0298833055303,0.00024658132102661767,0.0,cash
2002-06-11 21:00:00+00:00,8.219353715288591e-05,1044.1156958145325,8.219353715288591e-05,0.0,cash
2002-06-12 21:00:00+00:00,8.219353715244182e-05,1044.201515376768,8.219353715244182e-05,0.0,cash
2002-06-13 21:00:00+00:00,8.219353715221978e-05,1044.2873419928164,8.219353715221978e-05,0.0,cash
2002-06-14 21:00:00+00:00,8.219353715244182e-05,1044.3731756632583,8.219353715244182e-05,0.0,cash
2002-06-17 21:00:00+00:00,0.0002465813210268397,1044.6306985805584,0.0002465813210268397,0.0,cash
2002-06-18 21:00:00+00:00,8.219353715266386e-05,1044.716560472693,8.219353715266386e-05,0.0,cash
2002-06-19 21:00:00+00:00,8.219353715221978e-05,1044.8024294221198,8.219353715221978e-05,0.0,cash
2002-06-20 21:00:00+00:00,8.219353715199773e-05,1044.888305429419,8.219353715199773e-05,0.0,cash
2002-06-21 21:00:00+00:00,8.219353715288591e-05,1044.974188495172,8.219353715288591e-05,0.0,cash
2002-06-24 21:00:00+00:00,0.00024658132102706176,1045.2318596110103,0.00024658132102706176,0.0,cash
2002-06-25 21:00:00+00:00,8.219353715244182e-05,1045.3177709146962,8.219353715244182e-05,0.0,cash
2002-06-26 21:00:00+00:00,8.219353715288591e-05,1045.4036892797365,8.219353715288591e-05,0.0,cash
2002-06-27 21:00:00+00:00,8.219353715244182e-05,1045.4896147067107,8.219353715244182e-05,0.0,cash
2002-06-28 21:00:00+00:00,8.219353715221978e-05,1045.5755471961993,8.219353715221978e-05,0.0,cash
2002-07-01 21:00:00+00:00,0.0002465813210268397,1045.8333665958603,0.0002465813210268397,0.0,cash
2002-07-02 21:00:00+00:00,8.219353715221978e-05,1045.9193273395326,8.219353715221978e-05,0.0,cash
2002-07-03 21:00:00+00:00,8.219353715244182e-05,1046.0052951486227,8.219353715244182e-05,0.0,cash
2002-07-05 21:00:00+00:00,0.00016438734991108817,1046.1772451870852,0.00016438734991108817,0.0,cash
2002-07-08 21:00:00+00:00,0.0002465813210272838,1046.4352129542322,0.0002465813210272838,0.0,cash
2002-07-09 21:00:00+00:00,8.219353715221978e-05,1046.5212231657854,8.219353715221978e-05,0.0,cash
2002-07-10 21:00:00+00:00,8.219353715199773e-05,1046.607240446822,8.219353715199773e-05,0.0,cash
2002-07-11 21:00:00+00:00,8.219353715266386e-05,1046.693264797924,8.219353715266386e-05,0.0,cash
2002-07-12 21:00:00+00:00,8.219353715266386e-05,1046.7792962196716,8.219353715266386e-05,0.0,cash
2002-07-15 21:00:00+00:00,0.00024658132102706176,1047.0374124413572,0.00024658132102706176,0.0,cash
2002-07-16 21:00:00+00:00,8.219353715244182e-05,1047.1234721498167,8.219353715244182e-05,0.0,cash
2002-07-17 21:00:00+00:00,8.219353715266386e-05,1047.2095389318283,8.219353715266386e-05,0.0,cash
2002-07-18 21:00:00+00:00,8.219353715177569e-05,1047.2956127879722,8.219353715177569e-05,0.0,cash
2002-07-19 21:00:00+00:00,8.219353715244182e-05,1047.3816937188315,8.219353715244182e-05,0.0,cash
2002-07-22 21:00:00+00:00,0.00024658132102661767,1047.6399584804878,0.00024658132102661767,0.0,cash
2002-07-23 21:00:00+00:00,8.219353715244182e-05,1047.7260677143377,8.219353715244182e-05,0.0,cash
2002-07-24 21:00:00+00:00,8.219353715221978e-05,1047.8121840258098,8.219353715221978e-05,0.0,cash
2002-07-25 21:00:00+00:00,8.219353715244182e-05,1047.8983074154862,8.219353715244182e-05,0.0,cash
2002-07-26 21:00:00+00:00,8.219353715221978e-05,1047.9844378839484,8.219353715221978e-05,0.0,cash
2002-07-29 21:00:00+00:00,0.0002465813210268397,1048.2428512710574,0.0002465813210268397,0.0,cash
2002-07-30 21:00:00+00:00,8.219353715221978e-05,1048.3290100587978,8.219353715221978e-05,0.0,cash
2002-07-31 21:00:00+00:00,8.219353715266386e-05,1048.4151759282342,8.219353715266386e-05,0.0,cash
2002-08-01 21:00:00+00:00,8.219353715199773e-05,1048.5013488799477,8.219353715199773e-05,0.0,cash
2002-08-02 21:00:00+00:00,8.219353715244182e-05,1048.5875289145213,8.219353715244182e-05,0.0,cash
2002-08-05 21:00:00+00:00,0.00024658132102639563,1048.8460910126128,0.00024658132102639563,0.0,cash
2002-08-06 21:00:00+00:00,8.219353715244182e-05,1048.9322993827616,8.219353715244182e-05,0.0,cash
2002-08-07 21:00:00+00:00,8.219353715244182e-05,1049.0185148386813,8.219353715244182e-05,0.0,cash
2002-08-08 21:00:00+00:00,8.219353715266386e-05,1049.1047373809545,8.219353715266386e-05,0.0,cash
2002-08-09 21:00:00+00:00,8.219353715244182e-05,1049.1909670101631,8.219353715244182e-05,0.0,cash
2002-08-12 21:00:00+00:00,0.0002465813210268397,1049.449677904818,0.0002465813210268397,0.0,cash
2002-08-13 21:00:00+00:00,8.219353715221978e-05,1049.5359358859082,8.219353715221978e-05,0.0,cash
2002-08-14 21:00:00+00:00,8.219353715266386e-05,1049.6222009568476,8.219353715266386e-05,0.0,cash
2002-08-15 21:00:00+00:00,8.219353715221978e-05,1049.7084731182176,8.219353715221978e-05,0.0,cash
2002-08-16 21:00:00+00:00,8.219353715221978e-05,1049.7947523706018,8.219353715221978e-05,0.0,cash
2002-08-19 21:00:00+00:00,0.0002465813210272838,1050.0536121474488,0.0002465813210272838,0.0,cash
2002-08-20 21:00:00+00:00,8.219353715221978e-05,1050.1399197680307,8.219353715221978e-05,0.0,cash
2002-08-21 21:00:00+00:00,8.219353715221978e-05,1050.2262344825413,8.219353715221978e-05,0.0,cash
2002-08-22 21:00:00+00:00,8.219353715288591e-05,1050.312556291564,8.219353715288591e-05,0.0,cash
2002-08-23 21:00:00+00:00,8.219353715199773e-05,1050.3988851956808,8.219353715199773e-05,0.0,cash
2002-08-26 21:00:00+00:00,0.00024658132102661767,1050.6578939403973,0.00024658132102661767,0.0,cash
2002-08-27 21:00:00+00:00,8.219353715244182e-05,1050.7442512290374,8.219353715244182e-05,0.0,cash
2002-08-28 21:00:00+00:00,8.219353715244182e-05,1050.8306156156887,8.219353715244182e-05,0.0,cash
2002-08-29 21:00:00+00:00,8.219353715244182e-05,1050.9169871009342,8.219353715244182e-05,0.0,cash
2002-08-30 21:00:00+00:00,8.219353715244182e-05,1051.0033656853577,8.219353715244182e-05,0.0,cash
2002-09-03 21:00:00+00:00,0.0003287752129641497,1051.348909540737,0.0003287752129641497,0.0,cash
2002-09-04 21:00:00+00:00,8.219353715244182e-05,1051.4353236263935,8.219353715244182e-05,0.0,cash
2002-09-05 21:00:00+00:00,8.219353715244182e-05,1051.5217448147293,8.219353715244182e-05,0.0,cash
2002-09-06 21:00:00+00:00,8.219353715221978e-05,1051.6081731063282,8.219353715221978e-05,0.0,cash
2002-09-09 21:00:00+00:00,0.00024658132102661767,1051.867480038855,0.00024658132102661767,0.0,cash
2002-09-10 21:00:00+00:00,8.219353715310795e-05,1051.953936747656,8.219353715310795e-05,0.0,cash
2002-09-11 21:00:00+00:00,8.219323807412415e-05,1052.040400248022,8.219323807412415e-05,0.0,cash
2002-09-12 21:00:00+00:00,8.219353715221978e-05,1052.1268711697455,8.219353715221978e-05,0.0,cash
2002-09-13 21:00:00+00:00,8.219353715199773e-05,1052.2133491988197,8.219353715199773e-05,0.0,cash
2002-09-16 21:00:00+00:00,0.0002465813210268397,1052.4728053564672,0.0002465813210268397,0.0,cash
2002-09-17 21:00:00+00:00,8.219353715288591e-05,1052.5593118190966,8.219353715288591e-05,0.0,cash
2002-09-18 21:00:00+00:00,8.219353715266386e-05,1052.645825391998,8.219353715266386e-05,0.0,cash
2002-09-19 21:00:00+00:00,8.219353715221978e-05,1052.7323460757555,8.219353715221978e-05,0.0,cash
2002-09-20 21:00:00+00:00,8.219353715266386e-05,1052.8188738709543,8.219353715266386e-05,0.0,cash
2002-09-23 21:00:00+00:00,0.0002465813210272838,1053.0784793396758,0.0002465813210272838,0.0,cash
2002-09-24 21:00:00+00:00,8.219353715221978e-05,1053.1650355847917,8.219353715221978e-05,0.0,cash
2002-09-25 21:00:00+00:00,8.219353715221978e-05,1053.2515989442713,8.219353715221978e-05,0.0,cash
2002-09-26 21:00:00+00:00,8.219353715177569e-05,1053.3381694186994,8.219353715177569e-05,0.0,cash
2002-09-27 21:00:00+00:00,8.219353715199773e-05,1053.4247470086611,8.219353715199773e-05,0.0,cash
2002-09-30 21:00:00+00:00,0.00024658132102706176,1053.684501874381,0.00024658132102706176,0.0,cash
2002-10-01 21:00:00+00:00,8.219353715221978e-05,1053.7711079306328,8.219353715221978e-05,0.0,cash
2002-10-02 21:00:00+00:00,8.219353715244182e-05,1053.8577211053425,8.219353715244182e-05,0.0,cash
2002-10-03 21:00:00+00:00,8.219353715266386e-05,1053.9443413990957,8.219353715266386e-05,0.0,cash
2002-10-04 21:00:00+00:00,8.219353715288591e-05,1054.0309688124776,8.219353715288591e-05,0.0,cash
2002-10-07 21:00:00+00:00,0.00024658132102706176,1054.2908731611708,0.00024658132102706176,0.0,cash
2002-10-08 21:00:00+00:00,8.219353715221978e-05,1054.3775290572232,8.219353715221978e-05,0.0,cash
2002-10-09 21:00:00+00:00,8.219353715244182e-05,1054.4641920758304,8.219353715244182e-05,0.0,cash
2002-10-10 21:00:00+00:00,8.219353715244182e-05,1054.5508622175778,8.219353715244182e-05,0.0,cash
2002-10-11 21:00:00+00:00,8.219353715221978e-05,1054.6375394830504,8.219353715221978e-05,0.0,cash
2002-10-14 21:00:00+00:00,0.00024658132102750585,1054.8975934007415,0.00024658132102750585,0.0,cash
2002-10-15 21:00:00+00:00,8.219353715221978e-05,1054.9842991652765,8.219353715221978e-05,0.0,cash
2002-10-16 21:00:00+00:00,8.219353715221978e-05,1055.071012056465,8.219353715221978e-05,0.0,cash
2002-10-17 21:00:00+00:00,8.219353715244182e-05,1055.157732074893,8.219353715244182e-05,0.0,cash
2002-10-18 21:00:00+00:00,8.219353715244182e-05,1055.244459221146,8.219353715244182e-05,0.0,cash
2002-10-21 21:00:00+00:00,0.0002465813210268397,1055.5046627939068,0.0002465813210268397,0.0,cash
2002-10-22 21:00:00+00:00,8.219353715199773e-05,1055.5914184556223,8.219353715199773e-05,0.0,cash
2002-10-23 21:00:00+00:00,8.219353715244182e-05,1055.6781812480929,8.219353715244182e-05,0.0,cash
2002-10-24 21:00:00+00:00,8.219353715244182e-05,1055.7649511719044,8.219353715244182e-05,0.0,cash
2002-10-25 21:00:00+00:00,8.219353715244182e-05,1055.8517282276428,8.219353715244182e-05,0.0,cash
2002-10-28 22:00:00+00:00,0.0002500060665242554,1056.1156975650497,0.0002500060665242554,0.0,cash
2002-10-29 22:00:00+00:00,8.219353715221978e-05,1056.2025034498745,8.219353715221978e-05,0.0,cash
2002-10-30 22:00:00+00:00,8.219353715333e-05,1056.2893164695831,8.219353715333e-05,0.0,cash
2002-10-31 22:00:00+00:00,8.219353715221978e-05,1056.37613662476,8.219353715221978e-05,0.0,cash
2002-11-01 22:00:00+00:00,8.219353715244182e-05,1056.4629639159925,8.219353715244182e-05,0.0,cash
2002-11-04 22:00:00+00:00,0.00024658132102661767,1056.7234679492506,0.00024658132102661767,0.0,cash
2002-11-05 22:00:00+00:00,8.219353715266386e-05,1056.8103237888736,8.219353715266386e-05,0.0,cash
2002-11-06 22:00:00+00:00,8.219353715221978e-05,1056.8971867674848,8.219353715221978e-05,0.0,cash
2002-11-07 22:00:00+00:00,8.219353715288591e-05,1056.984056885672,8.219353715288591e-05,0.0,cash
2002-11-08 22:00:00+00:00,8.219353715199773e-05,1057.0709341440208,8.219353715199773e-05,0.0,cash
2002-11-11 22:00:00+00:00,0.00024658132102706176,1057.3315880913815,0.00024658132102706176,0.0,cash
2002-11-12 22:00:00+00:00,8.219353715266386e-05,1057.41849391455,8.219353715266386e-05,0.0,cash
2002-11-13 22:00:00+00:00,8.219353715221978e-05,1057.5054068808151,8.219353715221978e-05,0.0,cash
2002-11-14 22:00:00+00:00,8.219353715221978e-05,1057.5923269907644,8.219353715221978e-05,0.0,cash
2002-11-15 22:00:00+00:00,8.219353715244182e-05,1057.679254244985,8.219353715244182e-05,0.0,cash
2002-11-18 22:00:00+00:00,0.00024658132102661767,1057.940058192719,0.00024658132102661767,0.0,cash
2002-11-19 22:00:00+00:00,8.219353715244182e-05,1058.0270140281973,8.219353715244182e-05,0.0,cash
2002-11-20 22:00:00+00:00,8.219353715244182e-05,1058.1139770108832,8.219353715244182e-05,0.0,cash
2002-11-21 22:00:00+00:00,8.219353715244182e-05,1058.2009471413642,8.219353715244182e-05,0.0,cash
2002-11-22 22:00:00+00:00,8.219353715266386e-05,1058.287924420228,8.219353715266386e-05,0.0,cash
2002-11-25 22:00:00+00:00,0.00024658132102706176,1058.5488784546585,0.00024658132102706176,0.0,cash
2002-11-26 22:00:00+00:00,8.219353715266386e-05,1058.6358843312278,8.219353715266386e-05,0.0,cash
2002-11-27 22:00:00+00:00,8.219353715244182e-05,1058.7228973591175,8.219353715244182e-05,0.0,cash
2002-11-29 22:00:00+00:00,0.00016438734991086612,1058.8969380105043,0.00016438734991086612,0.0,cash
2002-12-02 22:00:00+00:00,0.0002465813210268397,1059.1580422163102,0.0002465813210268397,0.0,cash
2002-12-03 22:00:00+00:00,8.219353715244182e-05,1059.2450981622032,8.219353715244182e-05,0.0,cash
2002-12-04 22:00:00+00:00,8.219353715244182e-05,1059.3321612635325,8.219353715244182e-05,0.0,cash
2002-12-05 22:00:00+00:00,8.219353715244182e-05,1059.4192315208861,8.219353715244182e-05,0.0,cash
2002-12-06 22:00:00+00:00,8.219353715221978e-05,1059.5063089348519,8.219353715221978e-05,0.0,cash
2002-12-09 22:00:00+00:00,0.0002465813210268397,1059.7675634001453,0.0002465813210268397,0.0,cash
2002-12-10 22:00:00+00:00,8.219353715177569e-05,1059.8546694447398,8.219353715177569e-05,0.0,cash
2002-12-11 22:00:00+00:00,8.219353715266386e-05,1059.9417826488893,8.219353715266386e-05,0.0,cash
2002-12-12 22:00:00+00:00,8.219353715244182e-05,1060.028903013181,8.219353715244182e-05,0.0,cash
2002-12-13 22:00:00+00:00,8.219353715244182e-05,1060.1160305382034,8.219353715244182e-05,0.0,cash
2002-12-16 22:00:00+00:00,0.0002465813210272838,1060.3774353494557,0.0002465813210272838,0.0,cash
2002-12-17 22:00:00+00:00,8.219353715221978e-05,1060.4645915215835,8.219353715221978e-05,0.0,cash
2002-12-18 22:00:00+00:00,8.219353715244182e-05,1060.5517548573857,8.219353715244182e-05,0.0,cash
2002-12-19 22:00:00+00:00,8.219353715221978e-05,1060.6389253574505,8.219353715221978e-05,0.0,cash
2002-12-20 22:00:00+00:00,8.219353715221978e-05,1060.726103022367,8.219353715221978e-05,0.0,cash
2002-12-23 22:00:00+00:00,0.0002465813210272838,1060.9876582660984,0.0002465813210272838,0.0,cash
2002-12-24 22:00:00+00:00,8.219345798021749e-05,1061.0748645106055,8.219345798021749e-05,0.0,cash
2002-12-26 22:00:00+00:00,0.00016438742909063997,1061.2492918796552,0.00016438742909063997,0.0,cash
2002-12-27 22:00:00+00:00,8.219353715221978e-05,1061.336519712755,8.219353715221978e-05,0.0,cash
2002-12-30 22:00:00+00:00,0.0002465813210268397,1061.5982254738399,0.0002465813210268397,0.0,cash
2002-12-31 22:00:00+00:00,8.219353715221978e-05,1061.6854819870262,8.219353715221978e-05,0.0,cash
2003-01-02 22:00:00+00:00,0.00016438742908952975,1061.8600097339117,0.00016438742908952975,0.0,cash
2003-01-03 22:00:00+00:00,8.219353715244182e-05,1061.9472877640726,8.219353715244182e-05,0.0,cash
2003-01-06 22:00:00+00:00,0.00024658132102706176,1062.2091441291507,0.00024658132102706176,0.0,cash
2003-01-07 22:00:00+00:00,8.219353715244182e-05,1062.2964508559023,8.219353715244182e-05,0.0,cash
2003-01-08 22:00:00+00:00,8.219353715244182e-05,1062.3837647587027,8.219353715244182e-05,0.0,cash
2003-01-09 22:00:00+00:00,8.219353715266386e-05,1062.4710858381418,8.219353715266386e-05,0.0,cash
2003-01-10 22:00:00+00:00,8.219353715266386e-05,1062.5584140948092,8.219353715266386e-05,0.0,cash
2003-01-13 22:00:00+00:00,0.0002465813210268397,1062.820421152225,0.0002465813210268397,0.0,cash
2003-01-14 22:00:00+00:00,8.219353715221978e-05,1062.9077781219971,8.219353715221978e-05,0.0,cash
2003-01-15 22:00:00+00:00,8.219353715266386e-05,1062.995142271948,8.219353715266386e-05,0.0,cash
2003-01-16 22:00:00+00:00,8.219353715221978e-05,1063.082513602667,8.219353715221978e-05,0.0,cash
2003-01-17 22:00:00+00:00,8.219353715221978e-05,1063.1698921147447,8.219353715221978e-05,0.0,cash
2003-01-21 22:00:00+00:00,0.0003287752129641497,1063.5194360224418,0.0003287752129641497,0.0,cash
2003-01-22 22:00:00+00:00,8.219353715221978e-05,1063.6068504467187,8.219353715221978e-05,0.0,cash
2003-01-23 22:00:00+00:00,8.219353715221978e-05,1063.6942720558961,8.219353715221978e-05,0.0,cash
2003-01-24 22:00:00+00:00,8.219353715266386e-05,1063.7817008505654,8.219353715266386e-05,0.0,cash
2003-01-27 22:00:00+00:00,0.0002465813210268397,1064.0440095476454,0.0002465813210268397,0.0,cash
2003-01-28 22:00:00+00:00,8.219353715221978e-05,1064.1314670884758,8.219353715221978e-05,0.0,cash
2003-01-29 22:00:00+00:00,8.219353715244182e-05,1064.2189318177511,8.219353715244182e-05,0.0,cash
2003-01-30 22:00:00+00:00,8.219353715244182e-05,1064.3064037360618,8.219353715244182e-05,0.0,cash
2003-01-31 22:00:00+00:00,8.219353715288591e-05,1064.3938828439993,8.219353715288591e-05,0.0,cash
2003-02-03 22:00:00+00:00,0.00024658132102706176,1064.6563424937242,0.00024658132102706176,0.0,cash
2003-02-04 22:00:00+00:00,8.219353715266386e-05,1064.7438503643657,8.219353715266386e-05,0.0,cash
2003-02-05 22:00:00+00:00,8.219353715244182e-05,1064.8313654275885,8.219353715244182e-05,0.0,cash
2003-02-06 22:00:00+00:00,8.219353715221978e-05,1064.9188876839837,8.219353715221978e-05,0.0,cash
2003-02-07 22:00:00+00:00,8.219353715221978e-05,1065.0064171341426,8.219353715221978e-05,0.0,cash
2003-02-10 22:00:00+00:00,0.0002465813210268397,1065.2690278233815,0.0002465813210268397,0.0,cash
2003-02-11 22:00:00+00:00,8.219353715244182e-05,1065.3565860527972,8.219353715244182e-05,0.0,cash
2003-02-12 22:00:00+00:00,8.219353715199773e-05,1065.444151478933,8.219353715199773e-05,0.0,cash
2003-02-13 22:00:00+00:00,8.219353715199773e-05,1065.531724102381,8.219353715199773e-05,0.0,cash
2003-02-14 22:00:00+00:00,8.219353715244182e-05,1065.6193039237332,8.219353715244182e-05,0.0,cash
2003-02-18 22:00:00+00:00,0.00032877521296392764,1065.9696531373193,0.00032877521296392764,0.0,cash
2003-02-19 22:00:00+00:00,8.219353715333e-05,1066.0572689536086,8.219353715333e-05,0.0,cash
2003-02-20 22:00:00+00:00,8.219353715221978e-05,1066.1448919713507,8.219353715221978e-05,0.0,cash
2003-02-21 22:00:00+00:00,8.219353715244182e-05,1066.2325221911387,8.219353715244182e-05,0.0,cash
2003-02-24 22:00:00+00:00,0.00024658132102661767,1066.495435214982,0.00024658132102661767,0.0,cash
2003-02-25 22:00:00+00:00,8.219353715244182e-05,1066.5830942471594,8.219353715244182e-05,0.0,cash
2003-02-26 22:00:00+00:00,8.219353715244182e-05,1066.6707604843425,8.219353715244182e-05,0.0,cash
2003-02-27 22:00:00+00:00,8.219353715310795e-05,1066.7584339271245,8.219353715310795e-05,0.0,cash
2003-02-28 22:00:00+00:00,8.219353715221978e-05,1066.846114576096,8.219353715221978e-05,0.0,cash
2003-03-03 22:00:00+00:00,0.0002465813210268397,1067.1091789003606,0.0002465813210268397,0.0,cash
2003-03-04 22:00:00+00:00,8.219353715244182e-05,1067.1968883783022,8.219353715244182e-05,0.0,cash
2003-03-05 22:00:00+00:00,8.219353715244182e-05,1067.2846050653961,8.219353715244182e-05,0.0,cash
2003-03-06 22:00:00+00:00,8.219353715199773e-05,1067.3723289622344,8.219353715199773e-05,0.0,cash
2003-03-07 22:00:00+00:00,8.219353715199773e-05,1067.46006006941,8.219353715199773e-05,0.0,cash
2003-03-10 22:00:00+00:00,0.00024658132102706176,1067.7232757811655,0.00024658132102706176,0.0,cash
2003-03-11 22:00:00+00:00,8.219353715244182e-05,1067.811035733902,8.219353715244182e-05,0.0,cash
2003-03-12 22:00:00+00:00,8.219353715266386e-05,1067.8988028999395,8.219353715266386e-05,0.0,cash
2003-03-13 22:00:00+00:00,8.219353715221978e-05,1067.9865772798705,8.219353715221978e-05,0.0,cash
2003-03-14 22:00:00+00:00,8.219353715199773e-05,1068.074358874288,8.219353715199773e-05,0.0,cash
2003-03-17 22:00:00+00:00,0.00024658132102661767,1068.337726060654,0.00024658132102661767,0.0,cash
2003-03-18 22:00:00+00:00,8.219353715266386e-05,1068.4255365172326,8.219353715266386e-05,0.0,cash
2003-03-19 22:00:00+00:00,8.219353715244182e-05,1068.5133541912628,8.219353715244182e-05,0.0,cash
2003-03-20 22:00:00+00:00,8.219353715221978e-05,1068.6011790833381,8.219353715221978e-05,0.0,cash
2003-03-21 22:00:00+00:00,8.219353715288591e-05,1068.6890111940527,8.219353715288591e-05,0.0,cash
2003-03-24 22:00:00+00:00,0.00024658132102706176,1068.9525299422,0.00024658132102706176,0.0,cash
2003-03-25 22:00:00+00:00,8.219353715221978e-05,1069.0403909316838,8.219353715221978e-05,0.0,cash
2003-03-26 22:00:00+00:00,8.219353715244182e-05,1069.1282591427732,8.219353715244182e-05,0.0,cash
2003-03-27 22:00:00+00:00,8.219353715221978e-05,1069.2161345760617,8.219353715221978e-05,0.0,cash
2003-03-28 22:00:00+00:00,8.219353715221978e-05,1069.3040172321428,8.219353715221978e-05,0.0,cash
2003-03-31 22:00:00+00:00,0.0002465813210272838,1069.5676876292916,0.0002465813210272838,0.0,cash
2003-04-01 22:00:00+00:00,8.219353715221978e-05,1069.6555991807616,8.219353715221978e-05,0.0,cash
2003-04-02 22:00:00+00:00,8.219353715244182e-05,1069.7435179579932,8.219353715244182e-05,0.0,cash
2003-04-03 22:00:00+00:00,8.219353715221978e-05,1069.83144396158,8.219353715221978e-05,0.0,cash
2003-04-04 22:00:00+00:00,8.219353715266386e-05,1069.9193771921161,8.219353715266386e-05,0.0,cash
2003-04-07 21:00:00+00:00,0.00024315657552942405,1070.1795351239668,0.00024315657552942405,0.0,cash
2003-04-08 21:00:00+00:00,8.219353715244182e-05,1070.267496965347,8.219353715244182e-05,0.0,cash
2003-04-09 21:00:00+00:00,8.219353715244182e-05,1070.355466036622,8.219353715244182e-05,0.0,cash
2003-04-10 21:00:00+00:00,8.219353715244182e-05,1070.443442338386,8.219353715244182e-05,0.0,cash
2003-04-11 21:00:00+00:00,8.219353715244182e-05,1070.5314258712333,8.219353715244182e-05,0.0,cash
2003-04-14 21:00:00+00:00,0.0002465813210268397,1070.7953989244254,0.0002465813210268397,0.0,cash
2003-04-15 21:00:00+00:00,8.219353715221978e-05,1070.8834113858293,8.219353715221978e-05,0.0,cash
2003-04-16 21:00:00+00:00,8.219353715244182e-05,1070.971431081289,8.219353715244182e-05,0.0,cash
2003-04-17 21:00:00+00:00,8.219353715221978e-05,1071.0594580113986,8.219353715221978e-05,0.0,cash
2003-04-21 21:00:00+00:00,0.0003287752129648158,1071.4115958128043,0.0003287752129648158,0.0,cash
2003-04-22 21:00:00+00:00,8.219353715244182e-05,1071.4996589216103,8.219353715244182e-05,0.0,cash
2003-04-23 21:00:00+00:00,8.219353715266386e-05,1071.5877292686348,8.219353715266386e-05,0.0,cash
2003-04-24 21:00:00+00:00,8.219353715221978e-05,1071.6758068544723,8.219353715221978e-05,0.0,cash
2003-04-25 21:00:00+00:00,8.219353715221978e-05,1071.7638916797182,8.219353715221978e-05,0.0,cash
2003-04-28 21:00:00+00:00,0.00024658132102661767,1072.0281686359572,0.00024658132102661767,0.0,cash
2003-04-29 21:00:00+00:00,8.219353715244182e-05,1072.1162824230644,8.219353715244182e-05,0.0,cash
2003-04-30 21:00:00+00:00,8.219353715244182e-05,1072.2044034525554,8.219353715244182e-05,0.0,cash
2003-05-01 21:00:00+00:00,8.219353715221978e-05,1072.2925317250254,8.219353715221978e-05,0.0,cash
2003-05-02 21:00:00+00:00,8.219353715244182e-05,1072.38066724107,8.219353715244182e-05,0.0,cash
2003-05-05 21:00:00+00:00,0.00024658132102661767,1072.6450962826416,0.00024658132102661767,0.0,cash
2003-05-06 21:00:00+00:00,8.219353715244182e-05,1072.7332607772144,8.219353715244182e-05,0.0,cash
2003-05-07 21:00:00+00:00,8.219353715244182e-05,1072.8214325183387,8.219353715244182e-05,0.0,cash
2003-05-08 21:00:00+00:00,8.219353715266386e-05,1072.9096115066106,8.219353715266386e-05,0.0,cash
2003-05-09 21:00:00+00:00,8.219353715266386e-05,1072.9977977426254,8.219353715266386e-05,0.0,cash
2003-05-12 21:00:00+00:00,0.0002465813210268397,1073.2623789570516,0.0002465813210268397,0.0,cash
2003-05-13 21:00:00+00:00,8.219353715288591e-05,1073.3505941882713,8.219353715288591e-05,0.0,cash
2003-05-14 21:00:00+00:00,8.219353715244182e-05,1073.4388166702124,8.219353715244182e-05,0.0,cash
2003-05-15 21:00:00+00:00,8.219353715244182e-05,1073.5270464034713,8.219353715244182e-05,0.0,cash
2003-05-16 21:00:00+00:00,8.219353715266386e-05,1073.6152833886442,8.219353715266386e-05,0.0,cash
2003-05-19 21:00:00+00:00,0.0002465813210268397,1073.8800168634968,0.0002465813210268397,0.0,cash
2003-05-20 21:00:00+00:00,8.219353715244182e-05,1073.9682828605603,8.219353715244182e-05,0.0,cash
2003-05-21 21:00:00+00:00,8.219353715244182e-05,1074.0565561125181,8.219353715244182e-05,0.0,cash
2003-05-22 21:00:00+00:00,8.219353715266386e-05,1074.144836619967,8.219353715266386e-05,0.0,cash
2003-05-23 21:00:00+00:00,8.219353715221978e-05,1074.2331243835026,8.219353715221978e-05,0.0,cash
2003-05-27 21:00:00+00:00,0.00032877521296392764,1074.5863056077446,0.00032877521296392764,0.0,cash
2003-05-28 21:00:00+00:00,8.219353715221978e-05,1074.6746296571778,8.219353715221978e-05,0.0,cash
2003-05-29 21:00:00+00:00,8.219353715266386e-05,1074.7629609662774,8.219353715266386e-05,0.0,cash
2003-05-30 21:00:00+00:00,8.219353715244182e-05,1074.8512995356398,8.219353715244182e-05,0.0,cash
2003-06-02 21:00:00+00:00,0.0002465813210268397,1075.1163377889866,0.0002465813210268397,0.0,cash
2003-06-03 21:00:00+00:00,8.219353715199773e-05,1075.2047054036393,8.219353715199773e-05,0.0,cash
2003-06-04 21:00:00+00:00,8.219353715244182e-05,1075.2930802815395,8.219353715244182e-05,0.0,cash
2003-06-05 21:00:00+00:00,8.219353715221978e-05,1075.3814624232832,8.219353715221978e-05,0.0,cash
2003-06-06 21:00:00+00:00,8.219353715244182e-05,1075.4698518294679,8.219353715244182e-05,0.0,cash
2003-06-09 21:00:00+00:00,0.0002465813210268397,1075.7350426062565,0.0002465813210268397,0.0,cash
2003-06-10 21:00:00+00:00,8.219353715266386e-05,1075.8234610744473,8.219353715266386e-05,0.0,cash
2003-06-11 21:00:00+00:00,8.219353715266386e-05,1075.9118868100647,8.219353715266386e-05,0.0,cash
2003-06-12 21:00:00+00:00,8.219353715244182e-05,1076.000319813706,8.219353715244182e-05,0.0,cash
2003-06-13 21:00:00+00:00,8.219353715244182e-05,1076.0887600859687,8.219353715244182e-05,0.0,cash
2003-06-16 21:00:00+00:00,0.0002465813210268397,1076.3541034739728,0.0002465813210268397,0.0,cash
2003-06-17 21:00:00+00:00,8.219353715199773e-05,1076.4425728249655,8.219353715199773e-05,0.0,cash
2003-06-18 21:00:00+00:00,8.219353715266386e-05,1076.5310494475677,8.219353715266386e-05,0.0,cash
2003-06-19 21:00:00+00:00,8.219353715244182e-05,1076.6195333423764,8.219353715244182e-05,0.0,cash
2003-06-20 21:00:00+00:00,8.219353715244182e-05,1076.7080245099892,8.219353715244182e-05,0.0,cash
2003-06-23 21:00:00+00:00,0.0002465813210268397,1076.973520597033,0.0002465813210268397,0.0,cash
2003-06-24 21:00:00+00:00,8.219353715221978e-05,1077.06204086011,8.219353715221978e-05,0.0,cash
2003-06-25 21:00:00+00:00,8.219353715199773e-05,1077.1505683989806,8.219353715199773e-05,0.0,cash
2003-06-26 21:00:00+00:00,8.219353715221978e-05,1077.2391032142427,8.219353715221978e-05,0.0,cash
2003-06-27 21:00:00+00:00,8.219353715221978e-05,1077.3276453064946,8.219353715221978e-05,0.0,cash
2003-06-30 21:00:00+00:00,0.0002465813210268397,1077.5932941804529,0.0002465813210268397,0.0,cash
2003-07-01 21:00:00+00:00,8.219353715266386e-05,1077.6818653849136,8.219353715266386e-05,0.0,cash
2003-07-02 21:00:00+00:00,8.219353715221978e-05,1077.7704438693545,8.219353715221978e-05,0.0,cash
2003-07-03 21:00:00+00:00,8.219345798021749e-05,1077.859029549045,8.219345798021749e-05,0.0,cash
2003-07-07 21:00:00+00:00,0.00032877521296437173,1078.2134028810306,0.00032877521296437173,0.0,cash
2003-07-08 21:00:00+00:00,8.219353715221978e-05,1078.3020250544182,8.219353715221978e-05,0.0,cash
2003-07-09 21:00:00+00:00,8.219353715288591e-05,1078.3906545119764,8.219353715288591e-05,0.0,cash
2003-07-10 21:00:00+00:00,8.219353715221978e-05,1078.4792912543028,8.219353715221978e-05,0.0,cash
2003-07-11 21:00:00+00:00,8.219353715288591e-05,1078.567935281997,8.219353715288591e-05,0.0,cash
2003-07-14 21:00:00+00:00,0.00024658132102706176,1078.8338899882963,0.00024658132102706176,0.0,cash
2003-07-15 21:00:00+00:00,8.219353715244182e-05,1078.9225631617144,8.219353715244182e-05,0.0,cash
2003-07-16 21:00:00+00:00,8.219353715199773e-05,1079.0112436234938,8.219353715199773e-05,0.0,cash
2003-07-17 21:00:00+00:00,8.219353715221978e-05,1079.0999313742343,8.219353715221978e-05,0.0,cash
2003-07-18 21:00:00+00:00,8.219353715244182e-05,1079.1886264145348,8.219353715244182e-05,0.0,cash
2003-07-21 21:00:00+00:00,0.0002465813210268397,1079.4547341716732,0.0002465813210268397,0.0,cash
2003-07-22 21:00:00+00:00,8.219353715199773e-05,1079.5434583744702,8.219353715199773e-05,0.0,cash
2003-07-23 21:00:00+00:00,8.219353715199773e-05,1079.6321898698234,8.219353715199773e-05,0.0,cash
2003-07-24 21:00:00+00:00,8.219353715244182e-05,1079.7209286583325,8.219353715244182e-05,0.0,cash
2003-07-25 21:00:00+00:00,8.219353715244182e-05,1079.8096747405964,8.219353715244182e-05,0.0,cash
2003-07-28 21:00:00+00:00,0.00024658132102706176,1080.0759356366518,0.00024658132102706176,0.0,cash
2003-07-29 21:00:00+00:00,8.219353715288591e-05,1080.1647108981956,8.219353715288591e-05,0.0,cash
2003-07-30 21:00:00+00:00,8.219353715221978e-05,1080.2534934564912,8.219353715221978e-05,0.0,cash
2003-07-31 21:00:00+00:00,8.219353715244182e-05,1080.3422833121397,8.219353715244182e-05,0.0,cash
2003-08-01 21:00:00+00:00,8.219353715244182e-05,1080.4310804657405,8.219353715244182e-05,0.0,cash
2003-08-04 21:00:00+00:00,0.00024658132102706176,1080.6974945888403,0.00024658132102706176,0.0,cash
2003-08-05 21:00:00+00:00,8.219353715288591e-05,1080.7863209385127,8.219353715288591e-05,0.0,cash
2003-08-06 21:00:00+00:00,8.219353715266386e-05,1080.8751545891369,8.219353715266386e-05,0.0,cash
2003-08-07 21:00:00+00:00,8.219353715244182e-05,1080.9639955413127,8.219353715244182e-05,0.0,cash
2003-08-08 21:00:00+00:00,8.219353715244182e-05,1081.0528437956407,8.219353715244182e-05,0.0,cash
2003-08-11 21:00:00+00:00,0.00024658132102706176,1081.3194112339638,0.00024658132102706176,0.0,cash
2003-08-12 21:00:00+00:00,8.219353715221978e-05,1081.4082887011646,8.219353715221978e-05,0.0,cash
2003-08-13 21:00:00+00:00,8.219353715310795e-05,1081.4971734735195,8.219353715310795e-05,0.0,cash
2003-08-14 21:00:00+00:00,8.219353715244182e-05,1081.5860655516276,8.219353715244182e-05,0.0,cash
2003-08-15 21:00:00+00:00,8.219353715244182e-05,1081.67496493609,8.219353715244182e-05,0.0,cash
2003-08-18 21:00:00+00:00,0.00024658132102706176,1081.9416857778658,0.00024658132102706176,0.0,cash
2003-08-19 21:00:00+00:00,8.219353715244182e-05,1082.0306143920125,8.219353715244182e-05,0.0,cash
2003-08-20 21:00:00+00:00,8.219353715221978e-05,1082.1195503155163,8.219353715221978e-05,0.0,cash
2003-08-21 21:00:00+00:00,8.219353715244182e-05,1082.2084935489786,8.219353715244182e-05,0.0,cash
2003-08-22 21:00:00+00:00,8.219353715221978e-05,1082.2974440929995,8.219353715221978e-05,0.0,cash
2003-08-25 21:00:00+00:00,0.00024658132102661767,1082.5643184265077,0.00024658132102661767,0.0,cash
2003-08-26 21:00:00+00:00,8.219353715177569e-05,1082.6532982170336,8.219353715177569e-05,0.0,cash
2003-08-27 21:00:00+00:00,8.219353715266386e-05,1082.742285321124,8.219353715266386e-05,0.0,cash
2003-08-28 21:00:00+00:00,8.219353715266386e-05,1082.8312797393792,8.219353715266386e-05,0.0,cash
2003-08-29 21:00:00+00:00,8.219353715244182e-05,1082.9202814724003,8.219353715244182e-05,0.0,cash
2003-09-02 21:00:00+00:00,0.0003287752129645938,1083.2763188185652,0.0003287752129645938,0.0,cash
2003-09-03 21:00:00+00:00,8.219353715266386e-05,1083.3653571309226,8.219353715266386e-05,0.0,cash
2003-09-04 21:00:00+00:00,8.219353715244182e-05,1083.4544027616537,8.219353715244182e-05,0.0,cash
2003-09-05 21:00:00+00:00,8.219353715221978e-05,1083.54345571136,8.219353715221978e-05,0.0,cash
2003-09-08 21:00:00+00:00,0.00024658132102639563,1083.8106372880588,0.00024658132102639563,0.0,cash
2003-09-09 21:00:00+00:00,8.219353715288591e-05,1083.8997195179415,8.219353715288591e-05,0.0,cash
2003-09-10 21:00:00+00:00,8.219353715244182e-05,1083.9888090698073,8.219353715244182e-05,0.0,cash
2003-09-11 21:00:00+00:00,8.219353715266386e-05,1084.0779059442586,8.219353715266386e-05,0.0,cash
2003-09-12 21:00:00+00:00,8.219353715244182e-05,1084.167010141897,8.219353715244182e-05,0.0,cash
2003-09-15 21:00:00+00:00,0.00024658132102661767,1084.4343454754712,0.00024658132102661767,0.0,cash
2003-09-16 21:00:00+00:00,8.219353715244182e-05,1084.5234789701353,8.219353715244182e-05,0.0,cash
2003-09-17 21:00:00+00:00,8.219353715266386e-05,1084.612619790997,8.219353715266386e-05,0.0,cash
2003-09-18 21:00:00+00:00,8.219353715221978e-05,1084.7017679386577,8.219353715221978e-05,0.0,cash
2003-09-19 21:00:00+00:00,8.219353715221978e-05,1084.7909234137198,8.219353715221978e-05,0.0,cash
2003-09-22 21:00:00+00:00,0.00024658132102750585,1085.058412592654,0.00024658132102750585,0.0,cash
2003-09-23 21:00:00+00:00,8.219353715288591e-05,1085.1475973816023,8.219353715288591e-05,0.0,cash
2003-09-24 21:00:00+00:00,8.219353715244182e-05,1085.2367895009636,8.219353715244182e-05,0.0,cash
2003-09-25 21:00:00+00:00,8.219353715221978e-05,1085.3259889513404,8.219353715221978e-05,0.0,cash
2003-09-26 21:00:00+00:00,8.219353715266386e-05,1085.415195733336,8.219353715266386e-05,0.0,cash
2003-09-29 21:00:00+00:00,0.0002465813210272838,1085.6828388461631,0.0002465813210272838,0.0,cash
2003-09-30 21:00:00+00:00,8.219353715244182e-05,1085.7720749589137,8.219353715244182e-05,0.0,cash
2003-10-01 21:00:00+00:00,8.219353715221978e-05,1085.8613184062956,8.219353715221978e-05,0.0,cash
2003-10-02 21:00:00+00:00,8.219353715266386e-05,1085.9505691889126,8.219353715266386e-05,0.0,cash
2003-10-03 21:00:00+00:00,8.219353715221978e-05,1086.0398273073667,8.219353715221978e-05,0.0,cash
2003-10-06 21:00:00+00:00,0.0002465813210268397,1086.307624442672,0.0002465813210268397,0.0,cash
2003-10-07 21:00:00+00:00,8.219353715266386e-05,1086.3969119087608,8.219353715266386e-05,0.0,cash
2003-10-08 21:00:00+00:00,8.219353715221978e-05,1086.486206713702,8.219353715221978e-05,0.0,cash
2003-10-09 21:00:00+00:00,8.219353715266386e-05,1086.5755088580993,8.219353715266386e-05,0.0,cash
2003-10-10 21:00:00+00:00,8.219353715244182e-05,1086.6648183425555,8.219353715244182e-05,0.0,cash
2003-10-13 21:00:00+00:00,0.00024658132102706176,1086.932769588976,0.00024658132102706176,0.0,cash
2003-10-14 21:00:00+00:00,8.219353715221978e-05,1087.0221084379552,8.219353715221978e-05,0.0,cash
2003-10-15 21:00:00+00:00,8.219353715221978e-05,1087.1114546300105,8.219353715221978e-05,0.0,cash
2003-10-16 21:00:00+00:00,8.219353715221978e-05,1087.2008081657452,8.219353715221978e-05,0.0,cash
2003-10-17 21:00:00+00:00,8.219353715221978e-05,1087.2901690457632,8.219353715221978e-05,0.0,cash
2003-10-20 21:00:00+00:00,0.0002465813210268397,1087.558274491986,0.0002465813210268397,0.0,cash
2003-10-21 21:00:00+00:00,8.219353715266386e-05,1087.647664753426,8.219353715266386e-05,0.0,cash
2003-10-22 21:00:00+00:00,8.219353715244182e-05,1087.7370623621675,8.219353715244182e-05,0.0,cash
2003-10-23 21:00:00+00:00,8.219353715244182e-05,1087.8264673188148,8.219353715244182e-05,0.0,cash
2003-10-24 21:00:00+00:00,8.219353715266386e-05,1087.9158796239722,8.219353715266386e-05,0.0,cash
2003-10-27 22:00:00+00:00,0.00025000606652447743,1088.1878651937463,0.00025000606652447743,0.0,cash
2003-10-28 22:00:00+00:00,8.219353715244182e-05,1088.277307203473,8.219353715244182e-05,0.0,cash
2003-10-29 22:00:00+00:00,8.219353715221978e-05,1088.3667565647545,8.219353715221978e-05,0.0,cash
2003-10-30 22:00:00+00:00,8.219353715199773e-05,1088.4562132781953,8.219353715199773e-05,0.0,cash
2003-10-31 22:00:00+00:00,8.219353715244182e-05,1088.5456773444002,8.219353715244182e-05,0.0,cash
2003-11-03 22:00:00+00:00,0.00024658132102661767,1088.8140923755177,0.00024658132102661767,0.0,cash
2003-11-04 22:00:00+00:00,8.219353715288591e-05,1088.903585857072,8.219353715288591e-05,0.0,cash
2003-11-05 22:00:00+00:00,8.219353715244182e-05,1088.9930866944114,8.219353715244182e-05,0.0,cash
2003-11-06 22:00:00+00:00,8.219353715199773e-05,1089.0825948881409,8.219353715199773e-05,0.0,cash
2003-11-07 22:00:00+00:00,8.219353715266386e-05,1089.1721104388662,8.219353715266386e-05,0.0,cash
2003-11-10 22:00:00+00:00,0.0002465813210268397,1089.4406799366839,0.0002465813210268397,0.0,cash
2003-11-11 22:00:00+00:00,8.219353715244182e-05,1089.5302249196857,8.219353715244182e-05,0.0,cash
2003-11-12 22:00:00+00:00,8.219353715244182e-05,1089.6197772627063,8.219353715244182e-05,0.0,cash
2003-11-13 22:00:00+00:00,8.219353715266386e-05,1089.709336966351,8.219353715266386e-05,0.0,cash
2003-11-14 22:00:00+00:00,8.219353715244182e-05,1089.7989040312243,8.219353715244182e-05,0.0,cash
2003-11-17 22:00:00+00:00,0.0002465813210268397,1090.067628084634,0.0002465813210268397,0.0,cash
2003-11-18 22:00:00+00:00,8.219353715244182e-05,1090.1572245987215,8.219353715244182e-05,0.0,cash
2003-11-19 22:00:00+00:00,8.219353715266386e-05,1090.246828477064,8.219353715266386e-05,0.0,cash
2003-11-20 22:00:00+00:00,8.219353715288591e-05,1090.336439720266,8.219353715288591e-05,0.0,cash
2003-11-21 22:00:00+00:00,8.219353715244182e-05,1090.4260583289329,8.219353715244182e-05,0.0,cash
2003-11-24 22:00:00+00:00,0.0002465813210268397,1090.6949370268778,0.0002465813210268397,0.0,cash
2003-11-25 22:00:00+00:00,8.219353715221978e-05,1090.7845851017062,8.219353715221978e-05,0.0,cash
2003-11-26 22:00:00+00:00,8.219353715244182e-05,1090.874240545027,8.219353715244182e-05,0.0,cash
2003-11-28 22:00:00+00:00,0.0001643873499113102,1091.0535664705167,0.0001643873499113102,0.0,cash
2003-12-01 22:00:00+00:00,0.0002465813210268397,1091.322599900248,0.0002465813210268397,0.0,cash
2003-12-02 22:00:00+00:00,8.219353715244182e-05,1091.4122995649082,8.219353715244182e-05,0.0,cash
2003-12-03 22:00:00+00:00,8.219353715266386e-05,1091.5020066023014,8.219353715266386e-05,0.0,cash
2003-12-04 22:00:00+00:00,8.219353715244182e-05,1091.591721013033,8.219353715244182e-05,0.0,cash
2003-12-05 22:00:00+00:00,8.219353715199773e-05,1091.681442797709,8.219353715199773e-05,0.0,cash
2003-12-08 22:00:00+00:00,0.00024658132102661767,1091.9506310500142,0.00024658132102661767,0.0,cash
2003-12-09 22:00:00+00:00,8.219353715221978e-05,1092.0403823347758,8.219353715221978e-05,0.0,cash
2003-12-10 22:00:00+00:00,8.219353715266386e-05,1092.1301409965135,8.219353715266386e-05,0.0,cash
2003-12-11 22:00:00+00:00,8.219353715221978e-05,1092.2199070358326,8.219353715221978e-05,0.0,cash
2003-12-12 22:00:00+00:00,8.219353715266386e-05,1092.3096804533404,8.219353715266386e-05,0.0,cash
2003-12-15 22:00:00+00:00,0.0002465813210261736,1092.5790236173164,0.0002465813210261736,0.0,cash
2003-12-16 22:00:00+00:00,8.219353715221978e-05,1092.6688265518858,8.219353715221978e-05,0.0,cash
2003-12-17 22:00:00+00:00,8.219353715221978e-05,1092.7586368676762,8.219353715221978e-05,0.0,cash
2003-12-18 22:00:00+00:00,8.219353715221978e-05,1092.8484545652939,8.219353715221978e-05,0.0,cash
2003-12-19 22:00:00+00:00,8.219353715221978e-05,1092.938279645346,8.219353715221978e-05,0.0,cash
2003-12-22 22:00:00+00:00,0.0002465813210268397,1093.2077778101418,0.0002465813210268397,0.0,cash
2003-12-23 22:00:00+00:00,8.219353715244182e-05,1093.2976324242425,8.219353715244182e-05,0.0,cash
2003-12-24 22:00:00+00:00,8.219345798021749e-05,1093.387494337253,8.219345798021749e-05,0.0,cash
2003-12-26 22:00:00+00:00,0.00016438734991108817,1093.567233409873,0.00016438734991108817,0.0,cash
2003-12-29 22:00:00+00:00,0.00024658132102706176,1093.8368866629191,0.00024658132102706176,0.0,cash
2003-12-30 22:00:00+00:00,8.219353715266386e-05,1093.926792985702,8.219353715266386e-05,0.0,cash
2003-12-31 22:00:00+00:00,8.219353715266386e-05,1094.0167066982035,8.219353715266386e-05,0.0,cash
2004-01-02 22:00:00+00:00,0.00016438742908997384,1094.1965492919992,0.00016438742908997384,0.0,cash
2004-01-05 22:00:00+00:00,0.0002465813210268397,1094.4663577225867,0.0002465813210268397,0.0,cash
2004-01-06 22:00:00+00:00,8.219353715244182e-05,1094.5563157838224,8.219353715244182e-05,0.0,cash
2004-01-07 22:00:00+00:00,8.219353715221978e-05,1094.646281239029,8.219353715221978e-05,0.0,cash
2004-01-08 22:00:00+00:00,8.219353715244182e-05,1094.7362540888146,8.219353715244182e-05,0.0,cash
2004-01-09 22:00:00+00:00,8.219353715221978e-05,1094.826234333787,8.219353715221978e-05,0.0,cash
2004-01-12 22:00:00+00:00,0.0002465813210268397,1095.096198032944,0.0002465813210268397,0.0,cash
2004-01-13 22:00:00+00:00,8.219353715266386e-05,1095.1862078629827,8.219353715266386e-05,0.0,cash
2004-01-14 22:00:00+00:00,8.219353715244182e-05,1095.2762250912474,8.219353715244182e-05,0.0,cash
2004-01-15 22:00:00+00:00,8.219353715221978e-05,1095.3662497183464,8.219353715221978e-05,0.0,cash
2004-01-16 22:00:00+00:00,8.219353715244182e-05,1095.4562817448882,8.219353715244182e-05,0.0,cash
2004-01-20 22:00:00+00:00,0.0003287752129641497,1095.8164406172118,0.0003287752129641497,0.0,cash
2004-01-21 22:00:00+00:00,8.219353715244182e-05,1095.9065096465358,8.219353715244182e-05,0.0,cash
2004-01-22 22:00:00+00:00,8.219353715244182e-05,1095.996586078952,8.219353715244182e-05,0.0,cash
2004-01-23 22:00:00+00:00,8.219353715221978e-05,1096.0866699150686,8.219353715221978e-05,0.0,cash
2004-01-26 22:00:00+00:00,0.00024658132102706176,1096.3569444140965,0.00024658132102706176,0.0,cash
2004-01-27 22:00:00+00:00,8.219353715244182e-05,1096.4470578693395,8.219353715244182e-05,0.0,cash
2004-01-28 22:00:00+00:00,8.219353715177569e-05,1096.5371787313254,8.219353715177569e-05,0.0,cash
2004-01-29 22:00:00+00:00,8.219353715244182e-05,1096.6273070006646,8.219353715244182e-05,0.0,cash
2004-01-30 22:00:00+00:00,8.219353715244182e-05,1096.717442677965,8.219353715244182e-05,0.0,cash
2004-02-02 22:00:00+00:00,0.00024658132102706176,1096.9878727137739,0.00024658132102706176,0.0,cash
2004-02-03 22:00:00+00:00,8.219353715288591e-05,1097.078038027246,8.219353715288591e-05,0.0,cash
2004-02-04 22:00:00+00:00,8.219353715244182e-05,1097.1682107517238,8.219353715244182e-05,0.0,cash
2004-02-05 22:00:00+00:00,8.219353715244182e-05,1097.2583908878166,8.219353715244182e-05,0.0,cash
2004-02-06 22:00:00+00:00,8.219353715244182e-05,1097.348578436134,8.219353715244182e-05,0.0,cash
2004-02-09 22:00:00+00:00,0.00024658132102661767,1097.6191640982313,0.00024658132102661767,0.0,cash
2004-02-10 22:00:00+00:00,8.219353715244182e-05,1097.7093812997748,8.219353715244182e-05,0.0,cash
2004-02-11 22:00:00+00:00,8.219353715244182e-05,1097.7996059165894,8.219353715244182e-05,0.0,cash
2004-02-12 22:00:00+00:00,8.219353715244182e-05,1097.8898379492841,8.219353715244182e-05,0.0,cash
2004-02-13 22:00:00+00:00,8.219353715221978e-05,1097.9800773984687,8.219353715221978e-05,0.0,cash
2004-02-17 22:00:00+00:00,0.0003287752129641497,1098.3410660322459,0.0003287752129641497,0.0,cash
2004-02-18 22:00:00+00:00,8.219353715221978e-05,1098.4313425694627,8.219353715221978e-05,0.0,cash
2004-02-19 22:00:00+00:00,8.219353715266386e-05,1098.5216265268277,8.219353715266386e-05,0.0,cash
2004-02-20 22:00:00+00:00,8.219353715244182e-05,1098.6119179049504,8.219353715244182e-05,0.0,cash
2004-02-23 22:00:00+00:00,0.0002465813210268397,1098.8828150829631,0.0002465813210268397,0.0,cash
2004-02-24 22:00:00+00:00,8.219353715266386e-05,1098.973136148451,8.219353715266386e-05,0.0,cash
2004-02-25 22:00:00+00:00,8.219353715244182e-05,1099.0634646377466,8.219353715244182e-05,0.0,cash
2004-02-26 22:00:00+00:00,8.219353715244182e-05,1099.15380055146,8.219353715244182e-05,0.0,cash
2004-02-27 22:00:00+00:00,8.219353715221978e-05,1099.2441438902017,8.219353715221978e-05,0.0,cash
2004-03-01 22:00:00+00:00,0.00024658132102706176,1099.5151969633334,0.00024658132102706176,0.0,cash
2004-03-02 22:00:00+00:00,8.219353715266386e-05,1099.6055700065249,8.219353715266386e-05,0.0,cash
2004-03-03 22:00:00+00:00,8.219353715266386e-05,1099.6959504777965,8.219353715266386e-05,0.0,cash
2004-03-04 22:00:00+00:00,8.219353715288591e-05,1099.786338377759,8.219353715288591e-05,0.0,cash
2004-03-05 22:00:00+00:00,8.219353715177569e-05,1099.8767337070215,8.219353715177569e-05,0.0,cash
2004-03-08 22:00:00+00:00,0.0002465813210272838,1100.147942764986,0.0002465813210272838,0.0,cash
2004-03-09 22:00:00+00:00,8.219353715244182e-05,1100.2383678157928,8.219353715244182e-05,0.0,cash
2004-03-10 22:00:00+00:00,8.219353715244182e-05,1100.3288002989543,8.219353715244182e-05,0.0,cash
2004-03-11 22:00:00+00:00,8.219353715221978e-05,1100.4192402150813,8.219353715221978e-05,0.0,cash
2004-03-12 22:00:00+00:00,8.219353715221978e-05,1100.509687564785,8.219353715221978e-05,0.0,cash
2004-03-15 22:00:00+00:00,0.0002465813210268397,1100.7810526973476,0.0002465813210268397,0.0,cash
2004-03-16 22:00:00+00:00,8.219353715221978e-05,1100.8715297856988,8.219353715221978e-05,0.0,cash
2004-03-17 22:00:00+00:00,8.219353715244182e-05,1100.9620143106824,8.219353715244182e-05,0.0,cash
2004-03-18 22:00:00+00:00,8.219353715221978e-05,1101.0525062729089,8.219353715221978e-05,0.0,cash
2004-03-19 22:00:00+00:00,8.219353715221978e-05,1101.1430056729898,8.219353715221978e-05,0.0,cash
2004-03-22 22:00:00+00:00,0.00024658132102750585,1101.4145269699688,0.00024658132102750585,0.0,cash
2004-03-23 22:00:00+00:00,8.219353715221978e-05,1101.5050561258113,8.219353715221978e-05,0.0,cash
2004-03-24 22:00:00+00:00,8.219353715266386e-05,1101.5955927225657,8.219353715266386e-05,0.0,cash
2004-03-25 22:00:00+00:00,8.219353715288591e-05,1101.6861367608435,8.219353715288591e-05,0.0,cash
2004-03-26 22:00:00+00:00,8.219353715266386e-05,1101.776688241256,8.219353715266386e-05,0.0,cash
2004-03-29 22:00:00+00:00,0.00024658132102706176,1102.0483657925192,0.00024658132102706176,0.0,cash
2004-03-30 22:00:00+00:00,8.219353715244182e-05,1102.1389470458168,8.219353715244182e-05,0.0,cash
2004-03-31 22:00:00+00:00,8.219353715244182e-05,1102.229535744308,8.219353715244182e-05,0.0,cash
2004-04-01 22:00:00+00:00,8.219353715221978e-05,1102.3201318886045,8.219353715221978e-05,0.0,cash
2004-04-02 22:00:00+00:00,8.219353715244182e-05,1102.4107354793186,8.219353715244182e-05,0.0,cash
2004-04-05 21:00:00+00:00,0.00024315657552986814,1102.6787938985851,0.00024315657552986814,0.0,cash
2004-04-06 21:00:00+00:00,8.219353715266386e-05,1102.769426968999,8.219353715266386e-05,0.0,cash
2004-04-07 21:00:00+00:00,8.219353715244182e-05,1102.860067488865,8.219353715244182e-05,0.0,cash
2004-04-08 21:00:00+00:00,8.219353715266386e-05,1102.9507154587964,8.219353715266386e-05,0.0,cash
2004-04-12 21:00:00+00:00,0.0003287752129641497,1103.3133383151603,0.0003287752129641497,0.0,cash
2004-04-13 21:00:00+00:00,8.219353715221978e-05,1103.4040235410237,8.219353715221978e-05,0.0,cash
2004-04-14 21:00:00+00:00,8.219353715244182e-05,1103.4947162206267,8.219353715244182e-05,0.0,cash
2004-04-15 21:00:00+00:00,8.219353715244182e-05,1103.5854163545819,8.219353715244182e-05,0.0,cash
2004-04-16 21:00:00+00:00,8.219353715199773e-05,1103.6761239435014,8.219353715199773e-05,0.0,cash
2004-04-19 21:00:00+00:00,0.0002465813210268397,1103.9482698601291,0.0002465813210268397,0.0,cash
2004-04-20 21:00:00+00:00,8.219353715221978e-05,1104.039007273262,8.219353715221978e-05,0.0,cash
2004-04-21 21:00:00+00:00,8.219353715221978e-05,1104.129752144424,8.219353715221978e-05,0.0,cash
2004-04-22 21:00:00+00:00,8.219353715177569e-05,1104.2205044742273,8.219353715177569e-05,0.0,cash
2004-04-23 21:00:00+00:00,8.219353715266386e-05,1104.3112642632864,8.219353715266386e-05,0.0,cash
2004-04-26 21:00:00+00:00,0.0002465813210268397,1104.5835667936533,0.0002465813210268397,0.0,cash
2004-04-27 21:00:00+00:00,8.219353715221978e-05,1104.6743564240883,8.219353715221978e-05,0.0,cash
2004-04-28 21:00:00+00:00,8.219353715221978e-05,1104.765153516844,8.219353715221978e-05,0.0,cash
2004-04-29 21:00:00+00:00,8.219353715266386e-05,1104.8559580725346,8.219353715266386e-05,0.0,cash
2004-04-30 21:00:00+00:00,8.219353715221978e-05,1104.9467700917724,8.219353715221978e-05,0.0,cash
2004-05-03 21:00:00+00:00,0.00024658132102661767,1105.2192293260057,0.00024658132102661767,0.0,cash
2004-05-04 21:00:00+00:00,8.219353715244182e-05,1105.3100712037929,8.219353715244182e-05,0.0,cash
2004-05-05 21:00:00+00:00,8.219353715244182e-05,1105.4009205481952,8.219353715244182e-05,0.0,cash
2004-05-06 21:00:00+00:00,8.219353715221978e-05,1105.4917773598265,8.219353715221978e-05,0.0,cash
2004-05-07 21:00:00+00:00,8.219353715266386e-05,1105.5826416393008,8.219353715266386e-05,0.0,cash
2004-05-10 21:00:00+00:00,0.0002465813210268397,1105.8552576675806,0.0002465813210268397,0.0,cash
2004-05-11 21:00:00+00:00,8.219353715244182e-05,1105.946151822787,8.219353715244182e-05,0.0,cash
2004-05-12 21:00:00+00:00,8.219353715266386e-05,1106.0370534489057,8.219353715266386e-05,0.0,cash
2004-05-13 21:00:00+00:00,8.219353715244182e-05,1106.1279625465504,8.219353715244182e-05,0.0,cash
2004-05-14 21:00:00+00:00,8.219353715244182e-05,1106.2188791163353,8.219353715244182e-05,0.0,cash
2004-05-17 21:00:00+00:00,0.0002465813210268397,1106.4916520288928,0.0002465813210268397,0.0,cash
2004-05-18 21:00:00+00:00,8.219353715266386e-05,1106.582598491603,8.219353715266386e-05,0.0,cash
2004-05-19 21:00:00+00:00,8.219353715244182e-05,1106.6735524295243,8.219353715244182e-05,0.0,cash
2004-05-20 21:00:00+00:00,8.219353715199773e-05,1106.764513843271,8.219353715199773e-05,0.0,cash
2004-05-21 21:00:00+00:00,8.219353715199773e-05,1106.855482733458,8.219353715199773e-05,0.0,cash
2004-05-24 21:00:00+00:00,0.00024658132102706176,1107.1284126205765,0.00024658132102706176,0.0,cash
2004-05-25 21:00:00+00:00,8.219353715266386e-05,1107.219411420892,8.219353715266386e-05,0.0,cash
2004-05-26 21:00:00+00:00,8.219353715221978e-05,1107.31041770072,8.219353715221978e-05,0.0,cash
2004-05-27 21:00:00+00:00,8.219353715244182e-05,1107.4014314606766,8.219353715244182e-05,0.0,cash
2004-05-28 21:00:00+00:00,8.219353715244182e-05,1107.492452701376,8.219353715244182e-05,0.0,cash
2004-06-01 21:00:00+00:00,0.0003287752129645938,1107.8565687683695,0.0003287752129645938,0.0,cash
2004-06-02 21:00:00+00:00,8.219353715221978e-05,1107.947627418414,8.219353715221978e-05,0.0,cash
2004-06-03 21:00:00+00:00,8.219353715244182e-05,1108.0386935528911,8.219353715244182e-05,0.0,cash
2004-06-04 21:00:00+00:00,8.219353715266386e-05,1108.1297671724162,8.219353715266386e-05,0.0,cash
2004-06-07 21:00:00+00:00,0.0002465813210268397,1108.4030112742748,0.0002465813210268397,0.0,cash
2004-06-08 21:00:00+00:00,8.219353715244182e-05,1108.4941148383618,8.219353715244182e-05,0.0,cash
2004-06-09 21:00:00+00:00,8.219353715221978e-05,1108.5852258905727,8.219353715221978e-05,0.0,cash
2004-06-10 21:00:00+00:00,8.219353715221978e-05,1108.6763444315234,8.219353715221978e-05,0.0,cash
2004-06-14 21:00:00+00:00,0.00032877521296437173,1109.0408497327724,0.00032877521296437173,0.0,cash
2004-06-15 21:00:00+00:00,8.219353715266386e-05,1109.1320057230587,8.219353715266386e-05,0.0,cash
2004-06-16 21:00:00+00:00,8.219353715266386e-05,1109.2231692057783,8.219353715266386e-05,0.0,cash
2004-06-17 21:00:00+00:00,8.219353715244182e-05,1109.3143401815466,8.219353715244182e-05,0.0,cash
2004-06-18 21:00:00+00:00,8.219353715221978e-05,1109.40551865098,8.219353715221978e-05,0.0,cash
2004-06-21 21:00:00+00:00,0.00024658132102706176,1109.6790773293237,0.00024658132102706176,0.0,cash
2004-06-22 21:00:00+00:00,8.219353715221978e-05,1109.7702857777933,8.219353715221978e-05,0.0,cash
2004-06-23 21:00:00+00:00,8.219353715199773e-05,1109.8615017230077,8.219353715199773e-05,0.0,cash
2004-06-24 21:00:00+00:00,8.219353715221978e-05,1109.9527251655834,8.219353715221978e-05,0.0,cash
2004-06-25 21:00:00+00:00,8.219353715266386e-05,1110.0439561061369,8.219353715266386e-05,0.0,cash
2004-06-28 21:00:00+00:00,0.00024658132102706176,1110.3176722112316,0.00024658132102706176,0.0,cash
2004-06-29 21:00:00+00:00,8.219353715221978e-05,1110.4089331480734,8.219353715221978e-05,0.0,cash
2004-06-30 21:00:00+00:00,8.219353715199773e-05,1110.500201585974,8.219353715199773e-05,0.0,cash
2004-07-01 21:00:00+00:00,8.219353715244182e-05,1110.591477525551,8.219353715244182e-05,0.0,cash
2004-07-02 21:00:00+00:00,8.219353715221978e-05,1110.6827609674199,8.219353715221978e-05,0.0,cash
2004-07-06 21:00:00+00:00,0.00032877521296392764,1111.0479259286924,0.00032877521296392764,0.0,cash
2004-07-07 21:00:00+00:00,8.219353715244182e-05,1111.1392468876704,8.219353715244182e-05,0.0,cash
2004-07-08 21:00:00+00:00,8.219353715266386e-05,1111.2305753526412,8.219353715266386e-05,0.0,cash
2004-07-09 21:00:00+00:00,8.219353715244182e-05,1111.3219113242212,8.219353715244182e-05,0.0,cash
2004-07-12 21:00:00+00:00,0.00024658132102706176,1111.595942549202,0.00024658132102706176,0.0,cash
2004-07-13 21:00:00+00:00,8.219353715244182e-05,1111.6873085516045,8.219353715244182e-05,0.0,cash
2004-07-14 21:00:00+00:00,8.219353715199773e-05,1111.7786820637014,8.219353715199773e-05,0.0,cash
2004-07-15 21:00:00+00:00,8.219353715244182e-05,1111.8700630861108,8.219353715244182e-05,0.0,cash
2004-07-16 21:00:00+00:00,8.219353715266386e-05,1111.96145161945,8.219353715266386e-05,0.0,cash
2004-07-19 21:00:00+00:00,0.0002465813210268397,1112.2356405431212,0.0002465813210268397,0.0,cash
2004-07-20 21:00:00+00:00,8.219353715221978e-05,1112.3270591245644,8.219353715221978e-05,0.0,cash
2004-07-21 21:00:00+00:00,8.219353715244182e-05,1112.4184852200242,8.219353715244182e-05,0.0,cash
2004-07-22 21:00:00+00:00,8.219353715244182e-05,1112.509918830118,8.219353715244182e-05,0.0,cash
2004-07-23 21:00:00+00:00,8.219353715244182e-05,1112.601359955464,8.219353715244182e-05,0.0,cash
2004-07-26 21:00:00+00:00,0.0002465813210268397,1112.875706668578,0.0002465813210268397,0.0,cash
2004-07-27 21:00:00+00:00,8.219353715221978e-05,1112.96717785932,8.219353715221978e-05,0.0,cash
2004-07-28 21:00:00+00:00,8.219353715244182e-05,1113.0586565684027,8.219353715244182e-05,0.0,cash
2004-07-29 21:00:00+00:00,8.219353715221978e-05,1113.150142796444,8.219353715221978e-05,0.0,cash
2004-07-30 21:00:00+00:00,8.219353715199773e-05,1113.2416365440617,8.219353715199773e-05,0.0,cash
2004-08-02 21:00:00+00:00,0.00024658132102639563,1113.5161411374224,0.00024658132102639563,0.0,cash
2004-08-03 21:00:00+00:00,8.219353715221978e-05,1113.6076649677386,8.219353715221978e-05,0.0,cash
2004-08-04 21:00:00+00:00,8.219353715266386e-05,1113.6991963207226,8.219353715266386e-05,0.0,cash
2004-08-05 21:00:00+00:00,8.219353715244182e-05,1113.790735196992,8.219353715244182e-05,0.0,cash
2004-08-06 21:00:00+00:00,8.219353715221978e-05,1113.8822815971653,8.219353715221978e-05,0.0,cash
2004-08-09 21:00:00+00:00,0.0002465813210268397,1114.1569441616298,0.0002465813210268397,0.0,cash
2004-08-10 21:00:00+00:00,8.219353715244182e-05,1114.2485206618135,8.219353715244182e-05,0.0,cash
2004-08-11 21:00:00+00:00,8.219353715266386e-05,1114.3401046889937,8.219353715266386e-05,0.0,cash
2004-08-12 21:00:00+00:00,8.219353715244182e-05,1114.431696243789,8.219353715244182e-05,0.0,cash
2004-08-13 21:00:00+00:00,8.219353715221978e-05,1114.5232953268178,8.219353715221978e-05,0.0,cash
2004-08-16 21:00:00+00:00,0.0002465813210268397,1114.7981159532947,0.0002465813210268397,0.0,cash
2004-08-17 21:00:00+00:00,8.219353715244182e-05,1114.8897451536557,8.219353715244182e-05,0.0,cash
2004-08-18 21:00:00+00:00,8.219353715244182e-05,1114.981381885345,8.219353715244182e-05,0.0,cash
2004-08-19 21:00:00+00:00,8.219353715199773e-05,1115.0730261489807,8.219353715199773e-05,0.0,cash
2004-08-20 21:00:00+00:00,8.219353715221978e-05,1115.164677945183,8.219353715221978e-05,0.0,cash
2004-08-23 21:00:00+00:00,0.0002465813210268397,1115.4396567246333,0.0002465813210268397,0.0,cash
2004-08-24 21:00:00+00:00,8.219353715266386e-05,1115.5313386555,8.219353715266386e-05,0.0,cash
2004-08-25 21:00:00+00:00,8.219353715266386e-05,1115.6230281220287,8.219353715266386e-05,0.0,cash
2004-08-26 21:00:00+00:00,8.219353715244182e-05,1115.7147251248387,8.219353715244182e-05,0.0,cash
2004-08-27 21:00:00+00:00,8.219353715199773e-05,1115.8064296645493,8.219353715199773e-05,0.0,cash
2004-08-30 21:00:00+00:00,0.0002465813210272838,1116.0815666879867,0.0002465813210272838,0.0,cash
2004-08-31 21:00:00+00:00,8.219353715266386e-05,1116.1733013797036,8.219353715266386e-05,0.0,cash
2004-09-01 21:00:00+00:00,8.219353715244182e-05,1116.265043611419,8.219353715244182e-05,0.0,cash
2004-09-02 21:00:00+00:00,8.219353715266386e-05,1116.3567933837533,8.219353715266386e-05,0.0,cash
2004-09-03 21:00:00+00:00,8.219353715244182e-05,1116.4485506973256,8.219353715244182e-05,0.0,cash
2004-09-07 21:00:00+00:00,0.0003287752129641497,1116.8156113073446,0.0003287752129641497,0.0,cash
2004-09-08 21:00:00+00:00,8.219353715244182e-05,1116.907406332785,8.219353715244182e-05,0.0,cash
2004-09-09 21:00:00+00:00,8.219353715244182e-05,1116.9992089031832,8.219353715244182e-05,0.0,cash
2004-09-10 21:00:00+00:00,8.219353715288591e-05,1117.09101901916,8.219353715288591e-05,0.0,cash
2004-09-13 21:00:00+00:00,0.0002465813210268397,1117.366472798337,0.0002465813210268397,0.0,cash
2004-09-14 21:00:00+00:00,8.219353715244182e-05,1117.458313101032,8.219353715244182e-05,0.0,cash
2004-09-15 21:00:00+00:00,8.219353715199773e-05,1117.5501609524056,8.219353715199773e-05,0.0,cash
2004-09-16 21:00:00+00:00,8.219353715244182e-05,1117.6420163530795,8.219353715244182e-05,0.0,cash
2004-09-17 21:00:00+00:00,8.219353715221978e-05,1117.7338793036736,8.219353715221978e-05,0.0,cash
2004-09-20 21:00:00+00:00,0.0002465813210272838,1118.0094916001892,0.0002465813210272838,0.0,cash
2004-09-21 21:00:00+00:00,8.219353715199773e-05,1118.1013847548734,8.219353715199773e-05,0.0,cash
2004-09-22 21:00:00+00:00,8.219353715288591e-05,1118.1932854625818,8.219353715288591e-05,0.0,cash
2004-09-23 21:00:00+00:00,8.219353715244182e-05,1118.285193723934,8.219353715244182e-05,0.0,cash
2004-09-24 21:00:00+00:00,8.219353715266386e-05,1118.3771095395516,8.219353715266386e-05,0.0,cash
2004-09-27 21:00:00+00:00,0.00024658132102706176,1118.6528804446282,0.00024658132102706176,0.0,cash
2004-09-28 21:00:00+00:00,8.219353715244182e-05,1118.7448264817176,8.219353715244182e-05,0.0,cash
2004-09-29 21:00:00+00:00,8.219353715266386e-05,1118.8367800761773,8.219353715266386e-05,0.0,cash
2004-09-30 21:00:00+00:00,8.219353715266386e-05,1118.9287412286283,8.219353715266386e-05,0.0,cash
2004-10-01 21:00:00+00:00,8.219353715199773e-05,1119.020709939691,8.219353715199773e-05,0.0,cash
2004-10-04 21:00:00+00:00,0.0002465813210268397,1119.2966395446042,0.0002465813210268397,0.0,cash
2004-10-05 21:00:00+00:00,8.219353715221978e-05,1119.388638494531,8.219353715221978e-05,0.0,cash
2004-10-06 21:00:00+00:00,8.219353715221978e-05,1119.480645006177,8.219353715221978e-05,0.0,cash
2004-10-07 21:00:00+00:00,8.219353715288591e-05,1119.5726590801642,8.219353715288591e-05,0.0,cash
2004-10-08 21:00:00+00:00,8.219353715244182e-05,1119.6646807171132,8.219353715244182e-05,0.0,cash
2004-10-11 21:00:00+00:00,0.00024658132102706176,1119.940769113192,0.00024658132102706176,0.0,cash
2004-10-12 21:00:00+00:00,8.219353715288591e-05,1120.032821006407,8.219353715288591e-05,0.0,cash
2004-10-13 21:00:00+00:00,8.219353715266386e-05,1120.1248804656925,8.219353715266386e-05,0.0,cash
2004-10-14 21:00:00+00:00,8.219353715244182e-05,1120.2169474916705,8.219353715244182e-05,0.0,cash
2004-10-15 21:00:00+00:00,8.219353715221978e-05,1120.3090220849626,8.219353715221978e-05,0.0,cash
2004-10-18 21:00:00+00:00,0.0002465813210268397,1120.5852693635866,0.0002465813210268397,0.0,cash
2004-10-19 21:00:00+00:00,8.219353715221978e-05,1120.6773742305563,8.219353715221978e-05,0.0,cash
2004-10-20 21:00:00+00:00,8.219353715244182e-05,1120.769486667951,8.219353715244182e-05,0.0,cash
2004-10-21 21:00:00+00:00,8.219353715244182e-05,1120.8616066763927,8.219353715244182e-05,0.0,cash
2004-10-22 21:00:00+00:00,8.219353715221978e-05,1120.9537342565036,8.219353715221978e-05,0.0,cash
2004-10-25 21:00:00+00:00,0.0002465813210268397,1121.2301405091066,0.0002465813210268397,0.0,cash
2004-10-26 21:00:00+00:00,8.219353715244182e-05,1121.322298380317,8.219353715244182e-05,0.0,cash
2004-10-27 21:00:00+00:00,8.219353715244182e-05,1121.414463826309,8.219353715244182e-05,0.0,cash
2004-10-28 21:00:00+00:00,8.219353715244182e-05,1121.5066368477048,8.219353715244182e-05,0.0,cash
2004-10-29 21:00:00+00:00,8.219353715221978e-05,1121.598817445127,8.219353715221978e-05,0.0,cash
2004-11-01 22:00:00+00:00,0.00025000606652447743,1121.879223953695,0.00025000606652447743,0.0,cash
2004-11-02 22:00:00+00:00,8.219353715199773e-05,1121.971435175369,8.219353715199773e-05,0.0,cash
2004-11-03 22:00:00+00:00,8.219353715221978e-05,1122.0636539762097,8.219353715221978e-05,0.0,cash
2004-11-04 22:00:00+00:00,8.219353715221978e-05,1122.15588035684,8.219353715221978e-05,0.0,cash
2004-11-05 22:00:00+00:00,8.219353715244182e-05,1122.248114317883,8.219353715244182e-05,0.0,cash
2004-11-08 22:00:00+00:00,0.00024658132102706176,1122.5248397404316,0.00024658132102706176,0.0,cash
2004-11-09 22:00:00+00:00,8.219353715244182e-05,1122.6171040275512,8.219353715244182e-05,0.0,cash
2004-11-10 22:00:00+00:00,8.219353715244182e-05,1122.7093758981991,8.219353715244182e-05,0.0,cash
2004-11-11 22:00:00+00:00,8.219353715221978e-05,1122.8016553529983,8.219353715221978e-05,0.0,cash
2004-11-12 22:00:00+00:00,8.219353715266386e-05,1122.8939423925726,8.219353715266386e-05,0.0,cash
2004-11-15 22:00:00+00:00,0.00024658132102706176,1123.1708270642612,0.00024658132102706176,0.0,cash
2004-11-16 22:00:00+00:00,8.219353715221978e-05,1123.2631444473639,8.219353715221978e-05,0.0,cash
2004-11-17 22:00:00+00:00,8.219353715288591e-05,1123.3554694183595,8.219353715288591e-05,0.0,cash
2004-11-18 22:00:00+00:00,8.219353715266386e-05,1123.4478019778708,8.219353715266386e-05,0.0,cash
2004-11-19 22:00:00+00:00,8.219353715266386e-05,1123.5401421265217,8.219353715266386e-05,0.0,cash
2004-11-22 22:00:00+00:00,0.00024658132102706176,1123.8171861389942,0.00024658132102706176,0.0,cash
2004-11-23 22:00:00+00:00,8.219353715199773e-05,1123.909556648635,8.219353715199773e-05,0.0,cash
2004-11-24 22:00:00+00:00,8.219353715221978e-05,1124.0019347505352,8.219353715221978e-05,0.0,cash
2004-11-26 22:00:00+00:00,0.00016438734991086612,1124.1867064498836,0.00016438734991086612,0.0,cash
2004-11-29 22:00:00+00:00,0.0002465813210268397,1124.4639098930409,0.0002465813210268397,0.0,cash
2004-11-30 22:00:00+00:00,8.219330843450834e-05,1124.5563333020102,8.219330843450834e-05,0.0,cash
2004-12-01 22:00:00+00:00,8.219353715221978e-05,1124.6487645647712,8.219353715221978e-05,0.0,cash
2004-12-02 22:00:00+00:00,8.219353715221978e-05,1124.7412034247848,8.219353715221978e-05,0.0,cash
2004-12-03 22:00:00+00:00,8.219353715244182e-05,1124.8336498826754,8.219353715244182e-05,0.0,cash
2004-12-06 22:00:00+00:00,0.0002465813210268397,1125.111012849999,0.0002465813210268397,0.0,cash
2004-12-07 22:00:00+00:00,8.219353715244182e-05,1125.2034897038343,8.219353715244182e-05,0.0,cash
2004-12-08 22:00:00+00:00,8.219353715244182e-05,1125.2959741586694,8.219353715244182e-05,0.0,cash
2004-12-09 22:00:00+00:00,8.219353715266386e-05,1125.3884662151293,8.219353715266386e-05,0.0,cash
2004-12-10 22:00:00+00:00,8.219353715244182e-05,1125.4809658738382,8.219353715244182e-05,0.0,cash
2004-12-13 22:00:00+00:00,0.0002465813210268397,1125.7584884571938,0.0002465813210268397,0.0,cash
2004-12-14 22:00:00+00:00,8.219353715244182e-05,1125.8510185293394,8.219353715244182e-05,0.0,cash
2004-12-15 22:00:00+00:00,8.219353715221978e-05,1125.9435562068588,8.219353715221978e-05,0.0,cash
2004-12-16 22:00:00+00:00,8.219353715266386e-05,1126.0361014903776,8.219353715266386e-05,0.0,cash
2004-12-17 22:00:00+00:00,8.219353715221978e-05,1126.1286543805202,8.219353715221978e-05,0.0,cash
2004-12-20 22:00:00+00:00,0.00024658132102706176,1126.4063366717637,0.00024658132102706176,0.0,cash
2004-12-21 22:00:00+00:00,8.219353715244182e-05,1126.4989199928457,8.219353715244182e-05,0.0,cash
2004-12-22 22:00:00+00:00,8.219353715221978e-05,1126.591510923678,8.219353715221978e-05,0.0,cash
2004-12-23 22:00:00+00:00,8.219353715244182e-05,1126.6841094648867,8.219353715244182e-05,0.0,cash
2004-12-27 22:00:00+00:00,0.0003287752129641497,1127.0545352729193,0.0003287752129641497,0.0,cash
2004-12-28 22:00:00+00:00,8.219353715221978e-05,1127.1471718717369,8.219353715221978e-05,0.0,cash
2004-12-29 22:00:00+00:00,8.219353715266386e-05,1127.2398160846847,8.219353715266386e-05,0.0,cash
2004-12-30 22:00:00+00:00,8.219353715221978e-05,1127.3324679123875,8.219353715221978e-05,0.0,cash
2004-12-31 22:00:00+00:00,8.219353715244182e-05,1127.4251273554721,8.219353715244182e-05,0.0,cash
2005-01-03 22:00:00+00:00,0.00024658132102661767,1127.703129332734,0.00024658132102661767,0.0,cash
2005-01-04 22:00:00+00:00,8.219353715266386e-05,1127.795819241792,8.219353715266386e-05,0.0,cash
2005-01-05 22:00:00+00:00,8.219353715244182e-05,1127.8885167693613,8.219353715244182e-05,0.0,cash
2005-01-06 22:00:00+00:00,8.219353715221978e-05,1127.981221916068,8.219353715221978e-05,0.0,cash
2005-01-07 22:00:00+00:00,8.219353715266386e-05,1128.0739346825392,8.219353715266386e-05,0.0,cash
2005-01-10 22:00:00+00:00,0.00024658132102706176,1128.3520966435694,0.00024658132102706176,0.0,cash
2005-01-11 22:00:00+00:00,8.219353715244182e-05,1128.444839893546,8.219353715244182e-05,0.0,cash
2005-01-12 22:00:00+00:00,8.219353715221978e-05,1128.5375907664181,8.219353715221978e-05,0.0,cash
2005-01-13 22:00:00+00:00,8.219353715244182e-05,1128.6303492628126,8.219353715244182e-05,0.0,cash
2005-01-14 22:00:00+00:00,8.219353715177569e-05,1128.7231153833554,8.219353715177569e-05,0.0,cash
2005-01-18 22:00:00+00:00,0.0003287752129641497,1129.0942115659932,0.0003287752129641497,0.0,cash
2005-01-19 22:00:00+00:00,8.219353715244182e-05,1129.18701581302,8.219353715244182e-05,0.0,cash
2005-01-20 22:00:00+00:00,8.219353715244182e-05,1129.2798276879562,8.219353715244182e-05,0.0,cash
2005-01-21 22:00:00+00:00,8.219353715266386e-05,1129.372647191429,8.219353715266386e-05,0.0,cash
2005-01-24 22:00:00+00:00,0.0002465813210268397,1129.6511293907051,0.0002465813210268397,0.0,cash
2005-01-25 22:00:00+00:00,8.219353715244182e-05,1129.743979412778,8.219353715244182e-05,0.0,cash
2005-01-26 22:00:00+00:00,8.219353715244182e-05,1129.8368370665225,8.219353715244182e-05,0.0,cash
2005-01-27 22:00:00+00:00,8.219353715244182e-05,1129.9297023525662,8.219353715244182e-05,0.0,cash
2005-01-28 22:00:00+00:00,8.219353715266386e-05,1130.0225752715364,8.219353715266386e-05,0.0,cash
2005-01-31 22:00:00+00:00,0.0002465813210272838,1130.3012177309374,0.0002465813210272838,0.0,cash
2005-02-01 22:00:00+00:00,8.219353715221978e-05,1130.3941211860702,8.219353715221978e-05,0.0,cash
2005-02-02 22:00:00+00:00,8.219353715266386e-05,1130.487032277267,8.219353715266386e-05,0.0,cash
2005-02-03 22:00:00+00:00,8.219353715221978e-05,1130.5799510051545,8.219353715221978e-05,0.0,cash
2005-02-04 22:00:00+00:00,8.219353715221978e-05,1130.672877370361,8.219353715221978e-05,0.0,cash
2005-02-07 22:00:00+00:00,0.0002465813210268397,1130.951680182112,0.0002465813210268397,0.0,cash
2005-02-08 22:00:00+00:00,8.219353715288591e-05,1131.0446371010553,8.219353715288591e-05,0.0,cash
2005-02-09 22:00:00+00:00,8.219353715221978e-05,1131.1376016604556,8.219353715221978e-05,0.0,cash
2005-02-10 22:00:00+00:00,8.219353715244182e-05,1131.2305738609423,8.219353715244182e-05,0.0,cash
2005-02-11 22:00:00+00:00,8.219353715244182e-05,1131.3235537031428,8.219353715244182e-05,0.0,cash
2005-02-14 22:00:00+00:00,0.0002465813210268397,1131.6025169595237,0.0002465813210268397,0.0,cash
2005-02-15 22:00:00+00:00,8.219353715244182e-05,1131.6955273730432,8.219353715244182e-05,0.0,cash
2005-02-16 22:00:00+00:00,8.219353715244182e-05,1131.7885454314176,8.219353715244182e-05,0.0,cash
2005-02-17 22:00:00+00:00,8.219353715244182e-05,1131.8815711352752,8.219353715244182e-05,0.0,cash
2005-02-18 22:00:00+00:00,8.219353715221978e-05,1131.9746044852443,8.219353715221978e-05,0.0,cash
2005-02-22 22:00:00+00:00,0.00032877521296437173,1132.3467696769042,0.00032877521296437173,0.0,cash
2005-02-23 22:00:00+00:00,8.219353715266386e-05,1132.4398412631872,8.219353715266386e-05,0.0,cash
2005-02-24 22:00:00+00:00,8.219353715266386e-05,1132.5329204993532,8.219353715266386e-05,0.0,cash
2005-02-25 22:00:00+00:00,8.219353715244182e-05,1132.6260073860306,8.219353715244182e-05,0.0,cash
2005-02-28 22:00:00+00:00,0.00024658132102639563,1132.9052918031607,0.00024658132102639563,0.0,cash
2005-03-01 22:00:00+00:00,8.219353715244182e-05,1132.9984092963527,8.219353715244182e-05,0.0,cash
2005-03-02 22:00:00+00:00,8.219353715221978e-05,1133.0915344432008,8.219353715221978e-05,0.0,cash
2005-03-03 22:00:00+00:00,8.219353715244182e-05,1133.1846672443342,8.219353715244182e-05,0.0,cash
2005-03-04 22:00:00+00:00,8.219353715266386e-05,1133.277807700382,8.219353715266386e-05,0.0,cash
2005-03-07 22:00:00+00:00,0.0002465813210272838,1133.5572528392956,0.0002465813210272838,0.0,cash
2005-03-08 22:00:00+00:00,8.219353715221978e-05,1133.650423919471,8.219353715221978e-05,0.0,cash
2005-03-09 22:00:00+00:00,8.219353715288591e-05,1133.7436026577077,8.219353715288591e-05,0.0,cash
2005-03-10 22:00:00+00:00,8.219353715221978e-05,1133.8367890546338,8.219353715221978e-05,0.0,cash
2005-03-11 22:00:00+00:00,8.219353715266386e-05,1133.92998311088,8.219353715266386e-05,0.0,cash
2005-03-14 22:00:00+00:00,0.00024658132102639563,1134.209589064067,0.00024658132102639563,0.0,cash
2005-03-15 22:00:00+00:00,8.219353715221978e-05,1134.302813762064,8.219353715221978e-05,0.0,cash
2005-03-16 22:00:00+00:00,8.219353715221978e-05,1134.3960461225288,8.219353715221978e-05,0.0,cash
2005-03-17 22:00:00+00:00,8.219353715244182e-05,1134.4892861460912,8.219353715244182e-05,0.0,cash
2005-03-18 22:00:00+00:00,8.219353715266386e-05,1134.5825338333814,8.219353715266386e-05,0.0,cash
2005-03-21 22:00:00+00:00,0.0002465813210268397,1134.862300693388,0.0002465813210268397,0.0,cash
2005-03-22 22:00:00+00:00,8.219353715221978e-05,1134.9555790400627,8.219353715221978e-05,0.0,cash
2005-03-23 22:00:00+00:00,8.219353715244182e-05,1135.048865053615,8.219353715244182e-05,0.0,cash
2005-03-24 22:00:00+00:00,8.219353715288591e-05,1135.142158734675,8.219353715288591e-05,0.0,cash
2005-03-28 22:00:00+00:00,0.0003287752129641497,1135.5153653396576,0.0003287752129641497,0.0,cash
2005-03-29 22:00:00+00:00,8.219353715244182e-05,1135.6086973640258,8.219353715244182e-05,0.0,cash
2005-03-30 22:00:00+00:00,8.219353715244182e-05,1135.7020370596833,8.219353715244182e-05,0.0,cash
2005-03-31 22:00:00+00:00,8.219353715244182e-05,1135.7953844272606,8.219353715244182e-05,0.0,cash
2005-04-01 22:00:00+00:00,8.219353715221978e-05,1135.888739467388,8.219353715221978e-05,0.0,cash
2005-04-04 21:00:00+00:00,0.00024315657552942405,1136.1649382834592,0.00024315657552942405,0.0,cash
2005-04-05 21:00:00+00:00,8.219353715221978e-05,1136.258323698525,8.219353715221978e-05,0.0,cash
2005-04-06 21:00:00+00:00,8.219353715244182e-05,1136.3517167892685,8.219353715244182e-05,0.0,cash
2005-04-07 21:00:00+00:00,8.219353715221978e-05,1136.4451175563204,8.219353715221978e-05,0.0,cash
2005-04-08 21:00:00+00:00,8.219353715244182e-05,1136.538526000312,8.219353715244182e-05,0.0,cash
2005-04-11 21:00:00+00:00,0.00024658132102661767,1136.8187751714509,0.00024658132102661767,0.0,cash
2005-04-12 21:00:00+00:00,8.219353715244182e-05,1136.9122143276836,8.219353715244182e-05,0.0,cash
2005-04-13 21:00:00+00:00,8.219353715244182e-05,1137.0056611640111,8.219353715244182e-05,0.0,cash
2005-04-14 21:00:00+00:00,8.219353715244182e-05,1137.0991156810646,8.219353715244182e-05,0.0,cash
2005-04-15 21:00:00+00:00,8.219353715244182e-05,1137.1925778794755,8.219353715244182e-05,0.0,cash
2005-04-18 21:00:00+00:00,0.00024658132102750585,1137.4729883275916,0.00024658132102750585,0.0,cash
2005-04-19 21:00:00+00:00,8.219353715288591e-05,1137.566481255918,8.219353715288591e-05,0.0,cash
2005-04-20 21:00:00+00:00,8.219353715266386e-05,1137.6599818687587,8.219353715266386e-05,0.0,cash
2005-04-21 21:00:00+00:00,8.219353715244182e-05,1137.7534901667452,8.219353715244182e-05,0.0,cash
2005-04-22 21:00:00+00:00,8.219353715266386e-05,1137.8470061505097,8.219353715266386e-05,0.0,cash
2005-04-25 21:00:00+00:00,0.0002465813210268397,1138.1275779684127,0.0002465813210268397,0.0,cash
2005-04-26 21:00:00+00:00,8.219353715221978e-05,1138.2211246997763,8.219353715221978e-05,0.0,cash
2005-04-27 21:00:00+00:00,8.219353715266386e-05,1138.3146791200772,8.219353715266386e-05,0.0,cash
2005-04-28 21:00:00+00:00,8.219353715266386e-05,1138.408241229947,8.219353715266386e-05,0.0,cash
2005-04-29 21:00:00+00:00,8.219353715221978e-05,1138.5018110300168,8.219353715221978e-05,0.0,cash
2005-05-02 21:00:00+00:00,0.00024658132102661767,1138.782544310572,0.00024658132102661767,0.0,cash
2005-05-03 21:00:00+00:00,8.219353715288591e-05,1138.8761448759367,8.219353715288591e-05,0.0,cash
2005-05-04 21:00:00+00:00,8.219353715244182e-05,1138.9697531346626,8.219353715244182e-05,0.0,cash
2005-05-05 21:00:00+00:00,8.219353715221978e-05,1139.0633690873822,8.219353715221978e-05,0.0,cash
2005-05-06 21:00:00+00:00,8.219353715221978e-05,1139.156992734728,8.219353715221978e-05,0.0,cash
2005-05-09 21:00:00+00:00,0.00024658132102661767,1139.4378875708533,0.00024658132102661767,0.0,cash
2005-05-10 21:00:00+00:00,8.219353715221978e-05,1139.531542001198,8.219353715221978e-05,0.0,cash
2005-05-11 21:00:00+00:00,8.219353715244182e-05,1139.625204129332,8.219353715244182e-05,0.0,cash
2005-05-12 21:00:00+00:00,8.219353715221978e-05,1139.7188739558871,8.219353715221978e-05,0.0,cash
2005-05-13 21:00:00+00:00,8.219353715244182e-05,1139.812551481497,8.219353715244182e-05,0.0,cash
2005-05-16 21:00:00+00:00,0.00024658132102706176,1140.0936079661644,0.00024658132102706176,0.0,cash
2005-05-17 21:00:00+00:00,8.219353715221978e-05,1140.1873162924878,8.219353715221978e-05,0.0,cash
2005-05-18 21:00:00+00:00,8.219353715244182e-05,1140.2810323210301,8.219353715244182e-05,0.0,cash
2005-05-19 21:00:00+00:00,8.219353715266386e-05,1140.3747560524246,8.219353715266386e-05,0.0,cash
2005-05-20 21:00:00+00:00,8.219353715199773e-05,1140.4684874873035,8.219353715199773e-05,0.0,cash
2005-05-23 21:00:00+00:00,0.0002465813210268397,1140.7497057135377,0.0002465813210268397,0.0,cash
2005-05-24 21:00:00+00:00,8.219353715266386e-05,1140.843467966856,8.219353715266386e-05,0.0,cash
2005-05-25 21:00:00+00:00,8.219353715244182e-05,1140.9372379268254,8.219353715244182e-05,0.0,cash
2005-05-26 21:00:00+00:00,8.219353715244182e-05,1141.0310155940797,8.219353715244182e-05,0.0,cash
2005-05-27 21:00:00+00:00,8.219353715244182e-05,1141.124800969252,8.219353715244182e-05,0.0,cash
2005-05-31 21:00:00+00:00,0.0003287752129641497,1141.4999745187092,0.0003287752129641497,0.0,cash
2005-06-01 21:00:00+00:00,8.219353715244182e-05,1141.5937984392745,8.219353715244182e-05,0.0,cash
2005-06-02 21:00:00+00:00,8.219353715266386e-05,1141.6876300715596,8.219353715266386e-05,0.0,cash
2005-06-03 21:00:00+00:00,8.219353715244182e-05,1141.7814694161984,8.219353715244182e-05,0.0,cash
2005-06-06 21:00:00+00:00,0.00024658132102706176,1142.0630113992513,0.00024658132102706176,0.0,cash
2005-06-07 21:00:00+00:00,8.219353715244182e-05,1142.1568815978092,8.219353715244182e-05,0.0,cash
2005-06-08 21:00:00+00:00,8.219353715244182e-05,1142.2507595118907,8.219353715244182e-05,0.0,cash
2005-06-09 21:00:00+00:00,8.219353715266386e-05,1142.3446451421303,8.219353715266386e-05,0.0,cash
2005-06-10 21:00:00+00:00,8.219353715266386e-05,1142.4385384891618,8.219353715266386e-05,0.0,cash
2005-06-13 21:00:00+00:00,0.0002465813210268397,1142.7202424931745,0.0002465813210268397,0.0,cash
2005-06-14 21:00:00+00:00,8.219353715244182e-05,1142.8141667118807,8.219353715244182e-05,0.0,cash
2005-06-15 21:00:00+00:00,8.219353715266386e-05,1142.908098650551,8.219353715266386e-05,0.0,cash
2005-06-16 21:00:00+00:00,8.219353715244182e-05,1143.0020383098192,8.219353715244182e-05,0.0,cash
2005-06-17 21:00:00+00:00,8.219353715266386e-05,1143.0959856903205,8.219353715266386e-05,0.0,cash
2005-06-20 21:00:00+00:00,0.00024658132102661767,1143.3778518085323,0.00024658132102661767,0.0,cash
2005-06-21 21:00:00+00:00,8.219353715221978e-05,1143.4718300784739,8.219353715221978e-05,0.0,cash
2005-06-22 21:00:00+00:00,8.219353715266386e-05,1143.5658160728224,8.219353715266386e-05,0.0,cash
2005-06-23 21:00:00+00:00,8.219353715244182e-05,1143.659809792212,8.219353715244182e-05,0.0,cash
2005-06-24 21:00:00+00:00,8.219353715266386e-05,1143.7538112372781,8.219353715266386e-05,0.0,cash
2005-06-27 21:00:00+00:00,0.0002465813210268397,1144.0358395629826,0.0002465813210268397,0.0,cash
2005-06-28 21:00:00+00:00,8.219353715221978e-05,1144.129871915265,8.219353715221978e-05,0.0,cash
2005-06-29 21:00:00+00:00,8.219353715244182e-05,1144.2239119963997,8.219353715244182e-05,0.0,cash
2005-06-30 21:00:00+00:00,8.219353715244182e-05,1144.317959807021,8.219353715244182e-05,0.0,cash
2005-07-01 21:00:00+00:00,8.219353715244182e-05,1144.4120153477645,8.219353715244182e-05,0.0,cash
2005-07-05 21:00:00+00:00,0.0003287752129641497,1144.7882696518293,0.0003287752129641497,0.0,cash
2005-07-06 21:00:00+00:00,8.219353715221978e-05,1144.8823638490023,8.219353715221978e-05,0.0,cash
2005-07-07 21:00:00+00:00,8.219353715221978e-05,1144.9764657801102,8.219353715221978e-05,0.0,cash
2005-07-08 21:00:00+00:00,8.219353715221978e-05,1145.0705754457888,8.219353715221978e-05,0.0,cash
2005-07-11 21:00:00+00:00,0.00024658132102706176,1145.3529284609515,0.00024658132102706176,0.0,cash
2005-07-12 21:00:00+00:00,8.219353715244182e-05,1145.4470690694295,8.219353715244182e-05,0.0,cash
2005-07-13 21:00:00+00:00,8.219353715221978e-05,1145.541217415657,8.219353715221978e-05,0.0,cash
2005-07-14 21:00:00+00:00,8.219353715221978e-05,1145.6353735002701,8.219353715221978e-05,0.0,cash
2005-07-15 21:00:00+00:00,8.219353715244182e-05,1145.729537323905,8.219353715244182e-05,0.0,cash
2005-07-18 21:00:00+00:00,0.0002465813210268397,1146.0120528267578,0.0002465813210268397,0.0,cash
2005-07-19 21:00:00+00:00,8.219353715244182e-05,1146.106247610999,8.219353715244182e-05,0.0,cash
2005-07-20 21:00:00+00:00,8.219353715266386e-05,1146.2004501374429,8.219353715266386e-05,0.0,cash
2005-07-21 21:00:00+00:00,8.219353715221978e-05,1146.2946604067251,8.219353715221978e-05,0.0,cash
2005-07-22 21:00:00+00:00,8.219353715221978e-05,1146.3888784194826,8.219353715221978e-05,0.0,cash
2005-07-25 21:00:00+00:00,0.00024658132102706176,1146.671556503534,0.00024658132102706176,0.0,cash
2005-07-26 21:00:00+00:00,8.219353715266386e-05,1146.7658054947153,8.219353715266386e-05,0.0,cash
2005-07-27 21:00:00+00:00,8.219353715266386e-05,1146.8600622325546,8.219353715266386e-05,0.0,cash
2005-07-28 21:00:00+00:00,8.219353715221978e-05,1146.9543267176882,8.219353715221978e-05,0.0,cash
2005-07-29 21:00:00+00:00,8.219353715244182e-05,1147.0485989507536,8.219353715244182e-05,0.0,cash
2005-08-01 21:00:00+00:00,0.00024658132102706176,1147.331439709565,0.00024658132102706176,0.0,cash
2005-08-02 21:00:00+00:00,8.219353715221978e-05,1147.4257429388808,8.219353715221978e-05,0.0,cash
2005-08-03 21:00:00+00:00,8.219353715266386e-05,1147.5200539193129,8.219353715266386e-05,0.0,cash
2005-08-04 21:00:00+00:00,8.219353715199773e-05,1147.6143726514974,8.219353715199773e-05,0.0,cash
2005-08-05 21:00:00+00:00,8.219353715199773e-05,1147.7086991360723,8.219353715199773e-05,0.0,cash
2005-08-08 21:00:00+00:00,0.00024658132102706176,1147.9917026632595,0.00024658132102706176,0.0,cash
2005-08-09 21:00:00+00:00,8.219353715199773e-05,1148.0860601619227,8.219353715199773e-05,0.0,cash
2005-08-10 21:00:00+00:00,8.219353715266386e-05,1148.180425416163,8.219353715266386e-05,0.0,cash
2005-08-11 21:00:00+00:00,8.219353715244182e-05,1148.274798426617,8.219353715244182e-05,0.0,cash
2005-08-12 21:00:00+00:00,8.219353715244182e-05,1148.3691791939227,8.219353715244182e-05,0.0,cash
2005-08-15 21:00:00+00:00,0.00024658132102661767,1148.6523455831546,0.00024658132102661767,0.0,cash
2005-08-16 21:00:00+00:00,8.219353715244182e-05,1148.7467573823965,8.219353715244182e-05,0.0,cash
2005-08-17 21:00:00+00:00,8.219353715244182e-05,1148.8411769416782,8.219353715244182e-05,0.0,cash
2005-08-18 21:00:00+00:00,8.219353715244182e-05,1148.9356042616373,8.219353715244182e-05,0.0,cash
2005-08-19 21:00:00+00:00,8.219353715244182e-05,1149.030039342912,8.219353715244182e-05,0.0,cash
2005-08-22 21:00:00+00:00,0.00024658132102639563,1149.3133686879123,0.00024658132102639563,0.0,cash
2005-08-23 21:00:00+00:00,8.219353715221978e-05,1149.4078348189812,8.219353715221978e-05,0.0,cash
2005-08-24 21:00:00+00:00,8.219353715177569e-05,1149.502308714555,8.219353715177569e-05,0.0,cash
2005-08-25 21:00:00+00:00,8.219353715221978e-05,1149.596790375273,8.219353715221978e-05,0.0,cash
2005-08-26 21:00:00+00:00,8.219353715266386e-05,1149.6912798017734,8.219353715266386e-05,0.0,cash
2005-08-29 21:00:00+00:00,0.00024658132102661767,1149.9747721963197,0.00024658132102661767,0.0,cash
2005-08-30 21:00:00+00:00,8.219353715221978e-05,1150.0692926904824,8.219353715221978e-05,0.0,cash
2005-08-31 21:00:00+00:00,8.219353715266386e-05,1150.1638209536193,8.219353715266386e-05,0.0,cash
2005-09-01 21:00:00+00:00,8.219353715221978e-05,1150.258356986368,8.219353715221978e-05,0.0,cash
2005-09-02 21:00:00+00:00,8.219353715266386e-05,1150.352900789368,8.219353715266386e-05,0.0,cash
2005-09-06 21:00:00+00:00,0.00032877521296392764,1150.7311083093086,0.00032877521296392764,0.0,cash
2005-09-07 21:00:00+00:00,8.219353715221978e-05,1150.8256909694117,8.219353715221978e-05,0.0,cash
2005-09-08 21:00:00+00:00,8.219353715221978e-05,1150.920281403598,8.219353715221978e-05,0.0,cash
2005-09-09 21:00:00+00:00,8.219353715244182e-05,1151.014879612507,8.219353715244182e-05,0.0,cash
2005-09-12 21:00:00+00:00,0.00024658132102706176,1151.2986983820435,0.00024658132102706176,0.0,cash
2005-09-13 21:00:00+00:00,8.219353715221978e-05,1151.3933276943824,8.219353715221978e-05,0.0,cash
2005-09-14 21:00:00+00:00,8.219353715244182e-05,1151.4879647846392,8.219353715244182e-05,0.0,cash
2005-09-15 21:00:00+00:00,8.219353715221978e-05,1151.5826096534531,8.219353715221978e-05,0.0,cash
2005-09-16 21:00:00+00:00,8.219353715221978e-05,1151.6772623014635,8.219353715221978e-05,0.0,cash
2005-09-19 21:00:00+00:00,0.0002465813210268397,1151.9612444021984,0.0002465813210268397,0.0,cash
2005-09-20 21:00:00+00:00,8.219353715266386e-05,1152.0559281715387,8.219353715266386e-05,0.0,cash
2005-09-21 21:00:00+00:00,8.219353715244182e-05,1152.1506197232725,8.219353715244182e-05,0.0,cash
2005-09-22 21:00:00+00:00,8.219353715221978e-05,1152.2453190580397,8.219353715221978e-05,0.0,cash
2005-09-23 21:00:00+00:00,8.219353715244182e-05,1152.3400261764805,8.219353715244182e-05,0.0,cash
2005-09-26 21:00:00+00:00,0.00024658132102706176,1152.6241717024075,0.00024658132102706176,0.0,cash
2005-09-27 21:00:00+00:00,8.219353715244182e-05,1152.718909960087,8.219353715244182e-05,0.0,cash
2005-09-28 21:00:00+00:00,8.219353715221978e-05,1152.813656004639,8.219353715221978e-05,0.0,cash
2005-09-29 21:00:00+00:00,8.219353715199773e-05,1152.9084098367032,8.219353715199773e-05,0.0,cash
2005-09-30 21:00:00+00:00,8.219353715244182e-05,1153.0031714569204,8.219353715244182e-05,0.0,cash
2005-10-03 21:00:00+00:00,0.0002465813210272838,1153.287480502087,0.0002465813210272838,0.0,cash
2005-10-04 21:00:00+00:00,8.219353715199773e-05,1153.3822732794624,8.219353715199773e-05,0.0,cash
2005-10-05 21:00:00+00:00,8.219353715244182e-05,1153.4770738481923,8.219353715244182e-05,0.0,cash
2005-10-06 21:00:00+00:00,8.219353715244182e-05,1153.5718822089161,8.219353715244182e-05,0.0,cash
2005-10-07 21:00:00+00:00,8.219353715221978e-05,1153.6666983622742,8.219353715221978e-05,0.0,cash
2005-10-10 21:00:00+00:00,0.0002465813210268397,1153.951171020781,0.0002465813210268397,0.0,cash
2005-10-11 21:00:00+00:00,8.219353715244182e-05,1154.0460183492285,8.219353715244182e-05,0.0,cash
2005-10-12 21:00:00+00:00,8.219353715244182e-05,1154.1408734735132,8.219353715244182e-05,0.0,cash
2005-10-13 21:00:00+00:00,8.219353715266386e-05,1154.2357363942765,8.219353715266386e-05,0.0,cash
2005-10-14 21:00:00+00:00,8.219353715266386e-05,1154.3306071121588,8.219353715266386e-05,0.0,cash
2005-10-17 21:00:00+00:00,0.00024658132102661767,1154.615243478162,0.00024658132102661767,0.0,cash
2005-10-18 21:00:00+00:00,8.219353715244182e-05,1154.7101453890737,8.219353715244182e-05,0.0,cash
2005-10-19 21:00:00+00:00,8.219353715244182e-05,1154.805055100309,8.219353715244182e-05,0.0,cash
2005-10-20 21:00:00+00:00,8.219353715266386e-05,1154.8999726125094,8.219353715266386e-05,0.0,cash
2005-10-21 21:00:00+00:00,8.219353715244182e-05,1154.9948979263156,8.219353715244182e-05,0.0,cash
2005-10-24 21:00:00+00:00,0.0002465813210268397,1155.2796980940254,0.0002465813210268397,0.0,cash
2005-10-25 21:00:00+00:00,8.219353715244182e-05,1155.3746546188122,8.219353715244182e-05,0.0,cash
2005-10-26 21:00:00+00:00,8.219353715266386e-05,1155.4696189484118,8.219353715266386e-05,0.0,cash
2005-10-27 21:00:00+00:00,8.219353715244182e-05,1155.5645910834653,8.219353715244182e-05,0.0,cash
2005-10-28 21:00:00+00:00,8.219353715221978e-05,1155.6595710246143,8.219353715221978e-05,0.0,cash
2005-10-31 22:00:00+00:00,0.0002500060665242554,1155.9484929282073,0.0002500060665242554,0.0,cash
2005-11-01 22:00:00+00:00,8.219353715244182e-05,1156.0435044236071,8.219353715244182e-05,0.0,cash
2005-11-02 22:00:00+00:00,8.219353715221978e-05,1156.1385237283375,8.219353715221978e-05,0.0,cash
2005-11-03 22:00:00+00:00,8.219353715221978e-05,1156.2335508430408,8.219353715221978e-05,0.0,cash
2005-11-04 22:00:00+00:00,8.219353715288591e-05,1156.3285857683595,8.219353715288591e-05,0.0,cash
2005-11-07 22:00:00+00:00,0.00024658132102661767,1156.6137147985792,0.00024658132102661767,0.0,cash
2005-11-08 22:00:00+00:00,8.219353715221978e-05,1156.7087809709171,8.219353715221978e-05,0.0,cash
2005-11-09 22:00:00+00:00,8.219353715221978e-05,1156.8038549570801,8.219353715221978e-05,0.0,cash
2005-11-10 22:00:00+00:00,8.219353715244182e-05,1156.8989367577105,8.219353715244182e-05,0.0,cash
2005-11-11 22:00:00+00:00,8.219353715221978e-05,1156.9940263734504,8.219353715221978e-05,0.0,cash
2005-11-14 22:00:00+00:00,0.0002465813210268397,1157.2793194888936,0.0002465813210268397,0.0,cash
2005-11-15 22:00:00+00:00,8.219353715221978e-05,1157.3744403696355,8.219353715221978e-05,0.0,cash
2005-11-16 22:00:00+00:00,8.219353715244182e-05,1157.4695690686992,8.219353715244182e-05,0.0,cash
2005-11-17 22:00:00+00:00,8.219353715266386e-05,1157.5647055867275,8.219353715266386e-05,0.0,cash
2005-11-18 22:00:00+00:00,8.219353715244182e-05,1157.6598499243626,8.219353715244182e-05,0.0,cash
2005-11-21 22:00:00+00:00,0.0002465813210268397,1157.9453072194567,0.0002465813210268397,0.0,cash
2005-11-22 22:00:00+00:00,8.219353715244182e-05,1158.040482840086,8.219353715244182e-05,0.0,cash
2005-11-23 22:00:00+00:00,8.219353715244182e-05,1158.1356662835365,8.219353715244182e-05,0.0,cash
2005-11-25 22:00:00+00:00,0.00016438734991108817,1158.3260491365543,0.00016438734991108817,0.0,cash
2005-11-28 22:00:00+00:00,0.00024658132102706176,1158.6116707039305,0.00024658132102706176,0.0,cash
2005-11-29 22:00:00+00:00,8.219353715221978e-05,1158.7069010953314,8.219353715221978e-05,0.0,cash
2005-11-30 22:00:00+00:00,8.219353715266386e-05,1158.8021393140557,8.219353715266386e-05,0.0,cash
2005-12-01 22:00:00+00:00,8.219353715266386e-05,1158.897385360746,8.219353715266386e-05,0.0,cash
2005-12-02 22:00:00+00:00,8.219353715244182e-05,1158.9926392360455,8.219353715244182e-05,0.0,cash
2005-12-05 22:00:00+00:00,0.00024658132102661767,1159.2784251720884,0.00024658132102661767,0.0,cash
2005-12-06 22:00:00+00:00,8.219353715221978e-05,1159.3737103663975,8.219353715221978e-05,0.0,cash
2005-12-07 22:00:00+00:00,8.219353715266386e-05,1159.4690033925344,8.219353715266386e-05,0.0,cash
2005-12-08 22:00:00+00:00,8.219353715266386e-05,1159.5643042511422,8.219353715266386e-05,0.0,cash
2005-12-09 22:00:00+00:00,8.219353715266386e-05,1159.6596129428647,8.219353715266386e-05,0.0,cash
2005-12-12 22:00:00+00:00,0.00024658132102706176,1159.9455633421658,0.00024658132102706176,0.0,cash
2005-12-13 22:00:00+00:00,8.219353715221978e-05,1160.040903370921,8.219353715221978e-05,0.0,cash
2005-12-14 22:00:00+00:00,8.219353715221978e-05,1160.1362512360101,8.219353715221978e-05,0.0,cash
2005-12-15 22:00:00+00:00,8.219353715244182e-05,1160.231606938078,8.219353715244182e-05,0.0,cash
2005-12-16 22:00:00+00:00,8.219353715221978e-05,1160.3269704777679,8.219353715221978e-05,0.0,cash
2005-12-19 22:00:00+00:00,0.00024658132102706176,1160.6130854349715,0.00024658132102706176,0.0,cash
2005-12-20 22:00:00+00:00,8.219353715266386e-05,1160.7084803297291,8.219353715266386e-05,0.0,cash
2005-12-21 22:00:00+00:00,8.219353715244182e-05,1160.8038830653302,8.219353715244182e-05,0.0,cash
2005-12-22 22:00:00+00:00,8.219353715199773e-05,1160.899293642419,8.219353715199773e-05,0.0,cash
2005-12-23 22:00:00+00:00,8.219353715244182e-05,1160.9947120616412,8.219353715244182e-05,0.0,cash
2005-12-27 22:00:00+00:00,0.0003287752129645938,1161.37641834535,0.0003287752129645938,0.0,cash
2005-12-28 22:00:00+00:00,8.219353715244182e-05,1161.4718759811392,8.219353715244182e-05,0.0,cash
2005-12-29 22:00:00+00:00,8.219353715244182e-05,1161.567341462929,8.219353715244182e-05,0.0,cash
2005-12-30 22:00:00+00:00,8.219353715266386e-05,1161.662814791365,8.219353715266386e-05,0.0,cash
2006-01-03 22:00:00+00:00,0.0003287752129645938,1162.044740730691,0.0003287752129645938,0.0,cash
2006-01-04 22:00:00+00:00,8.219353715199773e-05,1162.1402532982606,8.219353715199773e-05,0.0,cash
2006-01-05 22:00:00+00:00,8.219353715244182e-05,1162.2357737163463,8.219353715244182e-05,0.0,cash
2006-01-06 22:00:00+00:00,8.219353715221978e-05,1162.331301985593,8.219353715221978e-05,0.0,cash
2006-01-09 22:00:00+00:00,0.0002465813210272838,1162.617911173508,0.0002465813210272838,0.0,cash
2006-01-10 22:00:00+00:00,8.219353715244182e-05,1162.713470851984,8.219353715244182e-05,0.0,cash
2006-01-11 22:00:00+00:00,8.219353715221978e-05,1162.809038384848,8.219353715221978e-05,0.0,cash
2006-01-12 22:00:00+00:00,8.219353715288591e-05,1162.9046137727462,8.219353715288591e-05,0.0,cash
2006-01-13 22:00:00+00:00,8.219353715288591e-05,1163.0001970163235,8.219353715288591e-05,0.0,cash
2006-01-17 22:00:00+00:00,0.00032877521296437173,1163.382562653775,0.00032877521296437173,0.0,cash
2006-01-18 22:00:00+00:00,8.219353715221978e-05,1163.4781851816608,8.219353715221978e-05,0.0,cash
2006-01-19 22:00:00+00:00,8.219353715244182e-05,1163.5738155691006,8.219353715244182e-05,0.0,cash
2006-01-20 22:00:00+00:00,8.219353715266386e-05,1163.6694538167403,8.219353715266386e-05,0.0,cash
2006-01-23 22:00:00+00:00,0.0002465813210268397,1163.956392967901,0.0002465813210268397,0.0,cash
2006-01-24 22:00:00+00:00,8.219353715221978e-05,1164.05206266093,8.219353715221978e-05,0.0,cash
2006-01-25 22:00:00+00:00,8.219353715221978e-05,1164.1477402173894,8.219353715221978e-05,0.0,cash
2006-01-26 22:00:00+00:00,8.219353715288591e-05,1164.2434256379263,8.219353715288591e-05,0.0,cash
2006-01-27 22:00:00+00:00,8.219353715266386e-05,1164.339118923186,8.219353715266386e-05,0.0,cash
2006-01-30 22:00:00+00:00,0.00024658132102639563,1164.626223201253,0.00024658132102639563,0.0,cash
2006-01-31 22:00:00+00:00,8.219353715266386e-05,1164.7219479499986,8.219353715266386e-05,0.0,cash
2006-02-01 22:00:00+00:00,8.219353715266386e-05,1164.8176805667,8.219353715266386e-05,0.0,cash
2006-02-02 22:00:00+00:00,8.219353715266386e-05,1164.9134210520035,8.219353715266386e-05,0.0,cash
2006-02-03 22:00:00+00:00,8.219353715221978e-05,1165.0091694065559,8.219353715221978e-05,0.0,cash
2006-02-06 22:00:00+00:00,0.0002465813210268397,1165.2964389065567,0.0002465813210268397,0.0,cash
2006-02-07 22:00:00+00:00,8.219353715199773e-05,1165.392218742701,8.219353715199773e-05,0.0,cash
2006-02-08 22:00:00+00:00,8.219353715288591e-05,1165.48800645133,8.219353715288591e-05,0.0,cash
2006-02-09 22:00:00+00:00,8.219353715221978e-05,1165.5838020330887,8.219353715221978e-05,0.0,cash
2006-02-10 22:00:00+00:00,8.219353715244182e-05,1165.6796054886254,8.219353715244182e-05,0.0,cash
2006-02-13 22:00:00+00:00,0.0002465813210268397,1165.9670403056407,0.0002465813210268397,0.0,cash
2006-02-14 22:00:00+00:00,8.219353715266386e-05,1166.0628752608868,8.219353715266386e-05,0.0,cash
2006-02-15 22:00:00+00:00,8.219353715244182e-05,1166.1587180931467,8.219353715244182e-05,0.0,cash
2006-02-16 22:00:00+00:00,8.219353715266386e-05,1166.2545688030682,8.219353715266386e-05,0.0,cash
2006-02-17 22:00:00+00:00,8.219353715221978e-05,1166.3504273912981,8.219353715221978e-05,0.0,cash
2006-02-21 22:00:00+00:00,0.00032877521296437173,1166.7338945014549,0.00032877521296437173,0.0,cash
2006-02-22 22:00:00+00:00,8.219353715244182e-05,1166.8297924871595,8.219353715244182e-05,0.0,cash
2006-02-23 22:00:00+00:00,8.219353715221978e-05,1166.9256983550586,8.219353715221978e-05,0.0,cash
2006-02-24 22:00:00+00:00,8.219353715199773e-05,1167.0216121058,8.219353715199773e-05,0.0,cash
2006-02-27 22:00:00+00:00,0.0002465813210268397,1167.3093778365799,0.0002465813210268397,0.0,cash
2006-02-28 22:00:00+00:00,8.219353715244182e-05,1167.4053231232954,8.219353715244182e-05,0.0,cash
2006-03-01 22:00:00+00:00,8.219353715221978e-05,1167.5012762960932,8.219353715221978e-05,0.0,cash
2006-03-02 22:00:00+00:00,8.219353715244182e-05,1167.597237355622,8.219353715244182e-05,0.0,cash
2006-03-03 22:00:00+00:00,8.219353715221978e-05,1167.6932063025292,8.219353715221978e-05,0.0,cash
2006-03-06 22:00:00+00:00,0.0002465813210268397,1167.9811376358934,0.0002465813210268397,0.0,cash
2006-03-07 22:00:00+00:00,8.219353715244182e-05,1168.0771381369232,8.219353715244182e-05,0.0,cash
2006-03-08 22:00:00+00:00,8.219353715221978e-05,1168.1731465285734,8.219353715221978e-05,0.0,cash
2006-03-09 22:00:00+00:00,8.219353715221978e-05,1168.2691628114928,8.219353715221978e-05,0.0,cash
2006-03-10 22:00:00+00:00,8.219353715266386e-05,1168.3651869863306,8.219353715266386e-05,0.0,cash
2006-03-13 22:00:00+00:00,0.0002465813210272838,1168.65328401758,0.0002465813210272838,0.0,cash
2006-03-14 22:00:00+00:00,8.219353715244182e-05,1168.7493397646983,8.219353715244182e-05,0.0,cash
2006-03-15 22:00:00+00:00,8.219353715221978e-05,1168.845403406978,8.219353715221978e-05,0.0,cash
2006-03-16 22:00:00+00:00,8.219353715244182e-05,1168.9414749450684,8.219353715244182e-05,0.0,cash
2006-03-17 22:00:00+00:00,8.219353715221978e-05,1169.037554379618,8.219353715221978e-05,0.0,cash
2006-03-20 22:00:00+00:00,0.0002465813210268397,1169.325817204107,0.0002465813210268397,0.0,cash
2006-03-21 22:00:00+00:00,8.219353715244182e-05,1169.4219282291065,8.219353715244182e-05,0.0,cash
2006-03-22 22:00:00+00:00,8.219353715221978e-05,1169.518047153811,8.219353715221978e-05,0.0,cash
2006-03-23 22:00:00+00:00,8.219353715221978e-05,1169.61417397887,8.219353715221978e-05,0.0,cash
2006-03-24 22:00:00+00:00,8.219353715244182e-05,1169.710308704933,8.219353715244182e-05,0.0,cash
2006-03-27 22:00:00+00:00,0.0002465813210268397,1169.998737418072,0.0002465813210268397,0.0,cash
2006-03-28 22:00:00+00:00,8.219353715221978e-05,1170.0949037527641,8.219353715221978e-05,0.0,cash
2006-03-29 22:00:00+00:00,8.219353715244182e-05,1170.1910779917077,8.219353715244182e-05,0.0,cash
2006-03-30 22:00:00+00:00,8.219353715221978e-05,1170.2872601355518,8.219353715221978e-05,0.0,cash
2006-03-31 22:00:00+00:00,8.219353715244182e-05,1170.3834501849467,8.219353715244182e-05,0.0,cash
2006-04-03 21:00:00+00:00,0.000243156575529202,1170.6680366167498,0.000243156575529202,0.0,cash
2006-04-04 21:00:00+00:00,8.219353715244182e-05,1170.7642579635105,8.219353715244182e-05,0.0,cash
2006-04-05 21:00:00+00:00,8.219353715221978e-05,1170.860487219044,8.219353715221978e-05,0.0,cash
2006-04-06 21:00:00+00:00,8.219353715221978e-05,1170.9567243840004,8.219353715221978e-05,0.0,cash
2006-04-07 21:00:00+00:00,8.219353715288591e-05,1171.0529694590305,8.219353715288591e-05,0.0,cash
2006-04-10 21:00:00+00:00,0.0002465813210268397,1171.341729247232,0.0002465813210268397,0.0,cash
2006-04-11 21:00:00+00:00,8.219353715244182e-05,1171.438005967173,8.219353715244182e-05,0.0,cash
2006-04-12 21:00:00+00:00,8.219353715244182e-05,1171.5342906004382,8.219353715244182e-05,0.0,cash
2006-04-13 21:00:00+00:00,8.219353715244182e-05,1171.630583147678,8.219353715244182e-05,0.0,cash
2006-04-17 21:00:00+00:00,0.00032877521296437173,1172.015786242168,0.00032877521296437173,0.0,cash
2006-04-18 21:00:00+00:00,8.219353715221978e-05,1172.1121183652374,8.219353715221978e-05,0.0,cash
2006-04-19 21:00:00+00:00,8.219353715244182e-05,1172.2084584061852,8.219353715244182e-05,0.0,cash
2006-04-20 21:00:00+00:00,8.219353715244182e-05,1172.3048063656615,8.219353715244182e-05,0.0,cash
2006-04-21 21:00:00+00:00,8.219353715244182e-05,1172.4011622443174,8.219353715244182e-05,0.0,cash
2006-04-24 21:00:00+00:00,0.0002465813210268397,1172.690254471677,0.0002465813210268397,0.0,cash
2006-04-25 21:00:00+00:00,8.219353715221978e-05,1172.786642031676,8.219353715221978e-05,0.0,cash
2006-04-26 21:00:00+00:00,8.219353715199773e-05,1172.8830375141092,8.219353715199773e-05,0.0,cash
2006-04-27 21:00:00+00:00,8.219353715221978e-05,1172.9794409196284,8.219353715221978e-05,0.0,cash
2006-04-28 21:00:00+00:00,8.219353715199773e-05,1173.075852248884,8.219353715199773e-05,0.0,cash
2006-05-01 21:00:00+00:00,0.0002465813210272838,1173.3651108421968,0.0002465813210272838,0.0,cash
2006-05-02 21:00:00+00:00,8.219353715244182e-05,1173.4615538710282,8.219353715244182e-05,0.0,cash
2006-05-03 21:00:00+00:00,8.219353715221978e-05,1173.558004826853,8.219353715221978e-05,0.0,cash
2006-05-04 21:00:00+00:00,8.219353715266386e-05,1173.6544637103236,8.219353715266386e-05,0.0,cash
2006-05-05 21:00:00+00:00,8.219353715244182e-05,1173.7509305220908,8.219353715244182e-05,0.0,cash
2006-05-08 21:00:00+00:00,0.00024658132102661767,1174.0403555770952,0.00024658132102661767,0.0,cash
2006-05-09 21:00:00+00:00,8.219353715244182e-05,1174.1368541066797,8.219353715244182e-05,0.0,cash
2006-05-10 21:00:00+00:00,8.219353715221978e-05,1174.2333605678195,8.219353715221978e-05,0.0,cash
2006-05-11 21:00:00+00:00,8.219353715266386e-05,1174.3298749611672,8.219353715266386e-05,0.0,cash
2006-05-12 21:00:00+00:00,8.219353715244182e-05,1174.4263972873741,8.219353715244182e-05,0.0,cash
2006-05-15 21:00:00+00:00,0.0002465813210268397,1174.715988899866,0.0002465813210268397,0.0,cash
2006-05-16 21:00:00+00:00,8.219353715221978e-05,1174.812542962143,8.219353715221978e-05,0.0,cash
2006-05-17 21:00:00+00:00,8.219353715288591e-05,1174.9091049605406,8.219353715288591e-05,0.0,cash
2006-05-18 21:00:00+00:00,8.219353715199773e-05,1175.0056748957095,8.219353715199773e-05,0.0,cash
2006-05-19 21:00:00+00:00,8.219353715266386e-05,1175.1022527683035,8.219353715266386e-05,0.0,cash
2006-05-22 21:00:00+00:00,0.0002465813210268397,1175.3920110341328,0.0002465813210268397,0.0,cash
2006-05-23 21:00:00+00:00,8.219353715221978e-05,1175.4886206610602,8.219353715221978e-05,0.0,cash
2006-05-24 21:00:00+00:00,8.219353715221978e-05,1175.5852382286744,8.219353715221978e-05,0.0,cash
2006-05-25 21:00:00+00:00,8.219353715221978e-05,1175.6818637376284,8.219353715221978e-05,0.0,cash
2006-05-26 21:00:00+00:00,8.219353715244182e-05,1175.7784971885749,8.219353715244182e-05,0.0,cash
2006-05-30 21:00:00+00:00,0.00032877521296437173,1176.1650640143869,0.00032877521296437173,0.0,cash
2006-05-31 21:00:00+00:00,8.219353715221978e-05,1176.261737181273,8.219353715221978e-05,0.0,cash
2006-06-01 21:00:00+00:00,8.219353715266386e-05,1176.3584182940692,8.219353715266386e-05,0.0,cash
2006-06-02 21:00:00+00:00,8.219353715244182e-05,1176.4551073534278,8.219353715244182e-05,0.0,cash
2006-06-05 21:00:00+00:00,0.00024658132102706176,1176.745199207928,0.00024658132102706176,0.0,cash
2006-06-06 21:00:00+00:00,8.219353715244182e-05,1176.841920058178,8.219353715244182e-05,0.0,cash
2006-06-07 21:00:00+00:00,8.219353715221978e-05,1176.9386488582566,8.219353715221978e-05,0.0,cash
2006-06-08 21:00:00+00:00,8.219353715288591e-05,1177.0353856088182,8.219353715288591e-05,0.0,cash
2006-06-09 21:00:00+00:00,8.219353715266386e-05,1177.132130310515,8.219353715266386e-05,0.0,cash
2006-06-12 21:00:00+00:00,0.0002465813210268397,1177.4223891062302,0.0002465813210268397,0.0,cash
2006-06-13 21:00:00+00:00,8.219353715266386e-05,1177.5191656171135,8.219353715266386e-05,0.0,cash
2006-06-14 21:00:00+00:00,8.219353715244182e-05,1177.6159500824003,8.219353715244182e-05,0.0,cash
2006-06-15 21:00:00+00:00,8.219353715244182e-05,1177.7127425027447,8.219353715244182e-05,0.0,cash
2006-06-16 21:00:00+00:00,8.219353715244182e-05,1177.8095428788006,8.219353715244182e-05,0.0,cash
2006-06-19 21:00:00+00:00,0.0002465813210268397,1178.0999687118017,0.0002465813210268397,0.0,cash
2006-06-20 21:00:00+00:00,8.219353715199773e-05,1178.1968009153488,8.219353715199773e-05,0.0,cash
2006-06-21 21:00:00+00:00,8.219353715244182e-05,1178.2936410778777,8.219353715244182e-05,0.0,cash
2006-06-22 21:00:00+00:00,8.219353715266386e-05,1178.3904892000423,8.219353715266386e-05,0.0,cash
2006-06-23 21:00:00+00:00,8.219353715221978e-05,1178.4873452824963,8.219353715221978e-05,0.0,cash
2006-06-26 21:00:00+00:00,0.0002465813210268397,1178.7779382489095,0.0002465813210268397,0.0,cash
2006-06-27 21:00:00+00:00,8.219353715221978e-05,1178.8748261771711,8.219353715221978e-05,0.0,cash
2006-06-28 21:00:00+00:00,8.219353715221978e-05,1178.9717220689943,8.219353715221978e-05,0.0,cash
2006-06-29 21:00:00+00:00,8.219353715266386e-05,1179.068625925034,8.219353715266386e-05,0.0,cash
2006-06-30 21:00:00+00:00,8.219353715244182e-05,1179.1655377459442,8.219353715244182e-05,0.0,cash
2006-07-03 21:00:00+00:00,0.0002465812418417368,1179.4562978485785,0.0002465812418417368,0.0,cash
2006-07-05 21:00:00+00:00,0.00016438742908997384,1179.6501856371058,0.00016438742908997384,0.0,cash
2006-07-06 21:00:00+00:00,8.219353715244182e-05,1179.7471452584657,8.219353715244182e-05,0.0,cash
2006-07-07 21:00:00+00:00,8.219353715221978e-05,1179.8441128492798,8.219353715221978e-05,0.0,cash
2006-07-10 21:00:00+00:00,0.0002465813210268397,1180.135040369232,0.0002465813210268397,0.0,cash
2006-07-11 21:00:00+00:00,8.219353715221978e-05,1180.2320398425172,8.219353715221978e-05,0.0,cash
2006-07-12 21:00:00+00:00,8.219353715221978e-05,1180.3290472885321,8.219353715221978e-05,0.0,cash
2006-07-13 21:00:00+00:00,8.219353715244182e-05,1180.4260627079325,8.219353715244182e-05,0.0,cash
2006-07-14 21:00:00+00:00,8.219353715244182e-05,1180.5230861013733,8.219353715244182e-05,0.0,cash
2006-07-17 21:00:00+00:00,0.0002465813210268397,1180.814181043447,0.0002465813210268397,0.0,cash
2006-07-18 21:00:00+00:00,8.219353715221978e-05,1180.9112363377064,8.219353715221978e-05,0.0,cash
2006-07-19 21:00:00+00:00,8.219353715244182e-05,1181.0082996092842,8.219353715244182e-05,0.0,cash
2006-07-20 21:00:00+00:00,8.219353715244182e-05,1181.1053708588356,8.219353715244182e-05,0.0,cash
2006-07-21 21:00:00+00:00,8.219353715244182e-05,1181.2024500870164,8.219353715244182e-05,0.0,cash
2006-07-24 21:00:00+00:00,0.0002465813210268397,1181.493712547559,0.0002465813210268397,0.0,cash
2006-07-25 21:00:00+00:00,8.219353715221978e-05,1181.5908236949165,8.219353715221978e-05,0.0,cash
2006-07-26 21:00:00+00:00,8.219353715244182e-05,1181.6879428241828,8.219353715244182e-05,0.0,cash
2006-07-27 21:00:00+00:00,8.219353715244182e-05,1181.785069936014,8.219353715244182e-05,0.0,cash
2006-07-28 21:00:00+00:00,8.219353715244182e-05,1181.882205031066,8.219353715244182e-05,0.0,cash
2006-07-31 21:00:00+00:00,0.0002465813210268397,1182.1736351064806,0.0002465813210268397,0.0,cash
2006-08-01 21:00:00+00:00,8.219353715244182e-05,1182.2708021390783,8.219353715244182e-05,0.0,cash
2006-08-02 21:00:00+00:00,8.219353715221978e-05,1182.3679771581778,8.219353715221978e-05,0.0,cash
2006-08-03 21:00:00+00:00,8.219353715244182e-05,1182.4651601644362,8.219353715244182e-05,0.0,cash
2006-08-04 21:00:00+00:00,8.219353715244182e-05,1182.5623511585095,8.219353715244182e-05,0.0,cash
2006-08-07 21:00:00+00:00,0.0002465813210268397,1182.8539489452548,0.0002465813210268397,0.0,cash
2006-08-08 21:00:00+00:00,8.219353715266386e-05,1182.9511718952535,8.219353715266386e-05,0.0,cash
2006-08-09 21:00:00+00:00,8.219353715221978e-05,1183.04840283635,8.219353715221978e-05,0.0,cash
2006-08-10 21:00:00+00:00,8.219353715244182e-05,1183.1456417692018,8.219353715244182e-05,0.0,cash
2006-08-11 21:00:00+00:00,8.219353715288591e-05,1183.2428886944658,8.219353715288591e-05,0.0,cash
2006-08-14 21:00:00+00:00,0.00024658132102706176,1183.5346542890559,0.00024658132102706176,0.0,cash
2006-08-15 21:00:00+00:00,8.219353715244182e-05,1183.6319331886343,8.219353715244182e-05,0.0,cash
2006-08-16 21:00:00+00:00,8.219353715266386e-05,1183.72922008391,8.219353715266386e-05,0.0,cash
2006-08-17 21:00:00+00:00,8.219353715266386e-05,1183.8265149755396,8.219353715266386e-05,0.0,cash
2006-08-18 21:00:00+00:00,8.219353715221978e-05,1183.92381786418,8.219353715221978e-05,0.0,cash
2006-08-21 21:00:00+00:00,0.0002465813210268397,1184.215751363184,0.0002465813210268397,0.0,cash
2006-08-22 21:00:00+00:00,8.219353715244182e-05,1184.31308624454,8.219353715244182e-05,0.0,cash
2006-08-23 21:00:00+00:00,8.219353715221978e-05,1184.4104291261942,8.219353715221978e-05,0.0,cash
2006-08-24 21:00:00+00:00,8.219353715244182e-05,1184.5077800088043,8.219353715244182e-05,0.0,cash
2006-08-25 21:00:00+00:00,8.219353715266386e-05,1184.605138893028,8.219353715266386e-05,0.0,cash
2006-08-28 21:00:00+00:00,0.00024658132102706176,1184.8972403930716,0.00024658132102706176,0.0,cash
2006-08-29 21:00:00+00:00,8.219353715221978e-05,1184.9946312884215,8.219353715221978e-05,0.0,cash
2006-08-30 21:00:00+00:00,8.219353715244182e-05,1185.0920301886738,8.219353715244182e-05,0.0,cash
2006-08-31 21:00:00+00:00,8.219353715244182e-05,1185.1894370944863,8.219353715244182e-05,0.0,cash
2006-09-01 21:00:00+00:00,8.219353715221978e-05,1185.2868520065165,8.219353715221978e-05,0.0,cash
2006-09-05 21:00:00+00:00,0.00032877521296437173,1185.676544943709,0.00032877521296437173,0.0,cash
2006-09-06 21:00:00+00:00,8.219353715244182e-05,1185.7739998928566,8.219353715244182e-05,0.0,cash
2006-09-07 21:00:00+00:00,8.219353715199773e-05,1185.8714628521707,8.219353715199773e-05,0.0,cash
2006-09-08 21:00:00+00:00,8.219353715244182e-05,1185.9689338223106,8.219353715244182e-05,0.0,cash
2006-09-11 21:00:00+00:00,0.00024658132102639563,1186.2613716087087,0.00024658132102639563,0.0,cash
2006-09-12 21:00:00+00:00,8.219353715244182e-05,1186.3588746268285,8.219353715244182e-05,0.0,cash
2006-09-13 21:00:00+00:00,8.219353715221978e-05,1186.456385659066,8.219353715221978e-05,0.0,cash
2006-09-14 21:00:00+00:00,8.219353715266386e-05,1186.5539047060806,8.219353715266386e-05,0.0,cash
2006-09-15 21:00:00+00:00,8.219353715288591e-05,1186.651431768531,8.219353715288591e-05,0.0,cash
2006-09-18 21:00:00+00:00,0.0002465813210268397,1186.9440378461748,0.0002465813210268397,0.0,cash
2006-09-19 21:00:00+00:00,8.219353715244182e-05,1187.0415969750472,8.219353715244182e-05,0.0,cash
2006-09-20 21:00:00+00:00,8.219353715266386e-05,1187.1391641226498,8.219353715266386e-05,0.0,cash
2006-09-21 21:00:00+00:00,8.219353715221978e-05,1187.236739289641,8.219353715221978e-05,0.0,cash
2006-09-22 21:00:00+00:00,8.219353715244182e-05,1187.3343224766807,8.219353715244182e-05,0.0,cash
2006-09-25 21:00:00+00:00,0.0002465813210268397,1187.6270969424174,0.0002465813210268397,0.0,cash
2006-09-26 21:00:00+00:00,8.219353715199773e-05,1187.7247122143326,8.219353715199773e-05,0.0,cash
2006-09-27 21:00:00+00:00,8.219353715221978e-05,1187.8223355095927,8.219353715221978e-05,0.0,cash
2006-09-28 21:00:00+00:00,8.219353715244182e-05,1187.919966828857,8.219353715244182e-05,0.0,cash
2006-09-29 21:00:00+00:00,8.219353715221978e-05,1188.0176061727846,8.219353715221978e-05,0.0,cash
2006-10-02 21:00:00+00:00,0.00024658132102706176,1188.310549123518,0.00024658132102706176,0.0,cash
2006-10-03 21:00:00+00:00,8.219353715221978e-05,1188.408220570786,8.219353715221978e-05,0.0,cash
2006-10-04 21:00:00+00:00,8.219353715266386e-05,1188.505900046016,8.219353715266386e-05,0.0,cash
2006-10-05 21:00:00+00:00,8.219353715221978e-05,1188.6035875498671,8.219353715221978e-05,0.0,cash
2006-10-06 21:00:00+00:00,8.219353715244182e-05,1188.701283083,8.219353715244182e-05,0.0,cash
2006-10-09 21:00:00+00:00,0.0002465813210268397,1188.9943946156889,0.0002465813210268397,0.0,cash
2006-10-10 21:00:00+00:00,8.219353715221978e-05,1189.0921222706365,8.219353715221978e-05,0.0,cash
2006-10-11 21:00:00+00:00,8.219353715221978e-05,1189.189857958166,8.219353715221978e-05,0.0,cash
2006-10-12 21:00:00+00:00,8.219353715266386e-05,1189.2876016789376,8.219353715266386e-05,0.0,cash
2006-10-13 21:00:00+00:00,8.219353715244182e-05,1189.385353433611,8.219353715244182e-05,0.0,cash
2006-10-16 21:00:00+00:00,0.0002465813210268397,1189.6786336452706,0.0002465813210268397,0.0,cash
2006-10-17 21:00:00+00:00,8.219353715244182e-05,1189.7764175402447,8.219353715244182e-05,0.0,cash
2006-10-18 21:00:00+00:00,8.219353715244182e-05,1189.8742094724228,8.219353715244182e-05,0.0,cash
2006-10-19 21:00:00+00:00,8.219353715288591e-05,1189.9720094424663,8.219353715288591e-05,0.0,cash
2006-10-20 21:00:00+00:00,8.219353715266386e-05,1190.069817451035,8.219353715266386e-05,0.0,cash
2006-10-23 21:00:00+00:00,0.00024658132102639563,1190.3632664387358,0.00024658132102639563,0.0,cash
2006-10-24 21:00:00+00:00,8.219353715221978e-05,1190.4611066061004,8.219353715221978e-05,0.0,cash
2006-10-25 21:00:00+00:00,8.219353715266386e-05,1190.558954815295,8.219353715266386e-05,0.0,cash
2006-10-26 21:00:00+00:00,8.219353715244182e-05,1190.6568110669798,8.219353715244182e-05,0.0,cash
2006-10-27 21:00:00+00:00,8.219353715199773e-05,1190.7546753618155,8.219353715199773e-05,0.0,cash
2006-10-30 22:00:00+00:00,0.0002500060665242554,1191.0523712543982,0.0002500060665242554,0.0,cash
2006-10-31 22:00:00+00:00,8.219353715288591e-05,1191.150268061726,8.219353715288591e-05,0.0,cash
2006-11-01 22:00:00+00:00,8.219353715244182e-05,1191.248172915538,8.219353715244182e-05,0.0,cash
2006-11-02 22:00:00+00:00,8.219353715244182e-05,1191.3460858164963,8.219353715244182e-05,0.0,cash
2006-11-03 22:00:00+00:00,8.219353715266386e-05,1191.4440067652624,8.219353715266386e-05,0.0,cash
2006-11-06 22:00:00+00:00,0.0002465813210272838,1191.7377946023805,0.0002465813210272838,0.0,cash
2006-11-07 22:00:00+00:00,8.219353715221978e-05,1191.8357477470768,8.219353715221978e-05,0.0,cash
2006-11-08 22:00:00+00:00,8.219353715221978e-05,1191.9337089428886,8.219353715221978e-05,0.0,cash
2006-11-09 22:00:00+00:00,8.219353715221978e-05,1192.0316781904776,8.219353715221978e-05,0.0,cash
2006-11-10 22:00:00+00:00,8.219353715244182e-05,1192.1296554905057,8.219353715244182e-05,0.0,cash
2006-11-13 22:00:00+00:00,0.0002465813210268397,1192.4236123957917,0.0002465813210268397,0.0,cash
2006-11-14 22:00:00+00:00,8.219353715266386e-05,1192.5216219102788,8.219353715266386e-05,0.0,cash
2006-11-15 22:00:00+00:00,8.219353715244182e-05,1192.6196394805145,8.219353715244182e-05,0.0,cash
2006-11-16 22:00:00+00:00,8.219353715244182e-05,1192.7176651071609,8.219353715244182e-05,0.0,cash
2006-11-17 22:00:00+00:00,8.219353715221978e-05,1192.81569879088,8.219353715221978e-05,0.0,cash
2006-11-20 22:00:00+00:00,0.0002465813210268397,1193.1098248616295,0.0002465813210268397,0.0,cash
2006-11-21 22:00:00+00:00,8.219353715244182e-05,1193.2078907783462,8.219353715244182e-05,0.0,cash
2006-11-22 22:00:00+00:00,8.219353715221978e-05,1193.3059647554471,8.219353715221978e-05,0.0,cash
2006-11-24 22:00:00+00:00,0.0001643873499113102,1193.5021291606265,0.0001643873499113102,0.0,cash
2006-11-27 22:00:00+00:00,0.00024658132102706176,1193.7964244922837,0.00024658132102706176,0.0,cash
2006-11-28 22:00:00+00:00,8.219353715244182e-05,1193.8945468430527,8.219353715244182e-05,0.0,cash
2006-11-29 22:00:00+00:00,8.219353715266386e-05,1193.9926772588449,8.219353715266386e-05,0.0,cash
2006-11-30 22:00:00+00:00,8.219353715266386e-05,1194.0908157403233,8.219353715266386e-05,0.0,cash
2006-12-01 22:00:00+00:00,8.219353715244182e-05,1194.1889622881502,8.219353715244182e-05,0.0,cash
2006-12-04 22:00:00+00:00,0.00024658132102750585,1194.4834269800276,0.00024658132102750585,0.0,cash
2006-12-05 22:00:00+00:00,8.219353715244182e-05,1194.581605797961,8.219353715244182e-05,0.0,cash
2006-12-06 22:00:00+00:00,8.219353715266386e-05,1194.679792685559,8.219353715266386e-05,0.0,cash
2006-12-07 22:00:00+00:00,8.219353715221978e-05,1194.7779876434843,8.219353715221978e-05,0.0,cash
2006-12-08 22:00:00+00:00,8.219353715244182e-05,1194.8761906724005,8.219353715244182e-05,0.0,cash
2006-12-11 22:00:00+00:00,0.00024658132102661767,1195.1708248219597,0.00024658132102661767,0.0,cash
2006-12-12 22:00:00+00:00,8.219353715244182e-05,1195.2690601395532,8.219353715244182e-05,0.0,cash
2006-12-13 22:00:00+00:00,8.219353715221978e-05,1195.3673035314546,8.219353715221978e-05,0.0,cash
2006-12-14 22:00:00+00:00,8.219353715244182e-05,1195.4655549983281,8.219353715244182e-05,0.0,cash
2006-12-15 22:00:00+00:00,8.219353715266386e-05,1195.5638145408377,8.219353715266386e-05,0.0,cash
2006-12-18 22:00:00+00:00,0.00024658132102706176,1195.8586182455992,0.00024658132102706176,0.0,cash
2006-12-19 22:00:00+00:00,8.219353715266386e-05,1195.9569100953672,8.219353715266386e-05,0.0,cash
2006-12-20 22:00:00+00:00,8.219353715244182e-05,1196.0552100240898,8.219353715244182e-05,0.0,cash
2006-12-21 22:00:00+00:00,8.219353715221978e-05,1196.153518032431,8.219353715221978e-05,0.0,cash
2006-12-22 22:00:00+00:00,8.219353715199773e-05,1196.251834121055,8.219353715199773e-05,0.0,cash
2006-12-26 22:00:00+00:00,0.0003287752129641497,1196.6451320725769,0.0003287752129641497,0.0,cash
2006-12-27 22:00:00+00:00,8.219353715221978e-05,1196.7434885686978,8.219353715221978e-05,0.0,cash
2006-12-28 22:00:00+00:00,8.219353715221978e-05,1196.8418531490872,8.219353715221978e-05,0.0,cash
2006-12-29 22:00:00+00:00,8.219353715266386e-05,1196.9402258144098,8.219353715266386e-05,0.0,cash
2007-01-03 22:00:00+00:00,0.0004109691049012376,1197.4321312676332,0.0004109691049012376,0.0,cash
2007-01-04 22:00:00+00:00,8.219353715266386e-05,1197.5305524500022,8.219353715266386e-05,0.0,cash
2007-01-05 22:00:00+00:00,8.219353715221978e-05,1197.6289817219558,8.219353715221978e-05,0.0,cash
2007-01-08 22:00:00+00:00,0.0002465813210272838,1197.9242946583693,0.0002465813210272838,0.0,cash
2007-01-09 22:00:00+00:00,8.219353715244182e-05,1198.022756293388,8.219353715244182e-05,0.0,cash
2007-01-10 22:00:00+00:00,8.219353715221978e-05,1198.1212260213167,8.219353715221978e-05,0.0,cash
2007-01-11 22:00:00+00:00,8.219353715244182e-05,1198.2197038428208,8.219353715244182e-05,0.0,cash
2007-01-12 22:00:00+00:00,8.219353715266386e-05,1198.3181897585657,8.219353715266386e-05,0.0,cash
2007-01-16 22:00:00+00:00,0.00032877521296437173,1198.7121670766028,0.00032877521296437173,0.0,cash
2007-01-17 22:00:00+00:00,8.219353715221978e-05,1198.8106934696423,8.219353715221978e-05,0.0,cash
2007-01-18 22:00:00+00:00,8.219353715244182e-05,1198.9092279609147,8.219353715244182e-05,0.0,cash
2007-01-19 22:00:00+00:00,8.219353715244182e-05,1199.0077705510855,8.219353715244182e-05,0.0,cash
2007-01-22 22:00:00+00:00,0.00024658132102706176,1199.3034234710697,0.00024658132102706176,0.0,cash
2007-01-23 22:00:00+00:00,8.219353715221978e-05,1199.4019984615636,8.219353715221978e-05,0.0,cash
2007-01-24 22:00:00+00:00,8.219353715221978e-05,1199.5005815542847,8.219353715221978e-05,0.0,cash
2007-01-25 22:00:00+00:00,8.219353715266386e-05,1199.5991727498993,8.219353715266386e-05,0.0,cash
2007-01-26 22:00:00+00:00,8.219353715244182e-05,1199.6977720490727,8.219353715244182e-05,0.0,cash
2007-01-29 22:00:00+00:00,0.0002465813210272838,1199.993595110538,0.0002465813210272838,0.0,cash
2007-01-30 22:00:00+00:00,8.219353715266386e-05,1200.0922268286809,8.219353715266386e-05,0.0,cash
2007-01-31 22:00:00+00:00,8.219353715244182e-05,1200.190866653713,8.219353715244182e-05,0.0,cash
2007-02-01 22:00:00+00:00,8.219353715221978e-05,1200.289514586301,8.219353715221978e-05,0.0,cash
2007-02-02 22:00:00+00:00,8.219353715244182e-05,1200.388170627112,8.219353715244182e-05,0.0,cash
2007-02-05 22:00:00+00:00,0.00024658132102750585,1200.684163927971,0.00024658132102750585,0.0,cash
2007-02-06 22:00:00+00:00,8.219353715244182e-05,1200.782852406407,8.219353715244182e-05,0.0,cash
2007-02-07 22:00:00+00:00,8.219353715244182e-05,1200.8815489963984,8.219353715244182e-05,0.0,cash
2007-02-08 22:00:00+00:00,8.219353715266386e-05,1200.9802536986117,8.219353715266386e-05,0.0,cash
2007-02-09 22:00:00+00:00,8.219353715244182e-05,1201.0789665137133,8.219353715244182e-05,0.0,cash
2007-02-12 22:00:00+00:00,0.0002465813210268397,1201.3751301519337,0.0002465813210268397,0.0,cash
2007-02-13 22:00:00+00:00,8.219353715244182e-05,1201.4738754233279,8.219353715244182e-05,0.0,cash
2007-02-14 22:00:00+00:00,8.219353715266386e-05,1201.5726288109454,8.219353715266386e-05,0.0,cash
2007-02-15 22:00:00+00:00,8.219353715244182e-05,1201.671390315453,8.219353715244182e-05,0.0,cash
2007-02-16 22:00:00+00:00,8.219353715310795e-05,1201.7701599375187,8.219353715310795e-05,0.0,cash
2007-02-20 22:00:00+00:00,0.0003287752129641497,1202.1652721777862,0.0003287752129641497,0.0,cash
2007-02-21 22:00:00+00:00,8.219353715244182e-05,1202.2640823937484,8.219353715244182e-05,0.0,cash
2007-02-22 22:00:00+00:00,8.219353715221978e-05,1202.3629007312713,8.219353715221978e-05,0.0,cash
2007-02-23 22:00:00+00:00,8.219353715199773e-05,1202.4617271910229,8.219353715199773e-05,0.0,cash
2007-02-26 22:00:00+00:00,0.0002465813210268397,1202.7582317921979,0.0002465813210268397,0.0,cash
2007-02-27 22:00:00+00:00,8.219353715199773e-05,1202.8570907456076,8.219353715199773e-05,0.0,cash
2007-02-28 22:00:00+00:00,8.219353715266386e-05,1202.955957824585,8.219353715266386e-05,0.0,cash
2007-03-01 22:00:00+00:00,8.219353715221978e-05,1203.054833029797,8.219353715221978e-05,0.0,cash
2007-03-02 22:00:00+00:00,8.219353715221978e-05,1203.1537163619118,8.219353715221978e-05,0.0,cash
2007-03-05 22:00:00+00:00,0.00024658132102661767,1203.4503915946905,0.00024658132102661767,0.0,cash
2007-03-06 22:00:00+00:00,8.219353715244182e-05,1203.5493074391632,8.219353715244182e-05,0.0,cash
2007-03-07 22:00:00+00:00,8.219353715266386e-05,1203.648231413879,8.219353715266386e-05,0.0,cash
2007-03-08 22:00:00+00:00,8.219353715199773e-05,1203.7471635195059,8.219353715199773e-05,0.0,cash
2007-03-09 22:00:00+00:00,8.219353715266386e-05,1203.846103756713,8.219353715266386e-05,0.0,cash
2007-03-12 21:00:00+00:00,0.00024315657552942405,1204.1388268527671,0.00024315657552942405,0.0,cash
2007-03-13 21:00:00+00:00,8.219353715266386e-05,1204.237799282169,8.219353715266386e-05,0.0,cash
2007-03-14 21:00:00+00:00,8.219353715221978e-05,1204.3367798464644,8.219353715221978e-05,0.0,cash
2007-03-15 21:00:00+00:00,8.219353715244182e-05,1204.4357685463228,8.219353715244182e-05,0.0,cash
2007-03-16 21:00:00+00:00,8.219353715266386e-05,1204.5347653824128,8.219353715266386e-05,0.0,cash
2007-03-19 21:00:00+00:00,0.0002465813210268397,1204.8317811560837,0.0002465813210268397,0.0,cash
2007-03-20 21:00:00+00:00,8.219353715266386e-05,1204.9308105418509,8.219353715266386e-05,0.0,cash
2007-03-21 21:00:00+00:00,8.219353715288591e-05,1205.0298480671938,8.219353715288591e-05,0.0,cash
2007-03-22 21:00:00+00:00,8.219353715244182e-05,1205.1288937327806,8.219353715244182e-05,0.0,cash
2007-03-23 21:00:00+00:00,8.219353715266386e-05,1205.2279475392813,8.219353715266386e-05,0.0,cash
2007-03-26 21:00:00+00:00,0.00024658132102706176,1205.5251342387244,0.00024658132102706176,0.0,cash
2007-03-27 21:00:00+00:00,8.219353715244182e-05,1205.6242206136337,8.219353715244182e-05,0.0,cash
2007-03-28 21:00:00+00:00,8.219353715244182e-05,1205.7233151328026,8.219353715244182e-05,0.0,cash
2007-03-29 21:00:00+00:00,8.219353715266386e-05,1205.8224177969007,8.219353715266386e-05,0.0,cash
2007-03-30 21:00:00+00:00,8.219353715244182e-05,1205.9215286065971,8.219353715244182e-05,0.0,cash
2007-04-02 21:00:00+00:00,0.0002465813210268397,1206.2188863301756,0.0002465813210268397,0.0,cash
2007-04-03 21:00:00+00:00,8.219353715221978e-05,1206.3180297270228,8.219353715221978e-05,0.0,cash
2007-04-04 21:00:00+00:00,8.219353715244182e-05,1206.4171812728168,8.219353715244182e-05,0.0,cash
2007-04-05 21:00:00+00:00,8.219353715221978e-05,1206.5163409682268,8.219353715221978e-05,0.0,cash
2007-04-09 21:00:00+00:00,0.00032877521296392764,1206.9130136351732,0.00032877521296392764,0.0,cash
2007-04-10 21:00:00+00:00,8.219353715244182e-05,1207.0122140847993,8.219353715244182e-05,0.0,cash
2007-04-11 21:00:00+00:00,8.219353715288591e-05,1207.1114226880618,8.219353715288591e-05,0.0,cash
2007-04-12 21:00:00+00:00,8.219353715199773e-05,1207.210639445629,8.219353715199773e-05,0.0,cash
2007-04-13 21:00:00+00:00,8.219353715221978e-05,1207.309864358173,8.219353715221978e-05,0.0,cash
2007-04-16 21:00:00+00:00,0.0002465813210268397,1207.6075644194152,0.0002465813210268397,0.0,cash
2007-04-17 21:00:00+00:00,8.219353715221978e-05,1207.7068219566268,8.219353715221978e-05,0.0,cash
2007-04-18 21:00:00+00:00,8.219353715221978e-05,1207.8060876521663,8.219353715221978e-05,0.0,cash
2007-04-19 21:00:00+00:00,8.219353715199773e-05,1207.9053615067041,8.219353715199773e-05,0.0,cash
2007-04-20 21:00:00+00:00,8.219353715244182e-05,1208.0046435209117,8.219353715244182e-05,0.0,cash
2007-04-23 21:00:00+00:00,0.00024658132102706176,1208.302514901718,0.00024658132102706176,0.0,cash
2007-04-24 21:00:00+00:00,8.219353715244182e-05,1208.401829559368,8.219353715244182e-05,0.0,cash
2007-04-25 21:00:00+00:00,8.219353715221978e-05,1208.5011523800406,8.219353715221978e-05,0.0,cash
2007-04-26 21:00:00+00:00,8.219353715221978e-05,1208.6004833644072,8.219353715221978e-05,0.0,cash
2007-04-27 21:00:00+00:00,8.219353715221978e-05,1208.6998225131388,8.219353715221978e-05,0.0,cash
2007-04-30 21:00:00+00:00,0.00024658132102706176,1208.9978653120993,0.00024658132102706176,0.0,cash
2007-05-01 21:00:00+00:00,8.219353715221978e-05,1209.097237123059,8.219353715221978e-05,0.0,cash
2007-05-02 21:00:00+00:00,8.219353715244182e-05,1209.1966171017393,8.219353715244182e-05,0.0,cash
2007-05-03 21:00:00+00:00,8.219353715221978e-05,1209.2960052488113,8.219353715221978e-05,0.0,cash
2007-05-04 21:00:00+00:00,8.219353715221978e-05,1209.3954015649467,8.219353715221978e-05,0.0,cash
2007-05-07 21:00:00+00:00,0.00024658132102661767,1209.6936158807082,0.00024658132102661767,0.0,cash
2007-05-08 21:00:00+00:00,8.219353715244182e-05,1209.7930448778682,8.219353715244182e-05,0.0,cash
2007-05-09 21:00:00+00:00,8.219353715221978e-05,1209.8924820474488,8.219353715221978e-05,0.0,cash
2007-05-10 21:00:00+00:00,8.219353715266386e-05,1209.9919273901228,8.219353715266386e-05,0.0,cash
2007-05-11 21:00:00+00:00,8.219353715221978e-05,1210.0913809065605,8.219353715221978e-05,0.0,cash
2007-05-14 21:00:00+00:00,0.00024658132102706176,1210.389766837828,0.00024658132102706176,0.0,cash
2007-05-15 21:00:00+00:00,8.219353715266386e-05,1210.4892530540976,8.219353715266386e-05,0.0,cash
2007-05-16 21:00:00+00:00,8.219353715266386e-05,1210.5887474474914,8.219353715266386e-05,0.0,cash
2007-05-17 21:00:00+00:00,8.219353715221978e-05,1210.6882500186807,8.219353715221978e-05,0.0,cash
2007-05-18 21:00:00+00:00,8.219353715266386e-05,1210.787760768339,8.219353715266386e-05,0.0,cash
2007-05-21 21:00:00+00:00,0.00024658132102661767,1211.086318413872,0.00024658132102661767,0.0,cash
2007-05-22 21:00:00+00:00,8.219353715221978e-05,1211.185861882179,8.219353715221978e-05,0.0,cash
2007-05-23 21:00:00+00:00,8.219353715244182e-05,1211.2854135323162,8.219353715244182e-05,0.0,cash
2007-05-24 21:00:00+00:00,8.219353715221978e-05,1211.3849733649554,8.219353715221978e-05,0.0,cash
2007-05-25 21:00:00+00:00,8.219353715244182e-05,1211.4845413807695,8.219353715244182e-05,0.0,cash
2007-05-29 21:00:00+00:00,0.0003287752129641497,1211.8828474688648,0.0003287752129641497,0.0,cash
2007-05-30 21:00:00+00:00,8.219353715266386e-05,1211.982456406713,8.219353715266386e-05,0.0,cash
2007-05-31 21:00:00+00:00,8.219353715199773e-05,1212.0820735317711,8.219353715199773e-05,0.0,cash
2007-06-01 21:00:00+00:00,8.219353715266386e-05,1212.181698844714,8.219353715266386e-05,0.0,cash
2007-06-04 21:00:00+00:00,0.00024658132102706176,1212.48060020934,0.00024658132102706176,0.0,cash
2007-06-05 21:00:00+00:00,8.219353715199773e-05,1212.5802582785996,8.219353715199773e-05,0.0,cash
2007-06-06 21:00:00+00:00,8.219353715221978e-05,1212.6799245391085,8.219353715221978e-05,0.0,cash
2007-06-07 21:00:00+00:00,8.219353715288591e-05,1212.7795989915405,8.219353715288591e-05,0.0,cash
2007-06-08 21:00:00+00:00,8.219353715244182e-05,1212.879281636568,8.219353715244182e-05,0.0,cash
2007-06-11 21:00:00+00:00,0.00024658132102661767,1213.17835501208,0.00024658132102661767,0.0,cash
2007-06-12 21:00:00+00:00,8.219353715244182e-05,1213.2780704322752,8.219353715244182e-05,0.0,cash
2007-06-13 21:00:00+00:00,8.219353715244182e-05,1213.3777940484335,8.219353715244182e-05,0.0,cash
2007-06-14 21:00:00+00:00,8.219353715177569e-05,1213.4775258612278,8.219353715177569e-05,0.0,cash
2007-06-15 21:00:00+00:00,8.219353715288591e-05,1213.5772658713338,8.219353715288591e-05,0.0,cash
2007-06-18 21:00:00+00:00,0.0002465813210268397,1213.8765113567204,0.0002465813210268397,0.0,cash
2007-06-19 21:00:00+00:00,8.219353715244182e-05,1213.976284160855,8.219353715244182e-05,0.0,cash
2007-06-20 21:00:00+00:00,8.219353715244182e-05,1214.0760651656692,8.219353715244182e-05,0.0,cash
2007-06-21 21:00:00+00:00,8.219353715244182e-05,1214.1758543718372,8.219353715244182e-05,0.0,cash
2007-06-22 21:00:00+00:00,8.219353715266386e-05,1214.2756517800333,8.219353715266386e-05,0.0,cash
2007-06-25 21:00:00+00:00,0.0002465813210268397,1214.57506947434,0.0002465813210268397,0.0,cash
2007-06-26 21:00:00+00:00,8.219353715266386e-05,1214.6748996954375,8.219353715266386e-05,0.0,cash
2007-06-27 21:00:00+00:00,8.219353715221978e-05,1214.7747381219335,8.219353715221978e-05,0.0,cash
2007-06-28 21:00:00+00:00,8.219353715199773e-05,1214.8745847545026,8.219353715199773e-05,0.0,cash
2007-06-29 21:00:00+00:00,8.219353715244182e-05,1214.97443959382,8.219353715244182e-05,0.0,cash
2007-07-02 21:00:00+00:00,0.0002465813210268397,1215.274029596149,0.0002465813210268397,0.0,cash
2007-07-03 21:00:00+00:00,8.219345797999544e-05,1215.3739171710347,8.219345797999544e-05,0.0,cash
2007-07-05 21:00:00+00:00,0.00016438742908997384,1215.5737093646615,0.00016438742908997384,0.0,cash
2007-07-06 21:00:00+00:00,8.219353715244182e-05,1215.6736216675038,8.219353715244182e-05,0.0,cash
2007-07-09 21:00:00+00:00,0.0002465813210268397,1215.973384075072,0.0002465813210268397,0.0,cash
2007-07-10 21:00:00+00:00,8.219353715266386e-05,1216.0733292285927,8.219353715266386e-05,0.0,cash
2007-07-11 21:00:00+00:00,8.219353715221978e-05,1216.1732825969584,8.219353715221978e-05,0.0,cash
2007-07-12 21:00:00+00:00,8.219353715221978e-05,1216.273244180845,8.219353715221978e-05,0.0,cash
2007-07-13 21:00:00+00:00,8.219353715244182e-05,1216.373213980928,8.219353715244182e-05,0.0,cash
2007-07-16 21:00:00+00:00,0.00024658132102706176,1216.6731488948933,0.00024658132102706176,0.0,cash
2007-07-17 21:00:00+00:00,8.219353715221978e-05,1216.7731515645592,8.219353715221978e-05,0.0,cash
2007-07-18 21:00:00+00:00,8.219353715199773e-05,1216.873162453798,8.219353715199773e-05,0.0,cash
2007-07-19 21:00:00+00:00,8.219353715199773e-05,1216.9731815632854,8.219353715199773e-05,0.0,cash
2007-07-20 21:00:00+00:00,8.219353715221978e-05,1217.0732088936975,8.219353715221978e-05,0.0,cash
2007-07-23 21:00:00+00:00,0.0002465813210268397,1217.3733164133328,0.0002465813210268397,0.0,cash
2007-07-24 21:00:00+00:00,8.219353715266386e-05,1217.473376632244,8.219353715266386e-05,0.0,cash
2007-07-25 21:00:00+00:00,8.219353715266386e-05,1217.5734450754585,8.219353715266386e-05,0.0,cash
2007-07-26 21:00:00+00:00,8.219353715244182e-05,1217.6735217436521,8.219353715244182e-05,0.0,cash
2007-07-27 21:00:00+00:00,8.219353715244182e-05,1217.7736066375012,8.219353715244182e-05,0.0,cash
2007-07-30 21:00:00+00:00,0.00024658132102706176,1218.0738868621377,0.00024658132102706176,0.0,cash
2007-07-31 21:00:00+00:00,8.219353715244182e-05,1218.1740046634118,8.219353715244182e-05,0.0,cash
2007-08-01 21:00:00+00:00,8.219353715244182e-05,1218.274130693722,8.219353715244182e-05,0.0,cash
2007-08-02 21:00:00+00:00,8.219353715266386e-05,1218.3742649537455,8.219353715266386e-05,0.0,cash
2007-08-03 21:00:00+00:00,8.219353715221978e-05,1218.4744074441574,8.219353715221978e-05,0.0,cash
2007-08-06 21:00:00+00:00,0.0002465813210268397,1218.7748604731823,0.0002465813210268397,0.0,cash
2007-08-07 21:00:00+00:00,8.219353715221978e-05,1218.875035889957,8.219353715221978e-05,0.0,cash
2007-08-08 21:00:00+00:00,8.219353715266386e-05,1218.9752195405038,8.219353715266386e-05,0.0,cash
2007-08-09 21:00:00+00:00,8.219353715244182e-05,1219.075411425499,8.219353715244182e-05,0.0,cash
2007-08-10 21:00:00+00:00,8.219353715244182e-05,1219.1756115456196,8.219353715244182e-05,0.0,cash
2007-08-13 21:00:00+00:00,0.00024658132102661767,1219.476237478478,0.00024658132102661767,0.0,cash
2007-08-14 21:00:00+00:00,8.219353715244182e-05,1219.5764705439096,8.219353715244182e-05,0.0,cash
2007-08-15 21:00:00+00:00,8.219353715221978e-05,1219.6767118478513,8.219353715221978e-05,0.0,cash
2007-08-16 21:00:00+00:00,8.219353715244182e-05,1219.7769613909804,8.219353715244182e-05,0.0,cash
2007-08-17 21:00:00+00:00,8.219353715199773e-05,1219.8772191739738,8.219353715199773e-05,0.0,cash
2007-08-20 21:00:00+00:00,0.00024658132102661767,1220.178018110168,0.00024658132102661767,0.0,cash
2007-08-21 21:00:00+00:00,8.219353715221978e-05,1220.278308857432,8.219353715221978e-05,0.0,cash
2007-08-22 21:00:00+00:00,8.219353715244182e-05,1220.3786078479473,8.219353715244182e-05,0.0,cash
2007-08-23 21:00:00+00:00,8.219353715244182e-05,1220.4789150823915,8.219353715244182e-05,0.0,cash
2007-08-24 21:00:00+00:00,8.219353715221978e-05,1220.5792305614418,8.219353715221978e-05,0.0,cash
2007-08-27 21:00:00+00:00,0.0002465813210268397,1220.8802026005314,0.0002465813210268397,0.0,cash
2007-08-28 21:00:00+00:00,8.219353715266386e-05,1220.9805510628228,8.219353715266386e-05,0.0,cash
2007-08-29 21:00:00+00:00,8.219353715221978e-05,1221.0809077731087,8.219353715221978e-05,0.0,cash
2007-08-30 21:00:00+00:00,8.219353715244182e-05,1221.181272732068,8.219353715244182e-05,0.0,cash
2007-08-31 21:00:00+00:00,8.219353715266386e-05,1221.2816459403784,8.219353715266386e-05,0.0,cash
2007-09-04 21:00:00+00:00,0.0003287752129645938,1221.6831730736121,0.0003287752129645938,0.0,cash
2007-09-05 21:00:00+00:00,8.219353715266386e-05,1221.783587534887,8.219353715266386e-05,0.0,cash
2007-09-06 21:00:00+00:00,8.219353715266386e-05,1221.8840102495815,8.219353715266386e-05,0.0,cash
2007-09-07 21:00:00+00:00,8.219353715244182e-05,1221.9844412183738,8.219353715244182e-05,0.0,cash
2007-09-10 21:00:00+00:00,0.0002465813210268397,1222.2857597561638,0.0002465813210268397,0.0,cash
2007-09-11 21:00:00+00:00,8.219353715244182e-05,1222.3862237461692,8.219353715244182e-05,0.0,cash
2007-09-12 21:00:00+00:00,8.219353715266386e-05,1222.4866959936655,8.219353715266386e-05,0.0,cash
2007-09-13 21:00:00+00:00,8.219353715244182e-05,1222.587176499331,8.219353715244182e-05,0.0,cash
2007-09-14 21:00:00+00:00,8.219353715244182e-05,1222.6876652638448,8.219353715244182e-05,0.0,cash
2007-09-17 21:00:00+00:00,0.0002465813210268397,1222.9891572035488,0.0002465813210268397,0.0,cash
2007-09-18 21:00:00+00:00,8.219353715288591e-05,1223.0896790082788,8.219353715288591e-05,0.0,cash
2007-09-19 21:00:00+00:00,8.219353715221978e-05,1223.190209075251,8.219353715221978e-05,0.0,cash
2007-09-20 21:00:00+00:00,8.219353715221978e-05,1223.2907474051449,8.219353715221978e-05,0.0,cash
2007-09-21 21:00:00+00:00,8.219353715244182e-05,1223.3912939986399,8.219353715244182e-05,0.0,cash
2007-09-24 21:00:00+00:00,0.00024658132102706176,1223.692959440047,0.00024658132102706176,0.0,cash
2007-09-25 21:00:00+00:00,8.219353715221978e-05,1223.7935390927717,8.219353715221978e-05,0.0,cash
2007-09-26 21:00:00+00:00,8.219353715266386e-05,1223.8941270124942,8.219353715266386e-05,0.0,cash
2007-09-27 21:00:00+00:00,8.219353715244182e-05,1223.9947231998935,8.219353715244182e-05,0.0,cash
2007-09-28 21:00:00+00:00,8.219353715266386e-05,1224.0953276556495,8.219353715266386e-05,0.0,cash
2007-10-01 21:00:00+00:00,0.00024658132102706176,1224.3971666986058,0.00024658132102706176,0.0,cash
2007-10-02 21:00:00+00:00,8.219353715288591e-05,1224.4978042326168,8.219353715288591e-05,0.0,cash
2007-10-03 21:00:00+00:00,8.219353715266386e-05,1224.5984500383822,8.219353715266386e-05,0.0,cash
2007-10-04 21:00:00+00:00,8.219353715221978e-05,1224.699104116582,8.219353715221978e-05,0.0,cash
2007-10-05 21:00:00+00:00,8.219353715288591e-05,1224.7997664678974,8.219353715288591e-05,0.0,cash
2007-10-08 21:00:00+00:00,0.0002465813210272838,1225.101779212307,0.0002465813210272838,0.0,cash
2007-10-09 21:00:00+00:00,8.219353715244182e-05,1225.2024746609122,8.219353715244182e-05,0.0,cash
2007-10-10 21:00:00+00:00,8.219353715244182e-05,1225.3031783860326,8.219353715244182e-05,0.0,cash
2007-10-11 21:00:00+00:00,8.219353715244182e-05,1225.4038903883484,8.219353715244182e-05,0.0,cash
2007-10-12 21:00:00+00:00,8.219353715244182e-05,1225.5046106685397,8.219353715244182e-05,0.0,cash
2007-10-15 21:00:00+00:00,0.00024658132102661767,1225.8067972143626,0.00024658132102661767,0.0,cash
2007-10-16 21:00:00+00:00,8.219353715244182e-05,1225.9075506108911,8.219353715244182e-05,0.0,cash
2007-10-17 21:00:00+00:00,8.219353715221978e-05,1226.0083122886974,8.219353715221978e-05,0.0,cash
2007-10-18 21:00:00+00:00,8.219353715288591e-05,1226.1090822484632,8.219353715288591e-05,0.0,cash
2007-10-19 21:00:00+00:00,8.219353715266386e-05,1226.209860490868,8.219353715266386e-05,0.0,cash
2007-10-22 21:00:00+00:00,0.00024658132102706176,1226.5122209381243,0.00024658132102706176,0.0,cash
2007-10-23 21:00:00+00:00,8.219353715244182e-05,1226.6130323159239,8.219353715244182e-05,0.0,cash
2007-10-24 21:00:00+00:00,8.219353715221978e-05,1226.713851979767,8.219353715221978e-05,0.0,cash
2007-10-25 21:00:00+00:00,8.219353715266386e-05,1226.8146799303354,8.219353715266386e-05,0.0,cash
2007-10-26 21:00:00+00:00,8.219353715244182e-05,1226.9155161683095,8.219353715244182e-05,0.0,cash
2007-10-29 21:00:00+00:00,0.00024658132102639563,1227.2180506170741,0.00024658132102639563,0.0,cash
2007-10-30 21:00:00+00:00,8.219353715244182e-05,1227.3189200095117,8.219353715244182e-05,0.0,cash
2007-10-31 21:00:00+00:00,8.219353715266386e-05,1227.4197976927617,8.219353715266386e-05,0.0,cash
2007-11-01 21:00:00+00:00,8.219353715177569e-05,1227.5206836675043,8.219353715177569e-05,0.0,cash
2007-11-02 21:00:00+00:00,8.219353715221978e-05,1227.6215779344225,8.219353715221978e-05,0.0,cash
2007-11-05 22:00:00+00:00,0.0002500060665242554,1227.9284907763022,0.0002500060665242554,0.0,cash
2007-11-06 22:00:00+00:00,8.219353715244182e-05,1228.0294185623293,8.219353715244182e-05,0.0,cash
2007-11-07 22:00:00+00:00,8.219353715266386e-05,1228.1303546439685,8.219353715266386e-05,0.0,cash
2007-11-08 22:00:00+00:00,8.219353715221978e-05,1228.2312990219007,8.219353715221978e-05,0.0,cash
2007-11-09 22:00:00+00:00,8.219353715244182e-05,1228.3322516968087,8.219353715244182e-05,0.0,cash
2007-11-12 22:00:00+00:00,0.00024658132102706176,1228.6351354860922,0.00024658132102706176,0.0,cash
2007-11-13 22:00:00+00:00,8.219353715244182e-05,1228.7361213537474,8.219353715244182e-05,0.0,cash
2007-11-14 22:00:00+00:00,8.219353715221978e-05,1228.837115521788,8.219353715221978e-05,0.0,cash
2007-11-15 22:00:00+00:00,8.219353715244182e-05,1228.9381179908971,8.219353715244182e-05,0.0,cash
2007-11-16 22:00:00+00:00,8.219353715244182e-05,1229.0391287617563,8.219353715244182e-05,0.0,cash
2007-11-19 22:00:00+00:00,0.00024658132102706176,1229.3421868537202,0.00024658132102706176,0.0,cash
2007-11-20 22:00:00+00:00,8.219353715221978e-05,1229.4432308364283,8.219353715221978e-05,0.0,cash
2007-11-21 22:00:00+00:00,8.219353715199773e-05,1229.5442831242983,8.219353715199773e-05,0.0,cash
2007-11-23 22:00:00+00:00,0.00016438734991086612,1229.7464046505993,0.00016438734991086612,0.0,cash
2007-11-26 22:00:00+00:00,0.0002465813210268397,1230.049637143586,0.0002465813210268397,0.0,cash
2007-11-27 22:00:00+00:00,8.219353715199773e-05,1230.1507392741355,8.219353715199773e-05,0.0,cash
2007-11-28 22:00:00+00:00,8.219353715244182e-05,1230.251849714627,8.219353715244182e-05,0.0,cash
2007-11-29 22:00:00+00:00,8.219353715244182e-05,1230.3529684657435,8.219353715244182e-05,0.0,cash
2007-11-30 22:00:00+00:00,8.219353715266386e-05,1230.454095528168,8.219353715266386e-05,0.0,cash
2007-12-03 22:00:00+00:00,0.0002465813210268397,1230.7575025245062,0.0002465813210268397,0.0,cash
2007-12-04 22:00:00+00:00,8.219353715244182e-05,1230.8586628370156,8.219353715244182e-05,0.0,cash
2007-12-05 22:00:00+00:00,8.219353715244182e-05,1230.959831464249,8.219353715244182e-05,0.0,cash
2007-12-06 22:00:00+00:00,8.219353715288591e-05,1231.06100840689,8.219353715288591e-05,0.0,cash
2007-12-07 22:00:00+00:00,8.219353715199773e-05,1231.162193665621,8.219353715199773e-05,0.0,cash
2007-12-10 22:00:00+00:00,0.0002465813210268397,1231.4657752657336,0.0002465813210268397,0.0,cash
2007-12-11 22:00:00+00:00,8.219353715244182e-05,1231.5669937936848,8.219353715244182e-05,0.0,cash
2007-12-12 22:00:00+00:00,8.219353715288591e-05,1231.6682206411454,8.219353715288591e-05,0.0,cash
2007-12-13 22:00:00+00:00,8.219353715266386e-05,1231.7694558087983,8.219353715266386e-05,0.0,cash
2007-12-14 22:00:00+00:00,8.219353715244182e-05,1231.8706992973275,8.219353715244182e-05,0.0,cash
2007-12-17 22:00:00+00:00,0.00024658132102661767,1232.1744556016943,0.00024658132102661767,0.0,cash
2007-12-18 22:00:00+00:00,8.219353715244182e-05,1232.275732378589,8.219353715244182e-05,0.0,cash
2007-12-19 22:00:00+00:00,8.219353715244182e-05,1232.3770174797803,8.219353715244182e-05,0.0,cash
2007-12-20 22:00:00+00:00,8.219353715266386e-05,1232.4783109059526,8.219353715266386e-05,0.0,cash
2007-12-21 22:00:00+00:00,8.219353715244182e-05,1232.5796126577895,8.219353715244182e-05,0.0,cash
2007-12-24 22:00:00+00:00,0.0002465812418417368,1232.8835436693475,0.0002465812418417368,0.0,cash
2007-12-26 22:00:00+00:00,0.00016438742908997384,1233.0862142254587,0.00016438742908997384,0.0,cash
2007-12-27 22:00:00+00:00,8.219353715244182e-05,1233.1875659430198,8.219353715244182e-05,0.0,cash
2007-12-28 22:00:00+00:00,8.219353715266386e-05,1233.2889259910373,8.219353715266386e-05,0.0,cash
2007-12-31 22:00:00+00:00,0.00024658132102661767,1233.5930320036157,0.00024658132102661767,0.0,cash
2008-01-02 22:00:00+00:00,0.0001643874290893077,1233.7958191906894,0.0001643874290893077,0.0,cash
2008-01-03 22:00:00+00:00,8.219353715244182e-05,1233.8972292331925,8.219353715244182e-05,0.0,cash
2008-01-04 22:00:00+00:00,8.219353715266386e-05,1233.9986476109461,8.219353715266386e-05,0.0,cash
2008-01-07 22:00:00+00:00,0.0002465813210268397,1234.3029286276194,0.0002465813210268397,0.0,cash
2008-01-08 22:00:00+00:00,8.219353715221978e-05,1234.4043803512407,8.219353715221978e-05,0.0,cash
2008-01-09 22:00:00+00:00,8.219353715221978e-05,1234.505840413538,8.219353715221978e-05,0.0,cash
2008-01-10 22:00:00+00:00,8.219353715221978e-05,1234.6073088151966,8.219353715221978e-05,0.0,cash
2008-01-11 22:00:00+00:00,8.219353715221978e-05,1234.708785556902,8.219353715221978e-05,0.0,cash
2008-01-14 22:00:00+00:00,0.0002465813210268397,1235.013241680328,0.0002465813210268397,0.0,cash
2008-01-15 22:00:00+00:00,8.219353715266386e-05,1235.1147517870922,8.219353715266386e-05,0.0,cash
2008-01-16 22:00:00+00:00,8.219353715266386e-05,1235.216270237331,8.219353715266386e-05,0.0,cash
2008-01-17 22:00:00+00:00,8.219353715221978e-05,1235.3177970317297,8.219353715221978e-05,0.0,cash
2008-01-18 22:00:00+00:00,8.219353715221978e-05,1235.4193321709747,8.219353715221978e-05,0.0,cash
2008-01-22 22:00:00+00:00,0.0003287752129641497,1235.8255074250092,0.0003287752129641497,0.0,cash
2008-01-23 22:00:00+00:00,8.219353715244182e-05,1235.9270842947676,8.219353715244182e-05,0.0,cash
2008-01-24 22:00:00+00:00,8.219353715266386e-05,1236.0286695134885,8.219353715266386e-05,0.0,cash
2008-01-25 22:00:00+00:00,8.219353715221978e-05,1236.1302630818573,8.219353715221978e-05,0.0,cash
2008-01-28 22:00:00+00:00,0.0002465813210272838,1236.4350697150899,0.0002465813210272838,0.0,cash
2008-01-29 22:00:00+00:00,8.219353715244182e-05,1236.5366966869292,8.219353715244182e-05,0.0,cash
2008-01-30 22:00:00+00:00,8.219353715221978e-05,1236.6383320118484,8.219353715221978e-05,0.0,cash
2008-01-31 22:00:00+00:00,8.219353715199773e-05,1236.7399756905343,8.219353715199773e-05,0.0,cash
2008-02-01 22:00:00+00:00,8.219353715266386e-05,1236.8416277236743,8.219353715266386e-05,0.0,cash
2008-02-04 22:00:00+00:00,0.0002465813210268397,1237.1466097661394,0.0002465813210268397,0.0,cash
2008-02-05 22:00:00+00:00,8.219353715244182e-05,1237.248295221972,8.219353715244182e-05,0.0,cash
2008-02-06 22:00:00+00:00,8.219353715221978e-05,1237.3499890356918,8.219353715221978e-05,0.0,cash
2008-02-07 22:00:00+00:00,8.219353715266386e-05,1237.4516912079864,8.219353715266386e-05,0.0,cash
2008-02-08 22:00:00+00:00,8.219353715244182e-05,1237.553401739542,8.219353715244182e-05,0.0,cash
2008-02-11 22:00:00+00:00,0.00024658132102706176,1237.8585592921845,0.00024658132102706176,0.0,cash
2008-02-12 22:00:00+00:00,8.219353715266386e-05,1237.9603032656673,8.219353715266386e-05,0.0,cash
2008-02-13 22:00:00+00:00,8.219353715221978e-05,1238.0620556018469,8.219353715221978e-05,0.0,cash
2008-02-14 22:00:00+00:00,8.219353715221978e-05,1238.1638163014106,8.219353715221978e-05,0.0,cash
2008-02-15 22:00:00+00:00,8.219353715244182e-05,1238.2655853650467,8.219353715244182e-05,0.0,cash
2008-02-19 22:00:00+00:00,0.0003287752129641497,1238.6726963965812,0.0003287752129641497,0.0,cash
2008-02-20 22:00:00+00:00,8.219353715244182e-05,1238.7745072868722,8.219353715244182e-05,0.0,cash
2008-02-21 22:00:00+00:00,8.219353715266386e-05,1238.8763265453606,8.219353715266386e-05,0.0,cash
2008-02-22 22:00:00+00:00,8.219353715266386e-05,1238.978154172734,8.219353715266386e-05,0.0,cash
2008-02-25 22:00:00+00:00,0.0002465813210268397,1239.2836630427134,0.0002465813210268397,0.0,cash
2008-02-26 22:00:00+00:00,8.219353715244182e-05,1239.3855241505141,8.219353715244182e-05,0.0,cash
2008-02-27 22:00:00+00:00,8.219353715244182e-05,1239.4873936306396,8.219353715244182e-05,0.0,cash
2008-02-28 22:00:00+00:00,8.219353715244182e-05,1239.589271483778,8.219353715244182e-05,0.0,cash
2008-02-29 22:00:00+00:00,8.219353715244182e-05,1239.6911577106175,8.219353715244182e-05,0.0,cash
2008-03-03 22:00:00+00:00,0.0002465813210272838,1239.9968423939515,0.0002465813210272838,0.0,cash
2008-03-04 22:00:00+00:00,8.219353715244182e-05,1240.0987621204858,8.219353715244182e-05,0.0,cash
2008-03-05 22:00:00+00:00,8.219353715244182e-05,1240.2006902241628,8.219353715244182e-05,0.0,cash
2008-03-06 22:00:00+00:00,8.219353715266386e-05,1240.3026267056716,8.219353715266386e-05,0.0,cash
2008-03-07 22:00:00+00:00,8.219353715221978e-05,1240.4045715656998,8.219353715221978e-05,0.0,cash
2008-03-10 21:00:00+00:00,0.00024315657553009018,1240.7061840935935,0.00024315657553009018,0.0,cash
2008-03-11 21:00:00+00:00,8.219353715244182e-05,1240.808162123431,8.219353715244182e-05,0.0,cash
2008-03-12 21:00:00+00:00,8.219353715244182e-05,1240.9101485352035,8.219353715244182e-05,0.0,cash
2008-03-13 21:00:00+00:00,8.219353715199773e-05,1241.0121433295994,8.219353715199773e-05,0.0,cash
2008-03-14 21:00:00+00:00,8.219353715244182e-05,1241.1141465073088,8.219353715244182e-05,0.0,cash
2008-03-17 21:00:00+00:00,0.0002465813210268397,1241.4201820730996,0.0002465813210268397,0.0,cash
2008-03-18 21:00:00+00:00,8.219353715221978e-05,1241.5222187889563,8.219353715221978e-05,0.0,cash
2008-03-19 21:00:00+00:00,8.219353715244182e-05,1241.624263891572,8.219353715244182e-05,0.0,cash
2008-03-20 21:00:00+00:00,8.219353715266386e-05,1241.7263173816357,8.219353715266386e-05,0.0,cash
2008-03-24 21:00:00+00:00,0.0003287752129641497,1242.134566216076,0.0003287752129641497,0.0,cash
2008-03-25 21:00:00+00:00,8.219353715266386e-05,1242.236661649693,8.219353715266386e-05,0.0,cash
2008-03-26 21:00:00+00:00,8.219353715288591e-05,1242.338765474895,8.219353715288591e-05,0.0,cash
2008-03-27 21:00:00+00:00,8.219353715244182e-05,1242.4408776923708,8.219353715244182e-05,0.0,cash
2008-03-28 21:00:00+00:00,8.219353715221978e-05,1242.542998302811,8.219353715221978e-05,0.0,cash
2008-03-31 21:00:00+00:00,0.0002465813210268397,1242.849386196765,0.0002465813210268397,0.0,cash
2008-04-01 21:00:00+00:00,8.219353715221978e-05,1242.951540383964,8.219353715221978e-05,0.0,cash
2008-04-02 21:00:00+00:00,8.219353715244182e-05,1243.053702967577,8.219353715244182e-05,0.0,cash
2008-04-03 21:00:00+00:00,8.219353715221978e-05,1243.1558739482941,8.219353715221978e-05,0.0,cash
2008-04-04 21:00:00+00:00,8.219353715288591e-05,1243.2580533268062,8.219353715288591e-05,0.0,cash
2008-04-07 21:00:00+00:00,0.00024658132102661767,1243.5646175399727,0.00024658132102661767,0.0,cash
2008-04-08 21:00:00+00:00,8.219353715244182e-05,1243.6668305145658,8.219353715244182e-05,0.0,cash
2008-04-09 21:00:00+00:00,8.219353715266386e-05,1243.7690518904053,8.219353715266386e-05,0.0,cash
2008-04-10 21:00:00+00:00,8.219353715288591e-05,1243.8712816681814,8.219353715288591e-05,0.0,cash
2008-04-11 21:00:00+00:00,8.219353715266386e-05,1243.9735198485844,8.219353715266386e-05,0.0,cash
2008-04-14 21:00:00+00:00,0.00024658132102706176,1244.2802604824312,0.00024658132102706176,0.0,cash
2008-04-15 21:00:00+00:00,8.219353715221978e-05,1244.382532278249,8.219353715221978e-05,0.0,cash
2008-04-16 21:00:00+00:00,8.219353715221978e-05,1244.4848124801474,8.219353715221978e-05,0.0,cash
2008-04-17 21:00:00+00:00,8.219353715221978e-05,1244.5871010888175,8.219353715221978e-05,0.0,cash
2008-04-18 21:00:00+00:00,8.219353715244182e-05,1244.6893981049502,8.219353715244182e-05,0.0,cash
2008-04-21 21:00:00+00:00,0.0002465813210268397,1244.996315261003,0.0002465813210268397,0.0,cash
2008-04-22 21:00:00+00:00,8.219353715244182e-05,1245.098645911896,8.219353715244182e-05,0.0,cash
2008-04-23 21:00:00+00:00,8.219353715244182e-05,1245.2009849737071,8.219353715244182e-05,0.0,cash
2008-04-24 21:00:00+00:00,8.219353715244182e-05,1245.3033324471278,8.219353715244182e-05,0.0,cash
2008-04-25 21:00:00+00:00,8.219353715244182e-05,1245.4056883328494,8.219353715244182e-05,0.0,cash
2008-04-28 21:00:00+00:00,0.00024658132102706176,1245.712782112693,0.00024658132102706176,0.0,cash
2008-04-29 21:00:00+00:00,8.219353715221978e-05,1245.8151716525306,8.219353715221978e-05,0.0,cash
2008-04-30 21:00:00+00:00,8.219353715221978e-05,1245.9175696081265,8.219353715221978e-05,0.0,cash
2008-05-01 21:00:00+00:00,8.219353715244182e-05,1246.019975980173,8.219353715244182e-05,0.0,cash
2008-05-02 21:00:00+00:00,8.219353715310795e-05,1246.1223907693623,8.219353715310795e-05,0.0,cash
2008-05-05 21:00:00+00:00,0.0002465813210272838,1246.4296612746398,0.0002465813210272838,0.0,cash
2008-05-06 21:00:00+00:00,8.219353715221978e-05,1246.5321097373114,8.219353715221978e-05,0.0,cash
2008-05-07 21:00:00+00:00,8.219353715244182e-05,1246.6345666205848,8.219353715244182e-05,0.0,cash
2008-05-08 21:00:00+00:00,8.219353715221978e-05,1246.7370319251515,8.219353715221978e-05,0.0,cash
2008-05-09 21:00:00+00:00,8.219353715221978e-05,1246.8395056517043,8.219353715221978e-05,0.0,cash
2008-05-12 21:00:00+00:00,0.00024658132102661767,1247.146952984116,0.00024658132102661767,0.0,cash
2008-05-13 21:00:00+00:00,8.219353715221978e-05,1247.2494604035305,8.219353715221978e-05,0.0,cash
2008-05-14 21:00:00+00:00,8.219353715244182e-05,1247.3519762483925,8.219353715244182e-05,0.0,cash
2008-05-15 21:00:00+00:00,8.219353715244182e-05,1247.4545005193943,8.219353715244182e-05,0.0,cash
2008-05-16 21:00:00+00:00,8.219353715244182e-05,1247.5570332172288,8.219353715244182e-05,0.0,cash
2008-05-19 21:00:00+00:00,0.0002465813210268397,1247.8646574785357,0.0002465813210268397,0.0,cash
2008-05-20 21:00:00+00:00,8.219353715221978e-05,1247.9672238886212,8.219353715221978e-05,0.0,cash
2008-05-21 21:00:00+00:00,8.219353715221978e-05,1248.0697987290027,8.219353715221978e-05,0.0,cash
2008-05-22 21:00:00+00:00,8.219353715244182e-05,1248.1723820003733,8.219353715244182e-05,0.0,cash
2008-05-23 21:00:00+00:00,8.219353715244182e-05,1248.274973703426,8.219353715244182e-05,0.0,cash
2008-05-27 21:00:00+00:00,0.0003287752129641497,1248.6853755737432,0.0003287752129641497,0.0,cash
2008-05-28 21:00:00+00:00,8.219353715266386e-05,1248.7880094415525,8.219353715266386e-05,0.0,cash
2008-05-29 21:00:00+00:00,8.219353715266386e-05,1248.8906517452024,8.219353715266386e-05,0.0,cash
2008-05-30 21:00:00+00:00,8.219353715244182e-05,1248.9933024853858,8.219353715244182e-05,0.0,cash
2008-06-02 21:00:00+00:00,0.00024658132102661767,1249.301280903866,0.00024658132102661767,0.0,cash
2008-06-03 21:00:00+00:00,8.219353715199773e-05,1249.403965395112,8.219353715199773e-05,0.0,cash
2008-06-04 21:00:00+00:00,8.219353715244182e-05,1249.5066583263601,8.219353715244182e-05,0.0,cash
2008-06-05 21:00:00+00:00,8.219353715288591e-05,1249.6093596983042,8.219353715288591e-05,0.0,cash
2008-06-06 21:00:00+00:00,8.219353715221978e-05,1249.7120695116364,8.219353715221978e-05,0.0,cash
2008-06-09 21:00:00+00:00,0.0002465813210268397,1250.02022516464,0.0002465813210268397,0.0,cash
2008-06-10 21:00:00+00:00,8.219353715221978e-05,1250.122968748458,8.219353715221978e-05,0.0,cash
2008-06-11 21:00:00+00:00,8.219353715221978e-05,1250.2257207771347,8.219353715221978e-05,0.0,cash
2008-06-12 21:00:00+00:00,8.219353715199773e-05,1250.3284812513639,8.219353715199773e-05,0.0,cash
2008-06-13 21:00:00+00:00,8.219353715221978e-05,1250.43125017184,8.219353715221978e-05,0.0,cash
2008-06-16 21:00:00+00:00,0.00024658132102706176,1250.739583161361,0.00024658132102706176,0.0,cash
2008-06-17 21:00:00+00:00,8.219353715244182e-05,1250.8423858717576,8.219353715244182e-05,0.0,cash
2008-06-18 21:00:00+00:00,8.219353715266386e-05,1250.9451970318728,8.219353715266386e-05,0.0,cash
2008-06-19 21:00:00+00:00,8.219353715244182e-05,1251.0480166424006,8.219353715244182e-05,0.0,cash
2008-06-20 21:00:00+00:00,8.219353715244182e-05,1251.150844704036,8.219353715244182e-05,0.0,cash
2008-06-23 21:00:00+00:00,0.00024658132102706176,1251.4593551321273,0.00024658132102706176,0.0,cash
2008-06-24 21:00:00+00:00,8.219353715244182e-05,1251.5622170031281,8.219353715244182e-05,0.0,cash
2008-06-25 21:00:00+00:00,8.219353715244182e-05,1251.66508732871,8.219353715244182e-05,0.0,cash
2008-06-26 21:00:00+00:00,8.219353715244182e-05,1251.7679661095676,8.219353715244182e-05,0.0,cash
2008-06-27 21:00:00+00:00,8.219353715221978e-05,1251.870853346396,8.219353715221978e-05,0.0,cash
2008-06-30 21:00:00+00:00,0.0002465813210268397,1252.179541315169,0.0002465813210268397,0.0,cash
2008-07-01 21:00:00+00:00,8.219353715221978e-05,1252.2824623808194,8.219353715221978e-05,0.0,cash
2008-07-02 21:00:00+00:00,8.219353715244182e-05,1252.3853919059165,8.219353715244182e-05,0.0,cash
2008-07-03 21:00:00+00:00,8.219345798066158e-05,1252.4883297920017,8.219345798066158e-05,0.0,cash
2008-07-07 21:00:00+00:00,0.00032877521296437173,1252.9001169093644,0.00032877521296437173,0.0,cash
2008-07-08 21:00:00+00:00,8.219353715244182e-05,1253.0030972016718,8.219353715244182e-05,0.0,cash
2008-07-09 21:00:00+00:00,8.219353715177569e-05,1253.106085958293,8.219353715177569e-05,0.0,cash
2008-07-10 21:00:00+00:00,8.219353715244182e-05,1253.2090831799253,8.219353715244182e-05,0.0,cash
2008-07-11 21:00:00+00:00,8.219353715221978e-05,1253.3120888672631,8.219353715221978e-05,0.0,cash
2008-07-14 21:00:00+00:00,0.00024658132102706176,1253.621132217795,0.00024658132102706176,0.0,cash
2008-07-15 21:00:00+00:00,8.219353715244182e-05,1253.7241717729012,8.219353715244182e-05,0.0,cash
2008-07-16 21:00:00+00:00,8.219353715244182e-05,1253.8272197971926,8.219353715244182e-05,0.0,cash
2008-07-17 21:00:00+00:00,8.219353715221978e-05,1253.9302762913653,8.219353715221978e-05,0.0,cash
2008-07-18 21:00:00+00:00,8.219353715221978e-05,1254.033341256116,8.219353715221978e-05,0.0,cash
2008-07-21 21:00:00+00:00,0.00024658132102661767,1254.3425624540143,0.00024658132102661767,0.0,cash
2008-07-22 21:00:00+00:00,8.219353715221978e-05,1254.445661306023,8.219353715221978e-05,0.0,cash
2008-07-23 21:00:00+00:00,8.219353715244182e-05,1254.5487686320914,8.219353715244182e-05,0.0,cash
2008-07-24 21:00:00+00:00,8.219353715266386e-05,1254.6518844329157,8.219353715266386e-05,0.0,cash
2008-07-25 21:00:00+00:00,8.219353715244182e-05,1254.7550087091922,8.219353715244182e-05,0.0,cash
2008-07-28 21:00:00+00:00,0.0002465813210268397,1255.0644078568048,0.0002465813210268397,0.0,cash
2008-07-29 21:00:00+00:00,8.219353715221978e-05,1255.1675660398405,8.219353715221978e-05,0.0,cash
2008-07-30 21:00:00+00:00,8.219353715199773e-05,1255.2707327018118,8.219353715199773e-05,0.0,cash
2008-07-31 21:00:00+00:00,8.219353715199773e-05,1255.373907843416,8.219353715199773e-05,0.0,cash
2008-08-01 21:00:00+00:00,8.219353715244182e-05,1255.4770914653504,8.219353715244182e-05,0.0,cash
2008-08-04 21:00:00+00:00,0.00024658132102661767,1255.7866686650827,0.00024658132102661767,0.0,cash
2008-08-05 21:00:00+00:00,8.219353715288591e-05,1255.8898862132899,8.219353715288591e-05,0.0,cash
2008-08-06 21:00:00+00:00,8.219353715244182e-05,1255.9931122453117,8.219353715244182e-05,0.0,cash
2008-08-07 21:00:00+00:00,8.219353715266386e-05,1256.0963467618465,8.219353715266386e-05,0.0,cash
2008-08-08 21:00:00+00:00,8.219353715266386e-05,1256.1995897635913,8.219353715266386e-05,0.0,cash
2008-08-11 21:00:00+00:00,0.0002465813210272838,1256.509345117909,0.0002465813210272838,0.0,cash
2008-08-12 21:00:00+00:00,8.219353715244182e-05,1256.6126220654494,8.219353715244182e-05,0.0,cash
2008-08-13 21:00:00+00:00,8.219353715266386e-05,1256.7159075016875,8.219353715266386e-05,0.0,cash
2008-08-14 21:00:00+00:00,8.219353715221978e-05,1256.8192014273206,8.219353715221978e-05,0.0,cash
2008-08-15 21:00:00+00:00,8.219353715244182e-05,1256.922503843047,8.219353715244182e-05,0.0,cash
2008-08-18 21:00:00+00:00,0.0002465813210268397,1257.232437454473,0.0002465813210268397,0.0,cash
2008-08-19 21:00:00+00:00,8.219353715244182e-05,1257.33577383553,8.219353715244182e-05,0.0,cash
2008-08-20 21:00:00+00:00,8.219353715221978e-05,1257.4391187101696,8.219353715221978e-05,0.0,cash
2008-08-21 21:00:00+00:00,8.219353715244182e-05,1257.5424720790902,8.219353715244182e-05,0.0,cash
2008-08-22 21:00:00+00:00,8.219353715244182e-05,1257.6458339429898,8.219353715244182e-05,0.0,cash
2008-08-25 21:00:00+00:00,0.00024658132102706176,1257.9559459141078,0.00024658132102706176,0.0,cash
2008-08-26 21:00:00+00:00,8.219353715266386e-05,1258.0593417628847,8.219353715266386e-05,0.0,cash
2008-08-27 21:00:00+00:00,8.219353715221978e-05,1258.1627461101316,8.219353715221978e-05,0.0,cash
2008-08-28 21:00:00+00:00,8.219353715244182e-05,1258.2661589565478,8.219353715244182e-05,0.0,cash
2008-08-29 21:00:00+00:00,8.219353715244182e-05,1258.3695803028318,8.219353715244182e-05,0.0,cash
2008-09-02 21:00:00+00:00,0.0003287752129641497,1258.7833010295833,0.0003287752129641497,0.0,cash
2008-09-03 21:00:00+00:00,8.219353715266386e-05,1258.8867648816035,8.219353715266386e-05,0.0,cash
2008-09-04 21:00:00+00:00,8.219353715221978e-05,1258.9902372376832,8.219353715221978e-05,0.0,cash
2008-09-05 21:00:00+00:00,8.219353715221978e-05,1259.093718098522,8.219353715221978e-05,0.0,cash
2008-09-08 21:00:00+00:00,0.00024658132102706176,1259.4041870908277,0.00024658132102706176,0.0,cash
2008-09-09 21:00:00+00:00,8.219353715244182e-05,1259.5077019756693,8.219353715244182e-05,0.0,cash
2008-09-10 21:00:00+00:00,8.219353715221978e-05,1259.6112253687652,8.219353715221978e-05,0.0,cash
2008-09-11 21:00:00+00:00,8.219353715221978e-05,1259.714757270815,8.219353715221978e-05,0.0,cash
2008-09-12 21:00:00+00:00,8.219353715244182e-05,1259.8182976825183,8.219353715244182e-05,0.0,cash
2008-09-15 21:00:00+00:00,0.0002465813210272838,1260.1289453426152,0.0002465813210272838,0.0,cash
2008-09-16 21:00:00+00:00,8.219353715288591e-05,1260.2325197979017,8.219353715288591e-05,0.0,cash
2008-09-17 21:00:00+00:00,8.219353715221978e-05,1260.3361027663382,8.219353715221978e-05,0.0,cash
2008-09-18 21:00:00+00:00,8.219353715221978e-05,1260.439694248625,8.219353715221978e-05,0.0,cash
2008-09-19 21:00:00+00:00,8.219353715177569e-05,1260.543294245462,8.219353715177569e-05,0.0,cash
2008-09-22 21:00:00+00:00,0.0002465813210272838,1260.854120676169,0.0002465813210272838,0.0,cash
2008-09-23 21:00:00+00:00,8.219353715244182e-05,1260.9577547361805,8.219353715244182e-05,0.0,cash
2008-09-24 21:00:00+00:00,8.219353715221978e-05,1261.0613973142417,8.219353715221978e-05,0.0,cash
2008-09-25 21:00:00+00:00,8.219353715310795e-05,1261.1650484110542,8.219353715310795e-05,0.0,cash
2008-09-26 21:00:00+00:00,8.219353715244182e-05,1261.268708027316,8.219353715244182e-05,0.0,cash
2008-09-29 21:00:00+00:00,0.0002465813210268397,1261.5797133315114,0.0002465813210268397,0.0,cash
2008-09-30 21:00:00+00:00,8.219353715221978e-05,1261.6834070305497,8.219353715221978e-05,0.0,cash
2008-10-01 21:00:00+00:00,8.219353715221978e-05,1261.7871092525397,8.219353715221978e-05,0.0,cash
2008-10-02 21:00:00+00:00,8.219353715244182e-05,1261.8908199981827,8.219353715244182e-05,0.0,cash
2008-10-03 21:00:00+00:00,8.219353715244182e-05,1261.9945392681786,8.219353715244182e-05,0.0,cash
2008-10-06 21:00:00+00:00,0.00024658132102706176,1262.3057235488002,0.00024658132102706176,0.0,cash
2008-10-07 21:00:00+00:00,8.219353715244182e-05,1262.4094769211863,8.219353715244182e-05,0.0,cash
2008-10-08 21:00:00+00:00,8.219353715244182e-05,1262.5132388214292,8.219353715244182e-05,0.0,cash
2008-10-09 21:00:00+00:00,8.219353715221978e-05,1262.6170092502296,8.219353715221978e-05,0.0,cash
2008-10-10 21:00:00+00:00,8.219353715221978e-05,1262.7207882082885,8.219353715221978e-05,0.0,cash
2008-10-13 21:00:00+00:00,0.00024658132102639563,1263.0321515683324,0.00024658132102639563,0.0,cash
2008-10-14 21:00:00+00:00,8.219353715221978e-05,1263.1359646484068,8.219353715221978e-05,0.0,cash
2008-10-15 21:00:00+00:00,8.219353715244182e-05,1263.2397862612456,8.219353715244182e-05,0.0,cash
2008-10-16 21:00:00+00:00,8.219353715221978e-05,1263.34361640755,8.219353715221978e-05,0.0,cash
2008-10-17 21:00:00+00:00,8.219353715244182e-05,1263.4474550880213,8.219353715244182e-05,0.0,cash
2008-10-20 21:00:00+00:00,0.0002465813210268397,1263.758997630545,0.0002465813210268397,0.0,cash
2008-10-21 21:00:00+00:00,8.219353715244182e-05,1263.8628704526686,8.219353715244182e-05,0.0,cash
2008-10-22 21:00:00+00:00,8.219353715221978e-05,1263.9667518124666,8.219353715221978e-05,0.0,cash
2008-10-23 21:00:00+00:00,8.219353715244182e-05,1264.070641710641,8.219353715244182e-05,0.0,cash
2008-10-24 21:00:00+00:00,8.219353715221978e-05,1264.1745401478934,8.219353715221978e-05,0.0,cash
2008-10-27 21:00:00+00:00,0.00024658132102706176,1264.4862619760117,0.00024658132102706176,0.0,cash
2008-10-28 21:00:00+00:00,8.219353715288591e-05,1264.5901945745647,8.219353715288591e-05,0.0,cash
2008-10-29 21:00:00+00:00,8.219353715244182e-05,1264.6941357157052,8.219353715244182e-05,0.0,cash
2008-10-30 21:00:00+00:00,8.219353715244182e-05,1264.7980854001355,8.219353715244182e-05,0.0,cash
2008-10-31 21:00:00+00:00,8.219353715244182e-05,1264.9020436285582,8.219353715244182e-05,0.0,cash
2008-11-03 22:00:00+00:00,0.00025000606652447743,1265.2182768130247,0.00025000606652447743,0.0,cash
2008-11-04 22:00:00+00:00,8.219353715266386e-05,1265.3222695784661,8.219353715266386e-05,0.0,cash
2008-11-05 22:00:00+00:00,8.219353715244182e-05,1265.4262708914405,8.219353715244182e-05,0.0,cash
2008-11-06 22:00:00+00:00,8.219353715244182e-05,1265.5302807526507,8.219353715244182e-05,0.0,cash
2008-11-07 22:00:00+00:00,8.219353715244182e-05,1265.6342991627992,8.219353715244182e-05,0.0,cash
2008-11-10 22:00:00+00:00,0.0002465813210268397,1265.9463809402237,0.0002465813210268397,0.0,cash
2008-11-11 22:00:00+00:00,8.219353715221978e-05,1266.0504335511182,8.219353715221978e-05,0.0,cash
2008-11-12 22:00:00+00:00,8.219353715244182e-05,1266.1544947144653,8.219353715244182e-05,0.0,cash
2008-11-13 22:00:00+00:00,8.219353715244182e-05,1266.2585644309675,8.219353715244182e-05,0.0,cash
2008-11-14 22:00:00+00:00,8.219353715221978e-05,1266.3626427013273,8.219353715221978e-05,0.0,cash
2008-11-17 22:00:00+00:00,0.0002465813210268397,1266.6749040746638,0.0002465813210268397,0.0,cash
2008-11-18 22:00:00+00:00,8.219353715244182e-05,1266.779016565452,8.219353715244182e-05,0.0,cash
2008-11-19 22:00:00+00:00,8.219353715221978e-05,1266.8831376136136,8.219353715221978e-05,0.0,cash
2008-11-20 22:00:00+00:00,8.219353715266386e-05,1266.9872672198533,8.219353715266386e-05,0.0,cash
2008-11-21 22:00:00+00:00,8.219353715221978e-05,1267.0914053848728,8.219353715221978e-05,0.0,cash
2008-11-24 22:00:00+00:00,0.0002465813210268397,1267.4038464574744,0.0002465813210268397,0.0,cash
2008-11-25 22:00:00+00:00,8.219353715266386e-05,1267.5080188626157,8.219353715266386e-05,0.0,cash
2008-11-26 22:00:00+00:00,8.219353715221978e-05,1267.6121998300548,8.219353715221978e-05,0.0,cash
2008-11-28 22:00:00+00:00,0.00016438734991086612,1267.8205792402996,0.00016438734991086612,0.0,cash
2008-12-01 22:00:00+00:00,0.0002465813210268397,1268.1332001135538,0.0002465813210268397,0.0,cash
2008-12-02 22:00:00+00:00,8.219353715266386e-05,1268.237432466852,8.219353715266386e-05,0.0,cash
2008-12-03 22:00:00+00:00,8.219353715266386e-05,1268.3416733873757,8.219353715266386e-05,0.0,cash
2008-12-04 22:00:00+00:00,8.219353715244182e-05,1268.4459228758292,8.219353715244182e-05,0.0,cash
2008-12-05 22:00:00+00:00,8.219353715221978e-05,1268.5501809329166,8.219353715221978e-05,0.0,cash
2008-12-08 22:00:00+00:00,0.0002465813210268397,1268.8629817123199,0.0002465813210268397,0.0,cash
2008-12-09 22:00:00+00:00,8.219353715244182e-05,1268.9672740489486,8.219353715244182e-05,0.0,cash
2008-12-10 22:00:00+00:00,8.219353715221978e-05,1269.0715749577332,8.219353715221978e-05,0.0,cash
2008-12-11 22:00:00+00:00,8.219353715244182e-05,1269.1758844393785,8.219353715244182e-05,0.0,cash
2008-12-12 22:00:00+00:00,8.219353715244182e-05,1269.280202494589,8.219353715244182e-05,0.0,cash
2008-12-15 22:00:00+00:00,0.0002465813210268397,1269.5931832836734,0.0002465813210268397,0.0,cash
2008-12-16 22:00:00+00:00,8.219353715244182e-05,1269.6975356381522,8.219353715244182e-05,0.0,cash
2008-12-17 22:00:00+00:00,8.219353715244182e-05,1269.8018965697202,8.219353715244182e-05,0.0,cash
2008-12-18 22:00:00+00:00,8.219353715266386e-05,1269.9062660790823,8.219353715266386e-05,0.0,cash
2008-12-19 22:00:00+00:00,8.219353715199773e-05,1270.010644166943,8.219353715199773e-05,0.0,cash
2008-12-22 22:00:00+00:00,0.0002465813210272838,1270.3238050693003,0.0002465813210272838,0.0,cash
2008-12-23 22:00:00+00:00,8.219353715221978e-05,1270.4282174761677,8.219353715221978e-05,0.0,cash
2008-12-24 22:00:00+00:00,8.219345798021749e-05,1270.5326383644776,8.219345798021749e-05,0.0,cash
2008-12-26 22:00:00+00:00,0.0001643874290897518,1270.741497958473,0.0001643874290897518,0.0,cash
2008-12-29 22:00:00+00:00,0.00024658132102706176,1271.0548390757235,0.00024658132102706176,0.0,cash
2008-12-30 22:00:00+00:00,8.219353715221978e-05,1271.1593115688615,8.219353715221978e-05,0.0,cash
2008-12-31 22:00:00+00:00,8.219353715244182e-05,1271.2637926489638,8.219353715244182e-05,0.0,cash
2009-01-02 22:00:00+00:00,0.00016438742908952975,1271.472772435532,0.00016438742908952975,0.0,cash
2009-01-05 22:00:00+00:00,0.00024658132102706176,1271.786293871409,0.00024658132102706176,0.0,cash
2009-01-06 22:00:00+00:00,8.219353715244182e-05,1271.8908264854044,8.219353715244182e-05,0.0,cash
2009-01-07 22:00:00+00:00,8.219353715221978e-05,1271.9953676913046,8.219353715221978e-05,0.0,cash
2009-01-08 22:00:00+00:00,8.219353715221978e-05,1272.0999174898163,8.219353715221978e-05,0.0,cash
2009-01-09 22:00:00+00:00,8.219353715221978e-05,1272.204475881646,8.219353715221978e-05,0.0,cash
2009-01-12 22:00:00+00:00,0.0002465813210268397,1272.5181777419252,0.0002465813210268397,0.0,cash
2009-01-13 22:00:00+00:00,8.219353715266386e-05,1272.6227705120448,8.219353715266386e-05,0.0,cash
2009-01-14 22:00:00+00:00,8.219353715288591e-05,1272.7273718790145,8.219353715288591e-05,0.0,cash
2009-01-15 22:00:00+00:00,8.219353715221978e-05,1272.8319818435398,8.219353715221978e-05,0.0,cash
2009-01-16 22:00:00+00:00,8.219353715244182e-05,1272.9366004063284,8.219353715244182e-05,0.0,cash
2009-01-20 22:00:00+00:00,0.0003287752129648158,1273.3551104082176,0.0003287752129648158,0.0,cash
2009-01-21 22:00:00+00:00,8.219353715266386e-05,1273.4597719687933,8.219353715266386e-05,0.0,cash
2009-01-22 22:00:00+00:00,8.219353715266386e-05,1273.5644421318732,8.219353715266386e-05,0.0,cash
2009-01-23 22:00:00+00:00,8.219353715244182e-05,1273.6691208981636,8.219353715244182e-05,0.0,cash
2009-01-26 22:00:00+00:00,0.00024658132102706176,1273.9831839125459,0.00024658132102706176,0.0,cash
2009-01-27 22:00:00+00:00,8.219353715244182e-05,1274.0878970967044,8.219353715244182e-05,0.0,cash
2009-01-28 22:00:00+00:00,8.219353715221978e-05,1274.1926188876096,8.219353715221978e-05,0.0,cash
2009-01-29 22:00:00+00:00,8.219353715244182e-05,1274.2973492859694,8.219353715244182e-05,0.0,cash
2009-01-30 22:00:00+00:00,8.219353715221978e-05,1274.4020882924908,8.219353715221978e-05,0.0,cash
2009-02-02 22:00:00+00:00,0.00024658132102706176,1274.7163320429415,0.00024658132102706176,0.0,cash
2009-02-03 22:00:00+00:00,8.219353715199773e-05,1274.8211054871376,8.219353715199773e-05,0.0,cash
2009-02-04 22:00:00+00:00,8.219353715221978e-05,1274.925887543034,8.219353715221978e-05,0.0,cash
2009-02-05 22:00:00+00:00,8.219353715266386e-05,1275.0306782113385,8.219353715266386e-05,0.0,cash
2009-02-06 22:00:00+00:00,8.219353715199773e-05,1275.135477492758,8.219353715199773e-05,0.0,cash
2009-02-09 22:00:00+00:00,0.00024658132102661767,1275.449902083286,0.00024658132102661767,0.0,cash
2009-02-10 22:00:00+00:00,8.219353715266386e-05,1275.554735822199,8.219353715266386e-05,0.0,cash
2009-02-11 22:00:00+00:00,8.219353715244182e-05,1275.6595781777678,8.219353715244182e-05,0.0,cash
2009-02-12 22:00:00+00:00,8.219353715244182e-05,1275.7644291507006,8.219353715244182e-05,0.0,cash
2009-02-13 22:00:00+00:00,8.219353715266386e-05,1275.869288741706,8.219353715266386e-05,0.0,cash
2009-02-17 22:00:00+00:00,0.0003287752129645938,1276.288762938827,0.0003287752129645938,0.0,cash
2009-02-18 22:00:00+00:00,8.219353715221978e-05,1276.3936656266806,8.219353715221978e-05,0.0,cash
2009-02-19 22:00:00+00:00,8.219353715244182e-05,1276.4985769368573,8.219353715244182e-05,0.0,cash
2009-02-20 22:00:00+00:00,8.219353715266386e-05,1276.603496870066,8.219353715266386e-05,0.0,cash
2009-02-23 22:00:00+00:00,0.0002465813210272838,1276.9182834467524,0.0002465813210272838,0.0,cash
2009-02-24 22:00:00+00:00,8.219353715221978e-05,1277.0232378771232,8.219353715221978e-05,0.0,cash
2009-02-25 22:00:00+00:00,8.219353715244182e-05,1277.1282009340703,8.219353715244182e-05,0.0,cash
2009-02-26 22:00:00+00:00,8.219353715221978e-05,1277.233172618302,8.219353715221978e-05,0.0,cash
2009-02-27 22:00:00+00:00,8.219353715221978e-05,1277.3381529305277,8.219353715221978e-05,0.0,cash
2009-03-02 22:00:00+00:00,0.00024658132102706176,1277.6531206596756,0.00024658132102706176,0.0,cash
2009-03-03 22:00:00+00:00,8.219353715199773e-05,1277.758135488916,8.219353715199773e-05,0.0,cash
2009-03-04 22:00:00+00:00,8.219353715244182e-05,1277.8631589496972,8.219353715244182e-05,0.0,cash
2009-03-05 22:00:00+00:00,8.219353715244182e-05,1277.968191042728,8.219353715244182e-05,0.0,cash
2009-03-06 22:00:00+00:00,8.219353715244182e-05,1278.0732317687182,8.219353715244182e-05,0.0,cash
2009-03-09 21:00:00+00:00,0.0002431565755296461,1278.3840036790311,0.0002431565755296461,0.0,cash
2009-03-10 21:00:00+00:00,8.219353715244182e-05,1278.4890785821326,8.219353715244182e-05,0.0,cash
2009-03-11 21:00:00+00:00,8.219353715221978e-05,1278.5941621217119,8.219353715221978e-05,0.0,cash
2009-03-12 21:00:00+00:00,8.219353715221978e-05,1278.6992542984788,8.219353715221978e-05,0.0,cash
2009-03-13 21:00:00+00:00,8.219353715221978e-05,1278.8043551131434,8.219353715221978e-05,0.0,cash
2009-03-16 21:00:00+00:00,0.00024658132102661767,1279.1196843803618,0.00024658132102661767,0.0,cash
2009-03-17 21:00:00+00:00,8.219353715221978e-05,1279.2248197516622,8.219353715221978e-05,0.0,cash
2009-03-18 21:00:00+00:00,8.219353715221978e-05,1279.3299637644104,8.219353715221978e-05,0.0,cash
2009-03-19 21:00:00+00:00,8.219353715221978e-05,1279.435116419317,8.219353715221978e-05,0.0,cash
2009-03-20 21:00:00+00:00,8.219353715244182e-05,1279.5402777170925,8.219353715244182e-05,0.0,cash
2009-03-23 21:00:00+00:00,0.00024658132102706176,1279.8557884490795,0.00024658132102706176,0.0,cash
2009-03-24 21:00:00+00:00,8.219353715244182e-05,1279.960984323377,8.219353715244182e-05,0.0,cash
2009-03-25 21:00:00+00:00,8.219353715266386e-05,1280.066188844096,8.219353715266386e-05,0.0,cash
2009-03-26 21:00:00+00:00,8.219353715244182e-05,1280.1714020119462,8.219353715244182e-05,0.0,cash
2009-03-27 21:00:00+00:00,8.219353715244182e-05,1280.276623827639,8.219353715244182e-05,0.0,cash
2009-03-30 21:00:00+00:00,0.00024658132102706176,1280.5923161288224,0.00024658132102706176,0.0,cash
2009-03-31 21:00:00+00:00,8.219353715266386e-05,1280.6975725409354,8.219353715266386e-05,0.0,cash
2009-04-01 21:00:00+00:00,8.219353715199773e-05,1280.8028376044447,8.219353715199773e-05,0.0,cash
2009-04-02 21:00:00+00:00,8.219353715266386e-05,1280.9081113200625,8.219353715266386e-05,0.0,cash
2009-04-03 21:00:00+00:00,8.219353715221978e-05,1281.0133936884988,8.219353715221978e-05,0.0,cash
2009-04-06 21:00:00+00:00,0.00024658132102706176,1281.329267663368,0.00024658132102706176,0.0,cash
2009-04-07 21:00:00+00:00,8.219353715221978e-05,1281.434584648134,8.219353715221978e-05,0.0,cash
2009-04-08 21:00:00+00:00,8.219353715266386e-05,1281.539910289276,8.219353715266386e-05,0.0,cash
2009-04-09 21:00:00+00:00,8.219353715199773e-05,1281.645244587504,8.219353715199773e-05,0.0,cash
2009-04-13 21:00:00+00:00,0.00032877521296437173,1282.066617775738,0.00032877521296437173,0.0,cash
2009-04-14 21:00:00+00:00,8.219353715244182e-05,1282.171995365918,8.219353715244182e-05,0.0,cash
2009-04-15 21:00:00+00:00,8.219353715221978e-05,1282.2773816174547,8.219353715221978e-05,0.0,cash
2009-04-16 21:00:00+00:00,8.219353715221978e-05,1282.3827765310602,8.219353715221978e-05,0.0,cash
2009-04-17 21:00:00+00:00,8.219353715288591e-05,1282.4881801074473,8.219353715288591e-05,0.0,cash
2009-04-20 21:00:00+00:00,0.00024658132102706176,1282.8044177370998,0.00024658132102706176,0.0,cash
2009-04-21 21:00:00+00:00,8.219353715266386e-05,1282.9098559696686,8.219353715266386e-05,0.0,cash
2009-04-22 21:00:00+00:00,8.219353715221978e-05,1283.0153028685781,8.219353715221978e-05,0.0,cash
2009-04-23 21:00:00+00:00,8.219353715199773e-05,1283.1207584345411,8.219353715199773e-05,0.0,cash
2009-04-24 21:00:00+00:00,8.219353715221978e-05,1283.2262226682703,8.219353715221978e-05,0.0,cash
2009-04-27 21:00:00+00:00,0.0002465813210268397,1283.5426422854323,0.0002465813210268397,0.0,cash
2009-04-28 21:00:00+00:00,8.219353715288591e-05,1283.6481411952882,8.219353715288591e-05,0.0,cash
2009-04-29 21:00:00+00:00,8.219353715244182e-05,1283.7536487764721,8.219353715244182e-05,0.0,cash
2009-04-30 21:00:00+00:00,8.219353715244182e-05,1283.8591650296974,8.219353715244182e-05,0.0,cash
2009-05-01 21:00:00+00:00,8.219353715288591e-05,1283.9646899556774,8.219353715288591e-05,0.0,cash
2009-05-04 21:00:00+00:00,0.00024658132102661767,1284.2812916650782,0.00024658132102661767,0.0,cash
2009-05-05 21:00:00+00:00,8.219353715244182e-05,1284.3868512871388,8.219353715244182e-05,0.0,cash
2009-05-06 21:00:00+00:00,8.219353715244182e-05,1284.492419585518,8.219353715244182e-05,0.0,cash
2009-05-07 21:00:00+00:00,8.219353715266386e-05,1284.5979965609297,8.219353715266386e-05,0.0,cash
2009-05-08 21:00:00+00:00,8.219353715199773e-05,1284.7035822140854,8.219353715199773e-05,0.0,cash
2009-05-11 21:00:00+00:00,0.0002465813210268397,1285.0203661205157,0.0002465813210268397,0.0,cash
2009-05-12 21:00:00+00:00,8.219353715288591e-05,1285.1259864897206,8.219353715288591e-05,0.0,cash
2009-05-13 21:00:00+00:00,8.219353715221978e-05,1285.2316155402364,8.219353715221978e-05,0.0,cash
2009-05-14 21:00:00+00:00,8.219353715221978e-05,1285.3372532727776,8.219353715221978e-05,0.0,cash
2009-05-15 21:00:00+00:00,8.219353715199773e-05,1285.4428996880574,8.219353715199773e-05,0.0,cash
2009-05-18 21:00:00+00:00,0.00024658132102706176,1285.7598658963673,0.00024658132102706176,0.0,cash
2009-05-19 21:00:00+00:00,8.219353715221978e-05,1285.8655470476738,8.219353715221978e-05,0.0,cash
2009-05-20 21:00:00+00:00,8.219353715244182e-05,1285.9712368852881,8.219353715244182e-05,0.0,cash
2009-05-21 21:00:00+00:00,8.219353715288591e-05,1286.0769354099245,8.219353715288591e-05,0.0,cash
2009-05-22 21:00:00+00:00,8.219353715266386e-05,1286.1826426222963,8.219353715266386e-05,0.0,cash
2009-05-26 21:00:00+00:00,0.0003287752129641497,1286.605507594535,0.0003287752129641497,0.0,cash
2009-05-27 21:00:00+00:00,8.219353715266386e-05,1286.7112582521243,8.219353715266386e-05,0.0,cash
2009-05-28 21:00:00+00:00,8.219353715244182e-05,1286.8170176017338,8.219353715244182e-05,0.0,cash
2009-05-29 21:00:00+00:00,8.219353715266386e-05,1286.9227856440789,8.219353715266386e-05,0.0,cash
2009-06-01 21:00:00+00:00,0.0002465813210268397,1287.2401167646226,0.0002465813210268397,0.0,cash
2009-06-02 21:00:00+00:00,8.219353715244182e-05,1287.345919582984,8.219353715244182e-05,0.0,cash
2009-06-03 21:00:00+00:00,8.219353715221978e-05,1287.451731097653,8.219353715221978e-05,0.0,cash
2009-06-04 21:00:00+00:00,8.219353715244182e-05,1287.557551309345,8.219353715244182e-05,0.0,cash
2009-06-05 21:00:00+00:00,8.219353715199773e-05,1287.663380218774,8.219353715199773e-05,0.0,cash
2009-06-08 21:00:00+00:00,0.0002465813210268397,1287.9808939561062,0.0002465813210268397,0.0,cash
2009-06-09 21:00:00+00:00,8.219353715199773e-05,1288.0867576615647,8.219353715199773e-05,0.0,cash
2009-06-10 21:00:00+00:00,8.219353715244182e-05,1288.192630068336,8.219353715244182e-05,0.0,cash
2009-06-11 21:00:00+00:00,8.219353715221978e-05,1288.2985111771347,8.219353715221978e-05,0.0,cash
2009-06-12 21:00:00+00:00,8.219353715266386e-05,1288.4044009886768,8.219353715266386e-05,0.0,cash
2009-06-15 21:00:00+00:00,0.0002465813210268397,1288.7220974478894,0.0002465813210268397,0.0,cash
2009-06-16 21:00:00+00:00,8.219353715244182e-05,1288.828022075485,8.219353715244182e-05,0.0,cash
2009-06-17 21:00:00+00:00,8.219353715221978e-05,1288.9339554094004,8.219353715221978e-05,0.0,cash
2009-06-18 21:00:00+00:00,8.219353715244182e-05,1289.0398974503514,8.219353715244182e-05,0.0,cash
2009-06-19 21:00:00+00:00,8.219353715244182e-05,1289.1458481990535,8.219353715244182e-05,0.0,cash
2009-06-22 21:00:00+00:00,0.0002465813210268397,1289.4637274852987,0.0002465813210268397,0.0,cash
2009-06-23 21:00:00+00:00,8.219353715244182e-05,1289.5697130700905,8.219353715244182e-05,0.0,cash
2009-06-24 21:00:00+00:00,8.219353715244182e-05,1289.6757073662125,8.219353715244182e-05,0.0,cash
2009-06-25 21:00:00+00:00,8.219353715288591e-05,1289.781710374381,8.219353715288591e-05,0.0,cash
2009-06-26 21:00:00+00:00,8.219353715244182e-05,1289.8877220953111,8.219353715244182e-05,0.0,cash
2009-06-29 21:00:00+00:00,0.0002465813210268397,1290.2057843138018,0.0002465813210268397,0.0,cash
2009-06-30 21:00:00+00:00,8.219353715221978e-05,1290.3118308908688,8.219353715221978e-05,0.0,cash
2009-07-01 21:00:00+00:00,8.219353715244182e-05,1290.4178861842793,8.219353715244182e-05,0.0,cash
2009-07-02 21:00:00+00:00,8.219353715244182e-05,1290.5239501947497,8.219353715244182e-05,0.0,cash
2009-07-06 21:00:00+00:00,0.00032877521296437173,1290.9482424813104,0.00032877521296437173,0.0,cash
2009-07-07 21:00:00+00:00,8.219353715244182e-05,1291.0543500836407,8.219353715244182e-05,0.0,cash
2009-07-08 21:00:00+00:00,8.219353715244182e-05,1291.1604664073302,8.219353715244182e-05,0.0,cash
2009-07-09 21:00:00+00:00,8.219353715244182e-05,1291.2665914530955,8.219353715244182e-05,0.0,cash
2009-07-10 21:00:00+00:00,8.219353715244182e-05,1291.3727252216538,8.219353715244182e-05,0.0,cash
2009-07-13 21:00:00+00:00,0.00024658132102706176,1291.6911536141772,0.00024658132102706176,0.0,cash
2009-07-14 21:00:00+00:00,8.219353715288591e-05,1291.7973222790017,8.219353715288591e-05,0.0,cash
2009-07-15 21:00:00+00:00,8.219353715221978e-05,1291.9034996702037,8.219353715221978e-05,0.0,cash
2009-07-16 21:00:00+00:00,8.219353715244182e-05,1292.0096857885012,8.219353715244182e-05,0.0,cash
2009-07-17 21:00:00+00:00,8.219353715199773e-05,1292.1158806346107,8.219353715199773e-05,0.0,cash
2009-07-20 21:00:00+00:00,0.00024658132102706176,1292.4344922753776,0.00024658132102706176,0.0,cash
2009-07-21 21:00:00+00:00,8.219353715221978e-05,1292.5407220378352,8.219353715221978e-05,0.0,cash
2009-07-22 21:00:00+00:00,8.219353715244182e-05,1292.646960531693,8.219353715244182e-05,0.0,cash
2009-07-23 21:00:00+00:00,8.219353715221978e-05,1292.753207757668,8.219353715221978e-05,0.0,cash
2009-07-24 21:00:00+00:00,8.219353715244182e-05,1292.8594637164788,8.219353715244182e-05,0.0,cash
2009-07-27 21:00:00+00:00,0.00024658132102706176,1293.1782587109442,0.00024658132102706176,0.0,cash
2009-07-28 21:00:00+00:00,8.219353715244182e-05,1293.2845496061962,8.219353715244182e-05,0.0,cash
2009-07-29 21:00:00+00:00,8.219353715244182e-05,1293.3908492378728,8.219353715244182e-05,0.0,cash
2009-07-30 21:00:00+00:00,8.219353715266386e-05,1293.4971576066926,8.219353715266386e-05,0.0,cash
2009-07-31 21:00:00+00:00,8.219353715221978e-05,1293.6034747133726,8.219353715221978e-05,0.0,cash
2009-08-03 21:00:00+00:00,0.0002465813210268397,1293.9224531670525,0.0002465813210268397,0.0,cash
2009-08-04 21:00:00+00:00,8.219353715221978e-05,1294.028805230279,8.219353715221978e-05,0.0,cash
2009-08-05 21:00:00+00:00,8.219353715199773e-05,1294.1351660349574,8.219353715199773e-05,0.0,cash
2009-08-06 21:00:00+00:00,8.219353715221978e-05,1294.2415355818068,8.219353715221978e-05,0.0,cash
2009-08-07 21:00:00+00:00,8.219353715199773e-05,1294.3479138715454,8.219353715199773e-05,0.0,cash
2009-08-10 21:00:00+00:00,0.00024658132102706176,1294.6670758900163,0.00024658132102706176,0.0,cash
2009-08-11 21:00:00+00:00,8.219353715244182e-05,1294.7734891564187,8.219353715244182e-05,0.0,cash
2009-08-12 21:00:00+00:00,8.219353715244182e-05,1294.8799111693036,8.219353715244182e-05,0.0,cash
2009-08-13 21:00:00+00:00,8.219353715266386e-05,1294.9863419293906,8.219353715266386e-05,0.0,cash
2009-08-14 21:00:00+00:00,8.219353715266386e-05,1295.0927814373981,8.219353715266386e-05,0.0,cash
2009-08-17 21:00:00+00:00,0.00024658132102706176,1295.4121271262975,0.00024658132102706176,0.0,cash
2009-08-18 21:00:00+00:00,8.219353715221978e-05,1295.5186016310959,8.219353715221978e-05,0.0,cash
2009-08-19 21:00:00+00:00,8.219353715221978e-05,1295.6250848874104,8.219353715221978e-05,0.0,cash
2009-08-20 21:00:00+00:00,8.219353715244182e-05,1295.7315768959606,8.219353715244182e-05,0.0,cash
2009-08-21 21:00:00+00:00,8.219353715266386e-05,1295.838077657466,8.219353715266386e-05,0.0,cash
2009-08-24 21:00:00+00:00,0.0002465813210268397,1296.1576071224918,0.0002465813210268397,0.0,cash
2009-08-25 21:00:00+00:00,8.219353715244182e-05,1296.2641429009282,8.219353715244182e-05,0.0,cash
2009-08-26 21:00:00+00:00,8.219353715288591e-05,1296.3706874359177,8.219353715288591e-05,0.0,cash
2009-08-27 21:00:00+00:00,8.219353715244182e-05,1296.477240728179,8.219353715244182e-05,0.0,cash
2009-08-28 21:00:00+00:00,8.219353715244182e-05,1296.583802778432,8.219353715244182e-05,0.0,cash
2009-08-31 21:00:00+00:00,0.00024658132102706176,1296.9035161253435,0.00024658132102706176,0.0,cash
2009-09-01 21:00:00+00:00,8.219353715266386e-05,1297.0101132126795,8.219353715266386e-05,0.0,cash
2009-09-02 21:00:00+00:00,8.219353715244182e-05,1297.1167190616068,8.219353715244182e-05,0.0,cash
2009-09-03 21:00:00+00:00,8.219353715244182e-05,1297.223333672846,8.219353715244182e-05,0.0,cash
2009-09-04 21:00:00+00:00,8.219353715244182e-05,1297.3299570471172,8.219353715244182e-05,0.0,cash
2009-09-08 21:00:00+00:00,0.00032877521296437173,1297.7564869800303,0.00032877521296437173,0.0,cash
2009-09-09 21:00:00+00:00,8.219353715244182e-05,1297.8631541760576,8.219353715244182e-05,0.0,cash
2009-09-10 21:00:00+00:00,8.219353715199773e-05,1297.9698301394387,8.219353715199773e-05,0.0,cash
2009-09-11 21:00:00+00:00,8.219353715221978e-05,1298.0765148708947,8.219353715221978e-05,0.0,cash
2009-09-14 21:00:00+00:00,0.00024658132102706176,1298.3965962927257,0.00024658132102706176,0.0,cash
2009-09-15 21:00:00+00:00,8.219353715266386e-05,1298.503316101602,8.219353715266386e-05,0.0,cash
2009-09-16 21:00:00+00:00,8.219353715221978e-05,1298.6100446821563,8.219353715221978e-05,0.0,cash
2009-09-17 21:00:00+00:00,8.219353715199773e-05,1298.7167820351099,8.219353715199773e-05,0.0,cash
2009-09-18 21:00:00+00:00,8.219353715244182e-05,1298.8235281611846,8.219353715244182e-05,0.0,cash
2009-09-21 21:00:00+00:00,0.00024658132102661767,1299.1437937825392,0.00024658132102661767,0.0,cash
2009-09-22 21:00:00+00:00,8.219353715199773e-05,1299.2505750062194,8.219353715199773e-05,0.0,cash
2009-09-23 21:00:00+00:00,8.219353715244182e-05,1299.3573650066264,8.219353715244182e-05,0.0,cash
2009-09-24 21:00:00+00:00,8.219353715221978e-05,1299.4641637844811,8.219353715221978e-05,0.0,cash
2009-09-25 21:00:00+00:00,8.219353715244182e-05,1299.5709713405054,8.219353715244182e-05,0.0,cash
2009-09-28 21:00:00+00:00,0.00024658132102706176,1299.891421267387,0.00024658132102706176,0.0,cash
2009-09-29 21:00:00+00:00,8.219353715244182e-05,1299.998263941215,8.219353715244182e-05,0.0,cash
2009-09-30 21:00:00+00:00,8.219353715310795e-05,1300.1051153968212,8.219353715310795e-05,0.0,cash
2009-10-01 21:00:00+00:00,8.219353715266386e-05,1300.211975634926,8.219353715266386e-05,0.0,cash
2009-10-02 21:00:00+00:00,8.219353715221978e-05,1300.318844656251,8.219353715221978e-05,0.0,cash
2009-10-05 21:00:00+00:00,0.00024658132102661767,1300.6394789947221,0.00024658132102661767,0.0,cash
2009-10-06 21:00:00+00:00,8.219353715244182e-05,1300.7463831540608,8.219353715244182e-05,0.0,cash
2009-10-07 21:00:00+00:00,8.219353715221978e-05,1300.8532961002302,8.219353715221978e-05,0.0,cash
2009-10-08 21:00:00+00:00,8.219353715244182e-05,1300.960217833953,8.219353715244182e-05,0.0,cash
2009-10-09 21:00:00+00:00,8.219353715244182e-05,1301.0671483559513,8.219353715244182e-05,0.0,cash
2009-10-12 21:00:00+00:00,0.0002465813210268397,1301.3879672121375,0.0002465813210268397,0.0,cash
2009-10-13 21:00:00+00:00,8.219353715221978e-05,1301.49493289237,8.219353715221978e-05,0.0,cash
2009-10-14 21:00:00+00:00,8.219353715244182e-05,1301.6019073644902,8.219353715244182e-05,0.0,cash
2009-10-15 21:00:00+00:00,8.219353715221978e-05,1301.7088906292206,8.219353715221978e-05,0.0,cash
2009-10-16 21:00:00+00:00,8.219353715244182e-05,1301.815882687284,8.219353715244182e-05,0.0,cash
2009-10-19 21:00:00+00:00,0.00024658132102661767,1302.1368861673707,0.00024658132102661767,0.0,cash
2009-10-20 21:00:00+00:00,8.219353715244182e-05,1302.2439134039014,8.219353715244182e-05,0.0,cash
2009-10-21 21:00:00+00:00,8.219353715221978e-05,1302.350949437379,8.219353715221978e-05,0.0,cash
2009-10-22 21:00:00+00:00,8.219353715244182e-05,1302.4579942685273,8.219353715244182e-05,0.0,cash
2009-10-23 21:00:00+00:00,8.219353715244182e-05,1302.5650478980685,8.219353715244182e-05,0.0,cash
2009-10-26 21:00:00+00:00,0.00024658132102661767,1302.8862361083025,0.00024658132102661767,0.0,cash
2009-10-27 21:00:00+00:00,8.219353715266386e-05,1302.9933249365556,8.219353715266386e-05,0.0,cash
2009-10-28 21:00:00+00:00,8.219353715221978e-05,1303.100422566818,8.219353715221978e-05,0.0,cash
2009-10-29 21:00:00+00:00,8.219353715244182e-05,1303.2075289998136,8.219353715244182e-05,0.0,cash
2009-10-30 21:00:00+00:00,8.219353715244182e-05,1303.3146442362656,8.219353715244182e-05,0.0,cash
2009-11-02 22:00:00+00:00,0.00025000606652447743,1303.640480803915,0.00025000606652447743,0.0,cash
2009-11-03 22:00:00+00:00,8.219353715221978e-05,1303.747631626207,8.219353715221978e-05,0.0,cash
2009-11-04 22:00:00+00:00,8.219353715244182e-05,1303.8547912556046,8.219353715244182e-05,0.0,cash
2009-11-05 22:00:00+00:00,8.219353715221978e-05,1303.9619596928308,8.219353715221978e-05,0.0,cash
2009-11-06 22:00:00+00:00,8.219353715244182e-05,1304.0691369386102,8.219353715244182e-05,0.0,cash
2009-11-09 22:00:00+00:00,0.0002465813210268397,1304.390696029107,0.0002465813210268397,0.0,cash
2009-11-10 22:00:00+00:00,8.219353715244182e-05,1304.4979085142422,8.219353715244182e-05,0.0,cash
2009-11-11 22:00:00+00:00,8.219353715266386e-05,1304.6051298115513,8.219353715266386e-05,0.0,cash
2009-11-12 22:00:00+00:00,8.219353715221978e-05,1304.7123599217575,8.219353715221978e-05,0.0,cash
2009-11-13 22:00:00+00:00,8.219353715244182e-05,1304.8195988455861,8.219353715244182e-05,0.0,cash
2009-11-16 22:00:00+00:00,0.00024658132102661767,1305.141342985971,0.00024658132102661767,0.0,cash
2009-11-17 22:00:00+00:00,8.219353715266386e-05,1305.2486171694352,8.219353715266386e-05,0.0,cash
2009-11-18 22:00:00+00:00,8.219353715244182e-05,1305.3559001701437,8.219353715244182e-05,0.0,cash
2009-11-19 22:00:00+00:00,8.219353715288591e-05,1305.463191988822,8.219353715288591e-05,0.0,cash
2009-11-20 22:00:00+00:00,8.219353715244182e-05,1305.5704926261938,8.219353715244182e-05,0.0,cash
2009-11-23 22:00:00+00:00,0.00024658132102706176,1305.8924219229593,0.00024658132102706176,0.0,cash
2009-11-24 22:00:00+00:00,8.219353715199773e-05,1305.9997578402572,8.219353715199773e-05,0.0,cash
2009-11-25 22:00:00+00:00,8.219353715244182e-05,1306.1071025798742,8.219353715244182e-05,0.0,cash
2009-11-27 22:00:00+00:00,0.00016438734991108817,1306.3218100651675,0.00016438734991108817,0.0,cash
2009-11-30 22:00:00+00:00,0.0002465813210268397,1306.6439246227797,0.0002465813210268397,0.0,cash
2009-12-01 22:00:00+00:00,8.219353715244182e-05,1306.7513223087433,8.219353715244182e-05,0.0,cash
2009-12-02 22:00:00+00:00,8.219353715244182e-05,1306.8587288221024,8.219353715244182e-05,0.0,cash
2009-12-03 22:00:00+00:00,8.219353715266386e-05,1306.966144163583,8.219353715266386e-05,0.0,cash
2009-12-04 22:00:00+00:00,8.219353715244182e-05,1307.0735683339103,8.219353715244182e-05,0.0,cash
2009-12-07 22:00:00+00:00,0.00024658132102661767,1307.3958682610692,0.00024658132102661767,0.0,cash
2009-12-08 22:00:00+00:00,8.219353715244182e-05,1307.50332775194,8.219353715244182e-05,0.0,cash
2009-12-09 22:00:00+00:00,8.219353715288591e-05,1307.6107960752872,8.219353715288591e-05,0.0,cash
2009-12-10 22:00:00+00:00,8.219353715221978e-05,1307.7182732318352,8.219353715221978e-05,0.0,cash
2009-12-11 22:00:00+00:00,8.219353715244182e-05,1307.825759222311,8.219353715244182e-05,0.0,cash
2009-12-14 22:00:00+00:00,0.00024658132102661767,1308.1482446256928,0.00024658132102661767,0.0,cash
2009-12-15 22:00:00+00:00,8.219353715244182e-05,1308.2557659570382,8.219353715244182e-05,0.0,cash
2009-12-16 22:00:00+00:00,8.219353715244182e-05,1308.3632961259423,8.219353715244182e-05,0.0,cash
2009-12-17 22:00:00+00:00,8.219353715266386e-05,1308.4708351331317,8.219353715266386e-05,0.0,cash
2009-12-18 22:00:00+00:00,8.219353715244182e-05,1308.578382979332,8.219353715244182e-05,0.0,cash
2009-12-21 22:00:00+00:00,0.00024658132102661767,1308.901053965674,0.00024658132102661767,0.0,cash
2009-12-22 22:00:00+00:00,8.219353715221978e-05,1309.0086371730818,8.219353715221978e-05,0.0,cash
2009-12-23 22:00:00+00:00,8.219353715244182e-05,1309.116229223134,8.219353715244182e-05,0.0,cash
2009-12-24 22:00:00+00:00,8.219345798021749e-05,1309.2238300129118,8.219345798021749e-05,0.0,cash
2009-12-28 22:00:00+00:00,0.00032877521296437173,1309.6542703564423,0.00032877521296437173,0.0,cash
2009-12-29 22:00:00+00:00,8.219353715244182e-05,1309.7619154733698,8.219353715244182e-05,0.0,cash
2009-12-30 22:00:00+00:00,8.219353715288591e-05,1309.8695694380308,8.219353715288591e-05,0.0,cash
2009-12-31 22:00:00+00:00,8.219353715221978e-05,1309.977232251151,8.219353715221978e-05,0.0,cash
2010-01-04 22:00:00+00:00,0.0003287752129637056,1310.407920294662,0.0003287752129637056,0.0,cash
2010-01-05 22:00:00+00:00,8.219353715266386e-05,1310.5156273567438,8.219353715266386e-05,0.0,cash
2010-01-06 22:00:00+00:00,8.219353715244182e-05,1310.62334327165,8.219353715244182e-05,0.0,cash
2010-01-07 22:00:00+00:00,8.219353715288591e-05,1310.7310680401085,8.219353715288591e-05,0.0,cash
2010-01-08 22:00:00+00:00,8.219353715244182e-05,1310.8388016628464,8.219353715244182e-05,0.0,cash
2010-01-11 22:00:00+00:00,0.00024658132102706176,1311.1620300262139,0.00024658132102706176,0.0,cash
2010-01-12 22:00:00+00:00,8.219353715310795e-05,1311.2697990712425,8.219353715310795e-05,0.0,cash
2010-01-13 22:00:00+00:00,8.219353715244182e-05,1311.3775769741892,8.219353715244182e-05,0.0,cash
2010-01-14 22:00:00+00:00,8.219353715221978e-05,1311.4853637357828,8.219353715221978e-05,0.0,cash
2010-01-15 22:00:00+00:00,8.219353715244182e-05,1311.593159356752,8.219353715244182e-05,0.0,cash
2010-01-19 22:00:00+00:00,0.0003287752129641497,1312.024378677042,0.0003287752129641497,0.0,cash
2010-01-20 22:00:00+00:00,8.219353715266386e-05,1312.1322186015561,8.219353715266386e-05,0.0,cash
2010-01-21 22:00:00+00:00,8.219353715244182e-05,1312.2400673898146,8.219353715244182e-05,0.0,cash
2010-01-22 22:00:00+00:00,8.219353715221978e-05,1312.3479250425462,8.219353715221978e-05,0.0,cash
2010-01-25 22:00:00+00:00,0.00024658132102750585,1312.6715255275508,0.00024658132102750585,0.0,cash
2010-01-26 22:00:00+00:00,8.219353715221978e-05,1312.779418643353,8.219353715221978e-05,0.0,cash
2010-01-27 22:00:00+00:00,8.219353715221978e-05,1312.887320627272,8.219353715221978e-05,0.0,cash
2010-01-28 22:00:00+00:00,8.219353715244182e-05,1312.9952314800369,8.219353715244182e-05,0.0,cash
2010-01-29 22:00:00+00:00,8.219353715244182e-05,1313.1031512023765,8.219353715244182e-05,0.0,cash
2010-02-01 22:00:00+00:00,0.00024658132102661767,1313.4269379120442,0.00024658132102661767,0.0,cash
2010-02-02 22:00:00+00:00,8.219353715266386e-05,1313.5348931178628,8.219353715266386e-05,0.0,cash
2010-02-03 22:00:00+00:00,8.219353715221978e-05,1313.642857196901,8.219353715221978e-05,0.0,cash
2010-02-04 22:00:00+00:00,8.219353715244182e-05,1313.7508301498892,8.219353715244182e-05,0.0,cash
2010-02-05 22:00:00+00:00,8.219353715244182e-05,1313.8588119775561,8.219353715244182e-05,0.0,cash
2010-02-08 22:00:00+00:00,0.0002465813210268397,1314.1827850190564,0.0002465813210268397,0.0,cash
2010-02-09 22:00:00+00:00,8.219353715221978e-05,1314.2908023506218,8.219353715221978e-05,0.0,cash
2010-02-10 22:00:00+00:00,8.219353715221978e-05,1314.3988285605137,8.219353715221978e-05,0.0,cash
2010-02-11 22:00:00+00:00,8.219353715244182e-05,1314.506863649462,8.219353715244182e-05,0.0,cash
2010-02-12 22:00:00+00:00,8.219353715221978e-05,1314.6149076181964,8.219353715221978e-05,0.0,cash
2010-02-16 22:00:00+00:00,0.00032877521296437173,1315.0471204144146,0.00032877521296437173,0.0,cash
2010-02-17 22:00:00+00:00,8.219353715221978e-05,1315.1552087887633,8.219353715221978e-05,0.0,cash
2010-02-18 22:00:00+00:00,8.219353715244182e-05,1315.263306047278,8.219353715244182e-05,0.0,cash
2010-02-19 22:00:00+00:00,8.219353715199773e-05,1315.3714121906885,8.219353715199773e-05,0.0,cash
2010-02-22 22:00:00+00:00,0.00024658132102661767,1315.695758211147,0.00024658132102661767,0.0,cash
2010-02-23 22:00:00+00:00,8.219353715221978e-05,1315.8038998993306,8.219353715221978e-05,0.0,cash
2010-02-24 22:00:00+00:00,8.219353715221978e-05,1315.9120504760622,8.219353715221978e-05,0.0,cash
2010-02-25 22:00:00+00:00,8.219353715244182e-05,1316.0202099420724,8.219353715244182e-05,0.0,cash
2010-02-26 22:00:00+00:00,8.219353715244182e-05,1316.1283782980915,8.219353715244182e-05,0.0,cash
2010-03-01 22:00:00+00:00,0.00024658132102661767,1316.452910972253,0.00024658132102661767,0.0,cash
2010-03-02 22:00:00+00:00,8.219353715221978e-05,1316.5611148935002,8.219353715221978e-05,0.0,cash
2010-03-03 22:00:00+00:00,8.219353715244182e-05,1316.6693277084107,8.219353715244182e-05,0.0,cash
2010-03-04 22:00:00+00:00,8.219353715244182e-05,1316.7775494177151,8.219353715244182e-05,0.0,cash
2010-03-05 22:00:00+00:00,8.219353715244182e-05,1316.8857800221447,8.219353715244182e-05,0.0,cash
2010-03-08 22:00:00+00:00,0.0002465813210272838,1317.2104994574245,0.0002465813210272838,0.0,cash
2010-03-09 22:00:00+00:00,8.219353715221978e-05,1317.3187656475488,8.219353715221978e-05,0.0,cash
2010-03-10 22:00:00+00:00,8.219353715221978e-05,1317.4270407364545,8.219353715221978e-05,0.0,cash
2010-03-11 22:00:00+00:00,8.219353715221978e-05,1317.5353247248727,8.219353715221978e-05,0.0,cash
2010-03-12 22:00:00+00:00,8.219353715221978e-05,1317.6436176135348,8.219353715221978e-05,0.0,cash
2010-03-15 21:00:00+00:00,0.00024315657552942405,1317.964011323362,0.00024315657552942405,0.0,cash
2010-03-16 21:00:00+00:00,8.219353715244182e-05,1318.0723394472923,8.219353715244182e-05,0.0,cash
2010-03-17 21:00:00+00:00,8.219353715244182e-05,1318.1806764750943,8.219353715244182e-05,0.0,cash
2010-03-18 21:00:00+00:00,8.219353715221978e-05,1318.2890224074995,8.219353715221978e-05,0.0,cash
2010-03-19 21:00:00+00:00,8.219353715244182e-05,1318.3973772452402,8.219353715244182e-05,0.0,cash
2010-03-22 21:00:00+00:00,0.0002465813210268397,1318.7224694121596,0.0002465813210268397,0.0,cash
2010-03-23 21:00:00+00:00,8.219353715244182e-05,1318.830859876443,8.219353715244182e-05,0.0,cash
2010-03-24 21:00:00+00:00,8.219353715221978e-05,1318.9392592497218,8.219353715221978e-05,0.0,cash
2010-03-25 21:00:00+00:00,8.219353715221978e-05,1319.0476675327284,8.219353715221978e-05,0.0,cash
2010-03-26 21:00:00+00:00,8.219353715244182e-05,1319.1560847261956,8.219353715244182e-05,0.0,cash
2010-03-29 21:00:00+00:00,0.0002465813210268397,1319.4813639762078,0.0002465813210268397,0.0,cash
2010-03-30 21:00:00+00:00,8.219353715221978e-05,1319.5898168167196,8.219353715221978e-05,0.0,cash
2010-03-31 21:00:00+00:00,8.219353715244182e-05,1319.698278571354,8.219353715244182e-05,0.0,cash
2010-04-01 21:00:00+00:00,8.219353715244182e-05,1319.8067492408436,8.219353715244182e-05,0.0,cash
2010-04-05 21:00:00+00:00,0.00032877521296437173,1320.2406689858972,0.00032877521296437173,0.0,cash
2010-04-06 21:00:00+00:00,8.219353715244182e-05,1320.3491842363735,8.219353715244182e-05,0.0,cash
2010-04-07 21:00:00+00:00,8.219353715244182e-05,1320.4577084061023,8.219353715244182e-05,0.0,cash
2010-04-08 21:00:00+00:00,8.219353715177569e-05,1320.5662414958156,8.219353715177569e-05,0.0,cash
2010-04-09 21:00:00+00:00,8.219353715244182e-05,1320.6747835062483,8.219353715244182e-05,0.0,cash
2010-04-12 21:00:00+00:00,0.0002465813210268397,1321.0004372390122,0.0002465813210268397,0.0,cash
2010-04-13 21:00:00+00:00,8.219353715288591e-05,1321.1090149375293,8.219353715288591e-05,0.0,cash
2010-04-14 21:00:00+00:00,8.219353715221978e-05,1321.2176015604307,8.219353715221978e-05,0.0,cash
2010-04-15 21:00:00+00:00,8.219353715221978e-05,1321.3261971084507,8.219353715221978e-05,0.0,cash
2010-04-16 21:00:00+00:00,8.219353715244182e-05,1321.4348015823232,8.219353715244182e-05,0.0,cash
2010-04-19 21:00:00+00:00,0.0002465813210268397,1321.7606427213482,0.0002465813210268397,0.0,cash
2010-04-20 21:00:00+00:00,8.219353715244182e-05,1321.8692829038423,8.219353715244182e-05,0.0,cash
2010-04-21 21:00:00+00:00,8.219353715266386e-05,1321.9779320158577,8.219353715266386e-05,0.0,cash
2010-04-22 21:00:00+00:00,8.219353715221978e-05,1322.0865900581273,8.219353715221978e-05,0.0,cash
2010-04-23 21:00:00+00:00,8.219353715244182e-05,1322.1952570313858,8.219353715244182e-05,0.0,cash
2010-04-26 21:00:00+00:00,0.0002465813210272838,1322.5212856845208,0.0002465813210272838,0.0,cash
2010-04-27 21:00:00+00:00,8.219353715266386e-05,1322.6299883869508,8.219353715266386e-05,0.0,cash
2010-04-28 21:00:00+00:00,8.219353715266386e-05,1322.7387000240406,8.219353715266386e-05,0.0,cash
2010-04-29 21:00:00+00:00,8.219353715244182e-05,1322.847420596524,8.219353715244182e-05,0.0,cash
2010-04-30 21:00:00+00:00,8.219353715266386e-05,1322.9561501051362,8.219353715266386e-05,0.0,cash
2010-05-03 21:00:00+00:00,0.00024658132102661767,1323.2823663802894,0.00024658132102661767,0.0,cash
2010-05-04 21:00:00+00:00,8.219353715244182e-05,1323.3911316386336,8.219353715244182e-05,0.0,cash
2010-05-05 21:00:00+00:00,8.219353715244182e-05,1323.4999058367791,8.219353715244182e-05,0.0,cash
2010-05-06 21:00:00+00:00,8.219353715221978e-05,1323.6086889754606,8.219353715221978e-05,0.0,cash
2010-05-07 21:00:00+00:00,8.219353715244182e-05,1323.7174810554131,8.219353715244182e-05,0.0,cash
2010-05-10 21:00:00+00:00,0.0002465813210268397,1324.043885060558,0.0002465813210268397,0.0,cash
2010-05-11 21:00:00+00:00,8.219353715244182e-05,1324.1527129108163,8.219353715244182e-05,0.0,cash
2010-05-12 21:00:00+00:00,8.219353715221978e-05,1324.26154970602,8.219353715221978e-05,0.0,cash
2010-05-13 21:00:00+00:00,8.219353715244182e-05,1324.3703954469054,8.219353715244182e-05,0.0,cash
2010-05-14 21:00:00+00:00,8.219353715221978e-05,1324.479250134207,8.219353715221978e-05,0.0,cash
2010-05-17 21:00:00+00:00,0.0002465813210268397,1324.8058419773777,0.0002465813210268397,0.0,cash
2010-05-18 21:00:00+00:00,8.219353715199773e-05,1324.9147324555695,8.219353715199773e-05,0.0,cash
2010-05-19 21:00:00+00:00,8.219353715244182e-05,1325.0236318838554,8.219353715244182e-05,0.0,cash
2010-05-20 21:00:00+00:00,8.219353715221978e-05,1325.1325402629702,8.219353715221978e-05,0.0,cash
2010-05-21 21:00:00+00:00,8.219353715244182e-05,1325.2414575936502,8.219353715244182e-05,0.0,cash
2010-05-24 21:00:00+00:00,0.0002465813210268397,1325.5682373829432,0.0002465813210268397,0.0,cash
2010-05-25 21:00:00+00:00,8.219353715244182e-05,1325.6771905251105,8.219353715244182e-05,0.0,cash
2010-05-26 21:00:00+00:00,8.219353715244182e-05,1325.7861526225222,8.219353715244182e-05,0.0,cash
2010-05-27 21:00:00+00:00,8.219353715221978e-05,1325.8951236759137,8.219353715221978e-05,0.0,cash
2010-05-28 21:00:00+00:00,8.219353715199773e-05,1326.0041036860214,8.219353715199773e-05,0.0,cash
2010-06-01 21:00:00+00:00,0.0003287752129641497,1326.440060967602,0.0003287752129641497,0.0,cash
2010-06-02 21:00:00+00:00,8.219353715199773e-05,1326.5490857680331,8.219353715199773e-05,0.0,cash
2010-06-03 21:00:00+00:00,8.219353715244182e-05,1326.6581195295987,8.219353715244182e-05,0.0,cash
2010-06-04 21:00:00+00:00,8.219353715221978e-05,1326.7671622530345,8.219353715221978e-05,0.0,cash
2010-06-07 21:00:00+00:00,0.00024658132102661767,1327.0943182525975,0.00024658132102661767,0.0,cash
2010-06-08 21:00:00+00:00,8.219353715221978e-05,1327.2033968287494,8.219353715221978e-05,0.0,cash
2010-06-09 21:00:00+00:00,8.219353715199773e-05,1327.312484370455,8.219353715199773e-05,0.0,cash
2010-06-10 21:00:00+00:00,8.219353715244182e-05,1327.421580878452,8.219353715244182e-05,0.0,cash
2010-06-11 21:00:00+00:00,8.219353715244182e-05,1327.530686353477,8.219353715244182e-05,0.0,cash
2010-06-14 21:00:00+00:00,0.0002465813210268397,1327.8580306238216,0.0002465813210268397,0.0,cash
2010-06-15 21:00:00+00:00,8.219353715266386e-05,1327.967171972195,8.219353715266386e-05,0.0,cash
2010-06-16 21:00:00+00:00,8.219353715266386e-05,1328.076322291282,8.219353715266386e-05,0.0,cash
2010-06-17 21:00:00+00:00,8.219353715266386e-05,1328.1854815818197,8.219353715266386e-05,0.0,cash
2010-06-18 21:00:00+00:00,8.219353715244182e-05,1328.2946498445453,8.219353715244182e-05,0.0,cash
2010-06-21 21:00:00+00:00,0.00024658132102706176,1328.6221824940171,0.00024658132102706176,0.0,cash
2010-06-22 21:00:00+00:00,8.219353715266386e-05,1328.7313866507357,8.219353715266386e-05,0.0,cash
2010-06-23 21:00:00+00:00,8.219353715266386e-05,1328.8405997833302,8.219353715266386e-05,0.0,cash
2010-06-24 21:00:00+00:00,8.219353715199773e-05,1328.9498218925376,8.219353715199773e-05,0.0,cash
2010-06-25 21:00:00+00:00,8.219353715221978e-05,1329.0590529790968,8.219353715221978e-05,0.0,cash
2010-06-28 21:00:00+00:00,0.0002465813210268397,1329.3867741161032,0.0002465813210268397,0.0,cash
2010-06-29 21:00:00+00:00,8.219353715244182e-05,1329.4960411173115,8.219353715244182e-05,0.0,cash
2010-06-30 21:00:00+00:00,8.219353715266386e-05,1329.6053170995613,8.219353715266386e-05,0.0,cash
2010-07-01 21:00:00+00:00,8.219353715221978e-05,1329.71460206359,8.219353715221978e-05,0.0,cash
2010-07-02 21:00:00+00:00,8.219353715266386e-05,1329.823896010137,8.219353715266386e-05,0.0,cash
2010-07-06 21:00:00+00:00,0.00032877521296392764,1330.2611091447525,0.00032877521296392764,0.0,cash
2010-07-07 21:00:00+00:00,8.219353715221978e-05,1330.3704480106492,8.219353715221978e-05,0.0,cash
2010-07-08 21:00:00+00:00,8.219353715221978e-05,1330.479795863494,8.219353715221978e-05,0.0,cash
2010-07-09 21:00:00+00:00,8.219353715221978e-05,1330.5891527040255,8.219353715221978e-05,0.0,cash
2010-07-12 21:00:00+00:00,0.00024658132102706176,1330.9172511350434,0.00024658132102706176,0.0,cash
2010-07-13 21:00:00+00:00,8.219353715221978e-05,1331.0266439315712,8.219353715221978e-05,0.0,cash
2010-07-14 21:00:00+00:00,8.219353715244182e-05,1331.13604571948,8.219353715244182e-05,0.0,cash
2010-07-15 21:00:00+00:00,8.219353715244182e-05,1331.245456499509,8.219353715244182e-05,0.0,cash
2010-07-16 21:00:00+00:00,8.219353715266386e-05,1331.354876272397,8.219353715266386e-05,0.0,cash
2010-07-19 21:00:00+00:00,0.0002465813210268397,1331.6831635165438,0.0002465813210268397,0.0,cash
2010-07-20 21:00:00+00:00,8.219353715244182e-05,1331.7926192661196,8.219353715244182e-05,0.0,cash
2010-07-21 21:00:00+00:00,8.219353715266386e-05,1331.9020840122507,8.219353715266386e-05,0.0,cash
2010-07-22 21:00:00+00:00,8.219353715244182e-05,1332.0115577556764,8.219353715244182e-05,0.0,cash
2010-07-23 21:00:00+00:00,8.219353715221978e-05,1332.121040497136,8.219353715221978e-05,0.0,cash
2010-07-26 21:00:00+00:00,0.00024658132102661767,1332.449516663069,0.00024658132102661767,0.0,cash
2010-07-27 21:00:00+00:00,8.219353715221978e-05,1332.5590354019203,8.219353715221978e-05,0.0,cash
2010-07-28 21:00:00+00:00,8.219353715244182e-05,1332.6685631425044,8.219353715244182e-05,0.0,cash
2010-07-29 21:00:00+00:00,8.219353715244182e-05,1332.7780998855608,8.219353715244182e-05,0.0,cash
2010-07-30 21:00:00+00:00,8.219353715244182e-05,1332.8876456318296,8.219353715244182e-05,0.0,cash
2010-08-02 21:00:00+00:00,0.00024658132102661767,1333.2163108282696,0.00024658132102661767,0.0,cash
2010-08-03 21:00:00+00:00,8.219353715221978e-05,1333.3258925926457,8.219353715221978e-05,0.0,cash
2010-08-04 21:00:00+00:00,8.219353715221978e-05,1333.4354833639345,8.219353715221978e-05,0.0,cash
2010-08-05 21:00:00+00:00,8.219353715244182e-05,1333.5450831428768,8.219353715244182e-05,0.0,cash
2010-08-06 21:00:00+00:00,8.219353715244182e-05,1333.6546919302127,8.219353715244182e-05,0.0,cash
2010-08-09 21:00:00+00:00,0.0002465813210272838,1333.9835462659432,0.0002465813210272838,0.0,cash
2010-08-10 21:00:00+00:00,8.219353715244182e-05,1334.093191092114,8.219353715244182e-05,0.0,cash
2010-08-11 21:00:00+00:00,8.219353715221978e-05,1334.2028449303807,8.219353715221978e-05,0.0,cash
2010-08-12 21:00:00+00:00,8.219353715266386e-05,1334.3125077814846,8.219353715266386e-05,0.0,cash
2010-08-13 21:00:00+00:00,8.219353715221978e-05,1334.4221796461657,8.219353715221978e-05,0.0,cash
2010-08-16 21:00:00+00:00,0.00024658132102706176,1334.7512232300305,0.00024658132102706176,0.0,cash
2010-08-17 21:00:00+00:00,8.219353715221978e-05,1334.8609311542862,8.219353715221978e-05,0.0,cash
2010-08-18 21:00:00+00:00,8.219353715221978e-05,1334.9706480958241,8.219353715221978e-05,0.0,cash
2010-08-19 21:00:00+00:00,8.219353715199773e-05,1335.0803740553852,8.219353715199773e-05,0.0,cash
2010-08-20 21:00:00+00:00,8.219353715266386e-05,1335.190109033712,8.219353715266386e-05,0.0,cash
2010-08-23 21:00:00+00:00,0.0002465813210268397,1335.5193419746195,0.0002465813210268397,0.0,cash
2010-08-24 21:00:00+00:00,8.219353715266386e-05,1335.6291130332722,8.219353715266386e-05,0.0,cash
2010-08-25 21:00:00+00:00,8.219353715244182e-05,1335.7388931143962,8.219353715244182e-05,0.0,cash
2010-08-26 21:00:00+00:00,8.219353715266386e-05,1335.8486822187335,8.219353715266386e-05,0.0,cash
2010-08-27 21:00:00+00:00,8.219353715244182e-05,1335.9584803470254,8.219353715244182e-05,0.0,cash
2010-08-30 21:00:00+00:00,0.00024658132102706176,1336.2879027539466,0.00024658132102706176,0.0,cash
2010-08-31 21:00:00+00:00,8.219353715221978e-05,1336.3977369833276,8.219353715221978e-05,0.0,cash
2010-09-01 21:00:00+00:00,8.219353715244182e-05,1336.5075802403728,8.219353715244182e-05,0.0,cash
2010-09-02 21:00:00+00:00,8.219353715244182e-05,1336.6174325258237,8.219353715244182e-05,0.0,cash
2010-09-03 21:00:00+00:00,8.219353715266386e-05,1336.7272938404228,8.219353715266386e-05,0.0,cash
2010-09-07 21:00:00+00:00,0.00032877521296437173,1337.1667766411304,0.00032877521296437173,0.0,cash
2010-09-08 21:00:00+00:00,8.219353715244182e-05,1337.2766831082652,8.219353715244182e-05,0.0,cash
2010-09-09 21:00:00+00:00,8.219353715244182e-05,1337.3865986090013,8.219353715244182e-05,0.0,cash
2010-09-10 21:00:00+00:00,8.219353715266386e-05,1337.4965231440815,8.219353715266386e-05,0.0,cash
2010-09-13 21:00:00+00:00,0.0002465813210268397,1337.8263248036271,0.0002465813210268397,0.0,cash
2010-09-14 21:00:00+00:00,8.219353715266386e-05,1337.9362854813587,8.219353715266386e-05,0.0,cash
2010-09-15 21:00:00+00:00,8.219353715244182e-05,1338.046255197147,8.219353715244182e-05,0.0,cash
2010-09-16 21:00:00+00:00,8.219353715266386e-05,1338.1562339517354,8.219353715266386e-05,0.0,cash
2010-09-17 21:00:00+00:00,8.219353715266386e-05,1338.266221745867,8.219353715266386e-05,0.0,cash
2010-09-20 21:00:00+00:00,0.0002465813210268397,1338.5962131987105,0.0002465813210268397,0.0,cash
2010-09-21 21:00:00+00:00,8.219353715221978e-05,1338.7062371562918,8.219353715221978e-05,0.0,cash
2010-09-22 21:00:00+00:00,8.219353715244182e-05,1338.8162701571316,8.219353715244182e-05,0.0,cash
2010-09-23 21:00:00+00:00,8.219353715221978e-05,1338.9263122019727,8.219353715221978e-05,0.0,cash
2010-09-24 21:00:00+00:00,8.219353715266386e-05,1339.0363632915594,8.219353715266386e-05,0.0,cash
2010-09-27 21:00:00+00:00,0.00024658132102706176,1339.366544646923,0.00024658132102706176,0.0,cash
2010-09-28 21:00:00+00:00,8.219353715244182e-05,1339.4766319207713,8.219353715244182e-05,0.0,cash
2010-09-29 21:00:00+00:00,8.219353715244182e-05,1339.586728243082,8.219353715244182e-05,0.0,cash
2010-09-30 21:00:00+00:00,8.219353715199773e-05,1339.6968336145983,8.219353715199773e-05,0.0,cash
2010-10-01 21:00:00+00:00,8.219353715221978e-05,1339.8069480360646,8.219353715221978e-05,0.0,cash
2010-10-04 21:00:00+00:00,0.00024658132102706176,1340.1373194032326,0.00024658132102706176,0.0,cash
2010-10-05 21:00:00+00:00,8.219353715244182e-05,1340.2474700297844,8.219353715244182e-05,0.0,cash
2010-10-06 21:00:00+00:00,8.219353715288591e-05,1340.3576297100062,8.219353715288591e-05,0.0,cash
2010-10-07 21:00:00+00:00,8.219353715221978e-05,1340.4677984446412,8.219353715221978e-05,0.0,cash
2010-10-08 21:00:00+00:00,8.219353715221978e-05,1340.577976234434,8.219353715221978e-05,0.0,cash
2010-10-11 21:00:00+00:00,0.0002465813210268397,1340.9085377227532,0.0002465813210268397,0.0,cash
2010-10-12 21:00:00+00:00,8.219353715266386e-05,1341.0187517384668,8.219353715266386e-05,0.0,cash
2010-10-13 21:00:00+00:00,8.219353715199773e-05,1341.1289748130594,8.219353715199773e-05,0.0,cash
2010-10-14 21:00:00+00:00,8.219353715244182e-05,1341.239206947277,8.219353715244182e-05,0.0,cash
2010-10-15 21:00:00+00:00,8.219353715266386e-05,1341.3494481418638,8.219353715266386e-05,0.0,cash
2010-10-18 21:00:00+00:00,0.0002465813210268397,1341.6801998607452,0.0002465813210268397,0.0,cash
2010-10-19 21:00:00+00:00,8.219353715266386e-05,1341.7904773020994,8.219353715266386e-05,0.0,cash
2010-10-20 21:00:00+00:00,8.219353715266386e-05,1341.9007638075466,8.219353715266386e-05,0.0,cash
2010-10-21 21:00:00+00:00,8.219353715266386e-05,1342.0110593778318,8.219353715266386e-05,0.0,cash
2010-10-22 21:00:00+00:00,8.219353715221978e-05,1342.1213640136996,8.219353715221978e-05,0.0,cash
2010-10-25 21:00:00+00:00,0.00024658132102706176,1342.4523060726167,0.00024658132102706176,0.0,cash
2010-10-26 21:00:00+00:00,8.219353715221978e-05,1342.562646976111,8.219353715221978e-05,0.0,cash
2010-10-27 21:00:00+00:00,8.219353715221978e-05,1342.6729969489143,8.219353715221978e-05,0.0,cash
2010-10-28 21:00:00+00:00,8.219353715221978e-05,1342.7833559917724,8.219353715221978e-05,0.0,cash
2010-10-29 21:00:00+00:00,8.219353715221978e-05,1342.8937241054305,8.219353715221978e-05,0.0,cash
2010-11-01 21:00:00+00:00,0.0002465813210268397,1343.224856613919,0.0002465813210268397,0.0,cash
2010-11-02 21:00:00+00:00,8.219353715266386e-05,1343.3352610160755,8.219353715266386e-05,0.0,cash
2010-11-03 21:00:00+00:00,8.219353715266386e-05,1343.4456744927604,8.219353715266386e-05,0.0,cash
2010-11-04 21:00:00+00:00,8.219353715266386e-05,1343.5560970447193,8.219353715266386e-05,0.0,cash
2010-11-05 21:00:00+00:00,8.219353715288591e-05,1343.6665286726986,8.219353715288591e-05,0.0,cash
2010-11-08 22:00:00+00:00,0.0002500060665238113,1344.002453456252,0.0002500060665238113,0.0,cash
2010-11-09 22:00:00+00:00,8.219353715221978e-05,1344.1129217718428,8.219353715221978e-05,0.0,cash
2010-11-10 22:00:00+00:00,8.219353715244182e-05,1344.2233991672156,8.219353715244182e-05,0.0,cash
2010-11-11 22:00:00+00:00,8.219353715221978e-05,1344.333885643116,8.219353715221978e-05,0.0,cash
2010-11-12 22:00:00+00:00,8.219353715221978e-05,1344.4443812002905,8.219353715221978e-05,0.0,cash
2010-11-15 22:00:00+00:00,0.0002465813210268397,1344.775896071854,0.0002465813210268397,0.0,cash
2010-11-16 22:00:00+00:00,8.219353715266386e-05,1344.8864279594297,8.219353715266386e-05,0.0,cash
2010-11-17 22:00:00+00:00,8.219353715244182e-05,1344.996968932012,8.219353715244182e-05,0.0,cash
2010-11-18 22:00:00+00:00,8.219353715244182e-05,1345.1075189903477,8.219353715244182e-05,0.0,cash
2010-11-19 22:00:00+00:00,8.219353715244182e-05,1345.2180781351838,8.219353715244182e-05,0.0,cash
2010-11-22 22:00:00+00:00,0.00024658132102639563,1345.5497837859589,0.00024658132102639563,0.0,cash
2010-11-23 22:00:00+00:00,8.219353715221978e-05,1345.6603792821027,8.219353715221978e-05,0.0,cash
2010-11-24 22:00:00+00:00,8.219353715244182e-05,1345.7709838684818,8.219353715244182e-05,0.0,cash
2010-11-26 22:00:00+00:00,0.00016438734991108817,1345.9922115941072,0.00016438734991108817,0.0,cash
2010-11-29 22:00:00+00:00,0.00024658132102661767,1346.3241081317337,0.00024658132102661767,0.0,cash
2010-11-30 22:00:00+00:00,8.219353715244182e-05,1346.4347672723347,8.219353715244182e-05,0.0,cash
2010-12-01 22:00:00+00:00,8.219353715221978e-05,1346.5454355084016,8.219353715221978e-05,0.0,cash
2010-12-02 22:00:00+00:00,8.219353715244182e-05,1346.6561128406827,8.219353715244182e-05,0.0,cash
2010-12-03 22:00:00+00:00,8.219353715244182e-05,1346.766799269925,8.219353715244182e-05,0.0,cash
2010-12-06 22:00:00+00:00,0.00024658132102661767,1347.098886806404,0.00024658132102661767,0.0,cash
2010-12-07 22:00:00+00:00,8.219353715244182e-05,1347.2096096288046,8.219353715244182e-05,0.0,cash
2010-12-08 22:00:00+00:00,8.219353715221978e-05,1347.3203415519054,8.219353715221978e-05,0.0,cash
2010-12-09 22:00:00+00:00,8.219353715244182e-05,1347.431082576455,8.219353715244182e-05,0.0,cash
2010-12-10 22:00:00+00:00,8.219353715221978e-05,1347.541832703201,8.219353715221978e-05,0.0,cash
2010-12-13 22:00:00+00:00,0.0002465813210272838,1347.8741113484484,0.0002465813210272838,0.0,cash
2010-12-14 22:00:00+00:00,8.219353715244182e-05,1347.9848978892962,8.219353715244182e-05,0.0,cash
2010-12-15 22:00:00+00:00,8.219353715288591e-05,1348.0956935360823,8.219353715288591e-05,0.0,cash
2010-12-16 22:00:00+00:00,8.219353715221978e-05,1348.2064982895538,8.219353715221978e-05,0.0,cash
2010-12-17 22:00:00+00:00,8.219353715199773e-05,1348.3173121504597,8.219353715199773e-05,0.0,cash
2010-12-20 22:00:00+00:00,0.0002465813210268397,1348.649782014453,0.0002465813210268397,0.0,cash
2010-12-21 22:00:00+00:00,8.219353715266386e-05,1348.760632310417,8.219353715266386e-05,0.0,cash
2010-12-22 22:00:00+00:00,8.219353715199773e-05,1348.871491717558,8.219353715199773e-05,0.0,cash
2010-12-23 22:00:00+00:00,8.219353715244182e-05,1348.9823602366264,8.219353715244182e-05,0.0,cash
2010-12-27 22:00:00+00:00,0.0003287752129641497,1349.425872199398,0.0003287752129641497,0.0,cash
2010-12-28 22:00:00+00:00,8.219353715244182e-05,1349.5367862849591,8.219353715244182e-05,0.0,cash
2010-12-29 22:00:00+00:00,8.219353715221978e-05,1349.647709486941,8.219353715221978e-05,0.0,cash
2010-12-30 22:00:00+00:00,8.219353715221978e-05,1349.7586418060932,8.219353715221978e-05,0.0,cash
2010-12-31 22:00:00+00:00,8.219353715221978e-05,1349.8695832431652,8.219353715221978e-05,0.0,cash
2011-01-03 22:00:00+00:00,0.00024658132102639563,1350.2024358682147,0.00024658132102639563,0.0,cash
2011-01-04 22:00:00+00:00,8.219353715244182e-05,1350.3134137822906,8.219353715244182e-05,0.0,cash
2011-01-05 22:00:00+00:00,8.219353715266386e-05,1350.424400818034,8.219353715266386e-05,0.0,cash
2011-01-06 22:00:00+00:00,8.219353715221978e-05,1350.5353969761939,8.219353715221978e-05,0.0,cash
2011-01-07 22:00:00+00:00,8.219353715244182e-05,1350.6464022575208,8.219353715244182e-05,0.0,cash
2011-01-10 22:00:00+00:00,0.00024658132102661767,1350.9794464316294,0.00024658132102661767,0.0,cash
2011-01-11 22:00:00+00:00,8.219353715244182e-05,1351.090488210952,8.219353715244182e-05,0.0,cash
2011-01-12 22:00:00+00:00,8.219353715288591e-05,1351.2015391171915,8.219353715288591e-05,0.0,cash
2011-01-13 22:00:00+00:00,8.219353715244182e-05,1351.3125991510974,8.219353715244182e-05,0.0,cash
2011-01-14 22:00:00+00:00,8.219353715266386e-05,1351.4236683134206,8.219353715266386e-05,0.0,cash
2011-01-18 22:00:00+00:00,0.0003287752129641497,1351.8679829177752,0.0003287752129641497,0.0,cash
2011-01-19 22:00:00+00:00,8.219353715266386e-05,1351.9790977290545,8.219353715266386e-05,0.0,cash
2011-01-20 22:00:00+00:00,8.219353715244182e-05,1352.090221673253,8.219353715244182e-05,0.0,cash
2011-01-21 22:00:00+00:00,8.219353715199773e-05,1352.201354751121,8.219353715199773e-05,0.0,cash
2011-01-24 22:00:00+00:00,0.0002465813210268397,1352.53478234747,0.0002465813210268397,0.0,cash
2011-01-25 22:00:00+00:00,8.219353715244182e-05,1352.6459519653527,8.219353715244182e-05,0.0,cash
2011-01-26 22:00:00+00:00,8.219353715221978e-05,1352.7571307206592,8.219353715221978e-05,0.0,cash
2011-01-27 22:00:00+00:00,8.219353715244182e-05,1352.8683186141413,8.219353715244182e-05,0.0,cash
2011-01-28 22:00:00+00:00,8.219353715221978e-05,1352.9795156465493,8.219353715221978e-05,0.0,cash
2011-01-31 22:00:00+00:00,0.00024658132102706176,1353.31313512284,0.00024658132102706176,0.0,cash
2011-02-01 22:00:00+00:00,8.219353715244182e-05,1353.4243687162907,8.219353715244182e-05,0.0,cash
2011-02-02 22:00:00+00:00,8.219353715288591e-05,1353.5356114524243,8.219353715288591e-05,0.0,cash
2011-02-03 22:00:00+00:00,8.219353715221978e-05,1353.6468633319912,8.219353715221978e-05,0.0,cash
2011-02-04 22:00:00+00:00,8.219353715288591e-05,1353.7581243557445,8.219353715288591e-05,0.0,cash
2011-02-07 22:00:00+00:00,0.00024658132102661767,1354.0919358223987,0.00024658132102661767,0.0,cash
2011-02-08 22:00:00+00:00,8.219353715244182e-05,1354.2032334282335,8.219353715244182e-05,0.0,cash
2011-02-09 22:00:00+00:00,8.219353715288591e-05,1354.3145401820127,8.219353715288591e-05,0.0,cash
2011-02-10 22:00:00+00:00,8.219353715244182e-05,1354.4258560844874,8.219353715244182e-05,0.0,cash
2011-02-11 22:00:00+00:00,8.219353715199773e-05,1354.5371811364091,8.219353715199773e-05,0.0,cash
2011-02-14 22:00:00+00:00,0.00024658132102661767,1354.8711847039135,0.00024658132102661767,0.0,cash
2011-02-15 22:00:00+00:00,8.219353715221978e-05,1354.98254635897,8.219353715221978e-05,0.0,cash
2011-02-16 22:00:00+00:00,8.219353715199773e-05,1355.0939171672346,8.219353715199773e-05,0.0,cash
2011-02-17 22:00:00+00:00,8.219353715221978e-05,1355.2052971294602,8.219353715221978e-05,0.0,cash
2011-02-18 22:00:00+00:00,8.219353715244182e-05,1355.316686246399,8.219353715244182e-05,0.0,cash
2011-02-22 22:00:00+00:00,0.00032877521296437173,1355.7622807785538,0.00032877521296437173,0.0,cash
2011-02-23 22:00:00+00:00,8.219353715244182e-05,1355.8737156759487,8.219353715244182e-05,0.0,cash
2011-02-24 22:00:00+00:00,8.219353715244182e-05,1355.9851597325721,8.219353715244182e-05,0.0,cash
2011-02-25 22:00:00+00:00,8.219353715310795e-05,1356.0966129491776,8.219353715310795e-05,0.0,cash
2011-02-28 22:00:00+00:00,0.00024658132102706176,1356.431001043439,0.00024658132102706176,0.0,cash
2011-03-01 22:00:00+00:00,8.219353715288591e-05,1356.5424909053186,8.219353715288591e-05,0.0,cash
2011-03-02 22:00:00+00:00,8.219353715221978e-05,1356.6539899309432,8.219353715221978e-05,0.0,cash
2011-03-03 22:00:00+00:00,8.219353715244182e-05,1356.7654981210676,8.219353715244182e-05,0.0,cash
2011-03-04 22:00:00+00:00,8.219353715221978e-05,1356.8770154764443,8.219353715221978e-05,0.0,cash
2011-03-07 22:00:00+00:00,0.00024658132102706176,1357.2115960033916,0.00024658132102706176,0.0,cash
2011-03-08 22:00:00+00:00,8.219353715221978e-05,1357.323150025131,8.219353715221978e-05,0.0,cash
2011-03-09 22:00:00+00:00,8.219353715244182e-05,1357.4347132158905,8.219353715244182e-05,0.0,cash
2011-03-10 22:00:00+00:00,8.219353715244182e-05,1357.5462855764233,8.219353715244182e-05,0.0,cash
2011-03-11 22:00:00+00:00,8.219353715221978e-05,1357.6578671074828,8.219353715221978e-05,0.0,cash
2011-03-14 21:00:00+00:00,0.00024315657552942405,1357.9879905451894,0.00024315657552942405,0.0,cash
2011-03-15 21:00:00+00:00,8.219353715288591e-05,1358.0996083815435,8.219353715288591e-05,0.0,cash
2011-03-16 21:00:00+00:00,8.219353715221978e-05,1358.2112353921614,8.219353715221978e-05,0.0,cash
2011-03-17 21:00:00+00:00,8.219353715244182e-05,1358.3228715777984,8.219353715244182e-05,0.0,cash
2011-03-18 21:00:00+00:00,8.219353715244182e-05,1358.4345169392084,8.219353715244182e-05,0.0,cash
2011-03-21 21:00:00+00:00,0.00024658132102706176,1358.7694815169239,0.00024658132102706176,0.0,cash
2011-03-22 21:00:00+00:00,8.219353715221978e-05,1358.8811635867842,8.219353715221978e-05,0.0,cash
2011-03-23 21:00:00+00:00,8.219353715266386e-05,1358.9928548361895,8.219353715266386e-05,0.0,cash
2011-03-24 21:00:00+00:00,8.219353715266386e-05,1359.1045552658936,8.219353715266386e-05,0.0,cash
2011-03-25 21:00:00+00:00,8.219353715266386e-05,1359.2162648766512,8.219353715266386e-05,0.0,cash
2011-03-28 21:00:00+00:00,0.00024658132102706176,1359.5514222188058,0.00024658132102706176,0.0,cash
2011-03-29 21:00:00+00:00,8.219353715266386e-05,1359.6631685591387,8.219353715266386e-05,0.0,cash
2011-03-30 21:00:00+00:00,8.219353715244182e-05,1359.7749240842984,8.219353715244182e-05,0.0,cash
2011-03-31 21:00:00+00:00,8.219353715244182e-05,1359.88668879504,8.219353715244182e-05,0.0,cash
2011-04-01 21:00:00+00:00,8.219353715244182e-05,1359.9984626921187,8.219353715244182e-05,0.0,cash
2011-04-04 21:00:00+00:00,0.00024658132102706176,1360.333812909644,0.00024658132102706176,0.0,cash
2011-04-05 21:00:00+00:00,8.219353715221978e-05,1360.4456235574348,8.219353715221978e-05,0.0,cash
2011-04-06 21:00:00+00:00,8.219353715244182e-05,1360.5574433953386,8.219353715244182e-05,0.0,cash
2011-04-07 21:00:00+00:00,8.219353715221978e-05,1360.66927242411,8.219353715221978e-05,0.0,cash
2011-04-08 21:00:00+00:00,8.219353715266386e-05,1360.7811106445056,8.219353715266386e-05,0.0,cash
2011-04-11 21:00:00+00:00,0.0002465813210268397,1361.1166538483967,0.0002465813210268397,0.0,cash
2011-04-12 21:00:00+00:00,8.219353715221978e-05,1361.2285288406533,8.219353715221978e-05,0.0,cash
2011-04-13 21:00:00+00:00,8.219353715266386e-05,1361.3404130283118,8.219353715266386e-05,0.0,cash
2011-04-14 21:00:00+00:00,8.219353715244182e-05,1361.4523064121272,8.219353715244182e-05,0.0,cash
2011-04-15 21:00:00+00:00,8.219353715266386e-05,1361.5642089928558,8.219353715266386e-05,0.0,cash
2011-04-18 21:00:00+00:00,0.00024658132102706176,1361.8999452941725,0.00024658132102706176,0.0,cash
2011-04-19 21:00:00+00:00,8.219353715221978e-05,1362.0118846679238,8.219353715221978e-05,0.0,cash
2011-04-20 21:00:00+00:00,8.219353715221978e-05,1362.1238332423682,8.219353715221978e-05,0.0,cash
2011-04-21 21:00:00+00:00,8.219353715244182e-05,1362.235791018262,8.219353715244182e-05,0.0,cash
2011-04-25 21:00:00+00:00,0.00032877521296437173,1362.6836603805616,0.00032877521296437173,0.0,cash
2011-04-26 21:00:00+00:00,8.219353715244182e-05,1362.795664170628,8.219353715244182e-05,0.0,cash
2011-04-27 21:00:00+00:00,8.219353715199773e-05,1362.9076771666817,8.219353715199773e-05,0.0,cash
2011-04-28 21:00:00+00:00,8.219353715244182e-05,1363.0196993694801,8.219353715244182e-05,0.0,cash
2011-04-29 21:00:00+00:00,8.219353715244182e-05,1363.1317307797797,8.219353715244182e-05,0.0,cash
2011-05-02 21:00:00+00:00,0.0002465813210272838,1363.4678536026895,0.0002465813210272838,0.0,cash
2011-05-03 21:00:00+00:00,8.219353715221978e-05,1363.5799218483705,8.219353715221978e-05,0.0,cash
2011-05-04 21:00:00+00:00,8.219353715221978e-05,1363.691999305337,8.219353715221978e-05,0.0,cash
2011-05-05 21:00:00+00:00,8.219353715221978e-05,1363.8040859743462,8.219353715221978e-05,0.0,cash
2011-05-06 21:00:00+00:00,8.219353715266386e-05,1363.9161818561556,8.219353715266386e-05,0.0,cash
2011-05-09 21:00:00+00:00,0.00024658132102706176,1364.2524981100478,0.00024658132102706176,0.0,cash
2011-05-10 21:00:00+00:00,8.219353715221978e-05,1364.3646308484363,8.219353715221978e-05,0.0,cash
2011-05-11 21:00:00+00:00,8.219353715266386e-05,1364.4767728034117,8.219353715266386e-05,0.0,cash
2011-05-12 21:00:00+00:00,8.219353715221978e-05,1364.5889239757305,8.219353715221978e-05,0.0,cash
2011-05-13 21:00:00+00:00,8.219353715199773e-05,1364.7010843661506,8.219353715199773e-05,0.0,cash
2011-05-16 21:00:00+00:00,0.0002465813210268397,1365.0375941623404,0.0002465813210268397,0.0,cash
2011-05-17 21:00:00+00:00,8.219353715266386e-05,1365.149791430551,8.219353715266386e-05,0.0,cash
2011-05-18 21:00:00+00:00,8.219353715244182e-05,1365.2619979206515,8.219353715244182e-05,0.0,cash
2011-05-19 21:00:00+00:00,8.219353715244182e-05,1365.3742136334004,8.219353715244182e-05,0.0,cash
2011-05-20 21:00:00+00:00,8.219353715244182e-05,1365.4864385695557,8.219353715244182e-05,0.0,cash
2011-05-23 21:00:00+00:00,0.00024658132102661767,1365.8231420194222,0.00024658132102661767,0.0,cash
2011-05-24 21:00:00+00:00,8.219353715288591e-05,1365.93540385459,8.219353715288591e-05,0.0,cash
2011-05-25 21:00:00+00:00,8.219353715221978e-05,1366.0476749169543,8.219353715221978e-05,0.0,cash
2011-05-26 21:00:00+00:00,8.219353715221978e-05,1366.1599552072744,8.219353715221978e-05,0.0,cash
2011-05-27 21:00:00+00:00,8.219353715244182e-05,1366.2722447263088,8.219353715244182e-05,0.0,cash
2011-05-31 21:00:00+00:00,0.0003287752129641497,1366.7214411745358,0.0003287752129641497,0.0,cash
2011-06-01 21:00:00+00:00,8.219353715244182e-05,1366.8337768440879,8.219353715244182e-05,0.0,cash
2011-06-02 21:00:00+00:00,8.219353715199773e-05,1366.9461217469056,8.219353715199773e-05,0.0,cash
2011-06-03 21:00:00+00:00,8.219353715266386e-05,1367.058475883749,8.219353715266386e-05,0.0,cash
2011-06-06 21:00:00+00:00,0.0002465813210268397,1367.3955669686534,0.0002465813210268397,0.0,cash
2011-06-07 21:00:00+00:00,8.219353715244182e-05,1367.507958046989,8.219353715244182e-05,0.0,cash
2011-06-08 21:00:00+00:00,8.219353715221978e-05,1367.6203583631448,8.219353715221978e-05,0.0,cash
2011-06-09 21:00:00+00:00,8.219353715244182e-05,1367.7327679178802,8.219353715244182e-05,0.0,cash
2011-06-10 21:00:00+00:00,8.219353715288591e-05,1367.8451867119552,8.219353715288591e-05,0.0,cash
2011-06-13 21:00:00+00:00,0.00024658132102661767,1368.1824717850545,0.00024658132102661767,0.0,cash
2011-06-14 21:00:00+00:00,8.219353715244182e-05,1368.2949275418805,8.219353715244182e-05,0.0,cash
2011-06-15 21:00:00+00:00,8.219353715266386e-05,1368.4073925418431,8.219353715266386e-05,0.0,cash
2011-06-16 21:00:00+00:00,8.219353715244182e-05,1368.5198667857017,8.219353715244182e-05,0.0,cash
2011-06-17 21:00:00+00:00,8.219353715266386e-05,1368.6323502742164,8.219353715266386e-05,0.0,cash
2011-06-20 21:00:00+00:00,0.00024658132102706176,1368.9698294471473,0.00024658132102706176,0.0,cash
2011-06-21 21:00:00+00:00,8.219353715244182e-05,1369.0823499196845,8.219353715244182e-05,0.0,cash
2011-06-22 21:00:00+00:00,8.219353715266386e-05,1369.1948796406778,8.219353715266386e-05,0.0,cash
2011-06-23 21:00:00+00:00,8.219353715244182e-05,1369.3074186108863,8.219353715244182e-05,0.0,cash
2011-06-24 21:00:00+00:00,8.219353715266386e-05,1369.4199668310714,8.219353715266386e-05,0.0,cash
2011-06-27 21:00:00+00:00,0.0002465813210268397,1369.7576402155332,0.0002465813210268397,0.0,cash
2011-06-28 21:00:00+00:00,8.219353715244182e-05,1369.870225441024,8.219353715244182e-05,0.0,cash
2011-06-29 21:00:00+00:00,8.219353715221978e-05,1369.9828199202925,8.219353715221978e-05,0.0,cash
2011-06-30 21:00:00+00:00,8.219353715244182e-05,1370.0954236540997,8.219353715244182e-05,0.0,cash
2011-07-01 21:00:00+00:00,8.219353715288591e-05,1370.2080366432067,8.219353715288591e-05,0.0,cash
2011-07-05 21:00:00+00:00,0.00032877521296392764,1370.658527082259,0.00032877521296392764,0.0,cash
2011-07-06 21:00:00+00:00,8.219353715221978e-05,1370.7711863548277,8.219353715221978e-05,0.0,cash
2011-07-07 21:00:00+00:00,8.219353715244182e-05,1370.883854887261,8.219353715244182e-05,0.0,cash
2011-07-08 21:00:00+00:00,8.219353715221978e-05,1370.996532680319,8.219353715221978e-05,0.0,cash
2011-07-11 21:00:00+00:00,0.00024658132102706176,1371.3345948164708,0.00024658132102706176,0.0,cash
2011-07-12 21:00:00+00:00,8.219353715244182e-05,1371.4473096574384,8.219353715244182e-05,0.0,cash
2011-07-13 21:00:00+00:00,8.219353715244182e-05,1371.5600337628373,8.219353715244182e-05,0.0,cash
2011-07-14 21:00:00+00:00,8.219353715244182e-05,1371.6727671334293,8.219353715244182e-05,0.0,cash
2011-07-15 21:00:00+00:00,8.219353715244182e-05,1371.7855097699758,8.219353715244182e-05,0.0,cash
2011-07-18 21:00:00+00:00,0.0002465813210268397,1372.1237664531402,0.0002465813210268397,0.0,cash
2011-07-19 21:00:00+00:00,8.219353715244182e-05,1372.2365461589159,8.219353715244182e-05,0.0,cash
2011-07-20 21:00:00+00:00,8.219353715221978e-05,1372.3493351344543,8.219353715221978e-05,0.0,cash
2011-07-21 21:00:00+00:00,8.219353715199773e-05,1372.4621333805173,8.219353715199773e-05,0.0,cash
2011-07-22 21:00:00+00:00,8.219353715221978e-05,1372.5749408978672,8.219353715221978e-05,0.0,cash
2011-07-25 21:00:00+00:00,0.00024658132102661767,1372.913392240002,0.00024658132102661767,0.0,cash
2011-07-26 21:00:00+00:00,8.219353715266386e-05,1373.0262368479143,8.219353715266386e-05,0.0,cash
2011-07-27 21:00:00+00:00,8.219353715244182e-05,1373.139090730924,8.219353715244182e-05,0.0,cash
2011-07-28 21:00:00+00:00,8.219353715244182e-05,1373.2519538897934,8.219353715244182e-05,0.0,cash
2011-07-29 21:00:00+00:00,8.219353715244182e-05,1373.364826325285,8.219353715244182e-05,0.0,cash
2011-08-01 21:00:00+00:00,0.0002465813210272838,1373.7034724384127,0.0002465813210272838,0.0,cash
2011-08-02 21:00:00+00:00,8.219353715221978e-05,1373.8163819858107,8.219353715221978e-05,0.0,cash
2011-08-03 21:00:00+00:00,8.219353715244182e-05,1373.9293008136442,8.219353715244182e-05,0.0,cash
2011-08-04 21:00:00+00:00,8.219353715244182e-05,1374.0422289226753,8.219353715244182e-05,0.0,cash
2011-08-05 21:00:00+00:00,8.219353715310795e-05,1374.1551663136681,8.219353715310795e-05,0.0,cash
2011-08-08 21:00:00+00:00,0.0002465813210268397,1374.4940073098737,0.0002465813210268397,0.0,cash
2011-08-09 21:00:00+00:00,8.219353715266386e-05,1374.6069818341296,8.219353715266386e-05,0.0,cash
2011-08-10 21:00:00+00:00,8.219353715221978e-05,1374.7199656441608,8.219353715221978e-05,0.0,cash
2011-08-11 21:00:00+00:00,8.219353715244182e-05,1374.832958740731,8.219353715244182e-05,0.0,cash
2011-08-12 21:00:00+00:00,8.219353715244182e-05,1374.9459611246036,8.219353715244182e-05,0.0,cash
2011-08-15 21:00:00+00:00,0.00024658132102706176,1375.2849971160385,0.00024658132102706176,0.0,cash
2011-08-16 21:00:00+00:00,8.219353715288591e-05,1375.3980366545447,8.219353715288591e-05,0.0,cash
2011-08-17 21:00:00+00:00,8.219353715221978e-05,1375.5110854841696,8.219353715221978e-05,0.0,cash
2011-08-18 21:00:00+00:00,8.219353715221978e-05,1375.6241436056775,8.219353715221978e-05,0.0,cash
2011-08-19 21:00:00+00:00,8.219353715244182e-05,1375.7372110198328,8.219353715244182e-05,0.0,cash
2011-08-22 21:00:00+00:00,0.0002465813210272838,1376.0764421187123,0.0002465813210272838,0.0,cash
2011-08-23 21:00:00+00:00,8.219353715244182e-05,1376.189546708882,8.219353715244182e-05,0.0,cash
2011-08-24 21:00:00+00:00,8.219353715221978e-05,1376.302660595518,8.219353715221978e-05,0.0,cash
2011-08-25 21:00:00+00:00,8.219353715266386e-05,1376.415783779385,8.219353715266386e-05,0.0,cash
2011-08-26 21:00:00+00:00,8.219353715244182e-05,1376.5289162612462,8.219353715244182e-05,0.0,cash
2011-08-29 21:00:00+00:00,0.0002465813210268397,1376.8683425798495,0.0002465813210268397,0.0,cash
2011-08-30 21:00:00+00:00,8.219353715266386e-05,1376.9815122591197,8.219353715266386e-05,0.0,cash
2011-08-31 21:00:00+00:00,8.219353715244182e-05,1377.0946912402057,8.219353715244182e-05,0.0,cash
2011-09-01 21:00:00+00:00,8.219353715244182e-05,1377.2078795238726,8.219353715244182e-05,0.0,cash
2011-09-02 21:00:00+00:00,8.219353715221978e-05,1377.3210771108847,8.219353715221978e-05,0.0,cash
2011-09-06 21:00:00+00:00,0.00032877521296437173,1377.7739061413322,0.00032877521296437173,0.0,cash
2011-09-07 21:00:00+00:00,8.219353715244182e-05,1377.8871502520742,8.219353715244182e-05,0.0,cash
2011-09-08 21:00:00+00:00,8.219353715221978e-05,1378.00040367075,8.219353715221978e-05,0.0,cash
2011-09-09 21:00:00+00:00,8.219353715266386e-05,1378.1136663981256,8.219353715266386e-05,0.0,cash
2011-09-12 21:00:00+00:00,0.00024658132102706176,1378.4534834865115,0.00024658132102706176,0.0,cash
2011-09-13 21:00:00+00:00,8.219353715266386e-05,1378.5667834541196,8.219353715266386e-05,0.0,cash
2011-09-14 21:00:00+00:00,8.219353715244182e-05,1378.6800927342526,8.219353715244182e-05,0.0,cash
2011-09-15 21:00:00+00:00,8.219353715221978e-05,1378.7934113276758,8.219353715221978e-05,0.0,cash
2011-09-16 21:00:00+00:00,8.219353715244182e-05,1378.9067392351553,8.219353715244182e-05,0.0,cash
2011-09-19 21:00:00+00:00,0.00024658132102706176,1379.246751880489,0.00024658132102706176,0.0,cash
2011-09-20 21:00:00+00:00,8.219353715221978e-05,1379.3601170496318,8.219353715221978e-05,0.0,cash
2011-09-21 21:00:00+00:00,8.219353715244182e-05,1379.4734915366591,8.219353715244182e-05,0.0,cash
2011-09-22 21:00:00+00:00,8.219353715244182e-05,1379.5868753423365,8.219353715244182e-05,0.0,cash
2011-09-23 21:00:00+00:00,8.219353715244182e-05,1379.70026846743,8.219353715244182e-05,0.0,cash
2011-09-26 21:00:00+00:00,0.00024658132102661767,1380.0404767822497,0.00024658132102661767,0.0,cash
2011-09-27 21:00:00+00:00,8.219353715221978e-05,1380.1539071904497,8.219353715221978e-05,0.0,cash
2011-09-28 21:00:00+00:00,8.219353715221978e-05,1380.2673469218962,8.219353715221978e-05,0.0,cash
2011-09-29 21:00:00+00:00,8.219353715221978e-05,1380.3807959773555,8.219353715221978e-05,0.0,cash
2011-09-30 21:00:00+00:00,8.219353715266386e-05,1380.4942543575944,8.219353715266386e-05,0.0,cash
2011-10-03 21:00:00+00:00,0.0002465813210268397,1380.8346584545038,0.0002465813210268397,0.0,cash
2011-10-04 21:00:00+00:00,8.219353715244182e-05,1380.948154139305,8.219353715244182e-05,0.0,cash
2011-10-05 21:00:00+00:00,8.219353715266386e-05,1381.061659152718,8.219353715266386e-05,0.0,cash
2011-10-06 21:00:00+00:00,8.219353715221978e-05,1381.1751734955092,8.219353715221978e-05,0.0,cash
2011-10-07 21:00:00+00:00,8.219353715199773e-05,1381.2886971684454,8.219353715199773e-05,0.0,cash
2011-10-10 21:00:00+00:00,0.0002465813210268397,1381.6292971601126,0.0002465813210268397,0.0,cash
2011-10-11 21:00:00+00:00,8.219353715244182e-05,1381.7428581590798,8.219353715244182e-05,0.0,cash
2011-10-12 21:00:00+00:00,8.219353715221978e-05,1381.8564284920267,8.219353715221978e-05,0.0,cash
2011-10-13 21:00:00+00:00,8.219353715244182e-05,1381.9700081597214,8.219353715244182e-05,0.0,cash
2011-10-14 21:00:00+00:00,8.219353715199773e-05,1382.0835971629301,8.219353715199773e-05,0.0,cash
2011-10-17 21:00:00+00:00,0.00024658132102706176,1382.4243931620883,0.00024658132102706176,0.0,cash
2011-10-18 21:00:00+00:00,8.219353715244182e-05,1382.5380195128082,8.219353715244182e-05,0.0,cash
2011-10-19 21:00:00+00:00,8.219353715221978e-05,1382.6516552028795,8.219353715221978e-05,0.0,cash
2011-10-20 21:00:00+00:00,8.219353715221978e-05,1382.76530023307,8.219353715221978e-05,0.0,cash
2011-10-21 21:00:00+00:00,8.219353715221978e-05,1382.8789546041476,8.219353715221978e-05,0.0,cash
2011-10-24 21:00:00+00:00,0.0002465813210268397,1383.219946723594,0.0002465813210268397,0.0,cash
2011-10-25 21:00:00+00:00,8.219353715266386e-05,1383.3336384636752,8.219353715266386e-05,0.0,cash
2011-10-26 21:00:00+00:00,8.219353715244182e-05,1383.4473395484824,8.219353715244182e-05,0.0,cash
2011-10-27 21:00:00+00:00,8.219353715244182e-05,1383.561049978784,8.219353715244182e-05,0.0,cash
2011-10-28 21:00:00+00:00,8.219353715244182e-05,1383.674769755348,8.219353715244182e-05,0.0,cash
2011-10-31 21:00:00+00:00,0.00024658132102661767,1384.0159581079456,0.00024658132102661767,0.0,cash
2011-11-01 21:00:00+00:00,8.219353715244182e-05,1384.129715275018,8.219353715244182e-05,0.0,cash
2011-11-02 21:00:00+00:00,8.219353715244182e-05,1384.2434817921944,8.219353715244182e-05,0.0,cash
2011-11-03 21:00:00+00:00,8.219353715244182e-05,1384.3572576602432,8.219353715244182e-05,0.0,cash
2011-11-04 21:00:00+00:00,8.219353715221978e-05,1384.4710428799326,8.219353715221978e-05,0.0,cash
2011-11-07 22:00:00+00:00,0.00025000606652447743,1384.81716903958,0.00025000606652447743,0.0,cash
2011-11-08 22:00:00+00:00,8.219353715266386e-05,1384.930992061013,8.219353715266386e-05,0.0,cash
2011-11-09 22:00:00+00:00,8.219353715244182e-05,1385.0448244379625,8.219353715244182e-05,0.0,cash
2011-11-10 22:00:00+00:00,8.219353715244182e-05,1385.1586661711976,8.219353715244182e-05,0.0,cash
2011-11-11 22:00:00+00:00,8.219353715244182e-05,1385.2725172614876,8.219353715244182e-05,0.0,cash
2011-11-14 22:00:00+00:00,0.00024658132102661767,1385.6140995887758,0.00024658132102661767,0.0,cash
2011-11-15 22:00:00+00:00,8.219353715266386e-05,1385.7279881127497,8.219353715266386e-05,0.0,cash
2011-11-16 22:00:00+00:00,8.219353715221978e-05,1385.8418859976234,8.219353715221978e-05,0.0,cash
2011-11-17 22:00:00+00:00,8.219353715244182e-05,1385.9557932441676,8.219353715244182e-05,0.0,cash
2011-11-18 22:00:00+00:00,8.219353715244182e-05,1386.0697098531512,8.219353715244182e-05,0.0,cash
2011-11-21 22:00:00+00:00,0.0002465813210268397,1386.4114887532419,0.0002465813210268397,0.0,cash
2011-11-22 22:00:00+00:00,8.219353715244182e-05,1386.5254428174514,8.219353715244182e-05,0.0,cash
2011-11-23 22:00:00+00:00,8.219353715288591e-05,1386.639406247949,8.219353715288591e-05,0.0,cash
2011-11-25 22:00:00+00:00,0.00016438734991108817,1386.8673522252243,0.00016438734991108817,0.0,cash
2011-11-28 22:00:00+00:00,0.0002465813210268397,1387.2093278090251,0.0002465813210268397,0.0,cash
2011-11-29 22:00:00+00:00,8.219353715221978e-05,1387.3233474504484,8.219353715221978e-05,0.0,cash
2011-11-30 22:00:00+00:00,8.219353715221978e-05,1387.4373764635493,8.219353715221978e-05,0.0,cash
2011-12-01 22:00:00+00:00,8.219353715244182e-05,1387.5514148490984,8.219353715244182e-05,0.0,cash
2011-12-02 22:00:00+00:00,8.219353715266386e-05,1387.665462607866,8.219353715266386e-05,0.0,cash
2011-12-05 22:00:00+00:00,0.0002465813210268397,1388.007634990779,0.0002465813210268397,0.0,cash
2011-12-06 22:00:00+00:00,8.219353715221978e-05,1388.1217202478933,8.219353715221978e-05,0.0,cash
2011-12-07 22:00:00+00:00,8.219353715244182e-05,1388.2358148820786,8.219353715244182e-05,0.0,cash
2011-12-08 22:00:00+00:00,8.219353715288591e-05,1388.3499188941062,8.219353715288591e-05,0.0,cash
2011-12-09 22:00:00+00:00,8.219353715266386e-05,1388.4640322847456,8.219353715266386e-05,0.0,cash
2011-12-12 22:00:00+00:00,0.0002465813210272838,1388.8064015800253,0.0002465813210272838,0.0,cash
2011-12-13 22:00:00+00:00,8.219353715244182e-05,1388.920552490591,8.219353715244182e-05,0.0,cash
2011-12-14 22:00:00+00:00,8.219353715244182e-05,1389.034712783624,8.219353715244182e-05,0.0,cash
2011-12-15 22:00:00+00:00,8.219353715244182e-05,1389.148882459895,8.219353715244182e-05,0.0,cash
2011-12-16 22:00:00+00:00,8.219353715244182e-05,1389.2630615201758,8.219353715244182e-05,0.0,cash
2011-12-19 22:00:00+00:00,0.00024658132102706176,1389.6056278411395,0.00024658132102706176,0.0,cash
2011-12-20 22:00:00+00:00,8.219353715266386e-05,1389.719844442939,8.219353715266386e-05,0.0,cash
2011-12-21 22:00:00+00:00,8.219353715244182e-05,1389.8340704326047,8.219353715244182e-05,0.0,cash
2011-12-22 22:00:00+00:00,8.219353715244182e-05,1389.9483058109086,8.219353715244182e-05,0.0,cash
2011-12-23 22:00:00+00:00,8.219353715199773e-05,1390.0625505786215,8.219353715199773e-05,0.0,cash
2011-12-27 22:00:00+00:00,0.0003287752129641497,1390.5195686897216,0.0003287752129641497,0.0,cash
2011-12-28 22:00:00+00:00,8.219353715244182e-05,1390.633860411552,8.219353715244182e-05,0.0,cash
2011-12-29 22:00:00+00:00,8.219353715221978e-05,1390.7481615274228,8.219353715221978e-05,0.0,cash
2011-12-30 22:00:00+00:00,8.219353715244182e-05,1390.862472038107,8.219353715244182e-05,0.0,cash
