candidate_id,pair_id,family_cell,entry_rule,exit_rule,common_confirmation_hours,frozen_shortlist_member,cash_excess_sharpe,zero_wait_sharpe,finite_paired_sharpe,delta_sharpe_vs_zero
v5_30m__entry_ema_100__exit_ema_10__entry_hours_0__exit_hours_0,ema_100__ema_10,EMA/EMA,ema_100,ema_10,0.0,False,-0.0006079830197040435,-0.0006079830197040435,True,0.0
v5_30m__entry_ema_100__exit_ema_100__entry_hours_0__exit_hours_0,ema_100__ema_100,EMA/EMA,ema_100,ema_100,0.0,False,0.26002747535994064,0.26002747535994064,True,0.0
v5_30m__entry_ema_100__exit_ema_20__entry_hours_0__exit_hours_0,ema_100__ema_20,EMA/EMA,ema_100,ema_20,0.0,False,0.24731206597189026,0.24731206597189026,True,0.0
v5_30m__entry_ema_100__exit_ema_200__entry_hours_0__exit_hours_0,ema_100__ema_200,EMA/EMA,ema_100,ema_200,0.0,False,0.15038308416861185,0.15038308416861185,True,0.0
v5_30m__entry_ema_100__exit_ema_250__entry_hours_0__exit_hours_0,ema_100__ema_250,EMA/EMA,ema_100,ema_250,0.0,False,0.2048396593405551,0.2048396593405551,True,0.0
v5_30m__entry_ema_100__exit_ema_50__entry_hours_0__exit_hours_0,ema_100__ema_50,EMA/EMA,ema_100,ema_50,0.0,False,0.3283270971041166,0.3283270971041166,True,0.0
v5_30m__entry_ema_100__exit_macd_12_26_9__entry_hours_0__exit_hours_0,ema_100__macd_12_26_9,EMA/MACD,ema_100,macd_12_26_9,0.0,False,0.1110696443983843,0.1110696443983843,True,0.0
v5_30m__entry_ema_100__exit_macd_24_52_18__entry_hours_0__exit_hours_0,ema_100__macd_24_52_18,EMA/MACD,ema_100,macd_24_52_18,0.0,False,0.12828172443477173,0.12828172443477173,True,0.0
v5_30m__entry_ema_100__exit_macd_48_104_36__entry_hours_0__exit_hours_0,ema_100__macd_48_104_36,EMA/MACD,ema_100,macd_48_104_36,0.0,False,0.2839908383932107,0.2839908383932107,True,0.0
v5_30m__entry_ema_100__exit_macd_6_13_5__entry_hours_0__exit_hours_0,ema_100__macd_6_13_5,EMA/MACD,ema_100,macd_6_13_5,0.0,False,-0.27656485502109796,-0.27656485502109796,True,0.0
v5_30m__entry_ema_100__exit_macd_96_208_72__entry_hours_0__exit_hours_0,ema_100__macd_96_208_72,EMA/MACD,ema_100,macd_96_208_72,0.0,False,0.35977786496833447,0.35977786496833447,True,0.0
v5_30m__entry_ema_100__exit_sma_10__entry_hours_0__exit_hours_0,ema_100__sma_10,EMA/SMA,ema_100,sma_10,0.0,False,-0.13929407390727558,-0.13929407390727558,True,0.0
v5_30m__entry_ema_100__exit_sma_100__entry_hours_0__exit_hours_0,ema_100__sma_100,EMA/SMA,ema_100,sma_100,0.0,False,0.22312607301458304,0.22312607301458304,True,0.0
v5_30m__entry_ema_100__exit_sma_20__entry_hours_0__exit_hours_0,ema_100__sma_20,EMA/SMA,ema_100,sma_20,0.0,False,0.26574609221734224,0.26574609221734224,True,0.0
v5_30m__entry_ema_100__exit_sma_200__entry_hours_0__exit_hours_0,ema_100__sma_200,EMA/SMA,ema_100,sma_200,0.0,False,0.15294067917570942,0.15294067917570942,True,0.0
v5_30m__entry_ema_100__exit_sma_250__entry_hours_0__exit_hours_0,ema_100__sma_250,EMA/SMA,ema_100,sma_250,0.0,False,0.2681067214191236,0.2681067214191236,True,0.0
v5_30m__entry_ema_100__exit_sma_50__entry_hours_0__exit_hours_0,ema_100__sma_50,EMA/SMA,ema_100,sma_50,0.0,True,0.3543849174179127,0.3543849174179127,True,0.0
v5_30m__entry_ema_10__exit_ema_10__entry_hours_0__exit_hours_0,ema_10__ema_10,EMA/EMA,ema_10,ema_10,0.0,False,0.04238228775696942,0.04238228775696942,True,0.0
v5_30m__entry_ema_10__exit_ema_100__entry_hours_0__exit_hours_0,ema_10__ema_100,EMA/EMA,ema_10,ema_100,0.0,True,0.28292642504301196,0.28292642504301196,True,0.0
v5_30m__entry_ema_10__exit_ema_20__entry_hours_0__exit_hours_0,ema_10__ema_20,EMA/EMA,ema_10,ema_20,0.0,False,0.4074960362135531,0.4074960362135531,True,0.0
v5_30m__entry_ema_10__exit_ema_200__entry_hours_0__exit_hours_0,ema_10__ema_200,EMA/EMA,ema_10,ema_200,0.0,False,0.24679641125008211,0.24679641125008211,True,0.0
v5_30m__entry_ema_10__exit_ema_250__entry_hours_0__exit_hours_0,ema_10__ema_250,EMA/EMA,ema_10,ema_250,0.0,False,0.2535970817655029,0.2535970817655029,True,0.0
v5_30m__entry_ema_10__exit_ema_50__entry_hours_0__exit_hours_0,ema_10__ema_50,EMA/EMA,ema_10,ema_50,0.0,False,0.29332963587277333,0.29332963587277333,True,0.0
v5_30m__entry_ema_10__exit_macd_12_26_9__entry_hours_0__exit_hours_0,ema_10__macd_12_26_9,EMA/MACD,ema_10,macd_12_26_9,0.0,False,0.04448900367367532,0.04448900367367532,True,0.0
v5_30m__entry_ema_10__exit_macd_24_52_18__entry_hours_0__exit_hours_0,ema_10__macd_24_52_18,EMA/MACD,ema_10,macd_24_52_18,0.0,False,-0.09447657861976214,-0.09447657861976214,True,0.0
v5_30m__entry_ema_10__exit_macd_48_104_36__entry_hours_0__exit_hours_0,ema_10__macd_48_104_36,EMA/MACD,ema_10,macd_48_104_36,0.0,False,0.06041333402917477,0.06041333402917477,True,0.0
v5_30m__entry_ema_10__exit_macd_6_13_5__entry_hours_0__exit_hours_0,ema_10__macd_6_13_5,EMA/MACD,ema_10,macd_6_13_5,0.0,False,-0.337329343855825,-0.337329343855825,True,0.0
v5_30m__entry_ema_10__exit_macd_96_208_72__entry_hours_0__exit_hours_0,ema_10__macd_96_208_72,EMA/MACD,ema_10,macd_96_208_72,0.0,False,0.1701393409829781,0.1701393409829781,True,0.0
v5_30m__entry_ema_10__exit_sma_10__entry_hours_0__exit_hours_0,ema_10__sma_10,EMA/SMA,ema_10,sma_10,0.0,False,-0.02027189997570593,-0.02027189997570593,True,0.0
v5_30m__entry_ema_10__exit_sma_100__entry_hours_0__exit_hours_0,ema_10__sma_100,EMA/SMA,ema_10,sma_100,0.0,False,0.21723681396672326,0.21723681396672326,True,0.0
v5_30m__entry_ema_10__exit_sma_20__entry_hours_0__exit_hours_0,ema_10__sma_20,EMA/SMA,ema_10,sma_20,0.0,True,0.42097776631184786,0.42097776631184786,True,0.0
v5_30m__entry_ema_10__exit_sma_200__entry_hours_0__exit_hours_0,ema_10__sma_200,EMA/SMA,ema_10,sma_200,0.0,False,0.19696945041182182,0.19696945041182182,True,0.0
v5_30m__entry_ema_10__exit_sma_250__entry_hours_0__exit_hours_0,ema_10__sma_250,EMA/SMA,ema_10,sma_250,0.0,False,0.3076816409695035,0.3076816409695035,True,0.0
v5_30m__entry_ema_10__exit_sma_50__entry_hours_0__exit_hours_0,ema_10__sma_50,EMA/SMA,ema_10,sma_50,0.0,True,0.33207476598594116,0.33207476598594116,True,0.0
v5_30m__entry_ema_200__exit_ema_10__entry_hours_0__exit_hours_0,ema_200__ema_10,EMA/EMA,ema_200,ema_10,0.0,False,0.09988745464702359,0.09988745464702359,True,0.0
v5_30m__entry_ema_200__exit_ema_100__entry_hours_0__exit_hours_0,ema_200__ema_100,EMA/EMA,ema_200,ema_100,0.0,True,0.2473743971928503,0.2473743971928503,True,0.0
v5_30m__entry_ema_200__exit_ema_20__entry_hours_0__exit_hours_0,ema_200__ema_20,EMA/EMA,ema_200,ema_20,0.0,False,0.1589425052753569,0.1589425052753569,True,0.0
v5_30m__entry_ema_200__exit_ema_200__entry_hours_0__exit_hours_0,ema_200__ema_200,EMA/EMA,ema_200,ema_200,0.0,False,0.1825266450478972,0.1825266450478972,True,0.0
v5_30m__entry_ema_200__exit_ema_250__entry_hours_0__exit_hours_0,ema_200__ema_250,EMA/EMA,ema_200,ema_250,0.0,False,0.2549479211262679,0.2549479211262679,True,0.0
v5_30m__entry_ema_200__exit_ema_50__entry_hours_0__exit_hours_0,ema_200__ema_50,EMA/EMA,ema_200,ema_50,0.0,False,0.190591816351735,0.190591816351735,True,0.0
v5_30m__entry_ema_200__exit_macd_12_26_9__entry_hours_0__exit_hours_0,ema_200__macd_12_26_9,EMA/MACD,ema_200,macd_12_26_9,0.0,False,0.2726890572681901,0.2726890572681901,True,0.0
v5_30m__entry_ema_200__exit_macd_24_52_18__entry_hours_0__exit_hours_0,ema_200__macd_24_52_18,EMA/MACD,ema_200,macd_24_52_18,0.0,False,0.0022133693682327886,0.0022133693682327886,True,0.0
v5_30m__entry_ema_200__exit_macd_48_104_36__entry_hours_0__exit_hours_0,ema_200__macd_48_104_36,EMA/MACD,ema_200,macd_48_104_36,0.0,False,0.15829215559599513,0.15829215559599513,True,0.0
v5_30m__entry_ema_200__exit_macd_6_13_5__entry_hours_0__exit_hours_0,ema_200__macd_6_13_5,EMA/MACD,ema_200,macd_6_13_5,0.0,True,0.01374523804187511,0.01374523804187511,True,0.0
v5_30m__entry_ema_200__exit_macd_96_208_72__entry_hours_0__exit_hours_0,ema_200__macd_96_208_72,EMA/MACD,ema_200,macd_96_208_72,0.0,True,0.4521443181480897,0.4521443181480897,True,0.0
v5_30m__entry_ema_200__exit_sma_10__entry_hours_0__exit_hours_0,ema_200__sma_10,EMA/SMA,ema_200,sma_10,0.0,False,0.043594792551802146,0.043594792551802146,True,0.0
v5_30m__entry_ema_200__exit_sma_100__entry_hours_0__exit_hours_0,ema_200__sma_100,EMA/SMA,ema_200,sma_100,0.0,False,0.10943336572303634,0.10943336572303634,True,0.0
v5_30m__entry_ema_200__exit_sma_20__entry_hours_0__exit_hours_0,ema_200__sma_20,EMA/SMA,ema_200,sma_20,0.0,False,0.1978819181163215,0.1978819181163215,True,0.0
v5_30m__entry_ema_200__exit_sma_200__entry_hours_0__exit_hours_0,ema_200__sma_200,EMA/SMA,ema_200,sma_200,0.0,False,0.16939549064342743,0.16939549064342743,True,0.0
v5_30m__entry_ema_200__exit_sma_250__entry_hours_0__exit_hours_0,ema_200__sma_250,EMA/SMA,ema_200,sma_250,0.0,False,0.295301844313221,0.295301844313221,True,0.0
v5_30m__entry_ema_200__exit_sma_50__entry_hours_0__exit_hours_0,ema_200__sma_50,EMA/SMA,ema_200,sma_50,0.0,True,0.19608868657989567,0.19608868657989567,True,0.0
v5_30m__entry_ema_20__exit_ema_10__entry_hours_0__exit_hours_0,ema_20__ema_10,EMA/EMA,ema_20,ema_10,0.0,False,0.11333849185533337,0.11333849185533337,True,0.0
v5_30m__entry_ema_20__exit_ema_100__entry_hours_0__exit_hours_0,ema_20__ema_100,EMA/EMA,ema_20,ema_100,0.0,True,0.3084589117540858,0.3084589117540858,True,0.0
v5_30m__entry_ema_20__exit_ema_20__entry_hours_0__exit_hours_0,ema_20__ema_20,EMA/EMA,ema_20,ema_20,0.0,False,0.33516626164033736,0.33516626164033736,True,0.0
v5_30m__entry_ema_20__exit_ema_200__entry_hours_0__exit_hours_0,ema_20__ema_200,EMA/EMA,ema_20,ema_200,0.0,False,0.19302553893031535,0.19302553893031535,True,0.0
v5_30m__entry_ema_20__exit_ema_250__entry_hours_0__exit_hours_0,ema_20__ema_250,EMA/EMA,ema_20,ema_250,0.0,False,0.2693014992255929,0.2693014992255929,True,0.0
v5_30m__entry_ema_20__exit_ema_50__entry_hours_0__exit_hours_0,ema_20__ema_50,EMA/EMA,ema_20,ema_50,0.0,False,0.2528875695267343,0.2528875695267343,True,0.0
v5_30m__entry_ema_20__exit_macd_12_26_9__entry_hours_0__exit_hours_0,ema_20__macd_12_26_9,EMA/MACD,ema_20,macd_12_26_9,0.0,False,0.032109806858264145,0.032109806858264145,True,0.0
v5_30m__entry_ema_20__exit_macd_24_52_18__entry_hours_0__exit_hours_0,ema_20__macd_24_52_18,EMA/MACD,ema_20,macd_24_52_18,0.0,False,-0.0326899165458147,-0.0326899165458147,True,0.0
v5_30m__entry_ema_20__exit_macd_48_104_36__entry_hours_0__exit_hours_0,ema_20__macd_48_104_36,EMA/MACD,ema_20,macd_48_104_36,0.0,False,0.06537010652989599,0.06537010652989599,True,0.0
v5_30m__entry_ema_20__exit_macd_6_13_5__entry_hours_0__exit_hours_0,ema_20__macd_6_13_5,EMA/MACD,ema_20,macd_6_13_5,0.0,False,-0.11252877930989884,-0.11252877930989884,True,0.0
v5_30m__entry_ema_20__exit_macd_96_208_72__entry_hours_0__exit_hours_0,ema_20__macd_96_208_72,EMA/MACD,ema_20,macd_96_208_72,0.0,False,0.16489882865510538,0.16489882865510538,True,0.0
v5_30m__entry_ema_20__exit_sma_10__entry_hours_0__exit_hours_0,ema_20__sma_10,EMA/SMA,ema_20,sma_10,0.0,False,0.006178142283133949,0.006178142283133949,True,0.0
v5_30m__entry_ema_20__exit_sma_100__entry_hours_0__exit_hours_0,ema_20__sma_100,EMA/SMA,ema_20,sma_100,0.0,False,0.23831683043913535,0.23831683043913535,True,0.0
v5_30m__entry_ema_20__exit_sma_20__entry_hours_0__exit_hours_0,ema_20__sma_20,EMA/SMA,ema_20,sma_20,0.0,False,0.4204221554160418,0.4204221554160418,True,0.0
v5_30m__entry_ema_20__exit_sma_200__entry_hours_0__exit_hours_0,ema_20__sma_200,EMA/SMA,ema_20,sma_200,0.0,False,0.15903135902657678,0.15903135902657678,True,0.0
v5_30m__entry_ema_20__exit_sma_250__entry_hours_0__exit_hours_0,ema_20__sma_250,EMA/SMA,ema_20,sma_250,0.0,False,0.27327386820124583,0.27327386820124583,True,0.0
v5_30m__entry_ema_20__exit_sma_50__entry_hours_0__exit_hours_0,ema_20__sma_50,EMA/SMA,ema_20,sma_50,0.0,False,0.2929388762492825,0.2929388762492825,True,0.0
v5_30m__entry_ema_250__exit_ema_10__entry_hours_0__exit_hours_0,ema_250__ema_10,EMA/EMA,ema_250,ema_10,0.0,False,0.13538534402234675,0.13538534402234675,True,0.0
v5_30m__entry_ema_250__exit_ema_100__entry_hours_0__exit_hours_0,ema_250__ema_100,EMA/EMA,ema_250,ema_100,0.0,True,0.3545106767997482,0.3545106767997482,True,0.0
v5_30m__entry_ema_250__exit_ema_20__entry_hours_0__exit_hours_0,ema_250__ema_20,EMA/EMA,ema_250,ema_20,0.0,False,0.24198167384301483,0.24198167384301483,True,0.0
v5_30m__entry_ema_250__exit_ema_200__entry_hours_0__exit_hours_0,ema_250__ema_200,EMA/EMA,ema_250,ema_200,0.0,False,0.24453467116009633,0.24453467116009633,True,0.0
v5_30m__entry_ema_250__exit_ema_250__entry_hours_0__exit_hours_0,ema_250__ema_250,EMA/EMA,ema_250,ema_250,0.0,False,0.2418391106175752,0.2418391106175752,True,0.0
v5_30m__entry_ema_250__exit_ema_50__entry_hours_0__exit_hours_0,ema_250__ema_50,EMA/EMA,ema_250,ema_50,0.0,False,0.3019856816831141,0.3019856816831141,True,0.0
v5_30m__entry_ema_250__exit_macd_12_26_9__entry_hours_0__exit_hours_0,ema_250__macd_12_26_9,EMA/MACD,ema_250,macd_12_26_9,0.0,True,0.3004419828161448,0.3004419828161448,True,0.0
v5_30m__entry_ema_250__exit_macd_24_52_18__entry_hours_0__exit_hours_0,ema_250__macd_24_52_18,EMA/MACD,ema_250,macd_24_52_18,0.0,False,0.06633157662185257,0.06633157662185257,True,0.0
v5_30m__entry_ema_250__exit_macd_48_104_36__entry_hours_0__exit_hours_0,ema_250__macd_48_104_36,EMA/MACD,ema_250,macd_48_104_36,0.0,False,0.23223936978870546,0.23223936978870546,True,0.0
v5_30m__entry_ema_250__exit_macd_6_13_5__entry_hours_0__exit_hours_0,ema_250__macd_6_13_5,EMA/MACD,ema_250,macd_6_13_5,0.0,True,0.004320951533029749,0.004320951533029749,True,0.0
v5_30m__entry_ema_250__exit_macd_96_208_72__entry_hours_0__exit_hours_0,ema_250__macd_96_208_72,EMA/MACD,ema_250,macd_96_208_72,0.0,True,0.48169134509777994,0.48169134509777994,True,0.0
v5_30m__entry_ema_250__exit_sma_10__entry_hours_0__exit_hours_0,ema_250__sma_10,EMA/SMA,ema_250,sma_10,0.0,False,0.08741208481457227,0.08741208481457227,True,0.0
v5_30m__entry_ema_250__exit_sma_100__entry_hours_0__exit_hours_0,ema_250__sma_100,EMA/SMA,ema_250,sma_100,0.0,False,0.23863835869141053,0.23863835869141053,True,0.0
v5_30m__entry_ema_250__exit_sma_20__entry_hours_0__exit_hours_0,ema_250__sma_20,EMA/SMA,ema_250,sma_20,0.0,False,0.292018940434404,0.292018940434404,True,0.0
v5_30m__entry_ema_250__exit_sma_200__entry_hours_0__exit_hours_0,ema_250__sma_200,EMA/SMA,ema_250,sma_200,0.0,False,0.1399485000732323,0.1399485000732323,True,0.0
v5_30m__entry_ema_250__exit_sma_250__entry_hours_0__exit_hours_0,ema_250__sma_250,EMA/SMA,ema_250,sma_250,0.0,False,0.27306904073857,0.27306904073857,True,0.0
v5_30m__entry_ema_250__exit_sma_50__entry_hours_0__exit_hours_0,ema_250__sma_50,EMA/SMA,ema_250,sma_50,0.0,True,0.24563342266915664,0.24563342266915664,True,0.0
v5_30m__entry_ema_50__exit_ema_10__entry_hours_0__exit_hours_0,ema_50__ema_10,EMA/EMA,ema_50,ema_10,0.0,False,-0.11883383465858063,-0.11883383465858063,True,0.0
v5_30m__entry_ema_50__exit_ema_100__entry_hours_0__exit_hours_0,ema_50__ema_100,EMA/EMA,ema_50,ema_100,0.0,True,0.31280924482724637,0.31280924482724637,True,0.0
v5_30m__entry_ema_50__exit_ema_20__entry_hours_0__exit_hours_0,ema_50__ema_20,EMA/EMA,ema_50,ema_20,0.0,False,0.13835396155375768,0.13835396155375768,True,0.0
v5_30m__entry_ema_50__exit_ema_200__entry_hours_0__exit_hours_0,ema_50__ema_200,EMA/EMA,ema_50,ema_200,0.0,False,0.17224309443874863,0.17224309443874863,True,0.0
v5_30m__entry_ema_50__exit_ema_250__entry_hours_0__exit_hours_0,ema_50__ema_250,EMA/EMA,ema_50,ema_250,0.0,False,0.2434381516390642,0.2434381516390642,True,0.0
v5_30m__entry_ema_50__exit_ema_50__entry_hours_0__exit_hours_0,ema_50__ema_50,EMA/EMA,ema_50,ema_50,0.0,False,0.19138391838000113,0.19138391838000113,True,0.0
v5_30m__entry_ema_50__exit_macd_12_26_9__entry_hours_0__exit_hours_0,ema_50__macd_12_26_9,EMA/MACD,ema_50,macd_12_26_9,0.0,False,0.037349799948385165,0.037349799948385165,True,0.0
v5_30m__entry_ema_50__exit_macd_24_52_18__entry_hours_0__exit_hours_0,ema_50__macd_24_52_18,EMA/MACD,ema_50,macd_24_52_18,0.0,False,-0.0733129922661896,-0.0733129922661896,True,0.0
v5_30m__entry_ema_50__exit_macd_48_104_36__entry_hours_0__exit_hours_0,ema_50__macd_48_104_36,EMA/MACD,ema_50,macd_48_104_36,0.0,False,0.0026057337369784633,0.0026057337369784633,True,0.0
v5_30m__entry_ema_50__exit_macd_6_13_5__entry_hours_0__exit_hours_0,ema_50__macd_6_13_5,EMA/MACD,ema_50,macd_6_13_5,0.0,False,-0.23606243051252473,-0.23606243051252473,True,0.0
v5_30m__entry_ema_50__exit_macd_96_208_72__entry_hours_0__exit_hours_0,ema_50__macd_96_208_72,EMA/MACD,ema_50,macd_96_208_72,0.0,False,0.1477677931427919,0.1477677931427919,True,0.0
v5_30m__entry_ema_50__exit_sma_10__entry_hours_0__exit_hours_0,ema_50__sma_10,EMA/SMA,ema_50,sma_10,0.0,False,-0.1589736820920096,-0.1589736820920096,True,0.0
v5_30m__entry_ema_50__exit_sma_100__entry_hours_0__exit_hours_0,ema_50__sma_100,EMA/SMA,ema_50,sma_100,0.0,False,0.21708323404220775,0.21708323404220775,True,0.0
v5_30m__entry_ema_50__exit_sma_20__entry_hours_0__exit_hours_0,ema_50__sma_20,EMA/SMA,ema_50,sma_20,0.0,False,0.25506146671504637,0.25506146671504637,True,0.0
v5_30m__entry_ema_50__exit_sma_200__entry_hours_0__exit_hours_0,ema_50__sma_200,EMA/SMA,ema_50,sma_200,0.0,False,0.17638623451869018,0.17638623451869018,True,0.0
v5_30m__entry_ema_50__exit_sma_250__entry_hours_0__exit_hours_0,ema_50__sma_250,EMA/SMA,ema_50,sma_250,0.0,False,0.275892013050645,0.275892013050645,True,0.0
v5_30m__entry_ema_50__exit_sma_50__entry_hours_0__exit_hours_0,ema_50__sma_50,EMA/SMA,ema_50,sma_50,0.0,False,0.21178143894773113,0.21178143894773113,True,0.0
v5_30m__entry_macd_12_26_9__exit_ema_10__entry_hours_0__exit_hours_0,macd_12_26_9__ema_10,MACD/EMA,macd_12_26_9,ema_10,0.0,False,0.09667237840179971,0.09667237840179971,True,0.0
v5_30m__entry_macd_12_26_9__exit_ema_100__entry_hours_0__exit_hours_0,macd_12_26_9__ema_100,MACD/EMA,macd_12_26_9,ema_100,0.0,True,0.2519950113135395,0.2519950113135395,True,0.0
v5_30m__entry_macd_12_26_9__exit_ema_20__entry_hours_0__exit_hours_0,macd_12_26_9__ema_20,MACD/EMA,macd_12_26_9,ema_20,0.0,False,0.3493518170015414,0.3493518170015414,True,0.0
v5_30m__entry_macd_12_26_9__exit_ema_200__entry_hours_0__exit_hours_0,macd_12_26_9__ema_200,MACD/EMA,macd_12_26_9,ema_200,0.0,False,0.23079648399291705,0.23079648399291705,True,0.0
v5_30m__entry_macd_12_26_9__exit_ema_250__entry_hours_0__exit_hours_0,macd_12_26_9__ema_250,MACD/EMA,macd_12_26_9,ema_250,0.0,False,0.1838063064624598,0.1838063064624598,True,0.0
v5_30m__entry_macd_12_26_9__exit_ema_50__entry_hours_0__exit_hours_0,macd_12_26_9__ema_50,MACD/EMA,macd_12_26_9,ema_50,0.0,False,0.19839467366397762,0.19839467366397762,True,0.0
v5_30m__entry_macd_12_26_9__exit_macd_12_26_9__entry_hours_0__exit_hours_0,macd_12_26_9__macd_12_26_9,MACD/MACD,macd_12_26_9,macd_12_26_9,0.0,False,-0.05015681922882513,-0.05015681922882513,True,0.0
v5_30m__entry_macd_12_26_9__exit_macd_24_52_18__entry_hours_0__exit_hours_0,macd_12_26_9__macd_24_52_18,MACD/MACD,macd_12_26_9,macd_24_52_18,0.0,False,-0.09729091902528748,-0.09729091902528748,True,0.0
v5_30m__entry_macd_12_26_9__exit_macd_48_104_36__entry_hours_0__exit_hours_0,macd_12_26_9__macd_48_104_36,MACD/MACD,macd_12_26_9,macd_48_104_36,0.0,False,0.0645230696217943,0.0645230696217943,True,0.0
v5_30m__entry_macd_12_26_9__exit_macd_6_13_5__entry_hours_0__exit_hours_0,macd_12_26_9__macd_6_13_5,MACD/MACD,macd_12_26_9,macd_6_13_5,0.0,False,-0.03804642279195789,-0.03804642279195789,True,0.0
v5_30m__entry_macd_12_26_9__exit_macd_96_208_72__entry_hours_0__exit_hours_0,macd_12_26_9__macd_96_208_72,MACD/MACD,macd_12_26_9,macd_96_208_72,0.0,True,0.18932454793521306,0.18932454793521306,True,0.0
v5_30m__entry_macd_12_26_9__exit_sma_10__entry_hours_0__exit_hours_0,macd_12_26_9__sma_10,MACD/SMA,macd_12_26_9,sma_10,0.0,False,0.014384966182920485,0.014384966182920485,True,0.0
v5_30m__entry_macd_12_26_9__exit_sma_100__entry_hours_0__exit_hours_0,macd_12_26_9__sma_100,MACD/SMA,macd_12_26_9,sma_100,0.0,False,0.18305796985185535,0.18305796985185535,True,0.0
v5_30m__entry_macd_12_26_9__exit_sma_20__entry_hours_0__exit_hours_0,macd_12_26_9__sma_20,MACD/SMA,macd_12_26_9,sma_20,0.0,False,0.2757097708180151,0.2757097708180151,True,0.0
v5_30m__entry_macd_12_26_9__exit_sma_200__entry_hours_0__exit_hours_0,macd_12_26_9__sma_200,MACD/SMA,macd_12_26_9,sma_200,0.0,False,0.1593953508049668,0.1593953508049668,True,0.0
v5_30m__entry_macd_12_26_9__exit_sma_250__entry_hours_0__exit_hours_0,macd_12_26_9__sma_250,MACD/SMA,macd_12_26_9,sma_250,0.0,False,0.23313442889803296,0.23313442889803296,True,0.0
v5_30m__entry_macd_12_26_9__exit_sma_50__entry_hours_0__exit_hours_0,macd_12_26_9__sma_50,MACD/SMA,macd_12_26_9,sma_50,0.0,True,0.30197418064047843,0.30197418064047843,True,0.0
v5_30m__entry_macd_24_52_18__exit_ema_10__entry_hours_0__exit_hours_0,macd_24_52_18__ema_10,MACD/EMA,macd_24_52_18,ema_10,0.0,False,-0.17729919477407613,-0.17729919477407613,True,0.0
v5_30m__entry_macd_24_52_18__exit_ema_100__entry_hours_0__exit_hours_0,macd_24_52_18__ema_100,MACD/EMA,macd_24_52_18,ema_100,0.0,True,0.34588549350256825,0.34588549350256825,True,0.0
v5_30m__entry_macd_24_52_18__exit_ema_20__entry_hours_0__exit_hours_0,macd_24_52_18__ema_20,MACD/EMA,macd_24_52_18,ema_20,0.0,False,0.08823242655205842,0.08823242655205842,True,0.0
v5_30m__entry_macd_24_52_18__exit_ema_200__entry_hours_0__exit_hours_0,macd_24_52_18__ema_200,MACD/EMA,macd_24_52_18,ema_200,0.0,False,0.038576601851310864,0.038576601851310864,True,0.0
v5_30m__entry_macd_24_52_18__exit_ema_250__entry_hours_0__exit_hours_0,macd_24_52_18__ema_250,MACD/EMA,macd_24_52_18,ema_250,0.0,False,0.21813457779921872,0.21813457779921872,True,0.0
v5_30m__entry_macd_24_52_18__exit_ema_50__entry_hours_0__exit_hours_0,macd_24_52_18__ema_50,MACD/EMA,macd_24_52_18,ema_50,0.0,False,0.19567372070025785,0.19567372070025785,True,0.0
v5_30m__entry_macd_24_52_18__exit_macd_12_26_9__entry_hours_0__exit_hours_0,macd_24_52_18__macd_12_26_9,MACD/MACD,macd_24_52_18,macd_12_26_9,0.0,False,-0.13901978476403284,-0.13901978476403284,True,0.0
v5_30m__entry_macd_24_52_18__exit_macd_24_52_18__entry_hours_0__exit_hours_0,macd_24_52_18__macd_24_52_18,MACD/MACD,macd_24_52_18,macd_24_52_18,0.0,False,-0.12124680179990625,-0.12124680179990625,True,0.0
v5_30m__entry_macd_24_52_18__exit_macd_48_104_36__entry_hours_0__exit_hours_0,macd_24_52_18__macd_48_104_36,MACD/MACD,macd_24_52_18,macd_48_104_36,0.0,False,0.06348267292164896,0.06348267292164896,True,0.0
v5_30m__entry_macd_24_52_18__exit_macd_6_13_5__entry_hours_0__exit_hours_0,macd_24_52_18__macd_6_13_5,MACD/MACD,macd_24_52_18,macd_6_13_5,0.0,False,-0.22124770582046516,-0.22124770582046516,True,0.0
v5_30m__entry_macd_24_52_18__exit_macd_96_208_72__entry_hours_0__exit_hours_0,macd_24_52_18__macd_96_208_72,MACD/MACD,macd_24_52_18,macd_96_208_72,0.0,False,0.16489882865510538,0.16489882865510538,True,0.0
v5_30m__entry_macd_24_52_18__exit_sma_10__entry_hours_0__exit_hours_0,macd_24_52_18__sma_10,MACD/SMA,macd_24_52_18,sma_10,0.0,False,-0.2527660457993101,-0.2527660457993101,True,0.0
v5_30m__entry_macd_24_52_18__exit_sma_100__entry_hours_0__exit_hours_0,macd_24_52_18__sma_100,MACD/SMA,macd_24_52_18,sma_100,0.0,False,0.2815835691692267,0.2815835691692267,True,0.0
v5_30m__entry_macd_24_52_18__exit_sma_20__entry_hours_0__exit_hours_0,macd_24_52_18__sma_20,MACD/SMA,macd_24_52_18,sma_20,0.0,False,0.14407231228142342,0.14407231228142342,True,0.0
v5_30m__entry_macd_24_52_18__exit_sma_200__entry_hours_0__exit_hours_0,macd_24_52_18__sma_200,MACD/SMA,macd_24_52_18,sma_200,0.0,False,0.05373798559744341,0.05373798559744341,True,0.0
v5_30m__entry_macd_24_52_18__exit_sma_250__entry_hours_0__exit_hours_0,macd_24_52_18__sma_250,MACD/SMA,macd_24_52_18,sma_250,0.0,True,0.2624020855323676,0.2624020855323676,True,0.0
v5_30m__entry_macd_24_52_18__exit_sma_50__entry_hours_0__exit_hours_0,macd_24_52_18__sma_50,MACD/SMA,macd_24_52_18,sma_50,0.0,False,0.1924333058867206,0.1924333058867206,True,0.0
v5_30m__entry_macd_48_104_36__exit_ema_10__entry_hours_0__exit_hours_0,macd_48_104_36__ema_10,MACD/EMA,macd_48_104_36,ema_10,0.0,False,0.03448760042492447,0.03448760042492447,True,0.0
v5_30m__entry_macd_48_104_36__exit_ema_100__entry_hours_0__exit_hours_0,macd_48_104_36__ema_100,MACD/EMA,macd_48_104_36,ema_100,0.0,False,0.2485118872003444,0.2485118872003444,True,0.0
v5_30m__entry_macd_48_104_36__exit_ema_20__entry_hours_0__exit_hours_0,macd_48_104_36__ema_20,MACD/EMA,macd_48_104_36,ema_20,0.0,False,0.1589579519004396,0.1589579519004396,True,0.0
v5_30m__entry_macd_48_104_36__exit_ema_200__entry_hours_0__exit_hours_0,macd_48_104_36__ema_200,MACD/EMA,macd_48_104_36,ema_200,0.0,False,0.12368352574334625,0.12368352574334625,True,0.0
v5_30m__entry_macd_48_104_36__exit_ema_250__entry_hours_0__exit_hours_0,macd_48_104_36__ema_250,MACD/EMA,macd_48_104_36,ema_250,0.0,False,0.15084058222576516,0.15084058222576516,True,0.0
v5_30m__entry_macd_48_104_36__exit_ema_50__entry_hours_0__exit_hours_0,macd_48_104_36__ema_50,MACD/EMA,macd_48_104_36,ema_50,0.0,False,0.15165428497255848,0.15165428497255848,True,0.0
v5_30m__entry_macd_48_104_36__exit_macd_12_26_9__entry_hours_0__exit_hours_0,macd_48_104_36__macd_12_26_9,MACD/MACD,macd_48_104_36,macd_12_26_9,0.0,False,-0.09492820142784347,-0.09492820142784347,True,0.0
v5_30m__entry_macd_48_104_36__exit_macd_24_52_18__entry_hours_0__exit_hours_0,macd_48_104_36__macd_24_52_18,MACD/MACD,macd_48_104_36,macd_24_52_18,0.0,False,-0.0593564494637505,-0.0593564494637505,True,0.0
v5_30m__entry_macd_48_104_36__exit_macd_48_104_36__entry_hours_0__exit_hours_0,macd_48_104_36__macd_48_104_36,MACD/MACD,macd_48_104_36,macd_48_104_36,0.0,False,0.059038478179540874,0.059038478179540874,True,0.0
v5_30m__entry_macd_48_104_36__exit_macd_6_13_5__entry_hours_0__exit_hours_0,macd_48_104_36__macd_6_13_5,MACD/MACD,macd_48_104_36,macd_6_13_5,0.0,False,-0.24994494313057333,-0.24994494313057333,True,0.0
v5_30m__entry_macd_48_104_36__exit_macd_96_208_72__entry_hours_0__exit_hours_0,macd_48_104_36__macd_96_208_72,MACD/MACD,macd_48_104_36,macd_96_208_72,0.0,True,0.1780850318940042,0.1780850318940042,True,0.0
v5_30m__entry_macd_48_104_36__exit_sma_10__entry_hours_0__exit_hours_0,macd_48_104_36__sma_10,MACD/SMA,macd_48_104_36,sma_10,0.0,False,-0.15298304419964567,-0.15298304419964567,True,0.0
v5_30m__entry_macd_48_104_36__exit_sma_100__entry_hours_0__exit_hours_0,macd_48_104_36__sma_100,MACD/SMA,macd_48_104_36,sma_100,0.0,False,0.20688133291105346,0.20688133291105346,True,0.0
v5_30m__entry_macd_48_104_36__exit_sma_20__entry_hours_0__exit_hours_0,macd_48_104_36__sma_20,MACD/SMA,macd_48_104_36,sma_20,0.0,False,0.2527713749066454,0.2527713749066454,True,0.0
v5_30m__entry_macd_48_104_36__exit_sma_200__entry_hours_0__exit_hours_0,macd_48_104_36__sma_200,MACD/SMA,macd_48_104_36,sma_200,0.0,False,0.08380688632393145,0.08380688632393145,True,0.0
v5_30m__entry_macd_48_104_36__exit_sma_250__entry_hours_0__exit_hours_0,macd_48_104_36__sma_250,MACD/SMA,macd_48_104_36,sma_250,0.0,False,0.2563091465984941,0.2563091465984941,True,0.0
v5_30m__entry_macd_48_104_36__exit_sma_50__entry_hours_0__exit_hours_0,macd_48_104_36__sma_50,MACD/SMA,macd_48_104_36,sma_50,0.0,False,0.13424332681152007,0.13424332681152007,True,0.0
v5_30m__entry_macd_6_13_5__exit_ema_10__entry_hours_0__exit_hours_0,macd_6_13_5__ema_10,MACD/EMA,macd_6_13_5,ema_10,0.0,False,-0.09518555692943119,-0.09518555692943119,True,0.0
v5_30m__entry_macd_6_13_5__exit_ema_100__entry_hours_0__exit_hours_0,macd_6_13_5__ema_100,MACD/EMA,macd_6_13_5,ema_100,0.0,False,0.20905005498886176,0.20905005498886176,True,0.0
v5_30m__entry_macd_6_13_5__exit_ema_20__entry_hours_0__exit_hours_0,macd_6_13_5__ema_20,MACD/EMA,macd_6_13_5,ema_20,0.0,False,0.3932842103998786,0.3932842103998786,True,0.0
v5_30m__entry_macd_6_13_5__exit_ema_200__entry_hours_0__exit_hours_0,macd_6_13_5__ema_200,MACD/EMA,macd_6_13_5,ema_200,0.0,False,0.28673791590516057,0.28673791590516057,True,0.0
v5_30m__entry_macd_6_13_5__exit_ema_250__entry_hours_0__exit_hours_0,macd_6_13_5__ema_250,MACD/EMA,macd_6_13_5,ema_250,0.0,True,0.2357207832752722,0.2357207832752722,True,0.0
v5_30m__entry_macd_6_13_5__exit_ema_50__entry_hours_0__exit_hours_0,macd_6_13_5__ema_50,MACD/EMA,macd_6_13_5,ema_50,0.0,False,0.2916194114240565,0.2916194114240565,True,0.0
v5_30m__entry_macd_6_13_5__exit_macd_12_26_9__entry_hours_0__exit_hours_0,macd_6_13_5__macd_12_26_9,MACD/MACD,macd_6_13_5,macd_12_26_9,0.0,False,0.02305298574551216,0.02305298574551216,True,0.0
v5_30m__entry_macd_6_13_5__exit_macd_24_52_18__entry_hours_0__exit_hours_0,macd_6_13_5__macd_24_52_18,MACD/MACD,macd_6_13_5,macd_24_52_18,0.0,False,-0.08478910274393897,-0.08478910274393897,True,0.0
v5_30m__entry_macd_6_13_5__exit_macd_48_104_36__entry_hours_0__exit_hours_0,macd_6_13_5__macd_48_104_36,MACD/MACD,macd_6_13_5,macd_48_104_36,0.0,False,0.0808892648389764,0.0808892648389764,True,0.0
v5_30m__entry_macd_6_13_5__exit_macd_6_13_5__entry_hours_0__exit_hours_0,macd_6_13_5__macd_6_13_5,MACD/MACD,macd_6_13_5,macd_6_13_5,0.0,False,-0.19194352131521258,-0.19194352131521258,True,0.0
v5_30m__entry_macd_6_13_5__exit_macd_96_208_72__entry_hours_0__exit_hours_0,macd_6_13_5__macd_96_208_72,MACD/MACD,macd_6_13_5,macd_96_208_72,0.0,False,0.16503114378334596,0.16503114378334596,True,0.0
v5_30m__entry_macd_6_13_5__exit_sma_10__entry_hours_0__exit_hours_0,macd_6_13_5__sma_10,MACD/SMA,macd_6_13_5,sma_10,0.0,False,-0.06135077599801717,-0.06135077599801717,True,0.0
v5_30m__entry_macd_6_13_5__exit_sma_100__entry_hours_0__exit_hours_0,macd_6_13_5__sma_100,MACD/SMA,macd_6_13_5,sma_100,0.0,False,0.11466980414669015,0.11466980414669015,True,0.0
v5_30m__entry_macd_6_13_5__exit_sma_20__entry_hours_0__exit_hours_0,macd_6_13_5__sma_20,MACD/SMA,macd_6_13_5,sma_20,0.0,False,0.31445977057862495,0.31445977057862495,True,0.0
v5_30m__entry_macd_6_13_5__exit_sma_200__entry_hours_0__exit_hours_0,macd_6_13_5__sma_200,MACD/SMA,macd_6_13_5,sma_200,0.0,False,0.14170203850062213,0.14170203850062213,True,0.0
v5_30m__entry_macd_6_13_5__exit_sma_250__entry_hours_0__exit_hours_0,macd_6_13_5__sma_250,MACD/SMA,macd_6_13_5,sma_250,0.0,False,0.2699246235264358,0.2699246235264358,True,0.0
v5_30m__entry_macd_6_13_5__exit_sma_50__entry_hours_0__exit_hours_0,macd_6_13_5__sma_50,MACD/SMA,macd_6_13_5,sma_50,0.0,False,0.3373352045939966,0.3373352045939966,True,0.0
v5_30m__entry_macd_96_208_72__exit_ema_10__entry_hours_0__exit_hours_0,macd_96_208_72__ema_10,MACD/EMA,macd_96_208_72,ema_10,0.0,False,0.15066532983641298,0.15066532983641298,True,0.0
v5_30m__entry_macd_96_208_72__exit_ema_100__entry_hours_0__exit_hours_0,macd_96_208_72__ema_100,MACD/EMA,macd_96_208_72,ema_100,0.0,True,0.24876418537290512,0.24876418537290512,True,0.0
v5_30m__entry_macd_96_208_72__exit_ema_20__entry_hours_0__exit_hours_0,macd_96_208_72__ema_20,MACD/EMA,macd_96_208_72,ema_20,0.0,False,0.3006826338687007,0.3006826338687007,True,0.0
v5_30m__entry_macd_96_208_72__exit_ema_200__entry_hours_0__exit_hours_0,macd_96_208_72__ema_200,MACD/EMA,macd_96_208_72,ema_200,0.0,True,0.2486568790396074,0.2486568790396074,True,0.0
v5_30m__entry_macd_96_208_72__exit_ema_250__entry_hours_0__exit_hours_0,macd_96_208_72__ema_250,MACD/EMA,macd_96_208_72,ema_250,0.0,False,0.30133914433361414,0.30133914433361414,True,0.0
v5_30m__entry_macd_96_208_72__exit_ema_50__entry_hours_0__exit_hours_0,macd_96_208_72__ema_50,MACD/EMA,macd_96_208_72,ema_50,0.0,False,0.2835095290459566,0.2835095290459566,True,0.0
v5_30m__entry_macd_96_208_72__exit_macd_12_26_9__entry_hours_0__exit_hours_0,macd_96_208_72__macd_12_26_9,MACD/MACD,macd_96_208_72,macd_12_26_9,0.0,True,0.1278668706026702,0.1278668706026702,True,0.0
v5_30m__entry_macd_96_208_72__exit_macd_24_52_18__entry_hours_0__exit_hours_0,macd_96_208_72__macd_24_52_18,MACD/MACD,macd_96_208_72,macd_24_52_18,0.0,False,0.004733282577231128,0.004733282577231128,True,0.0
v5_30m__entry_macd_96_208_72__exit_macd_48_104_36__entry_hours_0__exit_hours_0,macd_96_208_72__macd_48_104_36,MACD/MACD,macd_96_208_72,macd_48_104_36,0.0,True,0.24574763724732063,0.24574763724732063,True,0.0
v5_30m__entry_macd_96_208_72__exit_macd_6_13_5__entry_hours_0__exit_hours_0,macd_96_208_72__macd_6_13_5,MACD/MACD,macd_96_208_72,macd_6_13_5,0.0,False,-0.009116973083050206,-0.009116973083050206,True,0.0
v5_30m__entry_macd_96_208_72__exit_macd_96_208_72__entry_hours_0__exit_hours_0,macd_96_208_72__macd_96_208_72,MACD/MACD,macd_96_208_72,macd_96_208_72,0.0,True,0.1605682318828898,0.1605682318828898,True,0.0
v5_30m__entry_macd_96_208_72__exit_sma_10__entry_hours_0__exit_hours_0,macd_96_208_72__sma_10,MACD/SMA,macd_96_208_72,sma_10,0.0,False,0.009673866296208254,0.009673866296208254,True,0.0
v5_30m__entry_macd_96_208_72__exit_sma_100__entry_hours_0__exit_hours_0,macd_96_208_72__sma_100,MACD/SMA,macd_96_208_72,sma_100,0.0,True,0.23415642261128206,0.23415642261128206,True,0.0
v5_30m__entry_macd_96_208_72__exit_sma_20__entry_hours_0__exit_hours_0,macd_96_208_72__sma_20,MACD/SMA,macd_96_208_72,sma_20,0.0,False,0.31773684879009023,0.31773684879009023,True,0.0
v5_30m__entry_macd_96_208_72__exit_sma_200__entry_hours_0__exit_hours_0,macd_96_208_72__sma_200,MACD/SMA,macd_96_208_72,sma_200,0.0,True,0.30563219290983745,0.30563219290983745,True,0.0
v5_30m__entry_macd_96_208_72__exit_sma_250__entry_hours_0__exit_hours_0,macd_96_208_72__sma_250,MACD/SMA,macd_96_208_72,sma_250,0.0,False,0.3218964496759517,0.3218964496759517,True,0.0
v5_30m__entry_macd_96_208_72__exit_sma_50__entry_hours_0__exit_hours_0,macd_96_208_72__sma_50,MACD/SMA,macd_96_208_72,sma_50,0.0,True,0.3214393896303881,0.3214393896303881,True,0.0
v5_30m__entry_sma_100__exit_ema_10__entry_hours_0__exit_hours_0,sma_100__ema_10,SMA/EMA,sma_100,ema_10,0.0,False,-0.0477304623622807,-0.0477304623622807,True,0.0
v5_30m__entry_sma_100__exit_ema_100__entry_hours_0__exit_hours_0,sma_100__ema_100,SMA/EMA,sma_100,ema_100,0.0,False,0.2367142444866327,0.2367142444866327,True,0.0
v5_30m__entry_sma_100__exit_ema_20__entry_hours_0__exit_hours_0,sma_100__ema_20,SMA/EMA,sma_100,ema_20,0.0,False,0.14972042322937665,0.14972042322937665,True,0.0
v5_30m__entry_sma_100__exit_ema_200__entry_hours_0__exit_hours_0,sma_100__ema_200,SMA/EMA,sma_100,ema_200,0.0,False,0.13050843463565556,0.13050843463565556,True,0.0
v5_30m__entry_sma_100__exit_ema_250__entry_hours_0__exit_hours_0,sma_100__ema_250,SMA/EMA,sma_100,ema_250,0.0,False,0.18603949674194095,0.18603949674194095,True,0.0
v5_30m__entry_sma_100__exit_ema_50__entry_hours_0__exit_hours_0,sma_100__ema_50,SMA/EMA,sma_100,ema_50,0.0,False,0.22471992147822725,0.22471992147822725,True,0.0
v5_30m__entry_sma_100__exit_macd_12_26_9__entry_hours_0__exit_hours_0,sma_100__macd_12_26_9,SMA/MACD,sma_100,macd_12_26_9,0.0,False,-0.16859566809357193,-0.16859566809357193,True,0.0
v5_30m__entry_sma_100__exit_macd_24_52_18__entry_hours_0__exit_hours_0,sma_100__macd_24_52_18,SMA/MACD,sma_100,macd_24_52_18,0.0,False,-0.1564919624751042,-0.1564919624751042,True,0.0
v5_30m__entry_sma_100__exit_macd_48_104_36__entry_hours_0__exit_hours_0,sma_100__macd_48_104_36,SMA/MACD,sma_100,macd_48_104_36,0.0,True,0.028749054769666597,0.028749054769666597,True,0.0
v5_30m__entry_sma_100__exit_macd_6_13_5__entry_hours_0__exit_hours_0,sma_100__macd_6_13_5,SMA/MACD,sma_100,macd_6_13_5,0.0,False,-0.3862908182941333,-0.3862908182941333,True,0.0
v5_30m__entry_sma_100__exit_macd_96_208_72__entry_hours_0__exit_hours_0,sma_100__macd_96_208_72,SMA/MACD,sma_100,macd_96_208_72,0.0,True,0.10665873943651964,0.10665873943651964,True,0.0
v5_30m__entry_sma_100__exit_sma_10__entry_hours_0__exit_hours_0,sma_100__sma_10,SMA/SMA,sma_100,sma_10,0.0,False,-0.16218815873068493,-0.16218815873068493,True,0.0
v5_30m__entry_sma_100__exit_sma_100__entry_hours_0__exit_hours_0,sma_100__sma_100,SMA/SMA,sma_100,sma_100,0.0,False,0.12613850053571193,0.12613850053571193,True,0.0
v5_30m__entry_sma_100__exit_sma_20__entry_hours_0__exit_hours_0,sma_100__sma_20,SMA/SMA,sma_100,sma_20,0.0,False,0.14539435143846427,0.14539435143846427,True,0.0
v5_30m__entry_sma_100__exit_sma_200__entry_hours_0__exit_hours_0,sma_100__sma_200,SMA/SMA,sma_100,sma_200,0.0,False,0.11362854354780044,0.11362854354780044,True,0.0
v5_30m__entry_sma_100__exit_sma_250__entry_hours_0__exit_hours_0,sma_100__sma_250,SMA/SMA,sma_100,sma_250,0.0,False,0.27545934922334825,0.27545934922334825,True,0.0
v5_30m__entry_sma_100__exit_sma_50__entry_hours_0__exit_hours_0,sma_100__sma_50,SMA/SMA,sma_100,sma_50,0.0,True,0.21285985836880875,0.21285985836880875,True,0.0
v5_30m__entry_sma_10__exit_ema_10__entry_hours_0__exit_hours_0,sma_10__ema_10,SMA/EMA,sma_10,ema_10,0.0,False,-0.017663739448417964,-0.017663739448417964,True,0.0
v5_30m__entry_sma_10__exit_ema_100__entry_hours_0__exit_hours_0,sma_10__ema_100,SMA/EMA,sma_10,ema_100,0.0,True,0.2533153179256109,0.2533153179256109,True,0.0
v5_30m__entry_sma_10__exit_ema_20__entry_hours_0__exit_hours_0,sma_10__ema_20,SMA/EMA,sma_10,ema_20,0.0,False,0.3411043840613864,0.3411043840613864,True,0.0
v5_30m__entry_sma_10__exit_ema_200__entry_hours_0__exit_hours_0,sma_10__ema_200,SMA/EMA,sma_10,ema_200,0.0,False,0.23670739169878957,0.23670739169878957,True,0.0
v5_30m__entry_sma_10__exit_ema_250__entry_hours_0__exit_hours_0,sma_10__ema_250,SMA/EMA,sma_10,ema_250,0.0,False,0.2577482421717187,0.2577482421717187,True,0.0
v5_30m__entry_sma_10__exit_ema_50__entry_hours_0__exit_hours_0,sma_10__ema_50,SMA/EMA,sma_10,ema_50,0.0,False,0.2813456963184928,0.2813456963184928,True,0.0
v5_30m__entry_sma_10__exit_macd_12_26_9__entry_hours_0__exit_hours_0,sma_10__macd_12_26_9,SMA/MACD,sma_10,macd_12_26_9,0.0,False,0.0022807514729781954,0.0022807514729781954,True,0.0
v5_30m__entry_sma_10__exit_macd_24_52_18__entry_hours_0__exit_hours_0,sma_10__macd_24_52_18,SMA/MACD,sma_10,macd_24_52_18,0.0,False,-0.08557883694855466,-0.08557883694855466,True,0.0
v5_30m__entry_sma_10__exit_macd_48_104_36__entry_hours_0__exit_hours_0,sma_10__macd_48_104_36,SMA/MACD,sma_10,macd_48_104_36,0.0,False,0.046116846817210115,0.046116846817210115,True,0.0
v5_30m__entry_sma_10__exit_macd_6_13_5__entry_hours_0__exit_hours_0,sma_10__macd_6_13_5,SMA/MACD,sma_10,macd_6_13_5,0.0,False,-0.382602031475174,-0.382602031475174,True,0.0
v5_30m__entry_sma_10__exit_macd_96_208_72__entry_hours_0__exit_hours_0,sma_10__macd_96_208_72,SMA/MACD,sma_10,macd_96_208_72,0.0,False,0.1701393409829781,0.1701393409829781,True,0.0
v5_30m__entry_sma_10__exit_sma_10__entry_hours_0__exit_hours_0,sma_10__sma_10,SMA/SMA,sma_10,sma_10,0.0,False,-0.06092987926780446,-0.06092987926780446,True,0.0
v5_30m__entry_sma_10__exit_sma_100__entry_hours_0__exit_hours_0,sma_10__sma_100,SMA/SMA,sma_10,sma_100,0.0,False,0.18254537047769903,0.18254537047769903,True,0.0
v5_30m__entry_sma_10__exit_sma_20__entry_hours_0__exit_hours_0,sma_10__sma_20,SMA/SMA,sma_10,sma_20,0.0,True,0.3973558022241376,0.3973558022241376,True,0.0
v5_30m__entry_sma_10__exit_sma_200__entry_hours_0__exit_hours_0,sma_10__sma_200,SMA/SMA,sma_10,sma_200,0.0,False,0.20425280311566912,0.20425280311566912,True,0.0
v5_30m__entry_sma_10__exit_sma_250__entry_hours_0__exit_hours_0,sma_10__sma_250,SMA/SMA,sma_10,sma_250,0.0,False,0.3088493479650651,0.3088493479650651,True,0.0
v5_30m__entry_sma_10__exit_sma_50__entry_hours_0__exit_hours_0,sma_10__sma_50,SMA/SMA,sma_10,sma_50,0.0,True,0.31887350811874654,0.31887350811874654,True,0.0
v5_30m__entry_sma_200__exit_ema_10__entry_hours_0__exit_hours_0,sma_200__ema_10,SMA/EMA,sma_200,ema_10,0.0,False,-0.15391345563160827,-0.15391345563160827,True,0.0
v5_30m__entry_sma_200__exit_ema_100__entry_hours_0__exit_hours_0,sma_200__ema_100,SMA/EMA,sma_200,ema_100,0.0,False,0.17353504263493041,0.17353504263493041,True,0.0
v5_30m__entry_sma_200__exit_ema_20__entry_hours_0__exit_hours_0,sma_200__ema_20,SMA/EMA,sma_200,ema_20,0.0,False,-0.11183094203641195,-0.11183094203641195,True,0.0
v5_30m__entry_sma_200__exit_ema_200__entry_hours_0__exit_hours_0,sma_200__ema_200,SMA/EMA,sma_200,ema_200,0.0,False,0.10821488703876408,0.10821488703876408,True,0.0
v5_30m__entry_sma_200__exit_ema_250__entry_hours_0__exit_hours_0,sma_200__ema_250,SMA/EMA,sma_200,ema_250,0.0,False,0.19275481604691197,0.19275481604691197,True,0.0
v5_30m__entry_sma_200__exit_ema_50__entry_hours_0__exit_hours_0,sma_200__ema_50,SMA/EMA,sma_200,ema_50,0.0,False,0.0688386562920333,0.0688386562920333,True,0.0
v5_30m__entry_sma_200__exit_macd_12_26_9__entry_hours_0__exit_hours_0,sma_200__macd_12_26_9,SMA/MACD,sma_200,macd_12_26_9,0.0,False,-0.030370502779174715,-0.030370502779174715,True,0.0
v5_30m__entry_sma_200__exit_macd_24_52_18__entry_hours_0__exit_hours_0,sma_200__macd_24_52_18,SMA/MACD,sma_200,macd_24_52_18,0.0,False,-0.3118562231094378,-0.3118562231094378,True,0.0
v5_30m__entry_sma_200__exit_macd_48_104_36__entry_hours_0__exit_hours_0,sma_200__macd_48_104_36,SMA/MACD,sma_200,macd_48_104_36,0.0,False,-0.013089943619171266,-0.013089943619171266,True,0.0
v5_30m__entry_sma_200__exit_macd_6_13_5__entry_hours_0__exit_hours_0,sma_200__macd_6_13_5,SMA/MACD,sma_200,macd_6_13_5,0.0,False,-0.11993163133239154,-0.11993163133239154,True,0.0
v5_30m__entry_sma_200__exit_macd_96_208_72__entry_hours_0__exit_hours_0,sma_200__macd_96_208_72,SMA/MACD,sma_200,macd_96_208_72,0.0,False,0.16556302780445492,0.16556302780445492,True,0.0
v5_30m__entry_sma_200__exit_sma_10__entry_hours_0__exit_hours_0,sma_200__sma_10,SMA/SMA,sma_200,sma_10,0.0,False,-0.1907468396867628,-0.1907468396867628,True,0.0
v5_30m__entry_sma_200__exit_sma_100__entry_hours_0__exit_hours_0,sma_200__sma_100,SMA/SMA,sma_200,sma_100,0.0,False,-0.021218118274778815,-0.021218118274778815,True,0.0
v5_30m__entry_sma_200__exit_sma_20__entry_hours_0__exit_hours_0,sma_200__sma_20,SMA/SMA,sma_200,sma_20,0.0,False,-0.02383902793236807,-0.02383902793236807,True,0.0
v5_30m__entry_sma_200__exit_sma_200__entry_hours_0__exit_hours_0,sma_200__sma_200,SMA/SMA,sma_200,sma_200,0.0,False,0.0614431327929076,0.0614431327929076,True,0.0
v5_30m__entry_sma_200__exit_sma_250__entry_hours_0__exit_hours_0,sma_200__sma_250,SMA/SMA,sma_200,sma_250,0.0,False,0.27059904731276374,0.27059904731276374,True,0.0
v5_30m__entry_sma_200__exit_sma_50__entry_hours_0__exit_hours_0,sma_200__sma_50,SMA/SMA,sma_200,sma_50,0.0,False,0.01903756575933883,0.01903756575933883,True,0.0
v5_30m__entry_sma_20__exit_ema_10__entry_hours_0__exit_hours_0,sma_20__ema_10,SMA/EMA,sma_20,ema_10,0.0,False,0.15207353973017154,0.15207353973017154,True,0.0
v5_30m__entry_sma_20__exit_ema_100__entry_hours_0__exit_hours_0,sma_20__ema_100,SMA/EMA,sma_20,ema_100,0.0,True,0.33163871427024283,0.33163871427024283,True,0.0
v5_30m__entry_sma_20__exit_ema_20__entry_hours_0__exit_hours_0,sma_20__ema_20,SMA/EMA,sma_20,ema_20,0.0,False,0.3536244230778022,0.3536244230778022,True,0.0
v5_30m__entry_sma_20__exit_ema_200__entry_hours_0__exit_hours_0,sma_20__ema_200,SMA/EMA,sma_20,ema_200,0.0,False,0.19316330002804866,0.19316330002804866,True,0.0
v5_30m__entry_sma_20__exit_ema_250__entry_hours_0__exit_hours_0,sma_20__ema_250,SMA/EMA,sma_20,ema_250,0.0,True,0.23075759095571138,0.23075759095571138,True,0.0
v5_30m__entry_sma_20__exit_ema_50__entry_hours_0__exit_hours_0,sma_20__ema_50,SMA/EMA,sma_20,ema_50,0.0,False,0.24701422522583466,0.24701422522583466,True,0.0
v5_30m__entry_sma_20__exit_macd_12_26_9__entry_hours_0__exit_hours_0,sma_20__macd_12_26_9,SMA/MACD,sma_20,macd_12_26_9,0.0,False,0.1280302525098118,0.1280302525098118,True,0.0
v5_30m__entry_sma_20__exit_macd_24_52_18__entry_hours_0__exit_hours_0,sma_20__macd_24_52_18,SMA/MACD,sma_20,macd_24_52_18,0.0,False,-0.09845636187278212,-0.09845636187278212,True,0.0
v5_30m__entry_sma_20__exit_macd_48_104_36__entry_hours_0__exit_hours_0,sma_20__macd_48_104_36,SMA/MACD,sma_20,macd_48_104_36,0.0,False,0.06937582916227006,0.06937582916227006,True,0.0
v5_30m__entry_sma_20__exit_macd_6_13_5__entry_hours_0__exit_hours_0,sma_20__macd_6_13_5,SMA/MACD,sma_20,macd_6_13_5,0.0,False,0.024342433881856303,0.024342433881856303,True,0.0
v5_30m__entry_sma_20__exit_macd_96_208_72__entry_hours_0__exit_hours_0,sma_20__macd_96_208_72,SMA/MACD,sma_20,macd_96_208_72,0.0,False,0.16344052486618202,0.16344052486618202,True,0.0
v5_30m__entry_sma_20__exit_sma_10__entry_hours_0__exit_hours_0,sma_20__sma_10,SMA/SMA,sma_20,sma_10,0.0,False,0.0807852867228286,0.0807852867228286,True,0.0
v5_30m__entry_sma_20__exit_sma_100__entry_hours_0__exit_hours_0,sma_20__sma_100,SMA/SMA,sma_20,sma_100,0.0,False,0.2459058308330993,0.2459058308330993,True,0.0
v5_30m__entry_sma_20__exit_sma_20__entry_hours_0__exit_hours_0,sma_20__sma_20,SMA/SMA,sma_20,sma_20,0.0,False,0.3560619129898959,0.3560619129898959,True,0.0
v5_30m__entry_sma_20__exit_sma_200__entry_hours_0__exit_hours_0,sma_20__sma_200,SMA/SMA,sma_20,sma_200,0.0,False,0.16791880213394697,0.16791880213394697,True,0.0
v5_30m__entry_sma_20__exit_sma_250__entry_hours_0__exit_hours_0,sma_20__sma_250,SMA/SMA,sma_20,sma_250,0.0,False,0.2839241473932526,0.2839241473932526,True,0.0
v5_30m__entry_sma_20__exit_sma_50__entry_hours_0__exit_hours_0,sma_20__sma_50,SMA/SMA,sma_20,sma_50,0.0,True,0.3189337366588616,0.3189337366588616,True,0.0
v5_30m__entry_sma_250__exit_ema_10__entry_hours_0__exit_hours_0,sma_250__ema_10,SMA/EMA,sma_250,ema_10,0.0,False,0.05699673264891661,0.05699673264891661,True,0.0
v5_30m__entry_sma_250__exit_ema_100__entry_hours_0__exit_hours_0,sma_250__ema_100,SMA/EMA,sma_250,ema_100,0.0,True,0.30539886889045337,0.30539886889045337,True,0.0
v5_30m__entry_sma_250__exit_ema_20__entry_hours_0__exit_hours_0,sma_250__ema_20,SMA/EMA,sma_250,ema_20,0.0,False,0.14622185884556668,0.14622185884556668,True,0.0
v5_30m__entry_sma_250__exit_ema_200__entry_hours_0__exit_hours_0,sma_250__ema_200,SMA/EMA,sma_250,ema_200,0.0,False,0.21590378022167703,0.21590378022167703,True,0.0
v5_30m__entry_sma_250__exit_ema_250__entry_hours_0__exit_hours_0,sma_250__ema_250,SMA/EMA,sma_250,ema_250,0.0,False,0.25906258144438976,0.25906258144438976,True,0.0
v5_30m__entry_sma_250__exit_ema_50__entry_hours_0__exit_hours_0,sma_250__ema_50,SMA/EMA,sma_250,ema_50,0.0,False,0.20032706232502162,0.20032706232502162,True,0.0
v5_30m__entry_sma_250__exit_macd_12_26_9__entry_hours_0__exit_hours_0,sma_250__macd_12_26_9,SMA/MACD,sma_250,macd_12_26_9,0.0,True,0.25950630191004226,0.25950630191004226,True,0.0
v5_30m__entry_sma_250__exit_macd_24_52_18__entry_hours_0__exit_hours_0,sma_250__macd_24_52_18,SMA/MACD,sma_250,macd_24_52_18,0.0,False,0.0320659498669322,0.0320659498669322,True,0.0
v5_30m__entry_sma_250__exit_macd_48_104_36__entry_hours_0__exit_hours_0,sma_250__macd_48_104_36,SMA/MACD,sma_250,macd_48_104_36,0.0,False,0.20529052846520518,0.20529052846520518,True,0.0
v5_30m__entry_sma_250__exit_macd_6_13_5__entry_hours_0__exit_hours_0,sma_250__macd_6_13_5,SMA/MACD,sma_250,macd_6_13_5,0.0,True,-0.023926805264447643,-0.023926805264447643,True,0.0
v5_30m__entry_sma_250__exit_macd_96_208_72__entry_hours_0__exit_hours_0,sma_250__macd_96_208_72,SMA/MACD,sma_250,macd_96_208_72,0.0,True,0.4919102303298107,0.4919102303298107,True,0.0
v5_30m__entry_sma_250__exit_sma_10__entry_hours_0__exit_hours_0,sma_250__sma_10,SMA/SMA,sma_250,sma_10,0.0,False,0.024258521213915696,0.024258521213915696,True,0.0
v5_30m__entry_sma_250__exit_sma_100__entry_hours_0__exit_hours_0,sma_250__sma_100,SMA/SMA,sma_250,sma_100,0.0,False,0.1996038698982598,0.1996038698982598,True,0.0
v5_30m__entry_sma_250__exit_sma_20__entry_hours_0__exit_hours_0,sma_250__sma_20,SMA/SMA,sma_250,sma_20,0.0,False,0.19555302537749422,0.19555302537749422,True,0.0
v5_30m__entry_sma_250__exit_sma_200__entry_hours_0__exit_hours_0,sma_250__sma_200,SMA/SMA,sma_250,sma_200,0.0,False,0.22047916199355763,0.22047916199355763,True,0.0
v5_30m__entry_sma_250__exit_sma_250__entry_hours_0__exit_hours_0,sma_250__sma_250,SMA/SMA,sma_250,sma_250,0.0,False,0.2589968372330883,0.2589968372330883,True,0.0
v5_30m__entry_sma_250__exit_sma_50__entry_hours_0__exit_hours_0,sma_250__sma_50,SMA/SMA,sma_250,sma_50,0.0,False,0.2205492402935725,0.2205492402935725,True,0.0
v5_30m__entry_sma_50__exit_ema_10__entry_hours_0__exit_hours_0,sma_50__ema_10,SMA/EMA,sma_50,ema_10,0.0,False,-0.09397694554443742,-0.09397694554443742,True,0.0
v5_30m__entry_sma_50__exit_ema_100__entry_hours_0__exit_hours_0,sma_50__ema_100,SMA/EMA,sma_50,ema_100,0.0,False,0.25498967813224716,0.25498967813224716,True,0.0
v5_30m__entry_sma_50__exit_ema_20__entry_hours_0__exit_hours_0,sma_50__ema_20,SMA/EMA,sma_50,ema_20,0.0,False,0.13134201196214132,0.13134201196214132,True,0.0
v5_30m__entry_sma_50__exit_ema_200__entry_hours_0__exit_hours_0,sma_50__ema_200,SMA/EMA,sma_50,ema_200,0.0,False,0.16357988588130185,0.16357988588130185,True,0.0
v5_30m__entry_sma_50__exit_ema_250__entry_hours_0__exit_hours_0,sma_50__ema_250,SMA/EMA,sma_50,ema_250,0.0,True,0.25602463092826233,0.25602463092826233,True,0.0
v5_30m__entry_sma_50__exit_ema_50__entry_hours_0__exit_hours_0,sma_50__ema_50,SMA/EMA,sma_50,ema_50,0.0,False,0.1935354993885933,0.1935354993885933,True,0.0
v5_30m__entry_sma_50__exit_macd_12_26_9__entry_hours_0__exit_hours_0,sma_50__macd_12_26_9,SMA/MACD,sma_50,macd_12_26_9,0.0,False,0.044237324137862195,0.044237324137862195,True,0.0
v5_30m__entry_sma_50__exit_macd_24_52_18__entry_hours_0__exit_hours_0,sma_50__macd_24_52_18,SMA/MACD,sma_50,macd_24_52_18,0.0,False,-0.03496320165371667,-0.03496320165371667,True,0.0
v5_30m__entry_sma_50__exit_macd_48_104_36__entry_hours_0__exit_hours_0,sma_50__macd_48_104_36,SMA/MACD,sma_50,macd_48_104_36,0.0,False,0.03375991179044204,0.03375991179044204,True,0.0
v5_30m__entry_sma_50__exit_macd_6_13_5__entry_hours_0__exit_hours_0,sma_50__macd_6_13_5,SMA/MACD,sma_50,macd_6_13_5,0.0,False,-0.3140234134050947,-0.3140234134050947,True,0.0
v5_30m__entry_sma_50__exit_macd_96_208_72__entry_hours_0__exit_hours_0,sma_50__macd_96_208_72,SMA/MACD,sma_50,macd_96_208_72,0.0,False,0.1456139689034943,0.1456139689034943,True,0.0
v5_30m__entry_sma_50__exit_sma_10__entry_hours_0__exit_hours_0,sma_50__sma_10,SMA/SMA,sma_50,sma_10,0.0,False,-0.22944804227899032,-0.22944804227899032,True,0.0
v5_30m__entry_sma_50__exit_sma_100__entry_hours_0__exit_hours_0,sma_50__sma_100,SMA/SMA,sma_50,sma_100,0.0,False,0.1616540292987374,0.1616540292987374,True,0.0
v5_30m__entry_sma_50__exit_sma_20__entry_hours_0__exit_hours_0,sma_50__sma_20,SMA/SMA,sma_50,sma_20,0.0,False,0.2593123638451282,0.2593123638451282,True,0.0
v5_30m__entry_sma_50__exit_sma_200__entry_hours_0__exit_hours_0,sma_50__sma_200,SMA/SMA,sma_50,sma_200,0.0,False,0.11800408284870101,0.11800408284870101,True,0.0
v5_30m__entry_sma_50__exit_sma_250__entry_hours_0__exit_hours_0,sma_50__sma_250,SMA/SMA,sma_50,sma_250,0.0,False,0.2759518636817017,0.2759518636817017,True,0.0
v5_30m__entry_sma_50__exit_sma_50__entry_hours_0__exit_hours_0,sma_50__sma_50,SMA/SMA,sma_50,sma_50,0.0,True,0.1652563699705109,0.1652563699705109,True,0.0
v5_30m__entry_ema_100__exit_ema_10__entry_hours_0p5__exit_hours_0p5,ema_100__ema_10,EMA/EMA,ema_100,ema_10,0.5,False,0.0661525368884888,-0.0006079830197040435,True,0.06676051990819284
v5_30m__entry_ema_100__exit_ema_100__entry_hours_0p5__exit_hours_0p5,ema_100__ema_100,EMA/EMA,ema_100,ema_100,0.5,False,0.34322709191045586,0.26002747535994064,True,0.08319961655051522
v5_30m__entry_ema_100__exit_ema_20__entry_hours_0p5__exit_hours_0p5,ema_100__ema_20,EMA/EMA,ema_100,ema_20,0.5,False,0.21501227452774152,0.24731206597189026,True,-0.03229979144414874
v5_30m__entry_ema_100__exit_ema_200__entry_hours_0p5__exit_hours_0p5,ema_100__ema_200,EMA/EMA,ema_100,ema_200,0.5,False,0.16224689602249184,0.15038308416861185,True,0.011863811853879996
v5_30m__entry_ema_100__exit_ema_250__entry_hours_0p5__exit_hours_0p5,ema_100__ema_250,EMA/EMA,ema_100,ema_250,0.5,False,0.27122270113706204,0.2048396593405551,True,0.06638304179650695
v5_30m__entry_ema_100__exit_ema_50__entry_hours_0p5__exit_hours_0p5,ema_100__ema_50,EMA/EMA,ema_100,ema_50,0.5,False,0.3466833384657445,0.3283270971041166,True,0.01835624136162789
v5_30m__entry_ema_100__exit_macd_12_26_9__entry_hours_0p5__exit_hours_0p5,ema_100__macd_12_26_9,EMA/MACD,ema_100,macd_12_26_9,0.5,False,0.12758087644133648,0.1110696443983843,True,0.01651123204295217
v5_30m__entry_ema_100__exit_macd_24_52_18__entry_hours_0p5__exit_hours_0p5,ema_100__macd_24_52_18,EMA/MACD,ema_100,macd_24_52_18,0.5,False,0.11541367749753371,0.12828172443477173,True,-0.012868046937238017
v5_30m__entry_ema_100__exit_macd_48_104_36__entry_hours_0p5__exit_hours_0p5,ema_100__macd_48_104_36,EMA/MACD,ema_100,macd_48_104_36,0.5,False,0.2526536928008327,0.2839908383932107,True,-0.03133714559237799
v5_30m__entry_ema_100__exit_macd_6_13_5__entry_hours_0p5__exit_hours_0p5,ema_100__macd_6_13_5,EMA/MACD,ema_100,macd_6_13_5,0.5,False,-0.28943031059653074,-0.27656485502109796,True,-0.012865455575432783
v5_30m__entry_ema_100__exit_macd_96_208_72__entry_hours_0p5__exit_hours_0p5,ema_100__macd_96_208_72,EMA/MACD,ema_100,macd_96_208_72,0.5,False,0.36172264941517923,0.35977786496833447,True,0.0019447844468447606
v5_30m__entry_ema_100__exit_sma_10__entry_hours_0p5__exit_hours_0p5,ema_100__sma_10,EMA/SMA,ema_100,sma_10,0.5,False,-0.01347326345773941,-0.13929407390727558,True,0.12582081044953616
v5_30m__entry_ema_100__exit_sma_100__entry_hours_0p5__exit_hours_0p5,ema_100__sma_100,EMA/SMA,ema_100,sma_100,0.5,False,0.1817936175567501,0.22312607301458304,True,-0.04133245545783293
v5_30m__entry_ema_100__exit_sma_20__entry_hours_0p5__exit_hours_0p5,ema_100__sma_20,EMA/SMA,ema_100,sma_20,0.5,False,0.2465123277352906,0.26574609221734224,True,-0.019233764482051635
v5_30m__entry_ema_100__exit_sma_200__entry_hours_0p5__exit_hours_0p5,ema_100__sma_200,EMA/SMA,ema_100,sma_200,0.5,False,0.1631587283714191,0.15294067917570942,True,0.010218049195709678
v5_30m__entry_ema_100__exit_sma_250__entry_hours_0p5__exit_hours_0p5,ema_100__sma_250,EMA/SMA,ema_100,sma_250,0.5,False,0.29391444883522233,0.2681067214191236,True,0.025807727416098714
v5_30m__entry_ema_100__exit_sma_50__entry_hours_0p5__exit_hours_0p5,ema_100__sma_50,EMA/SMA,ema_100,sma_50,0.5,True,0.4219403234431528,0.3543849174179127,True,0.06755540602524007
v5_30m__entry_ema_10__exit_ema_10__entry_hours_0p5__exit_hours_0p5,ema_10__ema_10,EMA/EMA,ema_10,ema_10,0.5,False,0.13809985308529016,0.04238228775696942,True,0.09571756532832074
v5_30m__entry_ema_10__exit_ema_100__entry_hours_0p5__exit_hours_0p5,ema_10__ema_100,EMA/EMA,ema_10,ema_100,0.5,True,0.4108792437896588,0.28292642504301196,True,0.12795281874664682
v5_30m__entry_ema_10__exit_ema_20__entry_hours_0p5__exit_hours_0p5,ema_10__ema_20,EMA/EMA,ema_10,ema_20,0.5,False,0.28009190385313465,0.4074960362135531,True,-0.12740413236041848
v5_30m__entry_ema_10__exit_ema_200__entry_hours_0p5__exit_hours_0p5,ema_10__ema_200,EMA/EMA,ema_10,ema_200,0.5,False,0.284737540752405,0.24679641125008211,True,0.03794112950232287
v5_30m__entry_ema_10__exit_ema_250__entry_hours_0p5__exit_hours_0p5,ema_10__ema_250,EMA/EMA,ema_10,ema_250,0.5,False,0.29657205344319054,0.2535970817655029,True,0.04297497167768766
v5_30m__entry_ema_10__exit_ema_50__entry_hours_0p5__exit_hours_0p5,ema_10__ema_50,EMA/EMA,ema_10,ema_50,0.5,False,0.23844218542729312,0.29332963587277333,True,-0.05488745044548021
v5_30m__entry_ema_10__exit_macd_12_26_9__entry_hours_0p5__exit_hours_0p5,ema_10__macd_12_26_9,EMA/MACD,ema_10,macd_12_26_9,0.5,False,0.07940650860530071,0.04448900367367532,True,0.03491750493162539
v5_30m__entry_ema_10__exit_macd_24_52_18__entry_hours_0p5__exit_hours_0p5,ema_10__macd_24_52_18,EMA/MACD,ema_10,macd_24_52_18,0.5,False,-0.11256294780739808,-0.09447657861976214,True,-0.01808636918763594
v5_30m__entry_ema_10__exit_macd_48_104_36__entry_hours_0p5__exit_hours_0p5,ema_10__macd_48_104_36,EMA/MACD,ema_10,macd_48_104_36,0.5,False,0.05632717525804918,0.06041333402917477,True,-0.004086158771125593
v5_30m__entry_ema_10__exit_macd_6_13_5__entry_hours_0p5__exit_hours_0p5,ema_10__macd_6_13_5,EMA/MACD,ema_10,macd_6_13_5,0.5,False,-0.36895744684016535,-0.337329343855825,True,-0.03162810298434032
v5_30m__entry_ema_10__exit_macd_96_208_72__entry_hours_0p5__exit_hours_0p5,ema_10__macd_96_208_72,EMA/MACD,ema_10,macd_96_208_72,0.5,False,0.164988191849633,0.1701393409829781,True,-0.005151149133345079
v5_30m__entry_ema_10__exit_sma_10__entry_hours_0p5__exit_hours_0p5,ema_10__sma_10,EMA/SMA,ema_10,sma_10,0.5,False,-0.013529470981159239,-0.02027189997570593,True,0.00674242899454669
v5_30m__entry_ema_10__exit_sma_100__entry_hours_0p5__exit_hours_0p5,ema_10__sma_100,EMA/SMA,ema_10,sma_100,0.5,False,0.18109247255925232,0.21723681396672326,True,-0.03614434140747094
v5_30m__entry_ema_10__exit_sma_20__entry_hours_0p5__exit_hours_0p5,ema_10__sma_20,EMA/SMA,ema_10,sma_20,0.5,True,0.42532758358725087,0.42097776631184786,True,0.004349817275403012
v5_30m__entry_ema_10__exit_sma_200__entry_hours_0p5__exit_hours_0p5,ema_10__sma_200,EMA/SMA,ema_10,sma_200,0.5,False,0.1996286150378415,0.19696945041182182,True,0.002659164626019672
v5_30m__entry_ema_10__exit_sma_250__entry_hours_0p5__exit_hours_0p5,ema_10__sma_250,EMA/SMA,ema_10,sma_250,0.5,False,0.3015893935726521,0.3076816409695035,True,-0.006092247396851436
v5_30m__entry_ema_10__exit_sma_50__entry_hours_0p5__exit_hours_0p5,ema_10__sma_50,EMA/SMA,ema_10,sma_50,0.5,True,0.29610268177213306,0.33207476598594116,True,-0.0359720842138081
v5_30m__entry_ema_200__exit_ema_10__entry_hours_0p5__exit_hours_0p5,ema_200__ema_10,EMA/EMA,ema_200,ema_10,0.5,False,0.1141014013281132,0.09988745464702359,True,0.014213946681089606
v5_30m__entry_ema_200__exit_ema_100__entry_hours_0p5__exit_hours_0p5,ema_200__ema_100,EMA/EMA,ema_200,ema_100,0.5,True,0.3242166319783173,0.2473743971928503,True,0.076842234785467
v5_30m__entry_ema_200__exit_ema_20__entry_hours_0p5__exit_hours_0p5,ema_200__ema_20,EMA/EMA,ema_200,ema_20,0.5,False,0.14633053469237228,0.1589425052753569,True,-0.012611970582984605
v5_30m__entry_ema_200__exit_ema_200__entry_hours_0p5__exit_hours_0p5,ema_200__ema_200,EMA/EMA,ema_200,ema_200,0.5,False,0.22339946864835203,0.1825266450478972,True,0.04087282360045483
v5_30m__entry_ema_200__exit_ema_250__entry_hours_0p5__exit_hours_0p5,ema_200__ema_250,EMA/EMA,ema_200,ema_250,0.5,False,0.2638770091117714,0.2549479211262679,True,0.008929087985503514
v5_30m__entry_ema_200__exit_ema_50__entry_hours_0p5__exit_hours_0p5,ema_200__ema_50,EMA/EMA,ema_200,ema_50,0.5,False,0.21960303271913895,0.190591816351735,True,0.029011216367403947
v5_30m__entry_ema_200__exit_macd_12_26_9__entry_hours_0p5__exit_hours_0p5,ema_200__macd_12_26_9,EMA/MACD,ema_200,macd_12_26_9,0.5,False,0.3468540867525648,0.2726890572681901,True,0.0741650294843747
v5_30m__entry_ema_200__exit_macd_24_52_18__entry_hours_0p5__exit_hours_0p5,ema_200__macd_24_52_18,EMA/MACD,ema_200,macd_24_52_18,0.5,False,-0.01856673371217983,0.0022133693682327886,True,-0.02078010308041262
v5_30m__entry_ema_200__exit_macd_48_104_36__entry_hours_0p5__exit_hours_0p5,ema_200__macd_48_104_36,EMA/MACD,ema_200,macd_48_104_36,0.5,False,0.13856427068099675,0.15829215559599513,True,-0.019727884914998384
v5_30m__entry_ema_200__exit_macd_6_13_5__entry_hours_0p5__exit_hours_0p5,ema_200__macd_6_13_5,EMA/MACD,ema_200,macd_6_13_5,0.5,True,-0.06369889165414097,0.01374523804187511,True,-0.07744412969601608
v5_30m__entry_ema_200__exit_macd_96_208_72__entry_hours_0p5__exit_hours_0p5,ema_200__macd_96_208_72,EMA/MACD,ema_200,macd_96_208_72,0.5,True,0.46865561964236485,0.4521443181480897,True,0.016511301494275155
v5_30m__entry_ema_200__exit_sma_10__entry_hours_0p5__exit_hours_0p5,ema_200__sma_10,EMA/SMA,ema_200,sma_10,0.5,False,0.04034178589731277,0.043594792551802146,True,-0.003253006654489375
v5_30m__entry_ema_200__exit_sma_100__entry_hours_0p5__exit_hours_0p5,ema_200__sma_100,EMA/SMA,ema_200,sma_100,0.5,False,0.11469811663976266,0.10943336572303634,True,0.0052647509167263185
v5_30m__entry_ema_200__exit_sma_20__entry_hours_0p5__exit_hours_0p5,ema_200__sma_20,EMA/SMA,ema_200,sma_20,0.5,False,0.13847629092728633,0.1978819181163215,True,-0.059405627189035165
v5_30m__entry_ema_200__exit_sma_200__entry_hours_0p5__exit_hours_0p5,ema_200__sma_200,EMA/SMA,ema_200,sma_200,0.5,False,0.23435755702510525,0.16939549064342743,True,0.06496206638167781
v5_30m__entry_ema_200__exit_sma_250__entry_hours_0p5__exit_hours_0p5,ema_200__sma_250,EMA/SMA,ema_200,sma_250,0.5,False,0.29357186357794146,0.295301844313221,True,-0.0017299807352795238
v5_30m__entry_ema_200__exit_sma_50__entry_hours_0p5__exit_hours_0p5,ema_200__sma_50,EMA/SMA,ema_200,sma_50,0.5,True,0.2829613081537511,0.19608868657989567,True,0.08687262157385542
v5_30m__entry_ema_20__exit_ema_10__entry_hours_0p5__exit_hours_0p5,ema_20__ema_10,EMA/EMA,ema_20,ema_10,0.5,False,0.12913449193678017,0.11333849185533337,True,0.015796000081446798
v5_30m__entry_ema_20__exit_ema_100__entry_hours_0p5__exit_hours_0p5,ema_20__ema_100,EMA/EMA,ema_20,ema_100,0.5,True,0.3935472864694303,0.3084589117540858,True,0.08508837471534453
v5_30m__entry_ema_20__exit_ema_20__entry_hours_0p5__exit_hours_0p5,ema_20__ema_20,EMA/EMA,ema_20,ema_20,0.5,False,0.25061617928391317,0.33516626164033736,True,-0.0845500823564242
v5_30m__entry_ema_20__exit_ema_200__entry_hours_0p5__exit_hours_0p5,ema_20__ema_200,EMA/EMA,ema_20,ema_200,0.5,False,0.2198976580311126,0.19302553893031535,True,0.02687211910079726
v5_30m__entry_ema_20__exit_ema_250__entry_hours_0p5__exit_hours_0p5,ema_20__ema_250,EMA/EMA,ema_20,ema_250,0.5,False,0.30584743643946066,0.2693014992255929,True,0.036545937213867785
v5_30m__entry_ema_20__exit_ema_50__entry_hours_0p5__exit_hours_0p5,ema_20__ema_50,EMA/EMA,ema_20,ema_50,0.5,False,0.23384600561310126,0.2528875695267343,True,-0.01904156391363304
v5_30m__entry_ema_20__exit_macd_12_26_9__entry_hours_0p5__exit_hours_0p5,ema_20__macd_12_26_9,EMA/MACD,ema_20,macd_12_26_9,0.5,False,0.06095014503117707,0.032109806858264145,True,0.028840338172912927
v5_30m__entry_ema_20__exit_macd_24_52_18__entry_hours_0p5__exit_hours_0p5,ema_20__macd_24_52_18,EMA/MACD,ema_20,macd_24_52_18,0.5,False,-0.10340135063384505,-0.0326899165458147,True,-0.07071143408803035
v5_30m__entry_ema_20__exit_macd_48_104_36__entry_hours_0p5__exit_hours_0p5,ema_20__macd_48_104_36,EMA/MACD,ema_20,macd_48_104_36,0.5,False,0.07930038457462231,0.06537010652989599,True,0.013930278044726324
v5_30m__entry_ema_20__exit_macd_6_13_5__entry_hours_0p5__exit_hours_0p5,ema_20__macd_6_13_5,EMA/MACD,ema_20,macd_6_13_5,0.5,False,-0.22418171367416825,-0.11252877930989884,True,-0.11165293436426942
v5_30m__entry_ema_20__exit_macd_96_208_72__entry_hours_0p5__exit_hours_0p5,ema_20__macd_96_208_72,EMA/MACD,ema_20,macd_96_208_72,0.5,False,0.16324424652860223,0.16489882865510538,True,-0.0016545821265031568
v5_30m__entry_ema_20__exit_sma_10__entry_hours_0p5__exit_hours_0p5,ema_20__sma_10,EMA/SMA,ema_20,sma_10,0.5,False,0.029750504223286192,0.006178142283133949,True,0.023572361940152244
v5_30m__entry_ema_20__exit_sma_100__entry_hours_0p5__exit_hours_0p5,ema_20__sma_100,EMA/SMA,ema_20,sma_100,0.5,False,0.17354614443621671,0.23831683043913535,True,-0.06477068600291863
v5_30m__entry_ema_20__exit_sma_20__entry_hours_0p5__exit_hours_0p5,ema_20__sma_20,EMA/SMA,ema_20,sma_20,0.5,False,0.3402785904436246,0.4204221554160418,True,-0.0801435649724172
v5_30m__entry_ema_20__exit_sma_200__entry_hours_0p5__exit_hours_0p5,ema_20__sma_200,EMA/SMA,ema_20,sma_200,0.5,False,0.14508814853528354,0.15903135902657678,True,-0.01394321049129324
v5_30m__entry_ema_20__exit_sma_250__entry_hours_0p5__exit_hours_0p5,ema_20__sma_250,EMA/SMA,ema_20,sma_250,0.5,False,0.29947637504253927,0.27327386820124583,True,0.026202506841293438
v5_30m__entry_ema_20__exit_sma_50__entry_hours_0p5__exit_hours_0p5,ema_20__sma_50,EMA/SMA,ema_20,sma_50,0.5,False,0.3089867263677679,0.2929388762492825,True,0.01604785011848542
v5_30m__entry_ema_250__exit_ema_10__entry_hours_0p5__exit_hours_0p5,ema_250__ema_10,EMA/EMA,ema_250,ema_10,0.5,False,0.2094731578666729,0.13538534402234675,True,0.07408781384432614
v5_30m__entry_ema_250__exit_ema_100__entry_hours_0p5__exit_hours_0p5,ema_250__ema_100,EMA/EMA,ema_250,ema_100,0.5,True,0.39115642251212995,0.3545106767997482,True,0.03664574571238177
v5_30m__entry_ema_250__exit_ema_20__entry_hours_0p5__exit_hours_0p5,ema_250__ema_20,EMA/EMA,ema_250,ema_20,0.5,False,0.3152715338327527,0.24198167384301483,True,0.07328985998973786
v5_30m__entry_ema_250__exit_ema_200__entry_hours_0p5__exit_hours_0p5,ema_250__ema_200,EMA/EMA,ema_250,ema_200,0.5,False,0.29101409741562884,0.24453467116009633,True,0.0464794262555325
v5_30m__entry_ema_250__exit_ema_250__entry_hours_0p5__exit_hours_0p5,ema_250__ema_250,EMA/EMA,ema_250,ema_250,0.5,False,0.25414233798107266,0.2418391106175752,True,0.012303227363497454
v5_30m__entry_ema_250__exit_ema_50__entry_hours_0p5__exit_hours_0p5,ema_250__ema_50,EMA/EMA,ema_250,ema_50,0.5,False,0.32765508549061995,0.3019856816831141,True,0.02566940380750582
v5_30m__entry_ema_250__exit_macd_12_26_9__entry_hours_0p5__exit_hours_0p5,ema_250__macd_12_26_9,EMA/MACD,ema_250,macd_12_26_9,0.5,True,0.41059709304744174,0.3004419828161448,True,0.11015511023129693
v5_30m__entry_ema_250__exit_macd_24_52_18__entry_hours_0p5__exit_hours_0p5,ema_250__macd_24_52_18,EMA/MACD,ema_250,macd_24_52_18,0.5,False,0.08152565068007218,0.06633157662185257,True,0.015194074058219612
v5_30m__entry_ema_250__exit_macd_48_104_36__entry_hours_0p5__exit_hours_0p5,ema_250__macd_48_104_36,EMA/MACD,ema_250,macd_48_104_36,0.5,False,0.21009459467481564,0.23223936978870546,True,-0.02214477511388982
v5_30m__entry_ema_250__exit_macd_6_13_5__entry_hours_0p5__exit_hours_0p5,ema_250__macd_6_13_5,EMA/MACD,ema_250,macd_6_13_5,0.5,True,-0.049089048026071495,0.004320951533029749,True,-0.053409999559101244
v5_30m__entry_ema_250__exit_macd_96_208_72__entry_hours_0p5__exit_hours_0p5,ema_250__macd_96_208_72,EMA/MACD,ema_250,macd_96_208_72,0.5,True,0.5025294561875815,0.48169134509777994,True,0.020838111089801548
v5_30m__entry_ema_250__exit_sma_10__entry_hours_0p5__exit_hours_0p5,ema_250__sma_10,EMA/SMA,ema_250,sma_10,0.5,False,0.1377190356853646,0.08741208481457227,True,0.050306950870792316
v5_30m__entry_ema_250__exit_sma_100__entry_hours_0p5__exit_hours_0p5,ema_250__sma_100,EMA/SMA,ema_250,sma_100,0.5,False,0.23922022784009778,0.23863835869141053,True,0.0005818691486872418
v5_30m__entry_ema_250__exit_sma_20__entry_hours_0p5__exit_hours_0p5,ema_250__sma_20,EMA/SMA,ema_250,sma_20,0.5,False,0.28272708879918546,0.292018940434404,True,-0.009291851635218562
v5_30m__entry_ema_250__exit_sma_200__entry_hours_0p5__exit_hours_0p5,ema_250__sma_200,EMA/SMA,ema_250,sma_200,0.5,False,0.1982032303988852,0.1399485000732323,True,0.0582547303256529
v5_30m__entry_ema_250__exit_sma_250__entry_hours_0p5__exit_hours_0p5,ema_250__sma_250,EMA/SMA,ema_250,sma_250,0.5,False,0.3068661280922434,0.27306904073857,True,0.03379708735367337
v5_30m__entry_ema_250__exit_sma_50__entry_hours_0p5__exit_hours_0p5,ema_250__sma_50,EMA/SMA,ema_250,sma_50,0.5,True,0.342714414471988,0.24563342266915664,True,0.09708099180283139
v5_30m__entry_ema_50__exit_ema_10__entry_hours_0p5__exit_hours_0p5,ema_50__ema_10,EMA/EMA,ema_50,ema_10,0.5,False,-0.16477319420624947,-0.11883383465858063,True,-0.04593935954766884
v5_30m__entry_ema_50__exit_ema_100__entry_hours_0p5__exit_hours_0p5,ema_50__ema_100,EMA/EMA,ema_50,ema_100,0.5,True,0.33709945422886256,0.31280924482724637,True,0.024290209401616192
v5_30m__entry_ema_50__exit_ema_20__entry_hours_0p5__exit_hours_0p5,ema_50__ema_20,EMA/EMA,ema_50,ema_20,0.5,False,0.02831142767228042,0.13835396155375768,True,-0.11004253388147725
v5_30m__entry_ema_50__exit_ema_200__entry_hours_0p5__exit_hours_0p5,ema_50__ema_200,EMA/EMA,ema_50,ema_200,0.5,False,0.17464558654509751,0.17224309443874863,True,0.0024024921063488802
v5_30m__entry_ema_50__exit_ema_250__entry_hours_0p5__exit_hours_0p5,ema_50__ema_250,EMA/EMA,ema_50,ema_250,0.5,False,0.24368877697808122,0.2434381516390642,True,0.0002506253390170132
v5_30m__entry_ema_50__exit_ema_50__entry_hours_0p5__exit_hours_0p5,ema_50__ema_50,EMA/EMA,ema_50,ema_50,0.5,False,0.2159802564084091,0.19138391838000113,True,0.024596338028407966
v5_30m__entry_ema_50__exit_macd_12_26_9__entry_hours_0p5__exit_hours_0p5,ema_50__macd_12_26_9,EMA/MACD,ema_50,macd_12_26_9,0.5,False,0.03251853536402051,0.037349799948385165,True,-0.004831264584364656
v5_30m__entry_ema_50__exit_macd_24_52_18__entry_hours_0p5__exit_hours_0p5,ema_50__macd_24_52_18,EMA/MACD,ema_50,macd_24_52_18,0.5,False,-0.11048164659308013,-0.0733129922661896,True,-0.037168654326890524
v5_30m__entry_ema_50__exit_macd_48_104_36__entry_hours_0p5__exit_hours_0p5,ema_50__macd_48_104_36,EMA/MACD,ema_50,macd_48_104_36,0.5,False,-0.01009628959981796,0.0026057337369784633,True,-0.012702023336796424
v5_30m__entry_ema_50__exit_macd_6_13_5__entry_hours_0p5__exit_hours_0p5,ema_50__macd_6_13_5,EMA/MACD,ema_50,macd_6_13_5,0.5,False,-0.4573025264150656,-0.23606243051252473,True,-0.22124009590254085
v5_30m__entry_ema_50__exit_macd_96_208_72__entry_hours_0p5__exit_hours_0p5,ema_50__macd_96_208_72,EMA/MACD,ema_50,macd_96_208_72,0.5,False,0.13675415941795724,0.1477677931427919,True,-0.01101363372483466
v5_30m__entry_ema_50__exit_sma_10__entry_hours_0p5__exit_hours_0p5,ema_50__sma_10,EMA/SMA,ema_50,sma_10,0.5,False,-0.22293867474490345,-0.1589736820920096,True,-0.06396499265289385
v5_30m__entry_ema_50__exit_sma_100__entry_hours_0p5__exit_hours_0p5,ema_50__sma_100,EMA/SMA,ema_50,sma_100,0.5,False,0.16367962695504495,0.21708323404220775,True,-0.0534036070871628
v5_30m__entry_ema_50__exit_sma_20__entry_hours_0p5__exit_hours_0p5,ema_50__sma_20,EMA/SMA,ema_50,sma_20,0.5,False,0.11675075919861905,0.25506146671504637,True,-0.13831070751642732
v5_30m__entry_ema_50__exit_sma_200__entry_hours_0p5__exit_hours_0p5,ema_50__sma_200,EMA/SMA,ema_50,sma_200,0.5,False,0.175022778934858,0.17638623451869018,True,-0.0013634555838321905
v5_30m__entry_ema_50__exit_sma_250__entry_hours_0p5__exit_hours_0p5,ema_50__sma_250,EMA/SMA,ema_50,sma_250,0.5,False,0.2939268816060005,0.275892013050645,True,0.01803486855535552
v5_30m__entry_ema_50__exit_sma_50__entry_hours_0p5__exit_hours_0p5,ema_50__sma_50,EMA/SMA,ema_50,sma_50,0.5,False,0.21897123977983993,0.21178143894773113,True,0.007189800832108795
v5_30m__entry_macd_12_26_9__exit_ema_10__entry_hours_0p5__exit_hours_0p5,macd_12_26_9__ema_10,MACD/EMA,macd_12_26_9,ema_10,0.5,False,0.19352620574673363,0.09667237840179971,True,0.09685382734493392
v5_30m__entry_macd_12_26_9__exit_ema_100__entry_hours_0p5__exit_hours_0p5,macd_12_26_9__ema_100,MACD/EMA,macd_12_26_9,ema_100,0.5,True,0.3675207634149586,0.2519950113135395,True,0.11552575210141908
v5_30m__entry_macd_12_26_9__exit_ema_20__entry_hours_0p5__exit_hours_0p5,macd_12_26_9__ema_20,MACD/EMA,macd_12_26_9,ema_20,0.5,False,0.26105327804019834,0.3493518170015414,True,-0.08829853896134304
v5_30m__entry_macd_12_26_9__exit_ema_200__entry_hours_0p5__exit_hours_0p5,macd_12_26_9__ema_200,MACD/EMA,macd_12_26_9,ema_200,0.5,False,0.2210217023622388,0.23079648399291705,True,-0.009774781630678242
v5_30m__entry_macd_12_26_9__exit_ema_250__entry_hours_0p5__exit_hours_0p5,macd_12_26_9__ema_250,MACD/EMA,macd_12_26_9,ema_250,0.5,False,0.2024460800026229,0.1838063064624598,True,0.018639773540163107
v5_30m__entry_macd_12_26_9__exit_ema_50__entry_hours_0p5__exit_hours_0p5,macd_12_26_9__ema_50,MACD/EMA,macd_12_26_9,ema_50,0.5,False,0.17384442589898397,0.19839467366397762,True,-0.02455024776499365
v5_30m__entry_macd_12_26_9__exit_macd_12_26_9__entry_hours_0p5__exit_hours_0p5,macd_12_26_9__macd_12_26_9,MACD/MACD,macd_12_26_9,macd_12_26_9,0.5,False,0.06733679086171125,-0.05015681922882513,True,0.11749361009053638
v5_30m__entry_macd_12_26_9__exit_macd_24_52_18__entry_hours_0p5__exit_hours_0p5,macd_12_26_9__macd_24_52_18,MACD/MACD,macd_12_26_9,macd_24_52_18,0.5,False,-0.11444317368523822,-0.09729091902528748,True,-0.01715225465995074
v5_30m__entry_macd_12_26_9__exit_macd_48_104_36__entry_hours_0p5__exit_hours_0p5,macd_12_26_9__macd_48_104_36,MACD/MACD,macd_12_26_9,macd_48_104_36,0.5,False,0.0660650687815673,0.0645230696217943,True,0.0015419991597730026
v5_30m__entry_macd_12_26_9__exit_macd_6_13_5__entry_hours_0p5__exit_hours_0p5,macd_12_26_9__macd_6_13_5,MACD/MACD,macd_12_26_9,macd_6_13_5,0.5,False,-0.041289835076314625,-0.03804642279195789,True,-0.0032434122843567337
v5_30m__entry_macd_12_26_9__exit_macd_96_208_72__entry_hours_0p5__exit_hours_0p5,macd_12_26_9__macd_96_208_72,MACD/MACD,macd_12_26_9,macd_96_208_72,0.5,True,0.18291478469296493,0.18932454793521306,True,-0.006409763242248123
v5_30m__entry_macd_12_26_9__exit_sma_10__entry_hours_0p5__exit_hours_0p5,macd_12_26_9__sma_10,MACD/SMA,macd_12_26_9,sma_10,0.5,False,0.05279944355669461,0.014384966182920485,True,0.038414477373774125
v5_30m__entry_macd_12_26_9__exit_sma_100__entry_hours_0p5__exit_hours_0p5,macd_12_26_9__sma_100,MACD/SMA,macd_12_26_9,sma_100,0.5,False,0.14953403306323426,0.18305796985185535,True,-0.03352393678862109
v5_30m__entry_macd_12_26_9__exit_sma_20__entry_hours_0p5__exit_hours_0p5,macd_12_26_9__sma_20,MACD/SMA,macd_12_26_9,sma_20,0.5,False,0.3213854527321184,0.2757097708180151,True,0.04567568191410326
v5_30m__entry_macd_12_26_9__exit_sma_200__entry_hours_0p5__exit_hours_0p5,macd_12_26_9__sma_200,MACD/SMA,macd_12_26_9,sma_200,0.5,False,0.2225005061799354,0.1593953508049668,True,0.06310515537496858
v5_30m__entry_macd_12_26_9__exit_sma_250__entry_hours_0p5__exit_hours_0p5,macd_12_26_9__sma_250,MACD/SMA,macd_12_26_9,sma_250,0.5,False,0.2871626379945605,0.23313442889803296,True,0.05402820909652753
v5_30m__entry_macd_12_26_9__exit_sma_50__entry_hours_0p5__exit_hours_0p5,macd_12_26_9__sma_50,MACD/SMA,macd_12_26_9,sma_50,0.5,True,0.2819232283412658,0.30197418064047843,True,-0.02005095229921261
v5_30m__entry_macd_24_52_18__exit_ema_10__entry_hours_0p5__exit_hours_0p5,macd_24_52_18__ema_10,MACD/EMA,macd_24_52_18,ema_10,0.5,False,-0.1937454315509304,-0.17729919477407613,True,-0.01644623677685428
v5_30m__entry_macd_24_52_18__exit_ema_100__entry_hours_0p5__exit_hours_0p5,macd_24_52_18__ema_100,MACD/EMA,macd_24_52_18,ema_100,0.5,True,0.35152741049081004,0.34588549350256825,True,0.005641916988241791
v5_30m__entry_macd_24_52_18__exit_ema_20__entry_hours_0p5__exit_hours_0p5,macd_24_52_18__ema_20,MACD/EMA,macd_24_52_18,ema_20,0.5,False,0.06914271785198303,0.08823242655205842,True,-0.019089708700075383
v5_30m__entry_macd_24_52_18__exit_ema_200__entry_hours_0p5__exit_hours_0p5,macd_24_52_18__ema_200,MACD/EMA,macd_24_52_18,ema_200,0.5,False,0.04628500960701074,0.038576601851310864,True,0.007708407755699878
v5_30m__entry_macd_24_52_18__exit_ema_250__entry_hours_0p5__exit_hours_0p5,macd_24_52_18__ema_250,MACD/EMA,macd_24_52_18,ema_250,0.5,False,0.27272451278521936,0.21813457779921872,True,0.05458993498600065
v5_30m__entry_macd_24_52_18__exit_ema_50__entry_hours_0p5__exit_hours_0p5,macd_24_52_18__ema_50,MACD/EMA,macd_24_52_18,ema_50,0.5,False,0.1708537317994878,0.19567372070025785,True,-0.024819988900770057
v5_30m__entry_macd_24_52_18__exit_macd_12_26_9__entry_hours_0p5__exit_hours_0p5,macd_24_52_18__macd_12_26_9,MACD/MACD,macd_24_52_18,macd_12_26_9,0.5,False,-0.11758068622893823,-0.13901978476403284,True,0.02143909853509461
v5_30m__entry_macd_24_52_18__exit_macd_24_52_18__entry_hours_0p5__exit_hours_0p5,macd_24_52_18__macd_24_52_18,MACD/MACD,macd_24_52_18,macd_24_52_18,0.5,False,-0.17115118513666477,-0.12124680179990625,True,-0.04990438333675852
v5_30m__entry_macd_24_52_18__exit_macd_48_104_36__entry_hours_0p5__exit_hours_0p5,macd_24_52_18__macd_48_104_36,MACD/MACD,macd_24_52_18,macd_48_104_36,0.5,False,0.06387980695285224,0.06348267292164896,True,0.0003971340312032834
v5_30m__entry_macd_24_52_18__exit_macd_6_13_5__entry_hours_0p5__exit_hours_0p5,macd_24_52_18__macd_6_13_5,MACD/MACD,macd_24_52_18,macd_6_13_5,0.5,False,-0.3211082922725544,-0.22124770582046516,True,-0.09986058645208923
v5_30m__entry_macd_24_52_18__exit_macd_96_208_72__entry_hours_0p5__exit_hours_0p5,macd_24_52_18__macd_96_208_72,MACD/MACD,macd_24_52_18,macd_96_208_72,0.5,False,0.16324424652860223,0.16489882865510538,True,-0.0016545821265031568
v5_30m__entry_macd_24_52_18__exit_sma_10__entry_hours_0p5__exit_hours_0p5,macd_24_52_18__sma_10,MACD/SMA,macd_24_52_18,sma_10,0.5,False,-0.28249392649363725,-0.2527660457993101,True,-0.029727880694327136
v5_30m__entry_macd_24_52_18__exit_sma_100__entry_hours_0p5__exit_hours_0p5,macd_24_52_18__sma_100,MACD/SMA,macd_24_52_18,sma_100,0.5,False,0.25964646437556604,0.2815835691692267,True,-0.021937104793660678
v5_30m__entry_macd_24_52_18__exit_sma_20__entry_hours_0p5__exit_hours_0p5,macd_24_52_18__sma_20,MACD/SMA,macd_24_52_18,sma_20,0.5,False,0.08696895704839995,0.14407231228142342,True,-0.05710335523302347
v5_30m__entry_macd_24_52_18__exit_sma_200__entry_hours_0p5__exit_hours_0p5,macd_24_52_18__sma_200,MACD/SMA,macd_24_52_18,sma_200,0.5,False,0.0849424738320592,0.05373798559744341,True,0.031204488234615795
v5_30m__entry_macd_24_52_18__exit_sma_250__entry_hours_0p5__exit_hours_0p5,macd_24_52_18__sma_250,MACD/SMA,macd_24_52_18,sma_250,0.5,True,0.3472246009806147,0.2624020855323676,True,0.0848225154482471
v5_30m__entry_macd_24_52_18__exit_sma_50__entry_hours_0p5__exit_hours_0p5,macd_24_52_18__sma_50,MACD/SMA,macd_24_52_18,sma_50,0.5,False,0.21916570518352485,0.1924333058867206,True,0.026732399296804238
v5_30m__entry_macd_48_104_36__exit_ema_10__entry_hours_0p5__exit_hours_0p5,macd_48_104_36__ema_10,MACD/EMA,macd_48_104_36,ema_10,0.5,False,0.03987272187211097,0.03448760042492447,True,0.005385121447186496
v5_30m__entry_macd_48_104_36__exit_ema_100__entry_hours_0p5__exit_hours_0p5,macd_48_104_36__ema_100,MACD/EMA,macd_48_104_36,ema_100,0.5,False,0.2971550053704048,0.2485118872003444,True,0.048643118170060395
v5_30m__entry_macd_48_104_36__exit_ema_20__entry_hours_0p5__exit_hours_0p5,macd_48_104_36__ema_20,MACD/EMA,macd_48_104_36,ema_20,0.5,False,0.1911647969576895,0.1589579519004396,True,0.03220684505724991
v5_30m__entry_macd_48_104_36__exit_ema_200__entry_hours_0p5__exit_hours_0p5,macd_48_104_36__ema_200,MACD/EMA,macd_48_104_36,ema_200,0.5,False,0.11979253442066116,0.12368352574334625,True,-0.0038909913226850834
v5_30m__entry_macd_48_104_36__exit_ema_250__entry_hours_0p5__exit_hours_0p5,macd_48_104_36__ema_250,MACD/EMA,macd_48_104_36,ema_250,0.5,False,0.15753601142176907,0.15084058222576516,True,0.00669542919600391
v5_30m__entry_macd_48_104_36__exit_ema_50__entry_hours_0p5__exit_hours_0p5,macd_48_104_36__ema_50,MACD/EMA,macd_48_104_36,ema_50,0.5,False,0.1914498217546848,0.15165428497255848,True,0.03979553678212633
v5_30m__entry_macd_48_104_36__exit_macd_12_26_9__entry_hours_0p5__exit_hours_0p5,macd_48_104_36__macd_12_26_9,MACD/MACD,macd_48_104_36,macd_12_26_9,0.5,False,0.03015577026868823,-0.09492820142784347,True,0.1250839716965317
v5_30m__entry_macd_48_104_36__exit_macd_24_52_18__entry_hours_0p5__exit_hours_0p5,macd_48_104_36__macd_24_52_18,MACD/MACD,macd_48_104_36,macd_24_52_18,0.5,False,-0.027945000438011097,-0.0593564494637505,True,0.031411449025739405
v5_30m__entry_macd_48_104_36__exit_macd_48_104_36__entry_hours_0p5__exit_hours_0p5,macd_48_104_36__macd_48_104_36,MACD/MACD,macd_48_104_36,macd_48_104_36,0.5,False,0.05518477111371935,0.059038478179540874,True,-0.0038537070658215267
v5_30m__entry_macd_48_104_36__exit_macd_6_13_5__entry_hours_0p5__exit_hours_0p5,macd_48_104_36__macd_6_13_5,MACD/MACD,macd_48_104_36,macd_6_13_5,0.5,False,-0.4140290894193513,-0.24994494313057333,True,-0.16408414628877796
v5_30m__entry_macd_48_104_36__exit_macd_96_208_72__entry_hours_0p5__exit_hours_0p5,macd_48_104_36__macd_96_208_72,MACD/MACD,macd_48_104_36,macd_96_208_72,0.5,True,0.17078306942508809,0.1780850318940042,True,-0.007301962468916123
v5_30m__entry_macd_48_104_36__exit_sma_10__entry_hours_0p5__exit_hours_0p5,macd_48_104_36__sma_10,MACD/SMA,macd_48_104_36,sma_10,0.5,False,-0.15559315840623142,-0.15298304419964567,True,-0.0026101142065857452
v5_30m__entry_macd_48_104_36__exit_sma_100__entry_hours_0p5__exit_hours_0p5,macd_48_104_36__sma_100,MACD/SMA,macd_48_104_36,sma_100,0.5,False,0.2524010579776167,0.20688133291105346,True,0.04551972506656324
v5_30m__entry_macd_48_104_36__exit_sma_20__entry_hours_0p5__exit_hours_0p5,macd_48_104_36__sma_20,MACD/SMA,macd_48_104_36,sma_20,0.5,False,0.22613976015105638,0.2527713749066454,True,-0.026631614755589034
v5_30m__entry_macd_48_104_36__exit_sma_200__entry_hours_0p5__exit_hours_0p5,macd_48_104_36__sma_200,MACD/SMA,macd_48_104_36,sma_200,0.5,False,0.09870788517146453,0.08380688632393145,True,0.014900998847533084
v5_30m__entry_macd_48_104_36__exit_sma_250__entry_hours_0p5__exit_hours_0p5,macd_48_104_36__sma_250,MACD/SMA,macd_48_104_36,sma_250,0.5,False,0.2778861679715016,0.2563091465984941,True,0.021577021373007543
v5_30m__entry_macd_48_104_36__exit_sma_50__entry_hours_0p5__exit_hours_0p5,macd_48_104_36__sma_50,MACD/SMA,macd_48_104_36,sma_50,0.5,False,0.1967905701674144,0.13424332681152007,True,0.06254724335589434
v5_30m__entry_macd_6_13_5__exit_ema_10__entry_hours_0p5__exit_hours_0p5,macd_6_13_5__ema_10,MACD/EMA,macd_6_13_5,ema_10,0.5,False,0.06506592632959368,-0.09518555692943119,True,0.16025148325902488
v5_30m__entry_macd_6_13_5__exit_ema_100__entry_hours_0p5__exit_hours_0p5,macd_6_13_5__ema_100,MACD/EMA,macd_6_13_5,ema_100,0.5,False,0.3298469744239948,0.20905005498886176,True,0.12079691943513304
v5_30m__entry_macd_6_13_5__exit_ema_20__entry_hours_0p5__exit_hours_0p5,macd_6_13_5__ema_20,MACD/EMA,macd_6_13_5,ema_20,0.5,False,0.2450767992737169,0.3932842103998786,True,-0.1482074111261617
v5_30m__entry_macd_6_13_5__exit_ema_200__entry_hours_0p5__exit_hours_0p5,macd_6_13_5__ema_200,MACD/EMA,macd_6_13_5,ema_200,0.5,False,0.3308183733957106,0.28673791590516057,True,0.04408045749055001
v5_30m__entry_macd_6_13_5__exit_ema_250__entry_hours_0p5__exit_hours_0p5,macd_6_13_5__ema_250,MACD/EMA,macd_6_13_5,ema_250,0.5,True,0.274013886302185,0.2357207832752722,True,0.03829310302691277
v5_30m__entry_macd_6_13_5__exit_ema_50__entry_hours_0p5__exit_hours_0p5,macd_6_13_5__ema_50,MACD/EMA,macd_6_13_5,ema_50,0.5,False,0.24917358628929498,0.2916194114240565,True,-0.04244582513476153
v5_30m__entry_macd_6_13_5__exit_macd_12_26_9__entry_hours_0p5__exit_hours_0p5,macd_6_13_5__macd_12_26_9,MACD/MACD,macd_6_13_5,macd_12_26_9,0.5,False,0.1562394276297973,0.02305298574551216,True,0.13318644188428516
v5_30m__entry_macd_6_13_5__exit_macd_24_52_18__entry_hours_0p5__exit_hours_0p5,macd_6_13_5__macd_24_52_18,MACD/MACD,macd_6_13_5,macd_24_52_18,0.5,False,-0.09603320567535924,-0.08478910274393897,True,-0.011244102931420266
v5_30m__entry_macd_6_13_5__exit_macd_48_104_36__entry_hours_0p5__exit_hours_0p5,macd_6_13_5__macd_48_104_36,MACD/MACD,macd_6_13_5,macd_48_104_36,0.5,False,0.06267864075922375,0.0808892648389764,True,-0.018210624079752658
v5_30m__entry_macd_6_13_5__exit_macd_6_13_5__entry_hours_0p5__exit_hours_0p5,macd_6_13_5__macd_6_13_5,MACD/MACD,macd_6_13_5,macd_6_13_5,0.5,False,-0.31310189904741426,-0.19194352131521258,True,-0.12115837773220167
v5_30m__entry_macd_6_13_5__exit_macd_96_208_72__entry_hours_0p5__exit_hours_0p5,macd_6_13_5__macd_96_208_72,MACD/MACD,macd_6_13_5,macd_96_208_72,0.5,False,0.1552899486901365,0.16503114378334596,True,-0.009741195093209476
v5_30m__entry_macd_6_13_5__exit_sma_10__entry_hours_0p5__exit_hours_0p5,macd_6_13_5__sma_10,MACD/SMA,macd_6_13_5,sma_10,0.5,False,-0.141528092855866,-0.06135077599801717,True,-0.08017731685784885
v5_30m__entry_macd_6_13_5__exit_sma_100__entry_hours_0p5__exit_hours_0p5,macd_6_13_5__sma_100,MACD/SMA,macd_6_13_5,sma_100,0.5,False,0.0761417873530374,0.11466980414669015,True,-0.03852801679365275
v5_30m__entry_macd_6_13_5__exit_sma_20__entry_hours_0p5__exit_hours_0p5,macd_6_13_5__sma_20,MACD/SMA,macd_6_13_5,sma_20,0.5,False,0.33144359005648616,0.31445977057862495,True,0.016983819477861206
v5_30m__entry_macd_6_13_5__exit_sma_200__entry_hours_0p5__exit_hours_0p5,macd_6_13_5__sma_200,MACD/SMA,macd_6_13_5,sma_200,0.5,False,0.18443425911511774,0.14170203850062213,True,0.04273222061449561
v5_30m__entry_macd_6_13_5__exit_sma_250__entry_hours_0p5__exit_hours_0p5,macd_6_13_5__sma_250,MACD/SMA,macd_6_13_5,sma_250,0.5,False,0.3306924071289769,0.2699246235264358,True,0.06076778360254109
v5_30m__entry_macd_6_13_5__exit_sma_50__entry_hours_0p5__exit_hours_0p5,macd_6_13_5__sma_50,MACD/SMA,macd_6_13_5,sma_50,0.5,False,0.31074514131821046,0.3373352045939966,True,-0.026590063275786113
v5_30m__entry_macd_96_208_72__exit_ema_10__entry_hours_0p5__exit_hours_0p5,macd_96_208_72__ema_10,MACD/EMA,macd_96_208_72,ema_10,0.5,False,0.11332474924688866,0.15066532983641298,True,-0.037340580589524316
v5_30m__entry_macd_96_208_72__exit_ema_100__entry_hours_0p5__exit_hours_0p5,macd_96_208_72__ema_100,MACD/EMA,macd_96_208_72,ema_100,0.5,True,0.3202103500020069,0.24876418537290512,True,0.0714461646291018
v5_30m__entry_macd_96_208_72__exit_ema_20__entry_hours_0p5__exit_hours_0p5,macd_96_208_72__ema_20,MACD/EMA,macd_96_208_72,ema_20,0.5,False,0.22228169984776092,0.3006826338687007,True,-0.07840093402093978
v5_30m__entry_macd_96_208_72__exit_ema_200__entry_hours_0p5__exit_hours_0p5,macd_96_208_72__ema_200,MACD/EMA,macd_96_208_72,ema_200,0.5,True,0.29459225072819994,0.2486568790396074,True,0.04593537168859255
v5_30m__entry_macd_96_208_72__exit_ema_250__entry_hours_0p5__exit_hours_0p5,macd_96_208_72__ema_250,MACD/EMA,macd_96_208_72,ema_250,0.5,False,0.3018952652307686,0.30133914433361414,True,0.0005561208971544551
v5_30m__entry_macd_96_208_72__exit_ema_50__entry_hours_0p5__exit_hours_0p5,macd_96_208_72__ema_50,MACD/EMA,macd_96_208_72,ema_50,0.5,False,0.30983994109863716,0.2835095290459566,True,0.026330412052680552
v5_30m__entry_macd_96_208_72__exit_macd_12_26_9__entry_hours_0p5__exit_hours_0p5,macd_96_208_72__macd_12_26_9,MACD/MACD,macd_96_208_72,macd_12_26_9,0.5,True,0.17603507149309555,0.1278668706026702,True,0.04816820089042534
v5_30m__entry_macd_96_208_72__exit_macd_24_52_18__entry_hours_0p5__exit_hours_0p5,macd_96_208_72__macd_24_52_18,MACD/MACD,macd_96_208_72,macd_24_52_18,0.5,False,0.014734252152112097,0.004733282577231128,True,0.01000096957488097
v5_30m__entry_macd_96_208_72__exit_macd_48_104_36__entry_hours_0p5__exit_hours_0p5,macd_96_208_72__macd_48_104_36,MACD/MACD,macd_96_208_72,macd_48_104_36,0.5,True,0.2445945578172393,0.24574763724732063,True,-0.001153079430081333
v5_30m__entry_macd_96_208_72__exit_macd_6_13_5__entry_hours_0p5__exit_hours_0p5,macd_96_208_72__macd_6_13_5,MACD/MACD,macd_96_208_72,macd_6_13_5,0.5,False,-0.16455399858889494,-0.009116973083050206,True,-0.15543702550584473
v5_30m__entry_macd_96_208_72__exit_macd_96_208_72__entry_hours_0p5__exit_hours_0p5,macd_96_208_72__macd_96_208_72,MACD/MACD,macd_96_208_72,macd_96_208_72,0.5,True,0.16212757037540804,0.1605682318828898,True,0.0015593384925182419
v5_30m__entry_macd_96_208_72__exit_sma_10__entry_hours_0p5__exit_hours_0p5,macd_96_208_72__sma_10,MACD/SMA,macd_96_208_72,sma_10,0.5,False,0.09268205731065514,0.009673866296208254,True,0.08300819101444688
v5_30m__entry_macd_96_208_72__exit_sma_100__entry_hours_0p5__exit_hours_0p5,macd_96_208_72__sma_100,MACD/SMA,macd_96_208_72,sma_100,0.5,True,0.22253908991566315,0.23415642261128206,True,-0.011617332695618904
v5_30m__entry_macd_96_208_72__exit_sma_20__entry_hours_0p5__exit_hours_0p5,macd_96_208_72__sma_20,MACD/SMA,macd_96_208_72,sma_20,0.5,False,0.3041810296412942,0.31773684879009023,True,-0.013555819148796056
v5_30m__entry_macd_96_208_72__exit_sma_200__entry_hours_0p5__exit_hours_0p5,macd_96_208_72__sma_200,MACD/SMA,macd_96_208_72,sma_200,0.5,True,0.3796161996449103,0.30563219290983745,True,0.07398400673507283
v5_30m__entry_macd_96_208_72__exit_sma_250__entry_hours_0p5__exit_hours_0p5,macd_96_208_72__sma_250,MACD/SMA,macd_96_208_72,sma_250,0.5,False,0.3425709104055184,0.3218964496759517,True,0.02067446072956669
v5_30m__entry_macd_96_208_72__exit_sma_50__entry_hours_0p5__exit_hours_0p5,macd_96_208_72__sma_50,MACD/SMA,macd_96_208_72,sma_50,0.5,True,0.3774329227904836,0.3214393896303881,True,0.05599353316009553
v5_30m__entry_sma_100__exit_ema_10__entry_hours_0p5__exit_hours_0p5,sma_100__ema_10,SMA/EMA,sma_100,ema_10,0.5,False,-0.041817962192901736,-0.0477304623622807,True,0.005912500169378963
v5_30m__entry_sma_100__exit_ema_100__entry_hours_0p5__exit_hours_0p5,sma_100__ema_100,SMA/EMA,sma_100,ema_100,0.5,False,0.27881931865056814,0.2367142444866327,True,0.04210507416393544
v5_30m__entry_sma_100__exit_ema_20__entry_hours_0p5__exit_hours_0p5,sma_100__ema_20,SMA/EMA,sma_100,ema_20,0.5,False,0.09691360449500909,0.14972042322937665,True,-0.05280681873436756
v5_30m__entry_sma_100__exit_ema_200__entry_hours_0p5__exit_hours_0p5,sma_100__ema_200,SMA/EMA,sma_100,ema_200,0.5,False,0.10854731014051858,0.13050843463565556,True,-0.021961124495136986
v5_30m__entry_sma_100__exit_ema_250__entry_hours_0p5__exit_hours_0p5,sma_100__ema_250,SMA/EMA,sma_100,ema_250,0.5,False,0.20249462548840755,0.18603949674194095,True,0.016455128746466596
v5_30m__entry_sma_100__exit_ema_50__entry_hours_0p5__exit_hours_0p5,sma_100__ema_50,SMA/EMA,sma_100,ema_50,0.5,False,0.24487133704037062,0.22471992147822725,True,0.020151415562143365
v5_30m__entry_sma_100__exit_macd_12_26_9__entry_hours_0p5__exit_hours_0p5,sma_100__macd_12_26_9,SMA/MACD,sma_100,macd_12_26_9,0.5,False,-0.1013248779050413,-0.16859566809357193,True,0.06727079018853063
v5_30m__entry_sma_100__exit_macd_24_52_18__entry_hours_0p5__exit_hours_0p5,sma_100__macd_24_52_18,SMA/MACD,sma_100,macd_24_52_18,0.5,False,-0.09704738577846332,-0.1564919624751042,True,0.05944457669664087
v5_30m__entry_sma_100__exit_macd_48_104_36__entry_hours_0p5__exit_hours_0p5,sma_100__macd_48_104_36,SMA/MACD,sma_100,macd_48_104_36,0.5,True,0.023008563093917193,0.028749054769666597,True,-0.005740491675749405
v5_30m__entry_sma_100__exit_macd_6_13_5__entry_hours_0p5__exit_hours_0p5,sma_100__macd_6_13_5,SMA/MACD,sma_100,macd_6_13_5,0.5,False,-0.5309625715101365,-0.3862908182941333,True,-0.14467175321600317
v5_30m__entry_sma_100__exit_macd_96_208_72__entry_hours_0p5__exit_hours_0p5,sma_100__macd_96_208_72,SMA/MACD,sma_100,macd_96_208_72,0.5,True,0.10185512656926558,0.10665873943651964,True,-0.004803612867254059
v5_30m__entry_sma_100__exit_sma_10__entry_hours_0p5__exit_hours_0p5,sma_100__sma_10,SMA/SMA,sma_100,sma_10,0.5,False,-0.12374433195353052,-0.16218815873068493,True,0.03844382677715441
v5_30m__entry_sma_100__exit_sma_100__entry_hours_0p5__exit_hours_0p5,sma_100__sma_100,SMA/SMA,sma_100,sma_100,0.5,False,0.1197091443497001,0.12613850053571193,True,-0.006429356186011828
v5_30m__entry_sma_100__exit_sma_20__entry_hours_0p5__exit_hours_0p5,sma_100__sma_20,SMA/SMA,sma_100,sma_20,0.5,False,0.07597074328801959,0.14539435143846427,True,-0.06942360815044468
v5_30m__entry_sma_100__exit_sma_200__entry_hours_0p5__exit_hours_0p5,sma_100__sma_200,SMA/SMA,sma_100,sma_200,0.5,False,0.10735958113690303,0.11362854354780044,True,-0.006268962410897416
v5_30m__entry_sma_100__exit_sma_250__entry_hours_0p5__exit_hours_0p5,sma_100__sma_250,SMA/SMA,sma_100,sma_250,0.5,False,0.2883488929516387,0.27545934922334825,True,0.012889543728290431
v5_30m__entry_sma_100__exit_sma_50__entry_hours_0p5__exit_hours_0p5,sma_100__sma_50,SMA/SMA,sma_100,sma_50,0.5,True,0.24964377682826025,0.21285985836880875,True,0.0367839184594515
v5_30m__entry_sma_10__exit_ema_10__entry_hours_0p5__exit_hours_0p5,sma_10__ema_10,SMA/EMA,sma_10,ema_10,0.5,False,0.15472100662822108,-0.017663739448417964,True,0.17238474607663903
v5_30m__entry_sma_10__exit_ema_100__entry_hours_0p5__exit_hours_0p5,sma_10__ema_100,SMA/EMA,sma_10,ema_100,0.5,True,0.4023695607653588,0.2533153179256109,True,0.14905424283974789
v5_30m__entry_sma_10__exit_ema_20__entry_hours_0p5__exit_hours_0p5,sma_10__ema_20,SMA/EMA,sma_10,ema_20,0.5,False,0.2724808980578824,0.3411043840613864,True,-0.06862348600350399
v5_30m__entry_sma_10__exit_ema_200__entry_hours_0p5__exit_hours_0p5,sma_10__ema_200,SMA/EMA,sma_10,ema_200,0.5,False,0.24445200402105724,0.23670739169878957,True,0.007744612322267669
v5_30m__entry_sma_10__exit_ema_250__entry_hours_0p5__exit_hours_0p5,sma_10__ema_250,SMA/EMA,sma_10,ema_250,0.5,False,0.2720903768184754,0.2577482421717187,True,0.01434213464675671
v5_30m__entry_sma_10__exit_ema_50__entry_hours_0p5__exit_hours_0p5,sma_10__ema_50,SMA/EMA,sma_10,ema_50,0.5,False,0.24142927226027483,0.2813456963184928,True,-0.03991642405821799
v5_30m__entry_sma_10__exit_macd_12_26_9__entry_hours_0p5__exit_hours_0p5,sma_10__macd_12_26_9,SMA/MACD,sma_10,macd_12_26_9,0.5,False,0.08033849999115496,0.0022807514729781954,True,0.07805774851817676
v5_30m__entry_sma_10__exit_macd_24_52_18__entry_hours_0p5__exit_hours_0p5,sma_10__macd_24_52_18,SMA/MACD,sma_10,macd_24_52_18,0.5,False,-0.11256294780739808,-0.08557883694855466,True,-0.02698411085884342
v5_30m__entry_sma_10__exit_macd_48_104_36__entry_hours_0p5__exit_hours_0p5,sma_10__macd_48_104_36,SMA/MACD,sma_10,macd_48_104_36,0.5,False,0.04787629296852683,0.046116846817210115,True,0.001759446151316714
v5_30m__entry_sma_10__exit_macd_6_13_5__entry_hours_0p5__exit_hours_0p5,sma_10__macd_6_13_5,SMA/MACD,sma_10,macd_6_13_5,0.5,False,-0.5192125988364109,-0.382602031475174,True,-0.1366105673612369
v5_30m__entry_sma_10__exit_macd_96_208_72__entry_hours_0p5__exit_hours_0p5,sma_10__macd_96_208_72,SMA/MACD,sma_10,macd_96_208_72,0.5,False,0.164988191849633,0.1701393409829781,True,-0.005151149133345079
v5_30m__entry_sma_10__exit_sma_10__entry_hours_0p5__exit_hours_0p5,sma_10__sma_10,SMA/SMA,sma_10,sma_10,0.5,False,-0.08500410441690731,-0.06092987926780446,True,-0.024074225149102853
v5_30m__entry_sma_10__exit_sma_100__entry_hours_0p5__exit_hours_0p5,sma_10__sma_100,SMA/SMA,sma_10,sma_100,0.5,False,0.15322389800831132,0.18254537047769903,True,-0.02932147246938771
v5_30m__entry_sma_10__exit_sma_20__entry_hours_0p5__exit_hours_0p5,sma_10__sma_20,SMA/SMA,sma_10,sma_20,0.5,True,0.4019798322941194,0.3973558022241376,True,0.004624030069981799
v5_30m__entry_sma_10__exit_sma_200__entry_hours_0p5__exit_hours_0p5,sma_10__sma_200,SMA/SMA,sma_10,sma_200,0.5,False,0.19684599927636842,0.20425280311566912,True,-0.007406803839300702
v5_30m__entry_sma_10__exit_sma_250__entry_hours_0p5__exit_hours_0p5,sma_10__sma_250,SMA/SMA,sma_10,sma_250,0.5,False,0.307129335107335,0.3088493479650651,True,-0.0017200128577301022
v5_30m__entry_sma_10__exit_sma_50__entry_hours_0p5__exit_hours_0p5,sma_10__sma_50,SMA/SMA,sma_10,sma_50,0.5,True,0.3136148840882538,0.31887350811874654,True,-0.0052586240304927645
v5_30m__entry_sma_200__exit_ema_10__entry_hours_0p5__exit_hours_0p5,sma_200__ema_10,SMA/EMA,sma_200,ema_10,0.5,False,0.012041925718993778,-0.15391345563160827,True,0.16595538135060206
v5_30m__entry_sma_200__exit_ema_100__entry_hours_0p5__exit_hours_0p5,sma_200__ema_100,SMA/EMA,sma_200,ema_100,0.5,False,0.2870473876745472,0.17353504263493041,True,0.11351234503961677
v5_30m__entry_sma_200__exit_ema_20__entry_hours_0p5__exit_hours_0p5,sma_200__ema_20,SMA/EMA,sma_200,ema_20,0.5,False,-0.02136727397146682,-0.11183094203641195,True,0.09046366806494513
v5_30m__entry_sma_200__exit_ema_200__entry_hours_0p5__exit_hours_0p5,sma_200__ema_200,SMA/EMA,sma_200,ema_200,0.5,False,0.2212943940455532,0.10821488703876408,True,0.11307950700678912
v5_30m__entry_sma_200__exit_ema_250__entry_hours_0p5__exit_hours_0p5,sma_200__ema_250,SMA/EMA,sma_200,ema_250,0.5,False,0.2710384485010037,0.19275481604691197,True,0.07828363245409176
v5_30m__entry_sma_200__exit_ema_50__entry_hours_0p5__exit_hours_0p5,sma_200__ema_50,SMA/EMA,sma_200,ema_50,0.5,False,0.1718126662426759,0.0688386562920333,True,0.10297400995064261
v5_30m__entry_sma_200__exit_macd_12_26_9__entry_hours_0p5__exit_hours_0p5,sma_200__macd_12_26_9,SMA/MACD,sma_200,macd_12_26_9,0.5,False,0.1636626940474257,-0.030370502779174715,True,0.19403319682660042
v5_30m__entry_sma_200__exit_macd_24_52_18__entry_hours_0p5__exit_hours_0p5,sma_200__macd_24_52_18,SMA/MACD,sma_200,macd_24_52_18,0.5,False,-0.22574714710774615,-0.3118562231094378,True,0.08610907600169163
v5_30m__entry_sma_200__exit_macd_48_104_36__entry_hours_0p5__exit_hours_0p5,sma_200__macd_48_104_36,SMA/MACD,sma_200,macd_48_104_36,0.5,False,-0.03862227386319444,-0.013089943619171266,True,-0.025532330244023172
v5_30m__entry_sma_200__exit_macd_6_13_5__entry_hours_0p5__exit_hours_0p5,sma_200__macd_6_13_5,SMA/MACD,sma_200,macd_6_13_5,0.5,False,-0.07389842583511025,-0.11993163133239154,True,0.04603320549728129
v5_30m__entry_sma_200__exit_macd_96_208_72__entry_hours_0p5__exit_hours_0p5,sma_200__macd_96_208_72,SMA/MACD,sma_200,macd_96_208_72,0.5,False,0.18444772884921884,0.16556302780445492,True,0.01888470104476392
v5_30m__entry_sma_200__exit_sma_10__entry_hours_0p5__exit_hours_0p5,sma_200__sma_10,SMA/SMA,sma_200,sma_10,0.5,False,-0.04531899006400214,-0.1907468396867628,True,0.14542784962276065
v5_30m__entry_sma_200__exit_sma_100__entry_hours_0p5__exit_hours_0p5,sma_200__sma_100,SMA/SMA,sma_200,sma_100,0.5,False,0.044475462509527844,-0.021218118274778815,True,0.06569358078430666
v5_30m__entry_sma_200__exit_sma_20__entry_hours_0p5__exit_hours_0p5,sma_200__sma_20,SMA/SMA,sma_200,sma_20,0.5,False,0.05561315327823555,-0.02383902793236807,True,0.07945218121060363
v5_30m__entry_sma_200__exit_sma_200__entry_hours_0p5__exit_hours_0p5,sma_200__sma_200,SMA/SMA,sma_200,sma_200,0.5,False,0.13198268708075864,0.0614431327929076,True,0.07053955428785104
v5_30m__entry_sma_200__exit_sma_250__entry_hours_0p5__exit_hours_0p5,sma_200__sma_250,SMA/SMA,sma_200,sma_250,0.5,False,0.2932525277606265,0.27059904731276374,True,0.02265348044786275
v5_30m__entry_sma_200__exit_sma_50__entry_hours_0p5__exit_hours_0p5,sma_200__sma_50,SMA/SMA,sma_200,sma_50,0.5,False,0.17271294868087791,0.01903756575933883,True,0.1536753829215391
v5_30m__entry_sma_20__exit_ema_10__entry_hours_0p5__exit_hours_0p5,sma_20__ema_10,SMA/EMA,sma_20,ema_10,0.5,False,0.2563094156052095,0.15207353973017154,True,0.10423587587503794
v5_30m__entry_sma_20__exit_ema_100__entry_hours_0p5__exit_hours_0p5,sma_20__ema_100,SMA/EMA,sma_20,ema_100,0.5,True,0.4212717860678185,0.33163871427024283,True,0.08963307179757568
v5_30m__entry_sma_20__exit_ema_20__entry_hours_0p5__exit_hours_0p5,sma_20__ema_20,SMA/EMA,sma_20,ema_20,0.5,False,0.27604091951370957,0.3536244230778022,True,-0.0775835035640926
v5_30m__entry_sma_20__exit_ema_200__entry_hours_0p5__exit_hours_0p5,sma_20__ema_200,SMA/EMA,sma_20,ema_200,0.5,False,0.1970648521856538,0.19316330002804866,True,0.0039015521576051537
v5_30m__entry_sma_20__exit_ema_250__entry_hours_0p5__exit_hours_0p5,sma_20__ema_250,SMA/EMA,sma_20,ema_250,0.5,True,0.24556094021519553,0.23075759095571138,True,0.01480334925948415
v5_30m__entry_sma_20__exit_ema_50__entry_hours_0p5__exit_hours_0p5,sma_20__ema_50,SMA/EMA,sma_20,ema_50,0.5,False,0.2615150136909736,0.24701422522583466,True,0.014500788465138914
v5_30m__entry_sma_20__exit_macd_12_26_9__entry_hours_0p5__exit_hours_0p5,sma_20__macd_12_26_9,SMA/MACD,sma_20,macd_12_26_9,0.5,False,0.18373349472576084,0.1280302525098118,True,0.05570324221594905
v5_30m__entry_sma_20__exit_macd_24_52_18__entry_hours_0p5__exit_hours_0p5,sma_20__macd_24_52_18,SMA/MACD,sma_20,macd_24_52_18,0.5,False,-0.11442930764017882,-0.09845636187278212,True,-0.015972945767396704
v5_30m__entry_sma_20__exit_macd_48_104_36__entry_hours_0p5__exit_hours_0p5,sma_20__macd_48_104_36,SMA/MACD,sma_20,macd_48_104_36,0.5,False,0.06763382415669725,0.06937582916227006,True,-0.001742005005572811
v5_30m__entry_sma_20__exit_macd_6_13_5__entry_hours_0p5__exit_hours_0p5,sma_20__macd_6_13_5,SMA/MACD,sma_20,macd_6_13_5,0.5,False,-0.03706328778988085,0.024342433881856303,True,-0.06140572167173715
v5_30m__entry_sma_20__exit_macd_96_208_72__entry_hours_0p5__exit_hours_0p5,sma_20__macd_96_208_72,SMA/MACD,sma_20,macd_96_208_72,0.5,False,0.16324424652860223,0.16344052486618202,True,-0.00019627833757979163
v5_30m__entry_sma_20__exit_sma_10__entry_hours_0p5__exit_hours_0p5,sma_20__sma_10,SMA/SMA,sma_20,sma_10,0.5,False,0.12817784059812612,0.0807852867228286,True,0.04739255387529752
v5_30m__entry_sma_20__exit_sma_100__entry_hours_0p5__exit_hours_0p5,sma_20__sma_100,SMA/SMA,sma_20,sma_100,0.5,False,0.17548853139651144,0.2459058308330993,True,-0.07041729943658787
v5_30m__entry_sma_20__exit_sma_20__entry_hours_0p5__exit_hours_0p5,sma_20__sma_20,SMA/SMA,sma_20,sma_20,0.5,False,0.37104513628894653,0.3560619129898959,True,0.014983223299050608
v5_30m__entry_sma_20__exit_sma_200__entry_hours_0p5__exit_hours_0p5,sma_20__sma_200,SMA/SMA,sma_20,sma_200,0.5,False,0.1717660294018089,0.16791880213394697,True,0.0038472272678619357
v5_30m__entry_sma_20__exit_sma_250__entry_hours_0p5__exit_hours_0p5,sma_20__sma_250,SMA/SMA,sma_20,sma_250,0.5,False,0.31794214117610803,0.2839241473932526,True,0.034017993782855416
v5_30m__entry_sma_20__exit_sma_50__entry_hours_0p5__exit_hours_0p5,sma_20__sma_50,SMA/SMA,sma_20,sma_50,0.5,True,0.3174366758621007,0.3189337366588616,True,-0.001497060796760874
v5_30m__entry_sma_250__exit_ema_10__entry_hours_0p5__exit_hours_0p5,sma_250__ema_10,SMA/EMA,sma_250,ema_10,0.5,False,0.10868400118833703,0.05699673264891661,True,0.05168726853942042
v5_30m__entry_sma_250__exit_ema_100__entry_hours_0p5__exit_hours_0p5,sma_250__ema_100,SMA/EMA,sma_250,ema_100,0.5,True,0.3915394213791464,0.30539886889045337,True,0.08614055248869301
v5_30m__entry_sma_250__exit_ema_20__entry_hours_0p5__exit_hours_0p5,sma_250__ema_20,SMA/EMA,sma_250,ema_20,0.5,False,0.17522089728680043,0.14622185884556668,True,0.02899903844123375
v5_30m__entry_sma_250__exit_ema_200__entry_hours_0p5__exit_hours_0p5,sma_250__ema_200,SMA/EMA,sma_250,ema_200,0.5,False,0.2448050537621792,0.21590378022167703,True,0.028901273540502176
v5_30m__entry_sma_250__exit_ema_250__entry_hours_0p5__exit_hours_0p5,sma_250__ema_250,SMA/EMA,sma_250,ema_250,0.5,False,0.24465759351000732,0.25906258144438976,True,-0.01440498793438244
v5_30m__entry_sma_250__exit_ema_50__entry_hours_0p5__exit_hours_0p5,sma_250__ema_50,SMA/EMA,sma_250,ema_50,0.5,False,0.2342658224261597,0.20032706232502162,True,0.03393876010113808
v5_30m__entry_sma_250__exit_macd_12_26_9__entry_hours_0p5__exit_hours_0p5,sma_250__macd_12_26_9,SMA/MACD,sma_250,macd_12_26_9,0.5,True,0.32494845367432607,0.25950630191004226,True,0.0654421517642838
v5_30m__entry_sma_250__exit_macd_24_52_18__entry_hours_0p5__exit_hours_0p5,sma_250__macd_24_52_18,SMA/MACD,sma_250,macd_24_52_18,0.5,False,-0.006120308839634152,0.0320659498669322,True,-0.038186258706566355
v5_30m__entry_sma_250__exit_macd_48_104_36__entry_hours_0p5__exit_hours_0p5,sma_250__macd_48_104_36,SMA/MACD,sma_250,macd_48_104_36,0.5,False,0.1721944958674153,0.20529052846520518,True,-0.03309603259778987
v5_30m__entry_sma_250__exit_macd_6_13_5__entry_hours_0p5__exit_hours_0p5,sma_250__macd_6_13_5,SMA/MACD,sma_250,macd_6_13_5,0.5,True,-0.07234707340386975,-0.023926805264447643,True,-0.048420268139422115
v5_30m__entry_sma_250__exit_macd_96_208_72__entry_hours_0p5__exit_hours_0p5,sma_250__macd_96_208_72,SMA/MACD,sma_250,macd_96_208_72,0.5,True,0.5022822508483156,0.4919102303298107,True,0.010372020518504887
v5_30m__entry_sma_250__exit_sma_10__entry_hours_0p5__exit_hours_0p5,sma_250__sma_10,SMA/SMA,sma_250,sma_10,0.5,False,0.027241394372306146,0.024258521213915696,True,0.0029828731583904505
v5_30m__entry_sma_250__exit_sma_100__entry_hours_0p5__exit_hours_0p5,sma_250__sma_100,SMA/SMA,sma_250,sma_100,0.5,False,0.1939019082174226,0.1996038698982598,True,-0.0057019616808371976
v5_30m__entry_sma_250__exit_sma_20__entry_hours_0p5__exit_hours_0p5,sma_250__sma_20,SMA/SMA,sma_250,sma_20,0.5,False,0.1765829067412856,0.19555302537749422,True,-0.01897011863620862
v5_30m__entry_sma_250__exit_sma_200__entry_hours_0p5__exit_hours_0p5,sma_250__sma_200,SMA/SMA,sma_250,sma_200,0.5,False,0.21940284642080654,0.22047916199355763,True,-0.001076315572751091
v5_30m__entry_sma_250__exit_sma_250__entry_hours_0p5__exit_hours_0p5,sma_250__sma_250,SMA/SMA,sma_250,sma_250,0.5,False,0.268845940330841,0.2589968372330883,True,0.00984910309775272
v5_30m__entry_sma_250__exit_sma_50__entry_hours_0p5__exit_hours_0p5,sma_250__sma_50,SMA/SMA,sma_250,sma_50,0.5,False,0.2667436347212956,0.2205492402935725,True,0.04619439442772308
v5_30m__entry_sma_50__exit_ema_10__entry_hours_0p5__exit_hours_0p5,sma_50__ema_10,SMA/EMA,sma_50,ema_10,0.5,False,-0.07157329081676116,-0.09397694554443742,True,0.02240365472767626
v5_30m__entry_sma_50__exit_ema_100__entry_hours_0p5__exit_hours_0p5,sma_50__ema_100,SMA/EMA,sma_50,ema_100,0.5,False,0.29277552014753055,0.25498967813224716,True,0.0377858420152834
v5_30m__entry_sma_50__exit_ema_20__entry_hours_0p5__exit_hours_0p5,sma_50__ema_20,SMA/EMA,sma_50,ema_20,0.5,False,0.10530158473422202,0.13134201196214132,True,-0.0260404272279193
v5_30m__entry_sma_50__exit_ema_200__entry_hours_0p5__exit_hours_0p5,sma_50__ema_200,SMA/EMA,sma_50,ema_200,0.5,False,0.15880750908882557,0.16357988588130185,True,-0.004772376792476274
v5_30m__entry_sma_50__exit_ema_250__entry_hours_0p5__exit_hours_0p5,sma_50__ema_250,SMA/EMA,sma_50,ema_250,0.5,True,0.29752854124770706,0.25602463092826233,True,0.041503910319444726
v5_30m__entry_sma_50__exit_ema_50__entry_hours_0p5__exit_hours_0p5,sma_50__ema_50,SMA/EMA,sma_50,ema_50,0.5,False,0.2260676040392695,0.1935354993885933,True,0.032532104650676213
v5_30m__entry_sma_50__exit_macd_12_26_9__entry_hours_0p5__exit_hours_0p5,sma_50__macd_12_26_9,SMA/MACD,sma_50,macd_12_26_9,0.5,False,0.024219590332702882,0.044237324137862195,True,-0.020017733805159314
v5_30m__entry_sma_50__exit_macd_24_52_18__entry_hours_0p5__exit_hours_0p5,sma_50__macd_24_52_18,SMA/MACD,sma_50,macd_24_52_18,0.5,False,-0.01647210733813778,-0.03496320165371667,True,0.01849109431557889
v5_30m__entry_sma_50__exit_macd_48_104_36__entry_hours_0p5__exit_hours_0p5,sma_50__macd_48_104_36,SMA/MACD,sma_50,macd_48_104_36,0.5,False,0.02441812012259843,0.03375991179044204,True,-0.009341791667843612
v5_30m__entry_sma_50__exit_macd_6_13_5__entry_hours_0p5__exit_hours_0p5,sma_50__macd_6_13_5,SMA/MACD,sma_50,macd_6_13_5,0.5,False,-0.40486506227652985,-0.3140234134050947,True,-0.09084164887143514
v5_30m__entry_sma_50__exit_macd_96_208_72__entry_hours_0p5__exit_hours_0p5,sma_50__macd_96_208_72,SMA/MACD,sma_50,macd_96_208_72,0.5,False,0.14463778275354877,0.1456139689034943,True,-0.0009761861499455182
v5_30m__entry_sma_50__exit_sma_10__entry_hours_0p5__exit_hours_0p5,sma_50__sma_10,SMA/SMA,sma_50,sma_10,0.5,False,-0.19439599067635027,-0.22944804227899032,True,0.03505205160264005
v5_30m__entry_sma_50__exit_sma_100__entry_hours_0p5__exit_hours_0p5,sma_50__sma_100,SMA/SMA,sma_50,sma_100,0.5,False,0.13730098583424719,0.1616540292987374,True,-0.024353043464490215
v5_30m__entry_sma_50__exit_sma_20__entry_hours_0p5__exit_hours_0p5,sma_50__sma_20,SMA/SMA,sma_50,sma_20,0.5,False,0.156811856635006,0.2593123638451282,True,-0.10250050721012219
v5_30m__entry_sma_50__exit_sma_200__entry_hours_0p5__exit_hours_0p5,sma_50__sma_200,SMA/SMA,sma_50,sma_200,0.5,False,0.11867053385363917,0.11800408284870101,True,0.0006664510049381595
v5_30m__entry_sma_50__exit_sma_250__entry_hours_0p5__exit_hours_0p5,sma_50__sma_250,SMA/SMA,sma_50,sma_250,0.5,False,0.3038644600532043,0.2759518636817017,True,0.027912596371502563
v5_30m__entry_sma_50__exit_sma_50__entry_hours_0p5__exit_hours_0p5,sma_50__sma_50,SMA/SMA,sma_50,sma_50,0.5,True,0.2341384494653301,0.1652563699705109,True,0.0688820794948192
v5_30m__entry_ema_100__exit_ema_10__entry_hours_1__exit_hours_1,ema_100__ema_10,EMA/EMA,ema_100,ema_10,1.0,False,0.006158858886310433,-0.0006079830197040435,True,0.006766841906014476
v5_30m__entry_ema_100__exit_ema_100__entry_hours_1__exit_hours_1,ema_100__ema_100,EMA/EMA,ema_100,ema_100,1.0,False,0.35497496488167596,0.26002747535994064,True,0.09494748952173532
v5_30m__entry_ema_100__exit_ema_20__entry_hours_1__exit_hours_1,ema_100__ema_20,EMA/EMA,ema_100,ema_20,1.0,False,0.158505146236701,0.24731206597189026,True,-0.08880691973518925
v5_30m__entry_ema_100__exit_ema_200__entry_hours_1__exit_hours_1,ema_100__ema_200,EMA/EMA,ema_100,ema_200,1.0,False,0.17825633275346023,0.15038308416861185,True,0.02787324858484838
v5_30m__entry_ema_100__exit_ema_250__entry_hours_1__exit_hours_1,ema_100__ema_250,EMA/EMA,ema_100,ema_250,1.0,False,0.24649878925935445,0.2048396593405551,True,0.04165912991879936
v5_30m__entry_ema_100__exit_ema_50__entry_hours_1__exit_hours_1,ema_100__ema_50,EMA/EMA,ema_100,ema_50,1.0,False,0.33794522959356016,0.3283270971041166,True,0.009618132489443543
v5_30m__entry_ema_100__exit_macd_12_26_9__entry_hours_1__exit_hours_1,ema_100__macd_12_26_9,EMA/MACD,ema_100,macd_12_26_9,1.0,False,0.054453209204520056,0.1110696443983843,True,-0.05661643519386425
v5_30m__entry_ema_100__exit_macd_24_52_18__entry_hours_1__exit_hours_1,ema_100__macd_24_52_18,EMA/MACD,ema_100,macd_24_52_18,1.0,False,0.059987853893551976,0.12828172443477173,True,-0.06829387054121976
v5_30m__entry_ema_100__exit_macd_48_104_36__entry_hours_1__exit_hours_1,ema_100__macd_48_104_36,EMA/MACD,ema_100,macd_48_104_36,1.0,False,0.2496875654427175,0.2839908383932107,True,-0.03430327295049321
v5_30m__entry_ema_100__exit_macd_6_13_5__entry_hours_1__exit_hours_1,ema_100__macd_6_13_5,EMA/MACD,ema_100,macd_6_13_5,1.0,False,-0.13713032329401,-0.27656485502109796,True,0.13943453172708795
v5_30m__entry_ema_100__exit_macd_96_208_72__entry_hours_1__exit_hours_1,ema_100__macd_96_208_72,EMA/MACD,ema_100,macd_96_208_72,1.0,False,0.3613876619015552,0.35977786496833447,True,0.0016097969332207196
v5_30m__entry_ema_100__exit_sma_10__entry_hours_1__exit_hours_1,ema_100__sma_10,EMA/SMA,ema_100,sma_10,1.0,False,-0.021583084659546697,-0.13929407390727558,True,0.11771098924772888
v5_30m__entry_ema_100__exit_sma_100__entry_hours_1__exit_hours_1,ema_100__sma_100,EMA/SMA,ema_100,sma_100,1.0,False,0.1928203085956815,0.22312607301458304,True,-0.030305764418901537
v5_30m__entry_ema_100__exit_sma_20__entry_hours_1__exit_hours_1,ema_100__sma_20,EMA/SMA,ema_100,sma_20,1.0,False,0.14964147441173536,0.26574609221734224,True,-0.11610461780560688
v5_30m__entry_ema_100__exit_sma_200__entry_hours_1__exit_hours_1,ema_100__sma_200,EMA/SMA,ema_100,sma_200,1.0,False,0.1577910698243009,0.15294067917570942,True,0.004850390648591496
v5_30m__entry_ema_100__exit_sma_250__entry_hours_1__exit_hours_1,ema_100__sma_250,EMA/SMA,ema_100,sma_250,1.0,False,0.3217375940080132,0.2681067214191236,True,0.0536308725888896
v5_30m__entry_ema_100__exit_sma_50__entry_hours_1__exit_hours_1,ema_100__sma_50,EMA/SMA,ema_100,sma_50,1.0,True,0.41980113342675673,0.3543849174179127,True,0.06541621600884401
v5_30m__entry_ema_10__exit_ema_10__entry_hours_1__exit_hours_1,ema_10__ema_10,EMA/EMA,ema_10,ema_10,1.0,False,0.10171474698344306,0.04238228775696942,True,0.059332459226473636
v5_30m__entry_ema_10__exit_ema_100__entry_hours_1__exit_hours_1,ema_10__ema_100,EMA/EMA,ema_10,ema_100,1.0,True,0.43448104577959157,0.28292642504301196,True,0.1515546207365796
v5_30m__entry_ema_10__exit_ema_20__entry_hours_1__exit_hours_1,ema_10__ema_20,EMA/EMA,ema_10,ema_20,1.0,False,0.22332584472871814,0.4074960362135531,True,-0.184170191484835
v5_30m__entry_ema_10__exit_ema_200__entry_hours_1__exit_hours_1,ema_10__ema_200,EMA/EMA,ema_10,ema_200,1.0,False,0.3024968913504821,0.24679641125008211,True,0.05570048010039996
v5_30m__entry_ema_10__exit_ema_250__entry_hours_1__exit_hours_1,ema_10__ema_250,EMA/EMA,ema_10,ema_250,1.0,False,0.30162791515606086,0.2535970817655029,True,0.04803083339055797
v5_30m__entry_ema_10__exit_ema_50__entry_hours_1__exit_hours_1,ema_10__ema_50,EMA/EMA,ema_10,ema_50,1.0,False,0.18812747060688761,0.29332963587277333,True,-0.10520216526588572
v5_30m__entry_ema_10__exit_macd_12_26_9__entry_hours_1__exit_hours_1,ema_10__macd_12_26_9,EMA/MACD,ema_10,macd_12_26_9,1.0,False,-0.019010738192809,0.04448900367367532,True,-0.06349974186648433
v5_30m__entry_ema_10__exit_macd_24_52_18__entry_hours_1__exit_hours_1,ema_10__macd_24_52_18,EMA/MACD,ema_10,macd_24_52_18,1.0,False,-0.13327858854555075,-0.09447657861976214,True,-0.03880200992578861
v5_30m__entry_ema_10__exit_macd_48_104_36__entry_hours_1__exit_hours_1,ema_10__macd_48_104_36,EMA/MACD,ema_10,macd_48_104_36,1.0,False,0.04367362009570893,0.06041333402917477,True,-0.016739713933465843
v5_30m__entry_ema_10__exit_macd_6_13_5__entry_hours_1__exit_hours_1,ema_10__macd_6_13_5,EMA/MACD,ema_10,macd_6_13_5,1.0,False,-0.3229900617455722,-0.337329343855825,True,0.014339282110252816
v5_30m__entry_ema_10__exit_macd_96_208_72__entry_hours_1__exit_hours_1,ema_10__macd_96_208_72,EMA/MACD,ema_10,macd_96_208_72,1.0,False,0.15382260049741017,0.1701393409829781,True,-0.016316740485567915
v5_30m__entry_ema_10__exit_sma_10__entry_hours_1__exit_hours_1,ema_10__sma_10,EMA/SMA,ema_10,sma_10,1.0,False,-0.05399597731128522,-0.02027189997570593,True,-0.03372407733557929
v5_30m__entry_ema_10__exit_sma_100__entry_hours_1__exit_hours_1,ema_10__sma_100,EMA/SMA,ema_10,sma_100,1.0,False,0.14986030412071938,0.21723681396672326,True,-0.06737650984600388
v5_30m__entry_ema_10__exit_sma_20__entry_hours_1__exit_hours_1,ema_10__sma_20,EMA/SMA,ema_10,sma_20,1.0,True,0.29064503462342484,0.42097776631184786,True,-0.13033273168842302
v5_30m__entry_ema_10__exit_sma_200__entry_hours_1__exit_hours_1,ema_10__sma_200,EMA/SMA,ema_10,sma_200,1.0,False,0.16514728376848772,0.19696945041182182,True,-0.03182216664333409
v5_30m__entry_ema_10__exit_sma_250__entry_hours_1__exit_hours_1,ema_10__sma_250,EMA/SMA,ema_10,sma_250,1.0,False,0.310031427790236,0.3076816409695035,True,0.0023497868207325023
v5_30m__entry_ema_10__exit_sma_50__entry_hours_1__exit_hours_1,ema_10__sma_50,EMA/SMA,ema_10,sma_50,1.0,True,0.33204474432011644,0.33207476598594116,True,-3.002166582471988e-05
v5_30m__entry_ema_200__exit_ema_10__entry_hours_1__exit_hours_1,ema_200__ema_10,EMA/EMA,ema_200,ema_10,1.0,False,-0.05723703875235808,0.09988745464702359,True,-0.15712449339938167
v5_30m__entry_ema_200__exit_ema_100__entry_hours_1__exit_hours_1,ema_200__ema_100,EMA/EMA,ema_200,ema_100,1.0,True,0.42212382434968154,0.2473743971928503,True,0.17474942715683126
v5_30m__entry_ema_200__exit_ema_20__entry_hours_1__exit_hours_1,ema_200__ema_20,EMA/EMA,ema_200,ema_20,1.0,False,0.08007726295300951,0.1589425052753569,True,-0.07886524232234737
v5_30m__entry_ema_200__exit_ema_200__entry_hours_1__exit_hours_1,ema_200__ema_200,EMA/EMA,ema_200,ema_200,1.0,False,0.25610996914902445,0.1825266450478972,True,0.07358332410112725
v5_30m__entry_ema_200__exit_ema_250__entry_hours_1__exit_hours_1,ema_200__ema_250,EMA/EMA,ema_200,ema_250,1.0,False,0.2541445047800556,0.2549479211262679,True,-0.0008034163462122823
v5_30m__entry_ema_200__exit_ema_50__entry_hours_1__exit_hours_1,ema_200__ema_50,EMA/EMA,ema_200,ema_50,1.0,False,0.21174189985076436,0.190591816351735,True,0.02115008349902936
v5_30m__entry_ema_200__exit_macd_12_26_9__entry_hours_1__exit_hours_1,ema_200__macd_12_26_9,EMA/MACD,ema_200,macd_12_26_9,1.0,False,0.2958386360606119,0.2726890572681901,True,0.0231495787924218
v5_30m__entry_ema_200__exit_macd_24_52_18__entry_hours_1__exit_hours_1,ema_200__macd_24_52_18,EMA/MACD,ema_200,macd_24_52_18,1.0,False,0.009728765079735871,0.0022133693682327886,True,0.007515395711503082
v5_30m__entry_ema_200__exit_macd_48_104_36__entry_hours_1__exit_hours_1,ema_200__macd_48_104_36,EMA/MACD,ema_200,macd_48_104_36,1.0,False,0.2573309354920698,0.15829215559599513,True,0.09903877989607468
v5_30m__entry_ema_200__exit_macd_6_13_5__entry_hours_1__exit_hours_1,ema_200__macd_6_13_5,EMA/MACD,ema_200,macd_6_13_5,1.0,True,-0.04986811129689131,0.01374523804187511,True,-0.06361334933876642
v5_30m__entry_ema_200__exit_macd_96_208_72__entry_hours_1__exit_hours_1,ema_200__macd_96_208_72,EMA/MACD,ema_200,macd_96_208_72,1.0,True,0.535730888176613,0.4521443181480897,True,0.08358657002852327
v5_30m__entry_ema_200__exit_sma_10__entry_hours_1__exit_hours_1,ema_200__sma_10,EMA/SMA,ema_200,sma_10,1.0,False,-0.024575540364686486,0.043594792551802146,True,-0.06817033291648864
v5_30m__entry_ema_200__exit_sma_100__entry_hours_1__exit_hours_1,ema_200__sma_100,EMA/SMA,ema_200,sma_100,1.0,False,0.16887930935245887,0.10943336572303634,True,0.05944594362942253
v5_30m__entry_ema_200__exit_sma_20__entry_hours_1__exit_hours_1,ema_200__sma_20,EMA/SMA,ema_200,sma_20,1.0,False,0.0861627965092018,0.1978819181163215,True,-0.11171912160711969
v5_30m__entry_ema_200__exit_sma_200__entry_hours_1__exit_hours_1,ema_200__sma_200,EMA/SMA,ema_200,sma_200,1.0,False,0.27318638000349055,0.16939549064342743,True,0.10379088936006312
v5_30m__entry_ema_200__exit_sma_250__entry_hours_1__exit_hours_1,ema_200__sma_250,EMA/SMA,ema_200,sma_250,1.0,False,0.2840660289724678,0.295301844313221,True,-0.011235815340753186
v5_30m__entry_ema_200__exit_sma_50__entry_hours_1__exit_hours_1,ema_200__sma_50,EMA/SMA,ema_200,sma_50,1.0,True,0.3421619329365716,0.19608868657989567,True,0.14607324635667593
v5_30m__entry_ema_20__exit_ema_10__entry_hours_1__exit_hours_1,ema_20__ema_10,EMA/EMA,ema_20,ema_10,1.0,False,0.16473105565026927,0.11333849185533337,True,0.0513925637949359
v5_30m__entry_ema_20__exit_ema_100__entry_hours_1__exit_hours_1,ema_20__ema_100,EMA/EMA,ema_20,ema_100,1.0,True,0.4324978893816931,0.3084589117540858,True,0.1240389776276073
v5_30m__entry_ema_20__exit_ema_20__entry_hours_1__exit_hours_1,ema_20__ema_20,EMA/EMA,ema_20,ema_20,1.0,False,0.2606198435727457,0.33516626164033736,True,-0.07454641806759166
v5_30m__entry_ema_20__exit_ema_200__entry_hours_1__exit_hours_1,ema_20__ema_200,EMA/EMA,ema_20,ema_200,1.0,False,0.2525591151904275,0.19302553893031535,True,0.05953357626011216
v5_30m__entry_ema_20__exit_ema_250__entry_hours_1__exit_hours_1,ema_20__ema_250,EMA/EMA,ema_20,ema_250,1.0,False,0.31128096322626064,0.2693014992255929,True,0.041979464000667766
v5_30m__entry_ema_20__exit_ema_50__entry_hours_1__exit_hours_1,ema_20__ema_50,EMA/EMA,ema_20,ema_50,1.0,False,0.2023085995802878,0.2528875695267343,True,-0.050578969946446506
v5_30m__entry_ema_20__exit_macd_12_26_9__entry_hours_1__exit_hours_1,ema_20__macd_12_26_9,EMA/MACD,ema_20,macd_12_26_9,1.0,False,0.21460125348798925,0.032109806858264145,True,0.1824914466297251
v5_30m__entry_ema_20__exit_macd_24_52_18__entry_hours_1__exit_hours_1,ema_20__macd_24_52_18,EMA/MACD,ema_20,macd_24_52_18,1.0,False,-0.01375514197888534,-0.0326899165458147,True,0.01893477456692936
v5_30m__entry_ema_20__exit_macd_48_104_36__entry_hours_1__exit_hours_1,ema_20__macd_48_104_36,EMA/MACD,ema_20,macd_48_104_36,1.0,False,0.06336408619453056,0.06537010652989599,True,-0.002006020335365427
v5_30m__entry_ema_20__exit_macd_6_13_5__entry_hours_1__exit_hours_1,ema_20__macd_6_13_5,EMA/MACD,ema_20,macd_6_13_5,1.0,False,-0.010464360390409471,-0.11252877930989884,True,0.10206441891948936
v5_30m__entry_ema_20__exit_macd_96_208_72__entry_hours_1__exit_hours_1,ema_20__macd_96_208_72,EMA/MACD,ema_20,macd_96_208_72,1.0,False,0.15382260049741017,0.16489882865510538,True,-0.011076228157695212
v5_30m__entry_ema_20__exit_sma_10__entry_hours_1__exit_hours_1,ema_20__sma_10,EMA/SMA,ema_20,sma_10,1.0,False,0.12211904516117426,0.006178142283133949,True,0.11594090287804032
v5_30m__entry_ema_20__exit_sma_100__entry_hours_1__exit_hours_1,ema_20__sma_100,EMA/SMA,ema_20,sma_100,1.0,False,0.1389332152423413,0.23831683043913535,True,-0.09938361519679403
v5_30m__entry_ema_20__exit_sma_20__entry_hours_1__exit_hours_1,ema_20__sma_20,EMA/SMA,ema_20,sma_20,1.0,False,0.26378423471985,0.4204221554160418,True,-0.15663792069619176
v5_30m__entry_ema_20__exit_sma_200__entry_hours_1__exit_hours_1,ema_20__sma_200,EMA/SMA,ema_20,sma_200,1.0,False,0.1476099522908078,0.15903135902657678,True,-0.011421406735768969
v5_30m__entry_ema_20__exit_sma_250__entry_hours_1__exit_hours_1,ema_20__sma_250,EMA/SMA,ema_20,sma_250,1.0,False,0.3233290990971059,0.27327386820124583,True,0.05005523089586006
v5_30m__entry_ema_20__exit_sma_50__entry_hours_1__exit_hours_1,ema_20__sma_50,EMA/SMA,ema_20,sma_50,1.0,False,0.32968841900923146,0.2929388762492825,True,0.03674954275994896
v5_30m__entry_ema_250__exit_ema_10__entry_hours_1__exit_hours_1,ema_250__ema_10,EMA/EMA,ema_250,ema_10,1.0,False,0.029879806610627887,0.13538534402234675,True,-0.10550553741171886
v5_30m__entry_ema_250__exit_ema_100__entry_hours_1__exit_hours_1,ema_250__ema_100,EMA/EMA,ema_250,ema_100,1.0,True,0.3838652048566311,0.3545106767997482,True,0.029354528056882934
v5_30m__entry_ema_250__exit_ema_20__entry_hours_1__exit_hours_1,ema_250__ema_20,EMA/EMA,ema_250,ema_20,1.0,False,0.22962253162417412,0.24198167384301483,True,-0.012359142218840713
v5_30m__entry_ema_250__exit_ema_200__entry_hours_1__exit_hours_1,ema_250__ema_200,EMA/EMA,ema_250,ema_200,1.0,False,0.32249555349789,0.24453467116009633,True,0.07796088233779366
v5_30m__entry_ema_250__exit_ema_250__entry_hours_1__exit_hours_1,ema_250__ema_250,EMA/EMA,ema_250,ema_250,1.0,False,0.2354008148792335,0.2418391106175752,True,-0.006438295738341704
v5_30m__entry_ema_250__exit_ema_50__entry_hours_1__exit_hours_1,ema_250__ema_50,EMA/EMA,ema_250,ema_50,1.0,False,0.26185348733786923,0.3019856816831141,True,-0.0401321943452449
v5_30m__entry_ema_250__exit_macd_12_26_9__entry_hours_1__exit_hours_1,ema_250__macd_12_26_9,EMA/MACD,ema_250,macd_12_26_9,1.0,True,0.35139933681391816,0.3004419828161448,True,0.05095735399777335
v5_30m__entry_ema_250__exit_macd_24_52_18__entry_hours_1__exit_hours_1,ema_250__macd_24_52_18,EMA/MACD,ema_250,macd_24_52_18,1.0,False,0.05629875893507073,0.06633157662185257,True,-0.010032817686781846
v5_30m__entry_ema_250__exit_macd_48_104_36__entry_hours_1__exit_hours_1,ema_250__macd_48_104_36,EMA/MACD,ema_250,macd_48_104_36,1.0,False,0.20562105920288332,0.23223936978870546,True,-0.026618310585822147
v5_30m__entry_ema_250__exit_macd_6_13_5__entry_hours_1__exit_hours_1,ema_250__macd_6_13_5,EMA/MACD,ema_250,macd_6_13_5,1.0,True,0.06423400452662992,0.004320951533029749,True,0.05991305299360017
v5_30m__entry_ema_250__exit_macd_96_208_72__entry_hours_1__exit_hours_1,ema_250__macd_96_208_72,EMA/MACD,ema_250,macd_96_208_72,1.0,True,0.4963550652569823,0.48169134509777994,True,0.014663720159202365
v5_30m__entry_ema_250__exit_sma_10__entry_hours_1__exit_hours_1,ema_250__sma_10,EMA/SMA,ema_250,sma_10,1.0,False,0.08136767247678872,0.08741208481457227,True,-0.00604441233778355
v5_30m__entry_ema_250__exit_sma_100__entry_hours_1__exit_hours_1,ema_250__sma_100,EMA/SMA,ema_250,sma_100,1.0,False,0.19877626836424864,0.23863835869141053,True,-0.0398620903271619
v5_30m__entry_ema_250__exit_sma_20__entry_hours_1__exit_hours_1,ema_250__sma_20,EMA/SMA,ema_250,sma_20,1.0,False,0.20132672950053143,0.292018940434404,True,-0.09069221093387259
v5_30m__entry_ema_250__exit_sma_200__entry_hours_1__exit_hours_1,ema_250__sma_200,EMA/SMA,ema_250,sma_200,1.0,False,0.22513053254477688,0.1399485000732323,True,0.08518203247154457
v5_30m__entry_ema_250__exit_sma_250__entry_hours_1__exit_hours_1,ema_250__sma_250,EMA/SMA,ema_250,sma_250,1.0,False,0.30628885519504806,0.27306904073857,True,0.033219814456478036
v5_30m__entry_ema_250__exit_sma_50__entry_hours_1__exit_hours_1,ema_250__sma_50,EMA/SMA,ema_250,sma_50,1.0,True,0.33473040604877186,0.24563342266915664,True,0.08909698337961522
v5_30m__entry_ema_50__exit_ema_10__entry_hours_1__exit_hours_1,ema_50__ema_10,EMA/EMA,ema_50,ema_10,1.0,False,-0.20275488557420732,-0.11883383465858063,True,-0.08392105091562668
v5_30m__entry_ema_50__exit_ema_100__entry_hours_1__exit_hours_1,ema_50__ema_100,EMA/EMA,ema_50,ema_100,1.0,True,0.3957496442063942,0.31280924482724637,True,0.08294039937914782
v5_30m__entry_ema_50__exit_ema_20__entry_hours_1__exit_hours_1,ema_50__ema_20,EMA/EMA,ema_50,ema_20,1.0,False,-0.011267868254407723,0.13835396155375768,True,-0.1496218298081654
v5_30m__entry_ema_50__exit_ema_200__entry_hours_1__exit_hours_1,ema_50__ema_200,EMA/EMA,ema_50,ema_200,1.0,False,0.21530678392100408,0.17224309443874863,True,0.043063689482255446
v5_30m__entry_ema_50__exit_ema_250__entry_hours_1__exit_hours_1,ema_50__ema_250,EMA/EMA,ema_50,ema_250,1.0,False,0.23353136861486706,0.2434381516390642,True,-0.009906783024197147
v5_30m__entry_ema_50__exit_ema_50__entry_hours_1__exit_hours_1,ema_50__ema_50,EMA/EMA,ema_50,ema_50,1.0,False,0.2459029260605443,0.19138391838000113,True,0.054519007680543186
v5_30m__entry_ema_50__exit_macd_12_26_9__entry_hours_1__exit_hours_1,ema_50__macd_12_26_9,EMA/MACD,ema_50,macd_12_26_9,1.0,False,0.03965121012708557,0.037349799948385165,True,0.0023014101787004054
v5_30m__entry_ema_50__exit_macd_24_52_18__entry_hours_1__exit_hours_1,ema_50__macd_24_52_18,EMA/MACD,ema_50,macd_24_52_18,1.0,False,-0.09062337934279308,-0.0733129922661896,True,-0.01731038707660347
v5_30m__entry_ema_50__exit_macd_48_104_36__entry_hours_1__exit_hours_1,ema_50__macd_48_104_36,EMA/MACD,ema_50,macd_48_104_36,1.0,False,-0.023947288228194537,0.0026057337369784633,True,-0.026553021965173
v5_30m__entry_ema_50__exit_macd_6_13_5__entry_hours_1__exit_hours_1,ema_50__macd_6_13_5,EMA/MACD,ema_50,macd_6_13_5,1.0,False,-0.4036609462366165,-0.23606243051252473,True,-0.1675985157240918
v5_30m__entry_ema_50__exit_macd_96_208_72__entry_hours_1__exit_hours_1,ema_50__macd_96_208_72,EMA/MACD,ema_50,macd_96_208_72,1.0,False,0.13281070429843794,0.1477677931427919,True,-0.014957088844353955
v5_30m__entry_ema_50__exit_sma_10__entry_hours_1__exit_hours_1,ema_50__sma_10,EMA/SMA,ema_50,sma_10,1.0,False,-0.24809189598571088,-0.1589736820920096,True,-0.08911821389370128
v5_30m__entry_ema_50__exit_sma_100__entry_hours_1__exit_hours_1,ema_50__sma_100,EMA/SMA,ema_50,sma_100,1.0,False,0.1478703256919365,0.21708323404220775,True,-0.06921290835027125
v5_30m__entry_ema_50__exit_sma_20__entry_hours_1__exit_hours_1,ema_50__sma_20,EMA/SMA,ema_50,sma_20,1.0,False,0.03830093292190221,0.25506146671504637,True,-0.21676053379314417
v5_30m__entry_ema_50__exit_sma_200__entry_hours_1__exit_hours_1,ema_50__sma_200,EMA/SMA,ema_50,sma_200,1.0,False,0.15970630837581185,0.17638623451869018,True,-0.016679926142878332
v5_30m__entry_ema_50__exit_sma_250__entry_hours_1__exit_hours_1,ema_50__sma_250,EMA/SMA,ema_50,sma_250,1.0,False,0.29912755733190366,0.275892013050645,True,0.02323554428125868
v5_30m__entry_ema_50__exit_sma_50__entry_hours_1__exit_hours_1,ema_50__sma_50,EMA/SMA,ema_50,sma_50,1.0,False,0.20925132223150464,0.21178143894773113,True,-0.0025301167162264937
v5_30m__entry_macd_12_26_9__exit_ema_10__entry_hours_1__exit_hours_1,macd_12_26_9__ema_10,MACD/EMA,macd_12_26_9,ema_10,1.0,False,0.2133020192006997,0.09667237840179971,True,0.11662964079889998
v5_30m__entry_macd_12_26_9__exit_ema_100__entry_hours_1__exit_hours_1,macd_12_26_9__ema_100,MACD/EMA,macd_12_26_9,ema_100,1.0,True,0.3742708158009004,0.2519950113135395,True,0.12227580448736086
v5_30m__entry_macd_12_26_9__exit_ema_20__entry_hours_1__exit_hours_1,macd_12_26_9__ema_20,MACD/EMA,macd_12_26_9,ema_20,1.0,False,0.23153763688246334,0.3493518170015414,True,-0.11781418011907804
v5_30m__entry_macd_12_26_9__exit_ema_200__entry_hours_1__exit_hours_1,macd_12_26_9__ema_200,MACD/EMA,macd_12_26_9,ema_200,1.0,False,0.2852945711089656,0.23079648399291705,True,0.05449808711604856
v5_30m__entry_macd_12_26_9__exit_ema_250__entry_hours_1__exit_hours_1,macd_12_26_9__ema_250,MACD/EMA,macd_12_26_9,ema_250,1.0,False,0.22329122637498997,0.1838063064624598,True,0.03948491991253017
v5_30m__entry_macd_12_26_9__exit_ema_50__entry_hours_1__exit_hours_1,macd_12_26_9__ema_50,MACD/EMA,macd_12_26_9,ema_50,1.0,False,0.18788860890041628,0.19839467366397762,True,-0.010506064763561335
v5_30m__entry_macd_12_26_9__exit_macd_12_26_9__entry_hours_1__exit_hours_1,macd_12_26_9__macd_12_26_9,MACD/MACD,macd_12_26_9,macd_12_26_9,1.0,False,-0.05281722303676057,-0.05015681922882513,True,-0.0026604038079354395
v5_30m__entry_macd_12_26_9__exit_macd_24_52_18__entry_hours_1__exit_hours_1,macd_12_26_9__macd_24_52_18,MACD/MACD,macd_12_26_9,macd_24_52_18,1.0,False,-0.1151781790563386,-0.09729091902528748,True,-0.017887260031051122
v5_30m__entry_macd_12_26_9__exit_macd_48_104_36__entry_hours_1__exit_hours_1,macd_12_26_9__macd_48_104_36,MACD/MACD,macd_12_26_9,macd_48_104_36,1.0,False,0.056215639721322014,0.0645230696217943,True,-0.008307429900472285
v5_30m__entry_macd_12_26_9__exit_macd_6_13_5__entry_hours_1__exit_hours_1,macd_12_26_9__macd_6_13_5,MACD/MACD,macd_12_26_9,macd_6_13_5,1.0,False,-0.04591133302827721,-0.03804642279195789,True,-0.007864910236319321
v5_30m__entry_macd_12_26_9__exit_macd_96_208_72__entry_hours_1__exit_hours_1,macd_12_26_9__macd_96_208_72,MACD/MACD,macd_12_26_9,macd_96_208_72,1.0,True,0.17216516430398013,0.18932454793521306,True,-0.017159383631232927
v5_30m__entry_macd_12_26_9__exit_sma_10__entry_hours_1__exit_hours_1,macd_12_26_9__sma_10,MACD/SMA,macd_12_26_9,sma_10,1.0,False,0.10551868826461283,0.014384966182920485,True,0.09113372208169235
v5_30m__entry_macd_12_26_9__exit_sma_100__entry_hours_1__exit_hours_1,macd_12_26_9__sma_100,MACD/SMA,macd_12_26_9,sma_100,1.0,False,0.17403096683478164,0.18305796985185535,True,-0.00902700301707371
v5_30m__entry_macd_12_26_9__exit_sma_20__entry_hours_1__exit_hours_1,macd_12_26_9__sma_20,MACD/SMA,macd_12_26_9,sma_20,1.0,False,0.2527123377549452,0.2757097708180151,True,-0.022997433063069894
v5_30m__entry_macd_12_26_9__exit_sma_200__entry_hours_1__exit_hours_1,macd_12_26_9__sma_200,MACD/SMA,macd_12_26_9,sma_200,1.0,False,0.2159429619839851,0.1593953508049668,True,0.0565476111790183
v5_30m__entry_macd_12_26_9__exit_sma_250__entry_hours_1__exit_hours_1,macd_12_26_9__sma_250,MACD/SMA,macd_12_26_9,sma_250,1.0,False,0.3195201110958734,0.23313442889803296,True,0.08638568219784046
v5_30m__entry_macd_12_26_9__exit_sma_50__entry_hours_1__exit_hours_1,macd_12_26_9__sma_50,MACD/SMA,macd_12_26_9,sma_50,1.0,True,0.2852656368516965,0.30197418064047843,True,-0.01670854378878195
v5_30m__entry_macd_24_52_18__exit_ema_10__entry_hours_1__exit_hours_1,macd_24_52_18__ema_10,MACD/EMA,macd_24_52_18,ema_10,1.0,False,-0.0942684055518577,-0.17729919477407613,True,0.08303078922221843
v5_30m__entry_macd_24_52_18__exit_ema_100__entry_hours_1__exit_hours_1,macd_24_52_18__ema_100,MACD/EMA,macd_24_52_18,ema_100,1.0,True,0.3454546936255719,0.34588549350256825,True,-0.00043079987699634614
v5_30m__entry_macd_24_52_18__exit_ema_20__entry_hours_1__exit_hours_1,macd_24_52_18__ema_20,MACD/EMA,macd_24_52_18,ema_20,1.0,False,0.15082208215640658,0.08823242655205842,True,0.06258965560434816
v5_30m__entry_macd_24_52_18__exit_ema_200__entry_hours_1__exit_hours_1,macd_24_52_18__ema_200,MACD/EMA,macd_24_52_18,ema_200,1.0,False,0.1387471768511477,0.038576601851310864,True,0.10017057499983684
v5_30m__entry_macd_24_52_18__exit_ema_250__entry_hours_1__exit_hours_1,macd_24_52_18__ema_250,MACD/EMA,macd_24_52_18,ema_250,1.0,False,0.27302435651067675,0.21813457779921872,True,0.05488977871145803
v5_30m__entry_macd_24_52_18__exit_ema_50__entry_hours_1__exit_hours_1,macd_24_52_18__ema_50,MACD/EMA,macd_24_52_18,ema_50,1.0,False,0.1705435446385613,0.19567372070025785,True,-0.02513017606169654
v5_30m__entry_macd_24_52_18__exit_macd_12_26_9__entry_hours_1__exit_hours_1,macd_24_52_18__macd_12_26_9,MACD/MACD,macd_24_52_18,macd_12_26_9,1.0,False,-0.1273624673137508,-0.13901978476403284,True,0.011657317450282034
v5_30m__entry_macd_24_52_18__exit_macd_24_52_18__entry_hours_1__exit_hours_1,macd_24_52_18__macd_24_52_18,MACD/MACD,macd_24_52_18,macd_24_52_18,1.0,False,-0.1758786888294588,-0.12124680179990625,True,-0.05463188702955256
v5_30m__entry_macd_24_52_18__exit_macd_48_104_36__entry_hours_1__exit_hours_1,macd_24_52_18__macd_48_104_36,MACD/MACD,macd_24_52_18,macd_48_104_36,1.0,False,0.05950600582270662,0.06348267292164896,True,-0.003976667098942337
v5_30m__entry_macd_24_52_18__exit_macd_6_13_5__entry_hours_1__exit_hours_1,macd_24_52_18__macd_6_13_5,MACD/MACD,macd_24_52_18,macd_6_13_5,1.0,False,-0.23688280672961293,-0.22124770582046516,True,-0.01563510090914777
v5_30m__entry_macd_24_52_18__exit_macd_96_208_72__entry_hours_1__exit_hours_1,macd_24_52_18__macd_96_208_72,MACD/MACD,macd_24_52_18,macd_96_208_72,1.0,False,0.15382260049741017,0.16489882865510538,True,-0.011076228157695212
v5_30m__entry_macd_24_52_18__exit_sma_10__entry_hours_1__exit_hours_1,macd_24_52_18__sma_10,MACD/SMA,macd_24_52_18,sma_10,1.0,False,-0.11906002870106674,-0.2527660457993101,True,0.13370601709824337
v5_30m__entry_macd_24_52_18__exit_sma_100__entry_hours_1__exit_hours_1,macd_24_52_18__sma_100,MACD/SMA,macd_24_52_18,sma_100,1.0,False,0.2229908503265559,0.2815835691692267,True,-0.05859271884267081
v5_30m__entry_macd_24_52_18__exit_sma_20__entry_hours_1__exit_hours_1,macd_24_52_18__sma_20,MACD/SMA,macd_24_52_18,sma_20,1.0,False,0.12605377732445874,0.14407231228142342,True,-0.018018534956964677
v5_30m__entry_macd_24_52_18__exit_sma_200__entry_hours_1__exit_hours_1,macd_24_52_18__sma_200,MACD/SMA,macd_24_52_18,sma_200,1.0,False,0.13381016435378462,0.05373798559744341,True,0.0800721787563412
v5_30m__entry_macd_24_52_18__exit_sma_250__entry_hours_1__exit_hours_1,macd_24_52_18__sma_250,MACD/SMA,macd_24_52_18,sma_250,1.0,True,0.3767662561322569,0.2624020855323676,True,0.11436417059988929
v5_30m__entry_macd_24_52_18__exit_sma_50__entry_hours_1__exit_hours_1,macd_24_52_18__sma_50,MACD/SMA,macd_24_52_18,sma_50,1.0,False,0.2550732972616311,0.1924333058867206,True,0.06263999137491047
v5_30m__entry_macd_48_104_36__exit_ema_10__entry_hours_1__exit_hours_1,macd_48_104_36__ema_10,MACD/EMA,macd_48_104_36,ema_10,1.0,False,0.04909181866162328,0.03448760042492447,True,0.014604218236698809
v5_30m__entry_macd_48_104_36__exit_ema_100__entry_hours_1__exit_hours_1,macd_48_104_36__ema_100,MACD/EMA,macd_48_104_36,ema_100,1.0,False,0.3025208184709439,0.2485118872003444,True,0.054008931270599525
v5_30m__entry_macd_48_104_36__exit_ema_20__entry_hours_1__exit_hours_1,macd_48_104_36__ema_20,MACD/EMA,macd_48_104_36,ema_20,1.0,False,0.1895054651055198,0.1589579519004396,True,0.0305475132050802
v5_30m__entry_macd_48_104_36__exit_ema_200__entry_hours_1__exit_hours_1,macd_48_104_36__ema_200,MACD/EMA,macd_48_104_36,ema_200,1.0,False,0.13020352165173352,0.12368352574334625,True,0.006519995908387269
v5_30m__entry_macd_48_104_36__exit_ema_250__entry_hours_1__exit_hours_1,macd_48_104_36__ema_250,MACD/EMA,macd_48_104_36,ema_250,1.0,False,0.14539503665112252,0.15084058222576516,True,-0.005445545574642635
v5_30m__entry_macd_48_104_36__exit_ema_50__entry_hours_1__exit_hours_1,macd_48_104_36__ema_50,MACD/EMA,macd_48_104_36,ema_50,1.0,False,0.2671486369229301,0.15165428497255848,True,0.11549435195037164
v5_30m__entry_macd_48_104_36__exit_macd_12_26_9__entry_hours_1__exit_hours_1,macd_48_104_36__macd_12_26_9,MACD/MACD,macd_48_104_36,macd_12_26_9,1.0,False,-0.04799715056225704,-0.09492820142784347,True,0.04693105086558643
v5_30m__entry_macd_48_104_36__exit_macd_24_52_18__entry_hours_1__exit_hours_1,macd_48_104_36__macd_24_52_18,MACD/MACD,macd_48_104_36,macd_24_52_18,1.0,False,-0.06376846800343794,-0.0593564494637505,True,-0.004412018539687437
v5_30m__entry_macd_48_104_36__exit_macd_48_104_36__entry_hours_1__exit_hours_1,macd_48_104_36__macd_48_104_36,MACD/MACD,macd_48_104_36,macd_48_104_36,1.0,False,0.06165070583206141,0.059038478179540874,True,0.0026122276525205393
v5_30m__entry_macd_48_104_36__exit_macd_6_13_5__entry_hours_1__exit_hours_1,macd_48_104_36__macd_6_13_5,MACD/MACD,macd_48_104_36,macd_6_13_5,1.0,False,-0.3877644509403203,-0.24994494313057333,True,-0.13781950780974697
v5_30m__entry_macd_48_104_36__exit_macd_96_208_72__entry_hours_1__exit_hours_1,macd_48_104_36__macd_96_208_72,MACD/MACD,macd_48_104_36,macd_96_208_72,1.0,True,0.15675357120301178,0.1780850318940042,True,-0.021331460690992426
v5_30m__entry_macd_48_104_36__exit_sma_10__entry_hours_1__exit_hours_1,macd_48_104_36__sma_10,MACD/SMA,macd_48_104_36,sma_10,1.0,False,-0.06411994378726404,-0.15298304419964567,True,0.08886310041238163
v5_30m__entry_macd_48_104_36__exit_sma_100__entry_hours_1__exit_hours_1,macd_48_104_36__sma_100,MACD/SMA,macd_48_104_36,sma_100,1.0,False,0.18995668452513495,0.20688133291105346,True,-0.016924648385918506
v5_30m__entry_macd_48_104_36__exit_sma_20__entry_hours_1__exit_hours_1,macd_48_104_36__sma_20,MACD/SMA,macd_48_104_36,sma_20,1.0,False,0.14862641022762563,0.2527713749066454,True,-0.10414496467901979
v5_30m__entry_macd_48_104_36__exit_sma_200__entry_hours_1__exit_hours_1,macd_48_104_36__sma_200,MACD/SMA,macd_48_104_36,sma_200,1.0,False,0.056144909272038496,0.08380688632393145,True,-0.027661977051892953
v5_30m__entry_macd_48_104_36__exit_sma_250__entry_hours_1__exit_hours_1,macd_48_104_36__sma_250,MACD/SMA,macd_48_104_36,sma_250,1.0,False,0.2850386764879447,0.2563091465984941,True,0.0287295298894506
v5_30m__entry_macd_48_104_36__exit_sma_50__entry_hours_1__exit_hours_1,macd_48_104_36__sma_50,MACD/SMA,macd_48_104_36,sma_50,1.0,False,0.2019087441955331,0.13424332681152007,True,0.06766541738401302
v5_30m__entry_macd_6_13_5__exit_ema_10__entry_hours_1__exit_hours_1,macd_6_13_5__ema_10,MACD/EMA,macd_6_13_5,ema_10,1.0,False,0.0975667625220086,-0.09518555692943119,True,0.19275231945143978
v5_30m__entry_macd_6_13_5__exit_ema_100__entry_hours_1__exit_hours_1,macd_6_13_5__ema_100,MACD/EMA,macd_6_13_5,ema_100,1.0,False,0.3249151333504341,0.20905005498886176,True,0.11586507836157234
v5_30m__entry_macd_6_13_5__exit_ema_20__entry_hours_1__exit_hours_1,macd_6_13_5__ema_20,MACD/EMA,macd_6_13_5,ema_20,1.0,False,0.19202185324413756,0.3932842103998786,True,-0.20126235715574103
v5_30m__entry_macd_6_13_5__exit_ema_200__entry_hours_1__exit_hours_1,macd_6_13_5__ema_200,MACD/EMA,macd_6_13_5,ema_200,1.0,False,0.30958691234382396,0.28673791590516057,True,0.022848996438663394
v5_30m__entry_macd_6_13_5__exit_ema_250__entry_hours_1__exit_hours_1,macd_6_13_5__ema_250,MACD/EMA,macd_6_13_5,ema_250,1.0,True,0.2699542899079738,0.2357207832752722,True,0.03423350663270161
v5_30m__entry_macd_6_13_5__exit_ema_50__entry_hours_1__exit_hours_1,macd_6_13_5__ema_50,MACD/EMA,macd_6_13_5,ema_50,1.0,False,0.1756244437309754,0.2916194114240565,True,-0.1159949676930811
v5_30m__entry_macd_6_13_5__exit_macd_12_26_9__entry_hours_1__exit_hours_1,macd_6_13_5__macd_12_26_9,MACD/MACD,macd_6_13_5,macd_12_26_9,1.0,False,0.05721001437266939,0.02305298574551216,True,0.034157028627157235
v5_30m__entry_macd_6_13_5__exit_macd_24_52_18__entry_hours_1__exit_hours_1,macd_6_13_5__macd_24_52_18,MACD/MACD,macd_6_13_5,macd_24_52_18,1.0,False,-0.10659174961985957,-0.08478910274393897,True,-0.021802646875920595
v5_30m__entry_macd_6_13_5__exit_macd_48_104_36__entry_hours_1__exit_hours_1,macd_6_13_5__macd_48_104_36,MACD/MACD,macd_6_13_5,macd_48_104_36,1.0,False,0.05355591922626194,0.0808892648389764,True,-0.027333345612714464
v5_30m__entry_macd_6_13_5__exit_macd_6_13_5__entry_hours_1__exit_hours_1,macd_6_13_5__macd_6_13_5,MACD/MACD,macd_6_13_5,macd_6_13_5,1.0,False,-0.32023107987490324,-0.19194352131521258,True,-0.12828755855969065
v5_30m__entry_macd_6_13_5__exit_macd_96_208_72__entry_hours_1__exit_hours_1,macd_6_13_5__macd_96_208_72,MACD/MACD,macd_6_13_5,macd_96_208_72,1.0,False,0.13853943763797355,0.16503114378334596,True,-0.026491706145372412
v5_30m__entry_macd_6_13_5__exit_sma_10__entry_hours_1__exit_hours_1,macd_6_13_5__sma_10,MACD/SMA,macd_6_13_5,sma_10,1.0,False,-0.21166096161550108,-0.06135077599801717,True,-0.1503101856174839
v5_30m__entry_macd_6_13_5__exit_sma_100__entry_hours_1__exit_hours_1,macd_6_13_5__sma_100,MACD/SMA,macd_6_13_5,sma_100,1.0,False,0.0712920394766533,0.11466980414669015,True,-0.043377764670036845
v5_30m__entry_macd_6_13_5__exit_sma_20__entry_hours_1__exit_hours_1,macd_6_13_5__sma_20,MACD/SMA,macd_6_13_5,sma_20,1.0,False,0.2990817706073516,0.31445977057862495,True,-0.01537799997127337
v5_30m__entry_macd_6_13_5__exit_sma_200__entry_hours_1__exit_hours_1,macd_6_13_5__sma_200,MACD/SMA,macd_6_13_5,sma_200,1.0,False,0.2224352591238302,0.14170203850062213,True,0.08073322062320806
v5_30m__entry_macd_6_13_5__exit_sma_250__entry_hours_1__exit_hours_1,macd_6_13_5__sma_250,MACD/SMA,macd_6_13_5,sma_250,1.0,False,0.3428138488181805,0.2699246235264358,True,0.07288922529174469
v5_30m__entry_macd_6_13_5__exit_sma_50__entry_hours_1__exit_hours_1,macd_6_13_5__sma_50,MACD/SMA,macd_6_13_5,sma_50,1.0,False,0.3206969480119587,0.3373352045939966,True,-0.01663825658203788
v5_30m__entry_macd_96_208_72__exit_ema_10__entry_hours_1__exit_hours_1,macd_96_208_72__ema_10,MACD/EMA,macd_96_208_72,ema_10,1.0,False,0.02352480370708537,0.15066532983641298,True,-0.1271405261293276
v5_30m__entry_macd_96_208_72__exit_ema_100__entry_hours_1__exit_hours_1,macd_96_208_72__ema_100,MACD/EMA,macd_96_208_72,ema_100,1.0,True,0.4046098518316282,0.24876418537290512,True,0.15584566645872305
v5_30m__entry_macd_96_208_72__exit_ema_20__entry_hours_1__exit_hours_1,macd_96_208_72__ema_20,MACD/EMA,macd_96_208_72,ema_20,1.0,False,0.16205947496156078,0.3006826338687007,True,-0.13862315890713992
v5_30m__entry_macd_96_208_72__exit_ema_200__entry_hours_1__exit_hours_1,macd_96_208_72__ema_200,MACD/EMA,macd_96_208_72,ema_200,1.0,True,0.3419443079824009,0.2486568790396074,True,0.09328742894279349
v5_30m__entry_macd_96_208_72__exit_ema_250__entry_hours_1__exit_hours_1,macd_96_208_72__ema_250,MACD/EMA,macd_96_208_72,ema_250,1.0,False,0.3135008994109508,0.30133914433361414,True,0.012161755077336633
v5_30m__entry_macd_96_208_72__exit_ema_50__entry_hours_1__exit_hours_1,macd_96_208_72__ema_50,MACD/EMA,macd_96_208_72,ema_50,1.0,False,0.3432015303031558,0.2835095290459566,True,0.0596920012571992
v5_30m__entry_macd_96_208_72__exit_macd_12_26_9__entry_hours_1__exit_hours_1,macd_96_208_72__macd_12_26_9,MACD/MACD,macd_96_208_72,macd_12_26_9,1.0,True,0.10138636754939664,0.1278668706026702,True,-0.02648050305327357
v5_30m__entry_macd_96_208_72__exit_macd_24_52_18__entry_hours_1__exit_hours_1,macd_96_208_72__macd_24_52_18,MACD/MACD,macd_96_208_72,macd_24_52_18,1.0,False,0.018997583227508854,0.004733282577231128,True,0.014264300650277726
v5_30m__entry_macd_96_208_72__exit_macd_48_104_36__entry_hours_1__exit_hours_1,macd_96_208_72__macd_48_104_36,MACD/MACD,macd_96_208_72,macd_48_104_36,1.0,True,0.23478854605759764,0.24574763724732063,True,-0.010959091189722991
v5_30m__entry_macd_96_208_72__exit_macd_6_13_5__entry_hours_1__exit_hours_1,macd_96_208_72__macd_6_13_5,MACD/MACD,macd_96_208_72,macd_6_13_5,1.0,False,-0.09357613695523131,-0.009116973083050206,True,-0.08445916387218111
v5_30m__entry_macd_96_208_72__exit_macd_96_208_72__entry_hours_1__exit_hours_1,macd_96_208_72__macd_96_208_72,MACD/MACD,macd_96_208_72,macd_96_208_72,1.0,True,0.15227688887200752,0.1605682318828898,True,-0.008291343010882274
v5_30m__entry_macd_96_208_72__exit_sma_10__entry_hours_1__exit_hours_1,macd_96_208_72__sma_10,MACD/SMA,macd_96_208_72,sma_10,1.0,False,0.026119132893692148,0.009673866296208254,True,0.016445266597483896
v5_30m__entry_macd_96_208_72__exit_sma_100__entry_hours_1__exit_hours_1,macd_96_208_72__sma_100,MACD/SMA,macd_96_208_72,sma_100,1.0,True,0.22486082920813466,0.23415642261128206,True,-0.009295593403147395
v5_30m__entry_macd_96_208_72__exit_sma_20__entry_hours_1__exit_hours_1,macd_96_208_72__sma_20,MACD/SMA,macd_96_208_72,sma_20,1.0,False,0.20670993152367553,0.31773684879009023,True,-0.1110269172664147
v5_30m__entry_macd_96_208_72__exit_sma_200__entry_hours_1__exit_hours_1,macd_96_208_72__sma_200,MACD/SMA,macd_96_208_72,sma_200,1.0,True,0.3714840898751774,0.30563219290983745,True,0.06585189696533994
v5_30m__entry_macd_96_208_72__exit_sma_250__entry_hours_1__exit_hours_1,macd_96_208_72__sma_250,MACD/SMA,macd_96_208_72,sma_250,1.0,False,0.33852669066452,0.3218964496759517,True,0.0166302409885683
v5_30m__entry_macd_96_208_72__exit_sma_50__entry_hours_1__exit_hours_1,macd_96_208_72__sma_50,MACD/SMA,macd_96_208_72,sma_50,1.0,True,0.36189540009293986,0.3214393896303881,True,0.04045601046255176
v5_30m__entry_sma_100__exit_ema_10__entry_hours_1__exit_hours_1,sma_100__ema_10,SMA/EMA,sma_100,ema_10,1.0,False,-0.14815855476440584,-0.0477304623622807,True,-0.10042809240212514
v5_30m__entry_sma_100__exit_ema_100__entry_hours_1__exit_hours_1,sma_100__ema_100,SMA/EMA,sma_100,ema_100,1.0,False,0.3007819775296015,0.2367142444866327,True,0.06406773304296881
v5_30m__entry_sma_100__exit_ema_20__entry_hours_1__exit_hours_1,sma_100__ema_20,SMA/EMA,sma_100,ema_20,1.0,False,-0.023668970654507418,0.14972042322937665,True,-0.17338939388388408
v5_30m__entry_sma_100__exit_ema_200__entry_hours_1__exit_hours_1,sma_100__ema_200,SMA/EMA,sma_100,ema_200,1.0,False,0.11597699913666798,0.13050843463565556,True,-0.014531435498987583
v5_30m__entry_sma_100__exit_ema_250__entry_hours_1__exit_hours_1,sma_100__ema_250,SMA/EMA,sma_100,ema_250,1.0,False,0.17945852948404592,0.18603949674194095,True,-0.006580967257895032
v5_30m__entry_sma_100__exit_ema_50__entry_hours_1__exit_hours_1,sma_100__ema_50,SMA/EMA,sma_100,ema_50,1.0,False,0.1855496310507858,0.22471992147822725,True,-0.03917029042744144
v5_30m__entry_sma_100__exit_macd_12_26_9__entry_hours_1__exit_hours_1,sma_100__macd_12_26_9,SMA/MACD,sma_100,macd_12_26_9,1.0,False,-0.13217585021131384,-0.16859566809357193,True,0.03641981788225809
v5_30m__entry_sma_100__exit_macd_24_52_18__entry_hours_1__exit_hours_1,sma_100__macd_24_52_18,SMA/MACD,sma_100,macd_24_52_18,1.0,False,-0.1383854543276402,-0.1564919624751042,True,0.01810650814746398
v5_30m__entry_sma_100__exit_macd_48_104_36__entry_hours_1__exit_hours_1,sma_100__macd_48_104_36,SMA/MACD,sma_100,macd_48_104_36,1.0,True,0.012572795852251486,0.028749054769666597,True,-0.01617625891741511
v5_30m__entry_sma_100__exit_macd_6_13_5__entry_hours_1__exit_hours_1,sma_100__macd_6_13_5,SMA/MACD,sma_100,macd_6_13_5,1.0,False,-0.42828561977106,-0.3862908182941333,True,-0.04199480147692669
v5_30m__entry_sma_100__exit_macd_96_208_72__entry_hours_1__exit_hours_1,sma_100__macd_96_208_72,SMA/MACD,sma_100,macd_96_208_72,1.0,True,0.0970160668647614,0.10665873943651964,True,-0.009642672571758243
v5_30m__entry_sma_100__exit_sma_10__entry_hours_1__exit_hours_1,sma_100__sma_10,SMA/SMA,sma_100,sma_10,1.0,False,-0.19144029697346465,-0.16218815873068493,True,-0.029252138242779724
v5_30m__entry_sma_100__exit_sma_100__entry_hours_1__exit_hours_1,sma_100__sma_100,SMA/SMA,sma_100,sma_100,1.0,False,0.0920373005190363,0.12613850053571193,True,-0.03410120001667563
v5_30m__entry_sma_100__exit_sma_20__entry_hours_1__exit_hours_1,sma_100__sma_20,SMA/SMA,sma_100,sma_20,1.0,False,-0.023632137640461036,0.14539435143846427,True,-0.1690264890789253
v5_30m__entry_sma_100__exit_sma_200__entry_hours_1__exit_hours_1,sma_100__sma_200,SMA/SMA,sma_100,sma_200,1.0,False,0.11085903423333777,0.11362854354780044,True,-0.0027695093144626676
v5_30m__entry_sma_100__exit_sma_250__entry_hours_1__exit_hours_1,sma_100__sma_250,SMA/SMA,sma_100,sma_250,1.0,False,0.2924671453691674,0.27545934922334825,True,0.017007796145819154
v5_30m__entry_sma_100__exit_sma_50__entry_hours_1__exit_hours_1,sma_100__sma_50,SMA/SMA,sma_100,sma_50,1.0,True,0.2301880219211115,0.21285985836880875,True,0.017328163552302767
v5_30m__entry_sma_10__exit_ema_10__entry_hours_1__exit_hours_1,sma_10__ema_10,SMA/EMA,sma_10,ema_10,1.0,False,0.1612172276902425,-0.017663739448417964,True,0.17888096713866045
v5_30m__entry_sma_10__exit_ema_100__entry_hours_1__exit_hours_1,sma_10__ema_100,SMA/EMA,sma_10,ema_100,1.0,True,0.4207221769960245,0.2533153179256109,True,0.16740685907041358
v5_30m__entry_sma_10__exit_ema_20__entry_hours_1__exit_hours_1,sma_10__ema_20,SMA/EMA,sma_10,ema_20,1.0,False,0.262703135418526,0.3411043840613864,True,-0.07840124864286035
v5_30m__entry_sma_10__exit_ema_200__entry_hours_1__exit_hours_1,sma_10__ema_200,SMA/EMA,sma_10,ema_200,1.0,False,0.26517746622909233,0.23670739169878957,True,0.028470074530302758
v5_30m__entry_sma_10__exit_ema_250__entry_hours_1__exit_hours_1,sma_10__ema_250,SMA/EMA,sma_10,ema_250,1.0,False,0.2720570800778392,0.2577482421717187,True,0.014308837906120475
v5_30m__entry_sma_10__exit_ema_50__entry_hours_1__exit_hours_1,sma_10__ema_50,SMA/EMA,sma_10,ema_50,1.0,False,0.20289910931789606,0.2813456963184928,True,-0.07844658700059676
v5_30m__entry_sma_10__exit_macd_12_26_9__entry_hours_1__exit_hours_1,sma_10__macd_12_26_9,SMA/MACD,sma_10,macd_12_26_9,1.0,False,-0.0310034854251623,0.0022807514729781954,True,-0.033284236898140494
v5_30m__entry_sma_10__exit_macd_24_52_18__entry_hours_1__exit_hours_1,sma_10__macd_24_52_18,SMA/MACD,sma_10,macd_24_52_18,1.0,False,-0.13327858854555075,-0.08557883694855466,True,-0.04769975159699609
v5_30m__entry_sma_10__exit_macd_48_104_36__entry_hours_1__exit_hours_1,sma_10__macd_48_104_36,SMA/MACD,sma_10,macd_48_104_36,1.0,False,0.03514733654190806,0.046116846817210115,True,-0.010969510275302054
v5_30m__entry_sma_10__exit_macd_6_13_5__entry_hours_1__exit_hours_1,sma_10__macd_6_13_5,SMA/MACD,sma_10,macd_6_13_5,1.0,False,-0.49383422881249156,-0.382602031475174,True,-0.11123219733731754
v5_30m__entry_sma_10__exit_macd_96_208_72__entry_hours_1__exit_hours_1,sma_10__macd_96_208_72,SMA/MACD,sma_10,macd_96_208_72,1.0,False,0.15382260049741017,0.1701393409829781,True,-0.016316740485567915
v5_30m__entry_sma_10__exit_sma_10__entry_hours_1__exit_hours_1,sma_10__sma_10,SMA/SMA,sma_10,sma_10,1.0,False,-0.1100942195347182,-0.06092987926780446,True,-0.049164340266913735
v5_30m__entry_sma_10__exit_sma_100__entry_hours_1__exit_hours_1,sma_10__sma_100,SMA/SMA,sma_10,sma_100,1.0,False,0.16808601698776277,0.18254537047769903,True,-0.014459353489936266
v5_30m__entry_sma_10__exit_sma_20__entry_hours_1__exit_hours_1,sma_10__sma_20,SMA/SMA,sma_10,sma_20,1.0,True,0.3049153452647908,0.3973558022241376,True,-0.09244045695934677
v5_30m__entry_sma_10__exit_sma_200__entry_hours_1__exit_hours_1,sma_10__sma_200,SMA/SMA,sma_10,sma_200,1.0,False,0.22662441591210541,0.20425280311566912,True,0.02237161279643629
v5_30m__entry_sma_10__exit_sma_250__entry_hours_1__exit_hours_1,sma_10__sma_250,SMA/SMA,sma_10,sma_250,1.0,False,0.3197725944185459,0.3088493479650651,True,0.010923246453480806
v5_30m__entry_sma_10__exit_sma_50__entry_hours_1__exit_hours_1,sma_10__sma_50,SMA/SMA,sma_10,sma_50,1.0,True,0.35658065676222744,0.31887350811874654,True,0.0377071486434809
v5_30m__entry_sma_200__exit_ema_10__entry_hours_1__exit_hours_1,sma_200__ema_10,SMA/EMA,sma_200,ema_10,1.0,False,-0.17910689838924282,-0.15391345563160827,True,-0.02519344275763455
v5_30m__entry_sma_200__exit_ema_100__entry_hours_1__exit_hours_1,sma_200__ema_100,SMA/EMA,sma_200,ema_100,1.0,False,0.28416224265030776,0.17353504263493041,True,0.11062720001537735
v5_30m__entry_sma_200__exit_ema_20__entry_hours_1__exit_hours_1,sma_200__ema_20,SMA/EMA,sma_200,ema_20,1.0,False,-0.10249651313275615,-0.11183094203641195,True,0.009334428903655795
v5_30m__entry_sma_200__exit_ema_200__entry_hours_1__exit_hours_1,sma_200__ema_200,SMA/EMA,sma_200,ema_200,1.0,False,0.2341684672830936,0.10821488703876408,True,0.1259535802443295
v5_30m__entry_sma_200__exit_ema_250__entry_hours_1__exit_hours_1,sma_200__ema_250,SMA/EMA,sma_200,ema_250,1.0,False,0.2645531769113831,0.19275481604691197,True,0.07179836086447111
v5_30m__entry_sma_200__exit_ema_50__entry_hours_1__exit_hours_1,sma_200__ema_50,SMA/EMA,sma_200,ema_50,1.0,False,0.105851530092566,0.0688386562920333,True,0.0370128738005327
v5_30m__entry_sma_200__exit_macd_12_26_9__entry_hours_1__exit_hours_1,sma_200__macd_12_26_9,SMA/MACD,sma_200,macd_12_26_9,1.0,False,0.10314193082105272,-0.030370502779174715,True,0.13351243360022744
v5_30m__entry_sma_200__exit_macd_24_52_18__entry_hours_1__exit_hours_1,sma_200__macd_24_52_18,SMA/MACD,sma_200,macd_24_52_18,1.0,False,-0.2556525328785664,-0.3118562231094378,True,0.056203690230871406
v5_30m__entry_sma_200__exit_macd_48_104_36__entry_hours_1__exit_hours_1,sma_200__macd_48_104_36,SMA/MACD,sma_200,macd_48_104_36,1.0,False,-0.061173732948836754,-0.013089943619171266,True,-0.04808378932966549
v5_30m__entry_sma_200__exit_macd_6_13_5__entry_hours_1__exit_hours_1,sma_200__macd_6_13_5,SMA/MACD,sma_200,macd_6_13_5,1.0,False,-0.04401277161290036,-0.11993163133239154,True,0.07591885971949118
v5_30m__entry_sma_200__exit_macd_96_208_72__entry_hours_1__exit_hours_1,sma_200__macd_96_208_72,SMA/MACD,sma_200,macd_96_208_72,1.0,False,0.17102936051458245,0.16556302780445492,True,0.0054663327101275305
v5_30m__entry_sma_200__exit_sma_10__entry_hours_1__exit_hours_1,sma_200__sma_10,SMA/SMA,sma_200,sma_10,1.0,False,-0.12569228170009666,-0.1907468396867628,True,0.06505455798666612
v5_30m__entry_sma_200__exit_sma_100__entry_hours_1__exit_hours_1,sma_200__sma_100,SMA/SMA,sma_200,sma_100,1.0,False,0.01957549389572571,-0.021218118274778815,True,0.04079361217050453
v5_30m__entry_sma_200__exit_sma_20__entry_hours_1__exit_hours_1,sma_200__sma_20,SMA/SMA,sma_200,sma_20,1.0,False,-0.08590218389502118,-0.02383902793236807,True,-0.062063155962653105
v5_30m__entry_sma_200__exit_sma_200__entry_hours_1__exit_hours_1,sma_200__sma_200,SMA/SMA,sma_200,sma_200,1.0,False,0.14951980329579995,0.0614431327929076,True,0.08807667050289235
v5_30m__entry_sma_200__exit_sma_250__entry_hours_1__exit_hours_1,sma_200__sma_250,SMA/SMA,sma_200,sma_250,1.0,False,0.2944456719212974,0.27059904731276374,True,0.02384662460853365
v5_30m__entry_sma_200__exit_sma_50__entry_hours_1__exit_hours_1,sma_200__sma_50,SMA/SMA,sma_200,sma_50,1.0,False,0.12815985564731358,0.01903756575933883,True,0.10912228988797475
v5_30m__entry_sma_20__exit_ema_10__entry_hours_1__exit_hours_1,sma_20__ema_10,SMA/EMA,sma_20,ema_10,1.0,False,0.19893930448604988,0.15207353973017154,True,0.046865764755878336
v5_30m__entry_sma_20__exit_ema_100__entry_hours_1__exit_hours_1,sma_20__ema_100,SMA/EMA,sma_20,ema_100,1.0,True,0.4459247814914388,0.33163871427024283,True,0.114286067221196
v5_30m__entry_sma_20__exit_ema_20__entry_hours_1__exit_hours_1,sma_20__ema_20,SMA/EMA,sma_20,ema_20,1.0,False,0.22819800760533665,0.3536244230778022,True,-0.12542641547246552
v5_30m__entry_sma_20__exit_ema_200__entry_hours_1__exit_hours_1,sma_20__ema_200,SMA/EMA,sma_20,ema_200,1.0,False,0.2421307663700016,0.19316330002804866,True,0.04896746634195295
v5_30m__entry_sma_20__exit_ema_250__entry_hours_1__exit_hours_1,sma_20__ema_250,SMA/EMA,sma_20,ema_250,1.0,True,0.2722866127789312,0.23075759095571138,True,0.0415290218232198
v5_30m__entry_sma_20__exit_ema_50__entry_hours_1__exit_hours_1,sma_20__ema_50,SMA/EMA,sma_20,ema_50,1.0,False,0.23633299096645433,0.24701422522583466,True,-0.010681234259380334
v5_30m__entry_sma_20__exit_macd_12_26_9__entry_hours_1__exit_hours_1,sma_20__macd_12_26_9,SMA/MACD,sma_20,macd_12_26_9,1.0,False,0.053784949680837794,0.1280302525098118,True,-0.07424530282897399
v5_30m__entry_sma_20__exit_macd_24_52_18__entry_hours_1__exit_hours_1,sma_20__macd_24_52_18,SMA/MACD,sma_20,macd_24_52_18,1.0,False,-0.11165656436019938,-0.09845636187278212,True,-0.013200202487417267
v5_30m__entry_sma_20__exit_macd_48_104_36__entry_hours_1__exit_hours_1,sma_20__macd_48_104_36,SMA/MACD,sma_20,macd_48_104_36,1.0,False,0.0620173015368562,0.06937582916227006,True,-0.007358527625413856
v5_30m__entry_sma_20__exit_macd_6_13_5__entry_hours_1__exit_hours_1,sma_20__macd_6_13_5,SMA/MACD,sma_20,macd_6_13_5,1.0,False,-0.01984359918393486,0.024342433881856303,True,-0.044186033065791164
v5_30m__entry_sma_20__exit_macd_96_208_72__entry_hours_1__exit_hours_1,sma_20__macd_96_208_72,SMA/MACD,sma_20,macd_96_208_72,1.0,False,0.15382260049741017,0.16344052486618202,True,-0.009617924368771846
v5_30m__entry_sma_20__exit_sma_10__entry_hours_1__exit_hours_1,sma_20__sma_10,SMA/SMA,sma_20,sma_10,1.0,False,0.1559458064164358,0.0807852867228286,True,0.0751605196936072
v5_30m__entry_sma_20__exit_sma_100__entry_hours_1__exit_hours_1,sma_20__sma_100,SMA/SMA,sma_20,sma_100,1.0,False,0.14714152321439358,0.2459058308330993,True,-0.09876430761870572
v5_30m__entry_sma_20__exit_sma_20__entry_hours_1__exit_hours_1,sma_20__sma_20,SMA/SMA,sma_20,sma_20,1.0,False,0.2660845819119246,0.3560619129898959,True,-0.08997733107797135
v5_30m__entry_sma_20__exit_sma_200__entry_hours_1__exit_hours_1,sma_20__sma_200,SMA/SMA,sma_20,sma_200,1.0,False,0.18727606653126952,0.16791880213394697,True,0.01935726439732255
v5_30m__entry_sma_20__exit_sma_250__entry_hours_1__exit_hours_1,sma_20__sma_250,SMA/SMA,sma_20,sma_250,1.0,False,0.31029174359512557,0.2839241473932526,True,0.026367596201872956
v5_30m__entry_sma_20__exit_sma_50__entry_hours_1__exit_hours_1,sma_20__sma_50,SMA/SMA,sma_20,sma_50,1.0,True,0.34068437245862404,0.3189337366588616,True,0.02175063579976244
v5_30m__entry_sma_250__exit_ema_10__entry_hours_1__exit_hours_1,sma_250__ema_10,SMA/EMA,sma_250,ema_10,1.0,False,-0.06685132480740552,0.05699673264891661,True,-0.12384805745632213
v5_30m__entry_sma_250__exit_ema_100__entry_hours_1__exit_hours_1,sma_250__ema_100,SMA/EMA,sma_250,ema_100,1.0,True,0.3875440038348535,0.30539886889045337,True,0.08214513494440012
v5_30m__entry_sma_250__exit_ema_20__entry_hours_1__exit_hours_1,sma_250__ema_20,SMA/EMA,sma_250,ema_20,1.0,False,0.05380776331769583,0.14622185884556668,True,-0.09241409552787086
v5_30m__entry_sma_250__exit_ema_200__entry_hours_1__exit_hours_1,sma_250__ema_200,SMA/EMA,sma_250,ema_200,1.0,False,0.25990160225336784,0.21590378022167703,True,0.04399782203169081
v5_30m__entry_sma_250__exit_ema_250__entry_hours_1__exit_hours_1,sma_250__ema_250,SMA/EMA,sma_250,ema_250,1.0,False,0.2208204791098643,0.25906258144438976,True,-0.03824210233452546
v5_30m__entry_sma_250__exit_ema_50__entry_hours_1__exit_hours_1,sma_250__ema_50,SMA/EMA,sma_250,ema_50,1.0,False,0.15716201115403325,0.20032706232502162,True,-0.04316505117098837
v5_30m__entry_sma_250__exit_macd_12_26_9__entry_hours_1__exit_hours_1,sma_250__macd_12_26_9,SMA/MACD,sma_250,macd_12_26_9,1.0,True,0.250882425658122,0.25950630191004226,True,-0.008623876251920237
v5_30m__entry_sma_250__exit_macd_24_52_18__entry_hours_1__exit_hours_1,sma_250__macd_24_52_18,SMA/MACD,sma_250,macd_24_52_18,1.0,False,-0.04054109078648691,0.0320659498669322,True,-0.07260704065341911
v5_30m__entry_sma_250__exit_macd_48_104_36__entry_hours_1__exit_hours_1,sma_250__macd_48_104_36,SMA/MACD,sma_250,macd_48_104_36,1.0,False,0.16806137858984785,0.20529052846520518,True,-0.03722914987535733
v5_30m__entry_sma_250__exit_macd_6_13_5__entry_hours_1__exit_hours_1,sma_250__macd_6_13_5,SMA/MACD,sma_250,macd_6_13_5,1.0,True,-0.028060009691769527,-0.023926805264447643,True,-0.004133204427321884
v5_30m__entry_sma_250__exit_macd_96_208_72__entry_hours_1__exit_hours_1,sma_250__macd_96_208_72,SMA/MACD,sma_250,macd_96_208_72,1.0,True,0.4958939560611725,0.4919102303298107,True,0.003983725731361798
v5_30m__entry_sma_250__exit_sma_10__entry_hours_1__exit_hours_1,sma_250__sma_10,SMA/SMA,sma_250,sma_10,1.0,False,-0.04851966762871822,0.024258521213915696,True,-0.07277818884263391
v5_30m__entry_sma_250__exit_sma_100__entry_hours_1__exit_hours_1,sma_250__sma_100,SMA/SMA,sma_250,sma_100,1.0,False,0.1685090024140894,0.1996038698982598,True,-0.031094867484170396
v5_30m__entry_sma_250__exit_sma_20__entry_hours_1__exit_hours_1,sma_250__sma_20,SMA/SMA,sma_250,sma_20,1.0,False,0.04749249104636272,0.19555302537749422,True,-0.1480605343311315
v5_30m__entry_sma_250__exit_sma_200__entry_hours_1__exit_hours_1,sma_250__sma_200,SMA/SMA,sma_250,sma_200,1.0,False,0.24578609939799634,0.22047916199355763,True,0.025306937404438706
v5_30m__entry_sma_250__exit_sma_250__entry_hours_1__exit_hours_1,sma_250__sma_250,SMA/SMA,sma_250,sma_250,1.0,False,0.28055624378926375,0.2589968372330883,True,0.021559406556175442
v5_30m__entry_sma_250__exit_sma_50__entry_hours_1__exit_hours_1,sma_250__sma_50,SMA/SMA,sma_250,sma_50,1.0,False,0.24374625524735327,0.2205492402935725,True,0.023197014953780765
v5_30m__entry_sma_50__exit_ema_10__entry_hours_1__exit_hours_1,sma_50__ema_10,SMA/EMA,sma_50,ema_10,1.0,False,-0.08274949721160264,-0.09397694554443742,True,0.011227448332834775
v5_30m__entry_sma_50__exit_ema_100__entry_hours_1__exit_hours_1,sma_50__ema_100,SMA/EMA,sma_50,ema_100,1.0,False,0.31536991179230783,0.25498967813224716,True,0.06038023366006068
v5_30m__entry_sma_50__exit_ema_20__entry_hours_1__exit_hours_1,sma_50__ema_20,SMA/EMA,sma_50,ema_20,1.0,False,0.10237854425139813,0.13134201196214132,True,-0.028963467710743193
v5_30m__entry_sma_50__exit_ema_200__entry_hours_1__exit_hours_1,sma_50__ema_200,SMA/EMA,sma_50,ema_200,1.0,False,0.17709741290439937,0.16357988588130185,True,0.013517527023097525
v5_30m__entry_sma_50__exit_ema_250__entry_hours_1__exit_hours_1,sma_50__ema_250,SMA/EMA,sma_50,ema_250,1.0,True,0.28290935352556196,0.25602463092826233,True,0.026884722597299626
v5_30m__entry_sma_50__exit_ema_50__entry_hours_1__exit_hours_1,sma_50__ema_50,SMA/EMA,sma_50,ema_50,1.0,False,0.25821313451319217,0.1935354993885933,True,0.06467763512459887
v5_30m__entry_sma_50__exit_macd_12_26_9__entry_hours_1__exit_hours_1,sma_50__macd_12_26_9,SMA/MACD,sma_50,macd_12_26_9,1.0,False,-0.03617590141946721,0.044237324137862195,True,-0.08041322555732941
v5_30m__entry_sma_50__exit_macd_24_52_18__entry_hours_1__exit_hours_1,sma_50__macd_24_52_18,SMA/MACD,sma_50,macd_24_52_18,1.0,False,-0.04652412981103467,-0.03496320165371667,True,-0.011560928157317997
v5_30m__entry_sma_50__exit_macd_48_104_36__entry_hours_1__exit_hours_1,sma_50__macd_48_104_36,SMA/MACD,sma_50,macd_48_104_36,1.0,False,0.011247103564778458,0.03375991179044204,True,-0.022512808225663584
v5_30m__entry_sma_50__exit_macd_6_13_5__entry_hours_1__exit_hours_1,sma_50__macd_6_13_5,SMA/MACD,sma_50,macd_6_13_5,1.0,False,-0.3423209533198084,-0.3140234134050947,True,-0.028297539914713676
v5_30m__entry_sma_50__exit_macd_96_208_72__entry_hours_1__exit_hours_1,sma_50__macd_96_208_72,SMA/MACD,sma_50,macd_96_208_72,1.0,False,0.1349182490632815,0.1456139689034943,True,-0.01069571984021278
v5_30m__entry_sma_50__exit_sma_10__entry_hours_1__exit_hours_1,sma_50__sma_10,SMA/SMA,sma_50,sma_10,1.0,False,-0.14819370705418747,-0.22944804227899032,True,0.08125433522480285
v5_30m__entry_sma_50__exit_sma_100__entry_hours_1__exit_hours_1,sma_50__sma_100,SMA/SMA,sma_50,sma_100,1.0,False,0.09972782951429088,0.1616540292987374,True,-0.06192619978444652
v5_30m__entry_sma_50__exit_sma_20__entry_hours_1__exit_hours_1,sma_50__sma_20,SMA/SMA,sma_50,sma_20,1.0,False,0.07560250456912566,0.2593123638451282,True,-0.18370985927600253
v5_30m__entry_sma_50__exit_sma_200__entry_hours_1__exit_hours_1,sma_50__sma_200,SMA/SMA,sma_50,sma_200,1.0,False,0.11449843988377818,0.11800408284870101,True,-0.0035056429649228255
v5_30m__entry_sma_50__exit_sma_250__entry_hours_1__exit_hours_1,sma_50__sma_250,SMA/SMA,sma_50,sma_250,1.0,False,0.3209000030072105,0.2759518636817017,True,0.044948139325508785
v5_30m__entry_sma_50__exit_sma_50__entry_hours_1__exit_hours_1,sma_50__sma_50,SMA/SMA,sma_50,sma_50,1.0,True,0.2660320904371599,0.1652563699705109,True,0.10077572046664901
v5_30m__entry_ema_100__exit_ema_10__entry_hours_1p5__exit_hours_1p5,ema_100__ema_10,EMA/EMA,ema_100,ema_10,1.5,False,0.04042118593806857,-0.0006079830197040435,True,0.041029168957772616
v5_30m__entry_ema_100__exit_ema_100__entry_hours_1p5__exit_hours_1p5,ema_100__ema_100,EMA/EMA,ema_100,ema_100,1.5,False,0.3870158837365452,0.26002747535994064,True,0.12698840837660458
v5_30m__entry_ema_100__exit_ema_20__entry_hours_1p5__exit_hours_1p5,ema_100__ema_20,EMA/EMA,ema_100,ema_20,1.5,False,0.10779713854046724,0.24731206597189026,True,-0.13951492743142302
v5_30m__entry_ema_100__exit_ema_200__entry_hours_1p5__exit_hours_1p5,ema_100__ema_200,EMA/EMA,ema_100,ema_200,1.5,False,0.17487299550919444,0.15038308416861185,True,0.024489911340582593
v5_30m__entry_ema_100__exit_ema_250__entry_hours_1p5__exit_hours_1p5,ema_100__ema_250,EMA/EMA,ema_100,ema_250,1.5,False,0.3048926937909739,0.2048396593405551,True,0.1000530344504188
v5_30m__entry_ema_100__exit_ema_50__entry_hours_1p5__exit_hours_1p5,ema_100__ema_50,EMA/EMA,ema_100,ema_50,1.5,False,0.3447025493382016,0.3283270971041166,True,0.016375452234084986
v5_30m__entry_ema_100__exit_macd_12_26_9__entry_hours_1p5__exit_hours_1p5,ema_100__macd_12_26_9,EMA/MACD,ema_100,macd_12_26_9,1.5,False,-0.006218792587810512,0.1110696443983843,True,-0.11728843698619482
v5_30m__entry_ema_100__exit_macd_24_52_18__entry_hours_1p5__exit_hours_1p5,ema_100__macd_24_52_18,EMA/MACD,ema_100,macd_24_52_18,1.5,False,0.018153623164982913,0.12828172443477173,True,-0.11012810126978882
v5_30m__entry_ema_100__exit_macd_48_104_36__entry_hours_1p5__exit_hours_1p5,ema_100__macd_48_104_36,EMA/MACD,ema_100,macd_48_104_36,1.5,False,0.23548382641081445,0.2839908383932107,True,-0.048507011982396264
v5_30m__entry_ema_100__exit_macd_6_13_5__entry_hours_1p5__exit_hours_1p5,ema_100__macd_6_13_5,EMA/MACD,ema_100,macd_6_13_5,1.5,False,-0.06542190005646548,-0.27656485502109796,True,0.21114295496463248
v5_30m__entry_ema_100__exit_macd_96_208_72__entry_hours_1p5__exit_hours_1p5,ema_100__macd_96_208_72,EMA/MACD,ema_100,macd_96_208_72,1.5,False,0.34594702763582036,0.35977786496833447,True,-0.013830837332514112
v5_30m__entry_ema_100__exit_sma_10__entry_hours_1p5__exit_hours_1p5,ema_100__sma_10,EMA/SMA,ema_100,sma_10,1.5,False,-0.045262761071997705,-0.13929407390727558,True,0.09403131283527788
v5_30m__entry_ema_100__exit_sma_100__entry_hours_1p5__exit_hours_1p5,ema_100__sma_100,EMA/SMA,ema_100,sma_100,1.5,False,0.22929187911336188,0.22312607301458304,True,0.006165806098778842
v5_30m__entry_ema_100__exit_sma_20__entry_hours_1p5__exit_hours_1p5,ema_100__sma_20,EMA/SMA,ema_100,sma_20,1.5,False,0.17436639181550131,0.26574609221734224,True,-0.09137970040184093
v5_30m__entry_ema_100__exit_sma_200__entry_hours_1p5__exit_hours_1p5,ema_100__sma_200,EMA/SMA,ema_100,sma_200,1.5,False,0.16483721055045839,0.15294067917570942,True,0.01189653137474897
v5_30m__entry_ema_100__exit_sma_250__entry_hours_1p5__exit_hours_1p5,ema_100__sma_250,EMA/SMA,ema_100,sma_250,1.5,False,0.31083559604016747,0.2681067214191236,True,0.042728874621043855
v5_30m__entry_ema_100__exit_sma_50__entry_hours_1p5__exit_hours_1p5,ema_100__sma_50,EMA/SMA,ema_100,sma_50,1.5,True,0.3873369623826853,0.3543849174179127,True,0.03295204496477255
v5_30m__entry_ema_10__exit_ema_10__entry_hours_1p5__exit_hours_1p5,ema_10__ema_10,EMA/EMA,ema_10,ema_10,1.5,False,0.05551600451019188,0.04238228775696942,True,0.01313371675322246
v5_30m__entry_ema_10__exit_ema_100__entry_hours_1p5__exit_hours_1p5,ema_10__ema_100,EMA/EMA,ema_10,ema_100,1.5,True,0.45886994523858865,0.28292642504301196,True,0.17594352019557669
v5_30m__entry_ema_10__exit_ema_20__entry_hours_1p5__exit_hours_1p5,ema_10__ema_20,EMA/EMA,ema_10,ema_20,1.5,False,0.17447578898670665,0.4074960362135531,True,-0.23302024722684647
v5_30m__entry_ema_10__exit_ema_200__entry_hours_1p5__exit_hours_1p5,ema_10__ema_200,EMA/EMA,ema_10,ema_200,1.5,False,0.2750475231476474,0.24679641125008211,True,0.028251111897565295
v5_30m__entry_ema_10__exit_ema_250__entry_hours_1p5__exit_hours_1p5,ema_10__ema_250,EMA/EMA,ema_10,ema_250,1.5,False,0.36907639055453956,0.2535970817655029,True,0.11547930878903667
v5_30m__entry_ema_10__exit_ema_50__entry_hours_1p5__exit_hours_1p5,ema_10__ema_50,EMA/EMA,ema_10,ema_50,1.5,False,0.23061693089093735,0.29332963587277333,True,-0.06271270498183598
v5_30m__entry_ema_10__exit_macd_12_26_9__entry_hours_1p5__exit_hours_1p5,ema_10__macd_12_26_9,EMA/MACD,ema_10,macd_12_26_9,1.5,False,-0.0693346443893066,0.04448900367367532,True,-0.11382364806298192
v5_30m__entry_ema_10__exit_macd_24_52_18__entry_hours_1p5__exit_hours_1p5,ema_10__macd_24_52_18,EMA/MACD,ema_10,macd_24_52_18,1.5,False,-0.09637307277435134,-0.09447657861976214,True,-0.0018964941545892011
v5_30m__entry_ema_10__exit_macd_48_104_36__entry_hours_1p5__exit_hours_1p5,ema_10__macd_48_104_36,EMA/MACD,ema_10,macd_48_104_36,1.5,False,0.040298778243537024,0.06041333402917477,True,-0.02011455578563775
v5_30m__entry_ema_10__exit_macd_6_13_5__entry_hours_1p5__exit_hours_1p5,ema_10__macd_6_13_5,EMA/MACD,ema_10,macd_6_13_5,1.5,False,-0.33077744755623245,-0.337329343855825,True,0.0065518962995925745
v5_30m__entry_ema_10__exit_macd_96_208_72__entry_hours_1p5__exit_hours_1p5,ema_10__macd_96_208_72,EMA/MACD,ema_10,macd_96_208_72,1.5,False,0.1444766989226966,0.1701393409829781,True,-0.025662642060281488
v5_30m__entry_ema_10__exit_sma_10__entry_hours_1p5__exit_hours_1p5,ema_10__sma_10,EMA/SMA,ema_10,sma_10,1.5,False,-0.06792725982942056,-0.02027189997570593,True,-0.047655359853714635
v5_30m__entry_ema_10__exit_sma_100__entry_hours_1p5__exit_hours_1p5,ema_10__sma_100,EMA/SMA,ema_10,sma_100,1.5,False,0.20712821806650628,0.21723681396672326,True,-0.010108595900216982
v5_30m__entry_ema_10__exit_sma_20__entry_hours_1p5__exit_hours_1p5,ema_10__sma_20,EMA/SMA,ema_10,sma_20,1.5,True,0.23812751345531288,0.42097776631184786,True,-0.18285025285653497
v5_30m__entry_ema_10__exit_sma_200__entry_hours_1p5__exit_hours_1p5,ema_10__sma_200,EMA/SMA,ema_10,sma_200,1.5,False,0.1501186534164644,0.19696945041182182,True,-0.04685079699535741
v5_30m__entry_ema_10__exit_sma_250__entry_hours_1p5__exit_hours_1p5,ema_10__sma_250,EMA/SMA,ema_10,sma_250,1.5,False,0.3303661172661976,0.3076816409695035,True,0.022684476296694067
v5_30m__entry_ema_10__exit_sma_50__entry_hours_1p5__exit_hours_1p5,ema_10__sma_50,EMA/SMA,ema_10,sma_50,1.5,True,0.3283087129488882,0.33207476598594116,True,-0.0037660530370529632
v5_30m__entry_ema_200__exit_ema_10__entry_hours_1p5__exit_hours_1p5,ema_200__ema_10,EMA/EMA,ema_200,ema_10,1.5,False,0.02851391247323833,0.09988745464702359,True,-0.07137354217378526
v5_30m__entry_ema_200__exit_ema_100__entry_hours_1p5__exit_hours_1p5,ema_200__ema_100,EMA/EMA,ema_200,ema_100,1.5,True,0.43393065874663067,0.2473743971928503,True,0.18655626155378038
v5_30m__entry_ema_200__exit_ema_20__entry_hours_1p5__exit_hours_1p5,ema_200__ema_20,EMA/EMA,ema_200,ema_20,1.5,False,0.006838387721942587,0.1589425052753569,True,-0.1521041175534143
v5_30m__entry_ema_200__exit_ema_200__entry_hours_1p5__exit_hours_1p5,ema_200__ema_200,EMA/EMA,ema_200,ema_200,1.5,False,0.2628270988605307,0.1825266450478972,True,0.08030045381263348
v5_30m__entry_ema_200__exit_ema_250__entry_hours_1p5__exit_hours_1p5,ema_200__ema_250,EMA/EMA,ema_200,ema_250,1.5,False,0.28525987217540627,0.2549479211262679,True,0.030311951049138364
v5_30m__entry_ema_200__exit_ema_50__entry_hours_1p5__exit_hours_1p5,ema_200__ema_50,EMA/EMA,ema_200,ema_50,1.5,False,0.28456577435460306,0.190591816351735,True,0.09397395800286806
v5_30m__entry_ema_200__exit_macd_12_26_9__entry_hours_1p5__exit_hours_1p5,ema_200__macd_12_26_9,EMA/MACD,ema_200,macd_12_26_9,1.5,False,0.2787952776390821,0.2726890572681901,True,0.006106220370891979
v5_30m__entry_ema_200__exit_macd_24_52_18__entry_hours_1p5__exit_hours_1p5,ema_200__macd_24_52_18,EMA/MACD,ema_200,macd_24_52_18,1.5,False,-0.03190109746721203,0.0022133693682327886,True,-0.03411446683544482
v5_30m__entry_ema_200__exit_macd_48_104_36__entry_hours_1p5__exit_hours_1p5,ema_200__macd_48_104_36,EMA/MACD,ema_200,macd_48_104_36,1.5,False,0.25083207532516366,0.15829215559599513,True,0.09253991972916853
v5_30m__entry_ema_200__exit_macd_6_13_5__entry_hours_1p5__exit_hours_1p5,ema_200__macd_6_13_5,EMA/MACD,ema_200,macd_6_13_5,1.5,True,0.07506125503053591,0.01374523804187511,True,0.06131601698866081
v5_30m__entry_ema_200__exit_macd_96_208_72__entry_hours_1p5__exit_hours_1p5,ema_200__macd_96_208_72,EMA/MACD,ema_200,macd_96_208_72,1.5,True,0.5276993156015823,0.4521443181480897,True,0.07555499745349264
v5_30m__entry_ema_200__exit_sma_10__entry_hours_1p5__exit_hours_1p5,ema_200__sma_10,EMA/SMA,ema_200,sma_10,1.5,False,-0.104354018003768,0.043594792551802146,True,-0.14794881055557016
v5_30m__entry_ema_200__exit_sma_100__entry_hours_1p5__exit_hours_1p5,ema_200__sma_100,EMA/SMA,ema_200,sma_100,1.5,False,0.21318044176363624,0.10943336572303634,True,0.10374707604059989
v5_30m__entry_ema_200__exit_sma_20__entry_hours_1p5__exit_hours_1p5,ema_200__sma_20,EMA/SMA,ema_200,sma_20,1.5,False,0.07890772507041977,0.1978819181163215,True,-0.11897419304590173
v5_30m__entry_ema_200__exit_sma_200__entry_hours_1p5__exit_hours_1p5,ema_200__sma_200,EMA/SMA,ema_200,sma_200,1.5,False,0.26953646846593693,0.16939549064342743,True,0.1001409778225095
v5_30m__entry_ema_200__exit_sma_250__entry_hours_1p5__exit_hours_1p5,ema_200__sma_250,EMA/SMA,ema_200,sma_250,1.5,False,0.2701711686670889,0.295301844313221,True,-0.025130675646132083
v5_30m__entry_ema_200__exit_sma_50__entry_hours_1p5__exit_hours_1p5,ema_200__sma_50,EMA/SMA,ema_200,sma_50,1.5,True,0.31798463947738664,0.19608868657989567,True,0.12189595289749097
v5_30m__entry_ema_20__exit_ema_10__entry_hours_1p5__exit_hours_1p5,ema_20__ema_10,EMA/EMA,ema_20,ema_10,1.5,False,0.17175753213492623,0.11333849185533337,True,0.058419040279592854
v5_30m__entry_ema_20__exit_ema_100__entry_hours_1p5__exit_hours_1p5,ema_20__ema_100,EMA/EMA,ema_20,ema_100,1.5,True,0.4617710407295349,0.3084589117540858,True,0.1533121289754491
v5_30m__entry_ema_20__exit_ema_20__entry_hours_1p5__exit_hours_1p5,ema_20__ema_20,EMA/EMA,ema_20,ema_20,1.5,False,0.2339222979804052,0.33516626164033736,True,-0.10124396365993216
v5_30m__entry_ema_20__exit_ema_200__entry_hours_1p5__exit_hours_1p5,ema_20__ema_200,EMA/EMA,ema_20,ema_200,1.5,False,0.23078464614947786,0.19302553893031535,True,0.03775910721916251
v5_30m__entry_ema_20__exit_ema_250__entry_hours_1p5__exit_hours_1p5,ema_20__ema_250,EMA/EMA,ema_20,ema_250,1.5,False,0.3734283788394084,0.2693014992255929,True,0.1041268796138155
v5_30m__entry_ema_20__exit_ema_50__entry_hours_1p5__exit_hours_1p5,ema_20__ema_50,EMA/EMA,ema_20,ema_50,1.5,False,0.2239857812319464,0.2528875695267343,True,-0.0289017882947879
v5_30m__entry_ema_20__exit_macd_12_26_9__entry_hours_1p5__exit_hours_1p5,ema_20__macd_12_26_9,EMA/MACD,ema_20,macd_12_26_9,1.5,False,0.12521483539874692,0.032109806858264145,True,0.09310502854048278
v5_30m__entry_ema_20__exit_macd_24_52_18__entry_hours_1p5__exit_hours_1p5,ema_20__macd_24_52_18,EMA/MACD,ema_20,macd_24_52_18,1.5,False,-0.009458175093198493,-0.0326899165458147,True,0.023231741452616205
v5_30m__entry_ema_20__exit_macd_48_104_36__entry_hours_1p5__exit_hours_1p5,ema_20__macd_48_104_36,EMA/MACD,ema_20,macd_48_104_36,1.5,False,0.052787623086375864,0.06537010652989599,True,-0.012582483443520122
v5_30m__entry_ema_20__exit_macd_6_13_5__entry_hours_1p5__exit_hours_1p5,ema_20__macd_6_13_5,EMA/MACD,ema_20,macd_6_13_5,1.5,False,-0.00319746813705341,-0.11252877930989884,True,0.10933131117284543
v5_30m__entry_ema_20__exit_macd_96_208_72__entry_hours_1p5__exit_hours_1p5,ema_20__macd_96_208_72,EMA/MACD,ema_20,macd_96_208_72,1.5,False,0.1444766989226966,0.16489882865510538,True,-0.020422129732408784
v5_30m__entry_ema_20__exit_sma_10__entry_hours_1p5__exit_hours_1p5,ema_20__sma_10,EMA/SMA,ema_20,sma_10,1.5,False,0.13650382061961763,0.006178142283133949,True,0.13032567833648367
v5_30m__entry_ema_20__exit_sma_100__entry_hours_1p5__exit_hours_1p5,ema_20__sma_100,EMA/SMA,ema_20,sma_100,1.5,False,0.19228717534660975,0.23831683043913535,True,-0.0460296550925256
v5_30m__entry_ema_20__exit_sma_20__entry_hours_1p5__exit_hours_1p5,ema_20__sma_20,EMA/SMA,ema_20,sma_20,1.5,False,0.24979822420500467,0.4204221554160418,True,-0.1706239312110371
v5_30m__entry_ema_20__exit_sma_200__entry_hours_1p5__exit_hours_1p5,ema_20__sma_200,EMA/SMA,ema_20,sma_200,1.5,False,0.13930855822599686,0.15903135902657678,True,-0.01972280080057992
v5_30m__entry_ema_20__exit_sma_250__entry_hours_1p5__exit_hours_1p5,ema_20__sma_250,EMA/SMA,ema_20,sma_250,1.5,False,0.33394521773722213,0.27327386820124583,True,0.060671349535976304
v5_30m__entry_ema_20__exit_sma_50__entry_hours_1p5__exit_hours_1p5,ema_20__sma_50,EMA/SMA,ema_20,sma_50,1.5,False,0.3239977725346546,0.2929388762492825,True,0.031058896285372117
v5_30m__entry_ema_250__exit_ema_10__entry_hours_1p5__exit_hours_1p5,ema_250__ema_10,EMA/EMA,ema_250,ema_10,1.5,False,0.13507346365273099,0.13538534402234675,True,-0.00031188036961576904
v5_30m__entry_ema_250__exit_ema_100__entry_hours_1p5__exit_hours_1p5,ema_250__ema_100,EMA/EMA,ema_250,ema_100,1.5,True,0.3992395263045235,0.3545106767997482,True,0.04472884950477529
v5_30m__entry_ema_250__exit_ema_20__entry_hours_1p5__exit_hours_1p5,ema_250__ema_20,EMA/EMA,ema_250,ema_20,1.5,False,0.16953542454674342,0.24198167384301483,True,-0.07244624929627141
v5_30m__entry_ema_250__exit_ema_200__entry_hours_1p5__exit_hours_1p5,ema_250__ema_200,EMA/EMA,ema_250,ema_200,1.5,False,0.3365402253428406,0.24453467116009633,True,0.09200555418274428
v5_30m__entry_ema_250__exit_ema_250__entry_hours_1p5__exit_hours_1p5,ema_250__ema_250,EMA/EMA,ema_250,ema_250,1.5,False,0.3325056303816085,0.2418391106175752,True,0.09066651976403331
v5_30m__entry_ema_250__exit_ema_50__entry_hours_1p5__exit_hours_1p5,ema_250__ema_50,EMA/EMA,ema_250,ema_50,1.5,False,0.2967267634828947,0.3019856816831141,True,-0.0052589182002194534
v5_30m__entry_ema_250__exit_macd_12_26_9__entry_hours_1p5__exit_hours_1p5,ema_250__macd_12_26_9,EMA/MACD,ema_250,macd_12_26_9,1.5,True,0.3572127761254497,0.3004419828161448,True,0.0567707933093049
v5_30m__entry_ema_250__exit_macd_24_52_18__entry_hours_1p5__exit_hours_1p5,ema_250__macd_24_52_18,EMA/MACD,ema_250,macd_24_52_18,1.5,False,0.008385069203912179,0.06633157662185257,True,-0.05794650741794039
v5_30m__entry_ema_250__exit_macd_48_104_36__entry_hours_1p5__exit_hours_1p5,ema_250__macd_48_104_36,EMA/MACD,ema_250,macd_48_104_36,1.5,False,0.201489453385159,0.23223936978870546,True,-0.030749916403546462
v5_30m__entry_ema_250__exit_macd_6_13_5__entry_hours_1p5__exit_hours_1p5,ema_250__macd_6_13_5,EMA/MACD,ema_250,macd_6_13_5,1.5,True,0.21830751636197293,0.004320951533029749,True,0.21398656482894318
v5_30m__entry_ema_250__exit_macd_96_208_72__entry_hours_1p5__exit_hours_1p5,ema_250__macd_96_208_72,EMA/MACD,ema_250,macd_96_208_72,1.5,True,0.4939109112850442,0.48169134509777994,True,0.012219566187264275
v5_30m__entry_ema_250__exit_sma_10__entry_hours_1p5__exit_hours_1p5,ema_250__sma_10,EMA/SMA,ema_250,sma_10,1.5,False,0.03643179722291061,0.08741208481457227,True,-0.05098028759166166
v5_30m__entry_ema_250__exit_sma_100__entry_hours_1p5__exit_hours_1p5,ema_250__sma_100,EMA/SMA,ema_250,sma_100,1.5,False,0.24685431054437945,0.23863835869141053,True,0.008215951852968917
v5_30m__entry_ema_250__exit_sma_20__entry_hours_1p5__exit_hours_1p5,ema_250__sma_20,EMA/SMA,ema_250,sma_20,1.5,False,0.19760578719339836,0.292018940434404,True,-0.09441315324100566
v5_30m__entry_ema_250__exit_sma_200__entry_hours_1p5__exit_hours_1p5,ema_250__sma_200,EMA/SMA,ema_250,sma_200,1.5,False,0.23744398287310753,0.1399485000732323,True,0.09749548279987522
v5_30m__entry_ema_250__exit_sma_250__entry_hours_1p5__exit_hours_1p5,ema_250__sma_250,EMA/SMA,ema_250,sma_250,1.5,False,0.32023692128325076,0.27306904073857,True,0.04716788054468074
v5_30m__entry_ema_250__exit_sma_50__entry_hours_1p5__exit_hours_1p5,ema_250__sma_50,EMA/SMA,ema_250,sma_50,1.5,True,0.31468706927155077,0.24563342266915664,True,0.06905364660239413
v5_30m__entry_ema_50__exit_ema_10__entry_hours_1p5__exit_hours_1p5,ema_50__ema_10,EMA/EMA,ema_50,ema_10,1.5,False,-0.1544941354363097,-0.11883383465858063,True,-0.035660300777729054
v5_30m__entry_ema_50__exit_ema_100__entry_hours_1p5__exit_hours_1p5,ema_50__ema_100,EMA/EMA,ema_50,ema_100,1.5,True,0.39693067970723006,0.31280924482724637,True,0.08412143487998369
v5_30m__entry_ema_50__exit_ema_20__entry_hours_1p5__exit_hours_1p5,ema_50__ema_20,EMA/EMA,ema_50,ema_20,1.5,False,-0.012601282828534125,0.13835396155375768,True,-0.1509552443822918
v5_30m__entry_ema_50__exit_ema_200__entry_hours_1p5__exit_hours_1p5,ema_50__ema_200,EMA/EMA,ema_50,ema_200,1.5,False,0.193100958115542,0.17224309443874863,True,0.020857863676793376
v5_30m__entry_ema_50__exit_ema_250__entry_hours_1p5__exit_hours_1p5,ema_50__ema_250,EMA/EMA,ema_50,ema_250,1.5,False,0.32884486914914035,0.2434381516390642,True,0.08540671751007614
v5_30m__entry_ema_50__exit_ema_50__entry_hours_1p5__exit_hours_1p5,ema_50__ema_50,EMA/EMA,ema_50,ema_50,1.5,False,0.2381773500463499,0.19138391838000113,True,0.04679343166634878
v5_30m__entry_ema_50__exit_macd_12_26_9__entry_hours_1p5__exit_hours_1p5,ema_50__macd_12_26_9,EMA/MACD,ema_50,macd_12_26_9,1.5,False,-0.054609192420555897,0.037349799948385165,True,-0.09195899236894106
v5_30m__entry_ema_50__exit_macd_24_52_18__entry_hours_1p5__exit_hours_1p5,ema_50__macd_24_52_18,EMA/MACD,ema_50,macd_24_52_18,1.5,False,-0.11300641172934404,-0.0733129922661896,True,-0.03969341946315444
v5_30m__entry_ema_50__exit_macd_48_104_36__entry_hours_1p5__exit_hours_1p5,ema_50__macd_48_104_36,EMA/MACD,ema_50,macd_48_104_36,1.5,False,-0.028987280305986605,0.0026057337369784633,True,-0.031593014042965065
v5_30m__entry_ema_50__exit_macd_6_13_5__entry_hours_1p5__exit_hours_1p5,ema_50__macd_6_13_5,EMA/MACD,ema_50,macd_6_13_5,1.5,False,-0.3206856238312675,-0.23606243051252473,True,-0.08462319331874274
v5_30m__entry_ema_50__exit_macd_96_208_72__entry_hours_1p5__exit_hours_1p5,ema_50__macd_96_208_72,EMA/MACD,ema_50,macd_96_208_72,1.5,False,0.12761556162730234,0.1477677931427919,True,-0.02015223151548956
v5_30m__entry_ema_50__exit_sma_10__entry_hours_1p5__exit_hours_1p5,ema_50__sma_10,EMA/SMA,ema_50,sma_10,1.5,False,-0.16552930203698787,-0.1589736820920096,True,-0.006555619944978275
v5_30m__entry_ema_50__exit_sma_100__entry_hours_1p5__exit_hours_1p5,ema_50__sma_100,EMA/SMA,ema_50,sma_100,1.5,False,0.17849570849403928,0.21708323404220775,True,-0.038587525548168466
v5_30m__entry_ema_50__exit_sma_20__entry_hours_1p5__exit_hours_1p5,ema_50__sma_20,EMA/SMA,ema_50,sma_20,1.5,False,0.019516589272361096,0.25506146671504637,True,-0.23554487744268526
v5_30m__entry_ema_50__exit_sma_200__entry_hours_1p5__exit_hours_1p5,ema_50__sma_200,EMA/SMA,ema_50,sma_200,1.5,False,0.15990554205189753,0.17638623451869018,True,-0.01648069246679265
v5_30m__entry_ema_50__exit_sma_250__entry_hours_1p5__exit_hours_1p5,ema_50__sma_250,EMA/SMA,ema_50,sma_250,1.5,False,0.31828818271351583,0.275892013050645,True,0.04239616966287085
v5_30m__entry_ema_50__exit_sma_50__entry_hours_1p5__exit_hours_1p5,ema_50__sma_50,EMA/SMA,ema_50,sma_50,1.5,False,0.22196197565605347,0.21178143894773113,True,0.010180536708322335
v5_30m__entry_macd_12_26_9__exit_ema_10__entry_hours_1p5__exit_hours_1p5,macd_12_26_9__ema_10,MACD/EMA,macd_12_26_9,ema_10,1.5,False,0.1163190183911777,0.09667237840179971,True,0.01964663998937799
v5_30m__entry_macd_12_26_9__exit_ema_100__entry_hours_1p5__exit_hours_1p5,macd_12_26_9__ema_100,MACD/EMA,macd_12_26_9,ema_100,1.5,True,0.4112007121940281,0.2519950113135395,True,0.15920570088048858
v5_30m__entry_macd_12_26_9__exit_ema_20__entry_hours_1p5__exit_hours_1p5,macd_12_26_9__ema_20,MACD/EMA,macd_12_26_9,ema_20,1.5,False,0.15748749263232736,0.3493518170015414,True,-0.19186432436921402
v5_30m__entry_macd_12_26_9__exit_ema_200__entry_hours_1p5__exit_hours_1p5,macd_12_26_9__ema_200,MACD/EMA,macd_12_26_9,ema_200,1.5,False,0.26993317388067356,0.23079648399291705,True,0.03913668988775651
v5_30m__entry_macd_12_26_9__exit_ema_250__entry_hours_1p5__exit_hours_1p5,macd_12_26_9__ema_250,MACD/EMA,macd_12_26_9,ema_250,1.5,False,0.3067782251769649,0.1838063064624598,True,0.12297191871450511
v5_30m__entry_macd_12_26_9__exit_ema_50__entry_hours_1p5__exit_hours_1p5,macd_12_26_9__ema_50,MACD/EMA,macd_12_26_9,ema_50,1.5,False,0.1715095858052367,0.19839467366397762,True,-0.026885087858740914
v5_30m__entry_macd_12_26_9__exit_macd_12_26_9__entry_hours_1p5__exit_hours_1p5,macd_12_26_9__macd_12_26_9,MACD/MACD,macd_12_26_9,macd_12_26_9,1.5,False,-0.07509823478811334,-0.05015681922882513,True,-0.024941415559288208
v5_30m__entry_macd_12_26_9__exit_macd_24_52_18__entry_hours_1p5__exit_hours_1p5,macd_12_26_9__macd_24_52_18,MACD/MACD,macd_12_26_9,macd_24_52_18,1.5,False,-0.0929616690408946,-0.09729091902528748,True,0.00432924998439288
v5_30m__entry_macd_12_26_9__exit_macd_48_104_36__entry_hours_1p5__exit_hours_1p5,macd_12_26_9__macd_48_104_36,MACD/MACD,macd_12_26_9,macd_48_104_36,1.5,False,0.059300512447475,0.0645230696217943,True,-0.005222557174319298
v5_30m__entry_macd_12_26_9__exit_macd_6_13_5__entry_hours_1p5__exit_hours_1p5,macd_12_26_9__macd_6_13_5,MACD/MACD,macd_12_26_9,macd_6_13_5,1.5,False,-0.06321177189290597,-0.03804642279195789,True,-0.02516534910094808
v5_30m__entry_macd_12_26_9__exit_macd_96_208_72__entry_hours_1p5__exit_hours_1p5,macd_12_26_9__macd_96_208_72,MACD/MACD,macd_12_26_9,macd_96_208_72,1.5,True,0.15498244146353776,0.18932454793521306,True,-0.03434210647167529
v5_30m__entry_macd_12_26_9__exit_sma_10__entry_hours_1p5__exit_hours_1p5,macd_12_26_9__sma_10,MACD/SMA,macd_12_26_9,sma_10,1.5,False,0.008854308905034506,0.014384966182920485,True,-0.0055306572778859794
v5_30m__entry_macd_12_26_9__exit_sma_100__entry_hours_1p5__exit_hours_1p5,macd_12_26_9__sma_100,MACD/SMA,macd_12_26_9,sma_100,1.5,False,0.22589354279633672,0.18305796985185535,True,0.04283557294448137
v5_30m__entry_macd_12_26_9__exit_sma_20__entry_hours_1p5__exit_hours_1p5,macd_12_26_9__sma_20,MACD/SMA,macd_12_26_9,sma_20,1.5,False,0.18574400967653779,0.2757097708180151,True,-0.08996576114147734
v5_30m__entry_macd_12_26_9__exit_sma_200__entry_hours_1p5__exit_hours_1p5,macd_12_26_9__sma_200,MACD/SMA,macd_12_26_9,sma_200,1.5,False,0.1666292672646546,0.1593953508049668,True,0.007233916459687795
v5_30m__entry_macd_12_26_9__exit_sma_250__entry_hours_1p5__exit_hours_1p5,macd_12_26_9__sma_250,MACD/SMA,macd_12_26_9,sma_250,1.5,False,0.32486280269194107,0.23313442889803296,True,0.09172837379390811
v5_30m__entry_macd_12_26_9__exit_sma_50__entry_hours_1p5__exit_hours_1p5,macd_12_26_9__sma_50,MACD/SMA,macd_12_26_9,sma_50,1.5,True,0.288093136772362,0.30197418064047843,True,-0.01388104386811645
v5_30m__entry_macd_24_52_18__exit_ema_10__entry_hours_1p5__exit_hours_1p5,macd_24_52_18__ema_10,MACD/EMA,macd_24_52_18,ema_10,1.5,False,-0.0923171097289961,-0.17729919477407613,True,0.08498208504508004
v5_30m__entry_macd_24_52_18__exit_ema_100__entry_hours_1p5__exit_hours_1p5,macd_24_52_18__ema_100,MACD/EMA,macd_24_52_18,ema_100,1.5,True,0.35041952853394787,0.34588549350256825,True,0.004534035031379613
v5_30m__entry_macd_24_52_18__exit_ema_20__entry_hours_1p5__exit_hours_1p5,macd_24_52_18__ema_20,MACD/EMA,macd_24_52_18,ema_20,1.5,False,0.16566960277307055,0.08823242655205842,True,0.07743717622101214
v5_30m__entry_macd_24_52_18__exit_ema_200__entry_hours_1p5__exit_hours_1p5,macd_24_52_18__ema_200,MACD/EMA,macd_24_52_18,ema_200,1.5,False,0.11707529586756575,0.038576601851310864,True,0.0784986940162549
v5_30m__entry_macd_24_52_18__exit_ema_250__entry_hours_1p5__exit_hours_1p5,macd_24_52_18__ema_250,MACD/EMA,macd_24_52_18,ema_250,1.5,False,0.3551848615813472,0.21813457779921872,True,0.1370502837821285
v5_30m__entry_macd_24_52_18__exit_ema_50__entry_hours_1p5__exit_hours_1p5,macd_24_52_18__ema_50,MACD/EMA,macd_24_52_18,ema_50,1.5,False,0.18002019328521884,0.19567372070025785,True,-0.015653527415039004
v5_30m__entry_macd_24_52_18__exit_macd_12_26_9__entry_hours_1p5__exit_hours_1p5,macd_24_52_18__macd_12_26_9,MACD/MACD,macd_24_52_18,macd_12_26_9,1.5,False,-0.1624634633067232,-0.13901978476403284,True,-0.02344367854269036
v5_30m__entry_macd_24_52_18__exit_macd_24_52_18__entry_hours_1p5__exit_hours_1p5,macd_24_52_18__macd_24_52_18,MACD/MACD,macd_24_52_18,macd_24_52_18,1.5,False,-0.14288568561690396,-0.12124680179990625,True,-0.021638883816997703
v5_30m__entry_macd_24_52_18__exit_macd_48_104_36__entry_hours_1p5__exit_hours_1p5,macd_24_52_18__macd_48_104_36,MACD/MACD,macd_24_52_18,macd_48_104_36,1.5,False,0.06786725090809739,0.06348267292164896,True,0.0043845779864484374
v5_30m__entry_macd_24_52_18__exit_macd_6_13_5__entry_hours_1p5__exit_hours_1p5,macd_24_52_18__macd_6_13_5,MACD/MACD,macd_24_52_18,macd_6_13_5,1.5,False,-0.1872170673418241,-0.22124770582046516,True,0.034030638478641045
v5_30m__entry_macd_24_52_18__exit_macd_96_208_72__entry_hours_1p5__exit_hours_1p5,macd_24_52_18__macd_96_208_72,MACD/MACD,macd_24_52_18,macd_96_208_72,1.5,False,0.1444766989226966,0.16489882865510538,True,-0.020422129732408784
v5_30m__entry_macd_24_52_18__exit_sma_10__entry_hours_1p5__exit_hours_1p5,macd_24_52_18__sma_10,MACD/SMA,macd_24_52_18,sma_10,1.5,False,-0.10346404161396738,-0.2527660457993101,True,0.14930200418534273
v5_30m__entry_macd_24_52_18__exit_sma_100__entry_hours_1p5__exit_hours_1p5,macd_24_52_18__sma_100,MACD/SMA,macd_24_52_18,sma_100,1.5,False,0.24641897099931745,0.2815835691692267,True,-0.03516459816990927
v5_30m__entry_macd_24_52_18__exit_sma_20__entry_hours_1p5__exit_hours_1p5,macd_24_52_18__sma_20,MACD/SMA,macd_24_52_18,sma_20,1.5,False,0.1170532000459696,0.14407231228142342,True,-0.02701911223545382
v5_30m__entry_macd_24_52_18__exit_sma_200__entry_hours_1p5__exit_hours_1p5,macd_24_52_18__sma_200,MACD/SMA,macd_24_52_18,sma_200,1.5,False,0.11252855272978261,0.05373798559744341,True,0.058790567132339204
v5_30m__entry_macd_24_52_18__exit_sma_250__entry_hours_1p5__exit_hours_1p5,macd_24_52_18__sma_250,MACD/SMA,macd_24_52_18,sma_250,1.5,True,0.3639333449681802,0.2624020855323676,True,0.10153125943581259
v5_30m__entry_macd_24_52_18__exit_sma_50__entry_hours_1p5__exit_hours_1p5,macd_24_52_18__sma_50,MACD/SMA,macd_24_52_18,sma_50,1.5,False,0.21835173042894102,0.1924333058867206,True,0.025918424542220403
v5_30m__entry_macd_48_104_36__exit_ema_10__entry_hours_1p5__exit_hours_1p5,macd_48_104_36__ema_10,MACD/EMA,macd_48_104_36,ema_10,1.5,False,0.030486405999419874,0.03448760042492447,True,-0.004001194425504596
v5_30m__entry_macd_48_104_36__exit_ema_100__entry_hours_1p5__exit_hours_1p5,macd_48_104_36__ema_100,MACD/EMA,macd_48_104_36,ema_100,1.5,False,0.2833509736051485,0.2485118872003444,True,0.0348390864048041
v5_30m__entry_macd_48_104_36__exit_ema_20__entry_hours_1p5__exit_hours_1p5,macd_48_104_36__ema_20,MACD/EMA,macd_48_104_36,ema_20,1.5,False,0.13374344378222647,0.1589579519004396,True,-0.02521450811821313
v5_30m__entry_macd_48_104_36__exit_ema_200__entry_hours_1p5__exit_hours_1p5,macd_48_104_36__ema_200,MACD/EMA,macd_48_104_36,ema_200,1.5,False,0.12393912800345025,0.12368352574334625,True,0.00025560226010400144
v5_30m__entry_macd_48_104_36__exit_ema_250__entry_hours_1p5__exit_hours_1p5,macd_48_104_36__ema_250,MACD/EMA,macd_48_104_36,ema_250,1.5,False,0.2519142088874607,0.15084058222576516,True,0.10107362666169553
v5_30m__entry_macd_48_104_36__exit_ema_50__entry_hours_1p5__exit_hours_1p5,macd_48_104_36__ema_50,MACD/EMA,macd_48_104_36,ema_50,1.5,False,0.22937968485287039,0.15165428497255848,True,0.07772539988031191
v5_30m__entry_macd_48_104_36__exit_macd_12_26_9__entry_hours_1p5__exit_hours_1p5,macd_48_104_36__macd_12_26_9,MACD/MACD,macd_48_104_36,macd_12_26_9,1.5,False,-0.1084829007072078,-0.09492820142784347,True,-0.013554699279364327
v5_30m__entry_macd_48_104_36__exit_macd_24_52_18__entry_hours_1p5__exit_hours_1p5,macd_48_104_36__macd_24_52_18,MACD/MACD,macd_48_104_36,macd_24_52_18,1.5,False,-0.05689417623270641,-0.0593564494637505,True,0.0024622732310440945
v5_30m__entry_macd_48_104_36__exit_macd_48_104_36__entry_hours_1p5__exit_hours_1p5,macd_48_104_36__macd_48_104_36,MACD/MACD,macd_48_104_36,macd_48_104_36,1.5,False,0.06818523667724694,0.059038478179540874,True,0.009146758497706062
v5_30m__entry_macd_48_104_36__exit_macd_6_13_5__entry_hours_1p5__exit_hours_1p5,macd_48_104_36__macd_6_13_5,MACD/MACD,macd_48_104_36,macd_6_13_5,1.5,False,-0.32950730797074385,-0.24994494313057333,True,-0.07956236484017051
v5_30m__entry_macd_48_104_36__exit_macd_96_208_72__entry_hours_1p5__exit_hours_1p5,macd_48_104_36__macd_96_208_72,MACD/MACD,macd_48_104_36,macd_96_208_72,1.5,True,0.1510470379256613,0.1780850318940042,True,-0.027037993968342916
v5_30m__entry_macd_48_104_36__exit_sma_10__entry_hours_1p5__exit_hours_1p5,macd_48_104_36__sma_10,MACD/SMA,macd_48_104_36,sma_10,1.5,False,-0.04653305300220019,-0.15298304419964567,True,0.10644999119744548
v5_30m__entry_macd_48_104_36__exit_sma_100__entry_hours_1p5__exit_hours_1p5,macd_48_104_36__sma_100,MACD/SMA,macd_48_104_36,sma_100,1.5,False,0.2318250041917467,0.20688133291105346,True,0.024943671280693247
v5_30m__entry_macd_48_104_36__exit_sma_20__entry_hours_1p5__exit_hours_1p5,macd_48_104_36__sma_20,MACD/SMA,macd_48_104_36,sma_20,1.5,False,0.15779677570652326,0.2527713749066454,True,-0.09497459920012216
v5_30m__entry_macd_48_104_36__exit_sma_200__entry_hours_1p5__exit_hours_1p5,macd_48_104_36__sma_200,MACD/SMA,macd_48_104_36,sma_200,1.5,False,0.05544792438713786,0.08380688632393145,True,-0.02835896193679359
v5_30m__entry_macd_48_104_36__exit_sma_250__entry_hours_1p5__exit_hours_1p5,macd_48_104_36__sma_250,MACD/SMA,macd_48_104_36,sma_250,1.5,False,0.2688754772798127,0.2563091465984941,True,0.012566330681318627
v5_30m__entry_macd_48_104_36__exit_sma_50__entry_hours_1p5__exit_hours_1p5,macd_48_104_36__sma_50,MACD/SMA,macd_48_104_36,sma_50,1.5,False,0.21463153374582739,0.13424332681152007,True,0.08038820693430732
v5_30m__entry_macd_6_13_5__exit_ema_10__entry_hours_1p5__exit_hours_1p5,macd_6_13_5__ema_10,MACD/EMA,macd_6_13_5,ema_10,1.5,False,-0.014060908237666014,-0.09518555692943119,True,0.08112464869176518
v5_30m__entry_macd_6_13_5__exit_ema_100__entry_hours_1p5__exit_hours_1p5,macd_6_13_5__ema_100,MACD/EMA,macd_6_13_5,ema_100,1.5,False,0.3614342133993052,0.20905005498886176,True,0.15238415841044345
v5_30m__entry_macd_6_13_5__exit_ema_20__entry_hours_1p5__exit_hours_1p5,macd_6_13_5__ema_20,MACD/EMA,macd_6_13_5,ema_20,1.5,False,0.14602387260375863,0.3932842103998786,True,-0.24726033779611997
v5_30m__entry_macd_6_13_5__exit_ema_200__entry_hours_1p5__exit_hours_1p5,macd_6_13_5__ema_200,MACD/EMA,macd_6_13_5,ema_200,1.5,False,0.2943022579035164,0.28673791590516057,True,0.007564341998355817
v5_30m__entry_macd_6_13_5__exit_ema_250__entry_hours_1p5__exit_hours_1p5,macd_6_13_5__ema_250,MACD/EMA,macd_6_13_5,ema_250,1.5,True,0.3293869428062619,0.2357207832752722,True,0.0936661595309897
v5_30m__entry_macd_6_13_5__exit_ema_50__entry_hours_1p5__exit_hours_1p5,macd_6_13_5__ema_50,MACD/EMA,macd_6_13_5,ema_50,1.5,False,0.22486184271121046,0.2916194114240565,True,-0.06675756871284605
v5_30m__entry_macd_6_13_5__exit_macd_12_26_9__entry_hours_1p5__exit_hours_1p5,macd_6_13_5__macd_12_26_9,MACD/MACD,macd_6_13_5,macd_12_26_9,1.5,False,0.017169997451696974,0.02305298574551216,True,-0.005882988293815186
v5_30m__entry_macd_6_13_5__exit_macd_24_52_18__entry_hours_1p5__exit_hours_1p5,macd_6_13_5__macd_24_52_18,MACD/MACD,macd_6_13_5,macd_24_52_18,1.5,False,-0.11740641646794538,-0.08478910274393897,True,-0.032617313724006405
v5_30m__entry_macd_6_13_5__exit_macd_48_104_36__entry_hours_1p5__exit_hours_1p5,macd_6_13_5__macd_48_104_36,MACD/MACD,macd_6_13_5,macd_48_104_36,1.5,False,0.04336957461490829,0.0808892648389764,True,-0.03751969022406811
v5_30m__entry_macd_6_13_5__exit_macd_6_13_5__entry_hours_1p5__exit_hours_1p5,macd_6_13_5__macd_6_13_5,MACD/MACD,macd_6_13_5,macd_6_13_5,1.5,False,-0.355134945492323,-0.19194352131521258,True,-0.1631914241771104
v5_30m__entry_macd_6_13_5__exit_macd_96_208_72__entry_hours_1p5__exit_hours_1p5,macd_6_13_5__macd_96_208_72,MACD/MACD,macd_6_13_5,macd_96_208_72,1.5,False,0.11615316980958638,0.16503114378334596,True,-0.04887797397375958
v5_30m__entry_macd_6_13_5__exit_sma_10__entry_hours_1p5__exit_hours_1p5,macd_6_13_5__sma_10,MACD/SMA,macd_6_13_5,sma_10,1.5,False,-0.21440130504675398,-0.06135077599801717,True,-0.1530505290487368
v5_30m__entry_macd_6_13_5__exit_sma_100__entry_hours_1p5__exit_hours_1p5,macd_6_13_5__sma_100,MACD/SMA,macd_6_13_5,sma_100,1.5,False,0.13819421253626027,0.11466980414669015,True,0.023524408389570123
v5_30m__entry_macd_6_13_5__exit_sma_20__entry_hours_1p5__exit_hours_1p5,macd_6_13_5__sma_20,MACD/SMA,macd_6_13_5,sma_20,1.5,False,0.2067421918826158,0.31445977057862495,True,-0.10771757869600915
v5_30m__entry_macd_6_13_5__exit_sma_200__entry_hours_1p5__exit_hours_1p5,macd_6_13_5__sma_200,MACD/SMA,macd_6_13_5,sma_200,1.5,False,0.17986324061945314,0.14170203850062213,True,0.038161202118831006
v5_30m__entry_macd_6_13_5__exit_sma_250__entry_hours_1p5__exit_hours_1p5,macd_6_13_5__sma_250,MACD/SMA,macd_6_13_5,sma_250,1.5,False,0.33607338648478907,0.2699246235264358,True,0.06614876295835326
v5_30m__entry_macd_6_13_5__exit_sma_50__entry_hours_1p5__exit_hours_1p5,macd_6_13_5__sma_50,MACD/SMA,macd_6_13_5,sma_50,1.5,False,0.3036700756277759,0.3373352045939966,True,-0.03366512896622065
v5_30m__entry_macd_96_208_72__exit_ema_10__entry_hours_1p5__exit_hours_1p5,macd_96_208_72__ema_10,MACD/EMA,macd_96_208_72,ema_10,1.5,False,0.056968247161542175,0.15066532983641298,True,-0.09369708267487081
v5_30m__entry_macd_96_208_72__exit_ema_100__entry_hours_1p5__exit_hours_1p5,macd_96_208_72__ema_100,MACD/EMA,macd_96_208_72,ema_100,1.5,True,0.4251317855882287,0.24876418537290512,True,0.17636760021532355
v5_30m__entry_macd_96_208_72__exit_ema_20__entry_hours_1p5__exit_hours_1p5,macd_96_208_72__ema_20,MACD/EMA,macd_96_208_72,ema_20,1.5,False,0.14510947100619845,0.3006826338687007,True,-0.15557316286250225
v5_30m__entry_macd_96_208_72__exit_ema_200__entry_hours_1p5__exit_hours_1p5,macd_96_208_72__ema_200,MACD/EMA,macd_96_208_72,ema_200,1.5,True,0.3233722891411063,0.2486568790396074,True,0.07471541010149887
v5_30m__entry_macd_96_208_72__exit_ema_250__entry_hours_1p5__exit_hours_1p5,macd_96_208_72__ema_250,MACD/EMA,macd_96_208_72,ema_250,1.5,False,0.3207597148481683,0.30133914433361414,True,0.019420570514554147
v5_30m__entry_macd_96_208_72__exit_ema_50__entry_hours_1p5__exit_hours_1p5,macd_96_208_72__ema_50,MACD/EMA,macd_96_208_72,ema_50,1.5,False,0.35188955370632824,0.2835095290459566,True,0.06838002466037163
v5_30m__entry_macd_96_208_72__exit_macd_12_26_9__entry_hours_1p5__exit_hours_1p5,macd_96_208_72__macd_12_26_9,MACD/MACD,macd_96_208_72,macd_12_26_9,1.5,True,0.036885291177674695,0.1278668706026702,True,-0.09098157942499552
v5_30m__entry_macd_96_208_72__exit_macd_24_52_18__entry_hours_1p5__exit_hours_1p5,macd_96_208_72__macd_24_52_18,MACD/MACD,macd_96_208_72,macd_24_52_18,1.5,False,-0.012593678914830824,0.004733282577231128,True,-0.017326961492061952
v5_30m__entry_macd_96_208_72__exit_macd_48_104_36__entry_hours_1p5__exit_hours_1p5,macd_96_208_72__macd_48_104_36,MACD/MACD,macd_96_208_72,macd_48_104_36,1.5,True,0.235910660568658,0.24574763724732063,True,-0.009836976678662623
v5_30m__entry_macd_96_208_72__exit_macd_6_13_5__entry_hours_1p5__exit_hours_1p5,macd_96_208_72__macd_6_13_5,MACD/MACD,macd_96_208_72,macd_6_13_5,1.5,False,-0.11219400072695215,-0.009116973083050206,True,-0.10307702764390195
v5_30m__entry_macd_96_208_72__exit_macd_96_208_72__entry_hours_1p5__exit_hours_1p5,macd_96_208_72__macd_96_208_72,MACD/MACD,macd_96_208_72,macd_96_208_72,1.5,True,0.14358304578248926,0.1605682318828898,True,-0.016985186100400534
v5_30m__entry_macd_96_208_72__exit_sma_10__entry_hours_1p5__exit_hours_1p5,macd_96_208_72__sma_10,MACD/SMA,macd_96_208_72,sma_10,1.5,False,-0.0797205387688488,0.009673866296208254,True,-0.08939440506505705
v5_30m__entry_macd_96_208_72__exit_sma_100__entry_hours_1p5__exit_hours_1p5,macd_96_208_72__sma_100,MACD/SMA,macd_96_208_72,sma_100,1.5,True,0.26685858366149534,0.23415642261128206,True,0.032702161050213285
v5_30m__entry_macd_96_208_72__exit_sma_20__entry_hours_1p5__exit_hours_1p5,macd_96_208_72__sma_20,MACD/SMA,macd_96_208_72,sma_20,1.5,False,0.18122224540820836,0.31773684879009023,True,-0.13651460338188187
v5_30m__entry_macd_96_208_72__exit_sma_200__entry_hours_1p5__exit_hours_1p5,macd_96_208_72__sma_200,MACD/SMA,macd_96_208_72,sma_200,1.5,True,0.3548043147083988,0.30563219290983745,True,0.04917212179856134
v5_30m__entry_macd_96_208_72__exit_sma_250__entry_hours_1p5__exit_hours_1p5,macd_96_208_72__sma_250,MACD/SMA,macd_96_208_72,sma_250,1.5,False,0.32384527041853894,0.3218964496759517,True,0.0019488207425872317
v5_30m__entry_macd_96_208_72__exit_sma_50__entry_hours_1p5__exit_hours_1p5,macd_96_208_72__sma_50,MACD/SMA,macd_96_208_72,sma_50,1.5,True,0.3616709969401405,0.3214393896303881,True,0.04023160730975239
v5_30m__entry_sma_100__exit_ema_10__entry_hours_1p5__exit_hours_1p5,sma_100__ema_10,SMA/EMA,sma_100,ema_10,1.5,False,-0.13641564222802452,-0.0477304623622807,True,-0.08868517986574381
v5_30m__entry_sma_100__exit_ema_100__entry_hours_1p5__exit_hours_1p5,sma_100__ema_100,SMA/EMA,sma_100,ema_100,1.5,False,0.30885915466403174,0.2367142444866327,True,0.07214491017739905
v5_30m__entry_sma_100__exit_ema_20__entry_hours_1p5__exit_hours_1p5,sma_100__ema_20,SMA/EMA,sma_100,ema_20,1.5,False,-0.07074770389324597,0.14972042322937665,True,-0.22046812712262262
v5_30m__entry_sma_100__exit_ema_200__entry_hours_1p5__exit_hours_1p5,sma_100__ema_200,SMA/EMA,sma_100,ema_200,1.5,False,0.10792151683272168,0.13050843463565556,True,-0.022586917802933884
v5_30m__entry_sma_100__exit_ema_250__entry_hours_1p5__exit_hours_1p5,sma_100__ema_250,SMA/EMA,sma_100,ema_250,1.5,False,0.24801383574105423,0.18603949674194095,True,0.06197433899911328
v5_30m__entry_sma_100__exit_ema_50__entry_hours_1p5__exit_hours_1p5,sma_100__ema_50,SMA/EMA,sma_100,ema_50,1.5,False,0.2086032558184047,0.22471992147822725,True,-0.01611666565982256
v5_30m__entry_sma_100__exit_macd_12_26_9__entry_hours_1p5__exit_hours_1p5,sma_100__macd_12_26_9,SMA/MACD,sma_100,macd_12_26_9,1.5,False,-0.22048685212877914,-0.16859566809357193,True,-0.051891184035207205
v5_30m__entry_sma_100__exit_macd_24_52_18__entry_hours_1p5__exit_hours_1p5,sma_100__macd_24_52_18,SMA/MACD,sma_100,macd_24_52_18,1.5,False,-0.17058202568664638,-0.1564919624751042,True,-0.014090063211542186
v5_30m__entry_sma_100__exit_macd_48_104_36__entry_hours_1p5__exit_hours_1p5,sma_100__macd_48_104_36,SMA/MACD,sma_100,macd_48_104_36,1.5,True,0.02048752236948826,0.028749054769666597,True,-0.008261532400178337
v5_30m__entry_sma_100__exit_macd_6_13_5__entry_hours_1p5__exit_hours_1p5,sma_100__macd_6_13_5,SMA/MACD,sma_100,macd_6_13_5,1.5,False,-0.39712084252065305,-0.3862908182941333,True,-0.010830024226519741
v5_30m__entry_sma_100__exit_macd_96_208_72__entry_hours_1p5__exit_hours_1p5,sma_100__macd_96_208_72,SMA/MACD,sma_100,macd_96_208_72,1.5,True,0.0888840893678079,0.10665873943651964,True,-0.017774650068711748
v5_30m__entry_sma_100__exit_sma_10__entry_hours_1p5__exit_hours_1p5,sma_100__sma_10,SMA/SMA,sma_100,sma_10,1.5,False,-0.25773853669526686,-0.16218815873068493,True,-0.09555037796458193
v5_30m__entry_sma_100__exit_sma_100__entry_hours_1p5__exit_hours_1p5,sma_100__sma_100,SMA/SMA,sma_100,sma_100,1.5,False,0.17761830608293167,0.12613850053571193,True,0.05147980554721973
v5_30m__entry_sma_100__exit_sma_20__entry_hours_1p5__exit_hours_1p5,sma_100__sma_20,SMA/SMA,sma_100,sma_20,1.5,False,-0.005093559064124862,0.14539435143846427,True,-0.15048791050258914
v5_30m__entry_sma_100__exit_sma_200__entry_hours_1p5__exit_hours_1p5,sma_100__sma_200,SMA/SMA,sma_100,sma_200,1.5,False,0.10842634836531848,0.11362854354780044,True,-0.005202195182481967
v5_30m__entry_sma_100__exit_sma_250__entry_hours_1p5__exit_hours_1p5,sma_100__sma_250,SMA/SMA,sma_100,sma_250,1.5,False,0.2745149327829529,0.27545934922334825,True,-0.0009444164403953348
v5_30m__entry_sma_100__exit_sma_50__entry_hours_1p5__exit_hours_1p5,sma_100__sma_50,SMA/SMA,sma_100,sma_50,1.5,True,0.2229634547236591,0.21285985836880875,True,0.010103596354850364
v5_30m__entry_sma_10__exit_ema_10__entry_hours_1p5__exit_hours_1p5,sma_10__ema_10,SMA/EMA,sma_10,ema_10,1.5,False,0.03574454684656822,-0.017663739448417964,True,0.05340828629498619
v5_30m__entry_sma_10__exit_ema_100__entry_hours_1p5__exit_hours_1p5,sma_10__ema_100,SMA/EMA,sma_10,ema_100,1.5,True,0.4557408972678902,0.2533153179256109,True,0.20242557934227928
v5_30m__entry_sma_10__exit_ema_20__entry_hours_1p5__exit_hours_1p5,sma_10__ema_20,SMA/EMA,sma_10,ema_20,1.5,False,0.18056381511406092,0.3411043840613864,True,-0.16054056894732546
v5_30m__entry_sma_10__exit_ema_200__entry_hours_1p5__exit_hours_1p5,sma_10__ema_200,SMA/EMA,sma_10,ema_200,1.5,False,0.25504898098672774,0.23670739169878957,True,0.018341589287938165
v5_30m__entry_sma_10__exit_ema_250__entry_hours_1p5__exit_hours_1p5,sma_10__ema_250,SMA/EMA,sma_10,ema_250,1.5,False,0.3322620052930845,0.2577482421717187,True,0.07451376312136576
v5_30m__entry_sma_10__exit_ema_50__entry_hours_1p5__exit_hours_1p5,sma_10__ema_50,SMA/EMA,sma_10,ema_50,1.5,False,0.2262277584654011,0.2813456963184928,True,-0.055117937853091714
v5_30m__entry_sma_10__exit_macd_12_26_9__entry_hours_1p5__exit_hours_1p5,sma_10__macd_12_26_9,SMA/MACD,sma_10,macd_12_26_9,1.5,False,-0.09324931111042632,0.0022807514729781954,True,-0.09553006258340452
v5_30m__entry_sma_10__exit_macd_24_52_18__entry_hours_1p5__exit_hours_1p5,sma_10__macd_24_52_18,SMA/MACD,sma_10,macd_24_52_18,1.5,False,-0.15952476355461748,-0.08557883694855466,True,-0.07394592660606282
v5_30m__entry_sma_10__exit_macd_48_104_36__entry_hours_1p5__exit_hours_1p5,sma_10__macd_48_104_36,SMA/MACD,sma_10,macd_48_104_36,1.5,False,0.021311428464715208,0.046116846817210115,True,-0.024805418352494907
v5_30m__entry_sma_10__exit_macd_6_13_5__entry_hours_1p5__exit_hours_1p5,sma_10__macd_6_13_5,SMA/MACD,sma_10,macd_6_13_5,1.5,False,-0.47172128924922896,-0.382602031475174,True,-0.08911925777405494
v5_30m__entry_sma_10__exit_macd_96_208_72__entry_hours_1p5__exit_hours_1p5,sma_10__macd_96_208_72,SMA/MACD,sma_10,macd_96_208_72,1.5,False,0.1444766989226966,0.1701393409829781,True,-0.025662642060281488
v5_30m__entry_sma_10__exit_sma_10__entry_hours_1p5__exit_hours_1p5,sma_10__sma_10,SMA/SMA,sma_10,sma_10,1.5,False,-0.1684382952289598,-0.06092987926780446,True,-0.10750841596115535
v5_30m__entry_sma_10__exit_sma_100__entry_hours_1p5__exit_hours_1p5,sma_10__sma_100,SMA/SMA,sma_10,sma_100,1.5,False,0.2391611082047427,0.18254537047769903,True,0.056615737727043675
v5_30m__entry_sma_10__exit_sma_20__entry_hours_1p5__exit_hours_1p5,sma_10__sma_20,SMA/SMA,sma_10,sma_20,1.5,True,0.19803401274479637,0.3973558022241376,True,-0.1993217894793412
v5_30m__entry_sma_10__exit_sma_200__entry_hours_1p5__exit_hours_1p5,sma_10__sma_200,SMA/SMA,sma_10,sma_200,1.5,False,0.18220253627965435,0.20425280311566912,True,-0.02205026683601477
v5_30m__entry_sma_10__exit_sma_250__entry_hours_1p5__exit_hours_1p5,sma_10__sma_250,SMA/SMA,sma_10,sma_250,1.5,False,0.33534664397945624,0.3088493479650651,True,0.02649729601439116
v5_30m__entry_sma_10__exit_sma_50__entry_hours_1p5__exit_hours_1p5,sma_10__sma_50,SMA/SMA,sma_10,sma_50,1.5,True,0.3569627331211069,0.31887350811874654,True,0.03808922500236034
v5_30m__entry_sma_200__exit_ema_10__entry_hours_1p5__exit_hours_1p5,sma_200__ema_10,SMA/EMA,sma_200,ema_10,1.5,False,-0.09032898140868702,-0.15391345563160827,True,0.06358447422292125
v5_30m__entry_sma_200__exit_ema_100__entry_hours_1p5__exit_hours_1p5,sma_200__ema_100,SMA/EMA,sma_200,ema_100,1.5,False,0.3029626218405587,0.17353504263493041,True,0.1294275792056283
v5_30m__entry_sma_200__exit_ema_20__entry_hours_1p5__exit_hours_1p5,sma_200__ema_20,SMA/EMA,sma_200,ema_20,1.5,False,-0.17887317199909158,-0.11183094203641195,True,-0.06704222996267964
v5_30m__entry_sma_200__exit_ema_200__entry_hours_1p5__exit_hours_1p5,sma_200__ema_200,SMA/EMA,sma_200,ema_200,1.5,False,0.22629202918161764,0.10821488703876408,True,0.11807714214285356
v5_30m__entry_sma_200__exit_ema_250__entry_hours_1p5__exit_hours_1p5,sma_200__ema_250,SMA/EMA,sma_200,ema_250,1.5,False,0.3073641164634764,0.19275481604691197,True,0.11460930041656442
v5_30m__entry_sma_200__exit_ema_50__entry_hours_1p5__exit_hours_1p5,sma_200__ema_50,SMA/EMA,sma_200,ema_50,1.5,False,0.12687737358617177,0.0688386562920333,True,0.05803871729413847
v5_30m__entry_sma_200__exit_macd_12_26_9__entry_hours_1p5__exit_hours_1p5,sma_200__macd_12_26_9,SMA/MACD,sma_200,macd_12_26_9,1.5,False,0.06251839347127686,-0.030370502779174715,True,0.09288889625045157
v5_30m__entry_sma_200__exit_macd_24_52_18__entry_hours_1p5__exit_hours_1p5,sma_200__macd_24_52_18,SMA/MACD,sma_200,macd_24_52_18,1.5,False,-0.29667897063125276,-0.3118562231094378,True,0.015177252478185022
v5_30m__entry_sma_200__exit_macd_48_104_36__entry_hours_1p5__exit_hours_1p5,sma_200__macd_48_104_36,SMA/MACD,sma_200,macd_48_104_36,1.5,False,-0.06828000137606556,-0.013089943619171266,True,-0.0551900577568943
v5_30m__entry_sma_200__exit_macd_6_13_5__entry_hours_1p5__exit_hours_1p5,sma_200__macd_6_13_5,SMA/MACD,sma_200,macd_6_13_5,1.5,False,0.03058750552041851,-0.11993163133239154,True,0.15051913685281004
v5_30m__entry_sma_200__exit_macd_96_208_72__entry_hours_1p5__exit_hours_1p5,sma_200__macd_96_208_72,SMA/MACD,sma_200,macd_96_208_72,1.5,False,0.16204943519207485,0.16556302780445492,True,-0.003513592612380073
v5_30m__entry_sma_200__exit_sma_10__entry_hours_1p5__exit_hours_1p5,sma_200__sma_10,SMA/SMA,sma_200,sma_10,1.5,False,-0.1816406690569894,-0.1907468396867628,True,0.009106170629773397
v5_30m__entry_sma_200__exit_sma_100__entry_hours_1p5__exit_hours_1p5,sma_200__sma_100,SMA/SMA,sma_200,sma_100,1.5,False,0.0530685971137799,-0.021218118274778815,True,0.07428671538855872
v5_30m__entry_sma_200__exit_sma_20__entry_hours_1p5__exit_hours_1p5,sma_200__sma_20,SMA/SMA,sma_200,sma_20,1.5,False,-0.0782457709154764,-0.02383902793236807,True,-0.054406742983108325
v5_30m__entry_sma_200__exit_sma_200__entry_hours_1p5__exit_hours_1p5,sma_200__sma_200,SMA/SMA,sma_200,sma_200,1.5,False,0.15685215309795314,0.0614431327929076,True,0.09540902030504554
v5_30m__entry_sma_200__exit_sma_250__entry_hours_1p5__exit_hours_1p5,sma_200__sma_250,SMA/SMA,sma_200,sma_250,1.5,False,0.31068446996447846,0.27059904731276374,True,0.04008542265171472
v5_30m__entry_sma_200__exit_sma_50__entry_hours_1p5__exit_hours_1p5,sma_200__sma_50,SMA/SMA,sma_200,sma_50,1.5,False,0.10476426735897565,0.01903756575933883,True,0.08572670159963681
v5_30m__entry_sma_20__exit_ema_10__entry_hours_1p5__exit_hours_1p5,sma_20__ema_10,SMA/EMA,sma_20,ema_10,1.5,False,0.18541205719405193,0.15207353973017154,True,0.03333851746388039
v5_30m__entry_sma_20__exit_ema_100__entry_hours_1p5__exit_hours_1p5,sma_20__ema_100,SMA/EMA,sma_20,ema_100,1.5,True,0.4784100436687951,0.33163871427024283,True,0.14677132939855225
v5_30m__entry_sma_20__exit_ema_20__entry_hours_1p5__exit_hours_1p5,sma_20__ema_20,SMA/EMA,sma_20,ema_20,1.5,False,0.1814120347238355,0.3536244230778022,True,-0.17221238835396668
v5_30m__entry_sma_20__exit_ema_200__entry_hours_1p5__exit_hours_1p5,sma_20__ema_200,SMA/EMA,sma_20,ema_200,1.5,False,0.21062151919733657,0.19316330002804866,True,0.017458219169287914
v5_30m__entry_sma_20__exit_ema_250__entry_hours_1p5__exit_hours_1p5,sma_20__ema_250,SMA/EMA,sma_20,ema_250,1.5,True,0.3312460179483624,0.23075759095571138,True,0.10048842699265101
v5_30m__entry_sma_20__exit_ema_50__entry_hours_1p5__exit_hours_1p5,sma_20__ema_50,SMA/EMA,sma_20,ema_50,1.5,False,0.23548455486666975,0.24701422522583466,True,-0.011529670359164912
v5_30m__entry_sma_20__exit_macd_12_26_9__entry_hours_1p5__exit_hours_1p5,sma_20__macd_12_26_9,SMA/MACD,sma_20,macd_12_26_9,1.5,False,0.04502952078631706,0.1280302525098118,True,-0.08300073172349473
v5_30m__entry_sma_20__exit_macd_24_52_18__entry_hours_1p5__exit_hours_1p5,sma_20__macd_24_52_18,SMA/MACD,sma_20,macd_24_52_18,1.5,False,-0.07710602379584255,-0.09845636187278212,True,0.021350338076939562
v5_30m__entry_sma_20__exit_macd_48_104_36__entry_hours_1p5__exit_hours_1p5,sma_20__macd_48_104_36,SMA/MACD,sma_20,macd_48_104_36,1.5,False,0.06694157509434975,0.06937582916227006,True,-0.002434254067920305
v5_30m__entry_sma_20__exit_macd_6_13_5__entry_hours_1p5__exit_hours_1p5,sma_20__macd_6_13_5,SMA/MACD,sma_20,macd_6_13_5,1.5,False,-0.0027556236461172526,0.024342433881856303,True,-0.027098057527973556
v5_30m__entry_sma_20__exit_macd_96_208_72__entry_hours_1p5__exit_hours_1p5,sma_20__macd_96_208_72,SMA/MACD,sma_20,macd_96_208_72,1.5,False,0.1444766989226966,0.16344052486618202,True,-0.01896382594348542
v5_30m__entry_sma_20__exit_sma_10__entry_hours_1p5__exit_hours_1p5,sma_20__sma_10,SMA/SMA,sma_20,sma_10,1.5,False,0.13096350688040145,0.0807852867228286,True,0.05017822015757285
v5_30m__entry_sma_20__exit_sma_100__entry_hours_1p5__exit_hours_1p5,sma_20__sma_100,SMA/SMA,sma_20,sma_100,1.5,False,0.2077497012696288,0.2459058308330993,True,-0.0381561295634705
v5_30m__entry_sma_20__exit_sma_20__entry_hours_1p5__exit_hours_1p5,sma_20__sma_20,SMA/SMA,sma_20,sma_20,1.5,False,0.24744821463413022,0.3560619129898959,True,-0.1086136983557657
v5_30m__entry_sma_20__exit_sma_200__entry_hours_1p5__exit_hours_1p5,sma_20__sma_200,SMA/SMA,sma_20,sma_200,1.5,False,0.1631240104934715,0.16791880213394697,True,-0.004794791640475471
v5_30m__entry_sma_20__exit_sma_250__entry_hours_1p5__exit_hours_1p5,sma_20__sma_250,SMA/SMA,sma_20,sma_250,1.5,False,0.31329519744766554,0.2839241473932526,True,0.029371050054412928
v5_30m__entry_sma_20__exit_sma_50__entry_hours_1p5__exit_hours_1p5,sma_20__sma_50,SMA/SMA,sma_20,sma_50,1.5,True,0.3304209570318941,0.3189337366588616,True,0.011487220373032514
v5_30m__entry_sma_250__exit_ema_10__entry_hours_1p5__exit_hours_1p5,sma_250__ema_10,SMA/EMA,sma_250,ema_10,1.5,False,0.026661935652326538,0.05699673264891661,True,-0.03033479699659007
v5_30m__entry_sma_250__exit_ema_100__entry_hours_1p5__exit_hours_1p5,sma_250__ema_100,SMA/EMA,sma_250,ema_100,1.5,True,0.399801654516381,0.30539886889045337,True,0.09440278562592763
v5_30m__entry_sma_250__exit_ema_20__entry_hours_1p5__exit_hours_1p5,sma_250__ema_20,SMA/EMA,sma_250,ema_20,1.5,False,0.0011276804088076761,0.14622185884556668,True,-0.145094178436759
v5_30m__entry_sma_250__exit_ema_200__entry_hours_1p5__exit_hours_1p5,sma_250__ema_200,SMA/EMA,sma_250,ema_200,1.5,False,0.2597029905699596,0.21590378022167703,True,0.043799210348282575
v5_30m__entry_sma_250__exit_ema_250__entry_hours_1p5__exit_hours_1p5,sma_250__ema_250,SMA/EMA,sma_250,ema_250,1.5,False,0.28165324074928033,0.25906258144438976,True,0.02259065930489057
v5_30m__entry_sma_250__exit_ema_50__entry_hours_1p5__exit_hours_1p5,sma_250__ema_50,SMA/EMA,sma_250,ema_50,1.5,False,0.2211573716702811,0.20032706232502162,True,0.02083030934525948
v5_30m__entry_sma_250__exit_macd_12_26_9__entry_hours_1p5__exit_hours_1p5,sma_250__macd_12_26_9,SMA/MACD,sma_250,macd_12_26_9,1.5,True,0.23217419165534312,0.25950630191004226,True,-0.027332110254699143
v5_30m__entry_sma_250__exit_macd_24_52_18__entry_hours_1p5__exit_hours_1p5,sma_250__macd_24_52_18,SMA/MACD,sma_250,macd_24_52_18,1.5,False,-0.07357714208591644,0.0320659498669322,True,-0.10564309195284864
v5_30m__entry_sma_250__exit_macd_48_104_36__entry_hours_1p5__exit_hours_1p5,sma_250__macd_48_104_36,SMA/MACD,sma_250,macd_48_104_36,1.5,False,0.16129446002149492,0.20529052846520518,True,-0.04399606844371026
v5_30m__entry_sma_250__exit_macd_6_13_5__entry_hours_1p5__exit_hours_1p5,sma_250__macd_6_13_5,SMA/MACD,sma_250,macd_6_13_5,1.5,True,0.10125761633841798,-0.023926805264447643,True,0.12518442160286564
v5_30m__entry_sma_250__exit_macd_96_208_72__entry_hours_1p5__exit_hours_1p5,sma_250__macd_96_208_72,SMA/MACD,sma_250,macd_96_208_72,1.5,True,0.4920504211808694,0.4919102303298107,True,0.000140190851058708
v5_30m__entry_sma_250__exit_sma_10__entry_hours_1p5__exit_hours_1p5,sma_250__sma_10,SMA/SMA,sma_250,sma_10,1.5,False,-0.09513059558407301,0.024258521213915696,True,-0.1193891167979887
v5_30m__entry_sma_250__exit_sma_100__entry_hours_1p5__exit_hours_1p5,sma_250__sma_100,SMA/SMA,sma_250,sma_100,1.5,False,0.20176310108758003,0.1996038698982598,True,0.0021592311893202376
v5_30m__entry_sma_250__exit_sma_20__entry_hours_1p5__exit_hours_1p5,sma_250__sma_20,SMA/SMA,sma_250,sma_20,1.5,False,0.060648186417773316,0.19555302537749422,True,-0.1349048389597209
v5_30m__entry_sma_250__exit_sma_200__entry_hours_1p5__exit_hours_1p5,sma_250__sma_200,SMA/SMA,sma_250,sma_200,1.5,False,0.25094679828419336,0.22047916199355763,True,0.03046763629063573
v5_30m__entry_sma_250__exit_sma_250__entry_hours_1p5__exit_hours_1p5,sma_250__sma_250,SMA/SMA,sma_250,sma_250,1.5,False,0.2893334419726218,0.2589968372330883,True,0.03033660473953348
v5_30m__entry_sma_250__exit_sma_50__entry_hours_1p5__exit_hours_1p5,sma_250__sma_50,SMA/SMA,sma_250,sma_50,1.5,False,0.22396513174651916,0.2205492402935725,True,0.0034158914529466566
v5_30m__entry_sma_50__exit_ema_10__entry_hours_1p5__exit_hours_1p5,sma_50__ema_10,SMA/EMA,sma_50,ema_10,1.5,False,-0.0692870742979173,-0.09397694554443742,True,0.024689871246520112
v5_30m__entry_sma_50__exit_ema_100__entry_hours_1p5__exit_hours_1p5,sma_50__ema_100,SMA/EMA,sma_50,ema_100,1.5,False,0.3307952232848747,0.25498967813224716,True,0.07580554515262755
v5_30m__entry_sma_50__exit_ema_20__entry_hours_1p5__exit_hours_1p5,sma_50__ema_20,SMA/EMA,sma_50,ema_20,1.5,False,0.10813072611644231,0.13134201196214132,True,-0.02321128584569901
v5_30m__entry_sma_50__exit_ema_200__entry_hours_1p5__exit_hours_1p5,sma_50__ema_200,SMA/EMA,sma_50,ema_200,1.5,False,0.16118782060975695,0.16357988588130185,True,-0.0023920652715448965
v5_30m__entry_sma_50__exit_ema_250__entry_hours_1p5__exit_hours_1p5,sma_50__ema_250,SMA/EMA,sma_50,ema_250,1.5,True,0.35659875119324336,0.25602463092826233,True,0.10057412026498103
v5_30m__entry_sma_50__exit_ema_50__entry_hours_1p5__exit_hours_1p5,sma_50__ema_50,SMA/EMA,sma_50,ema_50,1.5,False,0.22880808213864667,0.1935354993885933,True,0.03527258275005338
v5_30m__entry_sma_50__exit_macd_12_26_9__entry_hours_1p5__exit_hours_1p5,sma_50__macd_12_26_9,SMA/MACD,sma_50,macd_12_26_9,1.5,False,-0.10341285363684662,0.044237324137862195,True,-0.14765017777470882
v5_30m__entry_sma_50__exit_macd_24_52_18__entry_hours_1p5__exit_hours_1p5,sma_50__macd_24_52_18,SMA/MACD,sma_50,macd_24_52_18,1.5,False,-0.06987222747406376,-0.03496320165371667,True,-0.034909025820347085
v5_30m__entry_sma_50__exit_macd_48_104_36__entry_hours_1p5__exit_hours_1p5,sma_50__macd_48_104_36,SMA/MACD,sma_50,macd_48_104_36,1.5,False,0.005272930298995639,0.03375991179044204,True,-0.028486981491446402
v5_30m__entry_sma_50__exit_macd_6_13_5__entry_hours_1p5__exit_hours_1p5,sma_50__macd_6_13_5,SMA/MACD,sma_50,macd_6_13_5,1.5,False,-0.267509524210863,-0.3140234134050947,True,0.04651388919423172
v5_30m__entry_sma_50__exit_macd_96_208_72__entry_hours_1p5__exit_hours_1p5,sma_50__macd_96_208_72,SMA/MACD,sma_50,macd_96_208_72,1.5,False,0.12761556162730234,0.1456139689034943,True,-0.017998407276191952
v5_30m__entry_sma_50__exit_sma_10__entry_hours_1p5__exit_hours_1p5,sma_50__sma_10,SMA/SMA,sma_50,sma_10,1.5,False,-0.08883653983460736,-0.22944804227899032,True,0.14061150244438297
v5_30m__entry_sma_50__exit_sma_100__entry_hours_1p5__exit_hours_1p5,sma_50__sma_100,SMA/SMA,sma_50,sma_100,1.5,False,0.15262519007643124,0.1616540292987374,True,-0.009028839222306156
v5_30m__entry_sma_50__exit_sma_20__entry_hours_1p5__exit_hours_1p5,sma_50__sma_20,SMA/SMA,sma_50,sma_20,1.5,False,0.09083068449342592,0.2593123638451282,True,-0.16848167935170227
v5_30m__entry_sma_50__exit_sma_200__entry_hours_1p5__exit_hours_1p5,sma_50__sma_200,SMA/SMA,sma_50,sma_200,1.5,False,0.11445988139232133,0.11800408284870101,True,-0.003544201456379681
v5_30m__entry_sma_50__exit_sma_250__entry_hours_1p5__exit_hours_1p5,sma_50__sma_250,SMA/SMA,sma_50,sma_250,1.5,False,0.3335069605700108,0.2759518636817017,True,0.057555096888309065
v5_30m__entry_sma_50__exit_sma_50__entry_hours_1p5__exit_hours_1p5,sma_50__sma_50,SMA/SMA,sma_50,sma_50,1.5,True,0.2705565104777351,0.1652563699705109,True,0.1053001405072242
v5_30m__entry_ema_100__exit_ema_10__entry_hours_2__exit_hours_2,ema_100__ema_10,EMA/EMA,ema_100,ema_10,2.0,False,0.02150813415885202,-0.0006079830197040435,True,0.022116117178556063
v5_30m__entry_ema_100__exit_ema_100__entry_hours_2__exit_hours_2,ema_100__ema_100,EMA/EMA,ema_100,ema_100,2.0,False,0.3723158333702371,0.26002747535994064,True,0.11228835801029646
v5_30m__entry_ema_100__exit_ema_20__entry_hours_2__exit_hours_2,ema_100__ema_20,EMA/EMA,ema_100,ema_20,2.0,False,0.05350965732716859,0.24731206597189026,True,-0.19380240864472167
v5_30m__entry_ema_100__exit_ema_200__entry_hours_2__exit_hours_2,ema_100__ema_200,EMA/EMA,ema_100,ema_200,2.0,False,0.22655231885343435,0.15038308416861185,True,0.0761692346848225
v5_30m__entry_ema_100__exit_ema_250__entry_hours_2__exit_hours_2,ema_100__ema_250,EMA/EMA,ema_100,ema_250,2.0,False,0.30500175295999454,0.2048396593405551,True,0.10016209361943945
v5_30m__entry_ema_100__exit_ema_50__entry_hours_2__exit_hours_2,ema_100__ema_50,EMA/EMA,ema_100,ema_50,2.0,False,0.279641391568223,0.3283270971041166,True,-0.04868570553589363
v5_30m__entry_ema_100__exit_macd_12_26_9__entry_hours_2__exit_hours_2,ema_100__macd_12_26_9,EMA/MACD,ema_100,macd_12_26_9,2.0,False,0.07811932701988117,0.1110696443983843,True,-0.03295031737850314
v5_30m__entry_ema_100__exit_macd_24_52_18__entry_hours_2__exit_hours_2,ema_100__macd_24_52_18,EMA/MACD,ema_100,macd_24_52_18,2.0,False,0.013138394015893038,0.12828172443477173,True,-0.1151433304188787
v5_30m__entry_ema_100__exit_macd_48_104_36__entry_hours_2__exit_hours_2,ema_100__macd_48_104_36,EMA/MACD,ema_100,macd_48_104_36,2.0,False,0.22954970229602414,0.2839908383932107,True,-0.054441136097186565
v5_30m__entry_ema_100__exit_macd_6_13_5__entry_hours_2__exit_hours_2,ema_100__macd_6_13_5,EMA/MACD,ema_100,macd_6_13_5,2.0,False,-0.0010197496771398558,-0.27656485502109796,True,0.2755451053439581
v5_30m__entry_ema_100__exit_macd_96_208_72__entry_hours_2__exit_hours_2,ema_100__macd_96_208_72,EMA/MACD,ema_100,macd_96_208_72,2.0,False,0.3437317813964185,0.35977786496833447,True,-0.016046083571915948
v5_30m__entry_ema_100__exit_sma_10__entry_hours_2__exit_hours_2,ema_100__sma_10,EMA/SMA,ema_100,sma_10,2.0,False,0.0014747309702171578,-0.13929407390727558,True,0.14076880487749274
v5_30m__entry_ema_100__exit_sma_100__entry_hours_2__exit_hours_2,ema_100__sma_100,EMA/SMA,ema_100,sma_100,2.0,False,0.21301711903224976,0.22312607301458304,True,-0.010108953982333274
v5_30m__entry_ema_100__exit_sma_20__entry_hours_2__exit_hours_2,ema_100__sma_20,EMA/SMA,ema_100,sma_20,2.0,False,0.16334599842043204,0.26574609221734224,True,-0.1024000937969102
v5_30m__entry_ema_100__exit_sma_200__entry_hours_2__exit_hours_2,ema_100__sma_200,EMA/SMA,ema_100,sma_200,2.0,False,0.17907591357093447,0.15294067917570942,True,0.026135234395225054
v5_30m__entry_ema_100__exit_sma_250__entry_hours_2__exit_hours_2,ema_100__sma_250,EMA/SMA,ema_100,sma_250,2.0,False,0.3171480594807582,0.2681067214191236,True,0.049041338061634576
v5_30m__entry_ema_100__exit_sma_50__entry_hours_2__exit_hours_2,ema_100__sma_50,EMA/SMA,ema_100,sma_50,2.0,True,0.39627735806834796,0.3543849174179127,True,0.041892440650435236
v5_30m__entry_ema_10__exit_ema_10__entry_hours_2__exit_hours_2,ema_10__ema_10,EMA/EMA,ema_10,ema_10,2.0,False,0.03543479613528039,0.04238228775696942,True,-0.006947491621689034
v5_30m__entry_ema_10__exit_ema_100__entry_hours_2__exit_hours_2,ema_10__ema_100,EMA/EMA,ema_10,ema_100,2.0,True,0.44926616564765964,0.28292642504301196,True,0.16633974060464768
v5_30m__entry_ema_10__exit_ema_20__entry_hours_2__exit_hours_2,ema_10__ema_20,EMA/EMA,ema_10,ema_20,2.0,False,0.10944560189887464,0.4074960362135531,True,-0.2980504343146785
v5_30m__entry_ema_10__exit_ema_200__entry_hours_2__exit_hours_2,ema_10__ema_200,EMA/EMA,ema_10,ema_200,2.0,False,0.2607879757966253,0.24679641125008211,True,0.013991564546543211
v5_30m__entry_ema_10__exit_ema_250__entry_hours_2__exit_hours_2,ema_10__ema_250,EMA/EMA,ema_10,ema_250,2.0,False,0.34721525795021857,0.2535970817655029,True,0.09361817618471568
v5_30m__entry_ema_10__exit_ema_50__entry_hours_2__exit_hours_2,ema_10__ema_50,EMA/EMA,ema_10,ema_50,2.0,False,0.19589076914666592,0.29332963587277333,True,-0.09743886672610741
v5_30m__entry_ema_10__exit_macd_12_26_9__entry_hours_2__exit_hours_2,ema_10__macd_12_26_9,EMA/MACD,ema_10,macd_12_26_9,2.0,False,-0.0650979975009687,0.04448900367367532,True,-0.10958700117464402
v5_30m__entry_ema_10__exit_macd_24_52_18__entry_hours_2__exit_hours_2,ema_10__macd_24_52_18,EMA/MACD,ema_10,macd_24_52_18,2.0,False,-0.054718457720047874,-0.09447657861976214,True,0.03975812089971426
v5_30m__entry_ema_10__exit_macd_48_104_36__entry_hours_2__exit_hours_2,ema_10__macd_48_104_36,EMA/MACD,ema_10,macd_48_104_36,2.0,False,0.056543885400935016,0.06041333402917477,True,-0.0038694486282397564
v5_30m__entry_ema_10__exit_macd_6_13_5__entry_hours_2__exit_hours_2,ema_10__macd_6_13_5,EMA/MACD,ema_10,macd_6_13_5,2.0,False,-0.2713357241978721,-0.337329343855825,True,0.06599361965795292
v5_30m__entry_ema_10__exit_macd_96_208_72__entry_hours_2__exit_hours_2,ema_10__macd_96_208_72,EMA/MACD,ema_10,macd_96_208_72,2.0,False,0.1425011670968245,0.1701393409829781,True,-0.027638173886153583
v5_30m__entry_ema_10__exit_sma_10__entry_hours_2__exit_hours_2,ema_10__sma_10,EMA/SMA,ema_10,sma_10,2.0,False,-0.02589098849085911,-0.02027189997570593,True,-0.005619088515153182
v5_30m__entry_ema_10__exit_sma_100__entry_hours_2__exit_hours_2,ema_10__sma_100,EMA/SMA,ema_10,sma_100,2.0,False,0.17693056044317182,0.21723681396672326,True,-0.04030625352355144
v5_30m__entry_ema_10__exit_sma_20__entry_hours_2__exit_hours_2,ema_10__sma_20,EMA/SMA,ema_10,sma_20,2.0,True,0.14532660519084176,0.42097776631184786,True,-0.27565116112100607
v5_30m__entry_ema_10__exit_sma_200__entry_hours_2__exit_hours_2,ema_10__sma_200,EMA/SMA,ema_10,sma_200,2.0,False,0.12929028608656784,0.19696945041182182,True,-0.06767916432525398
v5_30m__entry_ema_10__exit_sma_250__entry_hours_2__exit_hours_2,ema_10__sma_250,EMA/SMA,ema_10,sma_250,2.0,False,0.3011596029270611,0.3076816409695035,True,-0.006522038042442391
v5_30m__entry_ema_10__exit_sma_50__entry_hours_2__exit_hours_2,ema_10__sma_50,EMA/SMA,ema_10,sma_50,2.0,True,0.33297427269165264,0.33207476598594116,True,0.0008995067057114836
v5_30m__entry_ema_200__exit_ema_10__entry_hours_2__exit_hours_2,ema_200__ema_10,EMA/EMA,ema_200,ema_10,2.0,False,-0.08957467063551304,0.09988745464702359,True,-0.18946212528253664
v5_30m__entry_ema_200__exit_ema_100__entry_hours_2__exit_hours_2,ema_200__ema_100,EMA/EMA,ema_200,ema_100,2.0,True,0.4191147038326366,0.2473743971928503,True,0.17174030663978632
v5_30m__entry_ema_200__exit_ema_20__entry_hours_2__exit_hours_2,ema_200__ema_20,EMA/EMA,ema_200,ema_20,2.0,False,-0.048972800759854926,0.1589425052753569,True,-0.2079153060352118
v5_30m__entry_ema_200__exit_ema_200__entry_hours_2__exit_hours_2,ema_200__ema_200,EMA/EMA,ema_200,ema_200,2.0,False,0.2590267667694911,0.1825266450478972,True,0.0765001217215939
v5_30m__entry_ema_200__exit_ema_250__entry_hours_2__exit_hours_2,ema_200__ema_250,EMA/EMA,ema_200,ema_250,2.0,False,0.28047919157082013,0.2549479211262679,True,0.025531270444552223
v5_30m__entry_ema_200__exit_ema_50__entry_hours_2__exit_hours_2,ema_200__ema_50,EMA/EMA,ema_200,ema_50,2.0,False,0.21239879283754712,0.190591816351735,True,0.02180697648581212
v5_30m__entry_ema_200__exit_macd_12_26_9__entry_hours_2__exit_hours_2,ema_200__macd_12_26_9,EMA/MACD,ema_200,macd_12_26_9,2.0,False,0.2421983635493615,0.2726890572681901,True,-0.030490693718828593
v5_30m__entry_ema_200__exit_macd_24_52_18__entry_hours_2__exit_hours_2,ema_200__macd_24_52_18,EMA/MACD,ema_200,macd_24_52_18,2.0,False,-0.02180038230497085,0.0022133693682327886,True,-0.02401375167320364
v5_30m__entry_ema_200__exit_macd_48_104_36__entry_hours_2__exit_hours_2,ema_200__macd_48_104_36,EMA/MACD,ema_200,macd_48_104_36,2.0,False,0.24866379901085672,0.15829215559599513,True,0.09037164341486159
v5_30m__entry_ema_200__exit_macd_6_13_5__entry_hours_2__exit_hours_2,ema_200__macd_6_13_5,EMA/MACD,ema_200,macd_6_13_5,2.0,True,0.05653280694873254,0.01374523804187511,True,0.042787568906857434
v5_30m__entry_ema_200__exit_macd_96_208_72__entry_hours_2__exit_hours_2,ema_200__macd_96_208_72,EMA/MACD,ema_200,macd_96_208_72,2.0,True,0.5293889259123709,0.4521443181480897,True,0.07724460776428116
v5_30m__entry_ema_200__exit_sma_10__entry_hours_2__exit_hours_2,ema_200__sma_10,EMA/SMA,ema_200,sma_10,2.0,False,-0.03109918378527552,0.043594792551802146,True,-0.07469397633707767
v5_30m__entry_ema_200__exit_sma_100__entry_hours_2__exit_hours_2,ema_200__sma_100,EMA/SMA,ema_200,sma_100,2.0,False,0.19918651489726713,0.10943336572303634,True,0.08975314917423079
v5_30m__entry_ema_200__exit_sma_20__entry_hours_2__exit_hours_2,ema_200__sma_20,EMA/SMA,ema_200,sma_20,2.0,False,0.04667174282272538,0.1978819181163215,True,-0.15121017529359612
v5_30m__entry_ema_200__exit_sma_200__entry_hours_2__exit_hours_2,ema_200__sma_200,EMA/SMA,ema_200,sma_200,2.0,False,0.27446140740815334,0.16939549064342743,True,0.1050659167647259
v5_30m__entry_ema_200__exit_sma_250__entry_hours_2__exit_hours_2,ema_200__sma_250,EMA/SMA,ema_200,sma_250,2.0,False,0.31088273769208813,0.295301844313221,True,0.015580893378867144
v5_30m__entry_ema_200__exit_sma_50__entry_hours_2__exit_hours_2,ema_200__sma_50,EMA/SMA,ema_200,sma_50,2.0,True,0.31207988631514877,0.19608868657989567,True,0.1159911997352531
v5_30m__entry_ema_20__exit_ema_10__entry_hours_2__exit_hours_2,ema_20__ema_10,EMA/EMA,ema_20,ema_10,2.0,False,0.09834663486609828,0.11333849185533337,True,-0.014991856989235094
v5_30m__entry_ema_20__exit_ema_100__entry_hours_2__exit_hours_2,ema_20__ema_100,EMA/EMA,ema_20,ema_100,2.0,True,0.4234975191010598,0.3084589117540858,True,0.11503860734697402
v5_30m__entry_ema_20__exit_ema_20__entry_hours_2__exit_hours_2,ema_20__ema_20,EMA/EMA,ema_20,ema_20,2.0,False,0.1349348321777364,0.33516626164033736,True,-0.20023142946260095
v5_30m__entry_ema_20__exit_ema_200__entry_hours_2__exit_hours_2,ema_20__ema_200,EMA/EMA,ema_20,ema_200,2.0,False,0.22009918726401603,0.19302553893031535,True,0.027073648333700684
v5_30m__entry_ema_20__exit_ema_250__entry_hours_2__exit_hours_2,ema_20__ema_250,EMA/EMA,ema_20,ema_250,2.0,False,0.3538812582253411,0.2693014992255929,True,0.08457975899974823
v5_30m__entry_ema_20__exit_ema_50__entry_hours_2__exit_hours_2,ema_20__ema_50,EMA/EMA,ema_20,ema_50,2.0,False,0.17354974296104397,0.2528875695267343,True,-0.07933782656569033
v5_30m__entry_ema_20__exit_macd_12_26_9__entry_hours_2__exit_hours_2,ema_20__macd_12_26_9,EMA/MACD,ema_20,macd_12_26_9,2.0,False,0.11239920852323852,0.032109806858264145,True,0.08028940166497438
v5_30m__entry_ema_20__exit_macd_24_52_18__entry_hours_2__exit_hours_2,ema_20__macd_24_52_18,EMA/MACD,ema_20,macd_24_52_18,2.0,False,0.0018960571456515204,-0.0326899165458147,True,0.03458597369146622
v5_30m__entry_ema_20__exit_macd_48_104_36__entry_hours_2__exit_hours_2,ema_20__macd_48_104_36,EMA/MACD,ema_20,macd_48_104_36,2.0,False,0.03429522855968503,0.06537010652989599,True,-0.031074877970210954
v5_30m__entry_ema_20__exit_macd_6_13_5__entry_hours_2__exit_hours_2,ema_20__macd_6_13_5,EMA/MACD,ema_20,macd_6_13_5,2.0,False,-0.018027210573826818,-0.11252877930989884,True,0.09450156873607202
v5_30m__entry_ema_20__exit_macd_96_208_72__entry_hours_2__exit_hours_2,ema_20__macd_96_208_72,EMA/MACD,ema_20,macd_96_208_72,2.0,False,0.1425011670968245,0.16489882865510538,True,-0.02239766155828088
v5_30m__entry_ema_20__exit_sma_10__entry_hours_2__exit_hours_2,ema_20__sma_10,EMA/SMA,ema_20,sma_10,2.0,False,0.1117946796233312,0.006178142283133949,True,0.10561653734019726
v5_30m__entry_ema_20__exit_sma_100__entry_hours_2__exit_hours_2,ema_20__sma_100,EMA/SMA,ema_20,sma_100,2.0,False,0.15164284655451774,0.23831683043913535,True,-0.08667398388461761
v5_30m__entry_ema_20__exit_sma_20__entry_hours_2__exit_hours_2,ema_20__sma_20,EMA/SMA,ema_20,sma_20,2.0,False,0.12896743883555764,0.4204221554160418,True,-0.29145471658048416
v5_30m__entry_ema_20__exit_sma_200__entry_hours_2__exit_hours_2,ema_20__sma_200,EMA/SMA,ema_20,sma_200,2.0,False,0.13880715402893867,0.15903135902657678,True,-0.020224204997638107
v5_30m__entry_ema_20__exit_sma_250__entry_hours_2__exit_hours_2,ema_20__sma_250,EMA/SMA,ema_20,sma_250,2.0,False,0.33044817960868456,0.27327386820124583,True,0.05717431140743873
v5_30m__entry_ema_20__exit_sma_50__entry_hours_2__exit_hours_2,ema_20__sma_50,EMA/SMA,ema_20,sma_50,2.0,False,0.3375802638132439,0.2929388762492825,True,0.04464138756396141
v5_30m__entry_ema_250__exit_ema_10__entry_hours_2__exit_hours_2,ema_250__ema_10,EMA/EMA,ema_250,ema_10,2.0,False,0.055645633593544123,0.13538534402234675,True,-0.07973971042880262
v5_30m__entry_ema_250__exit_ema_100__entry_hours_2__exit_hours_2,ema_250__ema_100,EMA/EMA,ema_250,ema_100,2.0,True,0.3862500444473663,0.3545106767997482,True,0.031739367647618144
v5_30m__entry_ema_250__exit_ema_20__entry_hours_2__exit_hours_2,ema_250__ema_20,EMA/EMA,ema_250,ema_20,2.0,False,0.1131029029180747,0.24198167384301483,True,-0.12887877092494013
v5_30m__entry_ema_250__exit_ema_200__entry_hours_2__exit_hours_2,ema_250__ema_200,EMA/EMA,ema_250,ema_200,2.0,False,0.30355234182468965,0.24453467116009633,True,0.05901767066459332
v5_30m__entry_ema_250__exit_ema_250__entry_hours_2__exit_hours_2,ema_250__ema_250,EMA/EMA,ema_250,ema_250,2.0,False,0.3480079298757461,0.2418391106175752,True,0.10616881925817087
v5_30m__entry_ema_250__exit_ema_50__entry_hours_2__exit_hours_2,ema_250__ema_50,EMA/EMA,ema_250,ema_50,2.0,False,0.23714507986287722,0.3019856816831141,True,-0.0648406018202369
v5_30m__entry_ema_250__exit_macd_12_26_9__entry_hours_2__exit_hours_2,ema_250__macd_12_26_9,EMA/MACD,ema_250,macd_12_26_9,2.0,True,0.33116589877428404,0.3004419828161448,True,0.030723915958139225
v5_30m__entry_ema_250__exit_macd_24_52_18__entry_hours_2__exit_hours_2,ema_250__macd_24_52_18,EMA/MACD,ema_250,macd_24_52_18,2.0,False,0.017763573255182838,0.06633157662185257,True,-0.048568003366669735
v5_30m__entry_ema_250__exit_macd_48_104_36__entry_hours_2__exit_hours_2,ema_250__macd_48_104_36,EMA/MACD,ema_250,macd_48_104_36,2.0,False,0.20318889506105953,0.23223936978870546,True,-0.029050474727645936
v5_30m__entry_ema_250__exit_macd_6_13_5__entry_hours_2__exit_hours_2,ema_250__macd_6_13_5,EMA/MACD,ema_250,macd_6_13_5,2.0,True,0.18166714790275543,0.004320951533029749,True,0.17734619636972568
v5_30m__entry_ema_250__exit_macd_96_208_72__entry_hours_2__exit_hours_2,ema_250__macd_96_208_72,EMA/MACD,ema_250,macd_96_208_72,2.0,True,0.4963412355860714,0.48169134509777994,True,0.014649890488291462
v5_30m__entry_ema_250__exit_sma_10__entry_hours_2__exit_hours_2,ema_250__sma_10,EMA/SMA,ema_250,sma_10,2.0,False,0.09702684336434203,0.08741208481457227,True,0.009614758549769759
v5_30m__entry_ema_250__exit_sma_100__entry_hours_2__exit_hours_2,ema_250__sma_100,EMA/SMA,ema_250,sma_100,2.0,False,0.23560791619331212,0.23863835869141053,True,-0.003030442498098418
v5_30m__entry_ema_250__exit_sma_20__entry_hours_2__exit_hours_2,ema_250__sma_20,EMA/SMA,ema_250,sma_20,2.0,False,0.16848576205300939,0.292018940434404,True,-0.12353317838139463
v5_30m__entry_ema_250__exit_sma_200__entry_hours_2__exit_hours_2,ema_250__sma_200,EMA/SMA,ema_250,sma_200,2.0,False,0.25779904148458377,0.1399485000732323,True,0.11785054141135146
v5_30m__entry_ema_250__exit_sma_250__entry_hours_2__exit_hours_2,ema_250__sma_250,EMA/SMA,ema_250,sma_250,2.0,False,0.32268570985686185,0.27306904073857,True,0.04961666911829182
v5_30m__entry_ema_250__exit_sma_50__entry_hours_2__exit_hours_2,ema_250__sma_50,EMA/SMA,ema_250,sma_50,2.0,True,0.31506397874576114,0.24563342266915664,True,0.0694305560766045
v5_30m__entry_ema_50__exit_ema_10__entry_hours_2__exit_hours_2,ema_50__ema_10,EMA/EMA,ema_50,ema_10,2.0,False,-0.1685852442830263,-0.11883383465858063,True,-0.04975140962444566
v5_30m__entry_ema_50__exit_ema_100__entry_hours_2__exit_hours_2,ema_50__ema_100,EMA/EMA,ema_50,ema_100,2.0,True,0.3851393563917155,0.31280924482724637,True,0.07233011156446911
v5_30m__entry_ema_50__exit_ema_20__entry_hours_2__exit_hours_2,ema_50__ema_20,EMA/EMA,ema_50,ema_20,2.0,False,-0.05358308018144055,0.13835396155375768,True,-0.1919370417351982
v5_30m__entry_ema_50__exit_ema_200__entry_hours_2__exit_hours_2,ema_50__ema_200,EMA/EMA,ema_50,ema_200,2.0,False,0.19792776265201553,0.17224309443874863,True,0.025684668213266898
v5_30m__entry_ema_50__exit_ema_250__entry_hours_2__exit_hours_2,ema_50__ema_250,EMA/EMA,ema_50,ema_250,2.0,False,0.305626986849966,0.2434381516390642,True,0.062188835210901766
v5_30m__entry_ema_50__exit_ema_50__entry_hours_2__exit_hours_2,ema_50__ema_50,EMA/EMA,ema_50,ema_50,2.0,False,0.19435125489255808,0.19138391838000113,True,0.002967336512556956
v5_30m__entry_ema_50__exit_macd_12_26_9__entry_hours_2__exit_hours_2,ema_50__macd_12_26_9,EMA/MACD,ema_50,macd_12_26_9,2.0,False,-0.02714397352061756,0.037349799948385165,True,-0.06449377346900273
v5_30m__entry_ema_50__exit_macd_24_52_18__entry_hours_2__exit_hours_2,ema_50__macd_24_52_18,EMA/MACD,ema_50,macd_24_52_18,2.0,False,-0.0881144464154389,-0.0733129922661896,True,-0.014801454149249299
v5_30m__entry_ema_50__exit_macd_48_104_36__entry_hours_2__exit_hours_2,ema_50__macd_48_104_36,EMA/MACD,ema_50,macd_48_104_36,2.0,False,-0.031440168656848407,0.0026057337369784633,True,-0.03404590239382687
v5_30m__entry_ema_50__exit_macd_6_13_5__entry_hours_2__exit_hours_2,ema_50__macd_6_13_5,EMA/MACD,ema_50,macd_6_13_5,2.0,False,-0.31103939279613657,-0.23606243051252473,True,-0.07497696228361184
v5_30m__entry_ema_50__exit_macd_96_208_72__entry_hours_2__exit_hours_2,ema_50__macd_96_208_72,EMA/MACD,ema_50,macd_96_208_72,2.0,False,0.1300116205813724,0.1477677931427919,True,-0.01775617256141951
v5_30m__entry_ema_50__exit_sma_10__entry_hours_2__exit_hours_2,ema_50__sma_10,EMA/SMA,ema_50,sma_10,2.0,False,-0.1501667580588593,-0.1589736820920096,True,0.00880692403315031
v5_30m__entry_ema_50__exit_sma_100__entry_hours_2__exit_hours_2,ema_50__sma_100,EMA/SMA,ema_50,sma_100,2.0,False,0.12959538342963314,0.21708323404220775,True,-0.08748785061257461
v5_30m__entry_ema_50__exit_sma_20__entry_hours_2__exit_hours_2,ema_50__sma_20,EMA/SMA,ema_50,sma_20,2.0,False,0.026409173168961738,0.25506146671504637,True,-0.22865229354608463
v5_30m__entry_ema_50__exit_sma_200__entry_hours_2__exit_hours_2,ema_50__sma_200,EMA/SMA,ema_50,sma_200,2.0,False,0.14712879500229661,0.17638623451869018,True,-0.029257439516393563
v5_30m__entry_ema_50__exit_sma_250__entry_hours_2__exit_hours_2,ema_50__sma_250,EMA/SMA,ema_50,sma_250,2.0,False,0.3009044435986623,0.275892013050645,True,0.025012430548017328
v5_30m__entry_ema_50__exit_sma_50__entry_hours_2__exit_hours_2,ema_50__sma_50,EMA/SMA,ema_50,sma_50,2.0,False,0.23796367751124423,0.21178143894773113,True,0.026182238563513094
v5_30m__entry_macd_12_26_9__exit_ema_10__entry_hours_2__exit_hours_2,macd_12_26_9__ema_10,MACD/EMA,macd_12_26_9,ema_10,2.0,False,0.09338749152167565,0.09667237840179971,True,-0.0032848868801240577
v5_30m__entry_macd_12_26_9__exit_ema_100__entry_hours_2__exit_hours_2,macd_12_26_9__ema_100,MACD/EMA,macd_12_26_9,ema_100,2.0,True,0.4015596982616562,0.2519950113135395,True,0.1495646869481167
v5_30m__entry_macd_12_26_9__exit_ema_20__entry_hours_2__exit_hours_2,macd_12_26_9__ema_20,MACD/EMA,macd_12_26_9,ema_20,2.0,False,0.0874149081273283,0.3493518170015414,True,-0.26193690887421306
v5_30m__entry_macd_12_26_9__exit_ema_200__entry_hours_2__exit_hours_2,macd_12_26_9__ema_200,MACD/EMA,macd_12_26_9,ema_200,2.0,False,0.2737421217585001,0.23079648399291705,True,0.04294563776558305
v5_30m__entry_macd_12_26_9__exit_ema_250__entry_hours_2__exit_hours_2,macd_12_26_9__ema_250,MACD/EMA,macd_12_26_9,ema_250,2.0,False,0.2887851537872327,0.1838063064624598,True,0.10497884732477289
v5_30m__entry_macd_12_26_9__exit_ema_50__entry_hours_2__exit_hours_2,macd_12_26_9__ema_50,MACD/EMA,macd_12_26_9,ema_50,2.0,False,0.1286323534044877,0.19839467366397762,True,-0.06976232025948992
v5_30m__entry_macd_12_26_9__exit_macd_12_26_9__entry_hours_2__exit_hours_2,macd_12_26_9__macd_12_26_9,MACD/MACD,macd_12_26_9,macd_12_26_9,2.0,False,-0.11992238475825416,-0.05015681922882513,True,-0.06976556552942903
v5_30m__entry_macd_12_26_9__exit_macd_24_52_18__entry_hours_2__exit_hours_2,macd_12_26_9__macd_24_52_18,MACD/MACD,macd_12_26_9,macd_24_52_18,2.0,False,-0.06538558405671335,-0.09729091902528748,True,0.03190533496857413
v5_30m__entry_macd_12_26_9__exit_macd_48_104_36__entry_hours_2__exit_hours_2,macd_12_26_9__macd_48_104_36,MACD/MACD,macd_12_26_9,macd_48_104_36,2.0,False,0.06381378313782976,0.0645230696217943,True,-0.0007092864839645385
v5_30m__entry_macd_12_26_9__exit_macd_6_13_5__entry_hours_2__exit_hours_2,macd_12_26_9__macd_6_13_5,MACD/MACD,macd_12_26_9,macd_6_13_5,2.0,False,-0.1177844841729754,-0.03804642279195789,True,-0.07973806138101752
v5_30m__entry_macd_12_26_9__exit_macd_96_208_72__entry_hours_2__exit_hours_2,macd_12_26_9__macd_96_208_72,MACD/MACD,macd_12_26_9,macd_96_208_72,2.0,True,0.14657224138777644,0.18932454793521306,True,-0.042752306547436614
v5_30m__entry_macd_12_26_9__exit_sma_10__entry_hours_2__exit_hours_2,macd_12_26_9__sma_10,MACD/SMA,macd_12_26_9,sma_10,2.0,False,-0.029537061315211874,0.014384966182920485,True,-0.04392202749813236
v5_30m__entry_macd_12_26_9__exit_sma_100__entry_hours_2__exit_hours_2,macd_12_26_9__sma_100,MACD/SMA,macd_12_26_9,sma_100,2.0,False,0.20658466478496637,0.18305796985185535,True,0.02352669493311102
v5_30m__entry_macd_12_26_9__exit_sma_20__entry_hours_2__exit_hours_2,macd_12_26_9__sma_20,MACD/SMA,macd_12_26_9,sma_20,2.0,False,0.11444220064340098,0.2757097708180151,True,-0.16126757017461413
v5_30m__entry_macd_12_26_9__exit_sma_200__entry_hours_2__exit_hours_2,macd_12_26_9__sma_200,MACD/SMA,macd_12_26_9,sma_200,2.0,False,0.1647497292789062,0.1593953508049668,True,0.005354378473939381
v5_30m__entry_macd_12_26_9__exit_sma_250__entry_hours_2__exit_hours_2,macd_12_26_9__sma_250,MACD/SMA,macd_12_26_9,sma_250,2.0,False,0.3243619988513183,0.23313442889803296,True,0.09122756995328532
v5_30m__entry_macd_12_26_9__exit_sma_50__entry_hours_2__exit_hours_2,macd_12_26_9__sma_50,MACD/SMA,macd_12_26_9,sma_50,2.0,True,0.30989159062705507,0.30197418064047843,True,0.00791740998657664
v5_30m__entry_macd_24_52_18__exit_ema_10__entry_hours_2__exit_hours_2,macd_24_52_18__ema_10,MACD/EMA,macd_24_52_18,ema_10,2.0,False,-0.14819467229792568,-0.17729919477407613,True,0.029104522476150446
v5_30m__entry_macd_24_52_18__exit_ema_100__entry_hours_2__exit_hours_2,macd_24_52_18__ema_100,MACD/EMA,macd_24_52_18,ema_100,2.0,True,0.35067851678797723,0.34588549350256825,True,0.004793023285408982
v5_30m__entry_macd_24_52_18__exit_ema_20__entry_hours_2__exit_hours_2,macd_24_52_18__ema_20,MACD/EMA,macd_24_52_18,ema_20,2.0,False,0.07568712345518912,0.08823242655205842,True,-0.012545303096869298
v5_30m__entry_macd_24_52_18__exit_ema_200__entry_hours_2__exit_hours_2,macd_24_52_18__ema_200,MACD/EMA,macd_24_52_18,ema_200,2.0,False,0.13691047085001043,0.038576601851310864,True,0.09833386899869956
v5_30m__entry_macd_24_52_18__exit_ema_250__entry_hours_2__exit_hours_2,macd_24_52_18__ema_250,MACD/EMA,macd_24_52_18,ema_250,2.0,False,0.31642517203021725,0.21813457779921872,True,0.09829059423099853
v5_30m__entry_macd_24_52_18__exit_ema_50__entry_hours_2__exit_hours_2,macd_24_52_18__ema_50,MACD/EMA,macd_24_52_18,ema_50,2.0,False,0.18175328976227026,0.19567372070025785,True,-0.013920430937987588
v5_30m__entry_macd_24_52_18__exit_macd_12_26_9__entry_hours_2__exit_hours_2,macd_24_52_18__macd_12_26_9,MACD/MACD,macd_24_52_18,macd_12_26_9,2.0,False,-0.14785781827881161,-0.13901978476403284,True,-0.00883803351477877
v5_30m__entry_macd_24_52_18__exit_macd_24_52_18__entry_hours_2__exit_hours_2,macd_24_52_18__macd_24_52_18,MACD/MACD,macd_24_52_18,macd_24_52_18,2.0,False,-0.13736486872018114,-0.12124680179990625,True,-0.016118066920274884
v5_30m__entry_macd_24_52_18__exit_macd_48_104_36__entry_hours_2__exit_hours_2,macd_24_52_18__macd_48_104_36,MACD/MACD,macd_24_52_18,macd_48_104_36,2.0,False,0.0751066824896018,0.06348267292164896,True,0.011624009567952842
v5_30m__entry_macd_24_52_18__exit_macd_6_13_5__entry_hours_2__exit_hours_2,macd_24_52_18__macd_6_13_5,MACD/MACD,macd_24_52_18,macd_6_13_5,2.0,False,-0.1899114633625199,-0.22124770582046516,True,0.03133624245794525
v5_30m__entry_macd_24_52_18__exit_macd_96_208_72__entry_hours_2__exit_hours_2,macd_24_52_18__macd_96_208_72,MACD/MACD,macd_24_52_18,macd_96_208_72,2.0,False,0.1425011670968245,0.16489882865510538,True,-0.02239766155828088
v5_30m__entry_macd_24_52_18__exit_sma_10__entry_hours_2__exit_hours_2,macd_24_52_18__sma_10,MACD/SMA,macd_24_52_18,sma_10,2.0,False,-0.10266424000030444,-0.2527660457993101,True,0.15010180579900567
v5_30m__entry_macd_24_52_18__exit_sma_100__entry_hours_2__exit_hours_2,macd_24_52_18__sma_100,MACD/SMA,macd_24_52_18,sma_100,2.0,False,0.20577223491274066,0.2815835691692267,True,-0.07581133425648606
v5_30m__entry_macd_24_52_18__exit_sma_20__entry_hours_2__exit_hours_2,macd_24_52_18__sma_20,MACD/SMA,macd_24_52_18,sma_20,2.0,False,0.054635424389942455,0.14407231228142342,True,-0.08943688789148097
v5_30m__entry_macd_24_52_18__exit_sma_200__entry_hours_2__exit_hours_2,macd_24_52_18__sma_200,MACD/SMA,macd_24_52_18,sma_200,2.0,False,0.08894383919530566,0.05373798559744341,True,0.03520585359786225
v5_30m__entry_macd_24_52_18__exit_sma_250__entry_hours_2__exit_hours_2,macd_24_52_18__sma_250,MACD/SMA,macd_24_52_18,sma_250,2.0,True,0.3640709220340176,0.2624020855323676,True,0.10166883650164998
v5_30m__entry_macd_24_52_18__exit_sma_50__entry_hours_2__exit_hours_2,macd_24_52_18__sma_50,MACD/SMA,macd_24_52_18,sma_50,2.0,False,0.24352500301279137,0.1924333058867206,True,0.051091697126070756
v5_30m__entry_macd_48_104_36__exit_ema_10__entry_hours_2__exit_hours_2,macd_48_104_36__ema_10,MACD/EMA,macd_48_104_36,ema_10,2.0,False,0.07676458181760266,0.03448760042492447,True,0.042276981392678194
v5_30m__entry_macd_48_104_36__exit_ema_100__entry_hours_2__exit_hours_2,macd_48_104_36__ema_100,MACD/EMA,macd_48_104_36,ema_100,2.0,False,0.2971603405477103,0.2485118872003444,True,0.048648453347365894
v5_30m__entry_macd_48_104_36__exit_ema_20__entry_hours_2__exit_hours_2,macd_48_104_36__ema_20,MACD/EMA,macd_48_104_36,ema_20,2.0,False,0.04727327621845875,0.1589579519004396,True,-0.11168467568198084
v5_30m__entry_macd_48_104_36__exit_ema_200__entry_hours_2__exit_hours_2,macd_48_104_36__ema_200,MACD/EMA,macd_48_104_36,ema_200,2.0,False,0.15502016128410823,0.12368352574334625,True,0.03133663554076198
v5_30m__entry_macd_48_104_36__exit_ema_250__entry_hours_2__exit_hours_2,macd_48_104_36__ema_250,MACD/EMA,macd_48_104_36,ema_250,2.0,False,0.25868637785216486,0.15084058222576516,True,0.1078457956263997
v5_30m__entry_macd_48_104_36__exit_ema_50__entry_hours_2__exit_hours_2,macd_48_104_36__ema_50,MACD/EMA,macd_48_104_36,ema_50,2.0,False,0.1938812065300057,0.15165428497255848,True,0.04222692155744723
v5_30m__entry_macd_48_104_36__exit_macd_12_26_9__entry_hours_2__exit_hours_2,macd_48_104_36__macd_12_26_9,MACD/MACD,macd_48_104_36,macd_12_26_9,2.0,False,-0.06920590756535243,-0.09492820142784347,True,0.025722293862491044
v5_30m__entry_macd_48_104_36__exit_macd_24_52_18__entry_hours_2__exit_hours_2,macd_48_104_36__macd_24_52_18,MACD/MACD,macd_48_104_36,macd_24_52_18,2.0,False,-0.06183684978588133,-0.0593564494637505,True,-0.0024804003221308296
v5_30m__entry_macd_48_104_36__exit_macd_48_104_36__entry_hours_2__exit_hours_2,macd_48_104_36__macd_48_104_36,MACD/MACD,macd_48_104_36,macd_48_104_36,2.0,False,0.07285166741367534,0.059038478179540874,True,0.013813189234134465
v5_30m__entry_macd_48_104_36__exit_macd_6_13_5__entry_hours_2__exit_hours_2,macd_48_104_36__macd_6_13_5,MACD/MACD,macd_48_104_36,macd_6_13_5,2.0,False,-0.30653455147311875,-0.24994494313057333,True,-0.05658960834254542
v5_30m__entry_macd_48_104_36__exit_macd_96_208_72__entry_hours_2__exit_hours_2,macd_48_104_36__macd_96_208_72,MACD/MACD,macd_48_104_36,macd_96_208_72,2.0,True,0.1507664661829061,0.1780850318940042,True,-0.027318565711098114
v5_30m__entry_macd_48_104_36__exit_sma_10__entry_hours_2__exit_hours_2,macd_48_104_36__sma_10,MACD/SMA,macd_48_104_36,sma_10,2.0,False,0.005578873963882409,-0.15298304419964567,True,0.15856191816352808
v5_30m__entry_macd_48_104_36__exit_sma_100__entry_hours_2__exit_hours_2,macd_48_104_36__sma_100,MACD/SMA,macd_48_104_36,sma_100,2.0,False,0.19487469195737386,0.20688133291105346,True,-0.012006640953679593
v5_30m__entry_macd_48_104_36__exit_sma_20__entry_hours_2__exit_hours_2,macd_48_104_36__sma_20,MACD/SMA,macd_48_104_36,sma_20,2.0,False,0.12197743565999132,0.2527713749066454,True,-0.1307939392466541
v5_30m__entry_macd_48_104_36__exit_sma_200__entry_hours_2__exit_hours_2,macd_48_104_36__sma_200,MACD/SMA,macd_48_104_36,sma_200,2.0,False,0.05638734378300895,0.08380688632393145,True,-0.0274195425409225
v5_30m__entry_macd_48_104_36__exit_sma_250__entry_hours_2__exit_hours_2,macd_48_104_36__sma_250,MACD/SMA,macd_48_104_36,sma_250,2.0,False,0.2862967086543967,0.2563091465984941,True,0.02998756205590264
v5_30m__entry_macd_48_104_36__exit_sma_50__entry_hours_2__exit_hours_2,macd_48_104_36__sma_50,MACD/SMA,macd_48_104_36,sma_50,2.0,False,0.23245977794275766,0.13424332681152007,True,0.09821645113123759
v5_30m__entry_macd_6_13_5__exit_ema_10__entry_hours_2__exit_hours_2,macd_6_13_5__ema_10,MACD/EMA,macd_6_13_5,ema_10,2.0,False,-0.045254105203053,-0.09518555692943119,True,0.04993145172637819
v5_30m__entry_macd_6_13_5__exit_ema_100__entry_hours_2__exit_hours_2,macd_6_13_5__ema_100,MACD/EMA,macd_6_13_5,ema_100,2.0,False,0.3147673611615754,0.20905005498886176,True,0.10571730617271363
v5_30m__entry_macd_6_13_5__exit_ema_20__entry_hours_2__exit_hours_2,macd_6_13_5__ema_20,MACD/EMA,macd_6_13_5,ema_20,2.0,False,0.03938581091090165,0.3932842103998786,True,-0.35389839948897694
v5_30m__entry_macd_6_13_5__exit_ema_200__entry_hours_2__exit_hours_2,macd_6_13_5__ema_200,MACD/EMA,macd_6_13_5,ema_200,2.0,False,0.2730695715576068,0.28673791590516057,True,-0.013668344347553762
v5_30m__entry_macd_6_13_5__exit_ema_250__entry_hours_2__exit_hours_2,macd_6_13_5__ema_250,MACD/EMA,macd_6_13_5,ema_250,2.0,True,0.3192518706310175,0.2357207832752722,True,0.0835310873557453
v5_30m__entry_macd_6_13_5__exit_ema_50__entry_hours_2__exit_hours_2,macd_6_13_5__ema_50,MACD/EMA,macd_6_13_5,ema_50,2.0,False,0.15939140003595492,0.2916194114240565,True,-0.13222801138810159
v5_30m__entry_macd_6_13_5__exit_macd_12_26_9__entry_hours_2__exit_hours_2,macd_6_13_5__macd_12_26_9,MACD/MACD,macd_6_13_5,macd_12_26_9,2.0,False,-0.030022236188238294,0.02305298574551216,True,-0.05307522193375046
v5_30m__entry_macd_6_13_5__exit_macd_24_52_18__entry_hours_2__exit_hours_2,macd_6_13_5__macd_24_52_18,MACD/MACD,macd_6_13_5,macd_24_52_18,2.0,False,-0.12053544646875008,-0.08478910274393897,True,-0.035746343724811114
v5_30m__entry_macd_6_13_5__exit_macd_48_104_36__entry_hours_2__exit_hours_2,macd_6_13_5__macd_48_104_36,MACD/MACD,macd_6_13_5,macd_48_104_36,2.0,False,0.05169759825633523,0.0808892648389764,True,-0.029191666582641176
v5_30m__entry_macd_6_13_5__exit_macd_6_13_5__entry_hours_2__exit_hours_2,macd_6_13_5__macd_6_13_5,MACD/MACD,macd_6_13_5,macd_6_13_5,2.0,False,-0.3253134014195467,-0.19194352131521258,True,-0.1333698801043341
v5_30m__entry_macd_6_13_5__exit_macd_96_208_72__entry_hours_2__exit_hours_2,macd_6_13_5__macd_96_208_72,MACD/MACD,macd_6_13_5,macd_96_208_72,2.0,False,0.11146033787746552,0.16503114378334596,True,-0.05357080590588044
v5_30m__entry_macd_6_13_5__exit_sma_10__entry_hours_2__exit_hours_2,macd_6_13_5__sma_10,MACD/SMA,macd_6_13_5,sma_10,2.0,False,-0.20976304541709948,-0.06135077599801717,True,-0.1484122694190823
v5_30m__entry_macd_6_13_5__exit_sma_100__entry_hours_2__exit_hours_2,macd_6_13_5__sma_100,MACD/SMA,macd_6_13_5,sma_100,2.0,False,0.12642967268109498,0.11466980414669015,True,0.011759868534404833
v5_30m__entry_macd_6_13_5__exit_sma_20__entry_hours_2__exit_hours_2,macd_6_13_5__sma_20,MACD/SMA,macd_6_13_5,sma_20,2.0,False,0.1384678774830807,0.31445977057862495,True,-0.17599189309554425
v5_30m__entry_macd_6_13_5__exit_sma_200__entry_hours_2__exit_hours_2,macd_6_13_5__sma_200,MACD/SMA,macd_6_13_5,sma_200,2.0,False,0.1585466378995462,0.14170203850062213,True,0.016844599398924076
v5_30m__entry_macd_6_13_5__exit_sma_250__entry_hours_2__exit_hours_2,macd_6_13_5__sma_250,MACD/SMA,macd_6_13_5,sma_250,2.0,False,0.29513497315388326,0.2699246235264358,True,0.025210349627447448
v5_30m__entry_macd_6_13_5__exit_sma_50__entry_hours_2__exit_hours_2,macd_6_13_5__sma_50,MACD/SMA,macd_6_13_5,sma_50,2.0,False,0.3146845783347638,0.3373352045939966,True,-0.022650626259232753
v5_30m__entry_macd_96_208_72__exit_ema_10__entry_hours_2__exit_hours_2,macd_96_208_72__ema_10,MACD/EMA,macd_96_208_72,ema_10,2.0,False,-0.008397357081130973,0.15066532983641298,True,-0.15906268691754397
v5_30m__entry_macd_96_208_72__exit_ema_100__entry_hours_2__exit_hours_2,macd_96_208_72__ema_100,MACD/EMA,macd_96_208_72,ema_100,2.0,True,0.412934964113841,0.24876418537290512,True,0.16417077874093589
v5_30m__entry_macd_96_208_72__exit_ema_20__entry_hours_2__exit_hours_2,macd_96_208_72__ema_20,MACD/EMA,macd_96_208_72,ema_20,2.0,False,0.08558356420657522,0.3006826338687007,True,-0.2150990696621255
v5_30m__entry_macd_96_208_72__exit_ema_200__entry_hours_2__exit_hours_2,macd_96_208_72__ema_200,MACD/EMA,macd_96_208_72,ema_200,2.0,True,0.35440851362653353,0.2486568790396074,True,0.10575163458692613
v5_30m__entry_macd_96_208_72__exit_ema_250__entry_hours_2__exit_hours_2,macd_96_208_72__ema_250,MACD/EMA,macd_96_208_72,ema_250,2.0,False,0.31751578683098847,0.30133914433361414,True,0.016176642497374327
v5_30m__entry_macd_96_208_72__exit_ema_50__entry_hours_2__exit_hours_2,macd_96_208_72__ema_50,MACD/EMA,macd_96_208_72,ema_50,2.0,False,0.30427009247030345,0.2835095290459566,True,0.020760563424346845
v5_30m__entry_macd_96_208_72__exit_macd_12_26_9__entry_hours_2__exit_hours_2,macd_96_208_72__macd_12_26_9,MACD/MACD,macd_96_208_72,macd_12_26_9,2.0,True,0.04867389671668911,0.1278668706026702,True,-0.0791929738859811
v5_30m__entry_macd_96_208_72__exit_macd_24_52_18__entry_hours_2__exit_hours_2,macd_96_208_72__macd_24_52_18,MACD/MACD,macd_96_208_72,macd_24_52_18,2.0,False,-0.006585742803695915,0.004733282577231128,True,-0.011319025380927043
v5_30m__entry_macd_96_208_72__exit_macd_48_104_36__entry_hours_2__exit_hours_2,macd_96_208_72__macd_48_104_36,MACD/MACD,macd_96_208_72,macd_48_104_36,2.0,True,0.22337384492161316,0.24574763724732063,True,-0.022373792325707464
v5_30m__entry_macd_96_208_72__exit_macd_6_13_5__entry_hours_2__exit_hours_2,macd_96_208_72__macd_6_13_5,MACD/MACD,macd_96_208_72,macd_6_13_5,2.0,False,-0.09891949336712205,-0.009116973083050206,True,-0.08980252028407185
v5_30m__entry_macd_96_208_72__exit_macd_96_208_72__entry_hours_2__exit_hours_2,macd_96_208_72__macd_96_208_72,MACD/MACD,macd_96_208_72,macd_96_208_72,2.0,True,0.1425011670968245,0.1605682318828898,True,-0.01806706478606529
v5_30m__entry_macd_96_208_72__exit_sma_10__entry_hours_2__exit_hours_2,macd_96_208_72__sma_10,MACD/SMA,macd_96_208_72,sma_10,2.0,False,-0.04832609118990205,0.009673866296208254,True,-0.0579999574861103
v5_30m__entry_macd_96_208_72__exit_sma_100__entry_hours_2__exit_hours_2,macd_96_208_72__sma_100,MACD/SMA,macd_96_208_72,sma_100,2.0,True,0.2273738612593283,0.23415642261128206,True,-0.006782561351953764
v5_30m__entry_macd_96_208_72__exit_sma_20__entry_hours_2__exit_hours_2,macd_96_208_72__sma_20,MACD/SMA,macd_96_208_72,sma_20,2.0,False,0.1574489120591411,0.31773684879009023,True,-0.16028793673094913
v5_30m__entry_macd_96_208_72__exit_sma_200__entry_hours_2__exit_hours_2,macd_96_208_72__sma_200,MACD/SMA,macd_96_208_72,sma_200,2.0,True,0.33853718555465895,0.30563219290983745,True,0.032904992644821496
v5_30m__entry_macd_96_208_72__exit_sma_250__entry_hours_2__exit_hours_2,macd_96_208_72__sma_250,MACD/SMA,macd_96_208_72,sma_250,2.0,False,0.31634059696673583,0.3218964496759517,True,-0.0055558527092158805
v5_30m__entry_macd_96_208_72__exit_sma_50__entry_hours_2__exit_hours_2,macd_96_208_72__sma_50,MACD/SMA,macd_96_208_72,sma_50,2.0,True,0.3709018253484119,0.3214393896303881,True,0.04946243571802378
v5_30m__entry_sma_100__exit_ema_10__entry_hours_2__exit_hours_2,sma_100__ema_10,SMA/EMA,sma_100,ema_10,2.0,False,-0.23597189832032836,-0.0477304623622807,True,-0.18824143595804765
v5_30m__entry_sma_100__exit_ema_100__entry_hours_2__exit_hours_2,sma_100__ema_100,SMA/EMA,sma_100,ema_100,2.0,False,0.28007663900907087,0.2367142444866327,True,0.043362394522438175
v5_30m__entry_sma_100__exit_ema_20__entry_hours_2__exit_hours_2,sma_100__ema_20,SMA/EMA,sma_100,ema_20,2.0,False,-0.15724491235674762,0.14972042322937665,True,-0.30696533558612427
v5_30m__entry_sma_100__exit_ema_200__entry_hours_2__exit_hours_2,sma_100__ema_200,SMA/EMA,sma_100,ema_200,2.0,False,0.13231974928616225,0.13050843463565556,True,0.0018113146505066846
v5_30m__entry_sma_100__exit_ema_250__entry_hours_2__exit_hours_2,sma_100__ema_250,SMA/EMA,sma_100,ema_250,2.0,False,0.24526992443921947,0.18603949674194095,True,0.059230427697278515
v5_30m__entry_sma_100__exit_ema_50__entry_hours_2__exit_hours_2,sma_100__ema_50,SMA/EMA,sma_100,ema_50,2.0,False,0.08112811399081876,0.22471992147822725,True,-0.1435918074874085
v5_30m__entry_sma_100__exit_macd_12_26_9__entry_hours_2__exit_hours_2,sma_100__macd_12_26_9,SMA/MACD,sma_100,macd_12_26_9,2.0,False,-0.2093518283754153,-0.16859566809357193,True,-0.04075616028184337
v5_30m__entry_sma_100__exit_macd_24_52_18__entry_hours_2__exit_hours_2,sma_100__macd_24_52_18,SMA/MACD,sma_100,macd_24_52_18,2.0,False,-0.18865585343291402,-0.1564919624751042,True,-0.03216389095780983
v5_30m__entry_sma_100__exit_macd_48_104_36__entry_hours_2__exit_hours_2,sma_100__macd_48_104_36,SMA/MACD,sma_100,macd_48_104_36,2.0,True,0.0023127024877667786,0.028749054769666597,True,-0.02643635228189982
v5_30m__entry_sma_100__exit_macd_6_13_5__entry_hours_2__exit_hours_2,sma_100__macd_6_13_5,SMA/MACD,sma_100,macd_6_13_5,2.0,False,-0.40264760172103475,-0.3862908182941333,True,-0.016356783426901444
v5_30m__entry_sma_100__exit_macd_96_208_72__entry_hours_2__exit_hours_2,sma_100__macd_96_208_72,SMA/MACD,sma_100,macd_96_208_72,2.0,True,0.08272608615325415,0.10665873943651964,True,-0.023932653283265493
v5_30m__entry_sma_100__exit_sma_10__entry_hours_2__exit_hours_2,sma_100__sma_10,SMA/SMA,sma_100,sma_10,2.0,False,-0.25626275081925404,-0.16218815873068493,True,-0.09407459208856911
v5_30m__entry_sma_100__exit_sma_100__entry_hours_2__exit_hours_2,sma_100__sma_100,SMA/SMA,sma_100,sma_100,2.0,False,0.12725912526557392,0.12613850053571193,True,0.001120624729861991
v5_30m__entry_sma_100__exit_sma_20__entry_hours_2__exit_hours_2,sma_100__sma_20,SMA/SMA,sma_100,sma_20,2.0,False,-0.05064178862417061,0.14539435143846427,True,-0.19603614006263487
v5_30m__entry_sma_100__exit_sma_200__entry_hours_2__exit_hours_2,sma_100__sma_200,SMA/SMA,sma_100,sma_200,2.0,False,0.0987265228525893,0.11362854354780044,True,-0.01490202069521114
v5_30m__entry_sma_100__exit_sma_250__entry_hours_2__exit_hours_2,sma_100__sma_250,SMA/SMA,sma_100,sma_250,2.0,False,0.28309596499629874,0.27545934922334825,True,0.007636615772950495
v5_30m__entry_sma_100__exit_sma_50__entry_hours_2__exit_hours_2,sma_100__sma_50,SMA/SMA,sma_100,sma_50,2.0,True,0.22031307185959093,0.21285985836880875,True,0.007453213490782179
v5_30m__entry_sma_10__exit_ema_10__entry_hours_2__exit_hours_2,sma_10__ema_10,SMA/EMA,sma_10,ema_10,2.0,False,0.07059990184611509,-0.017663739448417964,True,0.08826364129453305
v5_30m__entry_sma_10__exit_ema_100__entry_hours_2__exit_hours_2,sma_10__ema_100,SMA/EMA,sma_10,ema_100,2.0,True,0.4345053402757896,0.2533153179256109,True,0.18119002235017867
v5_30m__entry_sma_10__exit_ema_20__entry_hours_2__exit_hours_2,sma_10__ema_20,SMA/EMA,sma_10,ema_20,2.0,False,0.10443609034708513,0.3411043840613864,True,-0.23666829371430126
v5_30m__entry_sma_10__exit_ema_200__entry_hours_2__exit_hours_2,sma_10__ema_200,SMA/EMA,sma_10,ema_200,2.0,False,0.2522195588078285,0.23670739169878957,True,0.01551216710903891
v5_30m__entry_sma_10__exit_ema_250__entry_hours_2__exit_hours_2,sma_10__ema_250,SMA/EMA,sma_10,ema_250,2.0,False,0.32066116960929814,0.2577482421717187,True,0.06291292743757942
v5_30m__entry_sma_10__exit_ema_50__entry_hours_2__exit_hours_2,sma_10__ema_50,SMA/EMA,sma_10,ema_50,2.0,False,0.18765313712114132,0.2813456963184928,True,-0.0936925591973515
v5_30m__entry_sma_10__exit_macd_12_26_9__entry_hours_2__exit_hours_2,sma_10__macd_12_26_9,SMA/MACD,sma_10,macd_12_26_9,2.0,False,-0.1013520199121196,0.0022807514729781954,True,-0.1036327713850978
v5_30m__entry_sma_10__exit_macd_24_52_18__entry_hours_2__exit_hours_2,sma_10__macd_24_52_18,SMA/MACD,sma_10,macd_24_52_18,2.0,False,-0.1258451130327236,-0.08557883694855466,True,-0.04026627608416895
v5_30m__entry_sma_10__exit_macd_48_104_36__entry_hours_2__exit_hours_2,sma_10__macd_48_104_36,SMA/MACD,sma_10,macd_48_104_36,2.0,False,0.038537233795785976,0.046116846817210115,True,-0.007579613021424139
v5_30m__entry_sma_10__exit_macd_6_13_5__entry_hours_2__exit_hours_2,sma_10__macd_6_13_5,SMA/MACD,sma_10,macd_6_13_5,2.0,False,-0.4215337407140114,-0.382602031475174,True,-0.038931709238837375
v5_30m__entry_sma_10__exit_macd_96_208_72__entry_hours_2__exit_hours_2,sma_10__macd_96_208_72,SMA/MACD,sma_10,macd_96_208_72,2.0,False,0.1425011670968245,0.1701393409829781,True,-0.027638173886153583
v5_30m__entry_sma_10__exit_sma_10__entry_hours_2__exit_hours_2,sma_10__sma_10,SMA/SMA,sma_10,sma_10,2.0,False,-0.15385730229938924,-0.06092987926780446,True,-0.09292742303158477
v5_30m__entry_sma_10__exit_sma_100__entry_hours_2__exit_hours_2,sma_10__sma_100,SMA/SMA,sma_10,sma_100,2.0,False,0.21812833346189078,0.18254537047769903,True,0.03558296298419175
v5_30m__entry_sma_10__exit_sma_20__entry_hours_2__exit_hours_2,sma_10__sma_20,SMA/SMA,sma_10,sma_20,2.0,True,0.13727821257972922,0.3973558022241376,True,-0.26007758964440836
v5_30m__entry_sma_10__exit_sma_200__entry_hours_2__exit_hours_2,sma_10__sma_200,SMA/SMA,sma_10,sma_200,2.0,False,0.15519493417422436,0.20425280311566912,True,-0.04905786894144476
v5_30m__entry_sma_10__exit_sma_250__entry_hours_2__exit_hours_2,sma_10__sma_250,SMA/SMA,sma_10,sma_250,2.0,False,0.2996912334175762,0.3088493479650651,True,-0.009158114547488883
v5_30m__entry_sma_10__exit_sma_50__entry_hours_2__exit_hours_2,sma_10__sma_50,SMA/SMA,sma_10,sma_50,2.0,True,0.3709226190903781,0.31887350811874654,True,0.05204911097163156
v5_30m__entry_sma_200__exit_ema_10__entry_hours_2__exit_hours_2,sma_200__ema_10,SMA/EMA,sma_200,ema_10,2.0,False,-0.18839186524330742,-0.15391345563160827,True,-0.03447840961169915
v5_30m__entry_sma_200__exit_ema_100__entry_hours_2__exit_hours_2,sma_200__ema_100,SMA/EMA,sma_200,ema_100,2.0,False,0.26374873034756185,0.17353504263493041,True,0.09021368771263144
v5_30m__entry_sma_200__exit_ema_20__entry_hours_2__exit_hours_2,sma_200__ema_20,SMA/EMA,sma_200,ema_20,2.0,False,-0.20837645973907334,-0.11183094203641195,True,-0.0965455177026614
v5_30m__entry_sma_200__exit_ema_200__entry_hours_2__exit_hours_2,sma_200__ema_200,SMA/EMA,sma_200,ema_200,2.0,False,0.24890518264085215,0.10821488703876408,True,0.14069029560208807
v5_30m__entry_sma_200__exit_ema_250__entry_hours_2__exit_hours_2,sma_200__ema_250,SMA/EMA,sma_200,ema_250,2.0,False,0.2869274058432238,0.19275481604691197,True,0.09417258979631182
v5_30m__entry_sma_200__exit_ema_50__entry_hours_2__exit_hours_2,sma_200__ema_50,SMA/EMA,sma_200,ema_50,2.0,False,0.060391900545559186,0.0688386562920333,True,-0.008446755746474112
v5_30m__entry_sma_200__exit_macd_12_26_9__entry_hours_2__exit_hours_2,sma_200__macd_12_26_9,SMA/MACD,sma_200,macd_12_26_9,2.0,False,0.028498027216833876,-0.030370502779174715,True,0.05886852999600859
v5_30m__entry_sma_200__exit_macd_24_52_18__entry_hours_2__exit_hours_2,sma_200__macd_24_52_18,SMA/MACD,sma_200,macd_24_52_18,2.0,False,-0.30355816227147225,-0.3118562231094378,True,0.008298060837965526
v5_30m__entry_sma_200__exit_macd_48_104_36__entry_hours_2__exit_hours_2,sma_200__macd_48_104_36,SMA/MACD,sma_200,macd_48_104_36,2.0,False,-0.08354210207467982,-0.013089943619171266,True,-0.07045215845550856
v5_30m__entry_sma_200__exit_macd_6_13_5__entry_hours_2__exit_hours_2,sma_200__macd_6_13_5,SMA/MACD,sma_200,macd_6_13_5,2.0,False,0.03836853126850003,-0.11993163133239154,True,0.15830016260089158
v5_30m__entry_sma_200__exit_macd_96_208_72__entry_hours_2__exit_hours_2,sma_200__macd_96_208_72,SMA/MACD,sma_200,macd_96_208_72,2.0,False,0.154186893058646,0.16556302780445492,True,-0.011376134745808925
v5_30m__entry_sma_200__exit_sma_10__entry_hours_2__exit_hours_2,sma_200__sma_10,SMA/SMA,sma_200,sma_10,2.0,False,-0.12605650636074303,-0.1907468396867628,True,0.06469033332601976
v5_30m__entry_sma_200__exit_sma_100__entry_hours_2__exit_hours_2,sma_200__sma_100,SMA/SMA,sma_200,sma_100,2.0,False,0.020459872535770175,-0.021218118274778815,True,0.04167799081054899
v5_30m__entry_sma_200__exit_sma_20__entry_hours_2__exit_hours_2,sma_200__sma_20,SMA/SMA,sma_200,sma_20,2.0,False,-0.10177641831032948,-0.02383902793236807,True,-0.07793739037796141
v5_30m__entry_sma_200__exit_sma_200__entry_hours_2__exit_hours_2,sma_200__sma_200,SMA/SMA,sma_200,sma_200,2.0,False,0.16023840053653635,0.0614431327929076,True,0.09879526774362875
v5_30m__entry_sma_200__exit_sma_250__entry_hours_2__exit_hours_2,sma_200__sma_250,SMA/SMA,sma_200,sma_250,2.0,False,0.2975769131584001,0.27059904731276374,True,0.026977865845636384
v5_30m__entry_sma_200__exit_sma_50__entry_hours_2__exit_hours_2,sma_200__sma_50,SMA/SMA,sma_200,sma_50,2.0,False,0.09684762126281968,0.01903756575933883,True,0.07781005550348084
v5_30m__entry_sma_20__exit_ema_10__entry_hours_2__exit_hours_2,sma_20__ema_10,SMA/EMA,sma_20,ema_10,2.0,False,0.09485161884029975,0.15207353973017154,True,-0.0572219208898718
v5_30m__entry_sma_20__exit_ema_100__entry_hours_2__exit_hours_2,sma_20__ema_100,SMA/EMA,sma_20,ema_100,2.0,True,0.4656546362245951,0.33163871427024283,True,0.13401592195435225
v5_30m__entry_sma_20__exit_ema_20__entry_hours_2__exit_hours_2,sma_20__ema_20,SMA/EMA,sma_20,ema_20,2.0,False,0.07357584165222095,0.3536244230778022,True,-0.2800485814255812
v5_30m__entry_sma_20__exit_ema_200__entry_hours_2__exit_hours_2,sma_20__ema_200,SMA/EMA,sma_20,ema_200,2.0,False,0.19993017107138952,0.19316330002804866,True,0.006766871043340866
v5_30m__entry_sma_20__exit_ema_250__entry_hours_2__exit_hours_2,sma_20__ema_250,SMA/EMA,sma_20,ema_250,2.0,True,0.31066532954325704,0.23075759095571138,True,0.07990773858754566
v5_30m__entry_sma_20__exit_ema_50__entry_hours_2__exit_hours_2,sma_20__ema_50,SMA/EMA,sma_20,ema_50,2.0,False,0.2011882459041045,0.24701422522583466,True,-0.04582597932173016
v5_30m__entry_sma_20__exit_macd_12_26_9__entry_hours_2__exit_hours_2,sma_20__macd_12_26_9,SMA/MACD,sma_20,macd_12_26_9,2.0,False,0.023467660673358495,0.1280302525098118,True,-0.10456259183645329
v5_30m__entry_sma_20__exit_macd_24_52_18__entry_hours_2__exit_hours_2,sma_20__macd_24_52_18,SMA/MACD,sma_20,macd_24_52_18,2.0,False,-0.043052486857249585,-0.09845636187278212,True,0.05540387501553253
v5_30m__entry_sma_20__exit_macd_48_104_36__entry_hours_2__exit_hours_2,sma_20__macd_48_104_36,SMA/MACD,sma_20,macd_48_104_36,2.0,False,0.07116032640739675,0.06937582916227006,True,0.0017844972451266927
v5_30m__entry_sma_20__exit_macd_6_13_5__entry_hours_2__exit_hours_2,sma_20__macd_6_13_5,SMA/MACD,sma_20,macd_6_13_5,2.0,False,-0.024524005950724025,0.024342433881856303,True,-0.04886643983258033
v5_30m__entry_sma_20__exit_macd_96_208_72__entry_hours_2__exit_hours_2,sma_20__macd_96_208_72,SMA/MACD,sma_20,macd_96_208_72,2.0,False,0.1425011670968245,0.16344052486618202,True,-0.020939357769357514
v5_30m__entry_sma_20__exit_sma_10__entry_hours_2__exit_hours_2,sma_20__sma_10,SMA/SMA,sma_20,sma_10,2.0,False,0.11195233996203412,0.0807852867228286,True,0.031167053239205517
v5_30m__entry_sma_20__exit_sma_100__entry_hours_2__exit_hours_2,sma_20__sma_100,SMA/SMA,sma_20,sma_100,2.0,False,0.17511055254458052,0.2459058308330993,True,-0.07079527828851878
v5_30m__entry_sma_20__exit_sma_20__entry_hours_2__exit_hours_2,sma_20__sma_20,SMA/SMA,sma_20,sma_20,2.0,False,0.1634507281776763,0.3560619129898959,True,-0.19261118481221962
v5_30m__entry_sma_20__exit_sma_200__entry_hours_2__exit_hours_2,sma_20__sma_200,SMA/SMA,sma_20,sma_200,2.0,False,0.14586795954142426,0.16791880213394697,True,-0.022050842592522713
v5_30m__entry_sma_20__exit_sma_250__entry_hours_2__exit_hours_2,sma_20__sma_250,SMA/SMA,sma_20,sma_250,2.0,False,0.31564449214292717,0.2839241473932526,True,0.031720344749674556
v5_30m__entry_sma_20__exit_sma_50__entry_hours_2__exit_hours_2,sma_20__sma_50,SMA/SMA,sma_20,sma_50,2.0,True,0.3409660217955903,0.3189337366588616,True,0.022032285136728724
v5_30m__entry_sma_250__exit_ema_10__entry_hours_2__exit_hours_2,sma_250__ema_10,SMA/EMA,sma_250,ema_10,2.0,False,-0.06322823214337597,0.05699673264891661,True,-0.12022496479229258
v5_30m__entry_sma_250__exit_ema_100__entry_hours_2__exit_hours_2,sma_250__ema_100,SMA/EMA,sma_250,ema_100,2.0,True,0.37924591053317924,0.30539886889045337,True,0.07384704164272587
v5_30m__entry_sma_250__exit_ema_20__entry_hours_2__exit_hours_2,sma_250__ema_20,SMA/EMA,sma_250,ema_20,2.0,False,-0.05707073907556631,0.14622185884556668,True,-0.203292597921133
v5_30m__entry_sma_250__exit_ema_200__entry_hours_2__exit_hours_2,sma_250__ema_200,SMA/EMA,sma_250,ema_200,2.0,False,0.2696811743876734,0.21590378022167703,True,0.05377739416599639
v5_30m__entry_sma_250__exit_ema_250__entry_hours_2__exit_hours_2,sma_250__ema_250,SMA/EMA,sma_250,ema_250,2.0,False,0.28015132998469217,0.25906258144438976,True,0.021088748540302404
v5_30m__entry_sma_250__exit_ema_50__entry_hours_2__exit_hours_2,sma_250__ema_50,SMA/EMA,sma_250,ema_50,2.0,False,0.1506234677833524,0.20032706232502162,True,-0.04970359454166923
v5_30m__entry_sma_250__exit_macd_12_26_9__entry_hours_2__exit_hours_2,sma_250__macd_12_26_9,SMA/MACD,sma_250,macd_12_26_9,2.0,True,0.189753618668509,0.25950630191004226,True,-0.06975268324153325
v5_30m__entry_sma_250__exit_macd_24_52_18__entry_hours_2__exit_hours_2,sma_250__macd_24_52_18,SMA/MACD,sma_250,macd_24_52_18,2.0,False,-0.059546643357255,0.0320659498669322,True,-0.0916125932241872
v5_30m__entry_sma_250__exit_macd_48_104_36__entry_hours_2__exit_hours_2,sma_250__macd_48_104_36,SMA/MACD,sma_250,macd_48_104_36,2.0,False,0.14410308169769856,0.20529052846520518,True,-0.06118744676750662
v5_30m__entry_sma_250__exit_macd_6_13_5__entry_hours_2__exit_hours_2,sma_250__macd_6_13_5,SMA/MACD,sma_250,macd_6_13_5,2.0,True,0.09364802727865963,-0.023926805264447643,True,0.11757483254310727
v5_30m__entry_sma_250__exit_macd_96_208_72__entry_hours_2__exit_hours_2,sma_250__macd_96_208_72,SMA/MACD,sma_250,macd_96_208_72,2.0,True,0.49179161135099025,0.4919102303298107,True,-0.00011861897882042838
v5_30m__entry_sma_250__exit_sma_10__entry_hours_2__exit_hours_2,sma_250__sma_10,SMA/SMA,sma_250,sma_10,2.0,False,-0.02624742951729182,0.024258521213915696,True,-0.05050595073120752
v5_30m__entry_sma_250__exit_sma_100__entry_hours_2__exit_hours_2,sma_250__sma_100,SMA/SMA,sma_250,sma_100,2.0,False,0.19271014149874277,0.1996038698982598,True,-0.0068937283995170184
v5_30m__entry_sma_250__exit_sma_20__entry_hours_2__exit_hours_2,sma_250__sma_20,SMA/SMA,sma_250,sma_20,2.0,False,0.033531600487431736,0.19555302537749422,True,-0.1620214248900625
v5_30m__entry_sma_250__exit_sma_200__entry_hours_2__exit_hours_2,sma_250__sma_200,SMA/SMA,sma_250,sma_200,2.0,False,0.2668556096751506,0.22047916199355763,True,0.046376447681592964
v5_30m__entry_sma_250__exit_sma_250__entry_hours_2__exit_hours_2,sma_250__sma_250,SMA/SMA,sma_250,sma_250,2.0,False,0.2962000316620291,0.2589968372330883,True,0.03720319442894077
v5_30m__entry_sma_250__exit_sma_50__entry_hours_2__exit_hours_2,sma_250__sma_50,SMA/SMA,sma_250,sma_50,2.0,False,0.2145004015578771,0.2205492402935725,True,-0.006048838735695394
v5_30m__entry_sma_50__exit_ema_10__entry_hours_2__exit_hours_2,sma_50__ema_10,SMA/EMA,sma_50,ema_10,2.0,False,-0.034286350020062376,-0.09397694554443742,True,0.05969059552437504
v5_30m__entry_sma_50__exit_ema_100__entry_hours_2__exit_hours_2,sma_50__ema_100,SMA/EMA,sma_50,ema_100,2.0,False,0.3331096204435392,0.25498967813224716,True,0.07811994231129205
v5_30m__entry_sma_50__exit_ema_20__entry_hours_2__exit_hours_2,sma_50__ema_20,SMA/EMA,sma_50,ema_20,2.0,False,0.0887678417596896,0.13134201196214132,True,-0.04257417020245172
v5_30m__entry_sma_50__exit_ema_200__entry_hours_2__exit_hours_2,sma_50__ema_200,SMA/EMA,sma_50,ema_200,2.0,False,0.19782878076108643,0.16357988588130185,True,0.03424889487978458
v5_30m__entry_sma_50__exit_ema_250__entry_hours_2__exit_hours_2,sma_50__ema_250,SMA/EMA,sma_50,ema_250,2.0,True,0.3472571328021633,0.25602463092826233,True,0.09123250187390097
v5_30m__entry_sma_50__exit_ema_50__entry_hours_2__exit_hours_2,sma_50__ema_50,SMA/EMA,sma_50,ema_50,2.0,False,0.22101572361317917,0.1935354993885933,True,0.027480224224585875
v5_30m__entry_sma_50__exit_macd_12_26_9__entry_hours_2__exit_hours_2,sma_50__macd_12_26_9,SMA/MACD,sma_50,macd_12_26_9,2.0,False,0.021751585446603338,0.044237324137862195,True,-0.022485738691258857
v5_30m__entry_sma_50__exit_macd_24_52_18__entry_hours_2__exit_hours_2,sma_50__macd_24_52_18,SMA/MACD,sma_50,macd_24_52_18,2.0,False,-0.07164666090036245,-0.03496320165371667,True,-0.03668345924664578
v5_30m__entry_sma_50__exit_macd_48_104_36__entry_hours_2__exit_hours_2,sma_50__macd_48_104_36,SMA/MACD,sma_50,macd_48_104_36,2.0,False,0.010014124135738062,0.03375991179044204,True,-0.02374578765470398
v5_30m__entry_sma_50__exit_macd_6_13_5__entry_hours_2__exit_hours_2,sma_50__macd_6_13_5,SMA/MACD,sma_50,macd_6_13_5,2.0,False,-0.15681759522245692,-0.3140234134050947,True,0.1572058181826378
v5_30m__entry_sma_50__exit_macd_96_208_72__entry_hours_2__exit_hours_2,sma_50__macd_96_208_72,SMA/MACD,sma_50,macd_96_208_72,2.0,False,0.1300116205813724,0.1456139689034943,True,-0.0156023483221219
v5_30m__entry_sma_50__exit_sma_10__entry_hours_2__exit_hours_2,sma_50__sma_10,SMA/SMA,sma_50,sma_10,2.0,False,-0.026257695663875962,-0.22944804227899032,True,0.20319034661511437
v5_30m__entry_sma_50__exit_sma_100__entry_hours_2__exit_hours_2,sma_50__sma_100,SMA/SMA,sma_50,sma_100,2.0,False,0.1403846737979021,0.1616540292987374,True,-0.021269355500835307
v5_30m__entry_sma_50__exit_sma_20__entry_hours_2__exit_hours_2,sma_50__sma_20,SMA/SMA,sma_50,sma_20,2.0,False,0.09621053000468717,0.2593123638451282,True,-0.16310183384044102
v5_30m__entry_sma_50__exit_sma_200__entry_hours_2__exit_hours_2,sma_50__sma_200,SMA/SMA,sma_50,sma_200,2.0,False,0.09625919278753316,0.11800408284870101,True,-0.02174489006116785
v5_30m__entry_sma_50__exit_sma_250__entry_hours_2__exit_hours_2,sma_50__sma_250,SMA/SMA,sma_50,sma_250,2.0,False,0.3332539272324218,0.2759518636817017,True,0.057302063550720095
v5_30m__entry_sma_50__exit_sma_50__entry_hours_2__exit_hours_2,sma_50__sma_50,SMA/SMA,sma_50,sma_50,2.0,True,0.2924477940923358,0.1652563699705109,True,0.12719142412182488
v5_30m__entry_ema_100__exit_ema_10__entry_hours_2p5__exit_hours_2p5,ema_100__ema_10,EMA/EMA,ema_100,ema_10,2.5,False,-0.015389919063549775,-0.0006079830197040435,True,-0.014781936043845732
v5_30m__entry_ema_100__exit_ema_100__entry_hours_2p5__exit_hours_2p5,ema_100__ema_100,EMA/EMA,ema_100,ema_100,2.5,False,0.3793238506752421,0.26002747535994064,True,0.11929637531530146
v5_30m__entry_ema_100__exit_ema_20__entry_hours_2p5__exit_hours_2p5,ema_100__ema_20,EMA/EMA,ema_100,ema_20,2.5,False,0.002427974695422791,0.24731206597189026,True,-0.24488409127646746
v5_30m__entry_ema_100__exit_ema_200__entry_hours_2p5__exit_hours_2p5,ema_100__ema_200,EMA/EMA,ema_100,ema_200,2.5,False,0.25067393716273784,0.15038308416861185,True,0.10029085299412599
v5_30m__entry_ema_100__exit_ema_250__entry_hours_2p5__exit_hours_2p5,ema_100__ema_250,EMA/EMA,ema_100,ema_250,2.5,False,0.3081578303465572,0.2048396593405551,True,0.1033181710060021
v5_30m__entry_ema_100__exit_ema_50__entry_hours_2p5__exit_hours_2p5,ema_100__ema_50,EMA/EMA,ema_100,ema_50,2.5,False,0.2796528820410342,0.3283270971041166,True,-0.04867421506308239
v5_30m__entry_ema_100__exit_macd_12_26_9__entry_hours_2p5__exit_hours_2p5,ema_100__macd_12_26_9,EMA/MACD,ema_100,macd_12_26_9,2.5,False,0.025571973947623384,0.1110696443983843,True,-0.08549767045076093
v5_30m__entry_ema_100__exit_macd_24_52_18__entry_hours_2p5__exit_hours_2p5,ema_100__macd_24_52_18,EMA/MACD,ema_100,macd_24_52_18,2.5,False,0.05952814507332079,0.12828172443477173,True,-0.06875357936145093
v5_30m__entry_ema_100__exit_macd_48_104_36__entry_hours_2p5__exit_hours_2p5,ema_100__macd_48_104_36,EMA/MACD,ema_100,macd_48_104_36,2.5,False,0.21326223543380712,0.2839908383932107,True,-0.07072860295940359
v5_30m__entry_ema_100__exit_macd_6_13_5__entry_hours_2p5__exit_hours_2p5,ema_100__macd_6_13_5,EMA/MACD,ema_100,macd_6_13_5,2.5,False,-0.1092218464713111,-0.27656485502109796,True,0.16734300854978684
v5_30m__entry_ema_100__exit_macd_96_208_72__entry_hours_2p5__exit_hours_2p5,ema_100__macd_96_208_72,EMA/MACD,ema_100,macd_96_208_72,2.5,False,0.3315527383647154,0.35977786496833447,True,-0.02822512660361909
v5_30m__entry_ema_100__exit_sma_10__entry_hours_2p5__exit_hours_2p5,ema_100__sma_10,EMA/SMA,ema_100,sma_10,2.5,False,-0.0439634947951878,-0.13929407390727558,True,0.09533057911208778
v5_30m__entry_ema_100__exit_sma_100__entry_hours_2p5__exit_hours_2p5,ema_100__sma_100,EMA/SMA,ema_100,sma_100,2.5,False,0.24735853502526767,0.22312607301458304,True,0.02423246201068463
v5_30m__entry_ema_100__exit_sma_20__entry_hours_2p5__exit_hours_2p5,ema_100__sma_20,EMA/SMA,ema_100,sma_20,2.5,False,0.15929853604525382,0.26574609221734224,True,-0.10644755617208843
v5_30m__entry_ema_100__exit_sma_200__entry_hours_2p5__exit_hours_2p5,ema_100__sma_200,EMA/SMA,ema_100,sma_200,2.5,False,0.15989585719810565,0.15294067917570942,True,0.00695517802239623
v5_30m__entry_ema_100__exit_sma_250__entry_hours_2p5__exit_hours_2p5,ema_100__sma_250,EMA/SMA,ema_100,sma_250,2.5,False,0.29505268656858236,0.2681067214191236,True,0.02694596514945874
v5_30m__entry_ema_100__exit_sma_50__entry_hours_2p5__exit_hours_2p5,ema_100__sma_50,EMA/SMA,ema_100,sma_50,2.5,True,0.3475485908658666,0.3543849174179127,True,-0.006836326552046135
v5_30m__entry_ema_10__exit_ema_10__entry_hours_2p5__exit_hours_2p5,ema_10__ema_10,EMA/EMA,ema_10,ema_10,2.5,False,0.028817942225778485,0.04238228775696942,True,-0.013564345531190937
v5_30m__entry_ema_10__exit_ema_100__entry_hours_2p5__exit_hours_2p5,ema_10__ema_100,EMA/EMA,ema_10,ema_100,2.5,True,0.4206531080088072,0.28292642504301196,True,0.1377266829657952
v5_30m__entry_ema_10__exit_ema_20__entry_hours_2p5__exit_hours_2p5,ema_10__ema_20,EMA/EMA,ema_10,ema_20,2.5,False,0.10444693552774592,0.4074960362135531,True,-0.3030491006858072
v5_30m__entry_ema_10__exit_ema_200__entry_hours_2p5__exit_hours_2p5,ema_10__ema_200,EMA/EMA,ema_10,ema_200,2.5,False,0.29120536058742924,0.24679641125008211,True,0.044408949337347126
v5_30m__entry_ema_10__exit_ema_250__entry_hours_2p5__exit_hours_2p5,ema_10__ema_250,EMA/EMA,ema_10,ema_250,2.5,False,0.3473770777109262,0.2535970817655029,True,0.0937799959454233
v5_30m__entry_ema_10__exit_ema_50__entry_hours_2p5__exit_hours_2p5,ema_10__ema_50,EMA/EMA,ema_10,ema_50,2.5,False,0.15838487623983788,0.29332963587277333,True,-0.13494475963293545
v5_30m__entry_ema_10__exit_macd_12_26_9__entry_hours_2p5__exit_hours_2p5,ema_10__macd_12_26_9,EMA/MACD,ema_10,macd_12_26_9,2.5,False,-0.08367194155397352,0.04448900367367532,True,-0.12816094522764884
v5_30m__entry_ema_10__exit_macd_24_52_18__entry_hours_2p5__exit_hours_2p5,ema_10__macd_24_52_18,EMA/MACD,ema_10,macd_24_52_18,2.5,False,-0.016783713776652776,-0.09447657861976214,True,0.07769286484310936
v5_30m__entry_ema_10__exit_macd_48_104_36__entry_hours_2p5__exit_hours_2p5,ema_10__macd_48_104_36,EMA/MACD,ema_10,macd_48_104_36,2.5,False,0.04010592218479379,0.06041333402917477,True,-0.020307411844380986
v5_30m__entry_ema_10__exit_macd_6_13_5__entry_hours_2p5__exit_hours_2p5,ema_10__macd_6_13_5,EMA/MACD,ema_10,macd_6_13_5,2.5,False,-0.2932252106632399,-0.337329343855825,True,0.044104133192585104
v5_30m__entry_ema_10__exit_macd_96_208_72__entry_hours_2p5__exit_hours_2p5,ema_10__macd_96_208_72,EMA/MACD,ema_10,macd_96_208_72,2.5,False,0.18175803083553874,0.1701393409829781,True,0.011618689852560649
v5_30m__entry_ema_10__exit_sma_10__entry_hours_2p5__exit_hours_2p5,ema_10__sma_10,EMA/SMA,ema_10,sma_10,2.5,False,-0.0972201203295286,-0.02027189997570593,True,-0.07694822035382268
v5_30m__entry_ema_10__exit_sma_100__entry_hours_2p5__exit_hours_2p5,ema_10__sma_100,EMA/SMA,ema_10,sma_100,2.5,False,0.17047772799749408,0.21723681396672326,True,-0.046759085969229175
v5_30m__entry_ema_10__exit_sma_20__entry_hours_2p5__exit_hours_2p5,ema_10__sma_20,EMA/SMA,ema_10,sma_20,2.5,True,0.12817081403081865,0.42097776631184786,True,-0.2928069522810292
v5_30m__entry_ema_10__exit_sma_200__entry_hours_2p5__exit_hours_2p5,ema_10__sma_200,EMA/SMA,ema_10,sma_200,2.5,False,0.1235340667242314,0.19696945041182182,True,-0.07343538368759042
v5_30m__entry_ema_10__exit_sma_250__entry_hours_2p5__exit_hours_2p5,ema_10__sma_250,EMA/SMA,ema_10,sma_250,2.5,False,0.29016856520193934,0.3076816409695035,True,-0.017513075767564168
v5_30m__entry_ema_10__exit_sma_50__entry_hours_2p5__exit_hours_2p5,ema_10__sma_50,EMA/SMA,ema_10,sma_50,2.5,True,0.3156406704983094,0.33207476598594116,True,-0.01643409548763175
v5_30m__entry_ema_200__exit_ema_10__entry_hours_2p5__exit_hours_2p5,ema_200__ema_10,EMA/EMA,ema_200,ema_10,2.5,False,-0.08809920631554083,0.09988745464702359,True,-0.18798666096256442
v5_30m__entry_ema_200__exit_ema_100__entry_hours_2p5__exit_hours_2p5,ema_200__ema_100,EMA/EMA,ema_200,ema_100,2.5,True,0.44488751075460153,0.2473743971928503,True,0.19751311356175125
v5_30m__entry_ema_200__exit_ema_20__entry_hours_2p5__exit_hours_2p5,ema_200__ema_20,EMA/EMA,ema_200,ema_20,2.5,False,-0.1088476873093118,0.1589425052753569,True,-0.2677901925846687
v5_30m__entry_ema_200__exit_ema_200__entry_hours_2p5__exit_hours_2p5,ema_200__ema_200,EMA/EMA,ema_200,ema_200,2.5,False,0.27990031514812813,0.1825266450478972,True,0.09737367010023093
v5_30m__entry_ema_200__exit_ema_250__entry_hours_2p5__exit_hours_2p5,ema_200__ema_250,EMA/EMA,ema_200,ema_250,2.5,False,0.2870707343456987,0.2549479211262679,True,0.03212281321943078
v5_30m__entry_ema_200__exit_ema_50__entry_hours_2p5__exit_hours_2p5,ema_200__ema_50,EMA/EMA,ema_200,ema_50,2.5,False,0.23095786655832612,0.190591816351735,True,0.04036605020659112
v5_30m__entry_ema_200__exit_macd_12_26_9__entry_hours_2p5__exit_hours_2p5,ema_200__macd_12_26_9,EMA/MACD,ema_200,macd_12_26_9,2.5,False,0.2419046428674736,0.2726890572681901,True,-0.030784414400716498
v5_30m__entry_ema_200__exit_macd_24_52_18__entry_hours_2p5__exit_hours_2p5,ema_200__macd_24_52_18,EMA/MACD,ema_200,macd_24_52_18,2.5,False,0.033546257309704626,0.0022133693682327886,True,0.031332887941471835
v5_30m__entry_ema_200__exit_macd_48_104_36__entry_hours_2p5__exit_hours_2p5,ema_200__macd_48_104_36,EMA/MACD,ema_200,macd_48_104_36,2.5,False,0.23593153662327868,0.15829215559599513,True,0.07763938102728354
v5_30m__entry_ema_200__exit_macd_6_13_5__entry_hours_2p5__exit_hours_2p5,ema_200__macd_6_13_5,EMA/MACD,ema_200,macd_6_13_5,2.5,True,0.06664528743062845,0.01374523804187511,True,0.05290004938875334
v5_30m__entry_ema_200__exit_macd_96_208_72__entry_hours_2p5__exit_hours_2p5,ema_200__macd_96_208_72,EMA/MACD,ema_200,macd_96_208_72,2.5,True,0.5245328088466094,0.4521443181480897,True,0.07238849069851966
v5_30m__entry_ema_200__exit_sma_10__entry_hours_2p5__exit_hours_2p5,ema_200__sma_10,EMA/SMA,ema_200,sma_10,2.5,False,-0.07236450907131291,0.043594792551802146,True,-0.11595930162311505
v5_30m__entry_ema_200__exit_sma_100__entry_hours_2p5__exit_hours_2p5,ema_200__sma_100,EMA/SMA,ema_200,sma_100,2.5,False,0.22660342436182546,0.10943336572303634,True,0.11717005863878911
v5_30m__entry_ema_200__exit_sma_20__entry_hours_2p5__exit_hours_2p5,ema_200__sma_20,EMA/SMA,ema_200,sma_20,2.5,False,0.02642313549920551,0.1978819181163215,True,-0.171458782617116
v5_30m__entry_ema_200__exit_sma_200__entry_hours_2p5__exit_hours_2p5,ema_200__sma_200,EMA/SMA,ema_200,sma_200,2.5,False,0.2560139275051205,0.16939549064342743,True,0.08661843686169304
v5_30m__entry_ema_200__exit_sma_250__entry_hours_2p5__exit_hours_2p5,ema_200__sma_250,EMA/SMA,ema_200,sma_250,2.5,False,0.29528845483668337,0.295301844313221,True,-1.3389476537617462e-05
v5_30m__entry_ema_200__exit_sma_50__entry_hours_2p5__exit_hours_2p5,ema_200__sma_50,EMA/SMA,ema_200,sma_50,2.5,True,0.3049501655145143,0.19608868657989567,True,0.10886147893461864
v5_30m__entry_ema_20__exit_ema_10__entry_hours_2p5__exit_hours_2p5,ema_20__ema_10,EMA/EMA,ema_20,ema_10,2.5,False,0.06751205789587392,0.11333849185533337,True,-0.045826433959459456
v5_30m__entry_ema_20__exit_ema_100__entry_hours_2p5__exit_hours_2p5,ema_20__ema_100,EMA/EMA,ema_20,ema_100,2.5,True,0.4098368962654124,0.3084589117540858,True,0.10137798451132662
v5_30m__entry_ema_20__exit_ema_20__entry_hours_2p5__exit_hours_2p5,ema_20__ema_20,EMA/EMA,ema_20,ema_20,2.5,False,0.10312681524717289,0.33516626164033736,True,-0.23203944639316448
v5_30m__entry_ema_20__exit_ema_200__entry_hours_2p5__exit_hours_2p5,ema_20__ema_200,EMA/EMA,ema_20,ema_200,2.5,False,0.2832736278493136,0.19302553893031535,True,0.09024808891899824
v5_30m__entry_ema_20__exit_ema_250__entry_hours_2p5__exit_hours_2p5,ema_20__ema_250,EMA/EMA,ema_20,ema_250,2.5,False,0.35426985765540303,0.2693014992255929,True,0.08496835842981015
v5_30m__entry_ema_20__exit_ema_50__entry_hours_2p5__exit_hours_2p5,ema_20__ema_50,EMA/EMA,ema_20,ema_50,2.5,False,0.12941223703056157,0.2528875695267343,True,-0.12347533249617273
v5_30m__entry_ema_20__exit_macd_12_26_9__entry_hours_2p5__exit_hours_2p5,ema_20__macd_12_26_9,EMA/MACD,ema_20,macd_12_26_9,2.5,False,0.14664153645114889,0.032109806858264145,True,0.11453172959288474
v5_30m__entry_ema_20__exit_macd_24_52_18__entry_hours_2p5__exit_hours_2p5,ema_20__macd_24_52_18,EMA/MACD,ema_20,macd_24_52_18,2.5,False,0.020353244700730085,-0.0326899165458147,True,0.05304316124654478
v5_30m__entry_ema_20__exit_macd_48_104_36__entry_hours_2p5__exit_hours_2p5,ema_20__macd_48_104_36,EMA/MACD,ema_20,macd_48_104_36,2.5,False,0.019826483550504044,0.06537010652989599,True,-0.04554362297939194
v5_30m__entry_ema_20__exit_macd_6_13_5__entry_hours_2p5__exit_hours_2p5,ema_20__macd_6_13_5,EMA/MACD,ema_20,macd_6_13_5,2.5,False,-0.013670175978172007,-0.11252877930989884,True,0.09885860333172683
v5_30m__entry_ema_20__exit_macd_96_208_72__entry_hours_2p5__exit_hours_2p5,ema_20__macd_96_208_72,EMA/MACD,ema_20,macd_96_208_72,2.5,False,0.1447895295927178,0.16489882865510538,True,-0.020109299062387592
v5_30m__entry_ema_20__exit_sma_10__entry_hours_2p5__exit_hours_2p5,ema_20__sma_10,EMA/SMA,ema_20,sma_10,2.5,False,0.04957044653847889,0.006178142283133949,True,0.04339230425534494
v5_30m__entry_ema_20__exit_sma_100__entry_hours_2p5__exit_hours_2p5,ema_20__sma_100,EMA/SMA,ema_20,sma_100,2.5,False,0.17726072744462723,0.23831683043913535,True,-0.061056102994508116
v5_30m__entry_ema_20__exit_sma_20__entry_hours_2p5__exit_hours_2p5,ema_20__sma_20,EMA/SMA,ema_20,sma_20,2.5,False,0.15796758060050142,0.4204221554160418,True,-0.26245457481554035
v5_30m__entry_ema_20__exit_sma_200__entry_hours_2p5__exit_hours_2p5,ema_20__sma_200,EMA/SMA,ema_20,sma_200,2.5,False,0.16762783504545087,0.15903135902657678,True,0.008596476018874089
v5_30m__entry_ema_20__exit_sma_250__entry_hours_2p5__exit_hours_2p5,ema_20__sma_250,EMA/SMA,ema_20,sma_250,2.5,False,0.30512533902771666,0.27327386820124583,True,0.03185147082647083
v5_30m__entry_ema_20__exit_sma_50__entry_hours_2p5__exit_hours_2p5,ema_20__sma_50,EMA/SMA,ema_20,sma_50,2.5,False,0.30069592103527026,0.2929388762492825,True,0.007757044785987766
v5_30m__entry_ema_250__exit_ema_10__entry_hours_2p5__exit_hours_2p5,ema_250__ema_10,EMA/EMA,ema_250,ema_10,2.5,False,0.033622977905746795,0.13538534402234675,True,-0.10176236611659996
v5_30m__entry_ema_250__exit_ema_100__entry_hours_2p5__exit_hours_2p5,ema_250__ema_100,EMA/EMA,ema_250,ema_100,2.5,True,0.39154378536008555,0.3545106767997482,True,0.03703310856033737
v5_30m__entry_ema_250__exit_ema_20__entry_hours_2p5__exit_hours_2p5,ema_250__ema_20,EMA/EMA,ema_250,ema_20,2.5,False,0.042415605535845995,0.24198167384301483,True,-0.19956606830716883
v5_30m__entry_ema_250__exit_ema_200__entry_hours_2p5__exit_hours_2p5,ema_250__ema_200,EMA/EMA,ema_250,ema_200,2.5,False,0.29057054124141474,0.24453467116009633,True,0.0460358700813184
v5_30m__entry_ema_250__exit_ema_250__entry_hours_2p5__exit_hours_2p5,ema_250__ema_250,EMA/EMA,ema_250,ema_250,2.5,False,0.34221870950010846,0.2418391106175752,True,0.10037959888253326
v5_30m__entry_ema_250__exit_ema_50__entry_hours_2p5__exit_hours_2p5,ema_250__ema_50,EMA/EMA,ema_250,ema_50,2.5,False,0.23432618719718695,0.3019856816831141,True,-0.06765949448592717
v5_30m__entry_ema_250__exit_macd_12_26_9__entry_hours_2p5__exit_hours_2p5,ema_250__macd_12_26_9,EMA/MACD,ema_250,macd_12_26_9,2.5,True,0.32774115841977886,0.3004419828161448,True,0.02729917560363404
v5_30m__entry_ema_250__exit_macd_24_52_18__entry_hours_2p5__exit_hours_2p5,ema_250__macd_24_52_18,EMA/MACD,ema_250,macd_24_52_18,2.5,False,0.06608868777520761,0.06633157662185257,True,-0.00024288884664495913
v5_30m__entry_ema_250__exit_macd_48_104_36__entry_hours_2p5__exit_hours_2p5,ema_250__macd_48_104_36,EMA/MACD,ema_250,macd_48_104_36,2.5,False,0.15999475544859393,0.23223936978870546,True,-0.07224461434011153
v5_30m__entry_ema_250__exit_macd_6_13_5__entry_hours_2p5__exit_hours_2p5,ema_250__macd_6_13_5,EMA/MACD,ema_250,macd_6_13_5,2.5,True,0.14068431076471466,0.004320951533029749,True,0.1363633592316849
v5_30m__entry_ema_250__exit_macd_96_208_72__entry_hours_2p5__exit_hours_2p5,ema_250__macd_96_208_72,EMA/MACD,ema_250,macd_96_208_72,2.5,True,0.4674490741515723,0.48169134509777994,True,-0.014242270946207669
v5_30m__entry_ema_250__exit_sma_10__entry_hours_2p5__exit_hours_2p5,ema_250__sma_10,EMA/SMA,ema_250,sma_10,2.5,False,0.013668992845883998,0.08741208481457227,True,-0.07374309196868828
v5_30m__entry_ema_250__exit_sma_100__entry_hours_2p5__exit_hours_2p5,ema_250__sma_100,EMA/SMA,ema_250,sma_100,2.5,False,0.24231338680641695,0.23863835869141053,True,0.003675028115006418
v5_30m__entry_ema_250__exit_sma_20__entry_hours_2p5__exit_hours_2p5,ema_250__sma_20,EMA/SMA,ema_250,sma_20,2.5,False,0.14237599963888176,0.292018940434404,True,-0.14964294079552226
v5_30m__entry_ema_250__exit_sma_200__entry_hours_2p5__exit_hours_2p5,ema_250__sma_200,EMA/SMA,ema_250,sma_200,2.5,False,0.21786813505864988,0.1399485000732323,True,0.07791963498541757
v5_30m__entry_ema_250__exit_sma_250__entry_hours_2p5__exit_hours_2p5,ema_250__sma_250,EMA/SMA,ema_250,sma_250,2.5,False,0.3251946103169673,0.27306904073857,True,0.05212556957839726
v5_30m__entry_ema_250__exit_sma_50__entry_hours_2p5__exit_hours_2p5,ema_250__sma_50,EMA/SMA,ema_250,sma_50,2.5,True,0.2816931954565017,0.24563342266915664,True,0.03605977278734504
v5_30m__entry_ema_50__exit_ema_10__entry_hours_2p5__exit_hours_2p5,ema_50__ema_10,EMA/EMA,ema_50,ema_10,2.5,False,-0.1644614020788412,-0.11883383465858063,True,-0.045627567420260556
v5_30m__entry_ema_50__exit_ema_100__entry_hours_2p5__exit_hours_2p5,ema_50__ema_100,EMA/EMA,ema_50,ema_100,2.5,True,0.379694995671383,0.31280924482724637,True,0.06688575084413662
v5_30m__entry_ema_50__exit_ema_20__entry_hours_2p5__exit_hours_2p5,ema_50__ema_20,EMA/EMA,ema_50,ema_20,2.5,False,-0.11560479869542821,0.13835396155375768,True,-0.2539587602491859
v5_30m__entry_ema_50__exit_ema_200__entry_hours_2p5__exit_hours_2p5,ema_50__ema_200,EMA/EMA,ema_50,ema_200,2.5,False,0.22423365518500524,0.17224309443874863,True,0.0519905607462566
v5_30m__entry_ema_50__exit_ema_250__entry_hours_2p5__exit_hours_2p5,ema_50__ema_250,EMA/EMA,ema_50,ema_250,2.5,False,0.31504355417350244,0.2434381516390642,True,0.07160540253443823
v5_30m__entry_ema_50__exit_ema_50__entry_hours_2p5__exit_hours_2p5,ema_50__ema_50,EMA/EMA,ema_50,ema_50,2.5,False,0.17778210717964796,0.19138391838000113,True,-0.01360181120035317
v5_30m__entry_ema_50__exit_macd_12_26_9__entry_hours_2p5__exit_hours_2p5,ema_50__macd_12_26_9,EMA/MACD,ema_50,macd_12_26_9,2.5,False,-0.055613944422188574,0.037349799948385165,True,-0.09296374437057374
v5_30m__entry_ema_50__exit_macd_24_52_18__entry_hours_2p5__exit_hours_2p5,ema_50__macd_24_52_18,EMA/MACD,ema_50,macd_24_52_18,2.5,False,-0.04911435972302182,-0.0733129922661896,True,0.024198632543167786
v5_30m__entry_ema_50__exit_macd_48_104_36__entry_hours_2p5__exit_hours_2p5,ema_50__macd_48_104_36,EMA/MACD,ema_50,macd_48_104_36,2.5,False,-0.03680822279996952,0.0026057337369784633,True,-0.039413956536947986
v5_30m__entry_ema_50__exit_macd_6_13_5__entry_hours_2p5__exit_hours_2p5,ema_50__macd_6_13_5,EMA/MACD,ema_50,macd_6_13_5,2.5,False,-0.29525786822650224,-0.23606243051252473,True,-0.059195437713977506
v5_30m__entry_ema_50__exit_macd_96_208_72__entry_hours_2p5__exit_hours_2p5,ema_50__macd_96_208_72,EMA/MACD,ema_50,macd_96_208_72,2.5,False,0.13314959288607311,0.1477677931427919,True,-0.014618200256718783
v5_30m__entry_ema_50__exit_sma_10__entry_hours_2p5__exit_hours_2p5,ema_50__sma_10,EMA/SMA,ema_50,sma_10,2.5,False,-0.18207936626583465,-0.1589736820920096,True,-0.023105684173825053
v5_30m__entry_ema_50__exit_sma_100__entry_hours_2p5__exit_hours_2p5,ema_50__sma_100,EMA/SMA,ema_50,sma_100,2.5,False,0.16374223260595844,0.21708323404220775,True,-0.05334100143624931
v5_30m__entry_ema_50__exit_sma_20__entry_hours_2p5__exit_hours_2p5,ema_50__sma_20,EMA/SMA,ema_50,sma_20,2.5,False,0.04269318521876748,0.25506146671504637,True,-0.2123682814962789
v5_30m__entry_ema_50__exit_sma_200__entry_hours_2p5__exit_hours_2p5,ema_50__sma_200,EMA/SMA,ema_50,sma_200,2.5,False,0.1425865851928356,0.17638623451869018,True,-0.03379964932585458
v5_30m__entry_ema_50__exit_sma_250__entry_hours_2p5__exit_hours_2p5,ema_50__sma_250,EMA/SMA,ema_50,sma_250,2.5,False,0.27148898529043847,0.275892013050645,True,-0.004403027760206513
v5_30m__entry_ema_50__exit_sma_50__entry_hours_2p5__exit_hours_2p5,ema_50__sma_50,EMA/SMA,ema_50,sma_50,2.5,False,0.2243058247334951,0.21178143894773113,True,0.01252438578576398
v5_30m__entry_macd_12_26_9__exit_ema_10__entry_hours_2p5__exit_hours_2p5,macd_12_26_9__ema_10,MACD/EMA,macd_12_26_9,ema_10,2.5,False,0.030564786095675017,0.09667237840179971,True,-0.06610759230612469
v5_30m__entry_macd_12_26_9__exit_ema_100__entry_hours_2p5__exit_hours_2p5,macd_12_26_9__ema_100,MACD/EMA,macd_12_26_9,ema_100,2.5,True,0.392559203244485,0.2519950113135395,True,0.1405641919309455
v5_30m__entry_macd_12_26_9__exit_ema_20__entry_hours_2p5__exit_hours_2p5,macd_12_26_9__ema_20,MACD/EMA,macd_12_26_9,ema_20,2.5,False,0.11868519687251951,0.3493518170015414,True,-0.2306666201290219
v5_30m__entry_macd_12_26_9__exit_ema_200__entry_hours_2p5__exit_hours_2p5,macd_12_26_9__ema_200,MACD/EMA,macd_12_26_9,ema_200,2.5,False,0.2659437313854001,0.23079648399291705,True,0.035147247392483066
v5_30m__entry_macd_12_26_9__exit_ema_250__entry_hours_2p5__exit_hours_2p5,macd_12_26_9__ema_250,MACD/EMA,macd_12_26_9,ema_250,2.5,False,0.28421938104965505,0.1838063064624598,True,0.10041307458719526
v5_30m__entry_macd_12_26_9__exit_ema_50__entry_hours_2p5__exit_hours_2p5,macd_12_26_9__ema_50,MACD/EMA,macd_12_26_9,ema_50,2.5,False,0.11330294071975126,0.19839467366397762,True,-0.08509173294422635
v5_30m__entry_macd_12_26_9__exit_macd_12_26_9__entry_hours_2p5__exit_hours_2p5,macd_12_26_9__macd_12_26_9,MACD/MACD,macd_12_26_9,macd_12_26_9,2.5,False,-0.04719278488621452,-0.05015681922882513,True,0.002964034342610611
v5_30m__entry_macd_12_26_9__exit_macd_24_52_18__entry_hours_2p5__exit_hours_2p5,macd_12_26_9__macd_24_52_18,MACD/MACD,macd_12_26_9,macd_24_52_18,2.5,False,-0.06542760145572141,-0.09729091902528748,True,0.03186331756956608
v5_30m__entry_macd_12_26_9__exit_macd_48_104_36__entry_hours_2p5__exit_hours_2p5,macd_12_26_9__macd_48_104_36,MACD/MACD,macd_12_26_9,macd_48_104_36,2.5,False,0.04285197284078266,0.0645230696217943,True,-0.021671096781011638
v5_30m__entry_macd_12_26_9__exit_macd_6_13_5__entry_hours_2p5__exit_hours_2p5,macd_12_26_9__macd_6_13_5,MACD/MACD,macd_12_26_9,macd_6_13_5,2.5,False,-0.04286538180668468,-0.03804642279195789,True,-0.004818959014726787
v5_30m__entry_macd_12_26_9__exit_macd_96_208_72__entry_hours_2p5__exit_hours_2p5,macd_12_26_9__macd_96_208_72,MACD/MACD,macd_12_26_9,macd_96_208_72,2.5,True,0.14818412080090207,0.18932454793521306,True,-0.041140427134310986
v5_30m__entry_macd_12_26_9__exit_sma_10__entry_hours_2p5__exit_hours_2p5,macd_12_26_9__sma_10,MACD/SMA,macd_12_26_9,sma_10,2.5,False,-0.07568355402775155,0.014384966182920485,True,-0.09006852021067203
v5_30m__entry_macd_12_26_9__exit_sma_100__entry_hours_2p5__exit_hours_2p5,macd_12_26_9__sma_100,MACD/SMA,macd_12_26_9,sma_100,2.5,False,0.20253359139729066,0.18305796985185535,True,0.019475621545435307
v5_30m__entry_macd_12_26_9__exit_sma_20__entry_hours_2p5__exit_hours_2p5,macd_12_26_9__sma_20,MACD/SMA,macd_12_26_9,sma_20,2.5,False,0.0562560752791826,0.2757097708180151,True,-0.2194536955388325
v5_30m__entry_macd_12_26_9__exit_sma_200__entry_hours_2p5__exit_hours_2p5,macd_12_26_9__sma_200,MACD/SMA,macd_12_26_9,sma_200,2.5,False,0.1636795003933879,0.1593953508049668,True,0.0042841495884211045
v5_30m__entry_macd_12_26_9__exit_sma_250__entry_hours_2p5__exit_hours_2p5,macd_12_26_9__sma_250,MACD/SMA,macd_12_26_9,sma_250,2.5,False,0.3048135575001817,0.23313442889803296,True,0.07167912860214873
v5_30m__entry_macd_12_26_9__exit_sma_50__entry_hours_2p5__exit_hours_2p5,macd_12_26_9__sma_50,MACD/SMA,macd_12_26_9,sma_50,2.5,True,0.3031872844521266,0.30197418064047843,True,0.0012131038116481863
v5_30m__entry_macd_24_52_18__exit_ema_10__entry_hours_2p5__exit_hours_2p5,macd_24_52_18__ema_10,MACD/EMA,macd_24_52_18,ema_10,2.5,False,-0.0912213567222722,-0.17729919477407613,True,0.08607783805180393
v5_30m__entry_macd_24_52_18__exit_ema_100__entry_hours_2p5__exit_hours_2p5,macd_24_52_18__ema_100,MACD/EMA,macd_24_52_18,ema_100,2.5,True,0.3751495340320505,0.34588549350256825,True,0.029264040529482227
v5_30m__entry_macd_24_52_18__exit_ema_20__entry_hours_2p5__exit_hours_2p5,macd_24_52_18__ema_20,MACD/EMA,macd_24_52_18,ema_20,2.5,False,0.05744573644030886,0.08823242655205842,True,-0.030786690111749553
v5_30m__entry_macd_24_52_18__exit_ema_200__entry_hours_2p5__exit_hours_2p5,macd_24_52_18__ema_200,MACD/EMA,macd_24_52_18,ema_200,2.5,False,0.19040239236021916,0.038576601851310864,True,0.1518257905089083
v5_30m__entry_macd_24_52_18__exit_ema_250__entry_hours_2p5__exit_hours_2p5,macd_24_52_18__ema_250,MACD/EMA,macd_24_52_18,ema_250,2.5,False,0.31464142761251773,0.21813457779921872,True,0.09650684981329902
v5_30m__entry_macd_24_52_18__exit_ema_50__entry_hours_2p5__exit_hours_2p5,macd_24_52_18__ema_50,MACD/EMA,macd_24_52_18,ema_50,2.5,False,0.20274021634200465,0.19567372070025785,True,0.0070664956417468006
v5_30m__entry_macd_24_52_18__exit_macd_12_26_9__entry_hours_2p5__exit_hours_2p5,macd_24_52_18__macd_12_26_9,MACD/MACD,macd_24_52_18,macd_12_26_9,2.5,False,-0.12309114336067789,-0.13901978476403284,True,0.015928641403354954
v5_30m__entry_macd_24_52_18__exit_macd_24_52_18__entry_hours_2p5__exit_hours_2p5,macd_24_52_18__macd_24_52_18,MACD/MACD,macd_24_52_18,macd_24_52_18,2.5,False,-0.11973621764901658,-0.12124680179990625,True,0.0015105841508896711
v5_30m__entry_macd_24_52_18__exit_macd_48_104_36__entry_hours_2p5__exit_hours_2p5,macd_24_52_18__macd_48_104_36,MACD/MACD,macd_24_52_18,macd_48_104_36,2.5,False,0.05125095374459902,0.06348267292164896,True,-0.012231719177049932
v5_30m__entry_macd_24_52_18__exit_macd_6_13_5__entry_hours_2p5__exit_hours_2p5,macd_24_52_18__macd_6_13_5,MACD/MACD,macd_24_52_18,macd_6_13_5,2.5,False,-0.2141386947960777,-0.22124770582046516,True,0.007109011024387463
v5_30m__entry_macd_24_52_18__exit_macd_96_208_72__entry_hours_2p5__exit_hours_2p5,macd_24_52_18__macd_96_208_72,MACD/MACD,macd_24_52_18,macd_96_208_72,2.5,False,0.1447895295927178,0.16489882865510538,True,-0.020109299062387592
v5_30m__entry_macd_24_52_18__exit_sma_10__entry_hours_2p5__exit_hours_2p5,macd_24_52_18__sma_10,MACD/SMA,macd_24_52_18,sma_10,2.5,False,-0.09307397655712428,-0.2527660457993101,True,0.15969206924218582
v5_30m__entry_macd_24_52_18__exit_sma_100__entry_hours_2p5__exit_hours_2p5,macd_24_52_18__sma_100,MACD/SMA,macd_24_52_18,sma_100,2.5,False,0.24208940583802874,0.2815835691692267,True,-0.039494163331197985
v5_30m__entry_macd_24_52_18__exit_sma_20__entry_hours_2p5__exit_hours_2p5,macd_24_52_18__sma_20,MACD/SMA,macd_24_52_18,sma_20,2.5,False,0.06615157873258636,0.14407231228142342,True,-0.07792073354883707
v5_30m__entry_macd_24_52_18__exit_sma_200__entry_hours_2p5__exit_hours_2p5,macd_24_52_18__sma_200,MACD/SMA,macd_24_52_18,sma_200,2.5,False,0.1432991834706058,0.05373798559744341,True,0.08956119787316238
v5_30m__entry_macd_24_52_18__exit_sma_250__entry_hours_2p5__exit_hours_2p5,macd_24_52_18__sma_250,MACD/SMA,macd_24_52_18,sma_250,2.5,True,0.3385269887533065,0.2624020855323676,True,0.0761249032209389
v5_30m__entry_macd_24_52_18__exit_sma_50__entry_hours_2p5__exit_hours_2p5,macd_24_52_18__sma_50,MACD/SMA,macd_24_52_18,sma_50,2.5,False,0.25186037002925077,0.1924333058867206,True,0.059427064142530156
v5_30m__entry_macd_48_104_36__exit_ema_10__entry_hours_2p5__exit_hours_2p5,macd_48_104_36__ema_10,MACD/EMA,macd_48_104_36,ema_10,2.5,False,0.09225812726076474,0.03448760042492447,True,0.05777052683584027
v5_30m__entry_macd_48_104_36__exit_ema_100__entry_hours_2p5__exit_hours_2p5,macd_48_104_36__ema_100,MACD/EMA,macd_48_104_36,ema_100,2.5,False,0.2968761891006113,0.2485118872003444,True,0.048364301900266915
v5_30m__entry_macd_48_104_36__exit_ema_20__entry_hours_2p5__exit_hours_2p5,macd_48_104_36__ema_20,MACD/EMA,macd_48_104_36,ema_20,2.5,False,-0.02662550127376885,0.1589579519004396,True,-0.18558345317420843
v5_30m__entry_macd_48_104_36__exit_ema_200__entry_hours_2p5__exit_hours_2p5,macd_48_104_36__ema_200,MACD/EMA,macd_48_104_36,ema_200,2.5,False,0.16544281496796678,0.12368352574334625,True,0.041759289224620535
v5_30m__entry_macd_48_104_36__exit_ema_250__entry_hours_2p5__exit_hours_2p5,macd_48_104_36__ema_250,MACD/EMA,macd_48_104_36,ema_250,2.5,False,0.296276544994179,0.15084058222576516,True,0.14543596276841383
v5_30m__entry_macd_48_104_36__exit_ema_50__entry_hours_2p5__exit_hours_2p5,macd_48_104_36__ema_50,MACD/EMA,macd_48_104_36,ema_50,2.5,False,0.1635960429711429,0.15165428497255848,True,0.011941757998584435
v5_30m__entry_macd_48_104_36__exit_macd_12_26_9__entry_hours_2p5__exit_hours_2p5,macd_48_104_36__macd_12_26_9,MACD/MACD,macd_48_104_36,macd_12_26_9,2.5,False,-0.10602703945180207,-0.09492820142784347,True,-0.011098838023958599
v5_30m__entry_macd_48_104_36__exit_macd_24_52_18__entry_hours_2p5__exit_hours_2p5,macd_48_104_36__macd_24_52_18,MACD/MACD,macd_48_104_36,macd_24_52_18,2.5,False,-0.08040622189420744,-0.0593564494637505,True,-0.021049772430456942
v5_30m__entry_macd_48_104_36__exit_macd_48_104_36__entry_hours_2p5__exit_hours_2p5,macd_48_104_36__macd_48_104_36,MACD/MACD,macd_48_104_36,macd_48_104_36,2.5,False,0.05062598014277709,0.059038478179540874,True,-0.008412498036763784
v5_30m__entry_macd_48_104_36__exit_macd_6_13_5__entry_hours_2p5__exit_hours_2p5,macd_48_104_36__macd_6_13_5,MACD/MACD,macd_48_104_36,macd_6_13_5,2.5,False,-0.3292885384555635,-0.24994494313057333,True,-0.07934359532499016
v5_30m__entry_macd_48_104_36__exit_macd_96_208_72__entry_hours_2p5__exit_hours_2p5,macd_48_104_36__macd_96_208_72,MACD/MACD,macd_48_104_36,macd_96_208_72,2.5,True,0.1467935487052403,0.1780850318940042,True,-0.0312914831887639
v5_30m__entry_macd_48_104_36__exit_sma_10__entry_hours_2p5__exit_hours_2p5,macd_48_104_36__sma_10,MACD/SMA,macd_48_104_36,sma_10,2.5,False,-0.05170685926679456,-0.15298304419964567,True,0.10127618493285112
v5_30m__entry_macd_48_104_36__exit_sma_100__entry_hours_2p5__exit_hours_2p5,macd_48_104_36__sma_100,MACD/SMA,macd_48_104_36,sma_100,2.5,False,0.2328956986798487,0.20688133291105346,True,0.026014365768795233
v5_30m__entry_macd_48_104_36__exit_sma_20__entry_hours_2p5__exit_hours_2p5,macd_48_104_36__sma_20,MACD/SMA,macd_48_104_36,sma_20,2.5,False,0.07898329245417837,0.2527713749066454,True,-0.17378808245246705
v5_30m__entry_macd_48_104_36__exit_sma_200__entry_hours_2p5__exit_hours_2p5,macd_48_104_36__sma_200,MACD/SMA,macd_48_104_36,sma_200,2.5,False,0.0383178617285452,0.08380688632393145,True,-0.04548902459538625
v5_30m__entry_macd_48_104_36__exit_sma_250__entry_hours_2p5__exit_hours_2p5,macd_48_104_36__sma_250,MACD/SMA,macd_48_104_36,sma_250,2.5,False,0.25084043558259383,0.2563091465984941,True,-0.0054687110159002406
v5_30m__entry_macd_48_104_36__exit_sma_50__entry_hours_2p5__exit_hours_2p5,macd_48_104_36__sma_50,MACD/SMA,macd_48_104_36,sma_50,2.5,False,0.23830051895612955,0.13424332681152007,True,0.10405719214460948
v5_30m__entry_macd_6_13_5__exit_ema_10__entry_hours_2p5__exit_hours_2p5,macd_6_13_5__ema_10,MACD/EMA,macd_6_13_5,ema_10,2.5,False,-0.04391775780696506,-0.09518555692943119,True,0.05126779912246613
v5_30m__entry_macd_6_13_5__exit_ema_100__entry_hours_2p5__exit_hours_2p5,macd_6_13_5__ema_100,MACD/EMA,macd_6_13_5,ema_100,2.5,False,0.33471530048774323,0.20905005498886176,True,0.12566524549888147
v5_30m__entry_macd_6_13_5__exit_ema_20__entry_hours_2p5__exit_hours_2p5,macd_6_13_5__ema_20,MACD/EMA,macd_6_13_5,ema_20,2.5,False,0.07919607864063409,0.3932842103998786,True,-0.3140881317592445
v5_30m__entry_macd_6_13_5__exit_ema_200__entry_hours_2p5__exit_hours_2p5,macd_6_13_5__ema_200,MACD/EMA,macd_6_13_5,ema_200,2.5,False,0.3191930888361589,0.28673791590516057,True,0.03245517293099831
v5_30m__entry_macd_6_13_5__exit_ema_250__entry_hours_2p5__exit_hours_2p5,macd_6_13_5__ema_250,MACD/EMA,macd_6_13_5,ema_250,2.5,True,0.3261646498378727,0.2357207832752722,True,0.09044386656260048
v5_30m__entry_macd_6_13_5__exit_ema_50__entry_hours_2p5__exit_hours_2p5,macd_6_13_5__ema_50,MACD/EMA,macd_6_13_5,ema_50,2.5,False,0.14065953911393167,0.2916194114240565,True,-0.15095987231012484
v5_30m__entry_macd_6_13_5__exit_macd_12_26_9__entry_hours_2p5__exit_hours_2p5,macd_6_13_5__macd_12_26_9,MACD/MACD,macd_6_13_5,macd_12_26_9,2.5,False,0.020608071110444593,0.02305298574551216,True,-0.0024449146350675674
v5_30m__entry_macd_6_13_5__exit_macd_24_52_18__entry_hours_2p5__exit_hours_2p5,macd_6_13_5__macd_24_52_18,MACD/MACD,macd_6_13_5,macd_24_52_18,2.5,False,-0.11800842323496805,-0.08478910274393897,True,-0.033219320491029075
v5_30m__entry_macd_6_13_5__exit_macd_48_104_36__entry_hours_2p5__exit_hours_2p5,macd_6_13_5__macd_48_104_36,MACD/MACD,macd_6_13_5,macd_48_104_36,2.5,False,0.04135276843743714,0.0808892648389764,True,-0.039536496401539264
v5_30m__entry_macd_6_13_5__exit_macd_6_13_5__entry_hours_2p5__exit_hours_2p5,macd_6_13_5__macd_6_13_5,MACD/MACD,macd_6_13_5,macd_6_13_5,2.5,False,-0.3629393319790297,-0.19194352131521258,True,-0.17099581066381714
v5_30m__entry_macd_6_13_5__exit_macd_96_208_72__entry_hours_2p5__exit_hours_2p5,macd_6_13_5__macd_96_208_72,MACD/MACD,macd_6_13_5,macd_96_208_72,2.5,False,0.1106892295878686,0.16503114378334596,True,-0.05434191419547736
v5_30m__entry_macd_6_13_5__exit_sma_10__entry_hours_2p5__exit_hours_2p5,macd_6_13_5__sma_10,MACD/SMA,macd_6_13_5,sma_10,2.5,False,-0.32597598002761097,-0.06135077599801717,True,-0.2646252040295938
v5_30m__entry_macd_6_13_5__exit_sma_100__entry_hours_2p5__exit_hours_2p5,macd_6_13_5__sma_100,MACD/SMA,macd_6_13_5,sma_100,2.5,False,0.12547022930741125,0.11466980414669015,True,0.010800425160721105
v5_30m__entry_macd_6_13_5__exit_sma_20__entry_hours_2p5__exit_hours_2p5,macd_6_13_5__sma_20,MACD/SMA,macd_6_13_5,sma_20,2.5,False,0.12882599325767466,0.31445977057862495,True,-0.1856337773209503
v5_30m__entry_macd_6_13_5__exit_sma_200__entry_hours_2p5__exit_hours_2p5,macd_6_13_5__sma_200,MACD/SMA,macd_6_13_5,sma_200,2.5,False,0.13757663267503495,0.14170203850062213,True,-0.004125405825587181
v5_30m__entry_macd_6_13_5__exit_sma_250__entry_hours_2p5__exit_hours_2p5,macd_6_13_5__sma_250,MACD/SMA,macd_6_13_5,sma_250,2.5,False,0.29099674430966216,0.2699246235264358,True,0.021072120783226345
v5_30m__entry_macd_6_13_5__exit_sma_50__entry_hours_2p5__exit_hours_2p5,macd_6_13_5__sma_50,MACD/SMA,macd_6_13_5,sma_50,2.5,False,0.2979120872369838,0.3373352045939966,True,-0.03942311735701276
v5_30m__entry_macd_96_208_72__exit_ema_10__entry_hours_2p5__exit_hours_2p5,macd_96_208_72__ema_10,MACD/EMA,macd_96_208_72,ema_10,2.5,False,0.039139416931030666,0.15066532983641298,True,-0.11152591290538232
v5_30m__entry_macd_96_208_72__exit_ema_100__entry_hours_2p5__exit_hours_2p5,macd_96_208_72__ema_100,MACD/EMA,macd_96_208_72,ema_100,2.5,True,0.40982401142713853,0.24876418537290512,True,0.1610598260542334
v5_30m__entry_macd_96_208_72__exit_ema_20__entry_hours_2p5__exit_hours_2p5,macd_96_208_72__ema_20,MACD/EMA,macd_96_208_72,ema_20,2.5,False,0.10333962290999024,0.3006826338687007,True,-0.19734301095871046
v5_30m__entry_macd_96_208_72__exit_ema_200__entry_hours_2p5__exit_hours_2p5,macd_96_208_72__ema_200,MACD/EMA,macd_96_208_72,ema_200,2.5,True,0.3552536689643998,0.2486568790396074,True,0.1065967899247924
v5_30m__entry_macd_96_208_72__exit_ema_250__entry_hours_2p5__exit_hours_2p5,macd_96_208_72__ema_250,MACD/EMA,macd_96_208_72,ema_250,2.5,False,0.3181307870308766,0.30133914433361414,True,0.016791642697262466
v5_30m__entry_macd_96_208_72__exit_ema_50__entry_hours_2p5__exit_hours_2p5,macd_96_208_72__ema_50,MACD/EMA,macd_96_208_72,ema_50,2.5,False,0.32513712202645473,0.2835095290459566,True,0.04162759298049812
v5_30m__entry_macd_96_208_72__exit_macd_12_26_9__entry_hours_2p5__exit_hours_2p5,macd_96_208_72__macd_12_26_9,MACD/MACD,macd_96_208_72,macd_12_26_9,2.5,True,0.056101165230714144,0.1278668706026702,True,-0.07176570537195606
v5_30m__entry_macd_96_208_72__exit_macd_24_52_18__entry_hours_2p5__exit_hours_2p5,macd_96_208_72__macd_24_52_18,MACD/MACD,macd_96_208_72,macd_24_52_18,2.5,False,0.04446181123315923,0.004733282577231128,True,0.0397285286559281
v5_30m__entry_macd_96_208_72__exit_macd_48_104_36__entry_hours_2p5__exit_hours_2p5,macd_96_208_72__macd_48_104_36,MACD/MACD,macd_96_208_72,macd_48_104_36,2.5,True,0.2199621178401118,0.24574763724732063,True,-0.02578551940720883
v5_30m__entry_macd_96_208_72__exit_macd_6_13_5__entry_hours_2p5__exit_hours_2p5,macd_96_208_72__macd_6_13_5,MACD/MACD,macd_96_208_72,macd_6_13_5,2.5,False,-0.06114571167523914,-0.009116973083050206,True,-0.052028738592188935
v5_30m__entry_macd_96_208_72__exit_macd_96_208_72__entry_hours_2p5__exit_hours_2p5,macd_96_208_72__macd_96_208_72,MACD/MACD,macd_96_208_72,macd_96_208_72,2.5,True,0.1447895295927178,0.1605682318828898,True,-0.015778702290172003
v5_30m__entry_macd_96_208_72__exit_sma_10__entry_hours_2p5__exit_hours_2p5,macd_96_208_72__sma_10,MACD/SMA,macd_96_208_72,sma_10,2.5,False,-0.04887104397913308,0.009673866296208254,True,-0.05854491027534134
v5_30m__entry_macd_96_208_72__exit_sma_100__entry_hours_2p5__exit_hours_2p5,macd_96_208_72__sma_100,MACD/SMA,macd_96_208_72,sma_100,2.5,True,0.2685508525050831,0.23415642261128206,True,0.03439442989380104
v5_30m__entry_macd_96_208_72__exit_sma_20__entry_hours_2p5__exit_hours_2p5,macd_96_208_72__sma_20,MACD/SMA,macd_96_208_72,sma_20,2.5,False,0.23216462518670325,0.31773684879009023,True,-0.08557222360338698
v5_30m__entry_macd_96_208_72__exit_sma_200__entry_hours_2p5__exit_hours_2p5,macd_96_208_72__sma_200,MACD/SMA,macd_96_208_72,sma_200,2.5,True,0.3189862970236589,0.30563219290983745,True,0.01335410411382143
v5_30m__entry_macd_96_208_72__exit_sma_250__entry_hours_2p5__exit_hours_2p5,macd_96_208_72__sma_250,MACD/SMA,macd_96_208_72,sma_250,2.5,False,0.2798230970989297,0.3218964496759517,True,-0.042073352577021994
v5_30m__entry_macd_96_208_72__exit_sma_50__entry_hours_2p5__exit_hours_2p5,macd_96_208_72__sma_50,MACD/SMA,macd_96_208_72,sma_50,2.5,True,0.33766944890294903,0.3214393896303881,True,0.016230059272560937
v5_30m__entry_sma_100__exit_ema_10__entry_hours_2p5__exit_hours_2p5,sma_100__ema_10,SMA/EMA,sma_100,ema_10,2.5,False,-0.23612339752234998,-0.0477304623622807,True,-0.18839293516006927
v5_30m__entry_sma_100__exit_ema_100__entry_hours_2p5__exit_hours_2p5,sma_100__ema_100,SMA/EMA,sma_100,ema_100,2.5,False,0.2797076797217916,0.2367142444866327,True,0.04299343523515892
v5_30m__entry_sma_100__exit_ema_20__entry_hours_2p5__exit_hours_2p5,sma_100__ema_20,SMA/EMA,sma_100,ema_20,2.5,False,-0.1727333117745607,0.14972042322937665,True,-0.32245373500393737
v5_30m__entry_sma_100__exit_ema_200__entry_hours_2p5__exit_hours_2p5,sma_100__ema_200,SMA/EMA,sma_100,ema_200,2.5,False,0.18379980116094582,0.13050843463565556,True,0.05329136652529026
v5_30m__entry_sma_100__exit_ema_250__entry_hours_2p5__exit_hours_2p5,sma_100__ema_250,SMA/EMA,sma_100,ema_250,2.5,False,0.24597148631747237,0.18603949674194095,True,0.05993198957553142
v5_30m__entry_sma_100__exit_ema_50__entry_hours_2p5__exit_hours_2p5,sma_100__ema_50,SMA/EMA,sma_100,ema_50,2.5,False,0.09400895588795802,0.22471992147822725,True,-0.13071096559026923
v5_30m__entry_sma_100__exit_macd_12_26_9__entry_hours_2p5__exit_hours_2p5,sma_100__macd_12_26_9,SMA/MACD,sma_100,macd_12_26_9,2.5,False,-0.23764106386877099,-0.16859566809357193,True,-0.06904539577519905
v5_30m__entry_sma_100__exit_macd_24_52_18__entry_hours_2p5__exit_hours_2p5,sma_100__macd_24_52_18,SMA/MACD,sma_100,macd_24_52_18,2.5,False,-0.12222796126057285,-0.1564919624751042,True,0.03426400121453134
v5_30m__entry_sma_100__exit_macd_48_104_36__entry_hours_2p5__exit_hours_2p5,sma_100__macd_48_104_36,SMA/MACD,sma_100,macd_48_104_36,2.5,True,0.020088114774524417,0.028749054769666597,True,-0.00866093999514218
v5_30m__entry_sma_100__exit_macd_6_13_5__entry_hours_2p5__exit_hours_2p5,sma_100__macd_6_13_5,SMA/MACD,sma_100,macd_6_13_5,2.5,False,-0.4542082166724178,-0.3862908182941333,True,-0.06791739837828448
v5_30m__entry_sma_100__exit_macd_96_208_72__entry_hours_2p5__exit_hours_2p5,sma_100__macd_96_208_72,SMA/MACD,sma_100,macd_96_208_72,2.5,True,0.08942636576676351,0.10665873943651964,True,-0.017232373669756135
v5_30m__entry_sma_100__exit_sma_10__entry_hours_2p5__exit_hours_2p5,sma_100__sma_10,SMA/SMA,sma_100,sma_10,2.5,False,-0.2869395785745298,-0.16218815873068493,True,-0.12475141984384486
v5_30m__entry_sma_100__exit_sma_100__entry_hours_2p5__exit_hours_2p5,sma_100__sma_100,SMA/SMA,sma_100,sma_100,2.5,False,0.17166371906717207,0.12613850053571193,True,0.04552521853146013
v5_30m__entry_sma_100__exit_sma_20__entry_hours_2p5__exit_hours_2p5,sma_100__sma_20,SMA/SMA,sma_100,sma_20,2.5,False,-0.02448314785784256,0.14539435143846427,True,-0.16987749929630683
v5_30m__entry_sma_100__exit_sma_200__entry_hours_2p5__exit_hours_2p5,sma_100__sma_200,SMA/SMA,sma_100,sma_200,2.5,False,0.11311985611289332,0.11362854354780044,True,-0.000508687434907118
v5_30m__entry_sma_100__exit_sma_250__entry_hours_2p5__exit_hours_2p5,sma_100__sma_250,SMA/SMA,sma_100,sma_250,2.5,False,0.25535149212667213,0.27545934922334825,True,-0.02010785709667612
v5_30m__entry_sma_100__exit_sma_50__entry_hours_2p5__exit_hours_2p5,sma_100__sma_50,SMA/SMA,sma_100,sma_50,2.5,True,0.20635165910340286,0.21285985836880875,True,-0.006508199265405884
v5_30m__entry_sma_10__exit_ema_10__entry_hours_2p5__exit_hours_2p5,sma_10__ema_10,SMA/EMA,sma_10,ema_10,2.5,False,0.023182461655443923,-0.017663739448417964,True,0.04084620110386189
v5_30m__entry_sma_10__exit_ema_100__entry_hours_2p5__exit_hours_2p5,sma_10__ema_100,SMA/EMA,sma_10,ema_100,2.5,True,0.39713884011394834,0.2533153179256109,True,0.14382352218833744
v5_30m__entry_sma_10__exit_ema_20__entry_hours_2p5__exit_hours_2p5,sma_10__ema_20,SMA/EMA,sma_10,ema_20,2.5,False,0.10605623272524817,0.3411043840613864,True,-0.2350481513361382
v5_30m__entry_sma_10__exit_ema_200__entry_hours_2p5__exit_hours_2p5,sma_10__ema_200,SMA/EMA,sma_10,ema_200,2.5,False,0.2501817389536253,0.23670739169878957,True,0.013474347254835706
v5_30m__entry_sma_10__exit_ema_250__entry_hours_2p5__exit_hours_2p5,sma_10__ema_250,SMA/EMA,sma_10,ema_250,2.5,False,0.3257041191852446,0.2577482421717187,True,0.0679558770135259
v5_30m__entry_sma_10__exit_ema_50__entry_hours_2p5__exit_hours_2p5,sma_10__ema_50,SMA/EMA,sma_10,ema_50,2.5,False,0.15852171179980792,0.2813456963184928,True,-0.1228239845186849
v5_30m__entry_sma_10__exit_macd_12_26_9__entry_hours_2p5__exit_hours_2p5,sma_10__macd_12_26_9,SMA/MACD,sma_10,macd_12_26_9,2.5,False,-0.075532390539747,0.0022807514729781954,True,-0.0778131420127252
v5_30m__entry_sma_10__exit_macd_24_52_18__entry_hours_2p5__exit_hours_2p5,sma_10__macd_24_52_18,SMA/MACD,sma_10,macd_24_52_18,2.5,False,-0.05510859979151377,-0.08557883694855466,True,0.030470237157040884
v5_30m__entry_sma_10__exit_macd_48_104_36__entry_hours_2p5__exit_hours_2p5,sma_10__macd_48_104_36,SMA/MACD,sma_10,macd_48_104_36,2.5,False,0.030648660929827376,0.046116846817210115,True,-0.015468185887382739
v5_30m__entry_sma_10__exit_macd_6_13_5__entry_hours_2p5__exit_hours_2p5,sma_10__macd_6_13_5,SMA/MACD,sma_10,macd_6_13_5,2.5,False,-0.4702194231827668,-0.382602031475174,True,-0.0876173917075928
v5_30m__entry_sma_10__exit_macd_96_208_72__entry_hours_2p5__exit_hours_2p5,sma_10__macd_96_208_72,SMA/MACD,sma_10,macd_96_208_72,2.5,False,0.1447895295927178,0.1701393409829781,True,-0.025349811390260296
v5_30m__entry_sma_10__exit_sma_10__entry_hours_2p5__exit_hours_2p5,sma_10__sma_10,SMA/SMA,sma_10,sma_10,2.5,False,-0.20420973927937067,-0.06092987926780446,True,-0.1432798600115662
v5_30m__entry_sma_10__exit_sma_100__entry_hours_2p5__exit_hours_2p5,sma_10__sma_100,SMA/SMA,sma_10,sma_100,2.5,False,0.20350835580467452,0.18254537047769903,True,0.020962985326975492
v5_30m__entry_sma_10__exit_sma_20__entry_hours_2p5__exit_hours_2p5,sma_10__sma_20,SMA/SMA,sma_10,sma_20,2.5,True,0.10518799832606066,0.3973558022241376,True,-0.29216780389807695
v5_30m__entry_sma_10__exit_sma_200__entry_hours_2p5__exit_hours_2p5,sma_10__sma_200,SMA/SMA,sma_10,sma_200,2.5,False,0.11688207548842236,0.20425280311566912,True,-0.08737072762724676
v5_30m__entry_sma_10__exit_sma_250__entry_hours_2p5__exit_hours_2p5,sma_10__sma_250,SMA/SMA,sma_10,sma_250,2.5,False,0.27190632368567647,0.3088493479650651,True,-0.036943024279388614
v5_30m__entry_sma_10__exit_sma_50__entry_hours_2p5__exit_hours_2p5,sma_10__sma_50,SMA/SMA,sma_10,sma_50,2.5,True,0.33490145220571943,0.31887350811874654,True,0.01602794408697289
v5_30m__entry_sma_200__exit_ema_10__entry_hours_2p5__exit_hours_2p5,sma_200__ema_10,SMA/EMA,sma_200,ema_10,2.5,False,-0.2185319129145743,-0.15391345563160827,True,-0.06461845728296603
v5_30m__entry_sma_200__exit_ema_100__entry_hours_2p5__exit_hours_2p5,sma_200__ema_100,SMA/EMA,sma_200,ema_100,2.5,False,0.25975009420608347,0.17353504263493041,True,0.08621505157115306
v5_30m__entry_sma_200__exit_ema_20__entry_hours_2p5__exit_hours_2p5,sma_200__ema_20,SMA/EMA,sma_200,ema_20,2.5,False,-0.2589055677958896,-0.11183094203641195,True,-0.14707462575947763
v5_30m__entry_sma_200__exit_ema_200__entry_hours_2p5__exit_hours_2p5,sma_200__ema_200,SMA/EMA,sma_200,ema_200,2.5,False,0.2750227273504592,0.10821488703876408,True,0.1668078403116951
v5_30m__entry_sma_200__exit_ema_250__entry_hours_2p5__exit_hours_2p5,sma_200__ema_250,SMA/EMA,sma_200,ema_250,2.5,False,0.27312653961501504,0.19275481604691197,True,0.08037172356810307
v5_30m__entry_sma_200__exit_ema_50__entry_hours_2p5__exit_hours_2p5,sma_200__ema_50,SMA/EMA,sma_200,ema_50,2.5,False,0.07550395274545953,0.0688386562920333,True,0.006665296453426228
v5_30m__entry_sma_200__exit_macd_12_26_9__entry_hours_2p5__exit_hours_2p5,sma_200__macd_12_26_9,SMA/MACD,sma_200,macd_12_26_9,2.5,False,0.023089807460150467,-0.030370502779174715,True,0.05346031023932518
v5_30m__entry_sma_200__exit_macd_24_52_18__entry_hours_2p5__exit_hours_2p5,sma_200__macd_24_52_18,SMA/MACD,sma_200,macd_24_52_18,2.5,False,-0.2416613055296641,-0.3118562231094378,True,0.07019491757977367
v5_30m__entry_sma_200__exit_macd_48_104_36__entry_hours_2p5__exit_hours_2p5,sma_200__macd_48_104_36,SMA/MACD,sma_200,macd_48_104_36,2.5,False,-0.09675148287634769,-0.013089943619171266,True,-0.08366153925717643
v5_30m__entry_sma_200__exit_macd_6_13_5__entry_hours_2p5__exit_hours_2p5,sma_200__macd_6_13_5,SMA/MACD,sma_200,macd_6_13_5,2.5,False,-0.009972567102349287,-0.11993163133239154,True,0.10995906423004226
v5_30m__entry_sma_200__exit_macd_96_208_72__entry_hours_2p5__exit_hours_2p5,sma_200__macd_96_208_72,SMA/MACD,sma_200,macd_96_208_72,2.5,False,0.14442224521234795,0.16556302780445492,True,-0.02114078259210697
v5_30m__entry_sma_200__exit_sma_10__entry_hours_2p5__exit_hours_2p5,sma_200__sma_10,SMA/SMA,sma_200,sma_10,2.5,False,-0.17795083569883693,-0.1907468396867628,True,0.012796003987925852
v5_30m__entry_sma_200__exit_sma_100__entry_hours_2p5__exit_hours_2p5,sma_200__sma_100,SMA/SMA,sma_200,sma_100,2.5,False,0.034222559766186454,-0.021218118274778815,True,0.055440678040965266
v5_30m__entry_sma_200__exit_sma_20__entry_hours_2p5__exit_hours_2p5,sma_200__sma_20,SMA/SMA,sma_200,sma_20,2.5,False,-0.07103783877899673,-0.02383902793236807,True,-0.047198810846628664
v5_30m__entry_sma_200__exit_sma_200__entry_hours_2p5__exit_hours_2p5,sma_200__sma_200,SMA/SMA,sma_200,sma_200,2.5,False,0.13504872623987316,0.0614431327929076,True,0.07360559344696556
v5_30m__entry_sma_200__exit_sma_250__entry_hours_2p5__exit_hours_2p5,sma_200__sma_250,SMA/SMA,sma_200,sma_250,2.5,False,0.2761306260281755,0.27059904731276374,True,0.005531578715411767
v5_30m__entry_sma_200__exit_sma_50__entry_hours_2p5__exit_hours_2p5,sma_200__sma_50,SMA/SMA,sma_200,sma_50,2.5,False,0.0905149034084754,0.01903756575933883,True,0.07147733764913657
v5_30m__entry_sma_20__exit_ema_10__entry_hours_2p5__exit_hours_2p5,sma_20__ema_10,SMA/EMA,sma_20,ema_10,2.5,False,0.0956742520726183,0.15207353973017154,True,-0.05639928765755324
v5_30m__entry_sma_20__exit_ema_100__entry_hours_2p5__exit_hours_2p5,sma_20__ema_100,SMA/EMA,sma_20,ema_100,2.5,True,0.4455846565482206,0.33163871427024283,True,0.11394594227797777
v5_30m__entry_sma_20__exit_ema_20__entry_hours_2p5__exit_hours_2p5,sma_20__ema_20,SMA/EMA,sma_20,ema_20,2.5,False,0.11426975737078048,0.3536244230778022,True,-0.23935466570702169
v5_30m__entry_sma_20__exit_ema_200__entry_hours_2p5__exit_hours_2p5,sma_20__ema_200,SMA/EMA,sma_20,ema_200,2.5,False,0.21406775018106683,0.19316330002804866,True,0.020904450153018173
v5_30m__entry_sma_20__exit_ema_250__entry_hours_2p5__exit_hours_2p5,sma_20__ema_250,SMA/EMA,sma_20,ema_250,2.5,True,0.309632573215333,0.23075759095571138,True,0.07887498225962161
v5_30m__entry_sma_20__exit_ema_50__entry_hours_2p5__exit_hours_2p5,sma_20__ema_50,SMA/EMA,sma_20,ema_50,2.5,False,0.17571154174900427,0.24701422522583466,True,-0.07130268347683039
v5_30m__entry_sma_20__exit_macd_12_26_9__entry_hours_2p5__exit_hours_2p5,sma_20__macd_12_26_9,SMA/MACD,sma_20,macd_12_26_9,2.5,False,0.01606854920880919,0.1280302525098118,True,-0.1119617033010026
v5_30m__entry_sma_20__exit_macd_24_52_18__entry_hours_2p5__exit_hours_2p5,sma_20__macd_24_52_18,SMA/MACD,sma_20,macd_24_52_18,2.5,False,-0.007870941339566033,-0.09845636187278212,True,0.09058542053321608
v5_30m__entry_sma_20__exit_macd_48_104_36__entry_hours_2p5__exit_hours_2p5,sma_20__macd_48_104_36,SMA/MACD,sma_20,macd_48_104_36,2.5,False,0.05062598014277709,0.06937582916227006,True,-0.01874984901949297
v5_30m__entry_sma_20__exit_macd_6_13_5__entry_hours_2p5__exit_hours_2p5,sma_20__macd_6_13_5,SMA/MACD,sma_20,macd_6_13_5,2.5,False,-0.019848128532728528,0.024342433881856303,True,-0.04419056241458483
v5_30m__entry_sma_20__exit_macd_96_208_72__entry_hours_2p5__exit_hours_2p5,sma_20__macd_96_208_72,SMA/MACD,sma_20,macd_96_208_72,2.5,False,0.16053600136043986,0.16344052486618202,True,-0.0029045235057421626
v5_30m__entry_sma_20__exit_sma_10__entry_hours_2p5__exit_hours_2p5,sma_20__sma_10,SMA/SMA,sma_20,sma_10,2.5,False,0.09027742650617616,0.0807852867228286,True,0.009492139783347564
v5_30m__entry_sma_20__exit_sma_100__entry_hours_2p5__exit_hours_2p5,sma_20__sma_100,SMA/SMA,sma_20,sma_100,2.5,False,0.20550862766220368,0.2459058308330993,True,-0.040397203170895624
v5_30m__entry_sma_20__exit_sma_20__entry_hours_2p5__exit_hours_2p5,sma_20__sma_20,SMA/SMA,sma_20,sma_20,2.5,False,0.14741462818327236,0.3560619129898959,True,-0.20864728480662356
v5_30m__entry_sma_20__exit_sma_200__entry_hours_2p5__exit_hours_2p5,sma_20__sma_200,SMA/SMA,sma_20,sma_200,2.5,False,0.14638398623711665,0.16791880213394697,True,-0.021534815896830317
v5_30m__entry_sma_20__exit_sma_250__entry_hours_2p5__exit_hours_2p5,sma_20__sma_250,SMA/SMA,sma_20,sma_250,2.5,False,0.2898700323302294,0.2839241473932526,True,0.005945884936976786
v5_30m__entry_sma_20__exit_sma_50__entry_hours_2p5__exit_hours_2p5,sma_20__sma_50,SMA/SMA,sma_20,sma_50,2.5,True,0.33978738673121983,0.3189337366588616,True,0.020853650072358232
v5_30m__entry_sma_250__exit_ema_10__entry_hours_2p5__exit_hours_2p5,sma_250__ema_10,SMA/EMA,sma_250,ema_10,2.5,False,-0.051860293404761684,0.05699673264891661,True,-0.1088570260536783
v5_30m__entry_sma_250__exit_ema_100__entry_hours_2p5__exit_hours_2p5,sma_250__ema_100,SMA/EMA,sma_250,ema_100,2.5,True,0.39465454906275393,0.30539886889045337,True,0.08925568017230057
v5_30m__entry_sma_250__exit_ema_20__entry_hours_2p5__exit_hours_2p5,sma_250__ema_20,SMA/EMA,sma_250,ema_20,2.5,False,-0.09000362200866184,0.14622185884556668,True,-0.2362254808542285
v5_30m__entry_sma_250__exit_ema_200__entry_hours_2p5__exit_hours_2p5,sma_250__ema_200,SMA/EMA,sma_250,ema_200,2.5,False,0.2846802037730758,0.21590378022167703,True,0.06877642355139876
v5_30m__entry_sma_250__exit_ema_250__entry_hours_2p5__exit_hours_2p5,sma_250__ema_250,SMA/EMA,sma_250,ema_250,2.5,False,0.27287575811181425,0.25906258144438976,True,0.013813176667424487
v5_30m__entry_sma_250__exit_ema_50__entry_hours_2p5__exit_hours_2p5,sma_250__ema_50,SMA/EMA,sma_250,ema_50,2.5,False,0.15935778489975774,0.20032706232502162,True,-0.04096927742526388
v5_30m__entry_sma_250__exit_macd_12_26_9__entry_hours_2p5__exit_hours_2p5,sma_250__macd_12_26_9,SMA/MACD,sma_250,macd_12_26_9,2.5,True,0.18959775037497628,0.25950630191004226,True,-0.06990855153506598
v5_30m__entry_sma_250__exit_macd_24_52_18__entry_hours_2p5__exit_hours_2p5,sma_250__macd_24_52_18,SMA/MACD,sma_250,macd_24_52_18,2.5,False,-0.01764071688589527,0.0320659498669322,True,-0.04970666675282748
v5_30m__entry_sma_250__exit_macd_48_104_36__entry_hours_2p5__exit_hours_2p5,sma_250__macd_48_104_36,SMA/MACD,sma_250,macd_48_104_36,2.5,False,0.12453156034554728,0.20529052846520518,True,-0.0807589681196579
v5_30m__entry_sma_250__exit_macd_6_13_5__entry_hours_2p5__exit_hours_2p5,sma_250__macd_6_13_5,SMA/MACD,sma_250,macd_6_13_5,2.5,True,0.07109726076012576,-0.023926805264447643,True,0.0950240660245734
v5_30m__entry_sma_250__exit_macd_96_208_72__entry_hours_2p5__exit_hours_2p5,sma_250__macd_96_208_72,SMA/MACD,sma_250,macd_96_208_72,2.5,True,0.480379104888097,0.4919102303298107,True,-0.011531125441713697
v5_30m__entry_sma_250__exit_sma_10__entry_hours_2p5__exit_hours_2p5,sma_250__sma_10,SMA/SMA,sma_250,sma_10,2.5,False,-0.06986847569284588,0.024258521213915696,True,-0.09412699690676157
v5_30m__entry_sma_250__exit_sma_100__entry_hours_2p5__exit_hours_2p5,sma_250__sma_100,SMA/SMA,sma_250,sma_100,2.5,False,0.22136003236071988,0.1996038698982598,True,0.021756162462460094
v5_30m__entry_sma_250__exit_sma_20__entry_hours_2p5__exit_hours_2p5,sma_250__sma_20,SMA/SMA,sma_250,sma_20,2.5,False,0.04414822964377404,0.19555302537749422,True,-0.15140479573372018
v5_30m__entry_sma_250__exit_sma_200__entry_hours_2p5__exit_hours_2p5,sma_250__sma_200,SMA/SMA,sma_250,sma_200,2.5,False,0.25376757817645706,0.22047916199355763,True,0.03328841618289943
v5_30m__entry_sma_250__exit_sma_250__entry_hours_2p5__exit_hours_2p5,sma_250__sma_250,SMA/SMA,sma_250,sma_250,2.5,False,0.2850597393885327,0.2589968372330883,True,0.02606290215544438
v5_30m__entry_sma_250__exit_sma_50__entry_hours_2p5__exit_hours_2p5,sma_250__sma_50,SMA/SMA,sma_250,sma_50,2.5,False,0.19916039624156637,0.2205492402935725,True,-0.02138884405200614
v5_30m__entry_sma_50__exit_ema_10__entry_hours_2p5__exit_hours_2p5,sma_50__ema_10,SMA/EMA,sma_50,ema_10,2.5,False,0.0032852905250710367,-0.09397694554443742,True,0.09726223606950846
v5_30m__entry_sma_50__exit_ema_100__entry_hours_2p5__exit_hours_2p5,sma_50__ema_100,SMA/EMA,sma_50,ema_100,2.5,False,0.332562332775785,0.25498967813224716,True,0.07757265464353785
v5_30m__entry_sma_50__exit_ema_20__entry_hours_2p5__exit_hours_2p5,sma_50__ema_20,SMA/EMA,sma_50,ema_20,2.5,False,0.05261947827717212,0.13134201196214132,True,-0.0787225336849692
v5_30m__entry_sma_50__exit_ema_200__entry_hours_2p5__exit_hours_2p5,sma_50__ema_200,SMA/EMA,sma_50,ema_200,2.5,False,0.30443962406488123,0.16357988588130185,True,0.14085973818357939
v5_30m__entry_sma_50__exit_ema_250__entry_hours_2p5__exit_hours_2p5,sma_50__ema_250,SMA/EMA,sma_50,ema_250,2.5,True,0.359267252494187,0.25602463092826233,True,0.10324262156592467
v5_30m__entry_sma_50__exit_ema_50__entry_hours_2p5__exit_hours_2p5,sma_50__ema_50,SMA/EMA,sma_50,ema_50,2.5,False,0.21561387860299738,0.1935354993885933,True,0.022078379214404087
v5_30m__entry_sma_50__exit_macd_12_26_9__entry_hours_2p5__exit_hours_2p5,sma_50__macd_12_26_9,SMA/MACD,sma_50,macd_12_26_9,2.5,False,0.04703847255801846,0.044237324137862195,True,0.0028011484201562672
v5_30m__entry_sma_50__exit_macd_24_52_18__entry_hours_2p5__exit_hours_2p5,sma_50__macd_24_52_18,SMA/MACD,sma_50,macd_24_52_18,2.5,False,0.009721180601772761,-0.03496320165371667,True,0.04468438225548943
v5_30m__entry_sma_50__exit_macd_48_104_36__entry_hours_2p5__exit_hours_2p5,sma_50__macd_48_104_36,SMA/MACD,sma_50,macd_48_104_36,2.5,False,0.006647999038164219,0.03375991179044204,True,-0.027111912752277822
v5_30m__entry_sma_50__exit_macd_6_13_5__entry_hours_2p5__exit_hours_2p5,sma_50__macd_6_13_5,SMA/MACD,sma_50,macd_6_13_5,2.5,False,-0.13645254347375324,-0.3140234134050947,True,0.17757086993134147
v5_30m__entry_sma_50__exit_macd_96_208_72__entry_hours_2p5__exit_hours_2p5,sma_50__macd_96_208_72,SMA/MACD,sma_50,macd_96_208_72,2.5,False,0.13314959288607311,0.1456139689034943,True,-0.012464376017421175
v5_30m__entry_sma_50__exit_sma_10__entry_hours_2p5__exit_hours_2p5,sma_50__sma_10,SMA/SMA,sma_50,sma_10,2.5,False,-0.04035394601221293,-0.22944804227899032,True,0.1890940962667774
v5_30m__entry_sma_50__exit_sma_100__entry_hours_2p5__exit_hours_2p5,sma_50__sma_100,SMA/SMA,sma_50,sma_100,2.5,False,0.18227920848354057,0.1616540292987374,True,0.020625179184803166
v5_30m__entry_sma_50__exit_sma_20__entry_hours_2p5__exit_hours_2p5,sma_50__sma_20,SMA/SMA,sma_50,sma_20,2.5,False,0.13831071391433672,0.2593123638451282,True,-0.12100164993079146
v5_30m__entry_sma_50__exit_sma_200__entry_hours_2p5__exit_hours_2p5,sma_50__sma_200,SMA/SMA,sma_50,sma_200,2.5,False,0.16657939454474746,0.11800408284870101,True,0.04857531169604645
v5_30m__entry_sma_50__exit_sma_250__entry_hours_2p5__exit_hours_2p5,sma_50__sma_250,SMA/SMA,sma_50,sma_250,2.5,False,0.31192136119688796,0.2759518636817017,True,0.035969497515186244
v5_30m__entry_sma_50__exit_sma_50__entry_hours_2p5__exit_hours_2p5,sma_50__sma_50,SMA/SMA,sma_50,sma_50,2.5,True,0.2835231328540508,0.1652563699705109,True,0.11826676288353988
v5_30m__entry_ema_100__exit_ema_10__entry_hours_3__exit_hours_3,ema_100__ema_10,EMA/EMA,ema_100,ema_10,3.0,False,0.039695484444421544,-0.0006079830197040435,True,0.04030346746412559
v5_30m__entry_ema_100__exit_ema_100__entry_hours_3__exit_hours_3,ema_100__ema_100,EMA/EMA,ema_100,ema_100,3.0,False,0.38262747431781297,0.26002747535994064,True,0.12259999895787232
v5_30m__entry_ema_100__exit_ema_20__entry_hours_3__exit_hours_3,ema_100__ema_20,EMA/EMA,ema_100,ema_20,3.0,False,0.031813826056132304,0.24731206597189026,True,-0.21549823991575795
v5_30m__entry_ema_100__exit_ema_200__entry_hours_3__exit_hours_3,ema_100__ema_200,EMA/EMA,ema_100,ema_200,3.0,False,0.2698197736243294,0.15038308416861185,True,0.11943668945571756
v5_30m__entry_ema_100__exit_ema_250__entry_hours_3__exit_hours_3,ema_100__ema_250,EMA/EMA,ema_100,ema_250,3.0,False,0.32713926661664355,0.2048396593405551,True,0.12229960727608846
v5_30m__entry_ema_100__exit_ema_50__entry_hours_3__exit_hours_3,ema_100__ema_50,EMA/EMA,ema_100,ema_50,3.0,False,0.27901955655334465,0.3283270971041166,True,-0.04930754055077197
v5_30m__entry_ema_100__exit_macd_12_26_9__entry_hours_3__exit_hours_3,ema_100__macd_12_26_9,EMA/MACD,ema_100,macd_12_26_9,3.0,False,0.04737444557124412,0.1110696443983843,True,-0.06369519882714018
v5_30m__entry_ema_100__exit_macd_24_52_18__entry_hours_3__exit_hours_3,ema_100__macd_24_52_18,EMA/MACD,ema_100,macd_24_52_18,3.0,False,0.08706644624339514,0.12828172443477173,True,-0.04121527819137659
v5_30m__entry_ema_100__exit_macd_48_104_36__entry_hours_3__exit_hours_3,ema_100__macd_48_104_36,EMA/MACD,ema_100,macd_48_104_36,3.0,False,0.22048354835182535,0.2839908383932107,True,-0.06350729004138536
v5_30m__entry_ema_100__exit_macd_6_13_5__entry_hours_3__exit_hours_3,ema_100__macd_6_13_5,EMA/MACD,ema_100,macd_6_13_5,3.0,False,-0.10586991668507838,-0.27656485502109796,True,0.17069493833601956
v5_30m__entry_ema_100__exit_macd_96_208_72__entry_hours_3__exit_hours_3,ema_100__macd_96_208_72,EMA/MACD,ema_100,macd_96_208_72,3.0,False,0.3241871104121967,0.35977786496833447,True,-0.03559075455613775
v5_30m__entry_ema_100__exit_sma_10__entry_hours_3__exit_hours_3,ema_100__sma_10,EMA/SMA,ema_100,sma_10,3.0,False,-0.07895306359308223,-0.13929407390727558,True,0.06034101031419335
v5_30m__entry_ema_100__exit_sma_100__entry_hours_3__exit_hours_3,ema_100__sma_100,EMA/SMA,ema_100,sma_100,3.0,False,0.22783595552849423,0.22312607301458304,True,0.00470988251391119
v5_30m__entry_ema_100__exit_sma_20__entry_hours_3__exit_hours_3,ema_100__sma_20,EMA/SMA,ema_100,sma_20,3.0,False,0.11559035286092158,0.26574609221734224,True,-0.15015573935642068
v5_30m__entry_ema_100__exit_sma_200__entry_hours_3__exit_hours_3,ema_100__sma_200,EMA/SMA,ema_100,sma_200,3.0,False,0.16487792966495796,0.15294067917570942,True,0.011937250489248541
v5_30m__entry_ema_100__exit_sma_250__entry_hours_3__exit_hours_3,ema_100__sma_250,EMA/SMA,ema_100,sma_250,3.0,False,0.3022230799559679,0.2681067214191236,True,0.034116358536844305
v5_30m__entry_ema_100__exit_sma_50__entry_hours_3__exit_hours_3,ema_100__sma_50,EMA/SMA,ema_100,sma_50,3.0,True,0.38696746624628525,0.3543849174179127,True,0.032582548828372526
v5_30m__entry_ema_10__exit_ema_10__entry_hours_3__exit_hours_3,ema_10__ema_10,EMA/EMA,ema_10,ema_10,3.0,False,0.014303642365812231,0.04238228775696942,True,-0.02807864539115719
v5_30m__entry_ema_10__exit_ema_100__entry_hours_3__exit_hours_3,ema_10__ema_100,EMA/EMA,ema_10,ema_100,3.0,True,0.4425751193087232,0.28292642504301196,True,0.1596486942657112
v5_30m__entry_ema_10__exit_ema_20__entry_hours_3__exit_hours_3,ema_10__ema_20,EMA/EMA,ema_10,ema_20,3.0,False,0.09259834736098353,0.4074960362135531,True,-0.3148976888525696
v5_30m__entry_ema_10__exit_ema_200__entry_hours_3__exit_hours_3,ema_10__ema_200,EMA/EMA,ema_10,ema_200,3.0,False,0.3102614014773266,0.24679641125008211,True,0.0634649902272445
v5_30m__entry_ema_10__exit_ema_250__entry_hours_3__exit_hours_3,ema_10__ema_250,EMA/EMA,ema_10,ema_250,3.0,False,0.37300775059451513,0.2535970817655029,True,0.11941066882901225
v5_30m__entry_ema_10__exit_ema_50__entry_hours_3__exit_hours_3,ema_10__ema_50,EMA/EMA,ema_10,ema_50,3.0,False,0.16823147314919934,0.29332963587277333,True,-0.125098162723574
v5_30m__entry_ema_10__exit_macd_12_26_9__entry_hours_3__exit_hours_3,ema_10__macd_12_26_9,EMA/MACD,ema_10,macd_12_26_9,3.0,False,-0.09368066851987343,0.04448900367367532,True,-0.13816967219354875
v5_30m__entry_ema_10__exit_macd_24_52_18__entry_hours_3__exit_hours_3,ema_10__macd_24_52_18,EMA/MACD,ema_10,macd_24_52_18,3.0,False,-0.015868468196456334,-0.09447657861976214,True,0.0786081104233058
v5_30m__entry_ema_10__exit_macd_48_104_36__entry_hours_3__exit_hours_3,ema_10__macd_48_104_36,EMA/MACD,ema_10,macd_48_104_36,3.0,False,0.021723947388293592,0.06041333402917477,True,-0.03868938664088118
v5_30m__entry_ema_10__exit_macd_6_13_5__entry_hours_3__exit_hours_3,ema_10__macd_6_13_5,EMA/MACD,ema_10,macd_6_13_5,3.0,False,-0.34498097701510994,-0.337329343855825,True,-0.00765163315928491
v5_30m__entry_ema_10__exit_macd_96_208_72__entry_hours_3__exit_hours_3,ema_10__macd_96_208_72,EMA/MACD,ema_10,macd_96_208_72,3.0,False,0.17209013822624927,0.1701393409829781,True,0.001950797243271185
v5_30m__entry_ema_10__exit_sma_10__entry_hours_3__exit_hours_3,ema_10__sma_10,EMA/SMA,ema_10,sma_10,3.0,False,-0.10792959987601387,-0.02027189997570593,True,-0.08765769990030794
v5_30m__entry_ema_10__exit_sma_100__entry_hours_3__exit_hours_3,ema_10__sma_100,EMA/SMA,ema_10,sma_100,3.0,False,0.14739997761475004,0.21723681396672326,True,-0.06983683635197321
v5_30m__entry_ema_10__exit_sma_20__entry_hours_3__exit_hours_3,ema_10__sma_20,EMA/SMA,ema_10,sma_20,3.0,True,0.10903130327118248,0.42097776631184786,True,-0.31194646304066537
v5_30m__entry_ema_10__exit_sma_200__entry_hours_3__exit_hours_3,ema_10__sma_200,EMA/SMA,ema_10,sma_200,3.0,False,0.1412638081442543,0.19696945041182182,True,-0.05570564226756752
v5_30m__entry_ema_10__exit_sma_250__entry_hours_3__exit_hours_3,ema_10__sma_250,EMA/SMA,ema_10,sma_250,3.0,False,0.2923566080841416,0.3076816409695035,True,-0.015325032885361911
v5_30m__entry_ema_10__exit_sma_50__entry_hours_3__exit_hours_3,ema_10__sma_50,EMA/SMA,ema_10,sma_50,3.0,True,0.35021482289838674,0.33207476598594116,True,0.01814005691244558
v5_30m__entry_ema_200__exit_ema_10__entry_hours_3__exit_hours_3,ema_200__ema_10,EMA/EMA,ema_200,ema_10,3.0,False,-0.022731481583241845,0.09988745464702359,True,-0.12261893623026543
v5_30m__entry_ema_200__exit_ema_100__entry_hours_3__exit_hours_3,ema_200__ema_100,EMA/EMA,ema_200,ema_100,3.0,True,0.4456929289601307,0.2473743971928503,True,0.1983185317672804
v5_30m__entry_ema_200__exit_ema_20__entry_hours_3__exit_hours_3,ema_200__ema_20,EMA/EMA,ema_200,ema_20,3.0,False,-0.08605501691012743,0.1589425052753569,True,-0.24499752218548432
v5_30m__entry_ema_200__exit_ema_200__entry_hours_3__exit_hours_3,ema_200__ema_200,EMA/EMA,ema_200,ema_200,3.0,False,0.30915062536059934,0.1825266450478972,True,0.12662398031270214
v5_30m__entry_ema_200__exit_ema_250__entry_hours_3__exit_hours_3,ema_200__ema_250,EMA/EMA,ema_200,ema_250,3.0,False,0.30613275176149407,0.2549479211262679,True,0.051184830635226164
v5_30m__entry_ema_200__exit_ema_50__entry_hours_3__exit_hours_3,ema_200__ema_50,EMA/EMA,ema_200,ema_50,3.0,False,0.19693379155542098,0.190591816351735,True,0.0063419752036859844
v5_30m__entry_ema_200__exit_macd_12_26_9__entry_hours_3__exit_hours_3,ema_200__macd_12_26_9,EMA/MACD,ema_200,macd_12_26_9,3.0,False,0.22794256539408692,0.2726890572681901,True,-0.04474649187410318
v5_30m__entry_ema_200__exit_macd_24_52_18__entry_hours_3__exit_hours_3,ema_200__macd_24_52_18,EMA/MACD,ema_200,macd_24_52_18,3.0,False,0.05075341238522892,0.0022133693682327886,True,0.04854004301699613
v5_30m__entry_ema_200__exit_macd_48_104_36__entry_hours_3__exit_hours_3,ema_200__macd_48_104_36,EMA/MACD,ema_200,macd_48_104_36,3.0,False,0.2446669807144916,0.15829215559599513,True,0.08637482511849648
v5_30m__entry_ema_200__exit_macd_6_13_5__entry_hours_3__exit_hours_3,ema_200__macd_6_13_5,EMA/MACD,ema_200,macd_6_13_5,3.0,True,0.07975983030438097,0.01374523804187511,True,0.06601459226250586
v5_30m__entry_ema_200__exit_macd_96_208_72__entry_hours_3__exit_hours_3,ema_200__macd_96_208_72,EMA/MACD,ema_200,macd_96_208_72,3.0,True,0.5123863196481896,0.4521443181480897,True,0.060242001500099895
v5_30m__entry_ema_200__exit_sma_10__entry_hours_3__exit_hours_3,ema_200__sma_10,EMA/SMA,ema_200,sma_10,3.0,False,-0.07892310649428068,0.043594792551802146,True,-0.12251789904608282
v5_30m__entry_ema_200__exit_sma_100__entry_hours_3__exit_hours_3,ema_200__sma_100,EMA/SMA,ema_200,sma_100,3.0,False,0.18469457665417455,0.10943336572303634,True,0.0752612109311382
v5_30m__entry_ema_200__exit_sma_20__entry_hours_3__exit_hours_3,ema_200__sma_20,EMA/SMA,ema_200,sma_20,3.0,False,-0.021251539652553268,0.1978819181163215,True,-0.21913345776887477
v5_30m__entry_ema_200__exit_sma_200__entry_hours_3__exit_hours_3,ema_200__sma_200,EMA/SMA,ema_200,sma_200,3.0,False,0.2674000390335446,0.16939549064342743,True,0.09800454839011716
v5_30m__entry_ema_200__exit_sma_250__entry_hours_3__exit_hours_3,ema_200__sma_250,EMA/SMA,ema_200,sma_250,3.0,False,0.2981110305730654,0.295301844313221,True,0.002809186259844443
v5_30m__entry_ema_200__exit_sma_50__entry_hours_3__exit_hours_3,ema_200__sma_50,EMA/SMA,ema_200,sma_50,3.0,True,0.3371369736819836,0.19608868657989567,True,0.14104828710208792
v5_30m__entry_ema_20__exit_ema_10__entry_hours_3__exit_hours_3,ema_20__ema_10,EMA/EMA,ema_20,ema_10,3.0,False,0.08012247115423159,0.11333849185533337,True,-0.03321602070110179
v5_30m__entry_ema_20__exit_ema_100__entry_hours_3__exit_hours_3,ema_20__ema_100,EMA/EMA,ema_20,ema_100,3.0,True,0.4185463909405064,0.3084589117540858,True,0.11008747918642059
v5_30m__entry_ema_20__exit_ema_20__entry_hours_3__exit_hours_3,ema_20__ema_20,EMA/EMA,ema_20,ema_20,3.0,False,0.11546667819642499,0.33516626164033736,True,-0.21969958344391238
v5_30m__entry_ema_20__exit_ema_200__entry_hours_3__exit_hours_3,ema_20__ema_200,EMA/EMA,ema_20,ema_200,3.0,False,0.29159903065266657,0.19302553893031535,True,0.09857349172235122
v5_30m__entry_ema_20__exit_ema_250__entry_hours_3__exit_hours_3,ema_20__ema_250,EMA/EMA,ema_20,ema_250,3.0,False,0.37025117261310075,0.2693014992255929,True,0.10094967338750788
v5_30m__entry_ema_20__exit_ema_50__entry_hours_3__exit_hours_3,ema_20__ema_50,EMA/EMA,ema_20,ema_50,3.0,False,0.14125904380615045,0.2528875695267343,True,-0.11162852572058385
v5_30m__entry_ema_20__exit_macd_12_26_9__entry_hours_3__exit_hours_3,ema_20__macd_12_26_9,EMA/MACD,ema_20,macd_12_26_9,3.0,False,0.09498191019586841,0.032109806858264145,True,0.06287210333760426
v5_30m__entry_ema_20__exit_macd_24_52_18__entry_hours_3__exit_hours_3,ema_20__macd_24_52_18,EMA/MACD,ema_20,macd_24_52_18,3.0,False,0.012540590412884453,-0.0326899165458147,True,0.04523050695869915
v5_30m__entry_ema_20__exit_macd_48_104_36__entry_hours_3__exit_hours_3,ema_20__macd_48_104_36,EMA/MACD,ema_20,macd_48_104_36,3.0,False,-0.004486211964062748,0.06537010652989599,True,-0.06985631849395874
v5_30m__entry_ema_20__exit_macd_6_13_5__entry_hours_3__exit_hours_3,ema_20__macd_6_13_5,EMA/MACD,ema_20,macd_6_13_5,3.0,False,-0.08034978225908669,-0.11252877930989884,True,0.03217899705081215
v5_30m__entry_ema_20__exit_macd_96_208_72__entry_hours_3__exit_hours_3,ema_20__macd_96_208_72,EMA/MACD,ema_20,macd_96_208_72,3.0,False,0.1342403908098003,0.16489882865510538,True,-0.030658437845305087
v5_30m__entry_ema_20__exit_sma_10__entry_hours_3__exit_hours_3,ema_20__sma_10,EMA/SMA,ema_20,sma_10,3.0,False,0.005186008271935025,0.006178142283133949,True,-0.0009921340111989242
v5_30m__entry_ema_20__exit_sma_100__entry_hours_3__exit_hours_3,ema_20__sma_100,EMA/SMA,ema_20,sma_100,3.0,False,0.14960303213578624,0.23831683043913535,True,-0.0887137983033491
v5_30m__entry_ema_20__exit_sma_20__entry_hours_3__exit_hours_3,ema_20__sma_20,EMA/SMA,ema_20,sma_20,3.0,False,0.15941742448171461,0.4204221554160418,True,-0.2610047309343272
v5_30m__entry_ema_20__exit_sma_200__entry_hours_3__exit_hours_3,ema_20__sma_200,EMA/SMA,ema_20,sma_200,3.0,False,0.16246513795386244,0.15903135902657678,True,0.0034337789272856634
v5_30m__entry_ema_20__exit_sma_250__entry_hours_3__exit_hours_3,ema_20__sma_250,EMA/SMA,ema_20,sma_250,3.0,False,0.29432663688306965,0.27327386820124583,True,0.02105276868182382
v5_30m__entry_ema_20__exit_sma_50__entry_hours_3__exit_hours_3,ema_20__sma_50,EMA/SMA,ema_20,sma_50,3.0,False,0.33121287122114007,0.2929388762492825,True,0.03827399497185757
v5_30m__entry_ema_250__exit_ema_10__entry_hours_3__exit_hours_3,ema_250__ema_10,EMA/EMA,ema_250,ema_10,3.0,False,0.09812747815756963,0.13538534402234675,True,-0.037257865864777126
v5_30m__entry_ema_250__exit_ema_100__entry_hours_3__exit_hours_3,ema_250__ema_100,EMA/EMA,ema_250,ema_100,3.0,True,0.3878290839665351,0.3545106767997482,True,0.03331840716678691
v5_30m__entry_ema_250__exit_ema_20__entry_hours_3__exit_hours_3,ema_250__ema_20,EMA/EMA,ema_250,ema_20,3.0,False,0.06547543364451561,0.24198167384301483,True,-0.17650624019849923
v5_30m__entry_ema_250__exit_ema_200__entry_hours_3__exit_hours_3,ema_250__ema_200,EMA/EMA,ema_250,ema_200,3.0,False,0.3198046019536765,0.24453467116009633,True,0.07526993079358016
v5_30m__entry_ema_250__exit_ema_250__entry_hours_3__exit_hours_3,ema_250__ema_250,EMA/EMA,ema_250,ema_250,3.0,False,0.35583944592308553,0.2418391106175752,True,0.11400033530551032
v5_30m__entry_ema_250__exit_ema_50__entry_hours_3__exit_hours_3,ema_250__ema_50,EMA/EMA,ema_250,ema_50,3.0,False,0.19320159187680863,0.3019856816831141,True,-0.1087840898063055
v5_30m__entry_ema_250__exit_macd_12_26_9__entry_hours_3__exit_hours_3,ema_250__macd_12_26_9,EMA/MACD,ema_250,macd_12_26_9,3.0,True,0.31985450129085924,0.3004419828161448,True,0.019412518474714424
v5_30m__entry_ema_250__exit_macd_24_52_18__entry_hours_3__exit_hours_3,ema_250__macd_24_52_18,EMA/MACD,ema_250,macd_24_52_18,3.0,False,0.09596094061214698,0.06633157662185257,True,0.029629363990294408
v5_30m__entry_ema_250__exit_macd_48_104_36__entry_hours_3__exit_hours_3,ema_250__macd_48_104_36,EMA/MACD,ema_250,macd_48_104_36,3.0,False,0.16757911045928456,0.23223936978870546,True,-0.0646602593294209
v5_30m__entry_ema_250__exit_macd_6_13_5__entry_hours_3__exit_hours_3,ema_250__macd_6_13_5,EMA/MACD,ema_250,macd_6_13_5,3.0,True,0.16712953591892304,0.004320951533029749,True,0.1628085843858933
v5_30m__entry_ema_250__exit_macd_96_208_72__entry_hours_3__exit_hours_3,ema_250__macd_96_208_72,EMA/MACD,ema_250,macd_96_208_72,3.0,True,0.4543736926758612,0.48169134509777994,True,-0.027317652421918748
v5_30m__entry_ema_250__exit_sma_10__entry_hours_3__exit_hours_3,ema_250__sma_10,EMA/SMA,ema_250,sma_10,3.0,False,0.02414669537883713,0.08741208481457227,True,-0.06326538943573515
v5_30m__entry_ema_250__exit_sma_100__entry_hours_3__exit_hours_3,ema_250__sma_100,EMA/SMA,ema_250,sma_100,3.0,False,0.195133824063096,0.23863835869141053,True,-0.04350453462831452
v5_30m__entry_ema_250__exit_sma_20__entry_hours_3__exit_hours_3,ema_250__sma_20,EMA/SMA,ema_250,sma_20,3.0,False,0.09878177691048037,0.292018940434404,True,-0.19323716352392364
v5_30m__entry_ema_250__exit_sma_200__entry_hours_3__exit_hours_3,ema_250__sma_200,EMA/SMA,ema_250,sma_200,3.0,False,0.2354860040119678,0.1399485000732323,True,0.09553750393873547
v5_30m__entry_ema_250__exit_sma_250__entry_hours_3__exit_hours_3,ema_250__sma_250,EMA/SMA,ema_250,sma_250,3.0,False,0.3287958284995567,0.27306904073857,True,0.05572678776098666
v5_30m__entry_ema_250__exit_sma_50__entry_hours_3__exit_hours_3,ema_250__sma_50,EMA/SMA,ema_250,sma_50,3.0,True,0.31750108608700367,0.24563342266915664,True,0.07186766341784703
v5_30m__entry_ema_50__exit_ema_10__entry_hours_3__exit_hours_3,ema_50__ema_10,EMA/EMA,ema_50,ema_10,3.0,False,-0.10613701044397655,-0.11883383465858063,True,0.01269682421460408
v5_30m__entry_ema_50__exit_ema_100__entry_hours_3__exit_hours_3,ema_50__ema_100,EMA/EMA,ema_50,ema_100,3.0,True,0.40091149321160136,0.31280924482724637,True,0.08810224838435499
v5_30m__entry_ema_50__exit_ema_20__entry_hours_3__exit_hours_3,ema_50__ema_20,EMA/EMA,ema_50,ema_20,3.0,False,-0.0967113609810659,0.13835396155375768,True,-0.2350653225348236
v5_30m__entry_ema_50__exit_ema_200__entry_hours_3__exit_hours_3,ema_50__ema_200,EMA/EMA,ema_50,ema_200,3.0,False,0.24386212476881783,0.17224309443874863,True,0.0716190303300692
v5_30m__entry_ema_50__exit_ema_250__entry_hours_3__exit_hours_3,ema_50__ema_250,EMA/EMA,ema_50,ema_250,3.0,False,0.33831288246847224,0.2434381516390642,True,0.09487473082940803
v5_30m__entry_ema_50__exit_ema_50__entry_hours_3__exit_hours_3,ema_50__ema_50,EMA/EMA,ema_50,ema_50,3.0,False,0.17746752084732437,0.19138391838000113,True,-0.01391639753267676
v5_30m__entry_ema_50__exit_macd_12_26_9__entry_hours_3__exit_hours_3,ema_50__macd_12_26_9,EMA/MACD,ema_50,macd_12_26_9,3.0,False,-0.08047701335319955,0.037349799948385165,True,-0.11782681330158472
v5_30m__entry_ema_50__exit_macd_24_52_18__entry_hours_3__exit_hours_3,ema_50__macd_24_52_18,EMA/MACD,ema_50,macd_24_52_18,3.0,False,-0.0358247652516172,-0.0733129922661896,True,0.037488227014572405
v5_30m__entry_ema_50__exit_macd_48_104_36__entry_hours_3__exit_hours_3,ema_50__macd_48_104_36,EMA/MACD,ema_50,macd_48_104_36,3.0,False,-0.0488483506709705,0.0026057337369784633,True,-0.05145408440794896
v5_30m__entry_ema_50__exit_macd_6_13_5__entry_hours_3__exit_hours_3,ema_50__macd_6_13_5,EMA/MACD,ema_50,macd_6_13_5,3.0,False,-0.3232574702476423,-0.23606243051252473,True,-0.08719503973511755
v5_30m__entry_ema_50__exit_macd_96_208_72__entry_hours_3__exit_hours_3,ema_50__macd_96_208_72,EMA/MACD,ema_50,macd_96_208_72,3.0,False,0.11999989128517731,0.1477677931427919,True,-0.027767901857614588
v5_30m__entry_ema_50__exit_sma_10__entry_hours_3__exit_hours_3,ema_50__sma_10,EMA/SMA,ema_50,sma_10,3.0,False,-0.21293835386019236,-0.1589736820920096,True,-0.05396467176818276
v5_30m__entry_ema_50__exit_sma_100__entry_hours_3__exit_hours_3,ema_50__sma_100,EMA/SMA,ema_50,sma_100,3.0,False,0.13523890126490482,0.21708323404220775,True,-0.08184433277730294
v5_30m__entry_ema_50__exit_sma_20__entry_hours_3__exit_hours_3,ema_50__sma_20,EMA/SMA,ema_50,sma_20,3.0,False,-0.0033843221030363502,0.25506146671504637,True,-0.2584457888180827
v5_30m__entry_ema_50__exit_sma_200__entry_hours_3__exit_hours_3,ema_50__sma_200,EMA/SMA,ema_50,sma_200,3.0,False,0.1385052908438668,0.17638623451869018,True,-0.037880943674823364
v5_30m__entry_ema_50__exit_sma_250__entry_hours_3__exit_hours_3,ema_50__sma_250,EMA/SMA,ema_50,sma_250,3.0,False,0.28132295843798416,0.275892013050645,True,0.005430945387339181
v5_30m__entry_ema_50__exit_sma_50__entry_hours_3__exit_hours_3,ema_50__sma_50,EMA/SMA,ema_50,sma_50,3.0,False,0.2559739708340563,0.21178143894773113,True,0.04419253188632519
v5_30m__entry_macd_12_26_9__exit_ema_10__entry_hours_3__exit_hours_3,macd_12_26_9__ema_10,MACD/EMA,macd_12_26_9,ema_10,3.0,False,0.038825942859590845,0.09667237840179971,True,-0.05784643554220886
v5_30m__entry_macd_12_26_9__exit_ema_100__entry_hours_3__exit_hours_3,macd_12_26_9__ema_100,MACD/EMA,macd_12_26_9,ema_100,3.0,True,0.3969841587415872,0.2519950113135395,True,0.1449891474280477
v5_30m__entry_macd_12_26_9__exit_ema_20__entry_hours_3__exit_hours_3,macd_12_26_9__ema_20,MACD/EMA,macd_12_26_9,ema_20,3.0,False,0.15061769975201428,0.3493518170015414,True,-0.1987341172495271
v5_30m__entry_macd_12_26_9__exit_ema_200__entry_hours_3__exit_hours_3,macd_12_26_9__ema_200,MACD/EMA,macd_12_26_9,ema_200,3.0,False,0.2870655744127293,0.23079648399291705,True,0.056269090419812234
v5_30m__entry_macd_12_26_9__exit_ema_250__entry_hours_3__exit_hours_3,macd_12_26_9__ema_250,MACD/EMA,macd_12_26_9,ema_250,3.0,False,0.3378084825762665,0.1838063064624598,True,0.1540021761138067
v5_30m__entry_macd_12_26_9__exit_ema_50__entry_hours_3__exit_hours_3,macd_12_26_9__ema_50,MACD/EMA,macd_12_26_9,ema_50,3.0,False,0.11016991272939178,0.19839467366397762,True,-0.08822476093458584
v5_30m__entry_macd_12_26_9__exit_macd_12_26_9__entry_hours_3__exit_hours_3,macd_12_26_9__macd_12_26_9,MACD/MACD,macd_12_26_9,macd_12_26_9,3.0,False,-0.0563548599560711,-0.05015681922882513,True,-0.006198040727245967
v5_30m__entry_macd_12_26_9__exit_macd_24_52_18__entry_hours_3__exit_hours_3,macd_12_26_9__macd_24_52_18,MACD/MACD,macd_12_26_9,macd_24_52_18,3.0,False,-0.06382148462032758,-0.09729091902528748,True,0.033469434404959905
v5_30m__entry_macd_12_26_9__exit_macd_48_104_36__entry_hours_3__exit_hours_3,macd_12_26_9__macd_48_104_36,MACD/MACD,macd_12_26_9,macd_48_104_36,3.0,False,0.02649247424195409,0.0645230696217943,True,-0.03803059537984021
v5_30m__entry_macd_12_26_9__exit_macd_6_13_5__entry_hours_3__exit_hours_3,macd_12_26_9__macd_6_13_5,MACD/MACD,macd_12_26_9,macd_6_13_5,3.0,False,-0.09361696905062918,-0.03804642279195789,True,-0.055570546258671284
v5_30m__entry_macd_12_26_9__exit_macd_96_208_72__entry_hours_3__exit_hours_3,macd_12_26_9__macd_96_208_72,MACD/MACD,macd_12_26_9,macd_96_208_72,3.0,True,0.13549834048943887,0.18932454793521306,True,-0.05382620744577418
v5_30m__entry_macd_12_26_9__exit_sma_10__entry_hours_3__exit_hours_3,macd_12_26_9__sma_10,MACD/SMA,macd_12_26_9,sma_10,3.0,False,0.01269038288604617,0.014384966182920485,True,-0.0016945832968743146
v5_30m__entry_macd_12_26_9__exit_sma_100__entry_hours_3__exit_hours_3,macd_12_26_9__sma_100,MACD/SMA,macd_12_26_9,sma_100,3.0,False,0.17806502611169234,0.18305796985185535,True,-0.004992943740163014
v5_30m__entry_macd_12_26_9__exit_sma_20__entry_hours_3__exit_hours_3,macd_12_26_9__sma_20,MACD/SMA,macd_12_26_9,sma_20,3.0,False,0.060461986473692046,0.2757097708180151,True,-0.21524778434432307
v5_30m__entry_macd_12_26_9__exit_sma_200__entry_hours_3__exit_hours_3,macd_12_26_9__sma_200,MACD/SMA,macd_12_26_9,sma_200,3.0,False,0.1490795414738447,0.1593953508049668,True,-0.010315809331122111
v5_30m__entry_macd_12_26_9__exit_sma_250__entry_hours_3__exit_hours_3,macd_12_26_9__sma_250,MACD/SMA,macd_12_26_9,sma_250,3.0,False,0.2969864769167166,0.23313442889803296,True,0.06385204801868363
v5_30m__entry_macd_12_26_9__exit_sma_50__entry_hours_3__exit_hours_3,macd_12_26_9__sma_50,MACD/SMA,macd_12_26_9,sma_50,3.0,True,0.3362816323810094,0.30197418064047843,True,0.03430745174053096
v5_30m__entry_macd_24_52_18__exit_ema_10__entry_hours_3__exit_hours_3,macd_24_52_18__ema_10,MACD/EMA,macd_24_52_18,ema_10,3.0,False,-0.009612468459102231,-0.17729919477407613,True,0.1676867263149739
v5_30m__entry_macd_24_52_18__exit_ema_100__entry_hours_3__exit_hours_3,macd_24_52_18__ema_100,MACD/EMA,macd_24_52_18,ema_100,3.0,True,0.36944217578419647,0.34588549350256825,True,0.023556682281628216
v5_30m__entry_macd_24_52_18__exit_ema_20__entry_hours_3__exit_hours_3,macd_24_52_18__ema_20,MACD/EMA,macd_24_52_18,ema_20,3.0,False,0.06954416501000305,0.08823242655205842,True,-0.01868826154205537
v5_30m__entry_macd_24_52_18__exit_ema_200__entry_hours_3__exit_hours_3,macd_24_52_18__ema_200,MACD/EMA,macd_24_52_18,ema_200,3.0,False,0.19573404561430635,0.038576601851310864,True,0.15715744376299548
v5_30m__entry_macd_24_52_18__exit_ema_250__entry_hours_3__exit_hours_3,macd_24_52_18__ema_250,MACD/EMA,macd_24_52_18,ema_250,3.0,False,0.33288678305985453,0.21813457779921872,True,0.11475220526063581
v5_30m__entry_macd_24_52_18__exit_ema_50__entry_hours_3__exit_hours_3,macd_24_52_18__ema_50,MACD/EMA,macd_24_52_18,ema_50,3.0,False,0.2222824372996667,0.19567372070025785,True,0.02660871659940886
v5_30m__entry_macd_24_52_18__exit_macd_12_26_9__entry_hours_3__exit_hours_3,macd_24_52_18__macd_12_26_9,MACD/MACD,macd_24_52_18,macd_12_26_9,3.0,False,-0.1403521717625153,-0.13901978476403284,True,-0.0013323869984824543
v5_30m__entry_macd_24_52_18__exit_macd_24_52_18__entry_hours_3__exit_hours_3,macd_24_52_18__macd_24_52_18,MACD/MACD,macd_24_52_18,macd_24_52_18,3.0,False,-0.12673933722501465,-0.12124680179990625,True,-0.0054925354251084
v5_30m__entry_macd_24_52_18__exit_macd_48_104_36__entry_hours_3__exit_hours_3,macd_24_52_18__macd_48_104_36,MACD/MACD,macd_24_52_18,macd_48_104_36,3.0,False,0.03632423693786578,0.06348267292164896,True,-0.027158435983783175
v5_30m__entry_macd_24_52_18__exit_macd_6_13_5__entry_hours_3__exit_hours_3,macd_24_52_18__macd_6_13_5,MACD/MACD,macd_24_52_18,macd_6_13_5,3.0,False,-0.23290200377672207,-0.22124770582046516,True,-0.011654297956256915
v5_30m__entry_macd_24_52_18__exit_macd_96_208_72__entry_hours_3__exit_hours_3,macd_24_52_18__macd_96_208_72,MACD/MACD,macd_24_52_18,macd_96_208_72,3.0,False,0.1342403908098003,0.16489882865510538,True,-0.030658437845305087
v5_30m__entry_macd_24_52_18__exit_sma_10__entry_hours_3__exit_hours_3,macd_24_52_18__sma_10,MACD/SMA,macd_24_52_18,sma_10,3.0,False,-0.06402731677938527,-0.2527660457993101,True,0.18873872901992483
v5_30m__entry_macd_24_52_18__exit_sma_100__entry_hours_3__exit_hours_3,macd_24_52_18__sma_100,MACD/SMA,macd_24_52_18,sma_100,3.0,False,0.20685649873653714,0.2815835691692267,True,-0.07472707043268959
v5_30m__entry_macd_24_52_18__exit_sma_20__entry_hours_3__exit_hours_3,macd_24_52_18__sma_20,MACD/SMA,macd_24_52_18,sma_20,3.0,False,0.05408450449110142,0.14407231228142342,True,-0.089987807790322
v5_30m__entry_macd_24_52_18__exit_sma_200__entry_hours_3__exit_hours_3,macd_24_52_18__sma_200,MACD/SMA,macd_24_52_18,sma_200,3.0,False,0.12250674200389298,0.05373798559744341,True,0.06876875640644958
v5_30m__entry_macd_24_52_18__exit_sma_250__entry_hours_3__exit_hours_3,macd_24_52_18__sma_250,MACD/SMA,macd_24_52_18,sma_250,3.0,True,0.3398249968664842,0.2624020855323676,True,0.0774229113341166
v5_30m__entry_macd_24_52_18__exit_sma_50__entry_hours_3__exit_hours_3,macd_24_52_18__sma_50,MACD/SMA,macd_24_52_18,sma_50,3.0,False,0.2976300820303955,0.1924333058867206,True,0.10519677614367487
v5_30m__entry_macd_48_104_36__exit_ema_10__entry_hours_3__exit_hours_3,macd_48_104_36__ema_10,MACD/EMA,macd_48_104_36,ema_10,3.0,False,0.09858734194093736,0.03448760042492447,True,0.06409974151601289
v5_30m__entry_macd_48_104_36__exit_ema_100__entry_hours_3__exit_hours_3,macd_48_104_36__ema_100,MACD/EMA,macd_48_104_36,ema_100,3.0,False,0.2862578437964746,0.2485118872003444,True,0.037745956596130226
v5_30m__entry_macd_48_104_36__exit_ema_20__entry_hours_3__exit_hours_3,macd_48_104_36__ema_20,MACD/EMA,macd_48_104_36,ema_20,3.0,False,-0.007871053181283469,0.1589579519004396,True,-0.16682900508172308
v5_30m__entry_macd_48_104_36__exit_ema_200__entry_hours_3__exit_hours_3,macd_48_104_36__ema_200,MACD/EMA,macd_48_104_36,ema_200,3.0,False,0.17745563366682543,0.12368352574334625,True,0.05377210792347918
v5_30m__entry_macd_48_104_36__exit_ema_250__entry_hours_3__exit_hours_3,macd_48_104_36__ema_250,MACD/EMA,macd_48_104_36,ema_250,3.0,False,0.3085420072390305,0.15084058222576516,True,0.15770142501326537
v5_30m__entry_macd_48_104_36__exit_ema_50__entry_hours_3__exit_hours_3,macd_48_104_36__ema_50,MACD/EMA,macd_48_104_36,ema_50,3.0,False,0.15984463352947667,0.15165428497255848,True,0.008190348556918192
v5_30m__entry_macd_48_104_36__exit_macd_12_26_9__entry_hours_3__exit_hours_3,macd_48_104_36__macd_12_26_9,MACD/MACD,macd_48_104_36,macd_12_26_9,3.0,False,-0.14744797825862424,-0.09492820142784347,True,-0.05251977683078077
v5_30m__entry_macd_48_104_36__exit_macd_24_52_18__entry_hours_3__exit_hours_3,macd_48_104_36__macd_24_52_18,MACD/MACD,macd_48_104_36,macd_24_52_18,3.0,False,-0.08416232611530433,-0.0593564494637505,True,-0.02480587665155383
v5_30m__entry_macd_48_104_36__exit_macd_48_104_36__entry_hours_3__exit_hours_3,macd_48_104_36__macd_48_104_36,MACD/MACD,macd_48_104_36,macd_48_104_36,3.0,False,0.03593620814137354,0.059038478179540874,True,-0.02310227003816733
v5_30m__entry_macd_48_104_36__exit_macd_6_13_5__entry_hours_3__exit_hours_3,macd_48_104_36__macd_6_13_5,MACD/MACD,macd_48_104_36,macd_6_13_5,3.0,False,-0.350757906181639,-0.24994494313057333,True,-0.10081296305106566
v5_30m__entry_macd_48_104_36__exit_macd_96_208_72__entry_hours_3__exit_hours_3,macd_48_104_36__macd_96_208_72,MACD/MACD,macd_48_104_36,macd_96_208_72,3.0,True,0.13522520610773067,0.1780850318940042,True,-0.04285982578627354
v5_30m__entry_macd_48_104_36__exit_sma_10__entry_hours_3__exit_hours_3,macd_48_104_36__sma_10,MACD/SMA,macd_48_104_36,sma_10,3.0,False,-0.11304957037557357,-0.15298304419964567,True,0.0399334738240721
v5_30m__entry_macd_48_104_36__exit_sma_100__entry_hours_3__exit_hours_3,macd_48_104_36__sma_100,MACD/SMA,macd_48_104_36,sma_100,3.0,False,0.20669598156734248,0.20688133291105346,True,-0.0001853513437109766
v5_30m__entry_macd_48_104_36__exit_sma_20__entry_hours_3__exit_hours_3,macd_48_104_36__sma_20,MACD/SMA,macd_48_104_36,sma_20,3.0,False,0.003469221098712109,0.2527713749066454,True,-0.2493021538079333
v5_30m__entry_macd_48_104_36__exit_sma_200__entry_hours_3__exit_hours_3,macd_48_104_36__sma_200,MACD/SMA,macd_48_104_36,sma_200,3.0,False,0.03972601814458594,0.08380688632393145,True,-0.044080868179345506
v5_30m__entry_macd_48_104_36__exit_sma_250__entry_hours_3__exit_hours_3,macd_48_104_36__sma_250,MACD/SMA,macd_48_104_36,sma_250,3.0,False,0.26834406016168383,0.2563091465984941,True,0.012034913563189753
v5_30m__entry_macd_48_104_36__exit_sma_50__entry_hours_3__exit_hours_3,macd_48_104_36__sma_50,MACD/SMA,macd_48_104_36,sma_50,3.0,False,0.2939941488100153,0.13424332681152007,True,0.15975082199849522
v5_30m__entry_macd_6_13_5__exit_ema_10__entry_hours_3__exit_hours_3,macd_6_13_5__ema_10,MACD/EMA,macd_6_13_5,ema_10,3.0,False,-0.09393573608837068,-0.09518555692943119,True,0.0012498208410605116
v5_30m__entry_macd_6_13_5__exit_ema_100__entry_hours_3__exit_hours_3,macd_6_13_5__ema_100,MACD/EMA,macd_6_13_5,ema_100,3.0,False,0.36629961804208555,0.20905005498886176,True,0.1572495630532238
v5_30m__entry_macd_6_13_5__exit_ema_20__entry_hours_3__exit_hours_3,macd_6_13_5__ema_20,MACD/EMA,macd_6_13_5,ema_20,3.0,False,0.0828876880582913,0.3932842103998786,True,-0.3103965223415873
v5_30m__entry_macd_6_13_5__exit_ema_200__entry_hours_3__exit_hours_3,macd_6_13_5__ema_200,MACD/EMA,macd_6_13_5,ema_200,3.0,False,0.33651670039052045,0.28673791590516057,True,0.049778784485359884
v5_30m__entry_macd_6_13_5__exit_ema_250__entry_hours_3__exit_hours_3,macd_6_13_5__ema_250,MACD/EMA,macd_6_13_5,ema_250,3.0,True,0.3597700268514689,0.2357207832752722,True,0.1240492435761967
v5_30m__entry_macd_6_13_5__exit_ema_50__entry_hours_3__exit_hours_3,macd_6_13_5__ema_50,MACD/EMA,macd_6_13_5,ema_50,3.0,False,0.14612807621367335,0.2916194114240565,True,-0.14549133521038315
v5_30m__entry_macd_6_13_5__exit_macd_12_26_9__entry_hours_3__exit_hours_3,macd_6_13_5__macd_12_26_9,MACD/MACD,macd_6_13_5,macd_12_26_9,3.0,False,-0.007413615502044721,0.02305298574551216,True,-0.03046660124755688
v5_30m__entry_macd_6_13_5__exit_macd_24_52_18__entry_hours_3__exit_hours_3,macd_6_13_5__macd_24_52_18,MACD/MACD,macd_6_13_5,macd_24_52_18,3.0,False,-0.12874834453188022,-0.08478910274393897,True,-0.04395924178794125
v5_30m__entry_macd_6_13_5__exit_macd_48_104_36__entry_hours_3__exit_hours_3,macd_6_13_5__macd_48_104_36,MACD/MACD,macd_6_13_5,macd_48_104_36,3.0,False,0.016941806830895963,0.0808892648389764,True,-0.06394745800808044
v5_30m__entry_macd_6_13_5__exit_macd_6_13_5__entry_hours_3__exit_hours_3,macd_6_13_5__macd_6_13_5,MACD/MACD,macd_6_13_5,macd_6_13_5,3.0,False,-0.3628097226042981,-0.19194352131521258,True,-0.17086620128908553
v5_30m__entry_macd_6_13_5__exit_macd_96_208_72__entry_hours_3__exit_hours_3,macd_6_13_5__macd_96_208_72,MACD/MACD,macd_6_13_5,macd_96_208_72,3.0,False,0.09877238601160042,0.16503114378334596,True,-0.06625875777174554
v5_30m__entry_macd_6_13_5__exit_sma_10__entry_hours_3__exit_hours_3,macd_6_13_5__sma_10,MACD/SMA,macd_6_13_5,sma_10,3.0,False,-0.2624362074754239,-0.06135077599801717,True,-0.20108543147740673
v5_30m__entry_macd_6_13_5__exit_sma_100__entry_hours_3__exit_hours_3,macd_6_13_5__sma_100,MACD/SMA,macd_6_13_5,sma_100,3.0,False,0.10502514876045518,0.11466980414669015,True,-0.009644655386234963
v5_30m__entry_macd_6_13_5__exit_sma_20__entry_hours_3__exit_hours_3,macd_6_13_5__sma_20,MACD/SMA,macd_6_13_5,sma_20,3.0,False,0.11784767200112717,0.31445977057862495,True,-0.19661209857749778
v5_30m__entry_macd_6_13_5__exit_sma_200__entry_hours_3__exit_hours_3,macd_6_13_5__sma_200,MACD/SMA,macd_6_13_5,sma_200,3.0,False,0.17045580948986466,0.14170203850062213,True,0.028753770989242533
v5_30m__entry_macd_6_13_5__exit_sma_250__entry_hours_3__exit_hours_3,macd_6_13_5__sma_250,MACD/SMA,macd_6_13_5,sma_250,3.0,False,0.31807686547059916,0.2699246235264358,True,0.04815224194416334
v5_30m__entry_macd_6_13_5__exit_sma_50__entry_hours_3__exit_hours_3,macd_6_13_5__sma_50,MACD/SMA,macd_6_13_5,sma_50,3.0,False,0.33756906706293577,0.3373352045939966,True,0.00023386246893919438
v5_30m__entry_macd_96_208_72__exit_ema_10__entry_hours_3__exit_hours_3,macd_96_208_72__ema_10,MACD/EMA,macd_96_208_72,ema_10,3.0,False,0.03656491087736083,0.15066532983641298,True,-0.11410041895905215
v5_30m__entry_macd_96_208_72__exit_ema_100__entry_hours_3__exit_hours_3,macd_96_208_72__ema_100,MACD/EMA,macd_96_208_72,ema_100,3.0,True,0.4125715449099666,0.24876418537290512,True,0.1638073595370615
v5_30m__entry_macd_96_208_72__exit_ema_20__entry_hours_3__exit_hours_3,macd_96_208_72__ema_20,MACD/EMA,macd_96_208_72,ema_20,3.0,False,0.09513737047462162,0.3006826338687007,True,-0.20554526339407908
v5_30m__entry_macd_96_208_72__exit_ema_200__entry_hours_3__exit_hours_3,macd_96_208_72__ema_200,MACD/EMA,macd_96_208_72,ema_200,3.0,True,0.36667999342816776,0.2486568790396074,True,0.11802311438856036
v5_30m__entry_macd_96_208_72__exit_ema_250__entry_hours_3__exit_hours_3,macd_96_208_72__ema_250,MACD/EMA,macd_96_208_72,ema_250,3.0,False,0.3276777329335542,0.30133914433361414,True,0.026338588599940038
v5_30m__entry_macd_96_208_72__exit_ema_50__entry_hours_3__exit_hours_3,macd_96_208_72__ema_50,MACD/EMA,macd_96_208_72,ema_50,3.0,False,0.3323830032342314,0.2835095290459566,True,0.04887347418827481
v5_30m__entry_macd_96_208_72__exit_macd_12_26_9__entry_hours_3__exit_hours_3,macd_96_208_72__macd_12_26_9,MACD/MACD,macd_96_208_72,macd_12_26_9,3.0,True,0.04497643717111925,0.1278668706026702,True,-0.08289043343155096
v5_30m__entry_macd_96_208_72__exit_macd_24_52_18__entry_hours_3__exit_hours_3,macd_96_208_72__macd_24_52_18,MACD/MACD,macd_96_208_72,macd_24_52_18,3.0,False,0.070652986237484,0.004733282577231128,True,0.06591970366025288
v5_30m__entry_macd_96_208_72__exit_macd_48_104_36__entry_hours_3__exit_hours_3,macd_96_208_72__macd_48_104_36,MACD/MACD,macd_96_208_72,macd_48_104_36,3.0,True,0.2225574841725756,0.24574763724732063,True,-0.023190153074745035
v5_30m__entry_macd_96_208_72__exit_macd_6_13_5__entry_hours_3__exit_hours_3,macd_96_208_72__macd_6_13_5,MACD/MACD,macd_96_208_72,macd_6_13_5,3.0,False,-0.09594521315956912,-0.009116973083050206,True,-0.08682824007651892
v5_30m__entry_macd_96_208_72__exit_macd_96_208_72__entry_hours_3__exit_hours_3,macd_96_208_72__macd_96_208_72,MACD/MACD,macd_96_208_72,macd_96_208_72,3.0,True,0.1342403908098003,0.1605682318828898,True,-0.026327841073089497
v5_30m__entry_macd_96_208_72__exit_sma_10__entry_hours_3__exit_hours_3,macd_96_208_72__sma_10,MACD/SMA,macd_96_208_72,sma_10,3.0,False,-0.11336624918710962,0.009673866296208254,True,-0.12304011548331788
v5_30m__entry_macd_96_208_72__exit_sma_100__entry_hours_3__exit_hours_3,macd_96_208_72__sma_100,MACD/SMA,macd_96_208_72,sma_100,3.0,True,0.276511582427786,0.23415642261128206,True,0.04235515981650395
v5_30m__entry_macd_96_208_72__exit_sma_20__entry_hours_3__exit_hours_3,macd_96_208_72__sma_20,MACD/SMA,macd_96_208_72,sma_20,3.0,False,0.17533063995217818,0.31773684879009023,True,-0.14240620883791205
v5_30m__entry_macd_96_208_72__exit_sma_200__entry_hours_3__exit_hours_3,macd_96_208_72__sma_200,MACD/SMA,macd_96_208_72,sma_200,3.0,True,0.3278123752891511,0.30563219290983745,True,0.02218018237931363
v5_30m__entry_macd_96_208_72__exit_sma_250__entry_hours_3__exit_hours_3,macd_96_208_72__sma_250,MACD/SMA,macd_96_208_72,sma_250,3.0,False,0.3116987122577592,0.3218964496759517,True,-0.01019773741819252
v5_30m__entry_macd_96_208_72__exit_sma_50__entry_hours_3__exit_hours_3,macd_96_208_72__sma_50,MACD/SMA,macd_96_208_72,sma_50,3.0,True,0.3955727032898955,0.3214393896303881,True,0.07413331365950743
v5_30m__entry_sma_100__exit_ema_10__entry_hours_3__exit_hours_3,sma_100__ema_10,SMA/EMA,sma_100,ema_10,3.0,False,-0.2084029661679689,-0.0477304623622807,True,-0.1606725038056882
v5_30m__entry_sma_100__exit_ema_100__entry_hours_3__exit_hours_3,sma_100__ema_100,SMA/EMA,sma_100,ema_100,3.0,False,0.2816115584081655,0.2367142444866327,True,0.04489731392153279
v5_30m__entry_sma_100__exit_ema_20__entry_hours_3__exit_hours_3,sma_100__ema_20,SMA/EMA,sma_100,ema_20,3.0,False,-0.17603114348630963,0.14972042322937665,True,-0.3257515667156863
v5_30m__entry_sma_100__exit_ema_200__entry_hours_3__exit_hours_3,sma_100__ema_200,SMA/EMA,sma_100,ema_200,3.0,False,0.1941026367098931,0.13050843463565556,True,0.06359420207423755
v5_30m__entry_sma_100__exit_ema_250__entry_hours_3__exit_hours_3,sma_100__ema_250,SMA/EMA,sma_100,ema_250,3.0,False,0.2656789229526781,0.18603949674194095,True,0.07963942621073714
v5_30m__entry_sma_100__exit_ema_50__entry_hours_3__exit_hours_3,sma_100__ema_50,SMA/EMA,sma_100,ema_50,3.0,False,0.07949905328261006,0.22471992147822725,True,-0.1452208681956172
v5_30m__entry_sma_100__exit_macd_12_26_9__entry_hours_3__exit_hours_3,sma_100__macd_12_26_9,SMA/MACD,sma_100,macd_12_26_9,3.0,False,-0.2563939544145418,-0.16859566809357193,True,-0.08779828632096989
v5_30m__entry_sma_100__exit_macd_24_52_18__entry_hours_3__exit_hours_3,sma_100__macd_24_52_18,SMA/MACD,sma_100,macd_24_52_18,3.0,False,-0.11957216641935375,-0.1564919624751042,True,0.03691979605575044
v5_30m__entry_sma_100__exit_macd_48_104_36__entry_hours_3__exit_hours_3,sma_100__macd_48_104_36,SMA/MACD,sma_100,macd_48_104_36,3.0,True,0.0020309050482895923,0.028749054769666597,True,-0.026718149721377003
v5_30m__entry_sma_100__exit_macd_6_13_5__entry_hours_3__exit_hours_3,sma_100__macd_6_13_5,SMA/MACD,sma_100,macd_6_13_5,3.0,False,-0.4810475451622327,-0.3862908182941333,True,-0.09475672686809938
v5_30m__entry_sma_100__exit_macd_96_208_72__entry_hours_3__exit_hours_3,sma_100__macd_96_208_72,SMA/MACD,sma_100,macd_96_208_72,3.0,True,0.06999947678837608,0.10665873943651964,True,-0.036659262648143565
v5_30m__entry_sma_100__exit_sma_10__entry_hours_3__exit_hours_3,sma_100__sma_10,SMA/SMA,sma_100,sma_10,3.0,False,-0.34504223656942784,-0.16218815873068493,True,-0.1828540778387429
v5_30m__entry_sma_100__exit_sma_100__entry_hours_3__exit_hours_3,sma_100__sma_100,SMA/SMA,sma_100,sma_100,3.0,False,0.1508953755643377,0.12613850053571193,True,0.02475687502862578
v5_30m__entry_sma_100__exit_sma_20__entry_hours_3__exit_hours_3,sma_100__sma_20,SMA/SMA,sma_100,sma_20,3.0,False,-0.1030302381366289,0.14539435143846427,True,-0.24842458957509317
v5_30m__entry_sma_100__exit_sma_200__entry_hours_3__exit_hours_3,sma_100__sma_200,SMA/SMA,sma_100,sma_200,3.0,False,0.11550955743298374,0.11362854354780044,True,0.0018810138851833025
v5_30m__entry_sma_100__exit_sma_250__entry_hours_3__exit_hours_3,sma_100__sma_250,SMA/SMA,sma_100,sma_250,3.0,False,0.2580852202655349,0.27545934922334825,True,-0.017374128957813373
v5_30m__entry_sma_100__exit_sma_50__entry_hours_3__exit_hours_3,sma_100__sma_50,SMA/SMA,sma_100,sma_50,3.0,True,0.2189094410982819,0.21285985836880875,True,0.006049582729473146
v5_30m__entry_sma_10__exit_ema_10__entry_hours_3__exit_hours_3,sma_10__ema_10,SMA/EMA,sma_10,ema_10,3.0,False,-0.03227084848744678,-0.017663739448417964,True,-0.014607109039028818
v5_30m__entry_sma_10__exit_ema_100__entry_hours_3__exit_hours_3,sma_10__ema_100,SMA/EMA,sma_10,ema_100,3.0,True,0.40139769418094967,0.2533153179256109,True,0.14808237625533877
v5_30m__entry_sma_10__exit_ema_20__entry_hours_3__exit_hours_3,sma_10__ema_20,SMA/EMA,sma_10,ema_20,3.0,False,0.1183068764713049,0.3411043840613864,True,-0.2227975075900815
v5_30m__entry_sma_10__exit_ema_200__entry_hours_3__exit_hours_3,sma_10__ema_200,SMA/EMA,sma_10,ema_200,3.0,False,0.2737654235338893,0.23670739169878957,True,0.0370580318350997
v5_30m__entry_sma_10__exit_ema_250__entry_hours_3__exit_hours_3,sma_10__ema_250,SMA/EMA,sma_10,ema_250,3.0,False,0.35808470078566057,0.2577482421717187,True,0.10033645861394186
v5_30m__entry_sma_10__exit_ema_50__entry_hours_3__exit_hours_3,sma_10__ema_50,SMA/EMA,sma_10,ema_50,3.0,False,0.15538930041312596,0.2813456963184928,True,-0.12595639590536686
v5_30m__entry_sma_10__exit_macd_12_26_9__entry_hours_3__exit_hours_3,sma_10__macd_12_26_9,SMA/MACD,sma_10,macd_12_26_9,3.0,False,-0.07876439234560301,0.0022807514729781954,True,-0.0810451438185812
v5_30m__entry_sma_10__exit_macd_24_52_18__entry_hours_3__exit_hours_3,sma_10__macd_24_52_18,SMA/MACD,sma_10,macd_24_52_18,3.0,False,-0.06044633978187426,-0.08557883694855466,True,0.025132497166680395
v5_30m__entry_sma_10__exit_macd_48_104_36__entry_hours_3__exit_hours_3,sma_10__macd_48_104_36,SMA/MACD,sma_10,macd_48_104_36,3.0,False,-0.00021339566527899448,0.046116846817210115,True,-0.04633024248248911
v5_30m__entry_sma_10__exit_macd_6_13_5__entry_hours_3__exit_hours_3,sma_10__macd_6_13_5,SMA/MACD,sma_10,macd_6_13_5,3.0,False,-0.5002011470697788,-0.382602031475174,True,-0.11759911559460479
v5_30m__entry_sma_10__exit_macd_96_208_72__entry_hours_3__exit_hours_3,sma_10__macd_96_208_72,SMA/MACD,sma_10,macd_96_208_72,3.0,False,0.1289223534074872,0.1701393409829781,True,-0.04121698757549089
v5_30m__entry_sma_10__exit_sma_10__entry_hours_3__exit_hours_3,sma_10__sma_10,SMA/SMA,sma_10,sma_10,3.0,False,-0.16893950026329976,-0.06092987926780446,True,-0.1080096209954953
v5_30m__entry_sma_10__exit_sma_100__entry_hours_3__exit_hours_3,sma_10__sma_100,SMA/SMA,sma_10,sma_100,3.0,False,0.16545321379866235,0.18254537047769903,True,-0.017092156679036685
v5_30m__entry_sma_10__exit_sma_20__entry_hours_3__exit_hours_3,sma_10__sma_20,SMA/SMA,sma_10,sma_20,3.0,True,0.07459772448699184,0.3973558022241376,True,-0.3227580777371457
v5_30m__entry_sma_10__exit_sma_200__entry_hours_3__exit_hours_3,sma_10__sma_200,SMA/SMA,sma_10,sma_200,3.0,False,0.14127204287728076,0.20425280311566912,True,-0.06298076023838836
v5_30m__entry_sma_10__exit_sma_250__entry_hours_3__exit_hours_3,sma_10__sma_250,SMA/SMA,sma_10,sma_250,3.0,False,0.29431455508338517,0.3088493479650651,True,-0.014534792881679914
v5_30m__entry_sma_10__exit_sma_50__entry_hours_3__exit_hours_3,sma_10__sma_50,SMA/SMA,sma_10,sma_50,3.0,True,0.35588370139614306,0.31887350811874654,True,0.03701019327739652
v5_30m__entry_sma_200__exit_ema_10__entry_hours_3__exit_hours_3,sma_200__ema_10,SMA/EMA,sma_200,ema_10,3.0,False,-0.202591637599463,-0.15391345563160827,True,-0.04867818196785473
v5_30m__entry_sma_200__exit_ema_100__entry_hours_3__exit_hours_3,sma_200__ema_100,SMA/EMA,sma_200,ema_100,3.0,False,0.2667991090657333,0.17353504263493041,True,0.09326406643080287
v5_30m__entry_sma_200__exit_ema_20__entry_hours_3__exit_hours_3,sma_200__ema_20,SMA/EMA,sma_200,ema_20,3.0,False,-0.2633336577884733,-0.11183094203641195,True,-0.15150271575206134
v5_30m__entry_sma_200__exit_ema_200__entry_hours_3__exit_hours_3,sma_200__ema_200,SMA/EMA,sma_200,ema_200,3.0,False,0.30506779294740494,0.10821488703876408,True,0.19685290590864085
v5_30m__entry_sma_200__exit_ema_250__entry_hours_3__exit_hours_3,sma_200__ema_250,SMA/EMA,sma_200,ema_250,3.0,False,0.29441301932323627,0.19275481604691197,True,0.1016582032763243
v5_30m__entry_sma_200__exit_ema_50__entry_hours_3__exit_hours_3,sma_200__ema_50,SMA/EMA,sma_200,ema_50,3.0,False,0.045280230733799894,0.0688386562920333,True,-0.023558425558233405
v5_30m__entry_sma_200__exit_macd_12_26_9__entry_hours_3__exit_hours_3,sma_200__macd_12_26_9,SMA/MACD,sma_200,macd_12_26_9,3.0,False,0.003353774183368841,-0.030370502779174715,True,0.033724276962543556
v5_30m__entry_sma_200__exit_macd_24_52_18__entry_hours_3__exit_hours_3,sma_200__macd_24_52_18,SMA/MACD,sma_200,macd_24_52_18,3.0,False,-0.21638314565541003,-0.3118562231094378,True,0.09547307745402775
v5_30m__entry_sma_200__exit_macd_48_104_36__entry_hours_3__exit_hours_3,sma_200__macd_48_104_36,SMA/MACD,sma_200,macd_48_104_36,3.0,False,-0.08283371408514074,-0.013089943619171266,True,-0.06974377046596948
v5_30m__entry_sma_200__exit_macd_6_13_5__entry_hours_3__exit_hours_3,sma_200__macd_6_13_5,SMA/MACD,sma_200,macd_6_13_5,3.0,False,-0.011823697685763426,-0.11993163133239154,True,0.10810793364662812
v5_30m__entry_sma_200__exit_macd_96_208_72__entry_hours_3__exit_hours_3,sma_200__macd_96_208_72,SMA/MACD,sma_200,macd_96_208_72,3.0,False,0.13983894129711594,0.16556302780445492,True,-0.025724086507338983
v5_30m__entry_sma_200__exit_sma_10__entry_hours_3__exit_hours_3,sma_200__sma_10,SMA/SMA,sma_200,sma_10,3.0,False,-0.24282487079044357,-0.1907468396867628,True,-0.05207803110368078
v5_30m__entry_sma_200__exit_sma_100__entry_hours_3__exit_hours_3,sma_200__sma_100,SMA/SMA,sma_200,sma_100,3.0,False,-0.0012532499571240405,-0.021218118274778815,True,0.019964868317654774
v5_30m__entry_sma_200__exit_sma_20__entry_hours_3__exit_hours_3,sma_200__sma_20,SMA/SMA,sma_200,sma_20,3.0,False,-0.15810139230496909,-0.02383902793236807,True,-0.13426236437260103
v5_30m__entry_sma_200__exit_sma_200__entry_hours_3__exit_hours_3,sma_200__sma_200,SMA/SMA,sma_200,sma_200,3.0,False,0.15708164001859717,0.0614431327929076,True,0.09563850722568958
v5_30m__entry_sma_200__exit_sma_250__entry_hours_3__exit_hours_3,sma_200__sma_250,SMA/SMA,sma_200,sma_250,3.0,False,0.2884420986345251,0.27059904731276374,True,0.01784305132176134
v5_30m__entry_sma_200__exit_sma_50__entry_hours_3__exit_hours_3,sma_200__sma_50,SMA/SMA,sma_200,sma_50,3.0,False,0.10792553391098561,0.01903756575933883,True,0.08888796815164678
v5_30m__entry_sma_20__exit_ema_10__entry_hours_3__exit_hours_3,sma_20__ema_10,SMA/EMA,sma_20,ema_10,3.0,False,0.11805230552744438,0.15207353973017154,True,-0.034021234202727166
v5_30m__entry_sma_20__exit_ema_100__entry_hours_3__exit_hours_3,sma_20__ema_100,SMA/EMA,sma_20,ema_100,3.0,True,0.4507161176950802,0.33163871427024283,True,0.11907740342483736
v5_30m__entry_sma_20__exit_ema_20__entry_hours_3__exit_hours_3,sma_20__ema_20,SMA/EMA,sma_20,ema_20,3.0,False,0.14303197166147963,0.3536244230778022,True,-0.21059245141632255
v5_30m__entry_sma_20__exit_ema_200__entry_hours_3__exit_hours_3,sma_20__ema_200,SMA/EMA,sma_20,ema_200,3.0,False,0.24436176307817983,0.19316330002804866,True,0.05119846305013118
v5_30m__entry_sma_20__exit_ema_250__entry_hours_3__exit_hours_3,sma_20__ema_250,SMA/EMA,sma_20,ema_250,3.0,True,0.33288471438220724,0.23075759095571138,True,0.10212712342649585
v5_30m__entry_sma_20__exit_ema_50__entry_hours_3__exit_hours_3,sma_20__ema_50,SMA/EMA,sma_20,ema_50,3.0,False,0.16698043496018386,0.24701422522583466,True,-0.0800337902656508
v5_30m__entry_sma_20__exit_macd_12_26_9__entry_hours_3__exit_hours_3,sma_20__macd_12_26_9,SMA/MACD,sma_20,macd_12_26_9,3.0,False,0.059489682904475406,0.1280302525098118,True,-0.06854056960533639
v5_30m__entry_sma_20__exit_macd_24_52_18__entry_hours_3__exit_hours_3,sma_20__macd_24_52_18,SMA/MACD,sma_20,macd_24_52_18,3.0,False,0.0012344684591145683,-0.09845636187278212,True,0.09969083033189668
v5_30m__entry_sma_20__exit_macd_48_104_36__entry_hours_3__exit_hours_3,sma_20__macd_48_104_36,SMA/MACD,sma_20,macd_48_104_36,3.0,False,0.03593620814137354,0.06937582916227006,True,-0.033439621020896516
v5_30m__entry_sma_20__exit_macd_6_13_5__entry_hours_3__exit_hours_3,sma_20__macd_6_13_5,SMA/MACD,sma_20,macd_6_13_5,3.0,False,0.00786836338811894,0.024342433881856303,True,-0.016474070493737364
v5_30m__entry_sma_20__exit_macd_96_208_72__entry_hours_3__exit_hours_3,sma_20__macd_96_208_72,SMA/MACD,sma_20,macd_96_208_72,3.0,False,0.151206953990481,0.16344052486618202,True,-0.012233570875701011
v5_30m__entry_sma_20__exit_sma_10__entry_hours_3__exit_hours_3,sma_20__sma_10,SMA/SMA,sma_20,sma_10,3.0,False,0.07217301102684265,0.0807852867228286,True,-0.008612275695985952
v5_30m__entry_sma_20__exit_sma_100__entry_hours_3__exit_hours_3,sma_20__sma_100,SMA/SMA,sma_20,sma_100,3.0,False,0.1725066509185893,0.2459058308330993,True,-0.07339917991451
v5_30m__entry_sma_20__exit_sma_20__entry_hours_3__exit_hours_3,sma_20__sma_20,SMA/SMA,sma_20,sma_20,3.0,False,0.11553004871500136,0.3560619129898959,True,-0.24053186427489456
v5_30m__entry_sma_20__exit_sma_200__entry_hours_3__exit_hours_3,sma_20__sma_200,SMA/SMA,sma_20,sma_200,3.0,False,0.14910722143742702,0.16791880213394697,True,-0.018811580696519947
v5_30m__entry_sma_20__exit_sma_250__entry_hours_3__exit_hours_3,sma_20__sma_250,SMA/SMA,sma_20,sma_250,3.0,False,0.29020774100191216,0.2839241473932526,True,0.006283593608659543
v5_30m__entry_sma_20__exit_sma_50__entry_hours_3__exit_hours_3,sma_20__sma_50,SMA/SMA,sma_20,sma_50,3.0,True,0.37527794762578226,0.3189337366588616,True,0.05634421096692066
v5_30m__entry_sma_250__exit_ema_10__entry_hours_3__exit_hours_3,sma_250__ema_10,SMA/EMA,sma_250,ema_10,3.0,False,0.0056141473078697894,0.05699673264891661,True,-0.05138258534104682
v5_30m__entry_sma_250__exit_ema_100__entry_hours_3__exit_hours_3,sma_250__ema_100,SMA/EMA,sma_250,ema_100,3.0,True,0.38459765440395216,0.30539886889045337,True,0.07919878551349879
v5_30m__entry_sma_250__exit_ema_20__entry_hours_3__exit_hours_3,sma_250__ema_20,SMA/EMA,sma_250,ema_20,3.0,False,-0.07229232218505618,0.14622185884556668,True,-0.21851418103062287
v5_30m__entry_sma_250__exit_ema_200__entry_hours_3__exit_hours_3,sma_250__ema_200,SMA/EMA,sma_250,ema_200,3.0,False,0.3026552743227669,0.21590378022167703,True,0.08675149410108987
v5_30m__entry_sma_250__exit_ema_250__entry_hours_3__exit_hours_3,sma_250__ema_250,SMA/EMA,sma_250,ema_250,3.0,False,0.27795386139871203,0.25906258144438976,True,0.01889127995432227
v5_30m__entry_sma_250__exit_ema_50__entry_hours_3__exit_hours_3,sma_250__ema_50,SMA/EMA,sma_250,ema_50,3.0,False,0.11699463944248882,0.20032706232502162,True,-0.0833324228825328
v5_30m__entry_sma_250__exit_macd_12_26_9__entry_hours_3__exit_hours_3,sma_250__macd_12_26_9,SMA/MACD,sma_250,macd_12_26_9,3.0,True,0.182537945170528,0.25950630191004226,True,-0.07696835673951427
v5_30m__entry_sma_250__exit_macd_24_52_18__entry_hours_3__exit_hours_3,sma_250__macd_24_52_18,SMA/MACD,sma_250,macd_24_52_18,3.0,False,0.0108055362194202,0.0320659498669322,True,-0.021260413647512
v5_30m__entry_sma_250__exit_macd_48_104_36__entry_hours_3__exit_hours_3,sma_250__macd_48_104_36,SMA/MACD,sma_250,macd_48_104_36,3.0,False,0.13551106432754348,0.20529052846520518,True,-0.0697794641376617
v5_30m__entry_sma_250__exit_macd_6_13_5__entry_hours_3__exit_hours_3,sma_250__macd_6_13_5,SMA/MACD,sma_250,macd_6_13_5,3.0,True,0.07525262122464502,-0.023926805264447643,True,0.09917942648909266
v5_30m__entry_sma_250__exit_macd_96_208_72__entry_hours_3__exit_hours_3,sma_250__macd_96_208_72,SMA/MACD,sma_250,macd_96_208_72,3.0,True,0.47239134011672096,0.4919102303298107,True,-0.019518890213089723
v5_30m__entry_sma_250__exit_sma_10__entry_hours_3__exit_hours_3,sma_250__sma_10,SMA/SMA,sma_250,sma_10,3.0,False,-0.06591859141009719,0.024258521213915696,True,-0.09017711262401289
v5_30m__entry_sma_250__exit_sma_100__entry_hours_3__exit_hours_3,sma_250__sma_100,SMA/SMA,sma_250,sma_100,3.0,False,0.17289790706878955,0.1996038698982598,True,-0.026705962829470242
v5_30m__entry_sma_250__exit_sma_20__entry_hours_3__exit_hours_3,sma_250__sma_20,SMA/SMA,sma_250,sma_20,3.0,False,-0.018946875344366735,0.19555302537749422,True,-0.21449990072186095
v5_30m__entry_sma_250__exit_sma_200__entry_hours_3__exit_hours_3,sma_250__sma_200,SMA/SMA,sma_250,sma_200,3.0,False,0.27671270382543806,0.22047916199355763,True,0.056233541831880424
v5_30m__entry_sma_250__exit_sma_250__entry_hours_3__exit_hours_3,sma_250__sma_250,SMA/SMA,sma_250,sma_250,3.0,False,0.2939067268423439,0.2589968372330883,True,0.03490988960925562
v5_30m__entry_sma_250__exit_sma_50__entry_hours_3__exit_hours_3,sma_250__sma_50,SMA/SMA,sma_250,sma_50,3.0,False,0.22887287211798288,0.2205492402935725,True,0.008323631824410371
v5_30m__entry_sma_50__exit_ema_10__entry_hours_3__exit_hours_3,sma_50__ema_10,SMA/EMA,sma_50,ema_10,3.0,False,0.029408518856582862,-0.09397694554443742,True,0.12338546440102027
v5_30m__entry_sma_50__exit_ema_100__entry_hours_3__exit_hours_3,sma_50__ema_100,SMA/EMA,sma_50,ema_100,3.0,False,0.33775199892502794,0.25498967813224716,True,0.08276232079278079
v5_30m__entry_sma_50__exit_ema_20__entry_hours_3__exit_hours_3,sma_50__ema_20,SMA/EMA,sma_50,ema_20,3.0,False,0.03310104720684166,0.13134201196214132,True,-0.09824096475529966
v5_30m__entry_sma_50__exit_ema_200__entry_hours_3__exit_hours_3,sma_50__ema_200,SMA/EMA,sma_50,ema_200,3.0,False,0.3195626580372114,0.16357988588130185,True,0.15598277215590955
v5_30m__entry_sma_50__exit_ema_250__entry_hours_3__exit_hours_3,sma_50__ema_250,SMA/EMA,sma_50,ema_250,3.0,True,0.3815418888677061,0.25602463092826233,True,0.1255172579394438
v5_30m__entry_sma_50__exit_ema_50__entry_hours_3__exit_hours_3,sma_50__ema_50,SMA/EMA,sma_50,ema_50,3.0,False,0.22494346380920582,0.1935354993885933,True,0.03140796442061253
v5_30m__entry_sma_50__exit_macd_12_26_9__entry_hours_3__exit_hours_3,sma_50__macd_12_26_9,SMA/MACD,sma_50,macd_12_26_9,3.0,False,0.029112592558272688,0.044237324137862195,True,-0.015124731579589507
v5_30m__entry_sma_50__exit_macd_24_52_18__entry_hours_3__exit_hours_3,sma_50__macd_24_52_18,SMA/MACD,sma_50,macd_24_52_18,3.0,False,0.02338612389065498,-0.03496320165371667,True,0.05834932554437165
v5_30m__entry_sma_50__exit_macd_48_104_36__entry_hours_3__exit_hours_3,sma_50__macd_48_104_36,SMA/MACD,sma_50,macd_48_104_36,3.0,False,-0.013470261656792862,0.03375991179044204,True,-0.0472301734472349
v5_30m__entry_sma_50__exit_macd_6_13_5__entry_hours_3__exit_hours_3,sma_50__macd_6_13_5,SMA/MACD,sma_50,macd_6_13_5,3.0,False,-0.1646316531670858,-0.3140234134050947,True,0.1493917602380089
v5_30m__entry_sma_50__exit_macd_96_208_72__entry_hours_3__exit_hours_3,sma_50__macd_96_208_72,SMA/MACD,sma_50,macd_96_208_72,3.0,False,0.11999989128517731,0.1456139689034943,True,-0.02561407761831698
v5_30m__entry_sma_50__exit_sma_10__entry_hours_3__exit_hours_3,sma_50__sma_10,SMA/SMA,sma_50,sma_10,3.0,False,-0.08731801459360819,-0.22944804227899032,True,0.14213002768538213
v5_30m__entry_sma_50__exit_sma_100__entry_hours_3__exit_hours_3,sma_50__sma_100,SMA/SMA,sma_50,sma_100,3.0,False,0.16223872714689686,0.1616540292987374,True,0.0005846978481594545
v5_30m__entry_sma_50__exit_sma_20__entry_hours_3__exit_hours_3,sma_50__sma_20,SMA/SMA,sma_50,sma_20,3.0,False,0.08910004604102259,0.2593123638451282,True,-0.1702123178041056
v5_30m__entry_sma_50__exit_sma_200__entry_hours_3__exit_hours_3,sma_50__sma_200,SMA/SMA,sma_50,sma_200,3.0,False,0.16858917147871472,0.11800408284870101,True,0.05058508863001371
v5_30m__entry_sma_50__exit_sma_250__entry_hours_3__exit_hours_3,sma_50__sma_250,SMA/SMA,sma_50,sma_250,3.0,False,0.32362285536816143,0.2759518636817017,True,0.04767099168645972
v5_30m__entry_sma_50__exit_sma_50__entry_hours_3__exit_hours_3,sma_50__sma_50,SMA/SMA,sma_50,sma_50,3.0,True,0.3391428535335872,0.1652563699705109,True,0.1738864835630763
v5_30m__entry_ema_100__exit_ema_10__entry_hours_3p5__exit_hours_3p5,ema_100__ema_10,EMA/EMA,ema_100,ema_10,3.5,False,-0.10340331907771497,-0.0006079830197040435,True,-0.10279533605801092
v5_30m__entry_ema_100__exit_ema_100__entry_hours_3p5__exit_hours_3p5,ema_100__ema_100,EMA/EMA,ema_100,ema_100,3.5,False,0.3444086063794857,0.26002747535994064,True,0.08438113101954509
v5_30m__entry_ema_100__exit_ema_20__entry_hours_3p5__exit_hours_3p5,ema_100__ema_20,EMA/EMA,ema_100,ema_20,3.5,False,0.04137739679988599,0.24731206597189026,True,-0.20593466917200426
v5_30m__entry_ema_100__exit_ema_200__entry_hours_3p5__exit_hours_3p5,ema_100__ema_200,EMA/EMA,ema_100,ema_200,3.5,False,0.22039955573353412,0.15038308416861185,True,0.07001647156492227
v5_30m__entry_ema_100__exit_ema_250__entry_hours_3p5__exit_hours_3p5,ema_100__ema_250,EMA/EMA,ema_100,ema_250,3.5,False,0.3037027281445556,0.2048396593405551,True,0.09886306880400053
v5_30m__entry_ema_100__exit_ema_50__entry_hours_3p5__exit_hours_3p5,ema_100__ema_50,EMA/EMA,ema_100,ema_50,3.5,False,0.24712399144509434,0.3283270971041166,True,-0.08120310565902228
v5_30m__entry_ema_100__exit_macd_12_26_9__entry_hours_3p5__exit_hours_3p5,ema_100__macd_12_26_9,EMA/MACD,ema_100,macd_12_26_9,3.5,False,0.036044512911296955,0.1110696443983843,True,-0.07502513148708735
v5_30m__entry_ema_100__exit_macd_24_52_18__entry_hours_3p5__exit_hours_3p5,ema_100__macd_24_52_18,EMA/MACD,ema_100,macd_24_52_18,3.5,False,0.05993304910716421,0.12828172443477173,True,-0.06834867532760752
v5_30m__entry_ema_100__exit_macd_48_104_36__entry_hours_3p5__exit_hours_3p5,ema_100__macd_48_104_36,EMA/MACD,ema_100,macd_48_104_36,3.5,False,0.20224867926729362,0.2839908383932107,True,-0.08174215912591709
v5_30m__entry_ema_100__exit_macd_6_13_5__entry_hours_3p5__exit_hours_3p5,ema_100__macd_6_13_5,EMA/MACD,ema_100,macd_6_13_5,3.5,False,-0.08889850526994525,-0.27656485502109796,True,0.1876663497511527
v5_30m__entry_ema_100__exit_macd_96_208_72__entry_hours_3p5__exit_hours_3p5,ema_100__macd_96_208_72,EMA/MACD,ema_100,macd_96_208_72,3.5,False,0.30511320288415755,0.35977786496833447,True,-0.05466466208417692
v5_30m__entry_ema_100__exit_sma_10__entry_hours_3p5__exit_hours_3p5,ema_100__sma_10,EMA/SMA,ema_100,sma_10,3.5,False,-0.1445414270986139,-0.13929407390727558,True,-0.0052473531913383165
v5_30m__entry_ema_100__exit_sma_100__entry_hours_3p5__exit_hours_3p5,ema_100__sma_100,EMA/SMA,ema_100,sma_100,3.5,False,0.2124406295508213,0.22312607301458304,True,-0.01068544346376174
v5_30m__entry_ema_100__exit_sma_20__entry_hours_3p5__exit_hours_3p5,ema_100__sma_20,EMA/SMA,ema_100,sma_20,3.5,False,0.011258400218299255,0.26574609221734224,True,-0.254487691999043
v5_30m__entry_ema_100__exit_sma_200__entry_hours_3p5__exit_hours_3p5,ema_100__sma_200,EMA/SMA,ema_100,sma_200,3.5,False,0.15544453573556,0.15294067917570942,True,0.0025038565598505813
v5_30m__entry_ema_100__exit_sma_250__entry_hours_3p5__exit_hours_3p5,ema_100__sma_250,EMA/SMA,ema_100,sma_250,3.5,False,0.2863299760457699,0.2681067214191236,True,0.018223254626646257
v5_30m__entry_ema_100__exit_sma_50__entry_hours_3p5__exit_hours_3p5,ema_100__sma_50,EMA/SMA,ema_100,sma_50,3.5,True,0.313701095510494,0.3543849174179127,True,-0.040683821907418705
v5_30m__entry_ema_10__exit_ema_10__entry_hours_3p5__exit_hours_3p5,ema_10__ema_10,EMA/EMA,ema_10,ema_10,3.5,False,-0.078411064285691,0.04238228775696942,True,-0.12079335204266042
v5_30m__entry_ema_10__exit_ema_100__entry_hours_3p5__exit_hours_3p5,ema_10__ema_100,EMA/EMA,ema_10,ema_100,3.5,True,0.39405998757018323,0.28292642504301196,True,0.11113356252717127
v5_30m__entry_ema_10__exit_ema_20__entry_hours_3p5__exit_hours_3p5,ema_10__ema_20,EMA/EMA,ema_10,ema_20,3.5,False,0.07078728047587468,0.4074960362135531,True,-0.33670875573767844
v5_30m__entry_ema_10__exit_ema_200__entry_hours_3p5__exit_hours_3p5,ema_10__ema_200,EMA/EMA,ema_10,ema_200,3.5,False,0.2759009030458756,0.24679641125008211,True,0.029104491795793497
v5_30m__entry_ema_10__exit_ema_250__entry_hours_3p5__exit_hours_3p5,ema_10__ema_250,EMA/EMA,ema_10,ema_250,3.5,False,0.34794470098502545,0.2535970817655029,True,0.09434761921952256
v5_30m__entry_ema_10__exit_ema_50__entry_hours_3p5__exit_hours_3p5,ema_10__ema_50,EMA/EMA,ema_10,ema_50,3.5,False,0.14267315164246874,0.29332963587277333,True,-0.1506564842303046
v5_30m__entry_ema_10__exit_macd_12_26_9__entry_hours_3p5__exit_hours_3p5,ema_10__macd_12_26_9,EMA/MACD,ema_10,macd_12_26_9,3.5,False,-0.12785617645723077,0.04448900367367532,True,-0.1723451801309061
v5_30m__entry_ema_10__exit_macd_24_52_18__entry_hours_3p5__exit_hours_3p5,ema_10__macd_24_52_18,EMA/MACD,ema_10,macd_24_52_18,3.5,False,-0.031815993340192694,-0.09447657861976214,True,0.06266058527956944
v5_30m__entry_ema_10__exit_macd_48_104_36__entry_hours_3p5__exit_hours_3p5,ema_10__macd_48_104_36,EMA/MACD,ema_10,macd_48_104_36,3.5,False,0.011246307735796855,0.06041333402917477,True,-0.04916702629337792
v5_30m__entry_ema_10__exit_macd_6_13_5__entry_hours_3p5__exit_hours_3p5,ema_10__macd_6_13_5,EMA/MACD,ema_10,macd_6_13_5,3.5,False,-0.3185279761300376,-0.337329343855825,True,0.018801367725787443
v5_30m__entry_ema_10__exit_macd_96_208_72__entry_hours_3p5__exit_hours_3p5,ema_10__macd_96_208_72,EMA/MACD,ema_10,macd_96_208_72,3.5,False,0.16472097935081675,0.1701393409829781,True,-0.005418361632161334
v5_30m__entry_ema_10__exit_sma_10__entry_hours_3p5__exit_hours_3p5,ema_10__sma_10,EMA/SMA,ema_10,sma_10,3.5,False,-0.16655990568296702,-0.02027189997570593,True,-0.14628800570726108
v5_30m__entry_ema_10__exit_sma_100__entry_hours_3p5__exit_hours_3p5,ema_10__sma_100,EMA/SMA,ema_10,sma_100,3.5,False,0.18524394165513725,0.21723681396672326,True,-0.03199287231158601
v5_30m__entry_ema_10__exit_sma_20__entry_hours_3p5__exit_hours_3p5,ema_10__sma_20,EMA/SMA,ema_10,sma_20,3.5,True,0.07235330020700274,0.42097776631184786,True,-0.3486244661048451
v5_30m__entry_ema_10__exit_sma_200__entry_hours_3p5__exit_hours_3p5,ema_10__sma_200,EMA/SMA,ema_10,sma_200,3.5,False,0.12400022557752396,0.19696945041182182,True,-0.07296922483429785
v5_30m__entry_ema_10__exit_sma_250__entry_hours_3p5__exit_hours_3p5,ema_10__sma_250,EMA/SMA,ema_10,sma_250,3.5,False,0.284904878910917,0.3076816409695035,True,-0.02277676205858653
v5_30m__entry_ema_10__exit_sma_50__entry_hours_3p5__exit_hours_3p5,ema_10__sma_50,EMA/SMA,ema_10,sma_50,3.5,True,0.29351053802116206,0.33207476598594116,True,-0.038564227964779096
v5_30m__entry_ema_200__exit_ema_10__entry_hours_3p5__exit_hours_3p5,ema_200__ema_10,EMA/EMA,ema_200,ema_10,3.5,False,-0.10494364110662072,0.09988745464702359,True,-0.2048310957536443
v5_30m__entry_ema_200__exit_ema_100__entry_hours_3p5__exit_hours_3p5,ema_200__ema_100,EMA/EMA,ema_200,ema_100,3.5,True,0.41194923499440256,0.2473743971928503,True,0.16457483780155227
v5_30m__entry_ema_200__exit_ema_20__entry_hours_3p5__exit_hours_3p5,ema_200__ema_20,EMA/EMA,ema_200,ema_20,3.5,False,-0.02784430748129794,0.1589425052753569,True,-0.18678681275665482
v5_30m__entry_ema_200__exit_ema_200__entry_hours_3p5__exit_hours_3p5,ema_200__ema_200,EMA/EMA,ema_200,ema_200,3.5,False,0.2763912883038145,0.1825266450478972,True,0.09386464325591728
v5_30m__entry_ema_200__exit_ema_250__entry_hours_3p5__exit_hours_3p5,ema_200__ema_250,EMA/EMA,ema_200,ema_250,3.5,False,0.31067331698210543,0.2549479211262679,True,0.05572539585583752
v5_30m__entry_ema_200__exit_ema_50__entry_hours_3p5__exit_hours_3p5,ema_200__ema_50,EMA/EMA,ema_200,ema_50,3.5,False,0.2222365499995657,0.190591816351735,True,0.031644733647830714
v5_30m__entry_ema_200__exit_macd_12_26_9__entry_hours_3p5__exit_hours_3p5,ema_200__macd_12_26_9,EMA/MACD,ema_200,macd_12_26_9,3.5,False,0.23058675338474938,0.2726890572681901,True,-0.04210230388344072
v5_30m__entry_ema_200__exit_macd_24_52_18__entry_hours_3p5__exit_hours_3p5,ema_200__macd_24_52_18,EMA/MACD,ema_200,macd_24_52_18,3.5,False,0.003998632548346874,0.0022133693682327886,True,0.0017852631801140856
v5_30m__entry_ema_200__exit_macd_48_104_36__entry_hours_3p5__exit_hours_3p5,ema_200__macd_48_104_36,EMA/MACD,ema_200,macd_48_104_36,3.5,False,0.23869579323217033,0.15829215559599513,True,0.0804036376361752
v5_30m__entry_ema_200__exit_macd_6_13_5__entry_hours_3p5__exit_hours_3p5,ema_200__macd_6_13_5,EMA/MACD,ema_200,macd_6_13_5,3.5,True,0.130843509492309,0.01374523804187511,True,0.11709827145043389
v5_30m__entry_ema_200__exit_macd_96_208_72__entry_hours_3p5__exit_hours_3p5,ema_200__macd_96_208_72,EMA/MACD,ema_200,macd_96_208_72,3.5,True,0.503181725876322,0.4521443181480897,True,0.05103740772823234
v5_30m__entry_ema_200__exit_sma_10__entry_hours_3p5__exit_hours_3p5,ema_200__sma_10,EMA/SMA,ema_200,sma_10,3.5,False,-0.12886199615311308,0.043594792551802146,True,-0.17245678870491524
v5_30m__entry_ema_200__exit_sma_100__entry_hours_3p5__exit_hours_3p5,ema_200__sma_100,EMA/SMA,ema_200,sma_100,3.5,False,0.17323637013142834,0.10943336572303634,True,0.063803004408392
v5_30m__entry_ema_200__exit_sma_20__entry_hours_3p5__exit_hours_3p5,ema_200__sma_20,EMA/SMA,ema_200,sma_20,3.5,False,-0.05691985195444133,0.1978819181163215,True,-0.2548017700707628
v5_30m__entry_ema_200__exit_sma_200__entry_hours_3p5__exit_hours_3p5,ema_200__sma_200,EMA/SMA,ema_200,sma_200,3.5,False,0.2638660221222627,0.16939549064342743,True,0.09447053147883525
v5_30m__entry_ema_200__exit_sma_250__entry_hours_3p5__exit_hours_3p5,ema_200__sma_250,EMA/SMA,ema_200,sma_250,3.5,False,0.2502669831324452,0.295301844313221,True,-0.045034861180775765
v5_30m__entry_ema_200__exit_sma_50__entry_hours_3p5__exit_hours_3p5,ema_200__sma_50,EMA/SMA,ema_200,sma_50,3.5,True,0.2835715573491496,0.19608868657989567,True,0.08748287076925396
v5_30m__entry_ema_20__exit_ema_10__entry_hours_3p5__exit_hours_3p5,ema_20__ema_10,EMA/EMA,ema_20,ema_10,3.5,False,-0.018731366874373868,0.11333849185533337,True,-0.13206985872970725
v5_30m__entry_ema_20__exit_ema_100__entry_hours_3p5__exit_hours_3p5,ema_20__ema_100,EMA/EMA,ema_20,ema_100,3.5,True,0.3701358799788793,0.3084589117540858,True,0.061676968224793516
v5_30m__entry_ema_20__exit_ema_20__entry_hours_3p5__exit_hours_3p5,ema_20__ema_20,EMA/EMA,ema_20,ema_20,3.5,False,0.12078365505274853,0.33516626164033736,True,-0.21438260658758884
v5_30m__entry_ema_20__exit_ema_200__entry_hours_3p5__exit_hours_3p5,ema_20__ema_200,EMA/EMA,ema_20,ema_200,3.5,False,0.2576575362659755,0.19302553893031535,True,0.06463199733566014
v5_30m__entry_ema_20__exit_ema_250__entry_hours_3p5__exit_hours_3p5,ema_20__ema_250,EMA/EMA,ema_20,ema_250,3.5,False,0.35693655019426096,0.2693014992255929,True,0.08763505096866808
v5_30m__entry_ema_20__exit_ema_50__entry_hours_3p5__exit_hours_3p5,ema_20__ema_50,EMA/EMA,ema_20,ema_50,3.5,False,0.13017989075121628,0.2528875695267343,True,-0.12270767877551803
v5_30m__entry_ema_20__exit_macd_12_26_9__entry_hours_3p5__exit_hours_3p5,ema_20__macd_12_26_9,EMA/MACD,ema_20,macd_12_26_9,3.5,False,0.09805104252919361,0.032109806858264145,True,0.06594123567092947
v5_30m__entry_ema_20__exit_macd_24_52_18__entry_hours_3p5__exit_hours_3p5,ema_20__macd_24_52_18,EMA/MACD,ema_20,macd_24_52_18,3.5,False,-0.00358634109338525,-0.0326899165458147,True,0.029103575452429448
v5_30m__entry_ema_20__exit_macd_48_104_36__entry_hours_3p5__exit_hours_3p5,ema_20__macd_48_104_36,EMA/MACD,ema_20,macd_48_104_36,3.5,False,0.005310095623206709,0.06537010652989599,True,-0.060060010906689276
v5_30m__entry_ema_20__exit_macd_6_13_5__entry_hours_3p5__exit_hours_3p5,ema_20__macd_6_13_5,EMA/MACD,ema_20,macd_6_13_5,3.5,False,-0.06364440776582055,-0.11252877930989884,True,0.04888437154407829
v5_30m__entry_ema_20__exit_macd_96_208_72__entry_hours_3p5__exit_hours_3p5,ema_20__macd_96_208_72,EMA/MACD,ema_20,macd_96_208_72,3.5,False,0.12643590446337455,0.16489882865510538,True,-0.038462924191730835
v5_30m__entry_ema_20__exit_sma_10__entry_hours_3p5__exit_hours_3p5,ema_20__sma_10,EMA/SMA,ema_20,sma_10,3.5,False,-0.04179897029604946,0.006178142283133949,True,-0.04797711257918341
v5_30m__entry_ema_20__exit_sma_100__entry_hours_3p5__exit_hours_3p5,ema_20__sma_100,EMA/SMA,ema_20,sma_100,3.5,False,0.1732262685983374,0.23831683043913535,True,-0.06509056184079795
v5_30m__entry_ema_20__exit_sma_20__entry_hours_3p5__exit_hours_3p5,ema_20__sma_20,EMA/SMA,ema_20,sma_20,3.5,False,0.111205802419185,0.4204221554160418,True,-0.3092163529968568
v5_30m__entry_ema_20__exit_sma_200__entry_hours_3p5__exit_hours_3p5,ema_20__sma_200,EMA/SMA,ema_20,sma_200,3.5,False,0.1409007127493836,0.15903135902657678,True,-0.018130646277193185
v5_30m__entry_ema_20__exit_sma_250__entry_hours_3p5__exit_hours_3p5,ema_20__sma_250,EMA/SMA,ema_20,sma_250,3.5,False,0.2697973526795376,0.27327386820124583,True,-0.0034765155217082455
v5_30m__entry_ema_20__exit_sma_50__entry_hours_3p5__exit_hours_3p5,ema_20__sma_50,EMA/SMA,ema_20,sma_50,3.5,False,0.3035989946063727,0.2929388762492825,True,0.010660118357090187
v5_30m__entry_ema_250__exit_ema_10__entry_hours_3p5__exit_hours_3p5,ema_250__ema_10,EMA/EMA,ema_250,ema_10,3.5,False,-0.005632193454528687,0.13538534402234675,True,-0.14101753747687545
v5_30m__entry_ema_250__exit_ema_100__entry_hours_3p5__exit_hours_3p5,ema_250__ema_100,EMA/EMA,ema_250,ema_100,3.5,True,0.35417628904006415,0.3545106767997482,True,-0.00033438775968402945
v5_30m__entry_ema_250__exit_ema_20__entry_hours_3p5__exit_hours_3p5,ema_250__ema_20,EMA/EMA,ema_250,ema_20,3.5,False,0.11823869375367332,0.24198167384301483,True,-0.12374298008934151
v5_30m__entry_ema_250__exit_ema_200__entry_hours_3p5__exit_hours_3p5,ema_250__ema_200,EMA/EMA,ema_250,ema_200,3.5,False,0.28840359863323844,0.24453467116009633,True,0.04386892747314211
v5_30m__entry_ema_250__exit_ema_250__entry_hours_3p5__exit_hours_3p5,ema_250__ema_250,EMA/EMA,ema_250,ema_250,3.5,False,0.3506407188097496,0.2418391106175752,True,0.10880160819217441
v5_30m__entry_ema_250__exit_ema_50__entry_hours_3p5__exit_hours_3p5,ema_250__ema_50,EMA/EMA,ema_250,ema_50,3.5,False,0.184306641479811,0.3019856816831141,True,-0.11767904020330314
v5_30m__entry_ema_250__exit_macd_12_26_9__entry_hours_3p5__exit_hours_3p5,ema_250__macd_12_26_9,EMA/MACD,ema_250,macd_12_26_9,3.5,True,0.32736474917900393,0.3004419828161448,True,0.02692276636285912
v5_30m__entry_ema_250__exit_macd_24_52_18__entry_hours_3p5__exit_hours_3p5,ema_250__macd_24_52_18,EMA/MACD,ema_250,macd_24_52_18,3.5,False,0.05601948044817453,0.06633157662185257,True,-0.010312096173678044
v5_30m__entry_ema_250__exit_macd_48_104_36__entry_hours_3p5__exit_hours_3p5,ema_250__macd_48_104_36,EMA/MACD,ema_250,macd_48_104_36,3.5,False,0.164553196801376,0.23223936978870546,True,-0.06768617298732946
v5_30m__entry_ema_250__exit_macd_6_13_5__entry_hours_3p5__exit_hours_3p5,ema_250__macd_6_13_5,EMA/MACD,ema_250,macd_6_13_5,3.5,True,0.18505734066639704,0.004320951533029749,True,0.1807363891333673
v5_30m__entry_ema_250__exit_macd_96_208_72__entry_hours_3p5__exit_hours_3p5,ema_250__macd_96_208_72,EMA/MACD,ema_250,macd_96_208_72,3.5,True,0.44557132790143195,0.48169134509777994,True,-0.036120017196348
v5_30m__entry_ema_250__exit_sma_10__entry_hours_3p5__exit_hours_3p5,ema_250__sma_10,EMA/SMA,ema_250,sma_10,3.5,False,-0.03565577829472775,0.08741208481457227,True,-0.12306786310930001
v5_30m__entry_ema_250__exit_sma_100__entry_hours_3p5__exit_hours_3p5,ema_250__sma_100,EMA/SMA,ema_250,sma_100,3.5,False,0.18390248044013977,0.23863835869141053,True,-0.05473587825127077
v5_30m__entry_ema_250__exit_sma_20__entry_hours_3p5__exit_hours_3p5,ema_250__sma_20,EMA/SMA,ema_250,sma_20,3.5,False,0.05672774982018476,0.292018940434404,True,-0.23529119061421927
v5_30m__entry_ema_250__exit_sma_200__entry_hours_3p5__exit_hours_3p5,ema_250__sma_200,EMA/SMA,ema_250,sma_200,3.5,False,0.2258151653104708,0.1399485000732323,True,0.08586666523723849
v5_30m__entry_ema_250__exit_sma_250__entry_hours_3p5__exit_hours_3p5,ema_250__sma_250,EMA/SMA,ema_250,sma_250,3.5,False,0.3118814907905531,0.27306904073857,True,0.03881245005198308
v5_30m__entry_ema_250__exit_sma_50__entry_hours_3p5__exit_hours_3p5,ema_250__sma_50,EMA/SMA,ema_250,sma_50,3.5,True,0.26825218261909584,0.24563342266915664,True,0.0226187599499392
v5_30m__entry_ema_50__exit_ema_10__entry_hours_3p5__exit_hours_3p5,ema_50__ema_10,EMA/EMA,ema_50,ema_10,3.5,False,-0.2353359283009825,-0.11883383465858063,True,-0.11650209364240185
v5_30m__entry_ema_50__exit_ema_100__entry_hours_3p5__exit_hours_3p5,ema_50__ema_100,EMA/EMA,ema_50,ema_100,3.5,True,0.33735874321866877,0.31280924482724637,True,0.024549498391422397
v5_30m__entry_ema_50__exit_ema_20__entry_hours_3p5__exit_hours_3p5,ema_50__ema_20,EMA/EMA,ema_50,ema_20,3.5,False,-0.08135427784408628,0.13835396155375768,True,-0.21970823939784395
v5_30m__entry_ema_50__exit_ema_200__entry_hours_3p5__exit_hours_3p5,ema_50__ema_200,EMA/EMA,ema_50,ema_200,3.5,False,0.2016445668080341,0.17224309443874863,True,0.029401472369285475
v5_30m__entry_ema_50__exit_ema_250__entry_hours_3p5__exit_hours_3p5,ema_50__ema_250,EMA/EMA,ema_50,ema_250,3.5,False,0.3270133270940432,0.2434381516390642,True,0.08357517545497897
v5_30m__entry_ema_50__exit_ema_50__entry_hours_3p5__exit_hours_3p5,ema_50__ema_50,EMA/EMA,ema_50,ema_50,3.5,False,0.15198750949320228,0.19138391838000113,True,-0.03939640888679885
v5_30m__entry_ema_50__exit_macd_12_26_9__entry_hours_3p5__exit_hours_3p5,ema_50__macd_12_26_9,EMA/MACD,ema_50,macd_12_26_9,3.5,False,-0.09604364882092904,0.037349799948385165,True,-0.1333934487693142
v5_30m__entry_ema_50__exit_macd_24_52_18__entry_hours_3p5__exit_hours_3p5,ema_50__macd_24_52_18,EMA/MACD,ema_50,macd_24_52_18,3.5,False,-0.05321156132801176,-0.0733129922661896,True,0.020101430938177844
v5_30m__entry_ema_50__exit_macd_48_104_36__entry_hours_3p5__exit_hours_3p5,ema_50__macd_48_104_36,EMA/MACD,ema_50,macd_48_104_36,3.5,False,-0.053145552411280425,0.0026057337369784633,True,-0.05575128614825889
v5_30m__entry_ema_50__exit_macd_6_13_5__entry_hours_3p5__exit_hours_3p5,ema_50__macd_6_13_5,EMA/MACD,ema_50,macd_6_13_5,3.5,False,-0.33110379680864943,-0.23606243051252473,True,-0.0950413662961247
v5_30m__entry_ema_50__exit_macd_96_208_72__entry_hours_3p5__exit_hours_3p5,ema_50__macd_96_208_72,EMA/MACD,ema_50,macd_96_208_72,3.5,False,0.11596112761530614,0.1477677931427919,True,-0.03180666552748576
v5_30m__entry_ema_50__exit_sma_10__entry_hours_3p5__exit_hours_3p5,ema_50__sma_10,EMA/SMA,ema_50,sma_10,3.5,False,-0.2707787582683958,-0.1589736820920096,True,-0.11180507617638621
v5_30m__entry_ema_50__exit_sma_100__entry_hours_3p5__exit_hours_3p5,ema_50__sma_100,EMA/SMA,ema_50,sma_100,3.5,False,0.1652911845874098,0.21708323404220775,True,-0.051792049454797956
v5_30m__entry_ema_50__exit_sma_20__entry_hours_3p5__exit_hours_3p5,ema_50__sma_20,EMA/SMA,ema_50,sma_20,3.5,False,-0.08157907776633859,0.25506146671504637,True,-0.336640544481385
v5_30m__entry_ema_50__exit_sma_200__entry_hours_3p5__exit_hours_3p5,ema_50__sma_200,EMA/SMA,ema_50,sma_200,3.5,False,0.11695681538781019,0.17638623451869018,True,-0.059429419130879985
v5_30m__entry_ema_50__exit_sma_250__entry_hours_3p5__exit_hours_3p5,ema_50__sma_250,EMA/SMA,ema_50,sma_250,3.5,False,0.26734917760576193,0.275892013050645,True,-0.008542835444883046
v5_30m__entry_ema_50__exit_sma_50__entry_hours_3p5__exit_hours_3p5,ema_50__sma_50,EMA/SMA,ema_50,sma_50,3.5,False,0.18404021966229625,0.21178143894773113,True,-0.02774121928543488
v5_30m__entry_macd_12_26_9__exit_ema_10__entry_hours_3p5__exit_hours_3p5,macd_12_26_9__ema_10,MACD/EMA,macd_12_26_9,ema_10,3.5,False,-0.008523659148838915,0.09667237840179971,True,-0.10519603755063862
v5_30m__entry_macd_12_26_9__exit_ema_100__entry_hours_3p5__exit_hours_3p5,macd_12_26_9__ema_100,MACD/EMA,macd_12_26_9,ema_100,3.5,True,0.3748494594396254,0.2519950113135395,True,0.12285444812608587
v5_30m__entry_macd_12_26_9__exit_ema_20__entry_hours_3p5__exit_hours_3p5,macd_12_26_9__ema_20,MACD/EMA,macd_12_26_9,ema_20,3.5,False,0.1536537999360833,0.3493518170015414,True,-0.19569801706545809
v5_30m__entry_macd_12_26_9__exit_ema_200__entry_hours_3p5__exit_hours_3p5,macd_12_26_9__ema_200,MACD/EMA,macd_12_26_9,ema_200,3.5,False,0.2509290710503027,0.23079648399291705,True,0.02013258705738566
v5_30m__entry_macd_12_26_9__exit_ema_250__entry_hours_3p5__exit_hours_3p5,macd_12_26_9__ema_250,MACD/EMA,macd_12_26_9,ema_250,3.5,False,0.3125229382206911,0.1838063064624598,True,0.1287166317582313
v5_30m__entry_macd_12_26_9__exit_ema_50__entry_hours_3p5__exit_hours_3p5,macd_12_26_9__ema_50,MACD/EMA,macd_12_26_9,ema_50,3.5,False,0.14102858673287416,0.19839467366397762,True,-0.057366086931103455
v5_30m__entry_macd_12_26_9__exit_macd_12_26_9__entry_hours_3p5__exit_hours_3p5,macd_12_26_9__macd_12_26_9,MACD/MACD,macd_12_26_9,macd_12_26_9,3.5,False,-0.031201832520964853,-0.05015681922882513,True,0.018954986707860277
v5_30m__entry_macd_12_26_9__exit_macd_24_52_18__entry_hours_3p5__exit_hours_3p5,macd_12_26_9__macd_24_52_18,MACD/MACD,macd_12_26_9,macd_24_52_18,3.5,False,-0.0739149119337289,-0.09729091902528748,True,0.023376007091558584
v5_30m__entry_macd_12_26_9__exit_macd_48_104_36__entry_hours_3p5__exit_hours_3p5,macd_12_26_9__macd_48_104_36,MACD/MACD,macd_12_26_9,macd_48_104_36,3.5,False,0.021246139616806214,0.0645230696217943,True,-0.043276930004988085
v5_30m__entry_macd_12_26_9__exit_macd_6_13_5__entry_hours_3p5__exit_hours_3p5,macd_12_26_9__macd_6_13_5,MACD/MACD,macd_12_26_9,macd_6_13_5,3.5,False,0.0077185194567373685,-0.03804642279195789,True,0.04576494224869526
v5_30m__entry_macd_12_26_9__exit_macd_96_208_72__entry_hours_3p5__exit_hours_3p5,macd_12_26_9__macd_96_208_72,MACD/MACD,macd_12_26_9,macd_96_208_72,3.5,True,0.12452553586785543,0.18932454793521306,True,-0.06479901206735762
v5_30m__entry_macd_12_26_9__exit_sma_10__entry_hours_3p5__exit_hours_3p5,macd_12_26_9__sma_10,MACD/SMA,macd_12_26_9,sma_10,3.5,False,-0.030828238814488002,0.014384966182920485,True,-0.04521320499740849
v5_30m__entry_macd_12_26_9__exit_sma_100__entry_hours_3p5__exit_hours_3p5,macd_12_26_9__sma_100,MACD/SMA,macd_12_26_9,sma_100,3.5,False,0.23059725531821604,0.18305796985185535,True,0.04753928546636069
v5_30m__entry_macd_12_26_9__exit_sma_20__entry_hours_3p5__exit_hours_3p5,macd_12_26_9__sma_20,MACD/SMA,macd_12_26_9,sma_20,3.5,False,0.05970062523204692,0.2757097708180151,True,-0.2160091455859682
v5_30m__entry_macd_12_26_9__exit_sma_200__entry_hours_3p5__exit_hours_3p5,macd_12_26_9__sma_200,MACD/SMA,macd_12_26_9,sma_200,3.5,False,0.13864908495678407,0.1593953508049668,True,-0.020746265848182732
v5_30m__entry_macd_12_26_9__exit_sma_250__entry_hours_3p5__exit_hours_3p5,macd_12_26_9__sma_250,MACD/SMA,macd_12_26_9,sma_250,3.5,False,0.2769490974130607,0.23313442889803296,True,0.043814668515027716
v5_30m__entry_macd_12_26_9__exit_sma_50__entry_hours_3p5__exit_hours_3p5,macd_12_26_9__sma_50,MACD/SMA,macd_12_26_9,sma_50,3.5,True,0.2935266788302949,0.30197418064047843,True,-0.008447501810183555
v5_30m__entry_macd_24_52_18__exit_ema_10__entry_hours_3p5__exit_hours_3p5,macd_24_52_18__ema_10,MACD/EMA,macd_24_52_18,ema_10,3.5,False,-0.064216844679781,-0.17729919477407613,True,0.11308235009429513
v5_30m__entry_macd_24_52_18__exit_ema_100__entry_hours_3p5__exit_hours_3p5,macd_24_52_18__ema_100,MACD/EMA,macd_24_52_18,ema_100,3.5,True,0.32884163866820343,0.34588549350256825,True,-0.017043854834364824
v5_30m__entry_macd_24_52_18__exit_ema_20__entry_hours_3p5__exit_hours_3p5,macd_24_52_18__ema_20,MACD/EMA,macd_24_52_18,ema_20,3.5,False,0.03845860544019948,0.08823242655205842,True,-0.049773821111858935
v5_30m__entry_macd_24_52_18__exit_ema_200__entry_hours_3p5__exit_hours_3p5,macd_24_52_18__ema_200,MACD/EMA,macd_24_52_18,ema_200,3.5,False,0.17314407847010016,0.038576601851310864,True,0.1345674766187893
v5_30m__entry_macd_24_52_18__exit_ema_250__entry_hours_3p5__exit_hours_3p5,macd_24_52_18__ema_250,MACD/EMA,macd_24_52_18,ema_250,3.5,False,0.3172461390682451,0.21813457779921872,True,0.0991115612690264
v5_30m__entry_macd_24_52_18__exit_ema_50__entry_hours_3p5__exit_hours_3p5,macd_24_52_18__ema_50,MACD/EMA,macd_24_52_18,ema_50,3.5,False,0.23438172095273185,0.19567372070025785,True,0.038708000252474006
v5_30m__entry_macd_24_52_18__exit_macd_12_26_9__entry_hours_3p5__exit_hours_3p5,macd_24_52_18__macd_12_26_9,MACD/MACD,macd_24_52_18,macd_12_26_9,3.5,False,-0.13770966778649366,-0.13901978476403284,True,0.0013101169775391885
v5_30m__entry_macd_24_52_18__exit_macd_24_52_18__entry_hours_3p5__exit_hours_3p5,macd_24_52_18__macd_24_52_18,MACD/MACD,macd_24_52_18,macd_24_52_18,3.5,False,-0.1372256551043241,-0.12124680179990625,True,-0.015978853304417853
v5_30m__entry_macd_24_52_18__exit_macd_48_104_36__entry_hours_3p5__exit_hours_3p5,macd_24_52_18__macd_48_104_36,MACD/MACD,macd_24_52_18,macd_48_104_36,3.5,False,0.029791309087681656,0.06348267292164896,True,-0.0336913638339673
v5_30m__entry_macd_24_52_18__exit_macd_6_13_5__entry_hours_3p5__exit_hours_3p5,macd_24_52_18__macd_6_13_5,MACD/MACD,macd_24_52_18,macd_6_13_5,3.5,False,-0.23435258089748334,-0.22124770582046516,True,-0.013104875077018185
v5_30m__entry_macd_24_52_18__exit_macd_96_208_72__entry_hours_3p5__exit_hours_3p5,macd_24_52_18__macd_96_208_72,MACD/MACD,macd_24_52_18,macd_96_208_72,3.5,False,0.12643590446337455,0.16489882865510538,True,-0.038462924191730835
v5_30m__entry_macd_24_52_18__exit_sma_10__entry_hours_3p5__exit_hours_3p5,macd_24_52_18__sma_10,MACD/SMA,macd_24_52_18,sma_10,3.5,False,-0.10658343909696594,-0.2527660457993101,True,0.14618260670234418
v5_30m__entry_macd_24_52_18__exit_sma_100__entry_hours_3p5__exit_hours_3p5,macd_24_52_18__sma_100,MACD/SMA,macd_24_52_18,sma_100,3.5,False,0.23998637572813283,0.2815835691692267,True,-0.04159719344109389
v5_30m__entry_macd_24_52_18__exit_sma_20__entry_hours_3p5__exit_hours_3p5,macd_24_52_18__sma_20,MACD/SMA,macd_24_52_18,sma_20,3.5,False,-0.001204752029493113,0.14407231228142342,True,-0.14527706431091653
v5_30m__entry_macd_24_52_18__exit_sma_200__entry_hours_3p5__exit_hours_3p5,macd_24_52_18__sma_200,MACD/SMA,macd_24_52_18,sma_200,3.5,False,0.11921073958094787,0.05373798559744341,True,0.06547275398350447
v5_30m__entry_macd_24_52_18__exit_sma_250__entry_hours_3p5__exit_hours_3p5,macd_24_52_18__sma_250,MACD/SMA,macd_24_52_18,sma_250,3.5,True,0.3221289277844715,0.2624020855323676,True,0.059726842252103896
v5_30m__entry_macd_24_52_18__exit_sma_50__entry_hours_3p5__exit_hours_3p5,macd_24_52_18__sma_50,MACD/SMA,macd_24_52_18,sma_50,3.5,False,0.25113948168854267,0.1924333058867206,True,0.05870617580182205
v5_30m__entry_macd_48_104_36__exit_ema_10__entry_hours_3p5__exit_hours_3p5,macd_48_104_36__ema_10,MACD/EMA,macd_48_104_36,ema_10,3.5,False,-0.005918085233743165,0.03448760042492447,True,-0.04040568565866764
v5_30m__entry_macd_48_104_36__exit_ema_100__entry_hours_3p5__exit_hours_3p5,macd_48_104_36__ema_100,MACD/EMA,macd_48_104_36,ema_100,3.5,False,0.2596112762819163,0.2485118872003444,True,0.011099389081571931
v5_30m__entry_macd_48_104_36__exit_ema_20__entry_hours_3p5__exit_hours_3p5,macd_48_104_36__ema_20,MACD/EMA,macd_48_104_36,ema_20,3.5,False,0.042741701086547984,0.1589579519004396,True,-0.11621625081389161
v5_30m__entry_macd_48_104_36__exit_ema_200__entry_hours_3p5__exit_hours_3p5,macd_48_104_36__ema_200,MACD/EMA,macd_48_104_36,ema_200,3.5,False,0.16161424706871155,0.12368352574334625,True,0.037930721325365305
v5_30m__entry_macd_48_104_36__exit_ema_250__entry_hours_3p5__exit_hours_3p5,macd_48_104_36__ema_250,MACD/EMA,macd_48_104_36,ema_250,3.5,False,0.30733250047900196,0.15084058222576516,True,0.1564919182532368
v5_30m__entry_macd_48_104_36__exit_ema_50__entry_hours_3p5__exit_hours_3p5,macd_48_104_36__ema_50,MACD/EMA,macd_48_104_36,ema_50,3.5,False,0.17604802157018692,0.15165428497255848,True,0.024393736597628446
v5_30m__entry_macd_48_104_36__exit_macd_12_26_9__entry_hours_3p5__exit_hours_3p5,macd_48_104_36__macd_12_26_9,MACD/MACD,macd_48_104_36,macd_12_26_9,3.5,False,-0.12279060638899406,-0.09492820142784347,True,-0.027862404961150583
v5_30m__entry_macd_48_104_36__exit_macd_24_52_18__entry_hours_3p5__exit_hours_3p5,macd_48_104_36__macd_24_52_18,MACD/MACD,macd_48_104_36,macd_24_52_18,3.5,False,-0.10931831715479515,-0.0593564494637505,True,-0.049961867691044645
v5_30m__entry_macd_48_104_36__exit_macd_48_104_36__entry_hours_3p5__exit_hours_3p5,macd_48_104_36__macd_48_104_36,MACD/MACD,macd_48_104_36,macd_48_104_36,3.5,False,0.030117255547596842,0.059038478179540874,True,-0.02892122263194403
v5_30m__entry_macd_48_104_36__exit_macd_6_13_5__entry_hours_3p5__exit_hours_3p5,macd_48_104_36__macd_6_13_5,MACD/MACD,macd_48_104_36,macd_6_13_5,3.5,False,-0.3313527212161998,-0.24994494313057333,True,-0.08140777808562646
v5_30m__entry_macd_48_104_36__exit_macd_96_208_72__entry_hours_3p5__exit_hours_3p5,macd_48_104_36__macd_96_208_72,MACD/MACD,macd_48_104_36,macd_96_208_72,3.5,True,0.1257653039438959,0.1780850318940042,True,-0.05231972795010831
v5_30m__entry_macd_48_104_36__exit_sma_10__entry_hours_3p5__exit_hours_3p5,macd_48_104_36__sma_10,MACD/SMA,macd_48_104_36,sma_10,3.5,False,-0.13891251344599828,-0.15298304419964567,True,0.014070530753647392
v5_30m__entry_macd_48_104_36__exit_sma_100__entry_hours_3p5__exit_hours_3p5,macd_48_104_36__sma_100,MACD/SMA,macd_48_104_36,sma_100,3.5,False,0.24208144662992448,0.20688133291105346,True,0.03520011371887102
v5_30m__entry_macd_48_104_36__exit_sma_20__entry_hours_3p5__exit_hours_3p5,macd_48_104_36__sma_20,MACD/SMA,macd_48_104_36,sma_20,3.5,False,-0.04196672069483214,0.2527713749066454,True,-0.29473809560147757
v5_30m__entry_macd_48_104_36__exit_sma_200__entry_hours_3p5__exit_hours_3p5,macd_48_104_36__sma_200,MACD/SMA,macd_48_104_36,sma_200,3.5,False,0.032853137192307126,0.08380688632393145,True,-0.05095374913162432
v5_30m__entry_macd_48_104_36__exit_sma_250__entry_hours_3p5__exit_hours_3p5,macd_48_104_36__sma_250,MACD/SMA,macd_48_104_36,sma_250,3.5,False,0.27068508044150585,0.2563091465984941,True,0.014375933843011779
v5_30m__entry_macd_48_104_36__exit_sma_50__entry_hours_3p5__exit_hours_3p5,macd_48_104_36__sma_50,MACD/SMA,macd_48_104_36,sma_50,3.5,False,0.2690554077981734,0.13424332681152007,True,0.13481208098665332
v5_30m__entry_macd_6_13_5__exit_ema_10__entry_hours_3p5__exit_hours_3p5,macd_6_13_5__ema_10,MACD/EMA,macd_6_13_5,ema_10,3.5,False,-0.14217765848002198,-0.09518555692943119,True,-0.04699210155059079
v5_30m__entry_macd_6_13_5__exit_ema_100__entry_hours_3p5__exit_hours_3p5,macd_6_13_5__ema_100,MACD/EMA,macd_6_13_5,ema_100,3.5,False,0.35380326445766946,0.20905005498886176,True,0.1447532094688077
v5_30m__entry_macd_6_13_5__exit_ema_20__entry_hours_3p5__exit_hours_3p5,macd_6_13_5__ema_20,MACD/EMA,macd_6_13_5,ema_20,3.5,False,0.04154982693087423,0.3932842103998786,True,-0.3517343834690044
v5_30m__entry_macd_6_13_5__exit_ema_200__entry_hours_3p5__exit_hours_3p5,macd_6_13_5__ema_200,MACD/EMA,macd_6_13_5,ema_200,3.5,False,0.31808708235230576,0.28673791590516057,True,0.031349166447145194
v5_30m__entry_macd_6_13_5__exit_ema_250__entry_hours_3p5__exit_hours_3p5,macd_6_13_5__ema_250,MACD/EMA,macd_6_13_5,ema_250,3.5,True,0.35605221703130113,0.2357207832752722,True,0.12033143375602892
v5_30m__entry_macd_6_13_5__exit_ema_50__entry_hours_3p5__exit_hours_3p5,macd_6_13_5__ema_50,MACD/EMA,macd_6_13_5,ema_50,3.5,False,0.12296767899530238,0.2916194114240565,True,-0.16865173242875414
v5_30m__entry_macd_6_13_5__exit_macd_12_26_9__entry_hours_3p5__exit_hours_3p5,macd_6_13_5__macd_12_26_9,MACD/MACD,macd_6_13_5,macd_12_26_9,3.5,False,-0.005324809042522152,0.02305298574551216,True,-0.028377794788034313
v5_30m__entry_macd_6_13_5__exit_macd_24_52_18__entry_hours_3p5__exit_hours_3p5,macd_6_13_5__macd_24_52_18,MACD/MACD,macd_6_13_5,macd_24_52_18,3.5,False,-0.1314130355070825,-0.08478910274393897,True,-0.04662393276314353
v5_30m__entry_macd_6_13_5__exit_macd_48_104_36__entry_hours_3p5__exit_hours_3p5,macd_6_13_5__macd_48_104_36,MACD/MACD,macd_6_13_5,macd_48_104_36,3.5,False,0.02648230398417573,0.0808892648389764,True,-0.05440696085480068
v5_30m__entry_macd_6_13_5__exit_macd_6_13_5__entry_hours_3p5__exit_hours_3p5,macd_6_13_5__macd_6_13_5,MACD/MACD,macd_6_13_5,macd_6_13_5,3.5,False,-0.2848114052307817,-0.19194352131521258,True,-0.0928678839155691
v5_30m__entry_macd_6_13_5__exit_macd_96_208_72__entry_hours_3p5__exit_hours_3p5,macd_6_13_5__macd_96_208_72,MACD/MACD,macd_6_13_5,macd_96_208_72,3.5,False,0.0951134882181186,0.16503114378334596,True,-0.06991765556522736
v5_30m__entry_macd_6_13_5__exit_sma_10__entry_hours_3p5__exit_hours_3p5,macd_6_13_5__sma_10,MACD/SMA,macd_6_13_5,sma_10,3.5,False,-0.31298581772619233,-0.06135077599801717,True,-0.25163504172817514
v5_30m__entry_macd_6_13_5__exit_sma_100__entry_hours_3p5__exit_hours_3p5,macd_6_13_5__sma_100,MACD/SMA,macd_6_13_5,sma_100,3.5,False,0.16316615323103825,0.11466980414669015,True,0.048496349084348106
v5_30m__entry_macd_6_13_5__exit_sma_20__entry_hours_3p5__exit_hours_3p5,macd_6_13_5__sma_20,MACD/SMA,macd_6_13_5,sma_20,3.5,False,0.07408233446484547,0.31445977057862495,True,-0.24037743611377949
v5_30m__entry_macd_6_13_5__exit_sma_200__entry_hours_3p5__exit_hours_3p5,macd_6_13_5__sma_200,MACD/SMA,macd_6_13_5,sma_200,3.5,False,0.16558883468568167,0.14170203850062213,True,0.02388679618505954
v5_30m__entry_macd_6_13_5__exit_sma_250__entry_hours_3p5__exit_hours_3p5,macd_6_13_5__sma_250,MACD/SMA,macd_6_13_5,sma_250,3.5,False,0.29369402965651475,0.2699246235264358,True,0.02376940613007894
v5_30m__entry_macd_6_13_5__exit_sma_50__entry_hours_3p5__exit_hours_3p5,macd_6_13_5__sma_50,MACD/SMA,macd_6_13_5,sma_50,3.5,False,0.29652334245324824,0.3373352045939966,True,-0.040811862140748334
v5_30m__entry_macd_96_208_72__exit_ema_10__entry_hours_3p5__exit_hours_3p5,macd_96_208_72__ema_10,MACD/EMA,macd_96_208_72,ema_10,3.5,False,-0.09000198084287392,0.15066532983641298,True,-0.2406673106792869
v5_30m__entry_macd_96_208_72__exit_ema_100__entry_hours_3p5__exit_hours_3p5,macd_96_208_72__ema_100,MACD/EMA,macd_96_208_72,ema_100,3.5,True,0.40405051875861014,0.24876418537290512,True,0.15528633338570502
v5_30m__entry_macd_96_208_72__exit_ema_20__entry_hours_3p5__exit_hours_3p5,macd_96_208_72__ema_20,MACD/EMA,macd_96_208_72,ema_20,3.5,False,0.13915624402524865,0.3006826338687007,True,-0.16152638984345205
v5_30m__entry_macd_96_208_72__exit_ema_200__entry_hours_3p5__exit_hours_3p5,macd_96_208_72__ema_200,MACD/EMA,macd_96_208_72,ema_200,3.5,True,0.34639432659552494,0.2486568790396074,True,0.09773744755591754
v5_30m__entry_macd_96_208_72__exit_ema_250__entry_hours_3p5__exit_hours_3p5,macd_96_208_72__ema_250,MACD/EMA,macd_96_208_72,ema_250,3.5,False,0.3139636251768299,0.30133914433361414,True,0.012624480843215768
v5_30m__entry_macd_96_208_72__exit_ema_50__entry_hours_3p5__exit_hours_3p5,macd_96_208_72__ema_50,MACD/EMA,macd_96_208_72,ema_50,3.5,False,0.3452271099360988,0.2835095290459566,True,0.061717580890142176
v5_30m__entry_macd_96_208_72__exit_macd_12_26_9__entry_hours_3p5__exit_hours_3p5,macd_96_208_72__macd_12_26_9,MACD/MACD,macd_96_208_72,macd_12_26_9,3.5,True,0.137820078591105,0.1278668706026702,True,0.009953207988434798
v5_30m__entry_macd_96_208_72__exit_macd_24_52_18__entry_hours_3p5__exit_hours_3p5,macd_96_208_72__macd_24_52_18,MACD/MACD,macd_96_208_72,macd_24_52_18,3.5,False,0.08071961701030117,0.004733282577231128,True,0.07598633443307004
v5_30m__entry_macd_96_208_72__exit_macd_48_104_36__entry_hours_3p5__exit_hours_3p5,macd_96_208_72__macd_48_104_36,MACD/MACD,macd_96_208_72,macd_48_104_36,3.5,True,0.20886375773077084,0.24574763724732063,True,-0.036883879516549783
v5_30m__entry_macd_96_208_72__exit_macd_6_13_5__entry_hours_3p5__exit_hours_3p5,macd_96_208_72__macd_6_13_5,MACD/MACD,macd_96_208_72,macd_6_13_5,3.5,False,-0.07475730205332141,-0.009116973083050206,True,-0.06564032897027121
v5_30m__entry_macd_96_208_72__exit_macd_96_208_72__entry_hours_3p5__exit_hours_3p5,macd_96_208_72__macd_96_208_72,MACD/MACD,macd_96_208_72,macd_96_208_72,3.5,True,0.12643590446337455,0.1605682318828898,True,-0.034132327419515246
v5_30m__entry_macd_96_208_72__exit_sma_10__entry_hours_3p5__exit_hours_3p5,macd_96_208_72__sma_10,MACD/SMA,macd_96_208_72,sma_10,3.5,False,-0.15451858338917088,0.009673866296208254,True,-0.16419244968537913
v5_30m__entry_macd_96_208_72__exit_sma_100__entry_hours_3p5__exit_hours_3p5,macd_96_208_72__sma_100,MACD/SMA,macd_96_208_72,sma_100,3.5,True,0.29528524560884495,0.23415642261128206,True,0.06112882299756289
v5_30m__entry_macd_96_208_72__exit_sma_20__entry_hours_3p5__exit_hours_3p5,macd_96_208_72__sma_20,MACD/SMA,macd_96_208_72,sma_20,3.5,False,0.127413277625114,0.31773684879009023,True,-0.19032357116497622
v5_30m__entry_macd_96_208_72__exit_sma_200__entry_hours_3p5__exit_hours_3p5,macd_96_208_72__sma_200,MACD/SMA,macd_96_208_72,sma_200,3.5,True,0.3121536368082413,0.30563219290983745,True,0.006521443898403867
v5_30m__entry_macd_96_208_72__exit_sma_250__entry_hours_3p5__exit_hours_3p5,macd_96_208_72__sma_250,MACD/SMA,macd_96_208_72,sma_250,3.5,False,0.30662498788836867,0.3218964496759517,True,-0.01527146178758304
v5_30m__entry_macd_96_208_72__exit_sma_50__entry_hours_3p5__exit_hours_3p5,macd_96_208_72__sma_50,MACD/SMA,macd_96_208_72,sma_50,3.5,True,0.35670885770595995,0.3214393896303881,True,0.03526946807557185
v5_30m__entry_sma_100__exit_ema_10__entry_hours_3p5__exit_hours_3p5,sma_100__ema_10,SMA/EMA,sma_100,ema_10,3.5,False,-0.22909467626658264,-0.0477304623622807,True,-0.18136421390430194
v5_30m__entry_sma_100__exit_ema_100__entry_hours_3p5__exit_hours_3p5,sma_100__ema_100,SMA/EMA,sma_100,ema_100,3.5,False,0.2676256927357984,0.2367142444866327,True,0.030911448249165696
v5_30m__entry_sma_100__exit_ema_20__entry_hours_3p5__exit_hours_3p5,sma_100__ema_20,SMA/EMA,sma_100,ema_20,3.5,False,-0.05148975780471956,0.14972042322937665,True,-0.2012101810340962
v5_30m__entry_sma_100__exit_ema_200__entry_hours_3p5__exit_hours_3p5,sma_100__ema_200,SMA/EMA,sma_100,ema_200,3.5,False,0.16502490487052424,0.13050843463565556,True,0.034516470234868674
v5_30m__entry_sma_100__exit_ema_250__entry_hours_3p5__exit_hours_3p5,sma_100__ema_250,SMA/EMA,sma_100,ema_250,3.5,False,0.2639203350258441,0.18603949674194095,True,0.07788083828390316
v5_30m__entry_sma_100__exit_ema_50__entry_hours_3p5__exit_hours_3p5,sma_100__ema_50,SMA/EMA,sma_100,ema_50,3.5,False,0.15945095722028838,0.22471992147822725,True,-0.06526896425793888
v5_30m__entry_sma_100__exit_macd_12_26_9__entry_hours_3p5__exit_hours_3p5,sma_100__macd_12_26_9,SMA/MACD,sma_100,macd_12_26_9,3.5,False,-0.08352478551653351,-0.16859566809357193,True,0.08507088257703842
v5_30m__entry_sma_100__exit_macd_24_52_18__entry_hours_3p5__exit_hours_3p5,sma_100__macd_24_52_18,SMA/MACD,sma_100,macd_24_52_18,3.5,False,-0.04321821267687686,-0.1564919624751042,True,0.11327374979822732
v5_30m__entry_sma_100__exit_macd_48_104_36__entry_hours_3p5__exit_hours_3p5,sma_100__macd_48_104_36,SMA/MACD,sma_100,macd_48_104_36,3.5,True,0.016886363947962564,0.028749054769666597,True,-0.011862690821704033
v5_30m__entry_sma_100__exit_macd_6_13_5__entry_hours_3p5__exit_hours_3p5,sma_100__macd_6_13_5,SMA/MACD,sma_100,macd_6_13_5,3.5,False,-0.27475061030197767,-0.3862908182941333,True,0.11154020799215564
v5_30m__entry_sma_100__exit_macd_96_208_72__entry_hours_3p5__exit_hours_3p5,sma_100__macd_96_208_72,SMA/MACD,sma_100,macd_96_208_72,3.5,True,0.33455778893390414,0.10665873943651964,True,0.2278990494973845
v5_30m__entry_sma_100__exit_sma_10__entry_hours_3p5__exit_hours_3p5,sma_100__sma_10,SMA/SMA,sma_100,sma_10,3.5,False,-0.24452713295542872,-0.16218815873068493,True,-0.08233897422474379
v5_30m__entry_sma_100__exit_sma_100__entry_hours_3p5__exit_hours_3p5,sma_100__sma_100,SMA/SMA,sma_100,sma_100,3.5,False,0.2025627820600879,0.12613850053571193,True,0.07642428152437597
v5_30m__entry_sma_100__exit_sma_20__entry_hours_3p5__exit_hours_3p5,sma_100__sma_20,SMA/SMA,sma_100,sma_20,3.5,False,-0.07720313122949819,0.14539435143846427,True,-0.22259748266796248
v5_30m__entry_sma_100__exit_sma_200__entry_hours_3p5__exit_hours_3p5,sma_100__sma_200,SMA/SMA,sma_100,sma_200,3.5,False,0.11271372075167316,0.11362854354780044,True,-0.0009148227961272848
v5_30m__entry_sma_100__exit_sma_250__entry_hours_3p5__exit_hours_3p5,sma_100__sma_250,SMA/SMA,sma_100,sma_250,3.5,False,0.25285056386121074,0.27545934922334825,True,-0.022608785362137507
v5_30m__entry_sma_100__exit_sma_50__entry_hours_3p5__exit_hours_3p5,sma_100__sma_50,SMA/SMA,sma_100,sma_50,3.5,True,0.2346307157017654,0.21285985836880875,True,0.021770857332956667
v5_30m__entry_sma_10__exit_ema_10__entry_hours_3p5__exit_hours_3p5,sma_10__ema_10,SMA/EMA,sma_10,ema_10,3.5,False,-0.09994604134935647,-0.017663739448417964,True,-0.0822823019009385
v5_30m__entry_sma_10__exit_ema_100__entry_hours_3p5__exit_hours_3p5,sma_10__ema_100,SMA/EMA,sma_10,ema_100,3.5,True,0.37196687381780597,0.2533153179256109,True,0.11865155589219506
v5_30m__entry_sma_10__exit_ema_20__entry_hours_3p5__exit_hours_3p5,sma_10__ema_20,SMA/EMA,sma_10,ema_20,3.5,False,0.10390825305162836,0.3411043840613864,True,-0.237196131009758
v5_30m__entry_sma_10__exit_ema_200__entry_hours_3p5__exit_hours_3p5,sma_10__ema_200,SMA/EMA,sma_10,ema_200,3.5,False,0.2511232281646411,0.23670739169878957,True,0.01441583646585154
v5_30m__entry_sma_10__exit_ema_250__entry_hours_3p5__exit_hours_3p5,sma_10__ema_250,SMA/EMA,sma_10,ema_250,3.5,False,0.3469958248871424,0.2577482421717187,True,0.08924758271542371
v5_30m__entry_sma_10__exit_ema_50__entry_hours_3p5__exit_hours_3p5,sma_10__ema_50,SMA/EMA,sma_10,ema_50,3.5,False,0.14076135918385135,0.2813456963184928,True,-0.14058433713464147
v5_30m__entry_sma_10__exit_macd_12_26_9__entry_hours_3p5__exit_hours_3p5,sma_10__macd_12_26_9,SMA/MACD,sma_10,macd_12_26_9,3.5,False,-0.0924373319973365,0.0022807514729781954,True,-0.0947180834703147
v5_30m__entry_sma_10__exit_macd_24_52_18__entry_hours_3p5__exit_hours_3p5,sma_10__macd_24_52_18,SMA/MACD,sma_10,macd_24_52_18,3.5,False,-0.07320860247428551,-0.08557883694855466,True,0.012370234474269146
v5_30m__entry_sma_10__exit_macd_48_104_36__entry_hours_3p5__exit_hours_3p5,sma_10__macd_48_104_36,SMA/MACD,sma_10,macd_48_104_36,3.5,False,0.003491119095569072,0.046116846817210115,True,-0.04262572772164104
v5_30m__entry_sma_10__exit_macd_6_13_5__entry_hours_3p5__exit_hours_3p5,sma_10__macd_6_13_5,SMA/MACD,sma_10,macd_6_13_5,3.5,False,-0.4518391091138316,-0.382602031475174,True,-0.06923707763865761
v5_30m__entry_sma_10__exit_macd_96_208_72__entry_hours_3p5__exit_hours_3p5,sma_10__macd_96_208_72,SMA/MACD,sma_10,macd_96_208_72,3.5,False,0.1224047428572127,0.1701393409829781,True,-0.04773459812576539
v5_30m__entry_sma_10__exit_sma_10__entry_hours_3p5__exit_hours_3p5,sma_10__sma_10,SMA/SMA,sma_10,sma_10,3.5,False,-0.24788571973941723,-0.06092987926780446,True,-0.18695584047161276
v5_30m__entry_sma_10__exit_sma_100__entry_hours_3p5__exit_hours_3p5,sma_10__sma_100,SMA/SMA,sma_10,sma_100,3.5,False,0.21714251273930185,0.18254537047769903,True,0.03459714226160282
v5_30m__entry_sma_10__exit_sma_20__entry_hours_3p5__exit_hours_3p5,sma_10__sma_20,SMA/SMA,sma_10,sma_20,3.5,True,0.050078695806955065,0.3973558022241376,True,-0.3472771064171825
v5_30m__entry_sma_10__exit_sma_200__entry_hours_3p5__exit_hours_3p5,sma_10__sma_200,SMA/SMA,sma_10,sma_200,3.5,False,0.1478331101341754,0.20425280311566912,True,-0.05641969298149371
v5_30m__entry_sma_10__exit_sma_250__entry_hours_3p5__exit_hours_3p5,sma_10__sma_250,SMA/SMA,sma_10,sma_250,3.5,False,0.2829044958444699,0.3088493479650651,True,-0.025944852120595163
v5_30m__entry_sma_10__exit_sma_50__entry_hours_3p5__exit_hours_3p5,sma_10__sma_50,SMA/SMA,sma_10,sma_50,3.5,True,0.31317363220270067,0.31887350811874654,True,-0.005699875916045871
v5_30m__entry_sma_200__exit_ema_10__entry_hours_3p5__exit_hours_3p5,sma_200__ema_10,SMA/EMA,sma_200,ema_10,3.5,False,-0.3074554664904654,-0.15391345563160827,True,-0.15354201085885713
v5_30m__entry_sma_200__exit_ema_100__entry_hours_3p5__exit_hours_3p5,sma_200__ema_100,SMA/EMA,sma_200,ema_100,3.5,False,0.2564456636875649,0.17353504263493041,True,0.08291062105263447
v5_30m__entry_sma_200__exit_ema_20__entry_hours_3p5__exit_hours_3p5,sma_200__ema_20,SMA/EMA,sma_200,ema_20,3.5,False,-0.20784210355493588,-0.11183094203641195,True,-0.09601116151852393
v5_30m__entry_sma_200__exit_ema_200__entry_hours_3p5__exit_hours_3p5,sma_200__ema_200,SMA/EMA,sma_200,ema_200,3.5,False,0.2792420493109737,0.10821488703876408,True,0.1710271622722096
v5_30m__entry_sma_200__exit_ema_250__entry_hours_3p5__exit_hours_3p5,sma_200__ema_250,SMA/EMA,sma_200,ema_250,3.5,False,0.2795661316713062,0.19275481604691197,True,0.0868113156243942
v5_30m__entry_sma_200__exit_ema_50__entry_hours_3p5__exit_hours_3p5,sma_200__ema_50,SMA/EMA,sma_200,ema_50,3.5,False,0.04629822049789838,0.0688386562920333,True,-0.022540435794134915
v5_30m__entry_sma_200__exit_macd_12_26_9__entry_hours_3p5__exit_hours_3p5,sma_200__macd_12_26_9,SMA/MACD,sma_200,macd_12_26_9,3.5,False,0.009023784055829655,-0.030370502779174715,True,0.03939428683500437
v5_30m__entry_sma_200__exit_macd_24_52_18__entry_hours_3p5__exit_hours_3p5,sma_200__macd_24_52_18,SMA/MACD,sma_200,macd_24_52_18,3.5,False,-0.22973954595180082,-0.3118562231094378,True,0.08211667715763696
v5_30m__entry_sma_200__exit_macd_48_104_36__entry_hours_3p5__exit_hours_3p5,sma_200__macd_48_104_36,SMA/MACD,sma_200,macd_48_104_36,3.5,False,-0.0891785258433758,-0.013089943619171266,True,-0.07608858222420453
v5_30m__entry_sma_200__exit_macd_6_13_5__entry_hours_3p5__exit_hours_3p5,sma_200__macd_6_13_5,SMA/MACD,sma_200,macd_6_13_5,3.5,False,-0.0022369959197567823,-0.11993163133239154,True,0.11769463541263477
v5_30m__entry_sma_200__exit_macd_96_208_72__entry_hours_3p5__exit_hours_3p5,sma_200__macd_96_208_72,SMA/MACD,sma_200,macd_96_208_72,3.5,False,0.13365601379537934,0.16556302780445492,True,-0.031907014009075585
v5_30m__entry_sma_200__exit_sma_10__entry_hours_3p5__exit_hours_3p5,sma_200__sma_10,SMA/SMA,sma_200,sma_10,3.5,False,-0.2860603926557218,-0.1907468396867628,True,-0.09531355296895902
v5_30m__entry_sma_200__exit_sma_100__entry_hours_3p5__exit_hours_3p5,sma_200__sma_100,SMA/SMA,sma_200,sma_100,3.5,False,-0.0010012810794160667,-0.021218118274778815,True,0.020216837195362748
v5_30m__entry_sma_200__exit_sma_20__entry_hours_3p5__exit_hours_3p5,sma_200__sma_20,SMA/SMA,sma_200,sma_20,3.5,False,-0.22193609122640184,-0.02383902793236807,True,-0.19809706329403376
v5_30m__entry_sma_200__exit_sma_200__entry_hours_3p5__exit_hours_3p5,sma_200__sma_200,SMA/SMA,sma_200,sma_200,3.5,False,0.1377244016136074,0.0614431327929076,True,0.07628126882069981
v5_30m__entry_sma_200__exit_sma_250__entry_hours_3p5__exit_hours_3p5,sma_200__sma_250,SMA/SMA,sma_200,sma_250,3.5,False,0.27654986587851704,0.27059904731276374,True,0.005950818565753302
v5_30m__entry_sma_200__exit_sma_50__entry_hours_3p5__exit_hours_3p5,sma_200__sma_50,SMA/SMA,sma_200,sma_50,3.5,False,0.08541403525540023,0.01903756575933883,True,0.0663764694960614
v5_30m__entry_sma_20__exit_ema_10__entry_hours_3p5__exit_hours_3p5,sma_20__ema_10,SMA/EMA,sma_20,ema_10,3.5,False,0.03594978792813723,0.15207353973017154,True,-0.11612375180203431
v5_30m__entry_sma_20__exit_ema_100__entry_hours_3p5__exit_hours_3p5,sma_20__ema_100,SMA/EMA,sma_20,ema_100,3.5,True,0.39992683434101634,0.33163871427024283,True,0.0682881200707735
v5_30m__entry_sma_20__exit_ema_20__entry_hours_3p5__exit_hours_3p5,sma_20__ema_20,SMA/EMA,sma_20,ema_20,3.5,False,0.13348303037956252,0.3536244230778022,True,-0.22014139269823965
v5_30m__entry_sma_20__exit_ema_200__entry_hours_3p5__exit_hours_3p5,sma_20__ema_200,SMA/EMA,sma_20,ema_200,3.5,False,0.21291319938392395,0.19316330002804866,True,0.01974989935587529
v5_30m__entry_sma_20__exit_ema_250__entry_hours_3p5__exit_hours_3p5,sma_20__ema_250,SMA/EMA,sma_20,ema_250,3.5,True,0.320148285497594,0.23075759095571138,True,0.08939069454188261
v5_30m__entry_sma_20__exit_ema_50__entry_hours_3p5__exit_hours_3p5,sma_20__ema_50,SMA/EMA,sma_20,ema_50,3.5,False,0.16866161732331825,0.24701422522583466,True,-0.07835260790251641
v5_30m__entry_sma_20__exit_macd_12_26_9__entry_hours_3p5__exit_hours_3p5,sma_20__macd_12_26_9,SMA/MACD,sma_20,macd_12_26_9,3.5,False,0.08747762585928189,0.1280302525098118,True,-0.0405526266505299
v5_30m__entry_sma_20__exit_macd_24_52_18__entry_hours_3p5__exit_hours_3p5,sma_20__macd_24_52_18,SMA/MACD,sma_20,macd_24_52_18,3.5,False,-0.011887642828227431,-0.09845636187278212,True,0.08656871904455468
v5_30m__entry_sma_20__exit_macd_48_104_36__entry_hours_3p5__exit_hours_3p5,sma_20__macd_48_104_36,SMA/MACD,sma_20,macd_48_104_36,3.5,False,0.030117255547596842,0.06937582916227006,True,-0.03925857361467322
v5_30m__entry_sma_20__exit_macd_6_13_5__entry_hours_3p5__exit_hours_3p5,sma_20__macd_6_13_5,SMA/MACD,sma_20,macd_6_13_5,3.5,False,0.031913881613811985,0.024342433881856303,True,0.007571447731955682
v5_30m__entry_sma_20__exit_macd_96_208_72__entry_hours_3p5__exit_hours_3p5,sma_20__macd_96_208_72,SMA/MACD,sma_20,macd_96_208_72,3.5,False,0.13819399562927853,0.16344052486618202,True,-0.025246529236903487
v5_30m__entry_sma_20__exit_sma_10__entry_hours_3p5__exit_hours_3p5,sma_20__sma_10,SMA/SMA,sma_20,sma_10,3.5,False,0.051773984000066685,0.0807852867228286,True,-0.029011302722761916
v5_30m__entry_sma_20__exit_sma_100__entry_hours_3p5__exit_hours_3p5,sma_20__sma_100,SMA/SMA,sma_20,sma_100,3.5,False,0.1934212731507652,0.2459058308330993,True,-0.05248455768233409
v5_30m__entry_sma_20__exit_sma_20__entry_hours_3p5__exit_hours_3p5,sma_20__sma_20,SMA/SMA,sma_20,sma_20,3.5,False,0.07845479908659493,0.3560619129898959,True,-0.277607113903301
v5_30m__entry_sma_20__exit_sma_200__entry_hours_3p5__exit_hours_3p5,sma_20__sma_200,SMA/SMA,sma_20,sma_200,3.5,False,0.13622100941761014,0.16791880213394697,True,-0.031697792716336826
v5_30m__entry_sma_20__exit_sma_250__entry_hours_3p5__exit_hours_3p5,sma_20__sma_250,SMA/SMA,sma_20,sma_250,3.5,False,0.27638642451059536,0.2839241473932526,True,-0.0075377228826572495
v5_30m__entry_sma_20__exit_sma_50__entry_hours_3p5__exit_hours_3p5,sma_20__sma_50,SMA/SMA,sma_20,sma_50,3.5,True,0.31500292319607137,0.3189337366588616,True,-0.003930813462790228
v5_30m__entry_sma_250__exit_ema_10__entry_hours_3p5__exit_hours_3p5,sma_250__ema_10,SMA/EMA,sma_250,ema_10,3.5,False,-0.09696401005847695,0.05699673264891661,True,-0.15396074270739357
v5_30m__entry_sma_250__exit_ema_100__entry_hours_3p5__exit_hours_3p5,sma_250__ema_100,SMA/EMA,sma_250,ema_100,3.5,True,0.374836786774407,0.30539886889045337,True,0.06943791788395365
v5_30m__entry_sma_250__exit_ema_20__entry_hours_3p5__exit_hours_3p5,sma_250__ema_20,SMA/EMA,sma_250,ema_20,3.5,False,-0.023668712622675864,0.14622185884556668,True,-0.16989057146824255
v5_30m__entry_sma_250__exit_ema_200__entry_hours_3p5__exit_hours_3p5,sma_250__ema_200,SMA/EMA,sma_250,ema_200,3.5,False,0.2780726270602185,0.21590378022167703,True,0.062168846838541486
v5_30m__entry_sma_250__exit_ema_250__entry_hours_3p5__exit_hours_3p5,sma_250__ema_250,SMA/EMA,sma_250,ema_250,3.5,False,0.26619817337538265,0.25906258144438976,True,0.007135591930992891
v5_30m__entry_sma_250__exit_ema_50__entry_hours_3p5__exit_hours_3p5,sma_250__ema_50,SMA/EMA,sma_250,ema_50,3.5,False,0.12220670696413445,0.20032706232502162,True,-0.07812035536088717
v5_30m__entry_sma_250__exit_macd_12_26_9__entry_hours_3p5__exit_hours_3p5,sma_250__macd_12_26_9,SMA/MACD,sma_250,macd_12_26_9,3.5,True,0.2061127559308652,0.25950630191004226,True,-0.05339354597917706
v5_30m__entry_sma_250__exit_macd_24_52_18__entry_hours_3p5__exit_hours_3p5,sma_250__macd_24_52_18,SMA/MACD,sma_250,macd_24_52_18,3.5,False,-0.02057655883006569,0.0320659498669322,True,-0.052642508696997894
v5_30m__entry_sma_250__exit_macd_48_104_36__entry_hours_3p5__exit_hours_3p5,sma_250__macd_48_104_36,SMA/MACD,sma_250,macd_48_104_36,3.5,False,0.13756546158838137,0.20529052846520518,True,-0.06772506687682381
v5_30m__entry_sma_250__exit_macd_6_13_5__entry_hours_3p5__exit_hours_3p5,sma_250__macd_6_13_5,SMA/MACD,sma_250,macd_6_13_5,3.5,True,0.09776202423922704,-0.023926805264447643,True,0.12168882950367468
v5_30m__entry_sma_250__exit_macd_96_208_72__entry_hours_3p5__exit_hours_3p5,sma_250__macd_96_208_72,SMA/MACD,sma_250,macd_96_208_72,3.5,True,0.4672773726621091,0.4919102303298107,True,-0.02463285766770157
v5_30m__entry_sma_250__exit_sma_10__entry_hours_3p5__exit_hours_3p5,sma_250__sma_10,SMA/SMA,sma_250,sma_10,3.5,False,-0.13325953270305832,0.024258521213915696,True,-0.15751805391697402
v5_30m__entry_sma_250__exit_sma_100__entry_hours_3p5__exit_hours_3p5,sma_250__sma_100,SMA/SMA,sma_250,sma_100,3.5,False,0.17224048558887556,0.1996038698982598,True,-0.02736338430938423
v5_30m__entry_sma_250__exit_sma_20__entry_hours_3p5__exit_hours_3p5,sma_250__sma_20,SMA/SMA,sma_250,sma_20,3.5,False,-0.05525907245342482,0.19555302537749422,True,-0.25081209783091907
v5_30m__entry_sma_250__exit_sma_200__entry_hours_3p5__exit_hours_3p5,sma_250__sma_200,SMA/SMA,sma_250,sma_200,3.5,False,0.2684008548543075,0.22047916199355763,True,0.04792169286074985
v5_30m__entry_sma_250__exit_sma_250__entry_hours_3p5__exit_hours_3p5,sma_250__sma_250,SMA/SMA,sma_250,sma_250,3.5,False,0.2855809114594273,0.2589968372330883,True,0.026584074226339016
v5_30m__entry_sma_250__exit_sma_50__entry_hours_3p5__exit_hours_3p5,sma_250__sma_50,SMA/SMA,sma_250,sma_50,3.5,False,0.195550975060852,0.2205492402935725,True,-0.0249982652327205
v5_30m__entry_sma_50__exit_ema_10__entry_hours_3p5__exit_hours_3p5,sma_50__ema_10,SMA/EMA,sma_50,ema_10,3.5,False,-0.08374985731411229,-0.09397694554443742,True,0.01022708823032513
v5_30m__entry_sma_50__exit_ema_100__entry_hours_3p5__exit_hours_3p5,sma_50__ema_100,SMA/EMA,sma_50,ema_100,3.5,False,0.26223728950234915,0.25498967813224716,True,0.007247611370101992
v5_30m__entry_sma_50__exit_ema_20__entry_hours_3p5__exit_hours_3p5,sma_50__ema_20,SMA/EMA,sma_50,ema_20,3.5,False,0.06395036633951458,0.13134201196214132,True,-0.06739164562262674
v5_30m__entry_sma_50__exit_ema_200__entry_hours_3p5__exit_hours_3p5,sma_50__ema_200,SMA/EMA,sma_50,ema_200,3.5,False,0.2969318270080674,0.16357988588130185,True,0.13335194112676557
v5_30m__entry_sma_50__exit_ema_250__entry_hours_3p5__exit_hours_3p5,sma_50__ema_250,SMA/EMA,sma_50,ema_250,3.5,True,0.36533627131776764,0.25602463092826233,True,0.1093116403895053
v5_30m__entry_sma_50__exit_ema_50__entry_hours_3p5__exit_hours_3p5,sma_50__ema_50,SMA/EMA,sma_50,ema_50,3.5,False,0.16885485017576402,0.1935354993885933,True,-0.02468064921282928
v5_30m__entry_sma_50__exit_macd_12_26_9__entry_hours_3p5__exit_hours_3p5,sma_50__macd_12_26_9,SMA/MACD,sma_50,macd_12_26_9,3.5,False,-0.0008636309357698661,0.044237324137862195,True,-0.045100955073632064
v5_30m__entry_sma_50__exit_macd_24_52_18__entry_hours_3p5__exit_hours_3p5,sma_50__macd_24_52_18,SMA/MACD,sma_50,macd_24_52_18,3.5,False,0.008168507785767855,-0.03496320165371667,True,0.04313170943948452
v5_30m__entry_sma_50__exit_macd_48_104_36__entry_hours_3p5__exit_hours_3p5,sma_50__macd_48_104_36,SMA/MACD,sma_50,macd_48_104_36,3.5,False,-0.005177340668905518,0.03375991179044204,True,-0.03893725245934756
v5_30m__entry_sma_50__exit_macd_6_13_5__entry_hours_3p5__exit_hours_3p5,sma_50__macd_6_13_5,SMA/MACD,sma_50,macd_6_13_5,3.5,False,-0.16502538831659236,-0.3140234134050947,True,0.14899802508850235
v5_30m__entry_sma_50__exit_macd_96_208_72__entry_hours_3p5__exit_hours_3p5,sma_50__macd_96_208_72,SMA/MACD,sma_50,macd_96_208_72,3.5,False,0.11596112761530614,0.1456139689034943,True,-0.029652841288188153
v5_30m__entry_sma_50__exit_sma_10__entry_hours_3p5__exit_hours_3p5,sma_50__sma_10,SMA/SMA,sma_50,sma_10,3.5,False,-0.11669374195768066,-0.22944804227899032,True,0.11275430032130966
v5_30m__entry_sma_50__exit_sma_100__entry_hours_3p5__exit_hours_3p5,sma_50__sma_100,SMA/SMA,sma_50,sma_100,3.5,False,0.17552835446643805,0.1616540292987374,True,0.013874325167700652
v5_30m__entry_sma_50__exit_sma_20__entry_hours_3p5__exit_hours_3p5,sma_50__sma_20,SMA/SMA,sma_50,sma_20,3.5,False,0.03635453605828201,0.2593123638451282,True,-0.22295782778684617
v5_30m__entry_sma_50__exit_sma_200__entry_hours_3p5__exit_hours_3p5,sma_50__sma_200,SMA/SMA,sma_50,sma_200,3.5,False,0.17627130669516353,0.11800408284870101,True,0.05826722384646252
v5_30m__entry_sma_50__exit_sma_250__entry_hours_3p5__exit_hours_3p5,sma_50__sma_250,SMA/SMA,sma_50,sma_250,3.5,False,0.300579855854308,0.2759518636817017,True,0.024627992172606306
v5_30m__entry_sma_50__exit_sma_50__entry_hours_3p5__exit_hours_3p5,sma_50__sma_50,SMA/SMA,sma_50,sma_50,3.5,True,0.2884552372997385,0.1652563699705109,True,0.12319886732922758
v5_30m__entry_ema_100__exit_ema_10__entry_hours_4__exit_hours_4,ema_100__ema_10,EMA/EMA,ema_100,ema_10,4.0,False,-0.17909155640147267,-0.0006079830197040435,True,-0.17848357338176862
v5_30m__entry_ema_100__exit_ema_100__entry_hours_4__exit_hours_4,ema_100__ema_100,EMA/EMA,ema_100,ema_100,4.0,False,0.3059791215607155,0.26002747535994064,True,0.045951646200774854
v5_30m__entry_ema_100__exit_ema_20__entry_hours_4__exit_hours_4,ema_100__ema_20,EMA/EMA,ema_100,ema_20,4.0,False,0.04019376579362652,0.24731206597189026,True,-0.20711830017826374
v5_30m__entry_ema_100__exit_ema_200__entry_hours_4__exit_hours_4,ema_100__ema_200,EMA/EMA,ema_100,ema_200,4.0,False,0.19497613329822433,0.15038308416861185,True,0.04459304912961248
v5_30m__entry_ema_100__exit_ema_250__entry_hours_4__exit_hours_4,ema_100__ema_250,EMA/EMA,ema_100,ema_250,4.0,False,0.2871974227520375,0.2048396593405551,True,0.08235776341148243
v5_30m__entry_ema_100__exit_ema_50__entry_hours_4__exit_hours_4,ema_100__ema_50,EMA/EMA,ema_100,ema_50,4.0,False,0.23837554250526127,0.3283270971041166,True,-0.08995155459885534
v5_30m__entry_ema_100__exit_macd_12_26_9__entry_hours_4__exit_hours_4,ema_100__macd_12_26_9,EMA/MACD,ema_100,macd_12_26_9,4.0,False,-0.04052365255408127,0.1110696443983843,True,-0.15159329695246557
v5_30m__entry_ema_100__exit_macd_24_52_18__entry_hours_4__exit_hours_4,ema_100__macd_24_52_18,EMA/MACD,ema_100,macd_24_52_18,4.0,False,0.03082666314578116,0.12828172443477173,True,-0.09745506128899058
v5_30m__entry_ema_100__exit_macd_48_104_36__entry_hours_4__exit_hours_4,ema_100__macd_48_104_36,EMA/MACD,ema_100,macd_48_104_36,4.0,False,0.19832291842330307,0.2839908383932107,True,-0.08566791996990764
v5_30m__entry_ema_100__exit_macd_6_13_5__entry_hours_4__exit_hours_4,ema_100__macd_6_13_5,EMA/MACD,ema_100,macd_6_13_5,4.0,False,-0.04457742668634955,-0.27656485502109796,True,0.2319874283347484
v5_30m__entry_ema_100__exit_macd_96_208_72__entry_hours_4__exit_hours_4,ema_100__macd_96_208_72,EMA/MACD,ema_100,macd_96_208_72,4.0,False,0.3093119128226793,0.35977786496833447,True,-0.05046595214565519
v5_30m__entry_ema_100__exit_sma_10__entry_hours_4__exit_hours_4,ema_100__sma_10,EMA/SMA,ema_100,sma_10,4.0,False,-0.08100262738154661,-0.13929407390727558,True,0.05829144652572897
v5_30m__entry_ema_100__exit_sma_100__entry_hours_4__exit_hours_4,ema_100__sma_100,EMA/SMA,ema_100,sma_100,4.0,False,0.2344520053918217,0.22312607301458304,True,0.011325932377238668
v5_30m__entry_ema_100__exit_sma_20__entry_hours_4__exit_hours_4,ema_100__sma_20,EMA/SMA,ema_100,sma_20,4.0,False,-0.07577055379074157,0.26574609221734224,True,-0.34151664600808385
v5_30m__entry_ema_100__exit_sma_200__entry_hours_4__exit_hours_4,ema_100__sma_200,EMA/SMA,ema_100,sma_200,4.0,False,0.1620535646721133,0.15294067917570942,True,0.009112885496403877
v5_30m__entry_ema_100__exit_sma_250__entry_hours_4__exit_hours_4,ema_100__sma_250,EMA/SMA,ema_100,sma_250,4.0,False,0.25564973125838947,0.2681067214191236,True,-0.01245699016073415
v5_30m__entry_ema_100__exit_sma_50__entry_hours_4__exit_hours_4,ema_100__sma_50,EMA/SMA,ema_100,sma_50,4.0,True,0.28618027287562536,0.3543849174179127,True,-0.06820464454228736
v5_30m__entry_ema_10__exit_ema_10__entry_hours_4__exit_hours_4,ema_10__ema_10,EMA/EMA,ema_10,ema_10,4.0,False,-0.1774954626077626,0.04238228775696942,True,-0.21987775036473203
v5_30m__entry_ema_10__exit_ema_100__entry_hours_4__exit_hours_4,ema_10__ema_100,EMA/EMA,ema_10,ema_100,4.0,True,0.32606016054547515,0.28292642504301196,True,0.04313373550246319
v5_30m__entry_ema_10__exit_ema_20__entry_hours_4__exit_hours_4,ema_10__ema_20,EMA/EMA,ema_10,ema_20,4.0,False,0.11064645492169482,0.4074960362135531,True,-0.2968495812918583
v5_30m__entry_ema_10__exit_ema_200__entry_hours_4__exit_hours_4,ema_10__ema_200,EMA/EMA,ema_10,ema_200,4.0,False,0.25543637493047966,0.24679641125008211,True,0.008639963680397544
v5_30m__entry_ema_10__exit_ema_250__entry_hours_4__exit_hours_4,ema_10__ema_250,EMA/EMA,ema_10,ema_250,4.0,False,0.33738919419042285,0.2535970817655029,True,0.08379211242491996
v5_30m__entry_ema_10__exit_ema_50__entry_hours_4__exit_hours_4,ema_10__ema_50,EMA/EMA,ema_10,ema_50,4.0,False,0.09098037425937514,0.29332963587277333,True,-0.2023492616133982
v5_30m__entry_ema_10__exit_macd_12_26_9__entry_hours_4__exit_hours_4,ema_10__macd_12_26_9,EMA/MACD,ema_10,macd_12_26_9,4.0,False,-0.07558496654080335,0.04448900367367532,True,-0.12007397021447867
v5_30m__entry_ema_10__exit_macd_24_52_18__entry_hours_4__exit_hours_4,ema_10__macd_24_52_18,EMA/MACD,ema_10,macd_24_52_18,4.0,False,-0.030767167754583498,-0.09447657861976214,True,0.06370941086517865
v5_30m__entry_ema_10__exit_macd_48_104_36__entry_hours_4__exit_hours_4,ema_10__macd_48_104_36,EMA/MACD,ema_10,macd_48_104_36,4.0,False,-0.0009307973924632776,0.06041333402917477,True,-0.06134413142163805
v5_30m__entry_ema_10__exit_macd_6_13_5__entry_hours_4__exit_hours_4,ema_10__macd_6_13_5,EMA/MACD,ema_10,macd_6_13_5,4.0,False,-0.3323380055629574,-0.337329343855825,True,0.004991338292867631
v5_30m__entry_ema_10__exit_macd_96_208_72__entry_hours_4__exit_hours_4,ema_10__macd_96_208_72,EMA/MACD,ema_10,macd_96_208_72,4.0,False,0.14270351135136342,0.1701393409829781,True,-0.027435829631614672
v5_30m__entry_ema_10__exit_sma_10__entry_hours_4__exit_hours_4,ema_10__sma_10,EMA/SMA,ema_10,sma_10,4.0,False,-0.13665782993620498,-0.02027189997570593,True,-0.11638592996049905
v5_30m__entry_ema_10__exit_sma_100__entry_hours_4__exit_hours_4,ema_10__sma_100,EMA/SMA,ema_10,sma_100,4.0,False,0.1799632126252082,0.21723681396672326,True,-0.037273601341515056
v5_30m__entry_ema_10__exit_sma_20__entry_hours_4__exit_hours_4,ema_10__sma_20,EMA/SMA,ema_10,sma_20,4.0,True,-0.0006529100956122701,0.42097776631184786,True,-0.4216306764074601
v5_30m__entry_ema_10__exit_sma_200__entry_hours_4__exit_hours_4,ema_10__sma_200,EMA/SMA,ema_10,sma_200,4.0,False,0.11924422592499029,0.19696945041182182,True,-0.07772522448683153
v5_30m__entry_ema_10__exit_sma_250__entry_hours_4__exit_hours_4,ema_10__sma_250,EMA/SMA,ema_10,sma_250,4.0,False,0.2723072447451405,0.3076816409695035,True,-0.035374396224363
v5_30m__entry_ema_10__exit_sma_50__entry_hours_4__exit_hours_4,ema_10__sma_50,EMA/SMA,ema_10,sma_50,4.0,True,0.30894041319878807,0.33207476598594116,True,-0.02313435278715309
v5_30m__entry_ema_200__exit_ema_10__entry_hours_4__exit_hours_4,ema_200__ema_10,EMA/EMA,ema_200,ema_10,4.0,False,-0.15267832096610437,0.09988745464702359,True,-0.252565775613128
v5_30m__entry_ema_200__exit_ema_100__entry_hours_4__exit_hours_4,ema_200__ema_100,EMA/EMA,ema_200,ema_100,4.0,True,0.4049649133084234,0.2473743971928503,True,0.1575905161155731
v5_30m__entry_ema_200__exit_ema_20__entry_hours_4__exit_hours_4,ema_200__ema_20,EMA/EMA,ema_200,ema_20,4.0,False,0.03337909475957306,0.1589425052753569,True,-0.12556341051578382
v5_30m__entry_ema_200__exit_ema_200__entry_hours_4__exit_hours_4,ema_200__ema_200,EMA/EMA,ema_200,ema_200,4.0,False,0.2694263126185975,0.1825266450478972,True,0.0868996675707003
v5_30m__entry_ema_200__exit_ema_250__entry_hours_4__exit_hours_4,ema_200__ema_250,EMA/EMA,ema_200,ema_250,4.0,False,0.2991485079945411,0.2549479211262679,True,0.04420058686827322
v5_30m__entry_ema_200__exit_ema_50__entry_hours_4__exit_hours_4,ema_200__ema_50,EMA/EMA,ema_200,ema_50,4.0,False,0.23718628375346265,0.190591816351735,True,0.04659446740172765
v5_30m__entry_ema_200__exit_macd_12_26_9__entry_hours_4__exit_hours_4,ema_200__macd_12_26_9,EMA/MACD,ema_200,macd_12_26_9,4.0,False,0.19258357022644945,0.2726890572681901,True,-0.08010548704174064
v5_30m__entry_ema_200__exit_macd_24_52_18__entry_hours_4__exit_hours_4,ema_200__macd_24_52_18,EMA/MACD,ema_200,macd_24_52_18,4.0,False,-0.013022797237528524,0.0022133693682327886,True,-0.015236166605761312
v5_30m__entry_ema_200__exit_macd_48_104_36__entry_hours_4__exit_hours_4,ema_200__macd_48_104_36,EMA/MACD,ema_200,macd_48_104_36,4.0,False,0.23662282353383124,0.15829215559599513,True,0.07833066793783611
v5_30m__entry_ema_200__exit_macd_6_13_5__entry_hours_4__exit_hours_4,ema_200__macd_6_13_5,EMA/MACD,ema_200,macd_6_13_5,4.0,True,0.23491723100305864,0.01374523804187511,True,0.22117199296118353
v5_30m__entry_ema_200__exit_macd_96_208_72__entry_hours_4__exit_hours_4,ema_200__macd_96_208_72,EMA/MACD,ema_200,macd_96_208_72,4.0,True,0.5153255567924492,0.4521443181480897,True,0.06318123864435948
v5_30m__entry_ema_200__exit_sma_10__entry_hours_4__exit_hours_4,ema_200__sma_10,EMA/SMA,ema_200,sma_10,4.0,False,-0.04311863731377703,0.043594792551802146,True,-0.08671342986557917
v5_30m__entry_ema_200__exit_sma_100__entry_hours_4__exit_hours_4,ema_200__sma_100,EMA/SMA,ema_200,sma_100,4.0,False,0.20197101157466604,0.10943336572303634,True,0.0925376458516297
v5_30m__entry_ema_200__exit_sma_20__entry_hours_4__exit_hours_4,ema_200__sma_20,EMA/SMA,ema_200,sma_20,4.0,False,-0.10329483696705308,0.1978819181163215,True,-0.3011767550833746
v5_30m__entry_ema_200__exit_sma_200__entry_hours_4__exit_hours_4,ema_200__sma_200,EMA/SMA,ema_200,sma_200,4.0,False,0.2935271785162625,0.16939549064342743,True,0.12413168787283504
v5_30m__entry_ema_200__exit_sma_250__entry_hours_4__exit_hours_4,ema_200__sma_250,EMA/SMA,ema_200,sma_250,4.0,False,0.23696304062549195,0.295301844313221,True,-0.058338803687729035
v5_30m__entry_ema_200__exit_sma_50__entry_hours_4__exit_hours_4,ema_200__sma_50,EMA/SMA,ema_200,sma_50,4.0,True,0.27410829292546846,0.19608868657989567,True,0.07801960634557278
v5_30m__entry_ema_20__exit_ema_10__entry_hours_4__exit_hours_4,ema_20__ema_10,EMA/EMA,ema_20,ema_10,4.0,False,-0.029824215147397762,0.11333849185533337,True,-0.14316270700273115
v5_30m__entry_ema_20__exit_ema_100__entry_hours_4__exit_hours_4,ema_20__ema_100,EMA/EMA,ema_20,ema_100,4.0,True,0.3600524221766068,0.3084589117540858,True,0.05159351042252103
v5_30m__entry_ema_20__exit_ema_20__entry_hours_4__exit_hours_4,ema_20__ema_20,EMA/EMA,ema_20,ema_20,4.0,False,0.13592746316472867,0.33516626164033736,True,-0.19923879847560869
v5_30m__entry_ema_20__exit_ema_200__entry_hours_4__exit_hours_4,ema_20__ema_200,EMA/EMA,ema_20,ema_200,4.0,False,0.2497410547548014,0.19302553893031535,True,0.05671551582448606
v5_30m__entry_ema_20__exit_ema_250__entry_hours_4__exit_hours_4,ema_20__ema_250,EMA/EMA,ema_20,ema_250,4.0,False,0.3410016522827274,0.2693014992255929,True,0.07170015305713451
v5_30m__entry_ema_20__exit_ema_50__entry_hours_4__exit_hours_4,ema_20__ema_50,EMA/EMA,ema_20,ema_50,4.0,False,0.0922049637293795,0.2528875695267343,True,-0.1606826057973548
v5_30m__entry_ema_20__exit_macd_12_26_9__entry_hours_4__exit_hours_4,ema_20__macd_12_26_9,EMA/MACD,ema_20,macd_12_26_9,4.0,False,0.053612082341043664,0.032109806858264145,True,0.02150227548277952
v5_30m__entry_ema_20__exit_macd_24_52_18__entry_hours_4__exit_hours_4,ema_20__macd_24_52_18,EMA/MACD,ema_20,macd_24_52_18,4.0,False,0.0006300502317441242,-0.0326899165458147,True,0.03331996677755882
v5_30m__entry_ema_20__exit_macd_48_104_36__entry_hours_4__exit_hours_4,ema_20__macd_48_104_36,EMA/MACD,ema_20,macd_48_104_36,4.0,False,-0.01621759270936771,0.06537010652989599,True,-0.08158769923926369
v5_30m__entry_ema_20__exit_macd_6_13_5__entry_hours_4__exit_hours_4,ema_20__macd_6_13_5,EMA/MACD,ema_20,macd_6_13_5,4.0,False,-0.019865780931763305,-0.11252877930989884,True,0.09266299837813553
v5_30m__entry_ema_20__exit_macd_96_208_72__entry_hours_4__exit_hours_4,ema_20__macd_96_208_72,EMA/MACD,ema_20,macd_96_208_72,4.0,False,0.1258820372275627,0.16489882865510538,True,-0.03901679142754269
v5_30m__entry_ema_20__exit_sma_10__entry_hours_4__exit_hours_4,ema_20__sma_10,EMA/SMA,ema_20,sma_10,4.0,False,0.056948850943689525,0.006178142283133949,True,0.05077070866055557
v5_30m__entry_ema_20__exit_sma_100__entry_hours_4__exit_hours_4,ema_20__sma_100,EMA/SMA,ema_20,sma_100,4.0,False,0.2049675876853289,0.23831683043913535,True,-0.033349242753806435
v5_30m__entry_ema_20__exit_sma_20__entry_hours_4__exit_hours_4,ema_20__sma_20,EMA/SMA,ema_20,sma_20,4.0,False,0.054597719282512065,0.4204221554160418,True,-0.3658244361335297
v5_30m__entry_ema_20__exit_sma_200__entry_hours_4__exit_hours_4,ema_20__sma_200,EMA/SMA,ema_20,sma_200,4.0,False,0.14966388808162331,0.15903135902657678,True,-0.009367470944953465
v5_30m__entry_ema_20__exit_sma_250__entry_hours_4__exit_hours_4,ema_20__sma_250,EMA/SMA,ema_20,sma_250,4.0,False,0.24895071852773662,0.27327386820124583,True,-0.02432314967350921
v5_30m__entry_ema_20__exit_sma_50__entry_hours_4__exit_hours_4,ema_20__sma_50,EMA/SMA,ema_20,sma_50,4.0,False,0.2899349009632286,0.2929388762492825,True,-0.003003975286053895
v5_30m__entry_ema_250__exit_ema_10__entry_hours_4__exit_hours_4,ema_250__ema_10,EMA/EMA,ema_250,ema_10,4.0,False,-0.04534214585704523,0.13538534402234675,True,-0.18072748987939197
v5_30m__entry_ema_250__exit_ema_100__entry_hours_4__exit_hours_4,ema_250__ema_100,EMA/EMA,ema_250,ema_100,4.0,True,0.3387983047632591,0.3545106767997482,True,-0.015712372036489064
v5_30m__entry_ema_250__exit_ema_20__entry_hours_4__exit_hours_4,ema_250__ema_20,EMA/EMA,ema_250,ema_20,4.0,False,0.17149957691697992,0.24198167384301483,True,-0.07048209692603491
v5_30m__entry_ema_250__exit_ema_200__entry_hours_4__exit_hours_4,ema_250__ema_200,EMA/EMA,ema_250,ema_200,4.0,False,0.2767067208702194,0.24453467116009633,True,0.03217204971012308
v5_30m__entry_ema_250__exit_ema_250__entry_hours_4__exit_hours_4,ema_250__ema_250,EMA/EMA,ema_250,ema_250,4.0,False,0.3525027040450795,0.2418391106175752,True,0.11066359342750429
v5_30m__entry_ema_250__exit_ema_50__entry_hours_4__exit_hours_4,ema_250__ema_50,EMA/EMA,ema_250,ema_50,4.0,False,0.19367275033806708,0.3019856816831141,True,-0.10831293134504705
v5_30m__entry_ema_250__exit_macd_12_26_9__entry_hours_4__exit_hours_4,ema_250__macd_12_26_9,EMA/MACD,ema_250,macd_12_26_9,4.0,True,0.2838936957750469,0.3004419828161448,True,-0.016548287041097898
v5_30m__entry_ema_250__exit_macd_24_52_18__entry_hours_4__exit_hours_4,ema_250__macd_24_52_18,EMA/MACD,ema_250,macd_24_52_18,4.0,False,0.04171145595594686,0.06633157662185257,True,-0.024620120665905715
v5_30m__entry_ema_250__exit_macd_48_104_36__entry_hours_4__exit_hours_4,ema_250__macd_48_104_36,EMA/MACD,ema_250,macd_48_104_36,4.0,False,0.1497078559683197,0.23223936978870546,True,-0.08253151382038576
v5_30m__entry_ema_250__exit_macd_6_13_5__entry_hours_4__exit_hours_4,ema_250__macd_6_13_5,EMA/MACD,ema_250,macd_6_13_5,4.0,True,0.2984829205780632,0.004320951533029749,True,0.29416196904503344
v5_30m__entry_ema_250__exit_macd_96_208_72__entry_hours_4__exit_hours_4,ema_250__macd_96_208_72,EMA/MACD,ema_250,macd_96_208_72,4.0,True,0.4486313336192174,0.48169134509777994,True,-0.03306001147856252
v5_30m__entry_ema_250__exit_sma_10__entry_hours_4__exit_hours_4,ema_250__sma_10,EMA/SMA,ema_250,sma_10,4.0,False,0.04370531211088863,0.08741208481457227,True,-0.043706772703683644
v5_30m__entry_ema_250__exit_sma_100__entry_hours_4__exit_hours_4,ema_250__sma_100,EMA/SMA,ema_250,sma_100,4.0,False,0.20700359627532797,0.23863835869141053,True,-0.03163476241608257
v5_30m__entry_ema_250__exit_sma_20__entry_hours_4__exit_hours_4,ema_250__sma_20,EMA/SMA,ema_250,sma_20,4.0,False,0.021116966455309596,0.292018940434404,True,-0.27090197397909443
v5_30m__entry_ema_250__exit_sma_200__entry_hours_4__exit_hours_4,ema_250__sma_200,EMA/SMA,ema_250,sma_200,4.0,False,0.24717663082147756,0.1399485000732323,True,0.10722813074824525
v5_30m__entry_ema_250__exit_sma_250__entry_hours_4__exit_hours_4,ema_250__sma_250,EMA/SMA,ema_250,sma_250,4.0,False,0.29331226258748144,0.27306904073857,True,0.02024322184891142
v5_30m__entry_ema_250__exit_sma_50__entry_hours_4__exit_hours_4,ema_250__sma_50,EMA/SMA,ema_250,sma_50,4.0,True,0.257176883295361,0.24563342266915664,True,0.011543460626204344
v5_30m__entry_ema_50__exit_ema_10__entry_hours_4__exit_hours_4,ema_50__ema_10,EMA/EMA,ema_50,ema_10,4.0,False,-0.2931749541725852,-0.11883383465858063,True,-0.17434111951400458
v5_30m__entry_ema_50__exit_ema_100__entry_hours_4__exit_hours_4,ema_50__ema_100,EMA/EMA,ema_50,ema_100,4.0,True,0.2808644877429701,0.31280924482724637,True,-0.03194475708427624
v5_30m__entry_ema_50__exit_ema_20__entry_hours_4__exit_hours_4,ema_50__ema_20,EMA/EMA,ema_50,ema_20,4.0,False,-0.06643470538309298,0.13835396155375768,True,-0.20478866693685066
v5_30m__entry_ema_50__exit_ema_200__entry_hours_4__exit_hours_4,ema_50__ema_200,EMA/EMA,ema_50,ema_200,4.0,False,0.20415682519188355,0.17224309443874863,True,0.03191373075313492
v5_30m__entry_ema_50__exit_ema_250__entry_hours_4__exit_hours_4,ema_50__ema_250,EMA/EMA,ema_50,ema_250,4.0,False,0.3176503797241074,0.2434381516390642,True,0.07421222808504321
v5_30m__entry_ema_50__exit_ema_50__entry_hours_4__exit_hours_4,ema_50__ema_50,EMA/EMA,ema_50,ema_50,4.0,False,0.10902635238737067,0.19138391838000113,True,-0.08235756599263046
v5_30m__entry_ema_50__exit_macd_12_26_9__entry_hours_4__exit_hours_4,ema_50__macd_12_26_9,EMA/MACD,ema_50,macd_12_26_9,4.0,False,-0.2026734315248317,0.037349799948385165,True,-0.24002323147321686
v5_30m__entry_ema_50__exit_macd_24_52_18__entry_hours_4__exit_hours_4,ema_50__macd_24_52_18,EMA/MACD,ema_50,macd_24_52_18,4.0,False,-0.11759864155521245,-0.0733129922661896,True,-0.044285649289022844
v5_30m__entry_ema_50__exit_macd_48_104_36__entry_hours_4__exit_hours_4,ema_50__macd_48_104_36,EMA/MACD,ema_50,macd_48_104_36,4.0,False,-0.07089071394530529,0.0026057337369784633,True,-0.07349644768228375
v5_30m__entry_ema_50__exit_macd_6_13_5__entry_hours_4__exit_hours_4,ema_50__macd_6_13_5,EMA/MACD,ema_50,macd_6_13_5,4.0,False,-0.35588777333722105,-0.23606243051252473,True,-0.11982534282469631
v5_30m__entry_ema_50__exit_macd_96_208_72__entry_hours_4__exit_hours_4,ema_50__macd_96_208_72,EMA/MACD,ema_50,macd_96_208_72,4.0,False,0.11665053615872145,0.1477677931427919,True,-0.031117256984070446
v5_30m__entry_ema_50__exit_sma_10__entry_hours_4__exit_hours_4,ema_50__sma_10,EMA/SMA,ema_50,sma_10,4.0,False,-0.21315586350991042,-0.1589736820920096,True,-0.05418218141790082
v5_30m__entry_ema_50__exit_sma_100__entry_hours_4__exit_hours_4,ema_50__sma_100,EMA/SMA,ema_50,sma_100,4.0,False,0.16750811552559208,0.21708323404220775,True,-0.04957511851661567
v5_30m__entry_ema_50__exit_sma_20__entry_hours_4__exit_hours_4,ema_50__sma_20,EMA/SMA,ema_50,sma_20,4.0,False,-0.17617718628895424,0.25506146671504637,True,-0.4312386530040006
v5_30m__entry_ema_50__exit_sma_200__entry_hours_4__exit_hours_4,ema_50__sma_200,EMA/SMA,ema_50,sma_200,4.0,False,0.1572117363399598,0.17638623451869018,True,-0.019174498178730376
v5_30m__entry_ema_50__exit_sma_250__entry_hours_4__exit_hours_4,ema_50__sma_250,EMA/SMA,ema_50,sma_250,4.0,False,0.2405285735097818,0.275892013050645,True,-0.035363439540863184
v5_30m__entry_ema_50__exit_sma_50__entry_hours_4__exit_hours_4,ema_50__sma_50,EMA/SMA,ema_50,sma_50,4.0,False,0.18348475538820644,0.21178143894773113,True,-0.028296683559524693
v5_30m__entry_macd_12_26_9__exit_ema_10__entry_hours_4__exit_hours_4,macd_12_26_9__ema_10,MACD/EMA,macd_12_26_9,ema_10,4.0,False,-0.015788885008776087,0.09667237840179971,True,-0.1124612634105758
v5_30m__entry_macd_12_26_9__exit_ema_100__entry_hours_4__exit_hours_4,macd_12_26_9__ema_100,MACD/EMA,macd_12_26_9,ema_100,4.0,True,0.3314789598117529,0.2519950113135395,True,0.07948394849821339
v5_30m__entry_macd_12_26_9__exit_ema_20__entry_hours_4__exit_hours_4,macd_12_26_9__ema_20,MACD/EMA,macd_12_26_9,ema_20,4.0,False,0.15397165990627198,0.3493518170015414,True,-0.1953801570952694
v5_30m__entry_macd_12_26_9__exit_ema_200__entry_hours_4__exit_hours_4,macd_12_26_9__ema_200,MACD/EMA,macd_12_26_9,ema_200,4.0,False,0.2536203494998307,0.23079648399291705,True,0.02282386550691365
v5_30m__entry_macd_12_26_9__exit_ema_250__entry_hours_4__exit_hours_4,macd_12_26_9__ema_250,MACD/EMA,macd_12_26_9,ema_250,4.0,False,0.30254503159771035,0.1838063064624598,True,0.11873872513525055
v5_30m__entry_macd_12_26_9__exit_ema_50__entry_hours_4__exit_hours_4,macd_12_26_9__ema_50,MACD/EMA,macd_12_26_9,ema_50,4.0,False,0.08117957405042961,0.19839467366397762,True,-0.11721509961354801
v5_30m__entry_macd_12_26_9__exit_macd_12_26_9__entry_hours_4__exit_hours_4,macd_12_26_9__macd_12_26_9,MACD/MACD,macd_12_26_9,macd_12_26_9,4.0,False,-0.09202573599383258,-0.05015681922882513,True,-0.04186891676500745
v5_30m__entry_macd_12_26_9__exit_macd_24_52_18__entry_hours_4__exit_hours_4,macd_12_26_9__macd_24_52_18,MACD/MACD,macd_12_26_9,macd_24_52_18,4.0,False,-0.06474801256886616,-0.09729091902528748,True,0.03254290645642133
v5_30m__entry_macd_12_26_9__exit_macd_48_104_36__entry_hours_4__exit_hours_4,macd_12_26_9__macd_48_104_36,MACD/MACD,macd_12_26_9,macd_48_104_36,4.0,False,0.002439288071858341,0.0645230696217943,True,-0.062083781549935955
v5_30m__entry_macd_12_26_9__exit_macd_6_13_5__entry_hours_4__exit_hours_4,macd_12_26_9__macd_6_13_5,MACD/MACD,macd_12_26_9,macd_6_13_5,4.0,False,-0.0032821457697939037,-0.03804642279195789,True,0.03476427702216399
v5_30m__entry_macd_12_26_9__exit_macd_96_208_72__entry_hours_4__exit_hours_4,macd_12_26_9__macd_96_208_72,MACD/MACD,macd_12_26_9,macd_96_208_72,4.0,True,0.12763376314864328,0.18932454793521306,True,-0.06169078478656978
v5_30m__entry_macd_12_26_9__exit_sma_10__entry_hours_4__exit_hours_4,macd_12_26_9__sma_10,MACD/SMA,macd_12_26_9,sma_10,4.0,False,-0.036831703911475125,0.014384966182920485,True,-0.05121667009439561
v5_30m__entry_macd_12_26_9__exit_sma_100__entry_hours_4__exit_hours_4,macd_12_26_9__sma_100,MACD/SMA,macd_12_26_9,sma_100,4.0,False,0.227344939097477,0.18305796985185535,True,0.044286969245621643
v5_30m__entry_macd_12_26_9__exit_sma_20__entry_hours_4__exit_hours_4,macd_12_26_9__sma_20,MACD/SMA,macd_12_26_9,sma_20,4.0,False,0.030406820254799304,0.2757097708180151,True,-0.24530295056321583
v5_30m__entry_macd_12_26_9__exit_sma_200__entry_hours_4__exit_hours_4,macd_12_26_9__sma_200,MACD/SMA,macd_12_26_9,sma_200,4.0,False,0.1467662208746846,0.1593953508049668,True,-0.012629129930282201
v5_30m__entry_macd_12_26_9__exit_sma_250__entry_hours_4__exit_hours_4,macd_12_26_9__sma_250,MACD/SMA,macd_12_26_9,sma_250,4.0,False,0.27154356714147393,0.23313442889803296,True,0.03840913824344097
v5_30m__entry_macd_12_26_9__exit_sma_50__entry_hours_4__exit_hours_4,macd_12_26_9__sma_50,MACD/SMA,macd_12_26_9,sma_50,4.0,True,0.2759455805396041,0.30197418064047843,True,-0.026028600100874322
v5_30m__entry_macd_24_52_18__exit_ema_10__entry_hours_4__exit_hours_4,macd_24_52_18__ema_10,MACD/EMA,macd_24_52_18,ema_10,4.0,False,-0.15550070408386016,-0.17729919477407613,True,0.02179849069021597
v5_30m__entry_macd_24_52_18__exit_ema_100__entry_hours_4__exit_hours_4,macd_24_52_18__ema_100,MACD/EMA,macd_24_52_18,ema_100,4.0,True,0.294684367832334,0.34588549350256825,True,-0.05120112567023427
v5_30m__entry_macd_24_52_18__exit_ema_20__entry_hours_4__exit_hours_4,macd_24_52_18__ema_20,MACD/EMA,macd_24_52_18,ema_20,4.0,False,0.032928957697547896,0.08823242655205842,True,-0.05530346885451052
v5_30m__entry_macd_24_52_18__exit_ema_200__entry_hours_4__exit_hours_4,macd_24_52_18__ema_200,MACD/EMA,macd_24_52_18,ema_200,4.0,False,0.167760930532255,0.038576601851310864,True,0.12918432868094412
v5_30m__entry_macd_24_52_18__exit_ema_250__entry_hours_4__exit_hours_4,macd_24_52_18__ema_250,MACD/EMA,macd_24_52_18,ema_250,4.0,False,0.3100536503476279,0.21813457779921872,True,0.09191907254840917
v5_30m__entry_macd_24_52_18__exit_ema_50__entry_hours_4__exit_hours_4,macd_24_52_18__ema_50,MACD/EMA,macd_24_52_18,ema_50,4.0,False,0.146694533186473,0.19567372070025785,True,-0.048979187513784855
v5_30m__entry_macd_24_52_18__exit_macd_12_26_9__entry_hours_4__exit_hours_4,macd_24_52_18__macd_12_26_9,MACD/MACD,macd_24_52_18,macd_12_26_9,4.0,False,-0.17559126653314583,-0.13901978476403284,True,-0.036571481769112985
v5_30m__entry_macd_24_52_18__exit_macd_24_52_18__entry_hours_4__exit_hours_4,macd_24_52_18__macd_24_52_18,MACD/MACD,macd_24_52_18,macd_24_52_18,4.0,False,-0.1399810202546273,-0.12124680179990625,True,-0.01873421845472105
v5_30m__entry_macd_24_52_18__exit_macd_48_104_36__entry_hours_4__exit_hours_4,macd_24_52_18__macd_48_104_36,MACD/MACD,macd_24_52_18,macd_48_104_36,4.0,False,0.012849424786260562,0.06348267292164896,True,-0.050633248135388394
v5_30m__entry_macd_24_52_18__exit_macd_6_13_5__entry_hours_4__exit_hours_4,macd_24_52_18__macd_6_13_5,MACD/MACD,macd_24_52_18,macd_6_13_5,4.0,False,-0.23995479670775074,-0.22124770582046516,True,-0.018707090887285588
v5_30m__entry_macd_24_52_18__exit_macd_96_208_72__entry_hours_4__exit_hours_4,macd_24_52_18__macd_96_208_72,MACD/MACD,macd_24_52_18,macd_96_208_72,4.0,False,0.1258820372275627,0.16489882865510538,True,-0.03901679142754269
v5_30m__entry_macd_24_52_18__exit_sma_10__entry_hours_4__exit_hours_4,macd_24_52_18__sma_10,MACD/SMA,macd_24_52_18,sma_10,4.0,False,-0.09884698109216793,-0.2527660457993101,True,0.15391906470714217
v5_30m__entry_macd_24_52_18__exit_sma_100__entry_hours_4__exit_hours_4,macd_24_52_18__sma_100,MACD/SMA,macd_24_52_18,sma_100,4.0,False,0.24573685741938467,0.2815835691692267,True,-0.03584671174984205
v5_30m__entry_macd_24_52_18__exit_sma_20__entry_hours_4__exit_hours_4,macd_24_52_18__sma_20,MACD/SMA,macd_24_52_18,sma_20,4.0,False,-0.02576878807762771,0.14407231228142342,True,-0.16984110035905114
v5_30m__entry_macd_24_52_18__exit_sma_200__entry_hours_4__exit_hours_4,macd_24_52_18__sma_200,MACD/SMA,macd_24_52_18,sma_200,4.0,False,0.16210874399102085,0.05373798559744341,True,0.10837075839357743
v5_30m__entry_macd_24_52_18__exit_sma_250__entry_hours_4__exit_hours_4,macd_24_52_18__sma_250,MACD/SMA,macd_24_52_18,sma_250,4.0,True,0.29734307332747206,0.2624020855323676,True,0.03494098779510446
v5_30m__entry_macd_24_52_18__exit_sma_50__entry_hours_4__exit_hours_4,macd_24_52_18__sma_50,MACD/SMA,macd_24_52_18,sma_50,4.0,False,0.24941544095803145,0.1924333058867206,True,0.056982135071310835
v5_30m__entry_macd_48_104_36__exit_ema_10__entry_hours_4__exit_hours_4,macd_48_104_36__ema_10,MACD/EMA,macd_48_104_36,ema_10,4.0,False,-0.14946095632346873,0.03448760042492447,True,-0.1839485567483932
v5_30m__entry_macd_48_104_36__exit_ema_100__entry_hours_4__exit_hours_4,macd_48_104_36__ema_100,MACD/EMA,macd_48_104_36,ema_100,4.0,False,0.2432150651249674,0.2485118872003444,True,-0.005296822075376989
v5_30m__entry_macd_48_104_36__exit_ema_20__entry_hours_4__exit_hours_4,macd_48_104_36__ema_20,MACD/EMA,macd_48_104_36,ema_20,4.0,False,0.012313819703057218,0.1589579519004396,True,-0.14664413219738237
v5_30m__entry_macd_48_104_36__exit_ema_200__entry_hours_4__exit_hours_4,macd_48_104_36__ema_200,MACD/EMA,macd_48_104_36,ema_200,4.0,False,0.16002432721242585,0.12368352574334625,True,0.0363408014690796
v5_30m__entry_macd_48_104_36__exit_ema_250__entry_hours_4__exit_hours_4,macd_48_104_36__ema_250,MACD/EMA,macd_48_104_36,ema_250,4.0,False,0.3066419281431531,0.15084058222576516,True,0.15580134591738795
v5_30m__entry_macd_48_104_36__exit_ema_50__entry_hours_4__exit_hours_4,macd_48_104_36__ema_50,MACD/EMA,macd_48_104_36,ema_50,4.0,False,0.1532453506666384,0.15165428497255848,True,0.001591065694079935
v5_30m__entry_macd_48_104_36__exit_macd_12_26_9__entry_hours_4__exit_hours_4,macd_48_104_36__macd_12_26_9,MACD/MACD,macd_48_104_36,macd_12_26_9,4.0,False,-0.17437273872946313,-0.09492820142784347,True,-0.07944453730161966
v5_30m__entry_macd_48_104_36__exit_macd_24_52_18__entry_hours_4__exit_hours_4,macd_48_104_36__macd_24_52_18,MACD/MACD,macd_48_104_36,macd_24_52_18,4.0,False,-0.11246775662300038,-0.0593564494637505,True,-0.053111307159249874
v5_30m__entry_macd_48_104_36__exit_macd_48_104_36__entry_hours_4__exit_hours_4,macd_48_104_36__macd_48_104_36,MACD/MACD,macd_48_104_36,macd_48_104_36,4.0,False,0.012437750986103745,0.059038478179540874,True,-0.04660072719343713
v5_30m__entry_macd_48_104_36__exit_macd_6_13_5__entry_hours_4__exit_hours_4,macd_48_104_36__macd_6_13_5,MACD/MACD,macd_48_104_36,macd_6_13_5,4.0,False,-0.3477325773156375,-0.24994494313057333,True,-0.09778763418506417
v5_30m__entry_macd_48_104_36__exit_macd_96_208_72__entry_hours_4__exit_hours_4,macd_48_104_36__macd_96_208_72,MACD/MACD,macd_48_104_36,macd_96_208_72,4.0,True,0.12641632272865316,0.1780850318940042,True,-0.051668709165351046
v5_30m__entry_macd_48_104_36__exit_sma_10__entry_hours_4__exit_hours_4,macd_48_104_36__sma_10,MACD/SMA,macd_48_104_36,sma_10,4.0,False,-0.10784609266669526,-0.15298304419964567,True,0.045136951532950415
v5_30m__entry_macd_48_104_36__exit_sma_100__entry_hours_4__exit_hours_4,macd_48_104_36__sma_100,MACD/SMA,macd_48_104_36,sma_100,4.0,False,0.25476230686851564,0.20688133291105346,True,0.047880973957462186
v5_30m__entry_macd_48_104_36__exit_sma_20__entry_hours_4__exit_hours_4,macd_48_104_36__sma_20,MACD/SMA,macd_48_104_36,sma_20,4.0,False,-0.10297783164104937,0.2527713749066454,True,-0.3557492065476948
v5_30m__entry_macd_48_104_36__exit_sma_200__entry_hours_4__exit_hours_4,macd_48_104_36__sma_200,MACD/SMA,macd_48_104_36,sma_200,4.0,False,0.10525891242371724,0.08380688632393145,True,0.02145202609978579
v5_30m__entry_macd_48_104_36__exit_sma_250__entry_hours_4__exit_hours_4,macd_48_104_36__sma_250,MACD/SMA,macd_48_104_36,sma_250,4.0,False,0.24982851662552513,0.2563091465984941,True,-0.006480629972968943
v5_30m__entry_macd_48_104_36__exit_sma_50__entry_hours_4__exit_hours_4,macd_48_104_36__sma_50,MACD/SMA,macd_48_104_36,sma_50,4.0,False,0.269266773604701,0.13424332681152007,True,0.13502344679318096
v5_30m__entry_macd_6_13_5__exit_ema_10__entry_hours_4__exit_hours_4,macd_6_13_5__ema_10,MACD/EMA,macd_6_13_5,ema_10,4.0,False,-0.17781394572461784,-0.09518555692943119,True,-0.08262838879518665
v5_30m__entry_macd_6_13_5__exit_ema_100__entry_hours_4__exit_hours_4,macd_6_13_5__ema_100,MACD/EMA,macd_6_13_5,ema_100,4.0,False,0.31640727340230274,0.20905005498886176,True,0.10735721841344098
v5_30m__entry_macd_6_13_5__exit_ema_20__entry_hours_4__exit_hours_4,macd_6_13_5__ema_20,MACD/EMA,macd_6_13_5,ema_20,4.0,False,0.13658739415456395,0.3932842103998786,True,-0.25669681624531465
v5_30m__entry_macd_6_13_5__exit_ema_200__entry_hours_4__exit_hours_4,macd_6_13_5__ema_200,MACD/EMA,macd_6_13_5,ema_200,4.0,False,0.3106211320667458,0.28673791590516057,True,0.02388321616158523
v5_30m__entry_macd_6_13_5__exit_ema_250__entry_hours_4__exit_hours_4,macd_6_13_5__ema_250,MACD/EMA,macd_6_13_5,ema_250,4.0,True,0.360382299829668,0.2357207832752722,True,0.12466151655439581
v5_30m__entry_macd_6_13_5__exit_ema_50__entry_hours_4__exit_hours_4,macd_6_13_5__ema_50,MACD/EMA,macd_6_13_5,ema_50,4.0,False,0.06642206676911853,0.2916194114240565,True,-0.22519734465493796
v5_30m__entry_macd_6_13_5__exit_macd_12_26_9__entry_hours_4__exit_hours_4,macd_6_13_5__macd_12_26_9,MACD/MACD,macd_6_13_5,macd_12_26_9,4.0,False,-0.06343028847207444,0.02305298574551216,True,-0.0864832742175866
v5_30m__entry_macd_6_13_5__exit_macd_24_52_18__entry_hours_4__exit_hours_4,macd_6_13_5__macd_24_52_18,MACD/MACD,macd_6_13_5,macd_24_52_18,4.0,False,-0.1299162514326711,-0.08478910274393897,True,-0.04512714868873213
v5_30m__entry_macd_6_13_5__exit_macd_48_104_36__entry_hours_4__exit_hours_4,macd_6_13_5__macd_48_104_36,MACD/MACD,macd_6_13_5,macd_48_104_36,4.0,False,0.006880091054673406,0.0808892648389764,True,-0.074009173784303
v5_30m__entry_macd_6_13_5__exit_macd_6_13_5__entry_hours_4__exit_hours_4,macd_6_13_5__macd_6_13_5,MACD/MACD,macd_6_13_5,macd_6_13_5,4.0,False,-0.2736868272434446,-0.19194352131521258,True,-0.08174330592823204
v5_30m__entry_macd_6_13_5__exit_macd_96_208_72__entry_hours_4__exit_hours_4,macd_6_13_5__macd_96_208_72,MACD/MACD,macd_6_13_5,macd_96_208_72,4.0,False,0.09559249047991601,0.16503114378334596,True,-0.06943865330342995
v5_30m__entry_macd_6_13_5__exit_sma_10__entry_hours_4__exit_hours_4,macd_6_13_5__sma_10,MACD/SMA,macd_6_13_5,sma_10,4.0,False,-0.25952859054412697,-0.06135077599801717,True,-0.1981778145461098
v5_30m__entry_macd_6_13_5__exit_sma_100__entry_hours_4__exit_hours_4,macd_6_13_5__sma_100,MACD/SMA,macd_6_13_5,sma_100,4.0,False,0.16969015098784643,0.11466980414669015,True,0.05502034684115628
v5_30m__entry_macd_6_13_5__exit_sma_20__entry_hours_4__exit_hours_4,macd_6_13_5__sma_20,MACD/SMA,macd_6_13_5,sma_20,4.0,False,0.040074965759500224,0.31445977057862495,True,-0.27438480481912475
v5_30m__entry_macd_6_13_5__exit_sma_200__entry_hours_4__exit_hours_4,macd_6_13_5__sma_200,MACD/SMA,macd_6_13_5,sma_200,4.0,False,0.19906892600136453,0.14170203850062213,True,0.0573668875007424
v5_30m__entry_macd_6_13_5__exit_sma_250__entry_hours_4__exit_hours_4,macd_6_13_5__sma_250,MACD/SMA,macd_6_13_5,sma_250,4.0,False,0.2916970309016341,0.2699246235264358,True,0.02177240737519831
v5_30m__entry_macd_6_13_5__exit_sma_50__entry_hours_4__exit_hours_4,macd_6_13_5__sma_50,MACD/SMA,macd_6_13_5,sma_50,4.0,False,0.30193381444736633,0.3373352045939966,True,-0.03540139014663024
v5_30m__entry_macd_96_208_72__exit_ema_10__entry_hours_4__exit_hours_4,macd_96_208_72__ema_10,MACD/EMA,macd_96_208_72,ema_10,4.0,False,-0.18877469544729517,0.15066532983641298,True,-0.33944002528370815
v5_30m__entry_macd_96_208_72__exit_ema_100__entry_hours_4__exit_hours_4,macd_96_208_72__ema_100,MACD/EMA,macd_96_208_72,ema_100,4.0,True,0.3712822232722332,0.24876418537290512,True,0.12251803789932808
v5_30m__entry_macd_96_208_72__exit_ema_20__entry_hours_4__exit_hours_4,macd_96_208_72__ema_20,MACD/EMA,macd_96_208_72,ema_20,4.0,False,0.2006210359433984,0.3006826338687007,True,-0.10006159792530231
v5_30m__entry_macd_96_208_72__exit_ema_200__entry_hours_4__exit_hours_4,macd_96_208_72__ema_200,MACD/EMA,macd_96_208_72,ema_200,4.0,True,0.34868604379336277,0.2486568790396074,True,0.10002916475375537
v5_30m__entry_macd_96_208_72__exit_ema_250__entry_hours_4__exit_hours_4,macd_96_208_72__ema_250,MACD/EMA,macd_96_208_72,ema_250,4.0,False,0.31847631660063186,0.30133914433361414,True,0.01713717226701772
v5_30m__entry_macd_96_208_72__exit_ema_50__entry_hours_4__exit_hours_4,macd_96_208_72__ema_50,MACD/EMA,macd_96_208_72,ema_50,4.0,False,0.37978028714905315,0.2835095290459566,True,0.09627075810309654
v5_30m__entry_macd_96_208_72__exit_macd_12_26_9__entry_hours_4__exit_hours_4,macd_96_208_72__macd_12_26_9,MACD/MACD,macd_96_208_72,macd_12_26_9,4.0,True,0.08281901743285267,0.1278668706026702,True,-0.04504785316981755
v5_30m__entry_macd_96_208_72__exit_macd_24_52_18__entry_hours_4__exit_hours_4,macd_96_208_72__macd_24_52_18,MACD/MACD,macd_96_208_72,macd_24_52_18,4.0,False,0.04138702284574729,0.004733282577231128,True,0.03665374026851616
v5_30m__entry_macd_96_208_72__exit_macd_48_104_36__entry_hours_4__exit_hours_4,macd_96_208_72__macd_48_104_36,MACD/MACD,macd_96_208_72,macd_48_104_36,4.0,True,0.1968530372196463,0.24574763724732063,True,-0.04889460002767432
v5_30m__entry_macd_96_208_72__exit_macd_6_13_5__entry_hours_4__exit_hours_4,macd_96_208_72__macd_6_13_5,MACD/MACD,macd_96_208_72,macd_6_13_5,4.0,False,-0.05822617029172289,-0.009116973083050206,True,-0.049109197208672684
v5_30m__entry_macd_96_208_72__exit_macd_96_208_72__entry_hours_4__exit_hours_4,macd_96_208_72__macd_96_208_72,MACD/MACD,macd_96_208_72,macd_96_208_72,4.0,True,0.1258820372275627,0.1605682318828898,True,-0.0346861946553271
v5_30m__entry_macd_96_208_72__exit_sma_10__entry_hours_4__exit_hours_4,macd_96_208_72__sma_10,MACD/SMA,macd_96_208_72,sma_10,4.0,False,-0.08126085893936097,0.009673866296208254,True,-0.09093472523556922
v5_30m__entry_macd_96_208_72__exit_sma_100__entry_hours_4__exit_hours_4,macd_96_208_72__sma_100,MACD/SMA,macd_96_208_72,sma_100,4.0,True,0.2939765545342813,0.23415642261128206,True,0.05982013192299923
v5_30m__entry_macd_96_208_72__exit_sma_20__entry_hours_4__exit_hours_4,macd_96_208_72__sma_20,MACD/SMA,macd_96_208_72,sma_20,4.0,False,0.05032795615514188,0.31773684879009023,True,-0.2674088926349484
v5_30m__entry_macd_96_208_72__exit_sma_200__entry_hours_4__exit_hours_4,macd_96_208_72__sma_200,MACD/SMA,macd_96_208_72,sma_200,4.0,True,0.33045241137867154,0.30563219290983745,True,0.024820218468834088
v5_30m__entry_macd_96_208_72__exit_sma_250__entry_hours_4__exit_hours_4,macd_96_208_72__sma_250,MACD/SMA,macd_96_208_72,sma_250,4.0,False,0.28736040477268476,0.3218964496759517,True,-0.03453604490326695
v5_30m__entry_macd_96_208_72__exit_sma_50__entry_hours_4__exit_hours_4,macd_96_208_72__sma_50,MACD/SMA,macd_96_208_72,sma_50,4.0,True,0.3927908542557194,0.3214393896303881,True,0.07135146462533132
v5_30m__entry_sma_100__exit_ema_10__entry_hours_4__exit_hours_4,sma_100__ema_10,SMA/EMA,sma_100,ema_10,4.0,False,-0.24781663835569337,-0.0477304623622807,True,-0.20008617599341266
v5_30m__entry_sma_100__exit_ema_100__entry_hours_4__exit_hours_4,sma_100__ema_100,SMA/EMA,sma_100,ema_100,4.0,False,0.2530088997289578,0.2367142444866327,True,0.016294655242325096
v5_30m__entry_sma_100__exit_ema_20__entry_hours_4__exit_hours_4,sma_100__ema_20,SMA/EMA,sma_100,ema_20,4.0,False,0.004563079550674727,0.14972042322937665,True,-0.14515734367870192
v5_30m__entry_sma_100__exit_ema_200__entry_hours_4__exit_hours_4,sma_100__ema_200,SMA/EMA,sma_100,ema_200,4.0,False,0.15441480914569136,0.13050843463565556,True,0.0239063745100358
v5_30m__entry_sma_100__exit_ema_250__entry_hours_4__exit_hours_4,sma_100__ema_250,SMA/EMA,sma_100,ema_250,4.0,False,0.2636577614653701,0.18603949674194095,True,0.07761826472342917
v5_30m__entry_sma_100__exit_ema_50__entry_hours_4__exit_hours_4,sma_100__ema_50,SMA/EMA,sma_100,ema_50,4.0,False,0.23281605995294335,0.22471992147822725,True,0.008096138474716102
v5_30m__entry_sma_100__exit_macd_12_26_9__entry_hours_4__exit_hours_4,sma_100__macd_12_26_9,SMA/MACD,sma_100,macd_12_26_9,4.0,False,-0.09915115090162023,-0.16859566809357193,True,0.0694445171919517
v5_30m__entry_sma_100__exit_macd_24_52_18__entry_hours_4__exit_hours_4,sma_100__macd_24_52_18,SMA/MACD,sma_100,macd_24_52_18,4.0,False,0.0328467452612041,-0.1564919624751042,True,0.1893387077363083
v5_30m__entry_sma_100__exit_macd_48_104_36__entry_hours_4__exit_hours_4,sma_100__macd_48_104_36,SMA/MACD,sma_100,macd_48_104_36,4.0,True,0.23924129494381155,0.028749054769666597,True,0.21049224017414495
v5_30m__entry_sma_100__exit_macd_6_13_5__entry_hours_4__exit_hours_4,sma_100__macd_6_13_5,SMA/MACD,sma_100,macd_6_13_5,4.0,False,-0.17845489578574394,-0.3862908182941333,True,0.20783592250838936
v5_30m__entry_sma_100__exit_macd_96_208_72__entry_hours_4__exit_hours_4,sma_100__macd_96_208_72,SMA/MACD,sma_100,macd_96_208_72,4.0,True,0.3362262597918845,0.10665873943651964,True,0.22956752035536482
v5_30m__entry_sma_100__exit_sma_10__entry_hours_4__exit_hours_4,sma_100__sma_10,SMA/SMA,sma_100,sma_10,4.0,False,-0.13106171347278978,-0.16218815873068493,True,0.031126445257895152
v5_30m__entry_sma_100__exit_sma_100__entry_hours_4__exit_hours_4,sma_100__sma_100,SMA/SMA,sma_100,sma_100,4.0,False,0.2100982005412485,0.12613850053571193,True,0.08395970000553657
v5_30m__entry_sma_100__exit_sma_20__entry_hours_4__exit_hours_4,sma_100__sma_20,SMA/SMA,sma_100,sma_20,4.0,False,-0.10776352634240352,0.14539435143846427,True,-0.2531578777808678
v5_30m__entry_sma_100__exit_sma_200__entry_hours_4__exit_hours_4,sma_100__sma_200,SMA/SMA,sma_100,sma_200,4.0,False,0.13323342967465582,0.11362854354780044,True,0.019604886126855375
v5_30m__entry_sma_100__exit_sma_250__entry_hours_4__exit_hours_4,sma_100__sma_250,SMA/SMA,sma_100,sma_250,4.0,False,0.2314042091602498,0.27545934922334825,True,-0.044055140063098436
v5_30m__entry_sma_100__exit_sma_50__entry_hours_4__exit_hours_4,sma_100__sma_50,SMA/SMA,sma_100,sma_50,4.0,True,0.2910201688548946,0.21285985836880875,True,0.07816031048608588
v5_30m__entry_sma_10__exit_ema_10__entry_hours_4__exit_hours_4,sma_10__ema_10,SMA/EMA,sma_10,ema_10,4.0,False,-0.10635597106322166,-0.017663739448417964,True,-0.08869223161480369
v5_30m__entry_sma_10__exit_ema_100__entry_hours_4__exit_hours_4,sma_10__ema_100,SMA/EMA,sma_10,ema_100,4.0,True,0.35091185843085915,0.2533153179256109,True,0.09759654050524824
v5_30m__entry_sma_10__exit_ema_20__entry_hours_4__exit_hours_4,sma_10__ema_20,SMA/EMA,sma_10,ema_20,4.0,False,0.1555046461567288,0.3411043840613864,True,-0.18559973790465759
v5_30m__entry_sma_10__exit_ema_200__entry_hours_4__exit_hours_4,sma_10__ema_200,SMA/EMA,sma_10,ema_200,4.0,False,0.23811220361859226,0.23670739169878957,True,0.0014048119198026843
v5_30m__entry_sma_10__exit_ema_250__entry_hours_4__exit_hours_4,sma_10__ema_250,SMA/EMA,sma_10,ema_250,4.0,False,0.3363508275639378,0.2577482421717187,True,0.0786025853922191
v5_30m__entry_sma_10__exit_ema_50__entry_hours_4__exit_hours_4,sma_10__ema_50,SMA/EMA,sma_10,ema_50,4.0,False,0.09940011798854254,0.2813456963184928,True,-0.18194557832995029
v5_30m__entry_sma_10__exit_macd_12_26_9__entry_hours_4__exit_hours_4,sma_10__macd_12_26_9,SMA/MACD,sma_10,macd_12_26_9,4.0,False,-0.16670015016259196,0.0022807514729781954,True,-0.16898090163557014
v5_30m__entry_sma_10__exit_macd_24_52_18__entry_hours_4__exit_hours_4,sma_10__macd_24_52_18,SMA/MACD,sma_10,macd_24_52_18,4.0,False,-0.07038825685811498,-0.08557883694855466,True,0.015190580090439679
v5_30m__entry_sma_10__exit_macd_48_104_36__entry_hours_4__exit_hours_4,sma_10__macd_48_104_36,SMA/MACD,sma_10,macd_48_104_36,4.0,False,-0.014808363593745306,0.046116846817210115,True,-0.06092521041095542
v5_30m__entry_sma_10__exit_macd_6_13_5__entry_hours_4__exit_hours_4,sma_10__macd_6_13_5,SMA/MACD,sma_10,macd_6_13_5,4.0,False,-0.44485186825970785,-0.382602031475174,True,-0.06224983678453383
v5_30m__entry_sma_10__exit_macd_96_208_72__entry_hours_4__exit_hours_4,sma_10__macd_96_208_72,SMA/MACD,sma_10,macd_96_208_72,4.0,False,0.12457369031691748,0.1701393409829781,True,-0.04556565066606061
v5_30m__entry_sma_10__exit_sma_10__entry_hours_4__exit_hours_4,sma_10__sma_10,SMA/SMA,sma_10,sma_10,4.0,False,-0.2103323739355502,-0.06092987926780446,True,-0.14940249466774574
v5_30m__entry_sma_10__exit_sma_100__entry_hours_4__exit_hours_4,sma_10__sma_100,SMA/SMA,sma_10,sma_100,4.0,False,0.21802001288803075,0.18254537047769903,True,0.035474642410331714
v5_30m__entry_sma_10__exit_sma_20__entry_hours_4__exit_hours_4,sma_10__sma_20,SMA/SMA,sma_10,sma_20,4.0,True,0.006061676990626551,0.3973558022241376,True,-0.39129412523351104
v5_30m__entry_sma_10__exit_sma_200__entry_hours_4__exit_hours_4,sma_10__sma_200,SMA/SMA,sma_10,sma_200,4.0,False,0.17359846436622534,0.20425280311566912,True,-0.030654338749443788
v5_30m__entry_sma_10__exit_sma_250__entry_hours_4__exit_hours_4,sma_10__sma_250,SMA/SMA,sma_10,sma_250,4.0,False,0.2726136759266102,0.3088493479650651,True,-0.0362356720384549
v5_30m__entry_sma_10__exit_sma_50__entry_hours_4__exit_hours_4,sma_10__sma_50,SMA/SMA,sma_10,sma_50,4.0,True,0.3414408265044172,0.31887350811874654,True,0.022567318385670665
v5_30m__entry_sma_200__exit_ema_10__entry_hours_4__exit_hours_4,sma_200__ema_10,SMA/EMA,sma_200,ema_10,4.0,False,-0.3537552316792105,-0.15391345563160827,True,-0.19984177604760225
v5_30m__entry_sma_200__exit_ema_100__entry_hours_4__exit_hours_4,sma_200__ema_100,SMA/EMA,sma_200,ema_100,4.0,False,0.2394749884233025,0.17353504263493041,True,0.06593994578837209
v5_30m__entry_sma_200__exit_ema_20__entry_hours_4__exit_hours_4,sma_200__ema_20,SMA/EMA,sma_200,ema_20,4.0,False,-0.1946854860139041,-0.11183094203641195,True,-0.08285454397749215
v5_30m__entry_sma_200__exit_ema_200__entry_hours_4__exit_hours_4,sma_200__ema_200,SMA/EMA,sma_200,ema_200,4.0,False,0.25436478036347393,0.10821488703876408,True,0.14614989332470985
v5_30m__entry_sma_200__exit_ema_250__entry_hours_4__exit_hours_4,sma_200__ema_250,SMA/EMA,sma_200,ema_250,4.0,False,0.2601043084975119,0.19275481604691197,True,0.06734949245059996
v5_30m__entry_sma_200__exit_ema_50__entry_hours_4__exit_hours_4,sma_200__ema_50,SMA/EMA,sma_200,ema_50,4.0,False,0.044535826003893074,0.0688386562920333,True,-0.024302830288140224
v5_30m__entry_sma_200__exit_macd_12_26_9__entry_hours_4__exit_hours_4,sma_200__macd_12_26_9,SMA/MACD,sma_200,macd_12_26_9,4.0,False,-0.051591124454073566,-0.030370502779174715,True,-0.02122062167489885
v5_30m__entry_sma_200__exit_macd_24_52_18__entry_hours_4__exit_hours_4,sma_200__macd_24_52_18,SMA/MACD,sma_200,macd_24_52_18,4.0,False,-0.262692632055388,-0.3118562231094378,True,0.04916359105404977
v5_30m__entry_sma_200__exit_macd_48_104_36__entry_hours_4__exit_hours_4,sma_200__macd_48_104_36,SMA/MACD,sma_200,macd_48_104_36,4.0,False,-0.1049703010756374,-0.013089943619171266,True,-0.09188035745646614
v5_30m__entry_sma_200__exit_macd_6_13_5__entry_hours_4__exit_hours_4,sma_200__macd_6_13_5,SMA/MACD,sma_200,macd_6_13_5,4.0,False,0.06617162636187876,-0.11993163133239154,True,0.1861032576942703
v5_30m__entry_sma_200__exit_macd_96_208_72__entry_hours_4__exit_hours_4,sma_200__macd_96_208_72,SMA/MACD,sma_200,macd_96_208_72,4.0,False,0.13871789624264436,0.16556302780445492,True,-0.026845131561810565
v5_30m__entry_sma_200__exit_sma_10__entry_hours_4__exit_hours_4,sma_200__sma_10,SMA/SMA,sma_200,sma_10,4.0,False,-0.20896777246059592,-0.1907468396867628,True,-0.01822093277383313
v5_30m__entry_sma_200__exit_sma_100__entry_hours_4__exit_hours_4,sma_200__sma_100,SMA/SMA,sma_200,sma_100,4.0,False,0.002222745921822165,-0.021218118274778815,True,0.02344086419660098
v5_30m__entry_sma_200__exit_sma_20__entry_hours_4__exit_hours_4,sma_200__sma_20,SMA/SMA,sma_200,sma_20,4.0,False,-0.3031078394437518,-0.02383902793236807,True,-0.2792688115113837
v5_30m__entry_sma_200__exit_sma_200__entry_hours_4__exit_hours_4,sma_200__sma_200,SMA/SMA,sma_200,sma_200,4.0,False,0.15266699878783965,0.0614431327929076,True,0.09122386599493205
v5_30m__entry_sma_200__exit_sma_250__entry_hours_4__exit_hours_4,sma_200__sma_250,SMA/SMA,sma_200,sma_250,4.0,False,0.24826907749047086,0.27059904731276374,True,-0.022329969822292878
v5_30m__entry_sma_200__exit_sma_50__entry_hours_4__exit_hours_4,sma_200__sma_50,SMA/SMA,sma_200,sma_50,4.0,False,0.05852182761565396,0.01903756575933883,True,0.03948426185631512
v5_30m__entry_sma_20__exit_ema_10__entry_hours_4__exit_hours_4,sma_20__ema_10,SMA/EMA,sma_20,ema_10,4.0,False,-0.022648175600079923,0.15207353973017154,True,-0.17472171533025146
v5_30m__entry_sma_20__exit_ema_100__entry_hours_4__exit_hours_4,sma_20__ema_100,SMA/EMA,sma_20,ema_100,4.0,True,0.3503349461416495,0.33163871427024283,True,0.018696231871406677
v5_30m__entry_sma_20__exit_ema_20__entry_hours_4__exit_hours_4,sma_20__ema_20,SMA/EMA,sma_20,ema_20,4.0,False,0.13534040489695812,0.3536244230778022,True,-0.21828401818084406
v5_30m__entry_sma_20__exit_ema_200__entry_hours_4__exit_hours_4,sma_20__ema_200,SMA/EMA,sma_20,ema_200,4.0,False,0.21112984828103046,0.19316330002804866,True,0.0179665482529818
v5_30m__entry_sma_20__exit_ema_250__entry_hours_4__exit_hours_4,sma_20__ema_250,SMA/EMA,sma_20,ema_250,4.0,True,0.30772666699355916,0.23075759095571138,True,0.07696907603784778
v5_30m__entry_sma_20__exit_ema_50__entry_hours_4__exit_hours_4,sma_20__ema_50,SMA/EMA,sma_20,ema_50,4.0,False,0.11747687700229432,0.24701422522583466,True,-0.12953734822354035
v5_30m__entry_sma_20__exit_macd_12_26_9__entry_hours_4__exit_hours_4,sma_20__macd_12_26_9,SMA/MACD,sma_20,macd_12_26_9,4.0,False,0.03193138432055304,0.1280302525098118,True,-0.09609886818925875
v5_30m__entry_sma_20__exit_macd_24_52_18__entry_hours_4__exit_hours_4,sma_20__macd_24_52_18,SMA/MACD,sma_20,macd_24_52_18,4.0,False,-0.014278640479453496,-0.09845636187278212,True,0.08417772139332862
v5_30m__entry_sma_20__exit_macd_48_104_36__entry_hours_4__exit_hours_4,sma_20__macd_48_104_36,SMA/MACD,sma_20,macd_48_104_36,4.0,False,0.012437750986103745,0.06937582916227006,True,-0.056938078176166314
v5_30m__entry_sma_20__exit_macd_6_13_5__entry_hours_4__exit_hours_4,sma_20__macd_6_13_5,SMA/MACD,sma_20,macd_6_13_5,4.0,False,0.01490174807177124,0.024342433881856303,True,-0.009440685810085064
v5_30m__entry_sma_20__exit_macd_96_208_72__entry_hours_4__exit_hours_4,sma_20__macd_96_208_72,SMA/MACD,sma_20,macd_96_208_72,4.0,False,0.13816193286396525,0.16344052486618202,True,-0.02527859200221677
v5_30m__entry_sma_20__exit_sma_10__entry_hours_4__exit_hours_4,sma_20__sma_10,SMA/SMA,sma_20,sma_10,4.0,False,0.06873171668105858,0.0807852867228286,True,-0.012053570041770018
v5_30m__entry_sma_20__exit_sma_100__entry_hours_4__exit_hours_4,sma_20__sma_100,SMA/SMA,sma_20,sma_100,4.0,False,0.1963783696832685,0.2459058308330993,True,-0.04952746114983081
v5_30m__entry_sma_20__exit_sma_20__entry_hours_4__exit_hours_4,sma_20__sma_20,SMA/SMA,sma_20,sma_20,4.0,False,0.013637716959163222,0.3560619129898959,True,-0.3424241960307327
v5_30m__entry_sma_20__exit_sma_200__entry_hours_4__exit_hours_4,sma_20__sma_200,SMA/SMA,sma_20,sma_200,4.0,False,0.13706127409273644,0.16791880213394697,True,-0.03085752804121053
v5_30m__entry_sma_20__exit_sma_250__entry_hours_4__exit_hours_4,sma_20__sma_250,SMA/SMA,sma_20,sma_250,4.0,False,0.25845379732740836,0.2839241473932526,True,-0.02547035006584425
v5_30m__entry_sma_20__exit_sma_50__entry_hours_4__exit_hours_4,sma_20__sma_50,SMA/SMA,sma_20,sma_50,4.0,True,0.2711382460267513,0.3189337366588616,True,-0.047795490632110305
v5_30m__entry_sma_250__exit_ema_10__entry_hours_4__exit_hours_4,sma_250__ema_10,SMA/EMA,sma_250,ema_10,4.0,False,-0.1354413214802379,0.05699673264891661,True,-0.19243805412915452
v5_30m__entry_sma_250__exit_ema_100__entry_hours_4__exit_hours_4,sma_250__ema_100,SMA/EMA,sma_250,ema_100,4.0,True,0.3750094299991294,0.30539886889045337,True,0.06961056110867603
v5_30m__entry_sma_250__exit_ema_20__entry_hours_4__exit_hours_4,sma_250__ema_20,SMA/EMA,sma_250,ema_20,4.0,False,0.04724501031224646,0.14622185884556668,True,-0.09897684853332023
v5_30m__entry_sma_250__exit_ema_200__entry_hours_4__exit_hours_4,sma_250__ema_200,SMA/EMA,sma_250,ema_200,4.0,False,0.27697730904216294,0.21590378022167703,True,0.06107352882048592
v5_30m__entry_sma_250__exit_ema_250__entry_hours_4__exit_hours_4,sma_250__ema_250,SMA/EMA,sma_250,ema_250,4.0,False,0.28105067409969736,0.25906258144438976,True,0.0219880926553076
v5_30m__entry_sma_250__exit_ema_50__entry_hours_4__exit_hours_4,sma_250__ema_50,SMA/EMA,sma_250,ema_50,4.0,False,0.1393266667416423,0.20032706232502162,True,-0.06100039558337933
v5_30m__entry_sma_250__exit_macd_12_26_9__entry_hours_4__exit_hours_4,sma_250__macd_12_26_9,SMA/MACD,sma_250,macd_12_26_9,4.0,True,0.17368434406848596,0.25950630191004226,True,-0.0858219578415563
v5_30m__entry_sma_250__exit_macd_24_52_18__entry_hours_4__exit_hours_4,sma_250__macd_24_52_18,SMA/MACD,sma_250,macd_24_52_18,4.0,False,-0.055859295406089714,0.0320659498669322,True,-0.08792524527302192
v5_30m__entry_sma_250__exit_macd_48_104_36__entry_hours_4__exit_hours_4,sma_250__macd_48_104_36,SMA/MACD,sma_250,macd_48_104_36,4.0,False,0.1182153424135469,0.20529052846520518,True,-0.08707518605165827
v5_30m__entry_sma_250__exit_macd_6_13_5__entry_hours_4__exit_hours_4,sma_250__macd_6_13_5,SMA/MACD,sma_250,macd_6_13_5,4.0,True,0.21322395326869,-0.023926805264447643,True,0.23715075853313766
v5_30m__entry_sma_250__exit_macd_96_208_72__entry_hours_4__exit_hours_4,sma_250__macd_96_208_72,SMA/MACD,sma_250,macd_96_208_72,4.0,True,0.4666429114124446,0.4919102303298107,True,-0.025267318917366055
v5_30m__entry_sma_250__exit_sma_10__entry_hours_4__exit_hours_4,sma_250__sma_10,SMA/SMA,sma_250,sma_10,4.0,False,-0.028588175021092354,0.024258521213915696,True,-0.05284669623500805
v5_30m__entry_sma_250__exit_sma_100__entry_hours_4__exit_hours_4,sma_250__sma_100,SMA/SMA,sma_250,sma_100,4.0,False,0.19712110522269835,0.1996038698982598,True,-0.0024827646755614385
v5_30m__entry_sma_250__exit_sma_20__entry_hours_4__exit_hours_4,sma_250__sma_20,SMA/SMA,sma_250,sma_20,4.0,False,-0.09746250910587347,0.19555302537749422,True,-0.2930155344833677
v5_30m__entry_sma_250__exit_sma_200__entry_hours_4__exit_hours_4,sma_250__sma_200,SMA/SMA,sma_250,sma_200,4.0,False,0.29812845801960375,0.22047916199355763,True,0.07764929602604612
v5_30m__entry_sma_250__exit_sma_250__entry_hours_4__exit_hours_4,sma_250__sma_250,SMA/SMA,sma_250,sma_250,4.0,False,0.27807483107199393,0.2589968372330883,True,0.019077993838905627
v5_30m__entry_sma_250__exit_sma_50__entry_hours_4__exit_hours_4,sma_250__sma_50,SMA/SMA,sma_250,sma_50,4.0,False,0.16948164988677142,0.2205492402935725,True,-0.05106759040680109
v5_30m__entry_sma_50__exit_ema_10__entry_hours_4__exit_hours_4,sma_50__ema_10,SMA/EMA,sma_50,ema_10,4.0,False,-0.11991899375047516,-0.09397694554443742,True,-0.025942048206037738
v5_30m__entry_sma_50__exit_ema_100__entry_hours_4__exit_hours_4,sma_50__ema_100,SMA/EMA,sma_50,ema_100,4.0,False,0.2054020472681546,0.25498967813224716,True,-0.04958763086409257
v5_30m__entry_sma_50__exit_ema_20__entry_hours_4__exit_hours_4,sma_50__ema_20,SMA/EMA,sma_50,ema_20,4.0,False,0.05724333604562971,0.13134201196214132,True,-0.07409867591651162
v5_30m__entry_sma_50__exit_ema_200__entry_hours_4__exit_hours_4,sma_50__ema_200,SMA/EMA,sma_50,ema_200,4.0,False,0.2701749775323436,0.16357988588130185,True,0.10659509165104175
v5_30m__entry_sma_50__exit_ema_250__entry_hours_4__exit_hours_4,sma_50__ema_250,SMA/EMA,sma_50,ema_250,4.0,True,0.3597512043707958,0.25602463092826233,True,0.10372657344253344
v5_30m__entry_sma_50__exit_ema_50__entry_hours_4__exit_hours_4,sma_50__ema_50,SMA/EMA,sma_50,ema_50,4.0,False,0.11392177606113918,0.1935354993885933,True,-0.07961372332745412
v5_30m__entry_sma_50__exit_macd_12_26_9__entry_hours_4__exit_hours_4,sma_50__macd_12_26_9,SMA/MACD,sma_50,macd_12_26_9,4.0,False,-0.07809693983254487,0.044237324137862195,True,-0.12233426397040706
v5_30m__entry_sma_50__exit_macd_24_52_18__entry_hours_4__exit_hours_4,sma_50__macd_24_52_18,SMA/MACD,sma_50,macd_24_52_18,4.0,False,-0.019466405116446896,-0.03496320165371667,True,0.015496796537269774
v5_30m__entry_sma_50__exit_macd_48_104_36__entry_hours_4__exit_hours_4,sma_50__macd_48_104_36,SMA/MACD,sma_50,macd_48_104_36,4.0,False,-0.02672139368811206,0.03375991179044204,True,-0.0604813054785541
v5_30m__entry_sma_50__exit_macd_6_13_5__entry_hours_4__exit_hours_4,sma_50__macd_6_13_5,SMA/MACD,sma_50,macd_6_13_5,4.0,False,-0.16813934646238415,-0.3140234134050947,True,0.14588406694271056
v5_30m__entry_sma_50__exit_macd_96_208_72__entry_hours_4__exit_hours_4,sma_50__macd_96_208_72,SMA/MACD,sma_50,macd_96_208_72,4.0,False,0.11665053615872145,0.1456139689034943,True,-0.028963432744772838
v5_30m__entry_sma_50__exit_sma_10__entry_hours_4__exit_hours_4,sma_50__sma_10,SMA/SMA,sma_50,sma_10,4.0,False,-0.05356184593767925,-0.22944804227899032,True,0.17588619634131109
v5_30m__entry_sma_50__exit_sma_100__entry_hours_4__exit_hours_4,sma_50__sma_100,SMA/SMA,sma_50,sma_100,4.0,False,0.1808374812129595,0.1616540292987374,True,0.019183451914222105
v5_30m__entry_sma_50__exit_sma_20__entry_hours_4__exit_hours_4,sma_50__sma_20,SMA/SMA,sma_50,sma_20,4.0,False,-0.04198207959085079,0.2593123638451282,True,-0.301294443435979
v5_30m__entry_sma_50__exit_sma_200__entry_hours_4__exit_hours_4,sma_50__sma_200,SMA/SMA,sma_50,sma_200,4.0,False,0.2006656589791996,0.11800408284870101,True,0.0826615761304986
v5_30m__entry_sma_50__exit_sma_250__entry_hours_4__exit_hours_4,sma_50__sma_250,SMA/SMA,sma_50,sma_250,4.0,False,0.2737380080309482,0.2759518636817017,True,-0.0022138556507534934
v5_30m__entry_sma_50__exit_sma_50__entry_hours_4__exit_hours_4,sma_50__sma_50,SMA/SMA,sma_50,sma_50,4.0,True,0.279911958894989,0.1652563699705109,True,0.11465558892447808
v5_30m__entry_ema_100__exit_ema_10__entry_hours_4p5__exit_hours_4p5,ema_100__ema_10,EMA/EMA,ema_100,ema_10,4.5,False,-0.10802461512437099,-0.0006079830197040435,True,-0.10741663210466694
v5_30m__entry_ema_100__exit_ema_100__entry_hours_4p5__exit_hours_4p5,ema_100__ema_100,EMA/EMA,ema_100,ema_100,4.5,False,0.31360269150315373,0.26002747535994064,True,0.05357521614321309
v5_30m__entry_ema_100__exit_ema_20__entry_hours_4p5__exit_hours_4p5,ema_100__ema_20,EMA/EMA,ema_100,ema_20,4.5,False,0.035543414576313194,0.24731206597189026,True,-0.21176865139557707
v5_30m__entry_ema_100__exit_ema_200__entry_hours_4p5__exit_hours_4p5,ema_100__ema_200,EMA/EMA,ema_100,ema_200,4.5,False,0.21418967463490288,0.15038308416861185,True,0.06380659046629103
v5_30m__entry_ema_100__exit_ema_250__entry_hours_4p5__exit_hours_4p5,ema_100__ema_250,EMA/EMA,ema_100,ema_250,4.5,False,0.2874824281391676,0.2048396593405551,True,0.08264276879861249
v5_30m__entry_ema_100__exit_ema_50__entry_hours_4p5__exit_hours_4p5,ema_100__ema_50,EMA/EMA,ema_100,ema_50,4.5,False,0.2279223096747021,0.3283270971041166,True,-0.10040478742941453
v5_30m__entry_ema_100__exit_macd_12_26_9__entry_hours_4p5__exit_hours_4p5,ema_100__macd_12_26_9,EMA/MACD,ema_100,macd_12_26_9,4.5,False,-0.048800125041983826,0.1110696443983843,True,-0.15986976944036813
v5_30m__entry_ema_100__exit_macd_24_52_18__entry_hours_4p5__exit_hours_4p5,ema_100__macd_24_52_18,EMA/MACD,ema_100,macd_24_52_18,4.5,False,-0.01952533391652392,0.12828172443477173,True,-0.14780705835129565
v5_30m__entry_ema_100__exit_macd_48_104_36__entry_hours_4p5__exit_hours_4p5,ema_100__macd_48_104_36,EMA/MACD,ema_100,macd_48_104_36,4.5,False,0.16594819949657222,0.2839908383932107,True,-0.11804263889663849
v5_30m__entry_ema_100__exit_macd_6_13_5__entry_hours_4p5__exit_hours_4p5,ema_100__macd_6_13_5,EMA/MACD,ema_100,macd_6_13_5,4.5,False,-0.09764378636242468,-0.27656485502109796,True,0.17892106865867327
v5_30m__entry_ema_100__exit_macd_96_208_72__entry_hours_4p5__exit_hours_4p5,ema_100__macd_96_208_72,EMA/MACD,ema_100,macd_96_208_72,4.5,False,0.2948943068130691,0.35977786496833447,True,-0.06488355815526536
v5_30m__entry_ema_100__exit_sma_10__entry_hours_4p5__exit_hours_4p5,ema_100__sma_10,EMA/SMA,ema_100,sma_10,4.5,False,-0.13473956427209052,-0.13929407390727558,True,0.004554509635185056
v5_30m__entry_ema_100__exit_sma_100__entry_hours_4p5__exit_hours_4p5,ema_100__sma_100,EMA/SMA,ema_100,sma_100,4.5,False,0.23415965384087228,0.22312607301458304,True,0.011033580826289247
v5_30m__entry_ema_100__exit_sma_20__entry_hours_4p5__exit_hours_4p5,ema_100__sma_20,EMA/SMA,ema_100,sma_20,4.5,False,-0.027178133072243264,0.26574609221734224,True,-0.2929242252895855
v5_30m__entry_ema_100__exit_sma_200__entry_hours_4p5__exit_hours_4p5,ema_100__sma_200,EMA/SMA,ema_100,sma_200,4.5,False,0.1628362911104216,0.15294067917570942,True,0.009895611934712195
v5_30m__entry_ema_100__exit_sma_250__entry_hours_4p5__exit_hours_4p5,ema_100__sma_250,EMA/SMA,ema_100,sma_250,4.5,False,0.27156250823764977,0.2681067214191236,True,0.003455786818526152
v5_30m__entry_ema_100__exit_sma_50__entry_hours_4p5__exit_hours_4p5,ema_100__sma_50,EMA/SMA,ema_100,sma_50,4.5,True,0.2664471114252776,0.3543849174179127,True,-0.08793780599263512
v5_30m__entry_ema_10__exit_ema_10__entry_hours_4p5__exit_hours_4p5,ema_10__ema_10,EMA/EMA,ema_10,ema_10,4.5,False,-0.2037183925775706,0.04238228775696942,True,-0.24610068033454002
v5_30m__entry_ema_10__exit_ema_100__entry_hours_4p5__exit_hours_4p5,ema_10__ema_100,EMA/EMA,ema_10,ema_100,4.5,True,0.35019043681880463,0.28292642504301196,True,0.06726401177579266
v5_30m__entry_ema_10__exit_ema_20__entry_hours_4p5__exit_hours_4p5,ema_10__ema_20,EMA/EMA,ema_10,ema_20,4.5,False,0.09496788726828082,0.4074960362135531,True,-0.3125281489452723
v5_30m__entry_ema_10__exit_ema_200__entry_hours_4p5__exit_hours_4p5,ema_10__ema_200,EMA/EMA,ema_10,ema_200,4.5,False,0.2341865103350679,0.24679641125008211,True,-0.01260990091501421
v5_30m__entry_ema_10__exit_ema_250__entry_hours_4p5__exit_hours_4p5,ema_10__ema_250,EMA/EMA,ema_10,ema_250,4.5,False,0.34043076286693635,0.2535970817655029,True,0.08683368110143347
v5_30m__entry_ema_10__exit_ema_50__entry_hours_4p5__exit_hours_4p5,ema_10__ema_50,EMA/EMA,ema_10,ema_50,4.5,False,0.10101306727526217,0.29332963587277333,True,-0.19231656859751117
v5_30m__entry_ema_10__exit_macd_12_26_9__entry_hours_4p5__exit_hours_4p5,ema_10__macd_12_26_9,EMA/MACD,ema_10,macd_12_26_9,4.5,False,-0.0893086018872706,0.04448900367367532,True,-0.13379760556094594
v5_30m__entry_ema_10__exit_macd_24_52_18__entry_hours_4p5__exit_hours_4p5,ema_10__macd_24_52_18,EMA/MACD,ema_10,macd_24_52_18,4.5,False,-0.05651170625921629,-0.09447657861976214,True,0.03796487236054585
v5_30m__entry_ema_10__exit_macd_48_104_36__entry_hours_4p5__exit_hours_4p5,ema_10__macd_48_104_36,EMA/MACD,ema_10,macd_48_104_36,4.5,False,-0.0049680650041970835,0.06041333402917477,True,-0.06538139903337185
v5_30m__entry_ema_10__exit_macd_6_13_5__entry_hours_4p5__exit_hours_4p5,ema_10__macd_6_13_5,EMA/MACD,ema_10,macd_6_13_5,4.5,False,-0.3952893841433043,-0.337329343855825,True,-0.05796004028747925
v5_30m__entry_ema_10__exit_macd_96_208_72__entry_hours_4p5__exit_hours_4p5,ema_10__macd_96_208_72,EMA/MACD,ema_10,macd_96_208_72,4.5,False,0.1378784972540046,0.1701393409829781,True,-0.032260843728973476
v5_30m__entry_ema_10__exit_sma_10__entry_hours_4p5__exit_hours_4p5,ema_10__sma_10,EMA/SMA,ema_10,sma_10,4.5,False,-0.13924709411833347,-0.02027189997570593,True,-0.11897519414262754
v5_30m__entry_ema_10__exit_sma_100__entry_hours_4p5__exit_hours_4p5,ema_10__sma_100,EMA/SMA,ema_10,sma_100,4.5,False,0.1847883555371591,0.21723681396672326,True,-0.03244845842956415
v5_30m__entry_ema_10__exit_sma_20__entry_hours_4p5__exit_hours_4p5,ema_10__sma_20,EMA/SMA,ema_10,sma_20,4.5,True,0.07623318385264705,0.42097776631184786,True,-0.3447445824592008
v5_30m__entry_ema_10__exit_sma_200__entry_hours_4p5__exit_hours_4p5,ema_10__sma_200,EMA/SMA,ema_10,sma_200,4.5,False,0.11558626461254128,0.19696945041182182,True,-0.08138318579928054
v5_30m__entry_ema_10__exit_sma_250__entry_hours_4p5__exit_hours_4p5,ema_10__sma_250,EMA/SMA,ema_10,sma_250,4.5,False,0.28822226425891556,0.3076816409695035,True,-0.01945937671058795
v5_30m__entry_ema_10__exit_sma_50__entry_hours_4p5__exit_hours_4p5,ema_10__sma_50,EMA/SMA,ema_10,sma_50,4.5,True,0.31979734772877144,0.33207476598594116,True,-0.012277418257169714
v5_30m__entry_ema_200__exit_ema_10__entry_hours_4p5__exit_hours_4p5,ema_200__ema_10,EMA/EMA,ema_200,ema_10,4.5,False,-0.1404743789618861,0.09988745464702359,True,-0.2403618336089097
v5_30m__entry_ema_200__exit_ema_100__entry_hours_4p5__exit_hours_4p5,ema_200__ema_100,EMA/EMA,ema_200,ema_100,4.5,True,0.4176591654609242,0.2473743971928503,True,0.1702847682680739
v5_30m__entry_ema_200__exit_ema_20__entry_hours_4p5__exit_hours_4p5,ema_200__ema_20,EMA/EMA,ema_200,ema_20,4.5,False,-0.009216728607183712,0.1589425052753569,True,-0.1681592338825406
v5_30m__entry_ema_200__exit_ema_200__entry_hours_4p5__exit_hours_4p5,ema_200__ema_200,EMA/EMA,ema_200,ema_200,4.5,False,0.2748769549891084,0.1825266450478972,True,0.09235030994121121
v5_30m__entry_ema_200__exit_ema_250__entry_hours_4p5__exit_hours_4p5,ema_200__ema_250,EMA/EMA,ema_200,ema_250,4.5,False,0.2993069425592801,0.2549479211262679,True,0.04435902143301218
v5_30m__entry_ema_200__exit_ema_50__entry_hours_4p5__exit_hours_4p5,ema_200__ema_50,EMA/EMA,ema_200,ema_50,4.5,False,0.20247820134929798,0.190591816351735,True,0.011886384997562977
v5_30m__entry_ema_200__exit_macd_12_26_9__entry_hours_4p5__exit_hours_4p5,ema_200__macd_12_26_9,EMA/MACD,ema_200,macd_12_26_9,4.5,False,0.18098312589714632,0.2726890572681901,True,-0.09170593137104377
v5_30m__entry_ema_200__exit_macd_24_52_18__entry_hours_4p5__exit_hours_4p5,ema_200__macd_24_52_18,EMA/MACD,ema_200,macd_24_52_18,4.5,False,-0.060567547645722634,0.0022133693682327886,True,-0.06278091701395543
v5_30m__entry_ema_200__exit_macd_48_104_36__entry_hours_4p5__exit_hours_4p5,ema_200__macd_48_104_36,EMA/MACD,ema_200,macd_48_104_36,4.5,False,0.21465529580262283,0.15829215559599513,True,0.05636314020662769
v5_30m__entry_ema_200__exit_macd_6_13_5__entry_hours_4p5__exit_hours_4p5,ema_200__macd_6_13_5,EMA/MACD,ema_200,macd_6_13_5,4.5,True,0.2235385113021964,0.01374523804187511,True,0.2097932732603213
v5_30m__entry_ema_200__exit_macd_96_208_72__entry_hours_4p5__exit_hours_4p5,ema_200__macd_96_208_72,EMA/MACD,ema_200,macd_96_208_72,4.5,True,0.5024449798164932,0.4521443181480897,True,0.05030066166840347
v5_30m__entry_ema_200__exit_sma_10__entry_hours_4p5__exit_hours_4p5,ema_200__sma_10,EMA/SMA,ema_200,sma_10,4.5,False,-0.12789844013678592,0.043594792551802146,True,-0.17149323268858807
v5_30m__entry_ema_200__exit_sma_100__entry_hours_4p5__exit_hours_4p5,ema_200__sma_100,EMA/SMA,ema_200,sma_100,4.5,False,0.20376445113194516,0.10943336572303634,True,0.09433108540890882
v5_30m__entry_ema_200__exit_sma_20__entry_hours_4p5__exit_hours_4p5,ema_200__sma_20,EMA/SMA,ema_200,sma_20,4.5,False,-0.042911673465109754,0.1978819181163215,True,-0.24079359158143127
v5_30m__entry_ema_200__exit_sma_200__entry_hours_4p5__exit_hours_4p5,ema_200__sma_200,EMA/SMA,ema_200,sma_200,4.5,False,0.29331278629313234,0.16939549064342743,True,0.12391729564970491
v5_30m__entry_ema_200__exit_sma_250__entry_hours_4p5__exit_hours_4p5,ema_200__sma_250,EMA/SMA,ema_200,sma_250,4.5,False,0.24627792900188267,0.295301844313221,True,-0.04902391531133832
v5_30m__entry_ema_200__exit_sma_50__entry_hours_4p5__exit_hours_4p5,ema_200__sma_50,EMA/SMA,ema_200,sma_50,4.5,True,0.26780447800390433,0.19608868657989567,True,0.07171579142400866
v5_30m__entry_ema_20__exit_ema_10__entry_hours_4p5__exit_hours_4p5,ema_20__ema_10,EMA/EMA,ema_20,ema_10,4.5,False,-0.010057433816009143,0.11333849185533337,True,-0.12339592567134251
v5_30m__entry_ema_20__exit_ema_100__entry_hours_4p5__exit_hours_4p5,ema_20__ema_100,EMA/EMA,ema_20,ema_100,4.5,True,0.36352001928992883,0.3084589117540858,True,0.055061107535843035
v5_30m__entry_ema_20__exit_ema_20__entry_hours_4p5__exit_hours_4p5,ema_20__ema_20,EMA/EMA,ema_20,ema_20,4.5,False,0.08546394140319218,0.33516626164033736,True,-0.24970232023714517
v5_30m__entry_ema_20__exit_ema_200__entry_hours_4p5__exit_hours_4p5,ema_20__ema_200,EMA/EMA,ema_20,ema_200,4.5,False,0.22274553964524288,0.19302553893031535,True,0.02972000071492753
v5_30m__entry_ema_20__exit_ema_250__entry_hours_4p5__exit_hours_4p5,ema_20__ema_250,EMA/EMA,ema_20,ema_250,4.5,False,0.3270673193908235,0.2693014992255929,True,0.05776582016523063
v5_30m__entry_ema_20__exit_ema_50__entry_hours_4p5__exit_hours_4p5,ema_20__ema_50,EMA/EMA,ema_20,ema_50,4.5,False,0.0965413080142431,0.2528875695267343,True,-0.1563462615124912
v5_30m__entry_ema_20__exit_macd_12_26_9__entry_hours_4p5__exit_hours_4p5,ema_20__macd_12_26_9,EMA/MACD,ema_20,macd_12_26_9,4.5,False,0.05030081835587724,0.032109806858264145,True,0.018191011497613097
v5_30m__entry_ema_20__exit_macd_24_52_18__entry_hours_4p5__exit_hours_4p5,ema_20__macd_24_52_18,EMA/MACD,ema_20,macd_24_52_18,4.5,False,-0.015990504779661633,-0.0326899165458147,True,0.016699411766153065
v5_30m__entry_ema_20__exit_macd_48_104_36__entry_hours_4p5__exit_hours_4p5,ema_20__macd_48_104_36,EMA/MACD,ema_20,macd_48_104_36,4.5,False,-0.013944688295982562,0.06537010652989599,True,-0.07931479482587855
v5_30m__entry_ema_20__exit_macd_6_13_5__entry_hours_4p5__exit_hours_4p5,ema_20__macd_6_13_5,EMA/MACD,ema_20,macd_6_13_5,4.5,False,-0.05621415831254614,-0.11252877930989884,True,0.056314620997352696
v5_30m__entry_ema_20__exit_macd_96_208_72__entry_hours_4p5__exit_hours_4p5,ema_20__macd_96_208_72,EMA/MACD,ema_20,macd_96_208_72,4.5,False,0.1201157002572197,0.16489882865510538,True,-0.04478312839788569
v5_30m__entry_ema_20__exit_sma_10__entry_hours_4p5__exit_hours_4p5,ema_20__sma_10,EMA/SMA,ema_20,sma_10,4.5,False,0.06616332554915413,0.006178142283133949,True,0.05998518326602018
v5_30m__entry_ema_20__exit_sma_100__entry_hours_4p5__exit_hours_4p5,ema_20__sma_100,EMA/SMA,ema_20,sma_100,4.5,False,0.20370490572325745,0.23831683043913535,True,-0.0346119247158779
v5_30m__entry_ema_20__exit_sma_20__entry_hours_4p5__exit_hours_4p5,ema_20__sma_20,EMA/SMA,ema_20,sma_20,4.5,False,0.0983448993305998,0.4204221554160418,True,-0.32207725608544197
v5_30m__entry_ema_20__exit_sma_200__entry_hours_4p5__exit_hours_4p5,ema_20__sma_200,EMA/SMA,ema_20,sma_200,4.5,False,0.1574567884847329,0.15903135902657678,True,-0.0015745705418438727
v5_30m__entry_ema_20__exit_sma_250__entry_hours_4p5__exit_hours_4p5,ema_20__sma_250,EMA/SMA,ema_20,sma_250,4.5,False,0.26841966484429575,0.27327386820124583,True,-0.004854203356950082
v5_30m__entry_ema_20__exit_sma_50__entry_hours_4p5__exit_hours_4p5,ema_20__sma_50,EMA/SMA,ema_20,sma_50,4.5,False,0.31319889825393765,0.2929388762492825,True,0.020260022004655154
v5_30m__entry_ema_250__exit_ema_10__entry_hours_4p5__exit_hours_4p5,ema_250__ema_10,EMA/EMA,ema_250,ema_10,4.5,False,-0.010304495135949396,0.13538534402234675,True,-0.14568983915829614
v5_30m__entry_ema_250__exit_ema_100__entry_hours_4p5__exit_hours_4p5,ema_250__ema_100,EMA/EMA,ema_250,ema_100,4.5,True,0.3555151099197489,0.3545106767997482,True,0.0010044331200007028
v5_30m__entry_ema_250__exit_ema_20__entry_hours_4p5__exit_hours_4p5,ema_250__ema_20,EMA/EMA,ema_250,ema_20,4.5,False,0.12890818597245493,0.24198167384301483,True,-0.1130734878705599
v5_30m__entry_ema_250__exit_ema_200__entry_hours_4p5__exit_hours_4p5,ema_250__ema_200,EMA/EMA,ema_250,ema_200,4.5,False,0.29804206251260135,0.24453467116009633,True,0.05350739135250501
v5_30m__entry_ema_250__exit_ema_250__entry_hours_4p5__exit_hours_4p5,ema_250__ema_250,EMA/EMA,ema_250,ema_250,4.5,False,0.3590243231516755,0.2418391106175752,True,0.11718521253410027
v5_30m__entry_ema_250__exit_ema_50__entry_hours_4p5__exit_hours_4p5,ema_250__ema_50,EMA/EMA,ema_250,ema_50,4.5,False,0.16273516574166408,0.3019856816831141,True,-0.13925051594145005
v5_30m__entry_ema_250__exit_macd_12_26_9__entry_hours_4p5__exit_hours_4p5,ema_250__macd_12_26_9,EMA/MACD,ema_250,macd_12_26_9,4.5,True,0.2810187419617304,0.3004419828161448,True,-0.019423240854414436
v5_30m__entry_ema_250__exit_macd_24_52_18__entry_hours_4p5__exit_hours_4p5,ema_250__macd_24_52_18,EMA/MACD,ema_250,macd_24_52_18,4.5,False,0.004531543131578559,0.06633157662185257,True,-0.06180003349027401
v5_30m__entry_ema_250__exit_macd_48_104_36__entry_hours_4p5__exit_hours_4p5,ema_250__macd_48_104_36,EMA/MACD,ema_250,macd_48_104_36,4.5,False,0.13560730436240334,0.23223936978870546,True,-0.09663206542630212
v5_30m__entry_ema_250__exit_macd_6_13_5__entry_hours_4p5__exit_hours_4p5,ema_250__macd_6_13_5,EMA/MACD,ema_250,macd_6_13_5,4.5,True,0.3332738545376309,0.004320951533029749,True,0.32895290300460117
v5_30m__entry_ema_250__exit_macd_96_208_72__entry_hours_4p5__exit_hours_4p5,ema_250__macd_96_208_72,EMA/MACD,ema_250,macd_96_208_72,4.5,True,0.44225299681193536,0.48169134509777994,True,-0.03943834828584458
v5_30m__entry_ema_250__exit_sma_10__entry_hours_4p5__exit_hours_4p5,ema_250__sma_10,EMA/SMA,ema_250,sma_10,4.5,False,-0.01779483665774664,0.08741208481457227,True,-0.10520692147231892
v5_30m__entry_ema_250__exit_sma_100__entry_hours_4p5__exit_hours_4p5,ema_250__sma_100,EMA/SMA,ema_250,sma_100,4.5,False,0.21055176755122454,0.23863835869141053,True,-0.028086591140185996
v5_30m__entry_ema_250__exit_sma_20__entry_hours_4p5__exit_hours_4p5,ema_250__sma_20,EMA/SMA,ema_250,sma_20,4.5,False,0.06999888155856675,0.292018940434404,True,-0.22202005887583726
v5_30m__entry_ema_250__exit_sma_200__entry_hours_4p5__exit_hours_4p5,ema_250__sma_200,EMA/SMA,ema_250,sma_200,4.5,False,0.2538149220194295,0.1399485000732323,True,0.1138664219461972
v5_30m__entry_ema_250__exit_sma_250__entry_hours_4p5__exit_hours_4p5,ema_250__sma_250,EMA/SMA,ema_250,sma_250,4.5,False,0.31489110811332,0.27306904073857,True,0.04182206737474997
v5_30m__entry_ema_250__exit_sma_50__entry_hours_4p5__exit_hours_4p5,ema_250__sma_50,EMA/SMA,ema_250,sma_50,4.5,True,0.25280502742259636,0.24563342266915664,True,0.007171604753439725
v5_30m__entry_ema_50__exit_ema_10__entry_hours_4p5__exit_hours_4p5,ema_50__ema_10,EMA/EMA,ema_50,ema_10,4.5,False,-0.24941594788189356,-0.11883383465858063,True,-0.13058211322331292
v5_30m__entry_ema_50__exit_ema_100__entry_hours_4p5__exit_hours_4p5,ema_50__ema_100,EMA/EMA,ema_50,ema_100,4.5,True,0.2755366909620373,0.31280924482724637,True,-0.03727255386520906
v5_30m__entry_ema_50__exit_ema_20__entry_hours_4p5__exit_hours_4p5,ema_50__ema_20,EMA/EMA,ema_50,ema_20,4.5,False,-0.10280181414131039,0.13835396155375768,True,-0.24115577569506808
v5_30m__entry_ema_50__exit_ema_200__entry_hours_4p5__exit_hours_4p5,ema_50__ema_200,EMA/EMA,ema_50,ema_200,4.5,False,0.18545466119079707,0.17224309443874863,True,0.013211566752048431
v5_30m__entry_ema_50__exit_ema_250__entry_hours_4p5__exit_hours_4p5,ema_50__ema_250,EMA/EMA,ema_50,ema_250,4.5,False,0.3104122995954336,0.2434381516390642,True,0.06697414795636938
v5_30m__entry_ema_50__exit_ema_50__entry_hours_4p5__exit_hours_4p5,ema_50__ema_50,EMA/EMA,ema_50,ema_50,4.5,False,0.09272587548253426,0.19138391838000113,True,-0.09865804289746687
v5_30m__entry_ema_50__exit_macd_12_26_9__entry_hours_4p5__exit_hours_4p5,ema_50__macd_12_26_9,EMA/MACD,ema_50,macd_12_26_9,4.5,False,-0.19449656352768688,0.037349799948385165,True,-0.23184636347607204
v5_30m__entry_ema_50__exit_macd_24_52_18__entry_hours_4p5__exit_hours_4p5,ema_50__macd_24_52_18,EMA/MACD,ema_50,macd_24_52_18,4.5,False,-0.14343298011190722,-0.0733129922661896,True,-0.07011998784571762
v5_30m__entry_ema_50__exit_macd_48_104_36__entry_hours_4p5__exit_hours_4p5,ema_50__macd_48_104_36,EMA/MACD,ema_50,macd_48_104_36,4.5,False,-0.07261221395756304,0.0026057337369784633,True,-0.0752179476945415
v5_30m__entry_ema_50__exit_macd_6_13_5__entry_hours_4p5__exit_hours_4p5,ema_50__macd_6_13_5,EMA/MACD,ema_50,macd_6_13_5,4.5,False,-0.3981365296816335,-0.23606243051252473,True,-0.16207409916910875
v5_30m__entry_ema_50__exit_macd_96_208_72__entry_hours_4p5__exit_hours_4p5,ema_50__macd_96_208_72,EMA/MACD,ema_50,macd_96_208_72,4.5,False,0.10838148725832744,0.1477677931427919,True,-0.039386305884464456
v5_30m__entry_ema_50__exit_sma_10__entry_hours_4p5__exit_hours_4p5,ema_50__sma_10,EMA/SMA,ema_50,sma_10,4.5,False,-0.23462444195012075,-0.1589736820920096,True,-0.07565075985811115
v5_30m__entry_ema_50__exit_sma_100__entry_hours_4p5__exit_hours_4p5,ema_50__sma_100,EMA/SMA,ema_50,sma_100,4.5,False,0.17174851666816915,0.21708323404220775,True,-0.0453347173740386
v5_30m__entry_ema_50__exit_sma_20__entry_hours_4p5__exit_hours_4p5,ema_50__sma_20,EMA/SMA,ema_50,sma_20,4.5,False,-0.11606376847844642,0.25506146671504637,True,-0.3711252351934928
v5_30m__entry_ema_50__exit_sma_200__entry_hours_4p5__exit_hours_4p5,ema_50__sma_200,EMA/SMA,ema_50,sma_200,4.5,False,0.1523939893797471,0.17638623451869018,True,-0.023992245138943075
v5_30m__entry_ema_50__exit_sma_250__entry_hours_4p5__exit_hours_4p5,ema_50__sma_250,EMA/SMA,ema_50,sma_250,4.5,False,0.25057868343848666,0.275892013050645,True,-0.02531332961215832
v5_30m__entry_ema_50__exit_sma_50__entry_hours_4p5__exit_hours_4p5,ema_50__sma_50,EMA/SMA,ema_50,sma_50,4.5,False,0.21052675267575313,0.21178143894773113,True,-0.0012546862719780005
v5_30m__entry_macd_12_26_9__exit_ema_10__entry_hours_4p5__exit_hours_4p5,macd_12_26_9__ema_10,MACD/EMA,macd_12_26_9,ema_10,4.5,False,-0.02580044760223339,0.09667237840179971,True,-0.1224728260040331
v5_30m__entry_macd_12_26_9__exit_ema_100__entry_hours_4p5__exit_hours_4p5,macd_12_26_9__ema_100,MACD/EMA,macd_12_26_9,ema_100,4.5,True,0.32128610822912756,0.2519950113135395,True,0.06929109691558805
v5_30m__entry_macd_12_26_9__exit_ema_20__entry_hours_4p5__exit_hours_4p5,macd_12_26_9__ema_20,MACD/EMA,macd_12_26_9,ema_20,4.5,False,0.11857105496215188,0.3493518170015414,True,-0.23078076203938952
v5_30m__entry_macd_12_26_9__exit_ema_200__entry_hours_4p5__exit_hours_4p5,macd_12_26_9__ema_200,MACD/EMA,macd_12_26_9,ema_200,4.5,False,0.22398624279169313,0.23079648399291705,True,-0.006810241201223921
v5_30m__entry_macd_12_26_9__exit_ema_250__entry_hours_4p5__exit_hours_4p5,macd_12_26_9__ema_250,MACD/EMA,macd_12_26_9,ema_250,4.5,False,0.29940430369782106,0.1838063064624598,True,0.11559799723536127
v5_30m__entry_macd_12_26_9__exit_ema_50__entry_hours_4p5__exit_hours_4p5,macd_12_26_9__ema_50,MACD/EMA,macd_12_26_9,ema_50,4.5,False,0.06015685587793774,0.19839467366397762,True,-0.13823781778603988
v5_30m__entry_macd_12_26_9__exit_macd_12_26_9__entry_hours_4p5__exit_hours_4p5,macd_12_26_9__macd_12_26_9,MACD/MACD,macd_12_26_9,macd_12_26_9,4.5,False,-0.0748024820343996,-0.05015681922882513,True,-0.024645662805574467
v5_30m__entry_macd_12_26_9__exit_macd_24_52_18__entry_hours_4p5__exit_hours_4p5,macd_12_26_9__macd_24_52_18,MACD/MACD,macd_12_26_9,macd_24_52_18,4.5,False,-0.10830476819789729,-0.09729091902528748,True,-0.011013849172609808
v5_30m__entry_macd_12_26_9__exit_macd_48_104_36__entry_hours_4p5__exit_hours_4p5,macd_12_26_9__macd_48_104_36,MACD/MACD,macd_12_26_9,macd_48_104_36,4.5,False,0.0037951089248124707,0.0645230696217943,True,-0.06072796069698183
v5_30m__entry_macd_12_26_9__exit_macd_6_13_5__entry_hours_4p5__exit_hours_4p5,macd_12_26_9__macd_6_13_5,MACD/MACD,macd_12_26_9,macd_6_13_5,4.5,False,-0.012163929264885659,-0.03804642279195789,True,0.025882493527072233
v5_30m__entry_macd_12_26_9__exit_macd_96_208_72__entry_hours_4p5__exit_hours_4p5,macd_12_26_9__macd_96_208_72,MACD/MACD,macd_12_26_9,macd_96_208_72,4.5,True,0.12491781322338774,0.18932454793521306,True,-0.06440673471182531
v5_30m__entry_macd_12_26_9__exit_sma_10__entry_hours_4p5__exit_hours_4p5,macd_12_26_9__sma_10,MACD/SMA,macd_12_26_9,sma_10,4.5,False,-0.018921117762827296,0.014384966182920485,True,-0.03330608394574778
v5_30m__entry_macd_12_26_9__exit_sma_100__entry_hours_4p5__exit_hours_4p5,macd_12_26_9__sma_100,MACD/SMA,macd_12_26_9,sma_100,4.5,False,0.22578403605973152,0.18305796985185535,True,0.04272606620787617
v5_30m__entry_macd_12_26_9__exit_sma_20__entry_hours_4p5__exit_hours_4p5,macd_12_26_9__sma_20,MACD/SMA,macd_12_26_9,sma_20,4.5,False,0.07877851145488798,0.2757097708180151,True,-0.19693125936312714
v5_30m__entry_macd_12_26_9__exit_sma_200__entry_hours_4p5__exit_hours_4p5,macd_12_26_9__sma_200,MACD/SMA,macd_12_26_9,sma_200,4.5,False,0.1515130912139224,0.1593953508049668,True,-0.00788225959104441
v5_30m__entry_macd_12_26_9__exit_sma_250__entry_hours_4p5__exit_hours_4p5,macd_12_26_9__sma_250,MACD/SMA,macd_12_26_9,sma_250,4.5,False,0.297554968554502,0.23313442889803296,True,0.06442053965646902
v5_30m__entry_macd_12_26_9__exit_sma_50__entry_hours_4p5__exit_hours_4p5,macd_12_26_9__sma_50,MACD/SMA,macd_12_26_9,sma_50,4.5,True,0.2898330823249164,0.30197418064047843,True,-0.012141098315562038
v5_30m__entry_macd_24_52_18__exit_ema_10__entry_hours_4p5__exit_hours_4p5,macd_24_52_18__ema_10,MACD/EMA,macd_24_52_18,ema_10,4.5,False,-0.18707886535684737,-0.17729919477407613,True,-0.009779670582771238
v5_30m__entry_macd_24_52_18__exit_ema_100__entry_hours_4p5__exit_hours_4p5,macd_24_52_18__ema_100,MACD/EMA,macd_24_52_18,ema_100,4.5,True,0.2776425372320279,0.34588549350256825,True,-0.06824295627054033
v5_30m__entry_macd_24_52_18__exit_ema_20__entry_hours_4p5__exit_hours_4p5,macd_24_52_18__ema_20,MACD/EMA,macd_24_52_18,ema_20,4.5,False,0.0542039910028451,0.08823242655205842,True,-0.034028435549213316
v5_30m__entry_macd_24_52_18__exit_ema_200__entry_hours_4p5__exit_hours_4p5,macd_24_52_18__ema_200,MACD/EMA,macd_24_52_18,ema_200,4.5,False,0.14628726004767817,0.038576601851310864,True,0.1077106581963673
v5_30m__entry_macd_24_52_18__exit_ema_250__entry_hours_4p5__exit_hours_4p5,macd_24_52_18__ema_250,MACD/EMA,macd_24_52_18,ema_250,4.5,False,0.3074986034987958,0.21813457779921872,True,0.0893640256995771
v5_30m__entry_macd_24_52_18__exit_ema_50__entry_hours_4p5__exit_hours_4p5,macd_24_52_18__ema_50,MACD/EMA,macd_24_52_18,ema_50,4.5,False,0.13360233795163307,0.19567372070025785,True,-0.06207138274862478
v5_30m__entry_macd_24_52_18__exit_macd_12_26_9__entry_hours_4p5__exit_hours_4p5,macd_24_52_18__macd_12_26_9,MACD/MACD,macd_24_52_18,macd_12_26_9,4.5,False,-0.19496089362829158,-0.13901978476403284,True,-0.05594110886425874
v5_30m__entry_macd_24_52_18__exit_macd_24_52_18__entry_hours_4p5__exit_hours_4p5,macd_24_52_18__macd_24_52_18,MACD/MACD,macd_24_52_18,macd_24_52_18,4.5,False,-0.18667846303675317,-0.12124680179990625,True,-0.06543166123684692
v5_30m__entry_macd_24_52_18__exit_macd_48_104_36__entry_hours_4p5__exit_hours_4p5,macd_24_52_18__macd_48_104_36,MACD/MACD,macd_24_52_18,macd_48_104_36,4.5,False,0.01420991783011243,0.06348267292164896,True,-0.04927275509153653
v5_30m__entry_macd_24_52_18__exit_macd_6_13_5__entry_hours_4p5__exit_hours_4p5,macd_24_52_18__macd_6_13_5,MACD/MACD,macd_24_52_18,macd_6_13_5,4.5,False,-0.3262585202312911,-0.22124770582046516,True,-0.10501081441082594
v5_30m__entry_macd_24_52_18__exit_macd_96_208_72__entry_hours_4p5__exit_hours_4p5,macd_24_52_18__macd_96_208_72,MACD/MACD,macd_24_52_18,macd_96_208_72,4.5,False,0.1201157002572197,0.16489882865510538,True,-0.04478312839788569
v5_30m__entry_macd_24_52_18__exit_sma_10__entry_hours_4p5__exit_hours_4p5,macd_24_52_18__sma_10,MACD/SMA,macd_24_52_18,sma_10,4.5,False,-0.16652877730419527,-0.2527660457993101,True,0.08623726849511484
v5_30m__entry_macd_24_52_18__exit_sma_100__entry_hours_4p5__exit_hours_4p5,macd_24_52_18__sma_100,MACD/SMA,macd_24_52_18,sma_100,4.5,False,0.2679213399492397,0.2815835691692267,True,-0.013662229219986999
v5_30m__entry_macd_24_52_18__exit_sma_20__entry_hours_4p5__exit_hours_4p5,macd_24_52_18__sma_20,MACD/SMA,macd_24_52_18,sma_20,4.5,False,0.015966141776431176,0.14407231228142342,True,-0.12810617050499223
v5_30m__entry_macd_24_52_18__exit_sma_200__entry_hours_4p5__exit_hours_4p5,macd_24_52_18__sma_200,MACD/SMA,macd_24_52_18,sma_200,4.5,False,0.17283280464336964,0.05373798559744341,True,0.11909481904592623
v5_30m__entry_macd_24_52_18__exit_sma_250__entry_hours_4p5__exit_hours_4p5,macd_24_52_18__sma_250,MACD/SMA,macd_24_52_18,sma_250,4.5,True,0.31859350863102975,0.2624020855323676,True,0.05619142309866215
v5_30m__entry_macd_24_52_18__exit_sma_50__entry_hours_4p5__exit_hours_4p5,macd_24_52_18__sma_50,MACD/SMA,macd_24_52_18,sma_50,4.5,False,0.28112472311191955,0.1924333058867206,True,0.08869141722519894
v5_30m__entry_macd_48_104_36__exit_ema_10__entry_hours_4p5__exit_hours_4p5,macd_48_104_36__ema_10,MACD/EMA,macd_48_104_36,ema_10,4.5,False,-0.17292988346476093,0.03448760042492447,True,-0.2074174838896854
v5_30m__entry_macd_48_104_36__exit_ema_100__entry_hours_4p5__exit_hours_4p5,macd_48_104_36__ema_100,MACD/EMA,macd_48_104_36,ema_100,4.5,False,0.21586020093072814,0.2485118872003444,True,-0.03265168626961626
v5_30m__entry_macd_48_104_36__exit_ema_20__entry_hours_4p5__exit_hours_4p5,macd_48_104_36__ema_20,MACD/EMA,macd_48_104_36,ema_20,4.5,False,-0.039462004678491,0.1589579519004396,True,-0.1984199565789306
v5_30m__entry_macd_48_104_36__exit_ema_200__entry_hours_4p5__exit_hours_4p5,macd_48_104_36__ema_200,MACD/EMA,macd_48_104_36,ema_200,4.5,False,0.1641316351052843,0.12368352574334625,True,0.04044810936193806
v5_30m__entry_macd_48_104_36__exit_ema_250__entry_hours_4p5__exit_hours_4p5,macd_48_104_36__ema_250,MACD/EMA,macd_48_104_36,ema_250,4.5,False,0.30462962766811313,0.15084058222576516,True,0.15378904544234798
v5_30m__entry_macd_48_104_36__exit_ema_50__entry_hours_4p5__exit_hours_4p5,macd_48_104_36__ema_50,MACD/EMA,macd_48_104_36,ema_50,4.5,False,0.15618915937060387,0.15165428497255848,True,0.0045348743980453965
v5_30m__entry_macd_48_104_36__exit_macd_12_26_9__entry_hours_4p5__exit_hours_4p5,macd_48_104_36__macd_12_26_9,MACD/MACD,macd_48_104_36,macd_12_26_9,4.5,False,-0.1595447019052047,-0.09492820142784347,True,-0.06461650047736123
v5_30m__entry_macd_48_104_36__exit_macd_24_52_18__entry_hours_4p5__exit_hours_4p5,macd_48_104_36__macd_24_52_18,MACD/MACD,macd_48_104_36,macd_24_52_18,4.5,False,-0.12791767617858113,-0.0593564494637505,True,-0.06856122671483063
v5_30m__entry_macd_48_104_36__exit_macd_48_104_36__entry_hours_4p5__exit_hours_4p5,macd_48_104_36__macd_48_104_36,MACD/MACD,macd_48_104_36,macd_48_104_36,4.5,False,0.010041373883687504,0.059038478179540874,True,-0.04899710429585337
v5_30m__entry_macd_48_104_36__exit_macd_6_13_5__entry_hours_4p5__exit_hours_4p5,macd_48_104_36__macd_6_13_5,MACD/MACD,macd_48_104_36,macd_6_13_5,4.5,False,-0.4168407818825201,-0.24994494313057333,True,-0.16689583875194677
v5_30m__entry_macd_48_104_36__exit_macd_96_208_72__entry_hours_4p5__exit_hours_4p5,macd_48_104_36__macd_96_208_72,MACD/MACD,macd_48_104_36,macd_96_208_72,4.5,True,0.11529971920210569,0.1780850318940042,True,-0.06278531269189852
v5_30m__entry_macd_48_104_36__exit_sma_10__entry_hours_4p5__exit_hours_4p5,macd_48_104_36__sma_10,MACD/SMA,macd_48_104_36,sma_10,4.5,False,-0.16285455610449584,-0.15298304419964567,True,-0.009871511904850166
v5_30m__entry_macd_48_104_36__exit_sma_100__entry_hours_4p5__exit_hours_4p5,macd_48_104_36__sma_100,MACD/SMA,macd_48_104_36,sma_100,4.5,False,0.27326579537040047,0.20688133291105346,True,0.06638446245934701
v5_30m__entry_macd_48_104_36__exit_sma_20__entry_hours_4p5__exit_hours_4p5,macd_48_104_36__sma_20,MACD/SMA,macd_48_104_36,sma_20,4.5,False,-0.11371551353744667,0.2527713749066454,True,-0.3664868884440921
v5_30m__entry_macd_48_104_36__exit_sma_200__entry_hours_4p5__exit_hours_4p5,macd_48_104_36__sma_200,MACD/SMA,macd_48_104_36,sma_200,4.5,False,0.12398277776914729,0.08380688632393145,True,0.04017589144521584
v5_30m__entry_macd_48_104_36__exit_sma_250__entry_hours_4p5__exit_hours_4p5,macd_48_104_36__sma_250,MACD/SMA,macd_48_104_36,sma_250,4.5,False,0.25143644862264874,0.2563091465984941,True,-0.00487269797584533
v5_30m__entry_macd_48_104_36__exit_sma_50__entry_hours_4p5__exit_hours_4p5,macd_48_104_36__sma_50,MACD/SMA,macd_48_104_36,sma_50,4.5,False,0.2397787394009561,0.13424332681152007,True,0.10553541258943602
v5_30m__entry_macd_6_13_5__exit_ema_10__entry_hours_4p5__exit_hours_4p5,macd_6_13_5__ema_10,MACD/EMA,macd_6_13_5,ema_10,4.5,False,-0.16944155355323534,-0.09518555692943119,True,-0.07425599662380415
v5_30m__entry_macd_6_13_5__exit_ema_100__entry_hours_4p5__exit_hours_4p5,macd_6_13_5__ema_100,MACD/EMA,macd_6_13_5,ema_100,4.5,False,0.31868600153038873,0.20905005498886176,True,0.10963594654152697
v5_30m__entry_macd_6_13_5__exit_ema_20__entry_hours_4p5__exit_hours_4p5,macd_6_13_5__ema_20,MACD/EMA,macd_6_13_5,ema_20,4.5,False,0.13253676427982308,0.3932842103998786,True,-0.2607474461200555
v5_30m__entry_macd_6_13_5__exit_ema_200__entry_hours_4p5__exit_hours_4p5,macd_6_13_5__ema_200,MACD/EMA,macd_6_13_5,ema_200,4.5,False,0.29055699711522925,0.28673791590516057,True,0.0038190812100686866
v5_30m__entry_macd_6_13_5__exit_ema_250__entry_hours_4p5__exit_hours_4p5,macd_6_13_5__ema_250,MACD/EMA,macd_6_13_5,ema_250,4.5,True,0.3657894407613527,0.2357207832752722,True,0.1300686574860805
v5_30m__entry_macd_6_13_5__exit_ema_50__entry_hours_4p5__exit_hours_4p5,macd_6_13_5__ema_50,MACD/EMA,macd_6_13_5,ema_50,4.5,False,0.06054324356803569,0.2916194114240565,True,-0.2310761678560208
v5_30m__entry_macd_6_13_5__exit_macd_12_26_9__entry_hours_4p5__exit_hours_4p5,macd_6_13_5__macd_12_26_9,MACD/MACD,macd_6_13_5,macd_12_26_9,4.5,False,-0.041717368935937846,0.02305298574551216,True,-0.06477035468145001
v5_30m__entry_macd_6_13_5__exit_macd_24_52_18__entry_hours_4p5__exit_hours_4p5,macd_6_13_5__macd_24_52_18,MACD/MACD,macd_6_13_5,macd_24_52_18,4.5,False,-0.16816710327931272,-0.08478910274393897,True,-0.08337800053537375
v5_30m__entry_macd_6_13_5__exit_macd_48_104_36__entry_hours_4p5__exit_hours_4p5,macd_6_13_5__macd_48_104_36,MACD/MACD,macd_6_13_5,macd_48_104_36,4.5,False,-0.0012177125537393843,0.0808892648389764,True,-0.08210697739271579
v5_30m__entry_macd_6_13_5__exit_macd_6_13_5__entry_hours_4p5__exit_hours_4p5,macd_6_13_5__macd_6_13_5,MACD/MACD,macd_6_13_5,macd_6_13_5,4.5,False,-0.22403946957720136,-0.19194352131521258,True,-0.03209594826198878
v5_30m__entry_macd_6_13_5__exit_macd_96_208_72__entry_hours_4p5__exit_hours_4p5,macd_6_13_5__macd_96_208_72,MACD/MACD,macd_6_13_5,macd_96_208_72,4.5,False,0.0909290341683219,0.16503114378334596,True,-0.07410210961502406
v5_30m__entry_macd_6_13_5__exit_sma_10__entry_hours_4p5__exit_hours_4p5,macd_6_13_5__sma_10,MACD/SMA,macd_6_13_5,sma_10,4.5,False,-0.2878866137774394,-0.06135077599801717,True,-0.22653583777942224
v5_30m__entry_macd_6_13_5__exit_sma_100__entry_hours_4p5__exit_hours_4p5,macd_6_13_5__sma_100,MACD/SMA,macd_6_13_5,sma_100,4.5,False,0.18277872937062106,0.11466980414669015,True,0.06810892522393092
v5_30m__entry_macd_6_13_5__exit_sma_20__entry_hours_4p5__exit_hours_4p5,macd_6_13_5__sma_20,MACD/SMA,macd_6_13_5,sma_20,4.5,False,0.10362672728995556,0.31445977057862495,True,-0.2108330432886694
v5_30m__entry_macd_6_13_5__exit_sma_200__entry_hours_4p5__exit_hours_4p5,macd_6_13_5__sma_200,MACD/SMA,macd_6_13_5,sma_200,4.5,False,0.18611212231692095,0.14170203850062213,True,0.04441008381629882
v5_30m__entry_macd_6_13_5__exit_sma_250__entry_hours_4p5__exit_hours_4p5,macd_6_13_5__sma_250,MACD/SMA,macd_6_13_5,sma_250,4.5,False,0.3099187297906023,0.2699246235264358,True,0.039994106264166496
v5_30m__entry_macd_6_13_5__exit_sma_50__entry_hours_4p5__exit_hours_4p5,macd_6_13_5__sma_50,MACD/SMA,macd_6_13_5,sma_50,4.5,False,0.3091477728272858,0.3373352045939966,True,-0.02818743176671079
v5_30m__entry_macd_96_208_72__exit_ema_10__entry_hours_4p5__exit_hours_4p5,macd_96_208_72__ema_10,MACD/EMA,macd_96_208_72,ema_10,4.5,False,-0.1553388854578266,0.15066532983641298,True,-0.3060042152942396
v5_30m__entry_macd_96_208_72__exit_ema_100__entry_hours_4p5__exit_hours_4p5,macd_96_208_72__ema_100,MACD/EMA,macd_96_208_72,ema_100,4.5,True,0.3370152518896572,0.24876418537290512,True,0.08825106651675207
v5_30m__entry_macd_96_208_72__exit_ema_20__entry_hours_4p5__exit_hours_4p5,macd_96_208_72__ema_20,MACD/EMA,macd_96_208_72,ema_20,4.5,False,0.10100572152119068,0.3006826338687007,True,-0.19967691234751
v5_30m__entry_macd_96_208_72__exit_ema_200__entry_hours_4p5__exit_hours_4p5,macd_96_208_72__ema_200,MACD/EMA,macd_96_208_72,ema_200,4.5,True,0.3402576734876103,0.2486568790396074,True,0.09160079444800293
v5_30m__entry_macd_96_208_72__exit_ema_250__entry_hours_4p5__exit_hours_4p5,macd_96_208_72__ema_250,MACD/EMA,macd_96_208_72,ema_250,4.5,False,0.30979941685361007,0.30133914433361414,True,0.008460272519995926
v5_30m__entry_macd_96_208_72__exit_ema_50__entry_hours_4p5__exit_hours_4p5,macd_96_208_72__ema_50,MACD/EMA,macd_96_208_72,ema_50,4.5,False,0.33380583385574847,0.2835095290459566,True,0.05029630480979186
v5_30m__entry_macd_96_208_72__exit_macd_12_26_9__entry_hours_4p5__exit_hours_4p5,macd_96_208_72__macd_12_26_9,MACD/MACD,macd_96_208_72,macd_12_26_9,4.5,True,0.04592269386184363,0.1278668706026702,True,-0.08194417674082657
v5_30m__entry_macd_96_208_72__exit_macd_24_52_18__entry_hours_4p5__exit_hours_4p5,macd_96_208_72__macd_24_52_18,MACD/MACD,macd_96_208_72,macd_24_52_18,4.5,False,0.01637627740388626,0.004733282577231128,True,0.011642994826655132
v5_30m__entry_macd_96_208_72__exit_macd_48_104_36__entry_hours_4p5__exit_hours_4p5,macd_96_208_72__macd_48_104_36,MACD/MACD,macd_96_208_72,macd_48_104_36,4.5,True,0.18315703551108428,0.24574763724732063,True,-0.06259060173623635
v5_30m__entry_macd_96_208_72__exit_macd_6_13_5__entry_hours_4p5__exit_hours_4p5,macd_96_208_72__macd_6_13_5,MACD/MACD,macd_96_208_72,macd_6_13_5,4.5,False,-0.14892439117832085,-0.009116973083050206,True,-0.13980741809527064
v5_30m__entry_macd_96_208_72__exit_macd_96_208_72__entry_hours_4p5__exit_hours_4p5,macd_96_208_72__macd_96_208_72,MACD/MACD,macd_96_208_72,macd_96_208_72,4.5,True,0.1201157002572197,0.1605682318828898,True,-0.0404525316256701
v5_30m__entry_macd_96_208_72__exit_sma_10__entry_hours_4p5__exit_hours_4p5,macd_96_208_72__sma_10,MACD/SMA,macd_96_208_72,sma_10,4.5,False,-0.09433521265059767,0.009673866296208254,True,-0.10400907894680593
v5_30m__entry_macd_96_208_72__exit_sma_100__entry_hours_4p5__exit_hours_4p5,macd_96_208_72__sma_100,MACD/SMA,macd_96_208_72,sma_100,4.5,True,0.280114254906299,0.23415642261128206,True,0.04595783229501693
v5_30m__entry_macd_96_208_72__exit_sma_20__entry_hours_4p5__exit_hours_4p5,macd_96_208_72__sma_20,MACD/SMA,macd_96_208_72,sma_20,4.5,False,0.06239993681866869,0.31773684879009023,True,-0.25533691197142155
v5_30m__entry_macd_96_208_72__exit_sma_200__entry_hours_4p5__exit_hours_4p5,macd_96_208_72__sma_200,MACD/SMA,macd_96_208_72,sma_200,4.5,True,0.32677607418956633,0.30563219290983745,True,0.021143881279728882
v5_30m__entry_macd_96_208_72__exit_sma_250__entry_hours_4p5__exit_hours_4p5,macd_96_208_72__sma_250,MACD/SMA,macd_96_208_72,sma_250,4.5,False,0.2810683194204576,0.3218964496759517,True,-0.04082813025549409
v5_30m__entry_macd_96_208_72__exit_sma_50__entry_hours_4p5__exit_hours_4p5,macd_96_208_72__sma_50,MACD/SMA,macd_96_208_72,sma_50,4.5,True,0.40128098885815017,0.3214393896303881,True,0.07984159922776207
v5_30m__entry_sma_100__exit_ema_10__entry_hours_4p5__exit_hours_4p5,sma_100__ema_10,SMA/EMA,sma_100,ema_10,4.5,False,-0.1584402335574397,-0.0477304623622807,True,-0.11070977119515898
v5_30m__entry_sma_100__exit_ema_100__entry_hours_4p5__exit_hours_4p5,sma_100__ema_100,SMA/EMA,sma_100,ema_100,4.5,False,0.2640106633619328,0.2367142444866327,True,0.0272964188753001
v5_30m__entry_sma_100__exit_ema_20__entry_hours_4p5__exit_hours_4p5,sma_100__ema_20,SMA/EMA,sma_100,ema_20,4.5,False,-0.0018155314549335555,0.14972042322937665,True,-0.1515359546843102
v5_30m__entry_sma_100__exit_ema_200__entry_hours_4p5__exit_hours_4p5,sma_100__ema_200,SMA/EMA,sma_100,ema_200,4.5,False,0.1973905468862699,0.13050843463565556,True,0.06688211225061433
v5_30m__entry_sma_100__exit_ema_250__entry_hours_4p5__exit_hours_4p5,sma_100__ema_250,SMA/EMA,sma_100,ema_250,4.5,False,0.2963797083286508,0.18603949674194095,True,0.11034021158670984
v5_30m__entry_sma_100__exit_ema_50__entry_hours_4p5__exit_hours_4p5,sma_100__ema_50,SMA/EMA,sma_100,ema_50,4.5,False,0.2354722906158407,0.22471992147822725,True,0.01075236913761346
v5_30m__entry_sma_100__exit_macd_12_26_9__entry_hours_4p5__exit_hours_4p5,sma_100__macd_12_26_9,SMA/MACD,sma_100,macd_12_26_9,4.5,False,-0.0988250049351001,-0.16859566809357193,True,0.06977066315847183
v5_30m__entry_sma_100__exit_macd_24_52_18__entry_hours_4p5__exit_hours_4p5,sma_100__macd_24_52_18,SMA/MACD,sma_100,macd_24_52_18,4.5,False,0.02173410888642625,-0.1564919624751042,True,0.17822607136153043
v5_30m__entry_sma_100__exit_macd_48_104_36__entry_hours_4p5__exit_hours_4p5,sma_100__macd_48_104_36,SMA/MACD,sma_100,macd_48_104_36,4.5,True,0.23705437963580087,0.028749054769666597,True,0.20830532486613426
v5_30m__entry_sma_100__exit_macd_6_13_5__entry_hours_4p5__exit_hours_4p5,sma_100__macd_6_13_5,SMA/MACD,sma_100,macd_6_13_5,4.5,False,-0.2428632040612105,-0.3862908182941333,True,0.1434276142329228
v5_30m__entry_sma_100__exit_macd_96_208_72__entry_hours_4p5__exit_hours_4p5,sma_100__macd_96_208_72,SMA/MACD,sma_100,macd_96_208_72,4.5,True,0.3263859442677412,0.10665873943651964,True,0.21972720483122155
v5_30m__entry_sma_100__exit_sma_10__entry_hours_4p5__exit_hours_4p5,sma_100__sma_10,SMA/SMA,sma_100,sma_10,4.5,False,-0.17874500685702457,-0.16218815873068493,True,-0.016556848126339646
v5_30m__entry_sma_100__exit_sma_100__entry_hours_4p5__exit_hours_4p5,sma_100__sma_100,SMA/SMA,sma_100,sma_100,4.5,False,0.2192666204336404,0.12613850053571193,True,0.09312811989792846
v5_30m__entry_sma_100__exit_sma_20__entry_hours_4p5__exit_hours_4p5,sma_100__sma_20,SMA/SMA,sma_100,sma_20,4.5,False,-0.05433882768929368,0.14539435143846427,True,-0.19973317912775795
v5_30m__entry_sma_100__exit_sma_200__entry_hours_4p5__exit_hours_4p5,sma_100__sma_200,SMA/SMA,sma_100,sma_200,4.5,False,0.1435570138048758,0.11362854354780044,True,0.029928470257075346
v5_30m__entry_sma_100__exit_sma_250__entry_hours_4p5__exit_hours_4p5,sma_100__sma_250,SMA/SMA,sma_100,sma_250,4.5,False,0.26621346261207307,0.27545934922334825,True,-0.009245886611275178
v5_30m__entry_sma_100__exit_sma_50__entry_hours_4p5__exit_hours_4p5,sma_100__sma_50,SMA/SMA,sma_100,sma_50,4.5,True,0.3227946250342913,0.21285985836880875,True,0.10993476666548255
v5_30m__entry_sma_10__exit_ema_10__entry_hours_4p5__exit_hours_4p5,sma_10__ema_10,SMA/EMA,sma_10,ema_10,4.5,False,-0.14827888853854698,-0.017663739448417964,True,-0.13061514909012903
v5_30m__entry_sma_10__exit_ema_100__entry_hours_4p5__exit_hours_4p5,sma_10__ema_100,SMA/EMA,sma_10,ema_100,4.5,True,0.3542614011628908,0.2533153179256109,True,0.10094608323727988
v5_30m__entry_sma_10__exit_ema_20__entry_hours_4p5__exit_hours_4p5,sma_10__ema_20,SMA/EMA,sma_10,ema_20,4.5,False,0.12317552498562279,0.3411043840613864,True,-0.2179288590757636
v5_30m__entry_sma_10__exit_ema_200__entry_hours_4p5__exit_hours_4p5,sma_10__ema_200,SMA/EMA,sma_10,ema_200,4.5,False,0.22050521905943818,0.23670739169878957,True,-0.016202172639351392
v5_30m__entry_sma_10__exit_ema_250__entry_hours_4p5__exit_hours_4p5,sma_10__ema_250,SMA/EMA,sma_10,ema_250,4.5,False,0.3396390506340733,0.2577482421717187,True,0.08189080846235458
v5_30m__entry_sma_10__exit_ema_50__entry_hours_4p5__exit_hours_4p5,sma_10__ema_50,SMA/EMA,sma_10,ema_50,4.5,False,0.09026008002942398,0.2813456963184928,True,-0.19108561628906884
v5_30m__entry_sma_10__exit_macd_12_26_9__entry_hours_4p5__exit_hours_4p5,sma_10__macd_12_26_9,SMA/MACD,sma_10,macd_12_26_9,4.5,False,-0.1884102554872625,0.0022807514729781954,True,-0.1906910069602407
v5_30m__entry_sma_10__exit_macd_24_52_18__entry_hours_4p5__exit_hours_4p5,sma_10__macd_24_52_18,SMA/MACD,sma_10,macd_24_52_18,4.5,False,-0.1025073741098971,-0.08557883694855466,True,-0.016928537161342447
v5_30m__entry_sma_10__exit_macd_48_104_36__entry_hours_4p5__exit_hours_4p5,sma_10__macd_48_104_36,SMA/MACD,sma_10,macd_48_104_36,4.5,False,-0.018031419239799253,0.046116846817210115,True,-0.06414826605700936
v5_30m__entry_sma_10__exit_macd_6_13_5__entry_hours_4p5__exit_hours_4p5,sma_10__macd_6_13_5,SMA/MACD,sma_10,macd_6_13_5,4.5,False,-0.48110115447076834,-0.382602031475174,True,-0.09849912299559432
v5_30m__entry_sma_10__exit_macd_96_208_72__entry_hours_4p5__exit_hours_4p5,sma_10__macd_96_208_72,SMA/MACD,sma_10,macd_96_208_72,4.5,False,0.1197131117749847,0.1701393409829781,True,-0.05042622920799339
v5_30m__entry_sma_10__exit_sma_10__entry_hours_4p5__exit_hours_4p5,sma_10__sma_10,SMA/SMA,sma_10,sma_10,4.5,False,-0.24426073138380708,-0.06092987926780446,True,-0.1833308521160026
v5_30m__entry_sma_10__exit_sma_100__entry_hours_4p5__exit_hours_4p5,sma_10__sma_100,SMA/SMA,sma_10,sma_100,4.5,False,0.21802489101305617,0.18254537047769903,True,0.035479520535357134
v5_30m__entry_sma_10__exit_sma_20__entry_hours_4p5__exit_hours_4p5,sma_10__sma_20,SMA/SMA,sma_10,sma_20,4.5,True,0.07798499825331653,0.3973558022241376,True,-0.31937080397082107
v5_30m__entry_sma_10__exit_sma_200__entry_hours_4p5__exit_hours_4p5,sma_10__sma_200,SMA/SMA,sma_10,sma_200,4.5,False,0.1576796048839859,0.20425280311566912,True,-0.04657319823168321
v5_30m__entry_sma_10__exit_sma_250__entry_hours_4p5__exit_hours_4p5,sma_10__sma_250,SMA/SMA,sma_10,sma_250,4.5,False,0.2859133663690627,0.3088493479650651,True,-0.022935981596002353
v5_30m__entry_sma_10__exit_sma_50__entry_hours_4p5__exit_hours_4p5,sma_10__sma_50,SMA/SMA,sma_10,sma_50,4.5,True,0.3303326567531627,0.31887350811874654,True,0.01145914863441616
v5_30m__entry_sma_200__exit_ema_10__entry_hours_4p5__exit_hours_4p5,sma_200__ema_10,SMA/EMA,sma_200,ema_10,4.5,False,-0.3565177373545883,-0.15391345563160827,True,-0.20260428172298003
v5_30m__entry_sma_200__exit_ema_100__entry_hours_4p5__exit_hours_4p5,sma_200__ema_100,SMA/EMA,sma_200,ema_100,4.5,False,0.2303153980744338,0.17353504263493041,True,0.05678035543950338
v5_30m__entry_sma_200__exit_ema_20__entry_hours_4p5__exit_hours_4p5,sma_200__ema_20,SMA/EMA,sma_200,ema_20,4.5,False,-0.21986333981393033,-0.11183094203641195,True,-0.10803239777751839
v5_30m__entry_sma_200__exit_ema_200__entry_hours_4p5__exit_hours_4p5,sma_200__ema_200,SMA/EMA,sma_200,ema_200,4.5,False,0.23961577771120524,0.10821488703876408,True,0.13140089067244115
v5_30m__entry_sma_200__exit_ema_250__entry_hours_4p5__exit_hours_4p5,sma_200__ema_250,SMA/EMA,sma_200,ema_250,4.5,False,0.2639204815783394,0.19275481604691197,True,0.07116566553142745
v5_30m__entry_sma_200__exit_ema_50__entry_hours_4p5__exit_hours_4p5,sma_200__ema_50,SMA/EMA,sma_200,ema_50,4.5,False,0.004830154375471659,0.0688386562920333,True,-0.06400850191656164
v5_30m__entry_sma_200__exit_macd_12_26_9__entry_hours_4p5__exit_hours_4p5,sma_200__macd_12_26_9,SMA/MACD,sma_200,macd_12_26_9,4.5,False,-0.053998961237751955,-0.030370502779174715,True,-0.02362845845857724
v5_30m__entry_sma_200__exit_macd_24_52_18__entry_hours_4p5__exit_hours_4p5,sma_200__macd_24_52_18,SMA/MACD,sma_200,macd_24_52_18,4.5,False,-0.300919523913816,-0.3118562231094378,True,0.01093669919562179
v5_30m__entry_sma_200__exit_macd_48_104_36__entry_hours_4p5__exit_hours_4p5,sma_200__macd_48_104_36,SMA/MACD,sma_200,macd_48_104_36,4.5,False,-0.12161246453167342,-0.013089943619171266,True,-0.10852252091250215
v5_30m__entry_sma_200__exit_macd_6_13_5__entry_hours_4p5__exit_hours_4p5,sma_200__macd_6_13_5,SMA/MACD,sma_200,macd_6_13_5,4.5,False,0.0600925343571472,-0.11993163133239154,True,0.18002416568953875
v5_30m__entry_sma_200__exit_macd_96_208_72__entry_hours_4p5__exit_hours_4p5,sma_200__macd_96_208_72,SMA/MACD,sma_200,macd_96_208_72,4.5,False,0.12716915300381132,0.16556302780445492,True,-0.0383938748006436
v5_30m__entry_sma_200__exit_sma_10__entry_hours_4p5__exit_hours_4p5,sma_200__sma_10,SMA/SMA,sma_200,sma_10,4.5,False,-0.2680769190473554,-0.1907468396867628,True,-0.07733007936059264
v5_30m__entry_sma_200__exit_sma_100__entry_hours_4p5__exit_hours_4p5,sma_200__sma_100,SMA/SMA,sma_200,sma_100,4.5,False,-0.014197468004604488,-0.021218118274778815,True,0.007020650270174327
v5_30m__entry_sma_200__exit_sma_20__entry_hours_4p5__exit_hours_4p5,sma_200__sma_20,SMA/SMA,sma_200,sma_20,4.5,False,-0.2583959761128112,-0.02383902793236807,True,-0.2345569481804431
v5_30m__entry_sma_200__exit_sma_200__entry_hours_4p5__exit_hours_4p5,sma_200__sma_200,SMA/SMA,sma_200,sma_200,4.5,False,0.15562737390025047,0.0614431327929076,True,0.09418424110734287
v5_30m__entry_sma_200__exit_sma_250__entry_hours_4p5__exit_hours_4p5,sma_200__sma_250,SMA/SMA,sma_200,sma_250,4.5,False,0.2687678584017256,0.27059904731276374,True,-0.0018311889110381174
v5_30m__entry_sma_200__exit_sma_50__entry_hours_4p5__exit_hours_4p5,sma_200__sma_50,SMA/SMA,sma_200,sma_50,4.5,False,0.04421583737194306,0.01903756575933883,True,0.02517827161260423
v5_30m__entry_sma_20__exit_ema_10__entry_hours_4p5__exit_hours_4p5,sma_20__ema_10,SMA/EMA,sma_20,ema_10,4.5,False,-0.02797596162829291,0.15207353973017154,True,-0.18004950135846445
v5_30m__entry_sma_20__exit_ema_100__entry_hours_4p5__exit_hours_4p5,sma_20__ema_100,SMA/EMA,sma_20,ema_100,4.5,True,0.34989737409739824,0.33163871427024283,True,0.01825865982715541
v5_30m__entry_sma_20__exit_ema_20__entry_hours_4p5__exit_hours_4p5,sma_20__ema_20,SMA/EMA,sma_20,ema_20,4.5,False,0.07206785347642104,0.3536244230778022,True,-0.28155656960138115
v5_30m__entry_sma_20__exit_ema_200__entry_hours_4p5__exit_hours_4p5,sma_20__ema_200,SMA/EMA,sma_20,ema_200,4.5,False,0.18329761025071833,0.19316330002804866,True,-0.009865689777330322
v5_30m__entry_sma_20__exit_ema_250__entry_hours_4p5__exit_hours_4p5,sma_20__ema_250,SMA/EMA,sma_20,ema_250,4.5,True,0.28407032384519,0.23075759095571138,True,0.0533127328894786
v5_30m__entry_sma_20__exit_ema_50__entry_hours_4p5__exit_hours_4p5,sma_20__ema_50,SMA/EMA,sma_20,ema_50,4.5,False,0.10951737782186712,0.24701422522583466,True,-0.13749684740396756
v5_30m__entry_sma_20__exit_macd_12_26_9__entry_hours_4p5__exit_hours_4p5,sma_20__macd_12_26_9,SMA/MACD,sma_20,macd_12_26_9,4.5,False,-0.016748885741712443,0.1280302525098118,True,-0.14477913825152422
v5_30m__entry_sma_20__exit_macd_24_52_18__entry_hours_4p5__exit_hours_4p5,sma_20__macd_24_52_18,SMA/MACD,sma_20,macd_24_52_18,4.5,False,-0.07246240441049807,-0.09845636187278212,True,0.025993957462284042
v5_30m__entry_sma_20__exit_macd_48_104_36__entry_hours_4p5__exit_hours_4p5,sma_20__macd_48_104_36,SMA/MACD,sma_20,macd_48_104_36,4.5,False,0.0002725956835924828,0.06937582916227006,True,-0.06910323347867757
v5_30m__entry_sma_20__exit_macd_6_13_5__entry_hours_4p5__exit_hours_4p5,sma_20__macd_6_13_5,SMA/MACD,sma_20,macd_6_13_5,4.5,False,-0.11632839520036094,0.024342433881856303,True,-0.14067082908221723
v5_30m__entry_sma_20__exit_macd_96_208_72__entry_hours_4p5__exit_hours_4p5,sma_20__macd_96_208_72,SMA/MACD,sma_20,macd_96_208_72,4.5,False,0.1334415138138844,0.16344052486618202,True,-0.02999901105229763
v5_30m__entry_sma_20__exit_sma_10__entry_hours_4p5__exit_hours_4p5,sma_20__sma_10,SMA/SMA,sma_20,sma_10,4.5,False,0.022340978418054297,0.0807852867228286,True,-0.0584443083047743
v5_30m__entry_sma_20__exit_sma_100__entry_hours_4p5__exit_hours_4p5,sma_20__sma_100,SMA/SMA,sma_20,sma_100,4.5,False,0.19397813944967532,0.2459058308330993,True,-0.051927691383423985
v5_30m__entry_sma_20__exit_sma_20__entry_hours_4p5__exit_hours_4p5,sma_20__sma_20,SMA/SMA,sma_20,sma_20,4.5,False,0.07546170259858642,0.3560619129898959,True,-0.2806002103913095
v5_30m__entry_sma_20__exit_sma_200__entry_hours_4p5__exit_hours_4p5,sma_20__sma_200,SMA/SMA,sma_20,sma_200,4.5,False,0.14193796590980823,0.16791880213394697,True,-0.025980836224138742
v5_30m__entry_sma_20__exit_sma_250__entry_hours_4p5__exit_hours_4p5,sma_20__sma_250,SMA/SMA,sma_20,sma_250,4.5,False,0.2731668117547727,0.2839241473932526,True,-0.010757335638479915
v5_30m__entry_sma_20__exit_sma_50__entry_hours_4p5__exit_hours_4p5,sma_20__sma_50,SMA/SMA,sma_20,sma_50,4.5,True,0.2826612646663148,0.3189337366588616,True,-0.036272471992546795
v5_30m__entry_sma_250__exit_ema_10__entry_hours_4p5__exit_hours_4p5,sma_250__ema_10,SMA/EMA,sma_250,ema_10,4.5,False,-0.11186772136452965,0.05699673264891661,True,-0.16886445401344624
v5_30m__entry_sma_250__exit_ema_100__entry_hours_4p5__exit_hours_4p5,sma_250__ema_100,SMA/EMA,sma_250,ema_100,4.5,True,0.37947840711881475,0.30539886889045337,True,0.07407953822836139
v5_30m__entry_sma_250__exit_ema_20__entry_hours_4p5__exit_hours_4p5,sma_250__ema_20,SMA/EMA,sma_250,ema_20,4.5,False,0.005275240001296917,0.14622185884556668,True,-0.14094661884426976
v5_30m__entry_sma_250__exit_ema_200__entry_hours_4p5__exit_hours_4p5,sma_250__ema_200,SMA/EMA,sma_250,ema_200,4.5,False,0.2633416462433237,0.21590378022167703,True,0.04743786602164665
v5_30m__entry_sma_250__exit_ema_250__entry_hours_4p5__exit_hours_4p5,sma_250__ema_250,SMA/EMA,sma_250,ema_250,4.5,False,0.28393037906076796,0.25906258144438976,True,0.024867797616378196
v5_30m__entry_sma_250__exit_ema_50__entry_hours_4p5__exit_hours_4p5,sma_250__ema_50,SMA/EMA,sma_250,ema_50,4.5,False,0.10482952572591923,0.20032706232502162,True,-0.09549753659910239
v5_30m__entry_sma_250__exit_macd_12_26_9__entry_hours_4p5__exit_hours_4p5,sma_250__macd_12_26_9,SMA/MACD,sma_250,macd_12_26_9,4.5,True,0.1709088888012381,0.25950630191004226,True,-0.08859741310880415
v5_30m__entry_sma_250__exit_macd_24_52_18__entry_hours_4p5__exit_hours_4p5,sma_250__macd_24_52_18,SMA/MACD,sma_250,macd_24_52_18,4.5,False,-0.09338113642292599,0.0320659498669322,True,-0.12544708628985818
v5_30m__entry_sma_250__exit_macd_48_104_36__entry_hours_4p5__exit_hours_4p5,sma_250__macd_48_104_36,SMA/MACD,sma_250,macd_48_104_36,4.5,False,0.10608656549209346,0.20529052846520518,True,-0.09920396297311172
v5_30m__entry_sma_250__exit_macd_6_13_5__entry_hours_4p5__exit_hours_4p5,sma_250__macd_6_13_5,SMA/MACD,sma_250,macd_6_13_5,4.5,True,0.21506309282895936,-0.023926805264447643,True,0.238989898093407
v5_30m__entry_sma_250__exit_macd_96_208_72__entry_hours_4p5__exit_hours_4p5,sma_250__macd_96_208_72,SMA/MACD,sma_250,macd_96_208_72,4.5,True,0.46812584894558795,0.4919102303298107,True,-0.02378438138422273
v5_30m__entry_sma_250__exit_sma_10__entry_hours_4p5__exit_hours_4p5,sma_250__sma_10,SMA/SMA,sma_250,sma_10,4.5,False,-0.11213025458993087,0.024258521213915696,True,-0.13638877580384656
v5_30m__entry_sma_250__exit_sma_100__entry_hours_4p5__exit_hours_4p5,sma_250__sma_100,SMA/SMA,sma_250,sma_100,4.5,False,0.18234114012954744,0.1996038698982598,True,-0.017262729768712348
v5_30m__entry_sma_250__exit_sma_20__entry_hours_4p5__exit_hours_4p5,sma_250__sma_20,SMA/SMA,sma_250,sma_20,4.5,False,-0.02842576933335551,0.19555302537749422,True,-0.22397879471084972
v5_30m__entry_sma_250__exit_sma_200__entry_hours_4p5__exit_hours_4p5,sma_250__sma_200,SMA/SMA,sma_250,sma_200,4.5,False,0.28981487296344255,0.22047916199355763,True,0.06933571096988492
v5_30m__entry_sma_250__exit_sma_250__entry_hours_4p5__exit_hours_4p5,sma_250__sma_250,SMA/SMA,sma_250,sma_250,4.5,False,0.29806525947321916,0.2589968372330883,True,0.03906842224013085
v5_30m__entry_sma_250__exit_sma_50__entry_hours_4p5__exit_hours_4p5,sma_250__sma_50,SMA/SMA,sma_250,sma_50,4.5,False,0.16609865179415215,0.2205492402935725,True,-0.05445058849942036
v5_30m__entry_sma_50__exit_ema_10__entry_hours_4p5__exit_hours_4p5,sma_50__ema_10,SMA/EMA,sma_50,ema_10,4.5,False,-0.09404417539057261,-0.09397694554443742,True,-6.722984613519167e-05
v5_30m__entry_sma_50__exit_ema_100__entry_hours_4p5__exit_hours_4p5,sma_50__ema_100,SMA/EMA,sma_50,ema_100,4.5,False,0.20535337148710184,0.25498967813224716,True,-0.04963630664514532
v5_30m__entry_sma_50__exit_ema_20__entry_hours_4p5__exit_hours_4p5,sma_50__ema_20,SMA/EMA,sma_50,ema_20,4.5,False,0.03017007013060395,0.13134201196214132,True,-0.10117194183153737
v5_30m__entry_sma_50__exit_ema_200__entry_hours_4p5__exit_hours_4p5,sma_50__ema_200,SMA/EMA,sma_50,ema_200,4.5,False,0.25422687246989323,0.16357988588130185,True,0.09064698658859138
v5_30m__entry_sma_50__exit_ema_250__entry_hours_4p5__exit_hours_4p5,sma_50__ema_250,SMA/EMA,sma_50,ema_250,4.5,True,0.3566598164670159,0.25602463092826233,True,0.10063518553875356
v5_30m__entry_sma_50__exit_ema_50__entry_hours_4p5__exit_hours_4p5,sma_50__ema_50,SMA/EMA,sma_50,ema_50,4.5,False,0.1161914046149746,0.1935354993885933,True,-0.0773440947736187
v5_30m__entry_sma_50__exit_macd_12_26_9__entry_hours_4p5__exit_hours_4p5,sma_50__macd_12_26_9,SMA/MACD,sma_50,macd_12_26_9,4.5,False,-0.0818817679234558,0.044237324137862195,True,-0.126119092061318
v5_30m__entry_sma_50__exit_macd_24_52_18__entry_hours_4p5__exit_hours_4p5,sma_50__macd_24_52_18,SMA/MACD,sma_50,macd_24_52_18,4.5,False,-0.043948672454369425,-0.03496320165371667,True,-0.008985470800652755
v5_30m__entry_sma_50__exit_macd_48_104_36__entry_hours_4p5__exit_hours_4p5,sma_50__macd_48_104_36,SMA/MACD,sma_50,macd_48_104_36,4.5,False,-0.02667802099067687,0.03375991179044204,True,-0.06043793278111891
v5_30m__entry_sma_50__exit_macd_6_13_5__entry_hours_4p5__exit_hours_4p5,sma_50__macd_6_13_5,SMA/MACD,sma_50,macd_6_13_5,4.5,False,-0.2401800321257056,-0.3140234134050947,True,0.07384338127938911
v5_30m__entry_sma_50__exit_macd_96_208_72__entry_hours_4p5__exit_hours_4p5,sma_50__macd_96_208_72,SMA/MACD,sma_50,macd_96_208_72,4.5,False,0.11824697306689817,0.1456139689034943,True,-0.027366995836596117
v5_30m__entry_sma_50__exit_sma_10__entry_hours_4p5__exit_hours_4p5,sma_50__sma_10,SMA/SMA,sma_50,sma_10,4.5,False,-0.11058842678972355,-0.22944804227899032,True,0.11885961548926677
v5_30m__entry_sma_50__exit_sma_100__entry_hours_4p5__exit_hours_4p5,sma_50__sma_100,SMA/SMA,sma_50,sma_100,4.5,False,0.19318862379494234,0.1616540292987374,True,0.03153459449620494
v5_30m__entry_sma_50__exit_sma_20__entry_hours_4p5__exit_hours_4p5,sma_50__sma_20,SMA/SMA,sma_50,sma_20,4.5,False,-0.03415868829706165,0.2593123638451282,True,-0.2934710521421898
v5_30m__entry_sma_50__exit_sma_200__entry_hours_4p5__exit_hours_4p5,sma_50__sma_200,SMA/SMA,sma_50,sma_200,4.5,False,0.19808438052404917,0.11800408284870101,True,0.08008029767534816
v5_30m__entry_sma_50__exit_sma_250__entry_hours_4p5__exit_hours_4p5,sma_50__sma_250,SMA/SMA,sma_50,sma_250,4.5,False,0.28809091871317627,0.2759518636817017,True,0.012139055031474555
v5_30m__entry_sma_50__exit_sma_50__entry_hours_4p5__exit_hours_4p5,sma_50__sma_50,SMA/SMA,sma_50,sma_50,4.5,True,0.3010425807911992,0.1652563699705109,True,0.1357862108206883
v5_30m__entry_ema_100__exit_ema_10__entry_hours_5__exit_hours_5,ema_100__ema_10,EMA/EMA,ema_100,ema_10,5.0,False,-0.08773028085263164,-0.0006079830197040435,True,-0.08712229783292759
v5_30m__entry_ema_100__exit_ema_100__entry_hours_5__exit_hours_5,ema_100__ema_100,EMA/EMA,ema_100,ema_100,5.0,False,0.3282028722498329,0.26002747535994064,True,0.06817539688989227
v5_30m__entry_ema_100__exit_ema_20__entry_hours_5__exit_hours_5,ema_100__ema_20,EMA/EMA,ema_100,ema_20,5.0,False,0.07793071862030834,0.24731206597189026,True,-0.16938134735158192
v5_30m__entry_ema_100__exit_ema_200__entry_hours_5__exit_hours_5,ema_100__ema_200,EMA/EMA,ema_100,ema_200,5.0,False,0.22145623450504595,0.15038308416861185,True,0.0710731503364341
v5_30m__entry_ema_100__exit_ema_250__entry_hours_5__exit_hours_5,ema_100__ema_250,EMA/EMA,ema_100,ema_250,5.0,False,0.30152198871203384,0.2048396593405551,True,0.09668232937147875
v5_30m__entry_ema_100__exit_ema_50__entry_hours_5__exit_hours_5,ema_100__ema_50,EMA/EMA,ema_100,ema_50,5.0,False,0.24884878513576703,0.3283270971041166,True,-0.07947831196834959
v5_30m__entry_ema_100__exit_macd_12_26_9__entry_hours_5__exit_hours_5,ema_100__macd_12_26_9,EMA/MACD,ema_100,macd_12_26_9,5.0,False,-0.08556398821285074,0.1110696443983843,True,-0.19663363261123507
v5_30m__entry_ema_100__exit_macd_24_52_18__entry_hours_5__exit_hours_5,ema_100__macd_24_52_18,EMA/MACD,ema_100,macd_24_52_18,5.0,False,0.0003637904239368811,0.12828172443477173,True,-0.12791793401083484
v5_30m__entry_ema_100__exit_macd_48_104_36__entry_hours_5__exit_hours_5,ema_100__macd_48_104_36,EMA/MACD,ema_100,macd_48_104_36,5.0,False,0.1510310189767324,0.2839908383932107,True,-0.1329598194164783
v5_30m__entry_ema_100__exit_macd_6_13_5__entry_hours_5__exit_hours_5,ema_100__macd_6_13_5,EMA/MACD,ema_100,macd_6_13_5,5.0,False,-0.045603873719722084,-0.27656485502109796,True,0.23096098130137588
v5_30m__entry_ema_100__exit_macd_96_208_72__entry_hours_5__exit_hours_5,ema_100__macd_96_208_72,EMA/MACD,ema_100,macd_96_208_72,5.0,False,0.27912558502216767,0.35977786496833447,True,-0.0806522799461668
v5_30m__entry_ema_100__exit_sma_10__entry_hours_5__exit_hours_5,ema_100__sma_10,EMA/SMA,ema_100,sma_10,5.0,False,-0.20163941944691183,-0.13929407390727558,True,-0.06234534553963625
v5_30m__entry_ema_100__exit_sma_100__entry_hours_5__exit_hours_5,ema_100__sma_100,EMA/SMA,ema_100,sma_100,5.0,False,0.2405927941539355,0.22312607301458304,True,0.017466721139352465
v5_30m__entry_ema_100__exit_sma_20__entry_hours_5__exit_hours_5,ema_100__sma_20,EMA/SMA,ema_100,sma_20,5.0,False,-0.011473692279917885,0.26574609221734224,True,-0.27721978449726015
v5_30m__entry_ema_100__exit_sma_200__entry_hours_5__exit_hours_5,ema_100__sma_200,EMA/SMA,ema_100,sma_200,5.0,False,0.18012710885093117,0.15294067917570942,True,0.02718642967522175
v5_30m__entry_ema_100__exit_sma_250__entry_hours_5__exit_hours_5,ema_100__sma_250,EMA/SMA,ema_100,sma_250,5.0,False,0.26278283438791344,0.2681067214191236,True,-0.005323887031210173
v5_30m__entry_ema_100__exit_sma_50__entry_hours_5__exit_hours_5,ema_100__sma_50,EMA/SMA,ema_100,sma_50,5.0,True,0.25985346760406897,0.3543849174179127,True,-0.09453144981384376
v5_30m__entry_ema_10__exit_ema_10__entry_hours_5__exit_hours_5,ema_10__ema_10,EMA/EMA,ema_10,ema_10,5.0,False,-0.18681096242526787,0.04238228775696942,True,-0.2291932501822373
v5_30m__entry_ema_10__exit_ema_100__entry_hours_5__exit_hours_5,ema_10__ema_100,EMA/EMA,ema_10,ema_100,5.0,True,0.34612116694159134,0.28292642504301196,True,0.06319474189857938
v5_30m__entry_ema_10__exit_ema_20__entry_hours_5__exit_hours_5,ema_10__ema_20,EMA/EMA,ema_10,ema_20,5.0,False,0.12161306547576958,0.4074960362135531,True,-0.28588297073778357
v5_30m__entry_ema_10__exit_ema_200__entry_hours_5__exit_hours_5,ema_10__ema_200,EMA/EMA,ema_10,ema_200,5.0,False,0.2369107544361451,0.24679641125008211,True,-0.009885656813937022
v5_30m__entry_ema_10__exit_ema_250__entry_hours_5__exit_hours_5,ema_10__ema_250,EMA/EMA,ema_10,ema_250,5.0,False,0.35395622980871416,0.2535970817655029,True,0.10035914804321128
v5_30m__entry_ema_10__exit_ema_50__entry_hours_5__exit_hours_5,ema_10__ema_50,EMA/EMA,ema_10,ema_50,5.0,False,0.09515253588138316,0.29332963587277333,True,-0.19817709999139016
v5_30m__entry_ema_10__exit_macd_12_26_9__entry_hours_5__exit_hours_5,ema_10__macd_12_26_9,EMA/MACD,ema_10,macd_12_26_9,5.0,False,-0.1494397532650348,0.04448900367367532,True,-0.19392875693871015
v5_30m__entry_ema_10__exit_macd_24_52_18__entry_hours_5__exit_hours_5,ema_10__macd_24_52_18,EMA/MACD,ema_10,macd_24_52_18,5.0,False,-0.06104840421881027,-0.09447657861976214,True,0.03342817440095187
v5_30m__entry_ema_10__exit_macd_48_104_36__entry_hours_5__exit_hours_5,ema_10__macd_48_104_36,EMA/MACD,ema_10,macd_48_104_36,5.0,False,-0.01380068594528957,0.06041333402917477,True,-0.07421401997446435
v5_30m__entry_ema_10__exit_macd_6_13_5__entry_hours_5__exit_hours_5,ema_10__macd_6_13_5,EMA/MACD,ema_10,macd_6_13_5,5.0,False,-0.3594738489835224,-0.337329343855825,True,-0.02214450512769739
v5_30m__entry_ema_10__exit_macd_96_208_72__entry_hours_5__exit_hours_5,ema_10__macd_96_208_72,EMA/MACD,ema_10,macd_96_208_72,5.0,False,0.1297405711765974,0.1701393409829781,True,-0.040398769806380685
v5_30m__entry_ema_10__exit_sma_10__entry_hours_5__exit_hours_5,ema_10__sma_10,EMA/SMA,ema_10,sma_10,5.0,False,-0.20046449297308325,-0.02027189997570593,True,-0.18019259299737733
v5_30m__entry_ema_10__exit_sma_100__entry_hours_5__exit_hours_5,ema_10__sma_100,EMA/SMA,ema_10,sma_100,5.0,False,0.24665922034149196,0.21723681396672326,True,0.0294224063747687
v5_30m__entry_ema_10__exit_sma_20__entry_hours_5__exit_hours_5,ema_10__sma_20,EMA/SMA,ema_10,sma_20,5.0,True,0.04655569340364448,0.42097776631184786,True,-0.3744220729082034
v5_30m__entry_ema_10__exit_sma_200__entry_hours_5__exit_hours_5,ema_10__sma_200,EMA/SMA,ema_10,sma_200,5.0,False,0.11978152770559983,0.19696945041182182,True,-0.07718792270622199
v5_30m__entry_ema_10__exit_sma_250__entry_hours_5__exit_hours_5,ema_10__sma_250,EMA/SMA,ema_10,sma_250,5.0,False,0.258550219384012,0.3076816409695035,True,-0.0491314215854915
v5_30m__entry_ema_10__exit_sma_50__entry_hours_5__exit_hours_5,ema_10__sma_50,EMA/SMA,ema_10,sma_50,5.0,True,0.2867508103631393,0.33207476598594116,True,-0.04532395562280184
v5_30m__entry_ema_200__exit_ema_10__entry_hours_5__exit_hours_5,ema_200__ema_10,EMA/EMA,ema_200,ema_10,5.0,False,-0.07696233902512473,0.09988745464702359,True,-0.17684979367214831
v5_30m__entry_ema_200__exit_ema_100__entry_hours_5__exit_hours_5,ema_200__ema_100,EMA/EMA,ema_200,ema_100,5.0,True,0.4070041816638569,0.2473743971928503,True,0.1596297844710066
v5_30m__entry_ema_200__exit_ema_20__entry_hours_5__exit_hours_5,ema_200__ema_20,EMA/EMA,ema_200,ema_20,5.0,False,0.039713176161661985,0.1589425052753569,True,-0.11922932911369491
v5_30m__entry_ema_200__exit_ema_200__entry_hours_5__exit_hours_5,ema_200__ema_200,EMA/EMA,ema_200,ema_200,5.0,False,0.29182939668597596,0.1825266450478972,True,0.10930275163807876
v5_30m__entry_ema_200__exit_ema_250__entry_hours_5__exit_hours_5,ema_200__ema_250,EMA/EMA,ema_200,ema_250,5.0,False,0.3195762537889006,0.2549479211262679,True,0.06462833266263268
v5_30m__entry_ema_200__exit_ema_50__entry_hours_5__exit_hours_5,ema_200__ema_50,EMA/EMA,ema_200,ema_50,5.0,False,0.22100157233862683,0.190591816351735,True,0.03040975598689183
v5_30m__entry_ema_200__exit_macd_12_26_9__entry_hours_5__exit_hours_5,ema_200__macd_12_26_9,EMA/MACD,ema_200,macd_12_26_9,5.0,False,0.18430291607220187,0.2726890572681901,True,-0.08838614119598823
v5_30m__entry_ema_200__exit_macd_24_52_18__entry_hours_5__exit_hours_5,ema_200__macd_24_52_18,EMA/MACD,ema_200,macd_24_52_18,5.0,False,-0.034185344688582024,0.0022133693682327886,True,-0.036398714056814815
v5_30m__entry_ema_200__exit_macd_48_104_36__entry_hours_5__exit_hours_5,ema_200__macd_48_104_36,EMA/MACD,ema_200,macd_48_104_36,5.0,False,0.2098217692021541,0.15829215559599513,True,0.05152961360615896
v5_30m__entry_ema_200__exit_macd_6_13_5__entry_hours_5__exit_hours_5,ema_200__macd_6_13_5,EMA/MACD,ema_200,macd_6_13_5,5.0,True,0.2766221466249152,0.01374523804187511,True,0.2628769085830401
v5_30m__entry_ema_200__exit_macd_96_208_72__entry_hours_5__exit_hours_5,ema_200__macd_96_208_72,EMA/MACD,ema_200,macd_96_208_72,5.0,True,0.49707044857006744,0.4521443181480897,True,0.04492613042197774
v5_30m__entry_ema_200__exit_sma_10__entry_hours_5__exit_hours_5,ema_200__sma_10,EMA/SMA,ema_200,sma_10,5.0,False,-0.1452546929759172,0.043594792551802146,True,-0.18884948552771935
v5_30m__entry_ema_200__exit_sma_100__entry_hours_5__exit_hours_5,ema_200__sma_100,EMA/SMA,ema_200,sma_100,5.0,False,0.23921084518424854,0.10943336572303634,True,0.1297774794612122
v5_30m__entry_ema_200__exit_sma_20__entry_hours_5__exit_hours_5,ema_200__sma_20,EMA/SMA,ema_200,sma_20,5.0,False,-0.01223024375470484,0.1978819181163215,True,-0.21011216187102633
v5_30m__entry_ema_200__exit_sma_200__entry_hours_5__exit_hours_5,ema_200__sma_200,EMA/SMA,ema_200,sma_200,5.0,False,0.30500938810691225,0.16939549064342743,True,0.13561389746348482
v5_30m__entry_ema_200__exit_sma_250__entry_hours_5__exit_hours_5,ema_200__sma_250,EMA/SMA,ema_200,sma_250,5.0,False,0.2570302854771633,0.295301844313221,True,-0.038271558836057706
v5_30m__entry_ema_200__exit_sma_50__entry_hours_5__exit_hours_5,ema_200__sma_50,EMA/SMA,ema_200,sma_50,5.0,True,0.25269076775078064,0.19608868657989567,True,0.05660208117088497
v5_30m__entry_ema_20__exit_ema_10__entry_hours_5__exit_hours_5,ema_20__ema_10,EMA/EMA,ema_20,ema_10,5.0,False,-0.006285922711086528,0.11333849185533337,True,-0.1196244145664199
v5_30m__entry_ema_20__exit_ema_100__entry_hours_5__exit_hours_5,ema_20__ema_100,EMA/EMA,ema_20,ema_100,5.0,True,0.37188858399833796,0.3084589117540858,True,0.06342967224425217
v5_30m__entry_ema_20__exit_ema_20__entry_hours_5__exit_hours_5,ema_20__ema_20,EMA/EMA,ema_20,ema_20,5.0,False,0.12201591326180626,0.33516626164033736,True,-0.21315034837853108
v5_30m__entry_ema_20__exit_ema_200__entry_hours_5__exit_hours_5,ema_20__ema_200,EMA/EMA,ema_20,ema_200,5.0,False,0.23805800726236576,0.19302553893031535,True,0.04503246833205041
v5_30m__entry_ema_20__exit_ema_250__entry_hours_5__exit_hours_5,ema_20__ema_250,EMA/EMA,ema_20,ema_250,5.0,False,0.34268687713495843,0.2693014992255929,True,0.07338537790936556
v5_30m__entry_ema_20__exit_ema_50__entry_hours_5__exit_hours_5,ema_20__ema_50,EMA/EMA,ema_20,ema_50,5.0,False,0.09329718297958814,0.2528875695267343,True,-0.15959038654714616
v5_30m__entry_ema_20__exit_macd_12_26_9__entry_hours_5__exit_hours_5,ema_20__macd_12_26_9,EMA/MACD,ema_20,macd_12_26_9,5.0,False,-0.007547338589887261,0.032109806858264145,True,-0.03965714544815141
v5_30m__entry_ema_20__exit_macd_24_52_18__entry_hours_5__exit_hours_5,ema_20__macd_24_52_18,EMA/MACD,ema_20,macd_24_52_18,5.0,False,-0.040725722652840114,-0.0326899165458147,True,-0.008035806107025416
v5_30m__entry_ema_20__exit_macd_48_104_36__entry_hours_5__exit_hours_5,ema_20__macd_48_104_36,EMA/MACD,ema_20,macd_48_104_36,5.0,False,-0.018880728561343048,0.06537010652989599,True,-0.08425083509123904
v5_30m__entry_ema_20__exit_macd_6_13_5__entry_hours_5__exit_hours_5,ema_20__macd_6_13_5,EMA/MACD,ema_20,macd_6_13_5,5.0,False,-0.031101816202329904,-0.11252877930989884,True,0.08142696310756893
v5_30m__entry_ema_20__exit_macd_96_208_72__entry_hours_5__exit_hours_5,ema_20__macd_96_208_72,EMA/MACD,ema_20,macd_96_208_72,5.0,False,0.11492300368658209,0.16489882865510538,True,-0.04997582496852329
v5_30m__entry_ema_20__exit_sma_10__entry_hours_5__exit_hours_5,ema_20__sma_10,EMA/SMA,ema_20,sma_10,5.0,False,-0.0008919764031614937,0.006178142283133949,True,-0.007070118686295443
v5_30m__entry_ema_20__exit_sma_100__entry_hours_5__exit_hours_5,ema_20__sma_100,EMA/SMA,ema_20,sma_100,5.0,False,0.2686569950842371,0.23831683043913535,True,0.03034016464510178
v5_30m__entry_ema_20__exit_sma_20__entry_hours_5__exit_hours_5,ema_20__sma_20,EMA/SMA,ema_20,sma_20,5.0,False,0.104792070732143,0.4204221554160418,True,-0.31563008468389875
v5_30m__entry_ema_20__exit_sma_200__entry_hours_5__exit_hours_5,ema_20__sma_200,EMA/SMA,ema_20,sma_200,5.0,False,0.15953128942355116,0.15903135902657678,True,0.0004999303969743796
v5_30m__entry_ema_20__exit_sma_250__entry_hours_5__exit_hours_5,ema_20__sma_250,EMA/SMA,ema_20,sma_250,5.0,False,0.2458376140340623,0.27327386820124583,True,-0.027436254167183538
v5_30m__entry_ema_20__exit_sma_50__entry_hours_5__exit_hours_5,ema_20__sma_50,EMA/SMA,ema_20,sma_50,5.0,False,0.28642810878632563,0.2929388762492825,True,-0.006510767462956868
v5_30m__entry_ema_250__exit_ema_10__entry_hours_5__exit_hours_5,ema_250__ema_10,EMA/EMA,ema_250,ema_10,5.0,False,0.04885005252611103,0.13538534402234675,True,-0.08653529149623573
v5_30m__entry_ema_250__exit_ema_100__entry_hours_5__exit_hours_5,ema_250__ema_100,EMA/EMA,ema_250,ema_100,5.0,True,0.34941133045145134,0.3545106767997482,True,-0.00509934634829684
v5_30m__entry_ema_250__exit_ema_20__entry_hours_5__exit_hours_5,ema_250__ema_20,EMA/EMA,ema_250,ema_20,5.0,False,0.16005521954747615,0.24198167384301483,True,-0.08192645429553869
v5_30m__entry_ema_250__exit_ema_200__entry_hours_5__exit_hours_5,ema_250__ema_200,EMA/EMA,ema_250,ema_200,5.0,False,0.31888491506337274,0.24453467116009633,True,0.07435024390327641
v5_30m__entry_ema_250__exit_ema_250__entry_hours_5__exit_hours_5,ema_250__ema_250,EMA/EMA,ema_250,ema_250,5.0,False,0.37419432588656304,0.2418391106175752,True,0.13235521526898783
v5_30m__entry_ema_250__exit_ema_50__entry_hours_5__exit_hours_5,ema_250__ema_50,EMA/EMA,ema_250,ema_50,5.0,False,0.18040947584959616,0.3019856816831141,True,-0.12157620583351797
v5_30m__entry_ema_250__exit_macd_12_26_9__entry_hours_5__exit_hours_5,ema_250__macd_12_26_9,EMA/MACD,ema_250,macd_12_26_9,5.0,True,0.21115979195711268,0.3004419828161448,True,-0.08928219085903213
v5_30m__entry_ema_250__exit_macd_24_52_18__entry_hours_5__exit_hours_5,ema_250__macd_24_52_18,EMA/MACD,ema_250,macd_24_52_18,5.0,False,0.009914701820274801,0.06633157662185257,True,-0.05641687480157777
v5_30m__entry_ema_250__exit_macd_48_104_36__entry_hours_5__exit_hours_5,ema_250__macd_48_104_36,EMA/MACD,ema_250,macd_48_104_36,5.0,False,0.13460507325822163,0.23223936978870546,True,-0.09763429653048383
v5_30m__entry_ema_250__exit_macd_6_13_5__entry_hours_5__exit_hours_5,ema_250__macd_6_13_5,EMA/MACD,ema_250,macd_6_13_5,5.0,True,0.3383893133945263,0.004320951533029749,True,0.3340683618614966
v5_30m__entry_ema_250__exit_macd_96_208_72__entry_hours_5__exit_hours_5,ema_250__macd_96_208_72,EMA/MACD,ema_250,macd_96_208_72,5.0,True,0.4377382842947838,0.48169134509777994,True,-0.04395306080299616
v5_30m__entry_ema_250__exit_sma_10__entry_hours_5__exit_hours_5,ema_250__sma_10,EMA/SMA,ema_250,sma_10,5.0,False,-0.059405759098244144,0.08741208481457227,True,-0.1468178439128164
v5_30m__entry_ema_250__exit_sma_100__entry_hours_5__exit_hours_5,ema_250__sma_100,EMA/SMA,ema_250,sma_100,5.0,False,0.21537667881241623,0.23863835869141053,True,-0.0232616798789943
v5_30m__entry_ema_250__exit_sma_20__entry_hours_5__exit_hours_5,ema_250__sma_20,EMA/SMA,ema_250,sma_20,5.0,False,0.07217639877258383,0.292018940434404,True,-0.21984254166182018
v5_30m__entry_ema_250__exit_sma_200__entry_hours_5__exit_hours_5,ema_250__sma_200,EMA/SMA,ema_250,sma_200,5.0,False,0.25668886868956875,0.1399485000732323,True,0.11674036861633644
v5_30m__entry_ema_250__exit_sma_250__entry_hours_5__exit_hours_5,ema_250__sma_250,EMA/SMA,ema_250,sma_250,5.0,False,0.2985930322604648,0.27306904073857,True,0.025523991521894773
v5_30m__entry_ema_250__exit_sma_50__entry_hours_5__exit_hours_5,ema_250__sma_50,EMA/SMA,ema_250,sma_50,5.0,True,0.2353549198664643,0.24563342266915664,True,-0.010278502802692324
v5_30m__entry_ema_50__exit_ema_10__entry_hours_5__exit_hours_5,ema_50__ema_10,EMA/EMA,ema_50,ema_10,5.0,False,-0.2797495882107292,-0.11883383465858063,True,-0.16091575355214857
v5_30m__entry_ema_50__exit_ema_100__entry_hours_5__exit_hours_5,ema_50__ema_100,EMA/EMA,ema_50,ema_100,5.0,True,0.2786513276503718,0.31280924482724637,True,-0.03415791717687455
v5_30m__entry_ema_50__exit_ema_20__entry_hours_5__exit_hours_5,ema_50__ema_20,EMA/EMA,ema_50,ema_20,5.0,False,-0.12159405657729527,0.13835396155375768,True,-0.25994801813105295
v5_30m__entry_ema_50__exit_ema_200__entry_hours_5__exit_hours_5,ema_50__ema_200,EMA/EMA,ema_50,ema_200,5.0,False,0.17848259894309013,0.17224309443874863,True,0.006239504504341492
v5_30m__entry_ema_50__exit_ema_250__entry_hours_5__exit_hours_5,ema_50__ema_250,EMA/EMA,ema_50,ema_250,5.0,False,0.31318596124414344,0.2434381516390642,True,0.06974780960507923
v5_30m__entry_ema_50__exit_ema_50__entry_hours_5__exit_hours_5,ema_50__ema_50,EMA/EMA,ema_50,ema_50,5.0,False,0.06194495236118029,0.19138391838000113,True,-0.12943896601882082
v5_30m__entry_ema_50__exit_macd_12_26_9__entry_hours_5__exit_hours_5,ema_50__macd_12_26_9,EMA/MACD,ema_50,macd_12_26_9,5.0,False,-0.27972748099910494,0.037349799948385165,True,-0.3170772809474901
v5_30m__entry_ema_50__exit_macd_24_52_18__entry_hours_5__exit_hours_5,ema_50__macd_24_52_18,EMA/MACD,ema_50,macd_24_52_18,5.0,False,-0.13521267779739896,-0.0733129922661896,True,-0.06189968553120935
v5_30m__entry_ema_50__exit_macd_48_104_36__entry_hours_5__exit_hours_5,ema_50__macd_48_104_36,EMA/MACD,ema_50,macd_48_104_36,5.0,False,-0.08419559998843945,0.0026057337369784633,True,-0.08680133372541791
v5_30m__entry_ema_50__exit_macd_6_13_5__entry_hours_5__exit_hours_5,ema_50__macd_6_13_5,EMA/MACD,ema_50,macd_6_13_5,5.0,False,-0.4175624734530874,-0.23606243051252473,True,-0.18150004294056266
v5_30m__entry_ema_50__exit_macd_96_208_72__entry_hours_5__exit_hours_5,ema_50__macd_96_208_72,EMA/MACD,ema_50,macd_96_208_72,5.0,False,0.09812688607125342,0.1477677931427919,True,-0.04964090707153848
v5_30m__entry_ema_50__exit_sma_10__entry_hours_5__exit_hours_5,ema_50__sma_10,EMA/SMA,ema_50,sma_10,5.0,False,-0.34200770377623624,-0.1589736820920096,True,-0.18303402168422664
v5_30m__entry_ema_50__exit_sma_100__entry_hours_5__exit_hours_5,ema_50__sma_100,EMA/SMA,ema_50,sma_100,5.0,False,0.23430844592041564,0.21708323404220775,True,0.017225211878207886
v5_30m__entry_ema_50__exit_sma_20__entry_hours_5__exit_hours_5,ema_50__sma_20,EMA/SMA,ema_50,sma_20,5.0,False,-0.17930777801781295,0.25506146671504637,True,-0.4343692447328593
v5_30m__entry_ema_50__exit_sma_200__entry_hours_5__exit_hours_5,ema_50__sma_200,EMA/SMA,ema_50,sma_200,5.0,False,0.15185395600940868,0.17638623451869018,True,-0.024532278509281497
v5_30m__entry_ema_50__exit_sma_250__entry_hours_5__exit_hours_5,ema_50__sma_250,EMA/SMA,ema_50,sma_250,5.0,False,0.23737775377707848,0.275892013050645,True,-0.0385142592735665
v5_30m__entry_ema_50__exit_sma_50__entry_hours_5__exit_hours_5,ema_50__sma_50,EMA/SMA,ema_50,sma_50,5.0,False,0.16548391012565955,0.21178143894773113,True,-0.04629752882207158
v5_30m__entry_macd_12_26_9__exit_ema_10__entry_hours_5__exit_hours_5,macd_12_26_9__ema_10,MACD/EMA,macd_12_26_9,ema_10,5.0,False,0.006854275385403044,0.09667237840179971,True,-0.08981810301639666
v5_30m__entry_macd_12_26_9__exit_ema_100__entry_hours_5__exit_hours_5,macd_12_26_9__ema_100,MACD/EMA,macd_12_26_9,ema_100,5.0,True,0.3301568803757909,0.2519950113135395,True,0.07816186906225137
v5_30m__entry_macd_12_26_9__exit_ema_20__entry_hours_5__exit_hours_5,macd_12_26_9__ema_20,MACD/EMA,macd_12_26_9,ema_20,5.0,False,0.11200723469765242,0.3493518170015414,True,-0.23734458230388897
v5_30m__entry_macd_12_26_9__exit_ema_200__entry_hours_5__exit_hours_5,macd_12_26_9__ema_200,MACD/EMA,macd_12_26_9,ema_200,5.0,False,0.2442123732297905,0.23079648399291705,True,0.013415889236873452
v5_30m__entry_macd_12_26_9__exit_ema_250__entry_hours_5__exit_hours_5,macd_12_26_9__ema_250,MACD/EMA,macd_12_26_9,ema_250,5.0,False,0.3067109829757599,0.1838063064624598,True,0.12290467651330009
v5_30m__entry_macd_12_26_9__exit_ema_50__entry_hours_5__exit_hours_5,macd_12_26_9__ema_50,MACD/EMA,macd_12_26_9,ema_50,5.0,False,0.01634135192237405,0.19839467366397762,True,-0.18205332174160357
v5_30m__entry_macd_12_26_9__exit_macd_12_26_9__entry_hours_5__exit_hours_5,macd_12_26_9__macd_12_26_9,MACD/MACD,macd_12_26_9,macd_12_26_9,5.0,False,-0.15138869812495898,-0.05015681922882513,True,-0.10123187889613385
v5_30m__entry_macd_12_26_9__exit_macd_24_52_18__entry_hours_5__exit_hours_5,macd_12_26_9__macd_24_52_18,MACD/MACD,macd_12_26_9,macd_24_52_18,5.0,False,-0.13776303578245247,-0.09729091902528748,True,-0.040472116757164986
v5_30m__entry_macd_12_26_9__exit_macd_48_104_36__entry_hours_5__exit_hours_5,macd_12_26_9__macd_48_104_36,MACD/MACD,macd_12_26_9,macd_48_104_36,5.0,False,-0.007644505857663275,0.0645230696217943,True,-0.07216757547945757
v5_30m__entry_macd_12_26_9__exit_macd_6_13_5__entry_hours_5__exit_hours_5,macd_12_26_9__macd_6_13_5,MACD/MACD,macd_12_26_9,macd_6_13_5,5.0,False,-0.0775399554444038,-0.03804642279195789,True,-0.03949353265244591
v5_30m__entry_macd_12_26_9__exit_macd_96_208_72__entry_hours_5__exit_hours_5,macd_12_26_9__macd_96_208_72,MACD/MACD,macd_12_26_9,macd_96_208_72,5.0,True,0.1246263449090407,0.18932454793521306,True,-0.06469820302617235
v5_30m__entry_macd_12_26_9__exit_sma_10__entry_hours_5__exit_hours_5,macd_12_26_9__sma_10,MACD/SMA,macd_12_26_9,sma_10,5.0,False,-0.006067569925451926,0.014384966182920485,True,-0.020452536108372412
v5_30m__entry_macd_12_26_9__exit_sma_100__entry_hours_5__exit_hours_5,macd_12_26_9__sma_100,MACD/SMA,macd_12_26_9,sma_100,5.0,False,0.2844462644418027,0.18305796985185535,True,0.10138829458994736
v5_30m__entry_macd_12_26_9__exit_sma_20__entry_hours_5__exit_hours_5,macd_12_26_9__sma_20,MACD/SMA,macd_12_26_9,sma_20,5.0,False,0.045924537313013845,0.2757097708180151,True,-0.22978523350500127
v5_30m__entry_macd_12_26_9__exit_sma_200__entry_hours_5__exit_hours_5,macd_12_26_9__sma_200,MACD/SMA,macd_12_26_9,sma_200,5.0,False,0.17621443278873414,0.1593953508049668,True,0.01681908198376733
v5_30m__entry_macd_12_26_9__exit_sma_250__entry_hours_5__exit_hours_5,macd_12_26_9__sma_250,MACD/SMA,macd_12_26_9,sma_250,5.0,False,0.2862239983286407,0.23313442889803296,True,0.05308956943060775
v5_30m__entry_macd_12_26_9__exit_sma_50__entry_hours_5__exit_hours_5,macd_12_26_9__sma_50,MACD/SMA,macd_12_26_9,sma_50,5.0,True,0.2574762642333078,0.30197418064047843,True,-0.0444979164071706
v5_30m__entry_macd_24_52_18__exit_ema_10__entry_hours_5__exit_hours_5,macd_24_52_18__ema_10,MACD/EMA,macd_24_52_18,ema_10,5.0,False,-0.1633660574053022,-0.17729919477407613,True,0.01393313736877394
v5_30m__entry_macd_24_52_18__exit_ema_100__entry_hours_5__exit_hours_5,macd_24_52_18__ema_100,MACD/EMA,macd_24_52_18,ema_100,5.0,True,0.2842643318259163,0.34588549350256825,True,-0.06162116167665194
v5_30m__entry_macd_24_52_18__exit_ema_20__entry_hours_5__exit_hours_5,macd_24_52_18__ema_20,MACD/EMA,macd_24_52_18,ema_20,5.0,False,0.015426436599254991,0.08823242655205842,True,-0.07280598995280342
v5_30m__entry_macd_24_52_18__exit_ema_200__entry_hours_5__exit_hours_5,macd_24_52_18__ema_200,MACD/EMA,macd_24_52_18,ema_200,5.0,False,0.14697419367662543,0.038576601851310864,True,0.10839759182531455
v5_30m__entry_macd_24_52_18__exit_ema_250__entry_hours_5__exit_hours_5,macd_24_52_18__ema_250,MACD/EMA,macd_24_52_18,ema_250,5.0,False,0.3211879703616575,0.21813457779921872,True,0.10305339256243881
v5_30m__entry_macd_24_52_18__exit_ema_50__entry_hours_5__exit_hours_5,macd_24_52_18__ema_50,MACD/EMA,macd_24_52_18,ema_50,5.0,False,0.11527717868837582,0.19567372070025785,True,-0.08039654201188202
v5_30m__entry_macd_24_52_18__exit_macd_12_26_9__entry_hours_5__exit_hours_5,macd_24_52_18__macd_12_26_9,MACD/MACD,macd_24_52_18,macd_12_26_9,5.0,False,-0.2150203652258196,-0.13901978476403284,True,-0.07600058046178676
v5_30m__entry_macd_24_52_18__exit_macd_24_52_18__entry_hours_5__exit_hours_5,macd_24_52_18__macd_24_52_18,MACD/MACD,macd_24_52_18,macd_24_52_18,5.0,False,-0.1684897392870125,-0.12124680179990625,True,-0.04724293748710624
v5_30m__entry_macd_24_52_18__exit_macd_48_104_36__entry_hours_5__exit_hours_5,macd_24_52_18__macd_48_104_36,MACD/MACD,macd_24_52_18,macd_48_104_36,5.0,False,0.0068510872302553595,0.06348267292164896,True,-0.05663158569139359
v5_30m__entry_macd_24_52_18__exit_macd_6_13_5__entry_hours_5__exit_hours_5,macd_24_52_18__macd_6_13_5,MACD/MACD,macd_24_52_18,macd_6_13_5,5.0,False,-0.30249855339327386,-0.22124770582046516,True,-0.0812508475728087
v5_30m__entry_macd_24_52_18__exit_macd_96_208_72__entry_hours_5__exit_hours_5,macd_24_52_18__macd_96_208_72,MACD/MACD,macd_24_52_18,macd_96_208_72,5.0,False,0.11492300368658209,0.16489882865510538,True,-0.04997582496852329
v5_30m__entry_macd_24_52_18__exit_sma_10__entry_hours_5__exit_hours_5,macd_24_52_18__sma_10,MACD/SMA,macd_24_52_18,sma_10,5.0,False,-0.17334929863803517,-0.2527660457993101,True,0.07941674716127495
v5_30m__entry_macd_24_52_18__exit_sma_100__entry_hours_5__exit_hours_5,macd_24_52_18__sma_100,MACD/SMA,macd_24_52_18,sma_100,5.0,False,0.3310737462263808,0.2815835691692267,True,0.04949017705715408
v5_30m__entry_macd_24_52_18__exit_sma_20__entry_hours_5__exit_hours_5,macd_24_52_18__sma_20,MACD/SMA,macd_24_52_18,sma_20,5.0,False,-0.006467119138162807,0.14407231228142342,True,-0.15053943141958623
v5_30m__entry_macd_24_52_18__exit_sma_200__entry_hours_5__exit_hours_5,macd_24_52_18__sma_200,MACD/SMA,macd_24_52_18,sma_200,5.0,False,0.19632423288367448,0.05373798559744341,True,0.14258624728623107
v5_30m__entry_macd_24_52_18__exit_sma_250__entry_hours_5__exit_hours_5,macd_24_52_18__sma_250,MACD/SMA,macd_24_52_18,sma_250,5.0,True,0.3115783120886567,0.2624020855323676,True,0.049176226556289115
v5_30m__entry_macd_24_52_18__exit_sma_50__entry_hours_5__exit_hours_5,macd_24_52_18__sma_50,MACD/SMA,macd_24_52_18,sma_50,5.0,False,0.27335520383410017,0.1924333058867206,True,0.08092189794737956
v5_30m__entry_macd_48_104_36__exit_ema_10__entry_hours_5__exit_hours_5,macd_48_104_36__ema_10,MACD/EMA,macd_48_104_36,ema_10,5.0,False,-0.18528048586739587,0.03448760042492447,True,-0.21976808629232034
v5_30m__entry_macd_48_104_36__exit_ema_100__entry_hours_5__exit_hours_5,macd_48_104_36__ema_100,MACD/EMA,macd_48_104_36,ema_100,5.0,False,0.22045378416662006,0.2485118872003444,True,-0.02805810303372433
v5_30m__entry_macd_48_104_36__exit_ema_20__entry_hours_5__exit_hours_5,macd_48_104_36__ema_20,MACD/EMA,macd_48_104_36,ema_20,5.0,False,-0.028613049349384384,0.1589579519004396,True,-0.18757100124982398
v5_30m__entry_macd_48_104_36__exit_ema_200__entry_hours_5__exit_hours_5,macd_48_104_36__ema_200,MACD/EMA,macd_48_104_36,ema_200,5.0,False,0.16952331598890083,0.12368352574334625,True,0.04583979024555458
v5_30m__entry_macd_48_104_36__exit_ema_250__entry_hours_5__exit_hours_5,macd_48_104_36__ema_250,MACD/EMA,macd_48_104_36,ema_250,5.0,False,0.3081232649369832,0.15084058222576516,True,0.15728268271121806
v5_30m__entry_macd_48_104_36__exit_ema_50__entry_hours_5__exit_hours_5,macd_48_104_36__ema_50,MACD/EMA,macd_48_104_36,ema_50,5.0,False,0.14632552593822468,0.15165428497255848,True,-0.005328759034333802
v5_30m__entry_macd_48_104_36__exit_macd_12_26_9__entry_hours_5__exit_hours_5,macd_48_104_36__macd_12_26_9,MACD/MACD,macd_48_104_36,macd_12_26_9,5.0,False,-0.1768008254688179,-0.09492820142784347,True,-0.08187262404097442
v5_30m__entry_macd_48_104_36__exit_macd_24_52_18__entry_hours_5__exit_hours_5,macd_48_104_36__macd_24_52_18,MACD/MACD,macd_48_104_36,macd_24_52_18,5.0,False,-0.1011665309318548,-0.0593564494637505,True,-0.041810081468104304
v5_30m__entry_macd_48_104_36__exit_macd_48_104_36__entry_hours_5__exit_hours_5,macd_48_104_36__macd_48_104_36,MACD/MACD,macd_48_104_36,macd_48_104_36,5.0,False,0.0005563299426666202,0.059038478179540874,True,-0.058482148236874254
v5_30m__entry_macd_48_104_36__exit_macd_6_13_5__entry_hours_5__exit_hours_5,macd_48_104_36__macd_6_13_5,MACD/MACD,macd_48_104_36,macd_6_13_5,5.0,False,-0.3920009053738995,-0.24994494313057333,True,-0.14205596224332614
v5_30m__entry_macd_48_104_36__exit_macd_96_208_72__entry_hours_5__exit_hours_5,macd_48_104_36__macd_96_208_72,MACD/MACD,macd_48_104_36,macd_96_208_72,5.0,True,0.10561248574322617,0.1780850318940042,True,-0.07247254615077804
v5_30m__entry_macd_48_104_36__exit_sma_10__entry_hours_5__exit_hours_5,macd_48_104_36__sma_10,MACD/SMA,macd_48_104_36,sma_10,5.0,False,-0.19876550203982057,-0.15298304419964567,True,-0.0457824578401749
v5_30m__entry_macd_48_104_36__exit_sma_100__entry_hours_5__exit_hours_5,macd_48_104_36__sma_100,MACD/SMA,macd_48_104_36,sma_100,5.0,False,0.34307598878775974,0.20688133291105346,True,0.1361946558767063
v5_30m__entry_macd_48_104_36__exit_sma_20__entry_hours_5__exit_hours_5,macd_48_104_36__sma_20,MACD/SMA,macd_48_104_36,sma_20,5.0,False,-0.1253255088548849,0.2527713749066454,True,-0.3780968837615303
v5_30m__entry_macd_48_104_36__exit_sma_200__entry_hours_5__exit_hours_5,macd_48_104_36__sma_200,MACD/SMA,macd_48_104_36,sma_200,5.0,False,0.11757304831952956,0.08380688632393145,True,0.03376616199559811
v5_30m__entry_macd_48_104_36__exit_sma_250__entry_hours_5__exit_hours_5,macd_48_104_36__sma_250,MACD/SMA,macd_48_104_36,sma_250,5.0,False,0.2433481701090449,0.2563091465984941,True,-0.012960976489449189
v5_30m__entry_macd_48_104_36__exit_sma_50__entry_hours_5__exit_hours_5,macd_48_104_36__sma_50,MACD/SMA,macd_48_104_36,sma_50,5.0,False,0.22360202018162503,0.13424332681152007,True,0.08935869337010496
v5_30m__entry_macd_6_13_5__exit_ema_10__entry_hours_5__exit_hours_5,macd_6_13_5__ema_10,MACD/EMA,macd_6_13_5,ema_10,5.0,False,-0.10658137380777925,-0.09518555692943119,True,-0.011395816878348064
v5_30m__entry_macd_6_13_5__exit_ema_100__entry_hours_5__exit_hours_5,macd_6_13_5__ema_100,MACD/EMA,macd_6_13_5,ema_100,5.0,False,0.3330276468450259,0.20905005498886176,True,0.12397759185616414
v5_30m__entry_macd_6_13_5__exit_ema_20__entry_hours_5__exit_hours_5,macd_6_13_5__ema_20,MACD/EMA,macd_6_13_5,ema_20,5.0,False,0.15056614070214389,0.3932842103998786,True,-0.2427180696977347
v5_30m__entry_macd_6_13_5__exit_ema_200__entry_hours_5__exit_hours_5,macd_6_13_5__ema_200,MACD/EMA,macd_6_13_5,ema_200,5.0,False,0.3165660919898371,0.28673791590516057,True,0.029828176084676528
v5_30m__entry_macd_6_13_5__exit_ema_250__entry_hours_5__exit_hours_5,macd_6_13_5__ema_250,MACD/EMA,macd_6_13_5,ema_250,5.0,True,0.3884296753080859,0.2357207832752722,True,0.1527088920328137
v5_30m__entry_macd_6_13_5__exit_ema_50__entry_hours_5__exit_hours_5,macd_6_13_5__ema_50,MACD/EMA,macd_6_13_5,ema_50,5.0,False,0.0566320625779626,0.2916194114240565,True,-0.2349873488460939
v5_30m__entry_macd_6_13_5__exit_macd_12_26_9__entry_hours_5__exit_hours_5,macd_6_13_5__macd_12_26_9,MACD/MACD,macd_6_13_5,macd_12_26_9,5.0,False,-0.12766168574926826,0.02305298574551216,True,-0.1507146714947804
v5_30m__entry_macd_6_13_5__exit_macd_24_52_18__entry_hours_5__exit_hours_5,macd_6_13_5__macd_24_52_18,MACD/MACD,macd_6_13_5,macd_24_52_18,5.0,False,-0.17150650138074916,-0.08478910274393897,True,-0.08671739863681019
v5_30m__entry_macd_6_13_5__exit_macd_48_104_36__entry_hours_5__exit_hours_5,macd_6_13_5__macd_48_104_36,MACD/MACD,macd_6_13_5,macd_48_104_36,5.0,False,0.00038967531260257276,0.0808892648389764,True,-0.08049958952637383
v5_30m__entry_macd_6_13_5__exit_macd_6_13_5__entry_hours_5__exit_hours_5,macd_6_13_5__macd_6_13_5,MACD/MACD,macd_6_13_5,macd_6_13_5,5.0,False,-0.27101782745477604,-0.19194352131521258,True,-0.07907430613956345
v5_30m__entry_macd_6_13_5__exit_macd_96_208_72__entry_hours_5__exit_hours_5,macd_6_13_5__macd_96_208_72,MACD/MACD,macd_6_13_5,macd_96_208_72,5.0,False,0.08604471505446981,0.16503114378334596,True,-0.07898642872887615
v5_30m__entry_macd_6_13_5__exit_sma_10__entry_hours_5__exit_hours_5,macd_6_13_5__sma_10,MACD/SMA,macd_6_13_5,sma_10,5.0,False,-0.15842092728355606,-0.06135077599801717,True,-0.09707015128553889
v5_30m__entry_macd_6_13_5__exit_sma_100__entry_hours_5__exit_hours_5,macd_6_13_5__sma_100,MACD/SMA,macd_6_13_5,sma_100,5.0,False,0.2679097498589497,0.11466980414669015,True,0.15323994571225957
v5_30m__entry_macd_6_13_5__exit_sma_20__entry_hours_5__exit_hours_5,macd_6_13_5__sma_20,MACD/SMA,macd_6_13_5,sma_20,5.0,False,0.10540516892288626,0.31445977057862495,True,-0.2090546016557387
v5_30m__entry_macd_6_13_5__exit_sma_200__entry_hours_5__exit_hours_5,macd_6_13_5__sma_200,MACD/SMA,macd_6_13_5,sma_200,5.0,False,0.20049339866414986,0.14170203850062213,True,0.058791360163527734
v5_30m__entry_macd_6_13_5__exit_sma_250__entry_hours_5__exit_hours_5,macd_6_13_5__sma_250,MACD/SMA,macd_6_13_5,sma_250,5.0,False,0.2883681783607056,0.2699246235264358,True,0.018443554834269793
v5_30m__entry_macd_6_13_5__exit_sma_50__entry_hours_5__exit_hours_5,macd_6_13_5__sma_50,MACD/SMA,macd_6_13_5,sma_50,5.0,False,0.2602792197735623,0.3373352045939966,True,-0.0770559848204343
v5_30m__entry_macd_96_208_72__exit_ema_10__entry_hours_5__exit_hours_5,macd_96_208_72__ema_10,MACD/EMA,macd_96_208_72,ema_10,5.0,False,-0.17484632544329268,0.15066532983641298,True,-0.32551165527970566
v5_30m__entry_macd_96_208_72__exit_ema_100__entry_hours_5__exit_hours_5,macd_96_208_72__ema_100,MACD/EMA,macd_96_208_72,ema_100,5.0,True,0.34987832516226625,0.24876418537290512,True,0.10111413978936112
v5_30m__entry_macd_96_208_72__exit_ema_20__entry_hours_5__exit_hours_5,macd_96_208_72__ema_20,MACD/EMA,macd_96_208_72,ema_20,5.0,False,0.1057854877970827,0.3006826338687007,True,-0.194897146071618
v5_30m__entry_macd_96_208_72__exit_ema_200__entry_hours_5__exit_hours_5,macd_96_208_72__ema_200,MACD/EMA,macd_96_208_72,ema_200,5.0,True,0.3279782862916326,0.2486568790396074,True,0.07932140725202522
v5_30m__entry_macd_96_208_72__exit_ema_250__entry_hours_5__exit_hours_5,macd_96_208_72__ema_250,MACD/EMA,macd_96_208_72,ema_250,5.0,False,0.29940373726041586,0.30133914433361414,True,-0.0019354070731982809
v5_30m__entry_macd_96_208_72__exit_ema_50__entry_hours_5__exit_hours_5,macd_96_208_72__ema_50,MACD/EMA,macd_96_208_72,ema_50,5.0,False,0.3199491844020546,0.2835095290459566,True,0.036439655356098
v5_30m__entry_macd_96_208_72__exit_macd_12_26_9__entry_hours_5__exit_hours_5,macd_96_208_72__macd_12_26_9,MACD/MACD,macd_96_208_72,macd_12_26_9,5.0,True,0.006592177352351659,0.1278668706026702,True,-0.12127469325031856
v5_30m__entry_macd_96_208_72__exit_macd_24_52_18__entry_hours_5__exit_hours_5,macd_96_208_72__macd_24_52_18,MACD/MACD,macd_96_208_72,macd_24_52_18,5.0,False,0.030028092939211683,0.004733282577231128,True,0.025294810361980558
v5_30m__entry_macd_96_208_72__exit_macd_48_104_36__entry_hours_5__exit_hours_5,macd_96_208_72__macd_48_104_36,MACD/MACD,macd_96_208_72,macd_48_104_36,5.0,True,0.15314005543429246,0.24574763724732063,True,-0.09260758181302817
v5_30m__entry_macd_96_208_72__exit_macd_6_13_5__entry_hours_5__exit_hours_5,macd_96_208_72__macd_6_13_5,MACD/MACD,macd_96_208_72,macd_6_13_5,5.0,False,-0.23207866025106058,-0.009116973083050206,True,-0.22296168716801038
v5_30m__entry_macd_96_208_72__exit_macd_96_208_72__entry_hours_5__exit_hours_5,macd_96_208_72__macd_96_208_72,MACD/MACD,macd_96_208_72,macd_96_208_72,5.0,True,0.11492300368658209,0.1605682318828898,True,-0.0456452281963077
v5_30m__entry_macd_96_208_72__exit_sma_10__entry_hours_5__exit_hours_5,macd_96_208_72__sma_10,MACD/SMA,macd_96_208_72,sma_10,5.0,False,-0.19420596983011792,0.009673866296208254,True,-0.20387983612632618
v5_30m__entry_macd_96_208_72__exit_sma_100__entry_hours_5__exit_hours_5,macd_96_208_72__sma_100,MACD/SMA,macd_96_208_72,sma_100,5.0,True,0.35044222104390155,0.23415642261128206,True,0.11628579843261949
v5_30m__entry_macd_96_208_72__exit_sma_20__entry_hours_5__exit_hours_5,macd_96_208_72__sma_20,MACD/SMA,macd_96_208_72,sma_20,5.0,False,0.04063329040164204,0.31773684879009023,True,-0.2771035583884482
v5_30m__entry_macd_96_208_72__exit_sma_200__entry_hours_5__exit_hours_5,macd_96_208_72__sma_200,MACD/SMA,macd_96_208_72,sma_200,5.0,True,0.32802901574578663,0.30563219290983745,True,0.02239682283594918
v5_30m__entry_macd_96_208_72__exit_sma_250__entry_hours_5__exit_hours_5,macd_96_208_72__sma_250,MACD/SMA,macd_96_208_72,sma_250,5.0,False,0.2648457964528295,0.3218964496759517,True,-0.057050653223122194
v5_30m__entry_macd_96_208_72__exit_sma_50__entry_hours_5__exit_hours_5,macd_96_208_72__sma_50,MACD/SMA,macd_96_208_72,sma_50,5.0,True,0.37154099104292054,0.3214393896303881,True,0.05010160141253245
v5_30m__entry_sma_100__exit_ema_10__entry_hours_5__exit_hours_5,sma_100__ema_10,SMA/EMA,sma_100,ema_10,5.0,False,-0.10486257804582355,-0.0477304623622807,True,-0.05713211568354285
v5_30m__entry_sma_100__exit_ema_100__entry_hours_5__exit_hours_5,sma_100__ema_100,SMA/EMA,sma_100,ema_100,5.0,False,0.2532141577117093,0.2367142444866327,True,0.0164999132250766
v5_30m__entry_sma_100__exit_ema_20__entry_hours_5__exit_hours_5,sma_100__ema_20,SMA/EMA,sma_100,ema_20,5.0,False,0.04473759527935752,0.14972042322937665,True,-0.10498282795001912
v5_30m__entry_sma_100__exit_ema_200__entry_hours_5__exit_hours_5,sma_100__ema_200,SMA/EMA,sma_100,ema_200,5.0,False,0.1860772031109732,0.13050843463565556,True,0.05556876847531764
v5_30m__entry_sma_100__exit_ema_250__entry_hours_5__exit_hours_5,sma_100__ema_250,SMA/EMA,sma_100,ema_250,5.0,False,0.3048351764726774,0.18603949674194095,True,0.11879567973073643
v5_30m__entry_sma_100__exit_ema_50__entry_hours_5__exit_hours_5,sma_100__ema_50,SMA/EMA,sma_100,ema_50,5.0,False,0.25889087755010926,0.22471992147822725,True,0.034170956071882
v5_30m__entry_sma_100__exit_macd_12_26_9__entry_hours_5__exit_hours_5,sma_100__macd_12_26_9,SMA/MACD,sma_100,macd_12_26_9,5.0,False,-0.126221275412318,-0.16859566809357193,True,0.042374392681253925
v5_30m__entry_sma_100__exit_macd_24_52_18__entry_hours_5__exit_hours_5,sma_100__macd_24_52_18,SMA/MACD,sma_100,macd_24_52_18,5.0,False,0.05569714182017264,-0.1564919624751042,True,0.21218910429527682
v5_30m__entry_sma_100__exit_macd_48_104_36__entry_hours_5__exit_hours_5,sma_100__macd_48_104_36,SMA/MACD,sma_100,macd_48_104_36,5.0,True,0.24036257718142834,0.028749054769666597,True,0.21161352241176173
v5_30m__entry_sma_100__exit_macd_6_13_5__entry_hours_5__exit_hours_5,sma_100__macd_6_13_5,SMA/MACD,sma_100,macd_6_13_5,5.0,False,-0.23414278371934968,-0.3862908182941333,True,0.15214803457478362
v5_30m__entry_sma_100__exit_macd_96_208_72__entry_hours_5__exit_hours_5,sma_100__macd_96_208_72,SMA/MACD,sma_100,macd_96_208_72,5.0,True,0.32044703820022785,0.10665873943651964,True,0.2137882987637082
v5_30m__entry_sma_100__exit_sma_10__entry_hours_5__exit_hours_5,sma_100__sma_10,SMA/SMA,sma_100,sma_10,5.0,False,-0.25620706616728894,-0.16218815873068493,True,-0.09401890743660402
v5_30m__entry_sma_100__exit_sma_100__entry_hours_5__exit_hours_5,sma_100__sma_100,SMA/SMA,sma_100,sma_100,5.0,False,0.272492711755176,0.12613850053571193,True,0.14635421121946404
v5_30m__entry_sma_100__exit_sma_20__entry_hours_5__exit_hours_5,sma_100__sma_20,SMA/SMA,sma_100,sma_20,5.0,False,-0.055467690609035114,0.14539435143846427,True,-0.20086204204749938
v5_30m__entry_sma_100__exit_sma_200__entry_hours_5__exit_hours_5,sma_100__sma_200,SMA/SMA,sma_100,sma_200,5.0,False,0.13590500918966253,0.11362854354780044,True,0.022276465641862087
v5_30m__entry_sma_100__exit_sma_250__entry_hours_5__exit_hours_5,sma_100__sma_250,SMA/SMA,sma_100,sma_250,5.0,False,0.24429095181654223,0.27545934922334825,True,-0.03116839740680602
v5_30m__entry_sma_100__exit_sma_50__entry_hours_5__exit_hours_5,sma_100__sma_50,SMA/SMA,sma_100,sma_50,5.0,True,0.3195124953030628,0.21285985836880875,True,0.10665263693425406
v5_30m__entry_sma_10__exit_ema_10__entry_hours_5__exit_hours_5,sma_10__ema_10,SMA/EMA,sma_10,ema_10,5.0,False,-0.15419995187197205,-0.017663739448417964,True,-0.1365362124235541
v5_30m__entry_sma_10__exit_ema_100__entry_hours_5__exit_hours_5,sma_10__ema_100,SMA/EMA,sma_10,ema_100,5.0,True,0.35928514698799363,0.2533153179256109,True,0.10596982906238273
v5_30m__entry_sma_10__exit_ema_20__entry_hours_5__exit_hours_5,sma_10__ema_20,SMA/EMA,sma_10,ema_20,5.0,False,0.11089282213076396,0.3411043840613864,True,-0.23021156193062242
v5_30m__entry_sma_10__exit_ema_200__entry_hours_5__exit_hours_5,sma_10__ema_200,SMA/EMA,sma_10,ema_200,5.0,False,0.24431265189258217,0.23670739169878957,True,0.007605260193792596
v5_30m__entry_sma_10__exit_ema_250__entry_hours_5__exit_hours_5,sma_10__ema_250,SMA/EMA,sma_10,ema_250,5.0,False,0.3495810687619991,0.2577482421717187,True,0.09183282659028041
v5_30m__entry_sma_10__exit_ema_50__entry_hours_5__exit_hours_5,sma_10__ema_50,SMA/EMA,sma_10,ema_50,5.0,False,0.05773490908395179,0.2813456963184928,True,-0.22361078723454103
v5_30m__entry_sma_10__exit_macd_12_26_9__entry_hours_5__exit_hours_5,sma_10__macd_12_26_9,SMA/MACD,sma_10,macd_12_26_9,5.0,False,-0.21512409211157232,0.0022807514729781954,True,-0.2174048435845505
v5_30m__entry_sma_10__exit_macd_24_52_18__entry_hours_5__exit_hours_5,sma_10__macd_24_52_18,SMA/MACD,sma_10,macd_24_52_18,5.0,False,-0.09313510960991157,-0.08557883694855466,True,-0.0075562726613569164
v5_30m__entry_sma_10__exit_macd_48_104_36__entry_hours_5__exit_hours_5,sma_10__macd_48_104_36,SMA/MACD,sma_10,macd_48_104_36,5.0,False,-0.010055313653972497,0.046116846817210115,True,-0.05617216047118261
v5_30m__entry_sma_10__exit_macd_6_13_5__entry_hours_5__exit_hours_5,sma_10__macd_6_13_5,SMA/MACD,sma_10,macd_6_13_5,5.0,False,-0.47665963877883893,-0.382602031475174,True,-0.09405760730366491
v5_30m__entry_sma_10__exit_macd_96_208_72__entry_hours_5__exit_hours_5,sma_10__macd_96_208_72,SMA/MACD,sma_10,macd_96_208_72,5.0,False,0.11354191757794674,0.1701393409829781,True,-0.05659742340503135
v5_30m__entry_sma_10__exit_sma_10__entry_hours_5__exit_hours_5,sma_10__sma_10,SMA/SMA,sma_10,sma_10,5.0,False,-0.21024173078434205,-0.06092987926780446,True,-0.14931185151653759
v5_30m__entry_sma_10__exit_sma_100__entry_hours_5__exit_hours_5,sma_10__sma_100,SMA/SMA,sma_10,sma_100,5.0,False,0.2634529245069347,0.18254537047769903,True,0.08090755402923566
v5_30m__entry_sma_10__exit_sma_20__entry_hours_5__exit_hours_5,sma_10__sma_20,SMA/SMA,sma_10,sma_20,5.0,True,0.0419333133605648,0.3973558022241376,True,-0.35542248886357275
v5_30m__entry_sma_10__exit_sma_200__entry_hours_5__exit_hours_5,sma_10__sma_200,SMA/SMA,sma_10,sma_200,5.0,False,0.1767703566669486,0.20425280311566912,True,-0.027482446448720527
v5_30m__entry_sma_10__exit_sma_250__entry_hours_5__exit_hours_5,sma_10__sma_250,SMA/SMA,sma_10,sma_250,5.0,False,0.25983489857867403,0.3088493479650651,True,-0.049014449386391046
v5_30m__entry_sma_10__exit_sma_50__entry_hours_5__exit_hours_5,sma_10__sma_50,SMA/SMA,sma_10,sma_50,5.0,True,0.28248720731160687,0.31887350811874654,True,-0.03638630080713967
v5_30m__entry_sma_200__exit_ema_10__entry_hours_5__exit_hours_5,sma_200__ema_10,SMA/EMA,sma_200,ema_10,5.0,False,-0.31300359441778364,-0.15391345563160827,True,-0.15909013878617537
v5_30m__entry_sma_200__exit_ema_100__entry_hours_5__exit_hours_5,sma_200__ema_100,SMA/EMA,sma_200,ema_100,5.0,False,0.28013977853634664,0.17353504263493041,True,0.10660473590141623
v5_30m__entry_sma_200__exit_ema_20__entry_hours_5__exit_hours_5,sma_200__ema_20,SMA/EMA,sma_200,ema_20,5.0,False,-0.15482266201095754,-0.11183094203641195,True,-0.042991719974545595
v5_30m__entry_sma_200__exit_ema_200__entry_hours_5__exit_hours_5,sma_200__ema_200,SMA/EMA,sma_200,ema_200,5.0,False,0.2374657325505541,0.10821488703876408,True,0.12925084551179
v5_30m__entry_sma_200__exit_ema_250__entry_hours_5__exit_hours_5,sma_200__ema_250,SMA/EMA,sma_200,ema_250,5.0,False,0.2654006119973173,0.19275481604691197,True,0.07264579595040532
v5_30m__entry_sma_200__exit_ema_50__entry_hours_5__exit_hours_5,sma_200__ema_50,SMA/EMA,sma_200,ema_50,5.0,False,0.1101824745278621,0.0688386562920333,True,0.041343818235828805
v5_30m__entry_sma_200__exit_macd_12_26_9__entry_hours_5__exit_hours_5,sma_200__macd_12_26_9,SMA/MACD,sma_200,macd_12_26_9,5.0,False,-0.03970168836183697,-0.030370502779174715,True,-0.009331185582662254
v5_30m__entry_sma_200__exit_macd_24_52_18__entry_hours_5__exit_hours_5,sma_200__macd_24_52_18,SMA/MACD,sma_200,macd_24_52_18,5.0,False,-0.22070980660290046,-0.3118562231094378,True,0.09114641650653732
v5_30m__entry_sma_200__exit_macd_48_104_36__entry_hours_5__exit_hours_5,sma_200__macd_48_104_36,SMA/MACD,sma_200,macd_48_104_36,5.0,False,-0.11291622254776493,-0.013089943619171266,True,-0.09982627892859366
v5_30m__entry_sma_200__exit_macd_6_13_5__entry_hours_5__exit_hours_5,sma_200__macd_6_13_5,SMA/MACD,sma_200,macd_6_13_5,5.0,False,0.08885704132252008,-0.11993163133239154,True,0.20878867265491163
v5_30m__entry_sma_200__exit_macd_96_208_72__entry_hours_5__exit_hours_5,sma_200__macd_96_208_72,SMA/MACD,sma_200,macd_96_208_72,5.0,False,0.14370192482615407,0.16556302780445492,True,-0.02186110297830085
v5_30m__entry_sma_200__exit_sma_10__entry_hours_5__exit_hours_5,sma_200__sma_10,SMA/SMA,sma_200,sma_10,5.0,False,-0.33570719810723526,-0.1907468396867628,True,-0.14496035842047247
v5_30m__entry_sma_200__exit_sma_100__entry_hours_5__exit_hours_5,sma_200__sma_100,SMA/SMA,sma_200,sma_100,5.0,False,0.034215308168371976,-0.021218118274778815,True,0.05543342644315079
v5_30m__entry_sma_200__exit_sma_20__entry_hours_5__exit_hours_5,sma_200__sma_20,SMA/SMA,sma_200,sma_20,5.0,False,-0.2113283011170258,-0.02383902793236807,True,-0.18748927318465775
v5_30m__entry_sma_200__exit_sma_200__entry_hours_5__exit_hours_5,sma_200__sma_200,SMA/SMA,sma_200,sma_200,5.0,False,0.162195236108813,0.0614431327929076,True,0.10075210331590541
v5_30m__entry_sma_200__exit_sma_250__entry_hours_5__exit_hours_5,sma_200__sma_250,SMA/SMA,sma_200,sma_250,5.0,False,0.24246930970356473,0.27059904731276374,True,-0.028129737609199013
v5_30m__entry_sma_200__exit_sma_50__entry_hours_5__exit_hours_5,sma_200__sma_50,SMA/SMA,sma_200,sma_50,5.0,False,0.10620610830380461,0.01903756575933883,True,0.08716854254446578
v5_30m__entry_sma_20__exit_ema_10__entry_hours_5__exit_hours_5,sma_20__ema_10,SMA/EMA,sma_20,ema_10,5.0,False,-0.047794741809656885,0.15207353973017154,True,-0.19986828153982844
v5_30m__entry_sma_20__exit_ema_100__entry_hours_5__exit_hours_5,sma_20__ema_100,SMA/EMA,sma_20,ema_100,5.0,True,0.353823305715477,0.33163871427024283,True,0.02218459144523416
v5_30m__entry_sma_20__exit_ema_20__entry_hours_5__exit_hours_5,sma_20__ema_20,SMA/EMA,sma_20,ema_20,5.0,False,0.06470177364897928,0.3536244230778022,True,-0.2889226494288229
v5_30m__entry_sma_20__exit_ema_200__entry_hours_5__exit_hours_5,sma_20__ema_200,SMA/EMA,sma_20,ema_200,5.0,False,0.1839958225564103,0.19316330002804866,True,-0.009167477471638347
v5_30m__entry_sma_20__exit_ema_250__entry_hours_5__exit_hours_5,sma_20__ema_250,SMA/EMA,sma_20,ema_250,5.0,True,0.29191391399357236,0.23075759095571138,True,0.06115632303786098
v5_30m__entry_sma_20__exit_ema_50__entry_hours_5__exit_hours_5,sma_20__ema_50,SMA/EMA,sma_20,ema_50,5.0,False,0.07341658154176213,0.24701422522583466,True,-0.17359764368407254
v5_30m__entry_sma_20__exit_macd_12_26_9__entry_hours_5__exit_hours_5,sma_20__macd_12_26_9,SMA/MACD,sma_20,macd_12_26_9,5.0,False,-0.07563811529932589,0.1280302525098118,True,-0.20366836780913766
v5_30m__entry_sma_20__exit_macd_24_52_18__entry_hours_5__exit_hours_5,sma_20__macd_24_52_18,SMA/MACD,sma_20,macd_24_52_18,5.0,False,-0.08164841698990712,-0.09845636187278212,True,0.016807944882875
v5_30m__entry_sma_20__exit_macd_48_104_36__entry_hours_5__exit_hours_5,sma_20__macd_48_104_36,SMA/MACD,sma_20,macd_48_104_36,5.0,False,-0.009804433347840981,0.06937582916227006,True,-0.07918026251011104
v5_30m__entry_sma_20__exit_macd_6_13_5__entry_hours_5__exit_hours_5,sma_20__macd_6_13_5,SMA/MACD,sma_20,macd_6_13_5,5.0,False,-0.12330101910138651,0.024342433881856303,True,-0.1476434529832428
v5_30m__entry_sma_20__exit_macd_96_208_72__entry_hours_5__exit_hours_5,sma_20__macd_96_208_72,SMA/MACD,sma_20,macd_96_208_72,5.0,False,0.1337605802765005,0.16344052486618202,True,-0.02967994458968151
v5_30m__entry_sma_20__exit_sma_10__entry_hours_5__exit_hours_5,sma_20__sma_10,SMA/SMA,sma_20,sma_10,5.0,False,-0.07521030439001111,0.0807852867228286,True,-0.15599559111283973
v5_30m__entry_sma_20__exit_sma_100__entry_hours_5__exit_hours_5,sma_20__sma_100,SMA/SMA,sma_20,sma_100,5.0,False,0.25901635982127735,0.2459058308330993,True,0.01311052898817805
v5_30m__entry_sma_20__exit_sma_20__entry_hours_5__exit_hours_5,sma_20__sma_20,SMA/SMA,sma_20,sma_20,5.0,False,0.06507257536965609,0.3560619129898959,True,-0.2909893376202398
v5_30m__entry_sma_20__exit_sma_200__entry_hours_5__exit_hours_5,sma_20__sma_200,SMA/SMA,sma_20,sma_200,5.0,False,0.1406640471524089,0.16791880213394697,True,-0.027254754981538065
v5_30m__entry_sma_20__exit_sma_250__entry_hours_5__exit_hours_5,sma_20__sma_250,SMA/SMA,sma_20,sma_250,5.0,False,0.2526145548618708,0.2839241473932526,True,-0.031309592531381825
v5_30m__entry_sma_20__exit_sma_50__entry_hours_5__exit_hours_5,sma_20__sma_50,SMA/SMA,sma_20,sma_50,5.0,True,0.2545194063048258,0.3189337366588616,True,-0.06441433035403582
v5_30m__entry_sma_250__exit_ema_10__entry_hours_5__exit_hours_5,sma_250__ema_10,SMA/EMA,sma_250,ema_10,5.0,False,-0.09006724152529308,0.05699673264891661,True,-0.1470639741742097
v5_30m__entry_sma_250__exit_ema_100__entry_hours_5__exit_hours_5,sma_250__ema_100,SMA/EMA,sma_250,ema_100,5.0,True,0.3474426666035556,0.30539886889045337,True,0.04204379771310224
v5_30m__entry_sma_250__exit_ema_20__entry_hours_5__exit_hours_5,sma_250__ema_20,SMA/EMA,sma_250,ema_20,5.0,False,0.013698809736453061,0.14622185884556668,True,-0.1325230491091136
v5_30m__entry_sma_250__exit_ema_200__entry_hours_5__exit_hours_5,sma_250__ema_200,SMA/EMA,sma_250,ema_200,5.0,False,0.28079416576201155,0.21590378022167703,True,0.06489038554033452
v5_30m__entry_sma_250__exit_ema_250__entry_hours_5__exit_hours_5,sma_250__ema_250,SMA/EMA,sma_250,ema_250,5.0,False,0.2862988869932743,0.25906258144438976,True,0.027236305548884565
v5_30m__entry_sma_250__exit_ema_50__entry_hours_5__exit_hours_5,sma_250__ema_50,SMA/EMA,sma_250,ema_50,5.0,False,0.11284581471552645,0.20032706232502162,True,-0.08748124760949517
v5_30m__entry_sma_250__exit_macd_12_26_9__entry_hours_5__exit_hours_5,sma_250__macd_12_26_9,SMA/MACD,sma_250,macd_12_26_9,5.0,True,0.11116759619469258,0.25950630191004226,True,-0.14833870571534968
v5_30m__entry_sma_250__exit_macd_24_52_18__entry_hours_5__exit_hours_5,sma_250__macd_24_52_18,SMA/MACD,sma_250,macd_24_52_18,5.0,False,-0.09316828128706577,0.0320659498669322,True,-0.12523423115399795
v5_30m__entry_sma_250__exit_macd_48_104_36__entry_hours_5__exit_hours_5,sma_250__macd_48_104_36,SMA/MACD,sma_250,macd_48_104_36,5.0,False,0.08836627104968035,0.20529052846520518,True,-0.11692425741552483
v5_30m__entry_sma_250__exit_macd_6_13_5__entry_hours_5__exit_hours_5,sma_250__macd_6_13_5,SMA/MACD,sma_250,macd_6_13_5,5.0,True,0.2136010729512807,-0.023926805264447643,True,0.23752787821572835
v5_30m__entry_sma_250__exit_macd_96_208_72__entry_hours_5__exit_hours_5,sma_250__macd_96_208_72,SMA/MACD,sma_250,macd_96_208_72,5.0,True,0.45143095908631264,0.4919102303298107,True,-0.04047927124349804
v5_30m__entry_sma_250__exit_sma_10__entry_hours_5__exit_hours_5,sma_250__sma_10,SMA/SMA,sma_250,sma_10,5.0,False,-0.16995710173638723,0.024258521213915696,True,-0.19421562295030292
v5_30m__entry_sma_250__exit_sma_100__entry_hours_5__exit_hours_5,sma_250__sma_100,SMA/SMA,sma_250,sma_100,5.0,False,0.19163548526943106,0.1996038698982598,True,-0.007968384628828734
v5_30m__entry_sma_250__exit_sma_20__entry_hours_5__exit_hours_5,sma_250__sma_20,SMA/SMA,sma_250,sma_20,5.0,False,-0.02802381506225064,0.19555302537749422,True,-0.22357684043974485
v5_30m__entry_sma_250__exit_sma_200__entry_hours_5__exit_hours_5,sma_250__sma_200,SMA/SMA,sma_250,sma_200,5.0,False,0.2834836102771865,0.22047916199355763,True,0.06300444828362886
v5_30m__entry_sma_250__exit_sma_250__entry_hours_5__exit_hours_5,sma_250__sma_250,SMA/SMA,sma_250,sma_250,5.0,False,0.27358355321239547,0.2589968372330883,True,0.014586715979307163
v5_30m__entry_sma_250__exit_sma_50__entry_hours_5__exit_hours_5,sma_250__sma_50,SMA/SMA,sma_250,sma_50,5.0,False,0.13487794023635508,0.2205492402935725,True,-0.08567130005721743
v5_30m__entry_sma_50__exit_ema_10__entry_hours_5__exit_hours_5,sma_50__ema_10,SMA/EMA,sma_50,ema_10,5.0,False,-0.08862219390151317,-0.09397694554443742,True,0.0053547516429242464
v5_30m__entry_sma_50__exit_ema_100__entry_hours_5__exit_hours_5,sma_50__ema_100,SMA/EMA,sma_50,ema_100,5.0,False,0.21198659286855276,0.25498967813224716,True,-0.043003085263694396
v5_30m__entry_sma_50__exit_ema_20__entry_hours_5__exit_hours_5,sma_50__ema_20,SMA/EMA,sma_50,ema_20,5.0,False,0.044204765957134864,0.13134201196214132,True,-0.08713724600500646
v5_30m__entry_sma_50__exit_ema_200__entry_hours_5__exit_hours_5,sma_50__ema_200,SMA/EMA,sma_50,ema_200,5.0,False,0.25130235230603026,0.16357988588130185,True,0.08772246642472842
v5_30m__entry_sma_50__exit_ema_250__entry_hours_5__exit_hours_5,sma_50__ema_250,SMA/EMA,sma_50,ema_250,5.0,True,0.36540424384415077,0.25602463092826233,True,0.10937961291588844
v5_30m__entry_sma_50__exit_ema_50__entry_hours_5__exit_hours_5,sma_50__ema_50,SMA/EMA,sma_50,ema_50,5.0,False,0.09945420577125232,0.1935354993885933,True,-0.09408129361734098
v5_30m__entry_sma_50__exit_macd_12_26_9__entry_hours_5__exit_hours_5,sma_50__macd_12_26_9,SMA/MACD,sma_50,macd_12_26_9,5.0,False,-0.13600357762970716,0.044237324137862195,True,-0.18024090176756935
v5_30m__entry_sma_50__exit_macd_24_52_18__entry_hours_5__exit_hours_5,sma_50__macd_24_52_18,SMA/MACD,sma_50,macd_24_52_18,5.0,False,-0.03585392430872707,-0.03496320165371667,True,-0.0008907226550103967
v5_30m__entry_sma_50__exit_macd_48_104_36__entry_hours_5__exit_hours_5,sma_50__macd_48_104_36,SMA/MACD,sma_50,macd_48_104_36,5.0,False,-0.044149377216730595,0.03375991179044204,True,-0.07790928900717264
v5_30m__entry_sma_50__exit_macd_6_13_5__entry_hours_5__exit_hours_5,sma_50__macd_6_13_5,SMA/MACD,sma_50,macd_6_13_5,5.0,False,-0.20628637829516805,-0.3140234134050947,True,0.10773703510992666
v5_30m__entry_sma_50__exit_macd_96_208_72__entry_hours_5__exit_hours_5,sma_50__macd_96_208_72,SMA/MACD,sma_50,macd_96_208_72,5.0,False,0.09798111322843765,0.1456139689034943,True,-0.04763285567505664
v5_30m__entry_sma_50__exit_sma_10__entry_hours_5__exit_hours_5,sma_50__sma_10,SMA/SMA,sma_50,sma_10,5.0,False,-0.18313377442472714,-0.22944804227899032,True,0.04631426785426318
v5_30m__entry_sma_50__exit_sma_100__entry_hours_5__exit_hours_5,sma_50__sma_100,SMA/SMA,sma_50,sma_100,5.0,False,0.24527631568796449,0.1616540292987374,True,0.08362228638922709
v5_30m__entry_sma_50__exit_sma_20__entry_hours_5__exit_hours_5,sma_50__sma_20,SMA/SMA,sma_50,sma_20,5.0,False,-0.05847635142774377,0.2593123638451282,True,-0.31778871527287195
v5_30m__entry_sma_50__exit_sma_200__entry_hours_5__exit_hours_5,sma_50__sma_200,SMA/SMA,sma_50,sma_200,5.0,False,0.21294208023970257,0.11800408284870101,True,0.09493799739100156
v5_30m__entry_sma_50__exit_sma_250__entry_hours_5__exit_hours_5,sma_50__sma_250,SMA/SMA,sma_50,sma_250,5.0,False,0.27737192184354686,0.2759518636817017,True,0.0014200581618451502
v5_30m__entry_sma_50__exit_sma_50__entry_hours_5__exit_hours_5,sma_50__sma_50,SMA/SMA,sma_50,sma_50,5.0,True,0.2734748413422016,0.1652563699705109,True,0.10821847137169072
v5_30m__entry_ema_100__exit_ema_10__entry_hours_5p5__exit_hours_5p5,ema_100__ema_10,EMA/EMA,ema_100,ema_10,5.5,False,-0.08108148511582271,-0.0006079830197040435,True,-0.08047350209611866
v5_30m__entry_ema_100__exit_ema_100__entry_hours_5p5__exit_hours_5p5,ema_100__ema_100,EMA/EMA,ema_100,ema_100,5.5,False,0.36341629001686143,0.26002747535994064,True,0.10338881465692079
v5_30m__entry_ema_100__exit_ema_20__entry_hours_5p5__exit_hours_5p5,ema_100__ema_20,EMA/EMA,ema_100,ema_20,5.5,False,0.04053172771674077,0.24731206597189026,True,-0.2067803382551495
v5_30m__entry_ema_100__exit_ema_200__entry_hours_5p5__exit_hours_5p5,ema_100__ema_200,EMA/EMA,ema_100,ema_200,5.5,False,0.27479412412450854,0.15038308416861185,True,0.1244110399558967
v5_30m__entry_ema_100__exit_ema_250__entry_hours_5p5__exit_hours_5p5,ema_100__ema_250,EMA/EMA,ema_100,ema_250,5.5,False,0.3146745215438732,0.2048396593405551,True,0.10983486220331812
v5_30m__entry_ema_100__exit_ema_50__entry_hours_5p5__exit_hours_5p5,ema_100__ema_50,EMA/EMA,ema_100,ema_50,5.5,False,0.2213785965877,0.3283270971041166,True,-0.1069485005164166
v5_30m__entry_ema_100__exit_macd_12_26_9__entry_hours_5p5__exit_hours_5p5,ema_100__macd_12_26_9,EMA/MACD,ema_100,macd_12_26_9,5.5,False,-0.0002476802445708562,0.1110696443983843,True,-0.11131732464295516
v5_30m__entry_ema_100__exit_macd_24_52_18__entry_hours_5p5__exit_hours_5p5,ema_100__macd_24_52_18,EMA/MACD,ema_100,macd_24_52_18,5.5,False,-0.0035812633409650616,0.12828172443477173,True,-0.1318629877757368
v5_30m__entry_ema_100__exit_macd_48_104_36__entry_hours_5p5__exit_hours_5p5,ema_100__macd_48_104_36,EMA/MACD,ema_100,macd_48_104_36,5.5,False,0.1596640900388543,0.2839908383932107,True,-0.12432674835435642
v5_30m__entry_ema_100__exit_macd_6_13_5__entry_hours_5p5__exit_hours_5p5,ema_100__macd_6_13_5,EMA/MACD,ema_100,macd_6_13_5,5.5,False,0.0043957242007201395,-0.27656485502109796,True,0.2809605792218181
v5_30m__entry_ema_100__exit_macd_96_208_72__entry_hours_5p5__exit_hours_5p5,ema_100__macd_96_208_72,EMA/MACD,ema_100,macd_96_208_72,5.5,False,0.2664335826283992,0.35977786496833447,True,-0.09334428233993525
v5_30m__entry_ema_100__exit_sma_10__entry_hours_5p5__exit_hours_5p5,ema_100__sma_10,EMA/SMA,ema_100,sma_10,5.5,False,-0.1511586840907717,-0.13929407390727558,True,-0.011864610183496133
v5_30m__entry_ema_100__exit_sma_100__entry_hours_5p5__exit_hours_5p5,ema_100__sma_100,EMA/SMA,ema_100,sma_100,5.5,False,0.2388240267372692,0.22312607301458304,True,0.015697953722686175
v5_30m__entry_ema_100__exit_sma_20__entry_hours_5p5__exit_hours_5p5,ema_100__sma_20,EMA/SMA,ema_100,sma_20,5.5,False,-0.03675767564730056,0.26574609221734224,True,-0.3025037678646428
v5_30m__entry_ema_100__exit_sma_200__entry_hours_5p5__exit_hours_5p5,ema_100__sma_200,EMA/SMA,ema_100,sma_200,5.5,False,0.1286052783081268,0.15294067917570942,True,-0.024335400867582624
v5_30m__entry_ema_100__exit_sma_250__entry_hours_5p5__exit_hours_5p5,ema_100__sma_250,EMA/SMA,ema_100,sma_250,5.5,False,0.23901821650928037,0.2681067214191236,True,-0.029088504909843244
v5_30m__entry_ema_100__exit_sma_50__entry_hours_5p5__exit_hours_5p5,ema_100__sma_50,EMA/SMA,ema_100,sma_50,5.5,True,0.2413773894022649,0.3543849174179127,True,-0.11300752801564781
v5_30m__entry_ema_10__exit_ema_10__entry_hours_5p5__exit_hours_5p5,ema_10__ema_10,EMA/EMA,ema_10,ema_10,5.5,False,-0.2177285435949611,0.04238228775696942,True,-0.2601108313519305
v5_30m__entry_ema_10__exit_ema_100__entry_hours_5p5__exit_hours_5p5,ema_10__ema_100,EMA/EMA,ema_10,ema_100,5.5,True,0.35363445755355694,0.28292642504301196,True,0.07070803251054497
v5_30m__entry_ema_10__exit_ema_20__entry_hours_5p5__exit_hours_5p5,ema_10__ema_20,EMA/EMA,ema_10,ema_20,5.5,False,0.07096726677059274,0.4074960362135531,True,-0.3365287694429604
v5_30m__entry_ema_10__exit_ema_200__entry_hours_5p5__exit_hours_5p5,ema_10__ema_200,EMA/EMA,ema_10,ema_200,5.5,False,0.32455693491959015,0.24679641125008211,True,0.07776052366950803
v5_30m__entry_ema_10__exit_ema_250__entry_hours_5p5__exit_hours_5p5,ema_10__ema_250,EMA/EMA,ema_10,ema_250,5.5,False,0.33114056230293104,0.2535970817655029,True,0.07754348053742816
v5_30m__entry_ema_10__exit_ema_50__entry_hours_5p5__exit_hours_5p5,ema_10__ema_50,EMA/EMA,ema_10,ema_50,5.5,False,0.034522626095370865,0.29332963587277333,True,-0.25880700977740245
v5_30m__entry_ema_10__exit_macd_12_26_9__entry_hours_5p5__exit_hours_5p5,ema_10__macd_12_26_9,EMA/MACD,ema_10,macd_12_26_9,5.5,False,-0.0864031562349357,0.04448900367367532,True,-0.13089215990861103
v5_30m__entry_ema_10__exit_macd_24_52_18__entry_hours_5p5__exit_hours_5p5,ema_10__macd_24_52_18,EMA/MACD,ema_10,macd_24_52_18,5.5,False,-0.05193000966177794,-0.09447657861976214,True,0.0425465689579842
v5_30m__entry_ema_10__exit_macd_48_104_36__entry_hours_5p5__exit_hours_5p5,ema_10__macd_48_104_36,EMA/MACD,ema_10,macd_48_104_36,5.5,False,0.007484796918786722,0.06041333402917477,True,-0.05292853711038805
v5_30m__entry_ema_10__exit_macd_6_13_5__entry_hours_5p5__exit_hours_5p5,ema_10__macd_6_13_5,EMA/MACD,ema_10,macd_6_13_5,5.5,False,-0.3055949602960136,-0.337329343855825,True,0.03173438355981145
v5_30m__entry_ema_10__exit_macd_96_208_72__entry_hours_5p5__exit_hours_5p5,ema_10__macd_96_208_72,EMA/MACD,ema_10,macd_96_208_72,5.5,False,0.1206323486693492,0.1701393409829781,True,-0.049506992313628886
v5_30m__entry_ema_10__exit_sma_10__entry_hours_5p5__exit_hours_5p5,ema_10__sma_10,EMA/SMA,ema_10,sma_10,5.5,False,-0.22134016373184548,-0.02027189997570593,True,-0.20106826375613956
v5_30m__entry_ema_10__exit_sma_100__entry_hours_5p5__exit_hours_5p5,ema_10__sma_100,EMA/SMA,ema_10,sma_100,5.5,False,0.2536837049163055,0.21723681396672326,True,0.03644689094958223
v5_30m__entry_ema_10__exit_sma_20__entry_hours_5p5__exit_hours_5p5,ema_10__sma_20,EMA/SMA,ema_10,sma_20,5.5,True,-0.0040489490249291235,0.42097776631184786,True,-0.425026715336777
v5_30m__entry_ema_10__exit_sma_200__entry_hours_5p5__exit_hours_5p5,ema_10__sma_200,EMA/SMA,ema_10,sma_200,5.5,False,0.09858498891742092,0.19696945041182182,True,-0.0983844614944009
v5_30m__entry_ema_10__exit_sma_250__entry_hours_5p5__exit_hours_5p5,ema_10__sma_250,EMA/SMA,ema_10,sma_250,5.5,False,0.22643092329653705,0.3076816409695035,True,-0.08125071767296646
v5_30m__entry_ema_10__exit_sma_50__entry_hours_5p5__exit_hours_5p5,ema_10__sma_50,EMA/SMA,ema_10,sma_50,5.5,True,0.24095496202501465,0.33207476598594116,True,-0.0911198039609265
v5_30m__entry_ema_200__exit_ema_10__entry_hours_5p5__exit_hours_5p5,ema_200__ema_10,EMA/EMA,ema_200,ema_10,5.5,False,0.025060060038589696,0.09988745464702359,True,-0.07482739460843389
v5_30m__entry_ema_200__exit_ema_100__entry_hours_5p5__exit_hours_5p5,ema_200__ema_100,EMA/EMA,ema_200,ema_100,5.5,True,0.4486997783009183,0.2473743971928503,True,0.201325381108068
v5_30m__entry_ema_200__exit_ema_20__entry_hours_5p5__exit_hours_5p5,ema_200__ema_20,EMA/EMA,ema_200,ema_20,5.5,False,0.05679616795809021,0.1589425052753569,True,-0.10214633731726667
v5_30m__entry_ema_200__exit_ema_200__entry_hours_5p5__exit_hours_5p5,ema_200__ema_200,EMA/EMA,ema_200,ema_200,5.5,False,0.3377735698659459,0.1825266450478972,True,0.15524692481804872
v5_30m__entry_ema_200__exit_ema_250__entry_hours_5p5__exit_hours_5p5,ema_200__ema_250,EMA/EMA,ema_200,ema_250,5.5,False,0.32165470055033185,0.2549479211262679,True,0.06670677942406394
v5_30m__entry_ema_200__exit_ema_50__entry_hours_5p5__exit_hours_5p5,ema_200__ema_50,EMA/EMA,ema_200,ema_50,5.5,False,0.19440925841813872,0.190591816351735,True,0.00381744206640372
v5_30m__entry_ema_200__exit_macd_12_26_9__entry_hours_5p5__exit_hours_5p5,ema_200__macd_12_26_9,EMA/MACD,ema_200,macd_12_26_9,5.5,False,0.25672804018696294,0.2726890572681901,True,-0.015961017081227158
v5_30m__entry_ema_200__exit_macd_24_52_18__entry_hours_5p5__exit_hours_5p5,ema_200__macd_24_52_18,EMA/MACD,ema_200,macd_24_52_18,5.5,False,-0.0323656721537354,0.0022133693682327886,True,-0.03457904152196819
v5_30m__entry_ema_200__exit_macd_48_104_36__entry_hours_5p5__exit_hours_5p5,ema_200__macd_48_104_36,EMA/MACD,ema_200,macd_48_104_36,5.5,False,0.20712376249720274,0.15829215559599513,True,0.04883160690120761
v5_30m__entry_ema_200__exit_macd_6_13_5__entry_hours_5p5__exit_hours_5p5,ema_200__macd_6_13_5,EMA/MACD,ema_200,macd_6_13_5,5.5,True,0.35843582336909463,0.01374523804187511,True,0.3446905853272195
v5_30m__entry_ema_200__exit_macd_96_208_72__entry_hours_5p5__exit_hours_5p5,ema_200__macd_96_208_72,EMA/MACD,ema_200,macd_96_208_72,5.5,True,0.4923828057217835,0.4521443181480897,True,0.040238487573693804
v5_30m__entry_ema_200__exit_sma_10__entry_hours_5p5__exit_hours_5p5,ema_200__sma_10,EMA/SMA,ema_200,sma_10,5.5,False,0.0013046475483143457,0.043594792551802146,True,-0.0422901450034878
v5_30m__entry_ema_200__exit_sma_100__entry_hours_5p5__exit_hours_5p5,ema_200__sma_100,EMA/SMA,ema_200,sma_100,5.5,False,0.27107061856755477,0.10943336572303634,True,0.1616372528445184
v5_30m__entry_ema_200__exit_sma_20__entry_hours_5p5__exit_hours_5p5,ema_200__sma_20,EMA/SMA,ema_200,sma_20,5.5,False,-0.021594836151521708,0.1978819181163215,True,-0.21947675426784322
v5_30m__entry_ema_200__exit_sma_200__entry_hours_5p5__exit_hours_5p5,ema_200__sma_200,EMA/SMA,ema_200,sma_200,5.5,False,0.28440197017897034,0.16939549064342743,True,0.11500647953554291
v5_30m__entry_ema_200__exit_sma_250__entry_hours_5p5__exit_hours_5p5,ema_200__sma_250,EMA/SMA,ema_200,sma_250,5.5,False,0.2506210164313397,0.295301844313221,True,-0.04468082788188127
v5_30m__entry_ema_200__exit_sma_50__entry_hours_5p5__exit_hours_5p5,ema_200__sma_50,EMA/SMA,ema_200,sma_50,5.5,True,0.23109019653606153,0.19608868657989567,True,0.035001509956165855
v5_30m__entry_ema_20__exit_ema_10__entry_hours_5p5__exit_hours_5p5,ema_20__ema_10,EMA/EMA,ema_20,ema_10,5.5,False,-0.021948638009784346,0.11333849185533337,True,-0.1352871298651177
v5_30m__entry_ema_20__exit_ema_100__entry_hours_5p5__exit_hours_5p5,ema_20__ema_100,EMA/EMA,ema_20,ema_100,5.5,True,0.3890325453751838,0.3084589117540858,True,0.08057363362109798
v5_30m__entry_ema_20__exit_ema_20__entry_hours_5p5__exit_hours_5p5,ema_20__ema_20,EMA/EMA,ema_20,ema_20,5.5,False,0.08776412362992578,0.33516626164033736,True,-0.24740213801041158
v5_30m__entry_ema_20__exit_ema_200__entry_hours_5p5__exit_hours_5p5,ema_20__ema_200,EMA/EMA,ema_20,ema_200,5.5,False,0.2939967543465762,0.19302553893031535,True,0.10097121541626083
v5_30m__entry_ema_20__exit_ema_250__entry_hours_5p5__exit_hours_5p5,ema_20__ema_250,EMA/EMA,ema_20,ema_250,5.5,False,0.30026982888445175,0.2693014992255929,True,0.030968329658858873
v5_30m__entry_ema_20__exit_ema_50__entry_hours_5p5__exit_hours_5p5,ema_20__ema_50,EMA/EMA,ema_20,ema_50,5.5,False,0.024863762629822532,0.2528875695267343,True,-0.22802380689691176
v5_30m__entry_ema_20__exit_macd_12_26_9__entry_hours_5p5__exit_hours_5p5,ema_20__macd_12_26_9,EMA/MACD,ema_20,macd_12_26_9,5.5,False,0.017654556426213337,0.032109806858264145,True,-0.014455250432050808
v5_30m__entry_ema_20__exit_macd_24_52_18__entry_hours_5p5__exit_hours_5p5,ema_20__macd_24_52_18,EMA/MACD,ema_20,macd_24_52_18,5.5,False,-0.0471247428920847,-0.0326899165458147,True,-0.014434826346270004
v5_30m__entry_ema_20__exit_macd_48_104_36__entry_hours_5p5__exit_hours_5p5,ema_20__macd_48_104_36,EMA/MACD,ema_20,macd_48_104_36,5.5,False,0.0032000194706281963,0.06537010652989599,True,-0.06217008705926779
v5_30m__entry_ema_20__exit_macd_6_13_5__entry_hours_5p5__exit_hours_5p5,ema_20__macd_6_13_5,EMA/MACD,ema_20,macd_6_13_5,5.5,False,0.03184745849664527,-0.11252877930989884,True,0.1443762378065441
v5_30m__entry_ema_20__exit_macd_96_208_72__entry_hours_5p5__exit_hours_5p5,ema_20__macd_96_208_72,EMA/MACD,ema_20,macd_96_208_72,5.5,False,0.10990619565972176,0.16489882865510538,True,-0.05499263299538362
v5_30m__entry_ema_20__exit_sma_10__entry_hours_5p5__exit_hours_5p5,ema_20__sma_10,EMA/SMA,ema_20,sma_10,5.5,False,0.0312885252358646,0.006178142283133949,True,0.025110382952730655
v5_30m__entry_ema_20__exit_sma_100__entry_hours_5p5__exit_hours_5p5,ema_20__sma_100,EMA/SMA,ema_20,sma_100,5.5,False,0.28335511742946096,0.23831683043913535,True,0.04503828699032561
v5_30m__entry_ema_20__exit_sma_20__entry_hours_5p5__exit_hours_5p5,ema_20__sma_20,EMA/SMA,ema_20,sma_20,5.5,False,0.051130238525272965,0.4204221554160418,True,-0.3692919168907688
v5_30m__entry_ema_20__exit_sma_200__entry_hours_5p5__exit_hours_5p5,ema_20__sma_200,EMA/SMA,ema_20,sma_200,5.5,False,0.10045436603882249,0.15903135902657678,True,-0.05857699298775429
v5_30m__entry_ema_20__exit_sma_250__entry_hours_5p5__exit_hours_5p5,ema_20__sma_250,EMA/SMA,ema_20,sma_250,5.5,False,0.20655988032072792,0.27327386820124583,True,-0.06671398788051791
v5_30m__entry_ema_20__exit_sma_50__entry_hours_5p5__exit_hours_5p5,ema_20__sma_50,EMA/SMA,ema_20,sma_50,5.5,False,0.23776180327552526,0.2929388762492825,True,-0.055177072973757235
v5_30m__entry_ema_250__exit_ema_10__entry_hours_5p5__exit_hours_5p5,ema_250__ema_10,EMA/EMA,ema_250,ema_10,5.5,False,0.04272956943247826,0.13538534402234675,True,-0.0926557745898685
v5_30m__entry_ema_250__exit_ema_100__entry_hours_5p5__exit_hours_5p5,ema_250__ema_100,EMA/EMA,ema_250,ema_100,5.5,True,0.37908979677734617,0.3545106767997482,True,0.024579119977597985
v5_30m__entry_ema_250__exit_ema_20__entry_hours_5p5__exit_hours_5p5,ema_250__ema_20,EMA/EMA,ema_250,ema_20,5.5,False,0.09540442551110001,0.24198167384301483,True,-0.14657724833191482
v5_30m__entry_ema_250__exit_ema_200__entry_hours_5p5__exit_hours_5p5,ema_250__ema_200,EMA/EMA,ema_250,ema_200,5.5,False,0.3303897289477244,0.24453467116009633,True,0.08585505778762806
v5_30m__entry_ema_250__exit_ema_250__entry_hours_5p5__exit_hours_5p5,ema_250__ema_250,EMA/EMA,ema_250,ema_250,5.5,False,0.3489981512315004,0.2418391106175752,True,0.1071590406139252
v5_30m__entry_ema_250__exit_ema_50__entry_hours_5p5__exit_hours_5p5,ema_250__ema_50,EMA/EMA,ema_250,ema_50,5.5,False,0.13818242886080384,0.3019856816831141,True,-0.16380325282231029
v5_30m__entry_ema_250__exit_macd_12_26_9__entry_hours_5p5__exit_hours_5p5,ema_250__macd_12_26_9,EMA/MACD,ema_250,macd_12_26_9,5.5,True,0.26706047495154434,0.3004419828161448,True,-0.03338150786460048
v5_30m__entry_ema_250__exit_macd_24_52_18__entry_hours_5p5__exit_hours_5p5,ema_250__macd_24_52_18,EMA/MACD,ema_250,macd_24_52_18,5.5,False,-0.007725841674237887,0.06633157662185257,True,-0.07405741829609046
v5_30m__entry_ema_250__exit_macd_48_104_36__entry_hours_5p5__exit_hours_5p5,ema_250__macd_48_104_36,EMA/MACD,ema_250,macd_48_104_36,5.5,False,0.11570115764448136,0.23223936978870546,True,-0.11653821214422411
v5_30m__entry_ema_250__exit_macd_6_13_5__entry_hours_5p5__exit_hours_5p5,ema_250__macd_6_13_5,EMA/MACD,ema_250,macd_6_13_5,5.5,True,0.3413584817745445,0.004320951533029749,True,0.3370375302415147
v5_30m__entry_ema_250__exit_macd_96_208_72__entry_hours_5p5__exit_hours_5p5,ema_250__macd_96_208_72,EMA/MACD,ema_250,macd_96_208_72,5.5,True,0.42177777187561777,0.48169134509777994,True,-0.059913573222162175
v5_30m__entry_ema_250__exit_sma_10__entry_hours_5p5__exit_hours_5p5,ema_250__sma_10,EMA/SMA,ema_250,sma_10,5.5,False,-0.026568404805194488,0.08741208481457227,True,-0.11398048961976676
v5_30m__entry_ema_250__exit_sma_100__entry_hours_5p5__exit_hours_5p5,ema_250__sma_100,EMA/SMA,ema_250,sma_100,5.5,False,0.194177967720965,0.23863835869141053,True,-0.044460390970445546
v5_30m__entry_ema_250__exit_sma_20__entry_hours_5p5__exit_hours_5p5,ema_250__sma_20,EMA/SMA,ema_250,sma_20,5.5,False,0.012458507031727756,0.292018940434404,True,-0.2795604334026763
v5_30m__entry_ema_250__exit_sma_200__entry_hours_5p5__exit_hours_5p5,ema_250__sma_200,EMA/SMA,ema_250,sma_200,5.5,False,0.2278918641918128,0.1399485000732323,True,0.08794336411858047
v5_30m__entry_ema_250__exit_sma_250__entry_hours_5p5__exit_hours_5p5,ema_250__sma_250,EMA/SMA,ema_250,sma_250,5.5,False,0.2417563602223665,0.27306904073857,True,-0.031312680516203534
v5_30m__entry_ema_250__exit_sma_50__entry_hours_5p5__exit_hours_5p5,ema_250__sma_50,EMA/SMA,ema_250,sma_50,5.5,True,0.17190627483482268,0.24563342266915664,True,-0.07372714783433396
v5_30m__entry_ema_50__exit_ema_10__entry_hours_5p5__exit_hours_5p5,ema_50__ema_10,EMA/EMA,ema_50,ema_10,5.5,False,-0.3208933128600942,-0.11883383465858063,True,-0.20205947820151357
v5_30m__entry_ema_50__exit_ema_100__entry_hours_5p5__exit_hours_5p5,ema_50__ema_100,EMA/EMA,ema_50,ema_100,5.5,True,0.2806646175438467,0.31280924482724637,True,-0.032144627283399674
v5_30m__entry_ema_50__exit_ema_20__entry_hours_5p5__exit_hours_5p5,ema_50__ema_20,EMA/EMA,ema_50,ema_20,5.5,False,-0.20875242464761537,0.13835396155375768,True,-0.347106386201373
v5_30m__entry_ema_50__exit_ema_200__entry_hours_5p5__exit_hours_5p5,ema_50__ema_200,EMA/EMA,ema_50,ema_200,5.5,False,0.23665039850872374,0.17224309443874863,True,0.06440730406997511
v5_30m__entry_ema_50__exit_ema_250__entry_hours_5p5__exit_hours_5p5,ema_50__ema_250,EMA/EMA,ema_50,ema_250,5.5,False,0.31934927114121675,0.2434381516390642,True,0.07591111950215254
v5_30m__entry_ema_50__exit_ema_50__entry_hours_5p5__exit_hours_5p5,ema_50__ema_50,EMA/EMA,ema_50,ema_50,5.5,False,-0.021774702474818466,0.19138391838000113,True,-0.2131586208548196
v5_30m__entry_ema_50__exit_macd_12_26_9__entry_hours_5p5__exit_hours_5p5,ema_50__macd_12_26_9,EMA/MACD,ema_50,macd_12_26_9,5.5,False,-0.2977205526278931,0.037349799948385165,True,-0.33507035257627826
v5_30m__entry_ema_50__exit_macd_24_52_18__entry_hours_5p5__exit_hours_5p5,ema_50__macd_24_52_18,EMA/MACD,ema_50,macd_24_52_18,5.5,False,-0.1435204883121048,-0.0733129922661896,True,-0.07020749604591518
v5_30m__entry_ema_50__exit_macd_48_104_36__entry_hours_5p5__exit_hours_5p5,ema_50__macd_48_104_36,EMA/MACD,ema_50,macd_48_104_36,5.5,False,-0.06533428975451117,0.0026057337369784633,True,-0.06794002349148963
v5_30m__entry_ema_50__exit_macd_6_13_5__entry_hours_5p5__exit_hours_5p5,ema_50__macd_6_13_5,EMA/MACD,ema_50,macd_6_13_5,5.5,False,-0.4907369085030557,-0.23606243051252473,True,-0.25467447799053095
v5_30m__entry_ema_50__exit_macd_96_208_72__entry_hours_5p5__exit_hours_5p5,ema_50__macd_96_208_72,EMA/MACD,ema_50,macd_96_208_72,5.5,False,0.09351867030216526,0.1477677931427919,True,-0.054249122840626635
v5_30m__entry_ema_50__exit_sma_10__entry_hours_5p5__exit_hours_5p5,ema_50__sma_10,EMA/SMA,ema_50,sma_10,5.5,False,-0.37550139648709674,-0.1589736820920096,True,-0.21652771439508714
v5_30m__entry_ema_50__exit_sma_100__entry_hours_5p5__exit_hours_5p5,ema_50__sma_100,EMA/SMA,ema_50,sma_100,5.5,False,0.23231624266813003,0.21708323404220775,True,0.015233008625922279
v5_30m__entry_ema_50__exit_sma_20__entry_hours_5p5__exit_hours_5p5,ema_50__sma_20,EMA/SMA,ema_50,sma_20,5.5,False,-0.25290966762569583,0.25506146671504637,True,-0.5079711343407423
v5_30m__entry_ema_50__exit_sma_200__entry_hours_5p5__exit_hours_5p5,ema_50__sma_200,EMA/SMA,ema_50,sma_200,5.5,False,0.09043631128033577,0.17638623451869018,True,-0.0859499232383544
v5_30m__entry_ema_50__exit_sma_250__entry_hours_5p5__exit_hours_5p5,ema_50__sma_250,EMA/SMA,ema_50,sma_250,5.5,False,0.20720528889116566,0.275892013050645,True,-0.06868672415947932
v5_30m__entry_ema_50__exit_sma_50__entry_hours_5p5__exit_hours_5p5,ema_50__sma_50,EMA/SMA,ema_50,sma_50,5.5,False,0.09485993487985157,0.21178143894773113,True,-0.11692150406787956
v5_30m__entry_macd_12_26_9__exit_ema_10__entry_hours_5p5__exit_hours_5p5,macd_12_26_9__ema_10,MACD/EMA,macd_12_26_9,ema_10,5.5,False,0.031007934468976144,0.09667237840179971,True,-0.06566444393282356
v5_30m__entry_macd_12_26_9__exit_ema_100__entry_hours_5p5__exit_hours_5p5,macd_12_26_9__ema_100,MACD/EMA,macd_12_26_9,ema_100,5.5,True,0.3237042982627434,0.2519950113135395,True,0.07170928694920387
v5_30m__entry_macd_12_26_9__exit_ema_20__entry_hours_5p5__exit_hours_5p5,macd_12_26_9__ema_20,MACD/EMA,macd_12_26_9,ema_20,5.5,False,0.10143178303318785,0.3493518170015414,True,-0.24792003396835355
v5_30m__entry_macd_12_26_9__exit_ema_200__entry_hours_5p5__exit_hours_5p5,macd_12_26_9__ema_200,MACD/EMA,macd_12_26_9,ema_200,5.5,False,0.30414768539756565,0.23079648399291705,True,0.0733512014046486
v5_30m__entry_macd_12_26_9__exit_ema_250__entry_hours_5p5__exit_hours_5p5,macd_12_26_9__ema_250,MACD/EMA,macd_12_26_9,ema_250,5.5,False,0.3085832726589936,0.1838063064624598,True,0.1247769661965338
v5_30m__entry_macd_12_26_9__exit_ema_50__entry_hours_5p5__exit_hours_5p5,macd_12_26_9__ema_50,MACD/EMA,macd_12_26_9,ema_50,5.5,False,-0.04667971153962262,0.19839467366397762,True,-0.24507438520360025
v5_30m__entry_macd_12_26_9__exit_macd_12_26_9__entry_hours_5p5__exit_hours_5p5,macd_12_26_9__macd_12_26_9,MACD/MACD,macd_12_26_9,macd_12_26_9,5.5,False,-0.12182993442008166,-0.05015681922882513,True,-0.07167311519125653
v5_30m__entry_macd_12_26_9__exit_macd_24_52_18__entry_hours_5p5__exit_hours_5p5,macd_12_26_9__macd_24_52_18,MACD/MACD,macd_12_26_9,macd_24_52_18,5.5,False,-0.1016574561390665,-0.09729091902528748,True,-0.004366537113779018
v5_30m__entry_macd_12_26_9__exit_macd_48_104_36__entry_hours_5p5__exit_hours_5p5,macd_12_26_9__macd_48_104_36,MACD/MACD,macd_12_26_9,macd_48_104_36,5.5,False,0.026816881404594033,0.0645230696217943,True,-0.037706188217200266
v5_30m__entry_macd_12_26_9__exit_macd_6_13_5__entry_hours_5p5__exit_hours_5p5,macd_12_26_9__macd_6_13_5,MACD/MACD,macd_12_26_9,macd_6_13_5,5.5,False,-0.023234660652781982,-0.03804642279195789,True,0.01481176213917591
v5_30m__entry_macd_12_26_9__exit_macd_96_208_72__entry_hours_5p5__exit_hours_5p5,macd_12_26_9__macd_96_208_72,MACD/MACD,macd_12_26_9,macd_96_208_72,5.5,True,0.12539916924457192,0.18932454793521306,True,-0.06392537869064113
v5_30m__entry_macd_12_26_9__exit_sma_10__entry_hours_5p5__exit_hours_5p5,macd_12_26_9__sma_10,MACD/SMA,macd_12_26_9,sma_10,5.5,False,-0.01958845575399861,0.014384966182920485,True,-0.033973421936919095
v5_30m__entry_macd_12_26_9__exit_sma_100__entry_hours_5p5__exit_hours_5p5,macd_12_26_9__sma_100,MACD/SMA,macd_12_26_9,sma_100,5.5,False,0.31399357866835,0.18305796985185535,True,0.13093560881649463
v5_30m__entry_macd_12_26_9__exit_sma_20__entry_hours_5p5__exit_hours_5p5,macd_12_26_9__sma_20,MACD/SMA,macd_12_26_9,sma_20,5.5,False,0.03804330913914436,0.2757097708180151,True,-0.23766646167887076
v5_30m__entry_macd_12_26_9__exit_sma_200__entry_hours_5p5__exit_hours_5p5,macd_12_26_9__sma_200,MACD/SMA,macd_12_26_9,sma_200,5.5,False,0.16709310095514673,0.1593953508049668,True,0.007697750150179927
v5_30m__entry_macd_12_26_9__exit_sma_250__entry_hours_5p5__exit_hours_5p5,macd_12_26_9__sma_250,MACD/SMA,macd_12_26_9,sma_250,5.5,False,0.25306711922082115,0.23313442889803296,True,0.019932690322788188
v5_30m__entry_macd_12_26_9__exit_sma_50__entry_hours_5p5__exit_hours_5p5,macd_12_26_9__sma_50,MACD/SMA,macd_12_26_9,sma_50,5.5,True,0.23962115166422804,0.30197418064047843,True,-0.06235302897625039
v5_30m__entry_macd_24_52_18__exit_ema_10__entry_hours_5p5__exit_hours_5p5,macd_24_52_18__ema_10,MACD/EMA,macd_24_52_18,ema_10,5.5,False,-0.17663784035136593,-0.17729919477407613,True,0.0006613544227102031
v5_30m__entry_macd_24_52_18__exit_ema_100__entry_hours_5p5__exit_hours_5p5,macd_24_52_18__ema_100,MACD/EMA,macd_24_52_18,ema_100,5.5,True,0.3057332777282954,0.34588549350256825,True,-0.04015221577427286
v5_30m__entry_macd_24_52_18__exit_ema_20__entry_hours_5p5__exit_hours_5p5,macd_24_52_18__ema_20,MACD/EMA,macd_24_52_18,ema_20,5.5,False,-0.033822698902491975,0.08823242655205842,True,-0.12205512545455038
v5_30m__entry_macd_24_52_18__exit_ema_200__entry_hours_5p5__exit_hours_5p5,macd_24_52_18__ema_200,MACD/EMA,macd_24_52_18,ema_200,5.5,False,0.21883138850807768,0.038576601851310864,True,0.1802547866567668
v5_30m__entry_macd_24_52_18__exit_ema_250__entry_hours_5p5__exit_hours_5p5,macd_24_52_18__ema_250,MACD/EMA,macd_24_52_18,ema_250,5.5,False,0.31836158106868384,0.21813457779921872,True,0.10022700326946513
v5_30m__entry_macd_24_52_18__exit_ema_50__entry_hours_5p5__exit_hours_5p5,macd_24_52_18__ema_50,MACD/EMA,macd_24_52_18,ema_50,5.5,False,0.07404978811216335,0.19567372070025785,True,-0.1216239325880945
v5_30m__entry_macd_24_52_18__exit_macd_12_26_9__entry_hours_5p5__exit_hours_5p5,macd_24_52_18__macd_12_26_9,MACD/MACD,macd_24_52_18,macd_12_26_9,5.5,False,-0.13789288101493416,-0.13901978476403284,True,0.0011269037490986844
v5_30m__entry_macd_24_52_18__exit_macd_24_52_18__entry_hours_5p5__exit_hours_5p5,macd_24_52_18__macd_24_52_18,MACD/MACD,macd_24_52_18,macd_24_52_18,5.5,False,-0.13536677535648478,-0.12124680179990625,True,-0.014119973556578527
v5_30m__entry_macd_24_52_18__exit_macd_48_104_36__entry_hours_5p5__exit_hours_5p5,macd_24_52_18__macd_48_104_36,MACD/MACD,macd_24_52_18,macd_48_104_36,5.5,False,0.033605095917596126,0.06348267292164896,True,-0.02987757700405283
v5_30m__entry_macd_24_52_18__exit_macd_6_13_5__entry_hours_5p5__exit_hours_5p5,macd_24_52_18__macd_6_13_5,MACD/MACD,macd_24_52_18,macd_6_13_5,5.5,False,-0.25260773238168993,-0.22124770582046516,True,-0.031360026561224774
v5_30m__entry_macd_24_52_18__exit_macd_96_208_72__entry_hours_5p5__exit_hours_5p5,macd_24_52_18__macd_96_208_72,MACD/MACD,macd_24_52_18,macd_96_208_72,5.5,False,0.10990619565972176,0.16489882865510538,True,-0.05499263299538362
v5_30m__entry_macd_24_52_18__exit_sma_10__entry_hours_5p5__exit_hours_5p5,macd_24_52_18__sma_10,MACD/SMA,macd_24_52_18,sma_10,5.5,False,-0.14640571276647482,-0.2527660457993101,True,0.10636033303283529
v5_30m__entry_macd_24_52_18__exit_sma_100__entry_hours_5p5__exit_hours_5p5,macd_24_52_18__sma_100,MACD/SMA,macd_24_52_18,sma_100,5.5,False,0.32952621952239597,0.2815835691692267,True,0.04794265035316925
v5_30m__entry_macd_24_52_18__exit_sma_20__entry_hours_5p5__exit_hours_5p5,macd_24_52_18__sma_20,MACD/SMA,macd_24_52_18,sma_20,5.5,False,-0.023493443883722345,0.14407231228142342,True,-0.16756575616514577
v5_30m__entry_macd_24_52_18__exit_sma_200__entry_hours_5p5__exit_hours_5p5,macd_24_52_18__sma_200,MACD/SMA,macd_24_52_18,sma_200,5.5,False,0.14576630269288793,0.05373798559744341,True,0.09202831709544451
v5_30m__entry_macd_24_52_18__exit_sma_250__entry_hours_5p5__exit_hours_5p5,macd_24_52_18__sma_250,MACD/SMA,macd_24_52_18,sma_250,5.5,True,0.283216960234343,0.2624020855323676,True,0.020814874701975405
v5_30m__entry_macd_24_52_18__exit_sma_50__entry_hours_5p5__exit_hours_5p5,macd_24_52_18__sma_50,MACD/SMA,macd_24_52_18,sma_50,5.5,False,0.254596251321764,0.1924333058867206,True,0.06216294543504339
v5_30m__entry_macd_48_104_36__exit_ema_10__entry_hours_5p5__exit_hours_5p5,macd_48_104_36__ema_10,MACD/EMA,macd_48_104_36,ema_10,5.5,False,-0.21208913869205687,0.03448760042492447,True,-0.24657673911698133
v5_30m__entry_macd_48_104_36__exit_ema_100__entry_hours_5p5__exit_hours_5p5,macd_48_104_36__ema_100,MACD/EMA,macd_48_104_36,ema_100,5.5,False,0.24976791118549105,0.2485118872003444,True,0.0012560239851466537
v5_30m__entry_macd_48_104_36__exit_ema_20__entry_hours_5p5__exit_hours_5p5,macd_48_104_36__ema_20,MACD/EMA,macd_48_104_36,ema_20,5.5,False,-0.11406951608050815,0.1589579519004396,True,-0.27302746798094774
v5_30m__entry_macd_48_104_36__exit_ema_200__entry_hours_5p5__exit_hours_5p5,macd_48_104_36__ema_200,MACD/EMA,macd_48_104_36,ema_200,5.5,False,0.2556858055609319,0.12368352574334625,True,0.13200227981758567
v5_30m__entry_macd_48_104_36__exit_ema_250__entry_hours_5p5__exit_hours_5p5,macd_48_104_36__ema_250,MACD/EMA,macd_48_104_36,ema_250,5.5,False,0.30512511401359954,0.15084058222576516,True,0.15428453178783438
v5_30m__entry_macd_48_104_36__exit_ema_50__entry_hours_5p5__exit_hours_5p5,macd_48_104_36__ema_50,MACD/EMA,macd_48_104_36,ema_50,5.5,False,0.11485829749913065,0.15165428497255848,True,-0.03679598747342783
v5_30m__entry_macd_48_104_36__exit_macd_12_26_9__entry_hours_5p5__exit_hours_5p5,macd_48_104_36__macd_12_26_9,MACD/MACD,macd_48_104_36,macd_12_26_9,5.5,False,-0.10984562456082467,-0.09492820142784347,True,-0.014917423132981195
v5_30m__entry_macd_48_104_36__exit_macd_24_52_18__entry_hours_5p5__exit_hours_5p5,macd_48_104_36__macd_24_52_18,MACD/MACD,macd_48_104_36,macd_24_52_18,5.5,False,-0.07390277434650849,-0.0593564494637505,True,-0.014546324882757991
v5_30m__entry_macd_48_104_36__exit_macd_48_104_36__entry_hours_5p5__exit_hours_5p5,macd_48_104_36__macd_48_104_36,MACD/MACD,macd_48_104_36,macd_48_104_36,5.5,False,0.026816881404594033,0.059038478179540874,True,-0.03222159677494684
v5_30m__entry_macd_48_104_36__exit_macd_6_13_5__entry_hours_5p5__exit_hours_5p5,macd_48_104_36__macd_6_13_5,MACD/MACD,macd_48_104_36,macd_6_13_5,5.5,False,-0.4203332314114589,-0.24994494313057333,True,-0.17038828828088556
v5_30m__entry_macd_48_104_36__exit_macd_96_208_72__entry_hours_5p5__exit_hours_5p5,macd_48_104_36__macd_96_208_72,MACD/MACD,macd_48_104_36,macd_96_208_72,5.5,True,0.09589156935481784,0.1780850318940042,True,-0.08219346253918637
v5_30m__entry_macd_48_104_36__exit_sma_10__entry_hours_5p5__exit_hours_5p5,macd_48_104_36__sma_10,MACD/SMA,macd_48_104_36,sma_10,5.5,False,-0.19592503138994152,-0.15298304419964567,True,-0.04294198719029585
v5_30m__entry_macd_48_104_36__exit_sma_100__entry_hours_5p5__exit_hours_5p5,macd_48_104_36__sma_100,MACD/SMA,macd_48_104_36,sma_100,5.5,False,0.3411770521726174,0.20688133291105346,True,0.13429571926156395
v5_30m__entry_macd_48_104_36__exit_sma_20__entry_hours_5p5__exit_hours_5p5,macd_48_104_36__sma_20,MACD/SMA,macd_48_104_36,sma_20,5.5,False,-0.15362895613118122,0.2527713749066454,True,-0.40640033103782663
v5_30m__entry_macd_48_104_36__exit_sma_200__entry_hours_5p5__exit_hours_5p5,macd_48_104_36__sma_200,MACD/SMA,macd_48_104_36,sma_200,5.5,False,0.08421643652075397,0.08380688632393145,True,0.00040955019682252514
v5_30m__entry_macd_48_104_36__exit_sma_250__entry_hours_5p5__exit_hours_5p5,macd_48_104_36__sma_250,MACD/SMA,macd_48_104_36,sma_250,5.5,False,0.21589438499543298,0.2563091465984941,True,-0.040414761603061095
v5_30m__entry_macd_48_104_36__exit_sma_50__entry_hours_5p5__exit_hours_5p5,macd_48_104_36__sma_50,MACD/SMA,macd_48_104_36,sma_50,5.5,False,0.21019138800245757,0.13424332681152007,True,0.0759480611909375
v5_30m__entry_macd_6_13_5__exit_ema_10__entry_hours_5p5__exit_hours_5p5,macd_6_13_5__ema_10,MACD/EMA,macd_6_13_5,ema_10,5.5,False,-0.07885442997405781,-0.09518555692943119,True,0.01633112695537338
v5_30m__entry_macd_6_13_5__exit_ema_100__entry_hours_5p5__exit_hours_5p5,macd_6_13_5__ema_100,MACD/EMA,macd_6_13_5,ema_100,5.5,False,0.3329282286910209,0.20905005498886176,True,0.12387817370215914
v5_30m__entry_macd_6_13_5__exit_ema_20__entry_hours_5p5__exit_hours_5p5,macd_6_13_5__ema_20,MACD/EMA,macd_6_13_5,ema_20,5.5,False,0.13185218012195013,0.3932842103998786,True,-0.2614320302779285
v5_30m__entry_macd_6_13_5__exit_ema_200__entry_hours_5p5__exit_hours_5p5,macd_6_13_5__ema_200,MACD/EMA,macd_6_13_5,ema_200,5.5,False,0.38879773477748053,0.28673791590516057,True,0.10205981887231996
v5_30m__entry_macd_6_13_5__exit_ema_250__entry_hours_5p5__exit_hours_5p5,macd_6_13_5__ema_250,MACD/EMA,macd_6_13_5,ema_250,5.5,True,0.3608530515972798,0.2357207832752722,True,0.1251322683220076
v5_30m__entry_macd_6_13_5__exit_ema_50__entry_hours_5p5__exit_hours_5p5,macd_6_13_5__ema_50,MACD/EMA,macd_6_13_5,ema_50,5.5,False,-0.008461529656417726,0.2916194114240565,True,-0.30008094108047423
v5_30m__entry_macd_6_13_5__exit_macd_12_26_9__entry_hours_5p5__exit_hours_5p5,macd_6_13_5__macd_12_26_9,MACD/MACD,macd_6_13_5,macd_12_26_9,5.5,False,-0.10656050251671727,0.02305298574551216,True,-0.12961348826222943
v5_30m__entry_macd_6_13_5__exit_macd_24_52_18__entry_hours_5p5__exit_hours_5p5,macd_6_13_5__macd_24_52_18,MACD/MACD,macd_6_13_5,macd_24_52_18,5.5,False,-0.14629337186012217,-0.08478910274393897,True,-0.0615042691161832
v5_30m__entry_macd_6_13_5__exit_macd_48_104_36__entry_hours_5p5__exit_hours_5p5,macd_6_13_5__macd_48_104_36,MACD/MACD,macd_6_13_5,macd_48_104_36,5.5,False,0.029707329310257255,0.0808892648389764,True,-0.05118193552871915
v5_30m__entry_macd_6_13_5__exit_macd_6_13_5__entry_hours_5p5__exit_hours_5p5,macd_6_13_5__macd_6_13_5,MACD/MACD,macd_6_13_5,macd_6_13_5,5.5,False,-0.29050404792028106,-0.19194352131521258,True,-0.09856052660506848
v5_30m__entry_macd_6_13_5__exit_macd_96_208_72__entry_hours_5p5__exit_hours_5p5,macd_6_13_5__macd_96_208_72,MACD/MACD,macd_6_13_5,macd_96_208_72,5.5,False,0.08205216211092853,0.16503114378334596,True,-0.08297898167241743
v5_30m__entry_macd_6_13_5__exit_sma_10__entry_hours_5p5__exit_hours_5p5,macd_6_13_5__sma_10,MACD/SMA,macd_6_13_5,sma_10,5.5,False,-0.22281263899527995,-0.06135077599801717,True,-0.16146186299726278
v5_30m__entry_macd_6_13_5__exit_sma_100__entry_hours_5p5__exit_hours_5p5,macd_6_13_5__sma_100,MACD/SMA,macd_6_13_5,sma_100,5.5,False,0.27148850055329543,0.11466980414669015,True,0.15681869640660528
v5_30m__entry_macd_6_13_5__exit_sma_20__entry_hours_5p5__exit_hours_5p5,macd_6_13_5__sma_20,MACD/SMA,macd_6_13_5,sma_20,5.5,False,0.08528639259231666,0.31445977057862495,True,-0.2291733779863083
v5_30m__entry_macd_6_13_5__exit_sma_200__entry_hours_5p5__exit_hours_5p5,macd_6_13_5__sma_200,MACD/SMA,macd_6_13_5,sma_200,5.5,False,0.17130770311883728,0.14170203850062213,True,0.02960566461821515
v5_30m__entry_macd_6_13_5__exit_sma_250__entry_hours_5p5__exit_hours_5p5,macd_6_13_5__sma_250,MACD/SMA,macd_6_13_5,sma_250,5.5,False,0.2541158717272931,0.2699246235264358,True,-0.015808751799142706
v5_30m__entry_macd_6_13_5__exit_sma_50__entry_hours_5p5__exit_hours_5p5,macd_6_13_5__sma_50,MACD/SMA,macd_6_13_5,sma_50,5.5,False,0.1901678307245145,0.3373352045939966,True,-0.14716737386948206
v5_30m__entry_macd_96_208_72__exit_ema_10__entry_hours_5p5__exit_hours_5p5,macd_96_208_72__ema_10,MACD/EMA,macd_96_208_72,ema_10,5.5,False,-0.19896804852773065,0.15066532983641298,True,-0.34963337836414365
v5_30m__entry_macd_96_208_72__exit_ema_100__entry_hours_5p5__exit_hours_5p5,macd_96_208_72__ema_100,MACD/EMA,macd_96_208_72,ema_100,5.5,True,0.35389970479138594,0.24876418537290512,True,0.10513551941848082
v5_30m__entry_macd_96_208_72__exit_ema_20__entry_hours_5p5__exit_hours_5p5,macd_96_208_72__ema_20,MACD/EMA,macd_96_208_72,ema_20,5.5,False,0.0942605059952204,0.3006826338687007,True,-0.2064221278734803
v5_30m__entry_macd_96_208_72__exit_ema_200__entry_hours_5p5__exit_hours_5p5,macd_96_208_72__ema_200,MACD/EMA,macd_96_208_72,ema_200,5.5,True,0.35652850001648856,0.2486568790396074,True,0.10787162097688116
v5_30m__entry_macd_96_208_72__exit_ema_250__entry_hours_5p5__exit_hours_5p5,macd_96_208_72__ema_250,MACD/EMA,macd_96_208_72,ema_250,5.5,False,0.2946739286200731,0.30133914433361414,True,-0.006665215713541062
v5_30m__entry_macd_96_208_72__exit_ema_50__entry_hours_5p5__exit_hours_5p5,macd_96_208_72__ema_50,MACD/EMA,macd_96_208_72,ema_50,5.5,False,0.27982517934013756,0.2835095290459566,True,-0.0036843497058190455
v5_30m__entry_macd_96_208_72__exit_macd_12_26_9__entry_hours_5p5__exit_hours_5p5,macd_96_208_72__macd_12_26_9,MACD/MACD,macd_96_208_72,macd_12_26_9,5.5,True,0.027532851922197163,0.1278668706026702,True,-0.10033401868047305
v5_30m__entry_macd_96_208_72__exit_macd_24_52_18__entry_hours_5p5__exit_hours_5p5,macd_96_208_72__macd_24_52_18,MACD/MACD,macd_96_208_72,macd_24_52_18,5.5,False,0.0735023066418674,0.004733282577231128,True,0.06876902406463627
v5_30m__entry_macd_96_208_72__exit_macd_48_104_36__entry_hours_5p5__exit_hours_5p5,macd_96_208_72__macd_48_104_36,MACD/MACD,macd_96_208_72,macd_48_104_36,5.5,True,0.17569336180477235,0.24574763724732063,True,-0.07005427544254827
v5_30m__entry_macd_96_208_72__exit_macd_6_13_5__entry_hours_5p5__exit_hours_5p5,macd_96_208_72__macd_6_13_5,MACD/MACD,macd_96_208_72,macd_6_13_5,5.5,False,-0.23901566812573066,-0.009116973083050206,True,-0.22989869504268046
v5_30m__entry_macd_96_208_72__exit_macd_96_208_72__entry_hours_5p5__exit_hours_5p5,macd_96_208_72__macd_96_208_72,MACD/MACD,macd_96_208_72,macd_96_208_72,5.5,True,0.10990619565972176,0.1605682318828898,True,-0.05066203622316803
v5_30m__entry_macd_96_208_72__exit_sma_10__entry_hours_5p5__exit_hours_5p5,macd_96_208_72__sma_10,MACD/SMA,macd_96_208_72,sma_10,5.5,False,-0.21404814713782233,0.009673866296208254,True,-0.2237220134340306
v5_30m__entry_macd_96_208_72__exit_sma_100__entry_hours_5p5__exit_hours_5p5,macd_96_208_72__sma_100,MACD/SMA,macd_96_208_72,sma_100,5.5,True,0.3434601490128321,0.23415642261128206,True,0.10930372640155006
v5_30m__entry_macd_96_208_72__exit_sma_20__entry_hours_5p5__exit_hours_5p5,macd_96_208_72__sma_20,MACD/SMA,macd_96_208_72,sma_20,5.5,False,6.939689572012424e-05,0.31773684879009023,True,-0.3176674518943701
v5_30m__entry_macd_96_208_72__exit_sma_200__entry_hours_5p5__exit_hours_5p5,macd_96_208_72__sma_200,MACD/SMA,macd_96_208_72,sma_200,5.5,True,0.24244512639711346,0.30563219290983745,True,-0.06318706651272399
v5_30m__entry_macd_96_208_72__exit_sma_250__entry_hours_5p5__exit_hours_5p5,macd_96_208_72__sma_250,MACD/SMA,macd_96_208_72,sma_250,5.5,False,0.26603866232448253,0.3218964496759517,True,-0.05585778735146918
v5_30m__entry_macd_96_208_72__exit_sma_50__entry_hours_5p5__exit_hours_5p5,macd_96_208_72__sma_50,MACD/SMA,macd_96_208_72,sma_50,5.5,True,0.3458803809473149,0.3214393896303881,True,0.024440991316926786
v5_30m__entry_sma_100__exit_ema_10__entry_hours_5p5__exit_hours_5p5,sma_100__ema_10,SMA/EMA,sma_100,ema_10,5.5,False,-0.08927332801141662,-0.0477304623622807,True,-0.04154286564913592
v5_30m__entry_sma_100__exit_ema_100__entry_hours_5p5__exit_hours_5p5,sma_100__ema_100,SMA/EMA,sma_100,ema_100,5.5,False,0.2710353638348683,0.2367142444866327,True,0.03432111934823562
v5_30m__entry_sma_100__exit_ema_20__entry_hours_5p5__exit_hours_5p5,sma_100__ema_20,SMA/EMA,sma_100,ema_20,5.5,False,0.01149629536840487,0.14972042322937665,True,-0.13822412786097177
v5_30m__entry_sma_100__exit_ema_200__entry_hours_5p5__exit_hours_5p5,sma_100__ema_200,SMA/EMA,sma_100,ema_200,5.5,False,0.23033393225731386,0.13050843463565556,True,0.0998254976216583
v5_30m__entry_sma_100__exit_ema_250__entry_hours_5p5__exit_hours_5p5,sma_100__ema_250,SMA/EMA,sma_100,ema_250,5.5,False,0.3071864602606929,0.18603949674194095,True,0.12114696351875195
v5_30m__entry_sma_100__exit_ema_50__entry_hours_5p5__exit_hours_5p5,sma_100__ema_50,SMA/EMA,sma_100,ema_50,5.5,False,0.2381998875663867,0.22471992147822725,True,0.013479966088159434
v5_30m__entry_sma_100__exit_macd_12_26_9__entry_hours_5p5__exit_hours_5p5,sma_100__macd_12_26_9,SMA/MACD,sma_100,macd_12_26_9,5.5,False,-0.04680309898383682,-0.16859566809357193,True,0.12179256910973511
v5_30m__entry_sma_100__exit_macd_24_52_18__entry_hours_5p5__exit_hours_5p5,sma_100__macd_24_52_18,SMA/MACD,sma_100,macd_24_52_18,5.5,False,0.041141309555240056,-0.1564919624751042,True,0.19763327203034425
v5_30m__entry_sma_100__exit_macd_48_104_36__entry_hours_5p5__exit_hours_5p5,sma_100__macd_48_104_36,SMA/MACD,sma_100,macd_48_104_36,5.5,True,0.2428896269787508,0.028749054769666597,True,0.2141405722090842
v5_30m__entry_sma_100__exit_macd_6_13_5__entry_hours_5p5__exit_hours_5p5,sma_100__macd_6_13_5,SMA/MACD,sma_100,macd_6_13_5,5.5,False,-0.2056811850308789,-0.3862908182941333,True,0.1806096332632544
v5_30m__entry_sma_100__exit_macd_96_208_72__entry_hours_5p5__exit_hours_5p5,sma_100__macd_96_208_72,SMA/MACD,sma_100,macd_96_208_72,5.5,True,0.30802206917713,0.10665873943651964,True,0.20136332974061033
v5_30m__entry_sma_100__exit_sma_10__entry_hours_5p5__exit_hours_5p5,sma_100__sma_10,SMA/SMA,sma_100,sma_10,5.5,False,-0.1875967301701605,-0.16218815873068493,True,-0.025408571439475558
v5_30m__entry_sma_100__exit_sma_100__entry_hours_5p5__exit_hours_5p5,sma_100__sma_100,SMA/SMA,sma_100,sma_100,5.5,False,0.2768214940772264,0.12613850053571193,True,0.15068299354151446
v5_30m__entry_sma_100__exit_sma_20__entry_hours_5p5__exit_hours_5p5,sma_100__sma_20,SMA/SMA,sma_100,sma_20,5.5,False,-0.08305085902158224,0.14539435143846427,True,-0.2284452104600465
v5_30m__entry_sma_100__exit_sma_200__entry_hours_5p5__exit_hours_5p5,sma_100__sma_200,SMA/SMA,sma_100,sma_200,5.5,False,0.07287151690355337,0.11362854354780044,True,-0.040757026644247074
v5_30m__entry_sma_100__exit_sma_250__entry_hours_5p5__exit_hours_5p5,sma_100__sma_250,SMA/SMA,sma_100,sma_250,5.5,False,0.2053967051958365,0.27545934922334825,True,-0.07006264402751175
v5_30m__entry_sma_100__exit_sma_50__entry_hours_5p5__exit_hours_5p5,sma_100__sma_50,SMA/SMA,sma_100,sma_50,5.5,True,0.298597635652389,0.21285985836880875,True,0.08573777728358026
v5_30m__entry_sma_10__exit_ema_10__entry_hours_5p5__exit_hours_5p5,sma_10__ema_10,SMA/EMA,sma_10,ema_10,5.5,False,-0.17373414570394008,-0.017663739448417964,True,-0.15607040625552213
v5_30m__entry_sma_10__exit_ema_100__entry_hours_5p5__exit_hours_5p5,sma_10__ema_100,SMA/EMA,sma_10,ema_100,5.5,True,0.34579800793233245,0.2533153179256109,True,0.09248269000672155
v5_30m__entry_sma_10__exit_ema_20__entry_hours_5p5__exit_hours_5p5,sma_10__ema_20,SMA/EMA,sma_10,ema_20,5.5,False,0.0783259206473726,0.3411043840613864,True,-0.2627784634140138
v5_30m__entry_sma_10__exit_ema_200__entry_hours_5p5__exit_hours_5p5,sma_10__ema_200,SMA/EMA,sma_10,ema_200,5.5,False,0.33575460828825304,0.23670739169878957,True,0.09904721658946347
v5_30m__entry_sma_10__exit_ema_250__entry_hours_5p5__exit_hours_5p5,sma_10__ema_250,SMA/EMA,sma_10,ema_250,5.5,False,0.32668325936619175,0.2577482421717187,True,0.06893501719447304
v5_30m__entry_sma_10__exit_ema_50__entry_hours_5p5__exit_hours_5p5,sma_10__ema_50,SMA/EMA,sma_10,ema_50,5.5,False,-0.0015297072540396317,0.2813456963184928,True,-0.28287540357253244
v5_30m__entry_sma_10__exit_macd_12_26_9__entry_hours_5p5__exit_hours_5p5,sma_10__macd_12_26_9,SMA/MACD,sma_10,macd_12_26_9,5.5,False,-0.19029834608582513,0.0022807514729781954,True,-0.1925790975588033
v5_30m__entry_sma_10__exit_macd_24_52_18__entry_hours_5p5__exit_hours_5p5,sma_10__macd_24_52_18,SMA/MACD,sma_10,macd_24_52_18,5.5,False,-0.05031717778769874,-0.08557883694855466,True,0.03526165916085592
v5_30m__entry_sma_10__exit_macd_48_104_36__entry_hours_5p5__exit_hours_5p5,sma_10__macd_48_104_36,SMA/MACD,sma_10,macd_48_104_36,5.5,False,0.01628156982499496,0.046116846817210115,True,-0.029835276992215155
v5_30m__entry_sma_10__exit_macd_6_13_5__entry_hours_5p5__exit_hours_5p5,sma_10__macd_6_13_5,SMA/MACD,sma_10,macd_6_13_5,5.5,False,-0.47171275991446704,-0.382602031475174,True,-0.08911072843929302
v5_30m__entry_sma_10__exit_macd_96_208_72__entry_hours_5p5__exit_hours_5p5,sma_10__macd_96_208_72,SMA/MACD,sma_10,macd_96_208_72,5.5,False,0.10950842709107304,0.1701393409829781,True,-0.060630913891905044
v5_30m__entry_sma_10__exit_sma_10__entry_hours_5p5__exit_hours_5p5,sma_10__sma_10,SMA/SMA,sma_10,sma_10,5.5,False,-0.24959920259135465,-0.06092987926780446,True,-0.1886693233235502
v5_30m__entry_sma_10__exit_sma_100__entry_hours_5p5__exit_hours_5p5,sma_10__sma_100,SMA/SMA,sma_10,sma_100,5.5,False,0.27369998208338897,0.18254537047769903,True,0.09115461160568994
v5_30m__entry_sma_10__exit_sma_20__entry_hours_5p5__exit_hours_5p5,sma_10__sma_20,SMA/SMA,sma_10,sma_20,5.5,True,0.016255532981002335,0.3973558022241376,True,-0.3811002692431352
v5_30m__entry_sma_10__exit_sma_200__entry_hours_5p5__exit_hours_5p5,sma_10__sma_200,SMA/SMA,sma_10,sma_200,5.5,False,0.15027567211409026,0.20425280311566912,True,-0.05397713100157886
v5_30m__entry_sma_10__exit_sma_250__entry_hours_5p5__exit_hours_5p5,sma_10__sma_250,SMA/SMA,sma_10,sma_250,5.5,False,0.22981600162777008,0.3088493479650651,True,-0.079033346337295
v5_30m__entry_sma_10__exit_sma_50__entry_hours_5p5__exit_hours_5p5,sma_10__sma_50,SMA/SMA,sma_10,sma_50,5.5,True,0.23512665380751266,0.31887350811874654,True,-0.08374685431123388
v5_30m__entry_sma_200__exit_ema_10__entry_hours_5p5__exit_hours_5p5,sma_200__ema_10,SMA/EMA,sma_200,ema_10,5.5,False,-0.31644602654793774,-0.15391345563160827,True,-0.16253257091632947
v5_30m__entry_sma_200__exit_ema_100__entry_hours_5p5__exit_hours_5p5,sma_200__ema_100,SMA/EMA,sma_200,ema_100,5.5,False,0.28260824759579173,0.17353504263493041,True,0.10907320496086131
v5_30m__entry_sma_200__exit_ema_20__entry_hours_5p5__exit_hours_5p5,sma_200__ema_20,SMA/EMA,sma_200,ema_20,5.5,False,-0.22063946700242945,-0.11183094203641195,True,-0.1088085249660175
v5_30m__entry_sma_200__exit_ema_200__entry_hours_5p5__exit_hours_5p5,sma_200__ema_200,SMA/EMA,sma_200,ema_200,5.5,False,0.27959806200244064,0.10821488703876408,True,0.17138317496367655
v5_30m__entry_sma_200__exit_ema_250__entry_hours_5p5__exit_hours_5p5,sma_200__ema_250,SMA/EMA,sma_200,ema_250,5.5,False,0.25594207189167645,0.19275481604691197,True,0.06318725584476448
v5_30m__entry_sma_200__exit_ema_50__entry_hours_5p5__exit_hours_5p5,sma_200__ema_50,SMA/EMA,sma_200,ema_50,5.5,False,0.05891198103094077,0.0688386562920333,True,-0.009926675261092525
v5_30m__entry_sma_200__exit_macd_12_26_9__entry_hours_5p5__exit_hours_5p5,sma_200__macd_12_26_9,SMA/MACD,sma_200,macd_12_26_9,5.5,False,0.0027513573418416213,-0.030370502779174715,True,0.03312186012101634
v5_30m__entry_sma_200__exit_macd_24_52_18__entry_hours_5p5__exit_hours_5p5,sma_200__macd_24_52_18,SMA/MACD,sma_200,macd_24_52_18,5.5,False,-0.25201283324848905,-0.3118562231094378,True,0.059843389860948726
v5_30m__entry_sma_200__exit_macd_48_104_36__entry_hours_5p5__exit_hours_5p5,sma_200__macd_48_104_36,SMA/MACD,sma_200,macd_48_104_36,5.5,False,-0.0951537992522866,-0.013089943619171266,True,-0.08206385563311534
v5_30m__entry_sma_200__exit_macd_6_13_5__entry_hours_5p5__exit_hours_5p5,sma_200__macd_6_13_5,SMA/MACD,sma_200,macd_6_13_5,5.5,False,0.08731494827441685,-0.11993163133239154,True,0.2072465796068084
v5_30m__entry_sma_200__exit_macd_96_208_72__entry_hours_5p5__exit_hours_5p5,sma_200__macd_96_208_72,SMA/MACD,sma_200,macd_96_208_72,5.5,False,0.13862382671135778,0.16556302780445492,True,-0.026939201093097137
v5_30m__entry_sma_200__exit_sma_10__entry_hours_5p5__exit_hours_5p5,sma_200__sma_10,SMA/SMA,sma_200,sma_10,5.5,False,-0.2856759027948542,-0.1907468396867628,True,-0.09492906310809143
v5_30m__entry_sma_200__exit_sma_100__entry_hours_5p5__exit_hours_5p5,sma_200__sma_100,SMA/SMA,sma_200,sma_100,5.5,False,0.023765115622362557,-0.021218118274778815,True,0.04498323389714137
v5_30m__entry_sma_200__exit_sma_20__entry_hours_5p5__exit_hours_5p5,sma_200__sma_20,SMA/SMA,sma_200,sma_20,5.5,False,-0.29084487456087826,-0.02383902793236807,True,-0.2670058466285102
v5_30m__entry_sma_200__exit_sma_200__entry_hours_5p5__exit_hours_5p5,sma_200__sma_200,SMA/SMA,sma_200,sma_200,5.5,False,0.12209776747349621,0.0614431327929076,True,0.06065463468058861
v5_30m__entry_sma_200__exit_sma_250__entry_hours_5p5__exit_hours_5p5,sma_200__sma_250,SMA/SMA,sma_200,sma_250,5.5,False,0.22382349814475724,0.27059904731276374,True,-0.0467755491680065
v5_30m__entry_sma_200__exit_sma_50__entry_hours_5p5__exit_hours_5p5,sma_200__sma_50,SMA/SMA,sma_200,sma_50,5.5,False,0.06807364971127598,0.01903756575933883,True,0.04903608395193715
v5_30m__entry_sma_20__exit_ema_10__entry_hours_5p5__exit_hours_5p5,sma_20__ema_10,SMA/EMA,sma_20,ema_10,5.5,False,-0.044142330420418825,0.15207353973017154,True,-0.19621587015059036
v5_30m__entry_sma_20__exit_ema_100__entry_hours_5p5__exit_hours_5p5,sma_20__ema_100,SMA/EMA,sma_20,ema_100,5.5,True,0.3710146536049797,0.33163871427024283,True,0.039375939334736876
v5_30m__entry_sma_20__exit_ema_20__entry_hours_5p5__exit_hours_5p5,sma_20__ema_20,SMA/EMA,sma_20,ema_20,5.5,False,0.023831904756595173,0.3536244230778022,True,-0.329792518321207
v5_30m__entry_sma_20__exit_ema_200__entry_hours_5p5__exit_hours_5p5,sma_20__ema_200,SMA/EMA,sma_20,ema_200,5.5,False,0.2707744701763812,0.19316330002804866,True,0.07761117014833252
v5_30m__entry_sma_20__exit_ema_250__entry_hours_5p5__exit_hours_5p5,sma_20__ema_250,SMA/EMA,sma_20,ema_250,5.5,True,0.2801786940749333,0.23075759095571138,True,0.049421103119221904
v5_30m__entry_sma_20__exit_ema_50__entry_hours_5p5__exit_hours_5p5,sma_20__ema_50,SMA/EMA,sma_20,ema_50,5.5,False,0.004207116480201425,0.24701422522583466,True,-0.24280710874563324
v5_30m__entry_sma_20__exit_macd_12_26_9__entry_hours_5p5__exit_hours_5p5,sma_20__macd_12_26_9,SMA/MACD,sma_20,macd_12_26_9,5.5,False,-0.026175932026995984,0.1280302525098118,True,-0.15420618453680776
v5_30m__entry_sma_20__exit_macd_24_52_18__entry_hours_5p5__exit_hours_5p5,sma_20__macd_24_52_18,SMA/MACD,sma_20,macd_24_52_18,5.5,False,-0.06470645425748747,-0.09845636187278212,True,0.033749907615294644
v5_30m__entry_sma_20__exit_macd_48_104_36__entry_hours_5p5__exit_hours_5p5,sma_20__macd_48_104_36,SMA/MACD,sma_20,macd_48_104_36,5.5,False,0.012636662960494536,0.06937582916227006,True,-0.05673916620177552
v5_30m__entry_sma_20__exit_macd_6_13_5__entry_hours_5p5__exit_hours_5p5,sma_20__macd_6_13_5,SMA/MACD,sma_20,macd_6_13_5,5.5,False,-0.06981786514706637,0.024342433881856303,True,-0.09416029902892267
v5_30m__entry_sma_20__exit_macd_96_208_72__entry_hours_5p5__exit_hours_5p5,sma_20__macd_96_208_72,SMA/MACD,sma_20,macd_96_208_72,5.5,False,0.13154262987937884,0.16344052486618202,True,-0.03189789498680318
v5_30m__entry_sma_20__exit_sma_10__entry_hours_5p5__exit_hours_5p5,sma_20__sma_10,SMA/SMA,sma_20,sma_10,5.5,False,-0.01667752187955926,0.0807852867228286,True,-0.09746280860238786
v5_30m__entry_sma_20__exit_sma_100__entry_hours_5p5__exit_hours_5p5,sma_20__sma_100,SMA/SMA,sma_20,sma_100,5.5,False,0.274722885775774,0.2459058308330993,True,0.02881705494267467
v5_30m__entry_sma_20__exit_sma_20__entry_hours_5p5__exit_hours_5p5,sma_20__sma_20,SMA/SMA,sma_20,sma_20,5.5,False,0.0290221977466948,0.3560619129898959,True,-0.32703971524320113
v5_30m__entry_sma_20__exit_sma_200__entry_hours_5p5__exit_hours_5p5,sma_20__sma_200,SMA/SMA,sma_20,sma_200,5.5,False,0.11579584309454591,0.16791880213394697,True,-0.05212295903940106
v5_30m__entry_sma_20__exit_sma_250__entry_hours_5p5__exit_hours_5p5,sma_20__sma_250,SMA/SMA,sma_20,sma_250,5.5,False,0.21504707563981468,0.2839241473932526,True,-0.06887707175343794
v5_30m__entry_sma_20__exit_sma_50__entry_hours_5p5__exit_hours_5p5,sma_20__sma_50,SMA/SMA,sma_20,sma_50,5.5,True,0.21990121019832348,0.3189337366588616,True,-0.09903252646053812
v5_30m__entry_sma_250__exit_ema_10__entry_hours_5p5__exit_hours_5p5,sma_250__ema_10,SMA/EMA,sma_250,ema_10,5.5,False,-0.10206142869800168,0.05699673264891661,True,-0.1590581613469183
v5_30m__entry_sma_250__exit_ema_100__entry_hours_5p5__exit_hours_5p5,sma_250__ema_100,SMA/EMA,sma_250,ema_100,5.5,True,0.337206346801175,0.30539886889045337,True,0.03180747791072164
v5_30m__entry_sma_250__exit_ema_20__entry_hours_5p5__exit_hours_5p5,sma_250__ema_20,SMA/EMA,sma_250,ema_20,5.5,False,-0.04127890507164102,0.14622185884556668,True,-0.1875007639172077
v5_30m__entry_sma_250__exit_ema_200__entry_hours_5p5__exit_hours_5p5,sma_250__ema_200,SMA/EMA,sma_250,ema_200,5.5,False,0.29644323620489554,0.21590378022167703,True,0.08053945598321852
v5_30m__entry_sma_250__exit_ema_250__entry_hours_5p5__exit_hours_5p5,sma_250__ema_250,SMA/EMA,sma_250,ema_250,5.5,False,0.27072785363586466,0.25906258144438976,True,0.011665272191474896
v5_30m__entry_sma_250__exit_ema_50__entry_hours_5p5__exit_hours_5p5,sma_250__ema_50,SMA/EMA,sma_250,ema_50,5.5,False,0.0674387231090963,0.20032706232502162,True,-0.13288833921592533
v5_30m__entry_sma_250__exit_macd_12_26_9__entry_hours_5p5__exit_hours_5p5,sma_250__macd_12_26_9,SMA/MACD,sma_250,macd_12_26_9,5.5,True,0.15069920316515728,0.25950630191004226,True,-0.10880709874488498
v5_30m__entry_sma_250__exit_macd_24_52_18__entry_hours_5p5__exit_hours_5p5,sma_250__macd_24_52_18,SMA/MACD,sma_250,macd_24_52_18,5.5,False,-0.1257111499812094,0.0320659498669322,True,-0.15777709984814162
v5_30m__entry_sma_250__exit_macd_48_104_36__entry_hours_5p5__exit_hours_5p5,sma_250__macd_48_104_36,SMA/MACD,sma_250,macd_48_104_36,5.5,False,0.0733851844923781,0.20529052846520518,True,-0.13190534397282708
v5_30m__entry_sma_250__exit_macd_6_13_5__entry_hours_5p5__exit_hours_5p5,sma_250__macd_6_13_5,SMA/MACD,sma_250,macd_6_13_5,5.5,True,0.21239036070320771,-0.023926805264447643,True,0.23631716596765537
v5_30m__entry_sma_250__exit_macd_96_208_72__entry_hours_5p5__exit_hours_5p5,sma_250__macd_96_208_72,SMA/MACD,sma_250,macd_96_208_72,5.5,True,0.4538282363472105,0.4919102303298107,True,-0.038081993982600204
v5_30m__entry_sma_250__exit_sma_10__entry_hours_5p5__exit_hours_5p5,sma_250__sma_10,SMA/SMA,sma_250,sma_10,5.5,False,-0.135037590462523,0.024258521213915696,True,-0.1592961116764387
v5_30m__entry_sma_250__exit_sma_100__entry_hours_5p5__exit_hours_5p5,sma_250__sma_100,SMA/SMA,sma_250,sma_100,5.5,False,0.17454390240592027,0.1996038698982598,True,-0.02505996749233952
v5_30m__entry_sma_250__exit_sma_20__entry_hours_5p5__exit_hours_5p5,sma_250__sma_20,SMA/SMA,sma_250,sma_20,5.5,False,-0.10446397052699136,0.19555302537749422,True,-0.3000169959044856
v5_30m__entry_sma_250__exit_sma_200__entry_hours_5p5__exit_hours_5p5,sma_250__sma_200,SMA/SMA,sma_250,sma_200,5.5,False,0.27279357341305416,0.22047916199355763,True,0.052314411419496526
v5_30m__entry_sma_250__exit_sma_250__entry_hours_5p5__exit_hours_5p5,sma_250__sma_250,SMA/SMA,sma_250,sma_250,5.5,False,0.23530299575095337,0.2589968372330883,True,-0.023693841482134936
v5_30m__entry_sma_250__exit_sma_50__entry_hours_5p5__exit_hours_5p5,sma_250__sma_50,SMA/SMA,sma_250,sma_50,5.5,False,0.08699529958486796,0.2205492402935725,True,-0.13355394070870455
v5_30m__entry_sma_50__exit_ema_10__entry_hours_5p5__exit_hours_5p5,sma_50__ema_10,SMA/EMA,sma_50,ema_10,5.5,False,-0.16369888648975905,-0.09397694554443742,True,-0.06972194094532164
v5_30m__entry_sma_50__exit_ema_100__entry_hours_5p5__exit_hours_5p5,sma_50__ema_100,SMA/EMA,sma_50,ema_100,5.5,False,0.22683057491089925,0.25498967813224716,True,-0.028159103221347903
v5_30m__entry_sma_50__exit_ema_20__entry_hours_5p5__exit_hours_5p5,sma_50__ema_20,SMA/EMA,sma_50,ema_20,5.5,False,-0.05593527849271044,0.13134201196214132,True,-0.18727729045485175
v5_30m__entry_sma_50__exit_ema_200__entry_hours_5p5__exit_hours_5p5,sma_50__ema_200,SMA/EMA,sma_50,ema_200,5.5,False,0.3111024384112111,0.16357988588130185,True,0.14752255252990926
v5_30m__entry_sma_50__exit_ema_250__entry_hours_5p5__exit_hours_5p5,sma_50__ema_250,SMA/EMA,sma_50,ema_250,5.5,True,0.34111564350458895,0.25602463092826233,True,0.08509101257632662
v5_30m__entry_sma_50__exit_ema_50__entry_hours_5p5__exit_hours_5p5,sma_50__ema_50,SMA/EMA,sma_50,ema_50,5.5,False,0.03948882607626735,0.1935354993885933,True,-0.15404667331232594
v5_30m__entry_sma_50__exit_macd_12_26_9__entry_hours_5p5__exit_hours_5p5,sma_50__macd_12_26_9,SMA/MACD,sma_50,macd_12_26_9,5.5,False,-0.09864634904026821,0.044237324137862195,True,-0.14288367317813042
v5_30m__entry_sma_50__exit_macd_24_52_18__entry_hours_5p5__exit_hours_5p5,sma_50__macd_24_52_18,SMA/MACD,sma_50,macd_24_52_18,5.5,False,-0.04636350445979936,-0.03496320165371667,True,-0.011400302806082688
v5_30m__entry_sma_50__exit_macd_48_104_36__entry_hours_5p5__exit_hours_5p5,sma_50__macd_48_104_36,SMA/MACD,sma_50,macd_48_104_36,5.5,False,-0.01460399778183753,0.03375991179044204,True,-0.04836390957227957
v5_30m__entry_sma_50__exit_macd_6_13_5__entry_hours_5p5__exit_hours_5p5,sma_50__macd_6_13_5,SMA/MACD,sma_50,macd_6_13_5,5.5,False,-0.24705404336230768,-0.3140234134050947,True,0.06696937004278702
v5_30m__entry_sma_50__exit_macd_96_208_72__entry_hours_5p5__exit_hours_5p5,sma_50__macd_96_208_72,SMA/MACD,sma_50,macd_96_208_72,5.5,False,0.09509876851802161,0.1456139689034943,True,-0.05051520038547268
v5_30m__entry_sma_50__exit_sma_10__entry_hours_5p5__exit_hours_5p5,sma_50__sma_10,SMA/SMA,sma_50,sma_10,5.5,False,-0.200840596339412,-0.22944804227899032,True,0.028607445939578313
v5_30m__entry_sma_50__exit_sma_100__entry_hours_5p5__exit_hours_5p5,sma_50__sma_100,SMA/SMA,sma_50,sma_100,5.5,False,0.247790176533532,0.1616540292987374,True,0.0861361472347946
v5_30m__entry_sma_50__exit_sma_20__entry_hours_5p5__exit_hours_5p5,sma_50__sma_20,SMA/SMA,sma_50,sma_20,5.5,False,-0.12305842047503104,0.2593123638451282,True,-0.38237078432015925
v5_30m__entry_sma_50__exit_sma_200__entry_hours_5p5__exit_hours_5p5,sma_50__sma_200,SMA/SMA,sma_50,sma_200,5.5,False,0.15801100573120985,0.11800408284870101,True,0.040006922882508844
v5_30m__entry_sma_50__exit_sma_250__entry_hours_5p5__exit_hours_5p5,sma_50__sma_250,SMA/SMA,sma_50,sma_250,5.5,False,0.23955295251565004,0.2759518636817017,True,-0.03639891116605168
v5_30m__entry_sma_50__exit_sma_50__entry_hours_5p5__exit_hours_5p5,sma_50__sma_50,SMA/SMA,sma_50,sma_50,5.5,True,0.22025198208655886,0.1652563699705109,True,0.05499561211604795
v5_30m__entry_ema_100__exit_ema_10__entry_hours_6__exit_hours_6,ema_100__ema_10,EMA/EMA,ema_100,ema_10,6.0,False,-0.0649086927191352,-0.0006079830197040435,True,-0.06430070969943115
v5_30m__entry_ema_100__exit_ema_100__entry_hours_6__exit_hours_6,ema_100__ema_100,EMA/EMA,ema_100,ema_100,6.0,False,0.31980463661412784,0.26002747535994064,True,0.059777161254187194
v5_30m__entry_ema_100__exit_ema_20__entry_hours_6__exit_hours_6,ema_100__ema_20,EMA/EMA,ema_100,ema_20,6.0,False,0.0381530687907772,0.24731206597189026,True,-0.20915899718111305
v5_30m__entry_ema_100__exit_ema_200__entry_hours_6__exit_hours_6,ema_100__ema_200,EMA/EMA,ema_100,ema_200,6.0,False,0.2527618047225575,0.15038308416861185,True,0.10237872055394565
v5_30m__entry_ema_100__exit_ema_250__entry_hours_6__exit_hours_6,ema_100__ema_250,EMA/EMA,ema_100,ema_250,6.0,False,0.2782804850500362,0.2048396593405551,True,0.07344082570948113
v5_30m__entry_ema_100__exit_ema_50__entry_hours_6__exit_hours_6,ema_100__ema_50,EMA/EMA,ema_100,ema_50,6.0,False,0.1760361424377203,0.3283270971041166,True,-0.1522909546663963
v5_30m__entry_ema_100__exit_macd_12_26_9__entry_hours_6__exit_hours_6,ema_100__macd_12_26_9,EMA/MACD,ema_100,macd_12_26_9,6.0,False,-0.08164226092207665,0.1110696443983843,True,-0.19271190532046095
v5_30m__entry_ema_100__exit_macd_24_52_18__entry_hours_6__exit_hours_6,ema_100__macd_24_52_18,EMA/MACD,ema_100,macd_24_52_18,6.0,False,-0.07650085183876652,0.12828172443477173,True,-0.20478257627353824
v5_30m__entry_ema_100__exit_macd_48_104_36__entry_hours_6__exit_hours_6,ema_100__macd_48_104_36,EMA/MACD,ema_100,macd_48_104_36,6.0,False,0.2297779089339122,0.2839908383932107,True,-0.05421292945929851
v5_30m__entry_ema_100__exit_macd_6_13_5__entry_hours_6__exit_hours_6,ema_100__macd_6_13_5,EMA/MACD,ema_100,macd_6_13_5,6.0,False,-0.020286399601612642,-0.27656485502109796,True,0.2562784554194853
v5_30m__entry_ema_100__exit_macd_96_208_72__entry_hours_6__exit_hours_6,ema_100__macd_96_208_72,EMA/MACD,ema_100,macd_96_208_72,6.0,False,0.2658197094927448,0.35977786496833447,True,-0.09395815547558967
v5_30m__entry_ema_100__exit_sma_10__entry_hours_6__exit_hours_6,ema_100__sma_10,EMA/SMA,ema_100,sma_10,6.0,False,-0.17551531535717232,-0.13929407390727558,True,-0.036221241449896746
v5_30m__entry_ema_100__exit_sma_100__entry_hours_6__exit_hours_6,ema_100__sma_100,EMA/SMA,ema_100,sma_100,6.0,False,0.23593273914176413,0.22312607301458304,True,0.012806666127181093
v5_30m__entry_ema_100__exit_sma_20__entry_hours_6__exit_hours_6,ema_100__sma_20,EMA/SMA,ema_100,sma_20,6.0,False,-0.038376208470602816,0.26574609221734224,True,-0.30412230068794505
v5_30m__entry_ema_100__exit_sma_200__entry_hours_6__exit_hours_6,ema_100__sma_200,EMA/SMA,ema_100,sma_200,6.0,False,0.14838382297085756,0.15294067917570942,True,-0.004556856204851856
v5_30m__entry_ema_100__exit_sma_250__entry_hours_6__exit_hours_6,ema_100__sma_250,EMA/SMA,ema_100,sma_250,6.0,False,0.24525593729497536,0.2681067214191236,True,-0.02285078412414826
v5_30m__entry_ema_100__exit_sma_50__entry_hours_6__exit_hours_6,ema_100__sma_50,EMA/SMA,ema_100,sma_50,6.0,True,0.24691285103994073,0.3543849174179127,True,-0.10747206637797199
v5_30m__entry_ema_10__exit_ema_10__entry_hours_6__exit_hours_6,ema_10__ema_10,EMA/EMA,ema_10,ema_10,6.0,False,-0.20104290740365763,0.04238228775696942,True,-0.24342519516062705
v5_30m__entry_ema_10__exit_ema_100__entry_hours_6__exit_hours_6,ema_10__ema_100,EMA/EMA,ema_10,ema_100,6.0,True,0.32913854630644135,0.28292642504301196,True,0.046212121263429384
v5_30m__entry_ema_10__exit_ema_20__entry_hours_6__exit_hours_6,ema_10__ema_20,EMA/EMA,ema_10,ema_20,6.0,False,0.0696837853793249,0.4074960362135531,True,-0.3378122508342282
v5_30m__entry_ema_10__exit_ema_200__entry_hours_6__exit_hours_6,ema_10__ema_200,EMA/EMA,ema_10,ema_200,6.0,False,0.31806309208100303,0.24679641125008211,True,0.07126668083092091
v5_30m__entry_ema_10__exit_ema_250__entry_hours_6__exit_hours_6,ema_10__ema_250,EMA/EMA,ema_10,ema_250,6.0,False,0.31323555558789584,0.2535970817655029,True,0.05963847382239296
v5_30m__entry_ema_10__exit_ema_50__entry_hours_6__exit_hours_6,ema_10__ema_50,EMA/EMA,ema_10,ema_50,6.0,False,0.004466235497486848,0.29332963587277333,True,-0.28886340037528646
v5_30m__entry_ema_10__exit_macd_12_26_9__entry_hours_6__exit_hours_6,ema_10__macd_12_26_9,EMA/MACD,ema_10,macd_12_26_9,6.0,False,-0.03453624512271724,0.04448900367367532,True,-0.07902524879639256
v5_30m__entry_ema_10__exit_macd_24_52_18__entry_hours_6__exit_hours_6,ema_10__macd_24_52_18,EMA/MACD,ema_10,macd_24_52_18,6.0,False,-0.07694464638882446,-0.09447657861976214,True,0.017531932230937672
v5_30m__entry_ema_10__exit_macd_48_104_36__entry_hours_6__exit_hours_6,ema_10__macd_48_104_36,EMA/MACD,ema_10,macd_48_104_36,6.0,False,0.07205841121769573,0.06041333402917477,True,0.011645077188520953
v5_30m__entry_ema_10__exit_macd_6_13_5__entry_hours_6__exit_hours_6,ema_10__macd_6_13_5,EMA/MACD,ema_10,macd_6_13_5,6.0,False,-0.11552960501436382,-0.337329343855825,True,0.2217997388414612
v5_30m__entry_ema_10__exit_macd_96_208_72__entry_hours_6__exit_hours_6,ema_10__macd_96_208_72,EMA/MACD,ema_10,macd_96_208_72,6.0,False,0.12705220602759543,0.1701393409829781,True,-0.04308713495538266
v5_30m__entry_ema_10__exit_sma_10__entry_hours_6__exit_hours_6,ema_10__sma_10,EMA/SMA,ema_10,sma_10,6.0,False,-0.21225849288349435,-0.02027189997570593,True,-0.1919865929077884
v5_30m__entry_ema_10__exit_sma_100__entry_hours_6__exit_hours_6,ema_10__sma_100,EMA/SMA,ema_10,sma_100,6.0,False,0.25690343291381434,0.21723681396672326,True,0.03966661894709109
v5_30m__entry_ema_10__exit_sma_20__entry_hours_6__exit_hours_6,ema_10__sma_20,EMA/SMA,ema_10,sma_20,6.0,True,0.0666300946168279,0.42097776631184786,True,-0.35434767169501996
v5_30m__entry_ema_10__exit_sma_200__entry_hours_6__exit_hours_6,ema_10__sma_200,EMA/SMA,ema_10,sma_200,6.0,False,0.1426481147186416,0.19696945041182182,True,-0.054321335693180206
v5_30m__entry_ema_10__exit_sma_250__entry_hours_6__exit_hours_6,ema_10__sma_250,EMA/SMA,ema_10,sma_250,6.0,False,0.23135145725491776,0.3076816409695035,True,-0.07633018371458575
v5_30m__entry_ema_10__exit_sma_50__entry_hours_6__exit_hours_6,ema_10__sma_50,EMA/SMA,ema_10,sma_50,6.0,True,0.2867474154419809,0.33207476598594116,True,-0.045327350543960254
v5_30m__entry_ema_200__exit_ema_10__entry_hours_6__exit_hours_6,ema_200__ema_10,EMA/EMA,ema_200,ema_10,6.0,False,-0.015203623149248096,0.09988745464702359,True,-0.11509107779627169
v5_30m__entry_ema_200__exit_ema_100__entry_hours_6__exit_hours_6,ema_200__ema_100,EMA/EMA,ema_200,ema_100,6.0,True,0.3647292314379728,0.2473743971928503,True,0.11735483424512252
v5_30m__entry_ema_200__exit_ema_20__entry_hours_6__exit_hours_6,ema_200__ema_20,EMA/EMA,ema_200,ema_20,6.0,False,0.03230561646525295,0.1589425052753569,True,-0.12663688881010393
v5_30m__entry_ema_200__exit_ema_200__entry_hours_6__exit_hours_6,ema_200__ema_200,EMA/EMA,ema_200,ema_200,6.0,False,0.3488812933340723,0.1825266450478972,True,0.1663546482861751
v5_30m__entry_ema_200__exit_ema_250__entry_hours_6__exit_hours_6,ema_200__ema_250,EMA/EMA,ema_200,ema_250,6.0,False,0.29471619711716496,0.2549479211262679,True,0.03976827599089705
v5_30m__entry_ema_200__exit_ema_50__entry_hours_6__exit_hours_6,ema_200__ema_50,EMA/EMA,ema_200,ema_50,6.0,False,0.15607492835680065,0.190591816351735,True,-0.03451688799493435
v5_30m__entry_ema_200__exit_macd_12_26_9__entry_hours_6__exit_hours_6,ema_200__macd_12_26_9,EMA/MACD,ema_200,macd_12_26_9,6.0,False,0.18621138732433404,0.2726890572681901,True,-0.08647766994385606
v5_30m__entry_ema_200__exit_macd_24_52_18__entry_hours_6__exit_hours_6,ema_200__macd_24_52_18,EMA/MACD,ema_200,macd_24_52_18,6.0,False,-0.1275816491064865,0.0022133693682327886,True,-0.1297950184747193
v5_30m__entry_ema_200__exit_macd_48_104_36__entry_hours_6__exit_hours_6,ema_200__macd_48_104_36,EMA/MACD,ema_200,macd_48_104_36,6.0,False,0.28447686609307216,0.15829215559599513,True,0.12618471049707702
v5_30m__entry_ema_200__exit_macd_6_13_5__entry_hours_6__exit_hours_6,ema_200__macd_6_13_5,EMA/MACD,ema_200,macd_6_13_5,6.0,True,0.3028482941114988,0.01374523804187511,True,0.28910305606962367
v5_30m__entry_ema_200__exit_macd_96_208_72__entry_hours_6__exit_hours_6,ema_200__macd_96_208_72,EMA/MACD,ema_200,macd_96_208_72,6.0,True,0.49971270049186217,0.4521443181480897,True,0.047568382343772475
v5_30m__entry_ema_200__exit_sma_10__entry_hours_6__exit_hours_6,ema_200__sma_10,EMA/SMA,ema_200,sma_10,6.0,False,-0.014418276341752509,0.043594792551802146,True,-0.058013068893554655
v5_30m__entry_ema_200__exit_sma_100__entry_hours_6__exit_hours_6,ema_200__sma_100,EMA/SMA,ema_200,sma_100,6.0,False,0.26583068029072593,0.10943336572303634,True,0.15639731456768957
v5_30m__entry_ema_200__exit_sma_20__entry_hours_6__exit_hours_6,ema_200__sma_20,EMA/SMA,ema_200,sma_20,6.0,False,-0.027323349166885114,0.1978819181163215,True,-0.2252052672832066
v5_30m__entry_ema_200__exit_sma_200__entry_hours_6__exit_hours_6,ema_200__sma_200,EMA/SMA,ema_200,sma_200,6.0,False,0.3171179021362884,0.16939549064342743,True,0.14772241149286094
v5_30m__entry_ema_200__exit_sma_250__entry_hours_6__exit_hours_6,ema_200__sma_250,EMA/SMA,ema_200,sma_250,6.0,False,0.2734888654531346,0.295301844313221,True,-0.021812978860086374
v5_30m__entry_ema_200__exit_sma_50__entry_hours_6__exit_hours_6,ema_200__sma_50,EMA/SMA,ema_200,sma_50,6.0,True,0.2097897253491859,0.19608868657989567,True,0.013701038769290241
v5_30m__entry_ema_20__exit_ema_10__entry_hours_6__exit_hours_6,ema_20__ema_10,EMA/EMA,ema_20,ema_10,6.0,False,0.000664903777905168,0.11333849185533337,True,-0.11267358807742821
v5_30m__entry_ema_20__exit_ema_100__entry_hours_6__exit_hours_6,ema_20__ema_100,EMA/EMA,ema_20,ema_100,6.0,True,0.34916387260566795,0.3084589117540858,True,0.04070496085158215
v5_30m__entry_ema_20__exit_ema_20__entry_hours_6__exit_hours_6,ema_20__ema_20,EMA/EMA,ema_20,ema_20,6.0,False,0.08984480727253287,0.33516626164033736,True,-0.2453214543678045
v5_30m__entry_ema_20__exit_ema_200__entry_hours_6__exit_hours_6,ema_20__ema_200,EMA/EMA,ema_20,ema_200,6.0,False,0.28550741594045365,0.19302553893031535,True,0.0924818770101383
v5_30m__entry_ema_20__exit_ema_250__entry_hours_6__exit_hours_6,ema_20__ema_250,EMA/EMA,ema_20,ema_250,6.0,False,0.2835296598350445,0.2693014992255929,True,0.014228160609451646
v5_30m__entry_ema_20__exit_ema_50__entry_hours_6__exit_hours_6,ema_20__ema_50,EMA/EMA,ema_20,ema_50,6.0,False,-0.00721271795454427,0.2528875695267343,True,-0.26010028748127856
v5_30m__entry_ema_20__exit_macd_12_26_9__entry_hours_6__exit_hours_6,ema_20__macd_12_26_9,EMA/MACD,ema_20,macd_12_26_9,6.0,False,-0.039991968857327975,0.032109806858264145,True,-0.07210177571559212
v5_30m__entry_ema_20__exit_macd_24_52_18__entry_hours_6__exit_hours_6,ema_20__macd_24_52_18,EMA/MACD,ema_20,macd_24_52_18,6.0,False,-0.12800487821902468,-0.0326899165458147,True,-0.09531496167320998
v5_30m__entry_ema_20__exit_macd_48_104_36__entry_hours_6__exit_hours_6,ema_20__macd_48_104_36,EMA/MACD,ema_20,macd_48_104_36,6.0,False,0.06369903775843157,0.06537010652989599,True,-0.001671068771464418
v5_30m__entry_ema_20__exit_macd_6_13_5__entry_hours_6__exit_hours_6,ema_20__macd_6_13_5,EMA/MACD,ema_20,macd_6_13_5,6.0,False,0.038435402075479415,-0.11252877930989884,True,0.15096418138537826
v5_30m__entry_ema_20__exit_macd_96_208_72__entry_hours_6__exit_hours_6,ema_20__macd_96_208_72,EMA/MACD,ema_20,macd_96_208_72,6.0,False,0.11895520664323975,0.16489882865510538,True,-0.04594362201186564
v5_30m__entry_ema_20__exit_sma_10__entry_hours_6__exit_hours_6,ema_20__sma_10,EMA/SMA,ema_20,sma_10,6.0,False,0.018412313714281082,0.006178142283133949,True,0.012234171431147134
v5_30m__entry_ema_20__exit_sma_100__entry_hours_6__exit_hours_6,ema_20__sma_100,EMA/SMA,ema_20,sma_100,6.0,False,0.26974581825983385,0.23831683043913535,True,0.0314289878206985
v5_30m__entry_ema_20__exit_sma_20__entry_hours_6__exit_hours_6,ema_20__sma_20,EMA/SMA,ema_20,sma_20,6.0,False,0.08417303847622847,0.4204221554160418,True,-0.3362491169398133
v5_30m__entry_ema_20__exit_sma_200__entry_hours_6__exit_hours_6,ema_20__sma_200,EMA/SMA,ema_20,sma_200,6.0,False,0.13046822836987287,0.15903135902657678,True,-0.028563130656703906
v5_30m__entry_ema_20__exit_sma_250__entry_hours_6__exit_hours_6,ema_20__sma_250,EMA/SMA,ema_20,sma_250,6.0,False,0.21904837904662036,0.27327386820124583,True,-0.05422548915462547
v5_30m__entry_ema_20__exit_sma_50__entry_hours_6__exit_hours_6,ema_20__sma_50,EMA/SMA,ema_20,sma_50,6.0,False,0.2802244077693575,0.2929388762492825,True,-0.012714468479925023
v5_30m__entry_ema_250__exit_ema_10__entry_hours_6__exit_hours_6,ema_250__ema_10,EMA/EMA,ema_250,ema_10,6.0,False,0.009938531067946973,0.13538534402234675,True,-0.12544681295439977
v5_30m__entry_ema_250__exit_ema_100__entry_hours_6__exit_hours_6,ema_250__ema_100,EMA/EMA,ema_250,ema_100,6.0,True,0.2964332169184078,0.3545106767997482,True,-0.05807745988134039
v5_30m__entry_ema_250__exit_ema_20__entry_hours_6__exit_hours_6,ema_250__ema_20,EMA/EMA,ema_250,ema_20,6.0,False,0.07350631558898202,0.24198167384301483,True,-0.16847535825403281
v5_30m__entry_ema_250__exit_ema_200__entry_hours_6__exit_hours_6,ema_250__ema_200,EMA/EMA,ema_250,ema_200,6.0,False,0.35055652821995864,0.24453467116009633,True,0.1060218570598623
v5_30m__entry_ema_250__exit_ema_250__entry_hours_6__exit_hours_6,ema_250__ema_250,EMA/EMA,ema_250,ema_250,6.0,False,0.30915539049779794,0.2418391106175752,True,0.06731627988022273
v5_30m__entry_ema_250__exit_ema_50__entry_hours_6__exit_hours_6,ema_250__ema_50,EMA/EMA,ema_250,ema_50,6.0,False,0.09495990675715554,0.3019856816831141,True,-0.20702577492595858
v5_30m__entry_ema_250__exit_macd_12_26_9__entry_hours_6__exit_hours_6,ema_250__macd_12_26_9,EMA/MACD,ema_250,macd_12_26_9,6.0,True,0.22313298391069533,0.3004419828161448,True,-0.07730899890544948
v5_30m__entry_ema_250__exit_macd_24_52_18__entry_hours_6__exit_hours_6,ema_250__macd_24_52_18,EMA/MACD,ema_250,macd_24_52_18,6.0,False,-0.10819416095017619,0.06633157662185257,True,-0.17452573757202877
v5_30m__entry_ema_250__exit_macd_48_104_36__entry_hours_6__exit_hours_6,ema_250__macd_48_104_36,EMA/MACD,ema_250,macd_48_104_36,6.0,False,0.2002897005433803,0.23223936978870546,True,-0.03194966924532516
v5_30m__entry_ema_250__exit_macd_6_13_5__entry_hours_6__exit_hours_6,ema_250__macd_6_13_5,EMA/MACD,ema_250,macd_6_13_5,6.0,True,0.3220094496753877,0.004320951533029749,True,0.31768849814235794
v5_30m__entry_ema_250__exit_macd_96_208_72__entry_hours_6__exit_hours_6,ema_250__macd_96_208_72,EMA/MACD,ema_250,macd_96_208_72,6.0,True,0.4293719118457841,0.48169134509777994,True,-0.05231943325199584
v5_30m__entry_ema_250__exit_sma_10__entry_hours_6__exit_hours_6,ema_250__sma_10,EMA/SMA,ema_250,sma_10,6.0,False,-0.019509726239374383,0.08741208481457227,True,-0.10692181105394666
v5_30m__entry_ema_250__exit_sma_100__entry_hours_6__exit_hours_6,ema_250__sma_100,EMA/SMA,ema_250,sma_100,6.0,False,0.19365897838755475,0.23863835869141053,True,-0.04497938030385579
v5_30m__entry_ema_250__exit_sma_20__entry_hours_6__exit_hours_6,ema_250__sma_20,EMA/SMA,ema_250,sma_20,6.0,False,0.009629909565663288,0.292018940434404,True,-0.28238903086874073
v5_30m__entry_ema_250__exit_sma_200__entry_hours_6__exit_hours_6,ema_250__sma_200,EMA/SMA,ema_250,sma_200,6.0,False,0.256939657812053,0.1399485000732323,True,0.11699115773882071
v5_30m__entry_ema_250__exit_sma_250__entry_hours_6__exit_hours_6,ema_250__sma_250,EMA/SMA,ema_250,sma_250,6.0,False,0.25812730237449694,0.27306904073857,True,-0.014941738364073087
v5_30m__entry_ema_250__exit_sma_50__entry_hours_6__exit_hours_6,ema_250__sma_50,EMA/SMA,ema_250,sma_50,6.0,True,0.15654521334199661,0.24563342266915664,True,-0.08908820932716002
v5_30m__entry_ema_50__exit_ema_10__entry_hours_6__exit_hours_6,ema_50__ema_10,EMA/EMA,ema_50,ema_10,6.0,False,-0.2663312849848541,-0.11883383465858063,True,-0.14749745032627345
v5_30m__entry_ema_50__exit_ema_100__entry_hours_6__exit_hours_6,ema_50__ema_100,EMA/EMA,ema_50,ema_100,6.0,True,0.2538071088359077,0.31280924482724637,True,-0.05900213599133869
v5_30m__entry_ema_50__exit_ema_20__entry_hours_6__exit_hours_6,ema_50__ema_20,EMA/EMA,ema_50,ema_20,6.0,False,-0.17090987153397771,0.13835396155375768,True,-0.3092638330877354
v5_30m__entry_ema_50__exit_ema_200__entry_hours_6__exit_hours_6,ema_50__ema_200,EMA/EMA,ema_50,ema_200,6.0,False,0.2443925866810142,0.17224309443874863,True,0.07214949224226558
v5_30m__entry_ema_50__exit_ema_250__entry_hours_6__exit_hours_6,ema_50__ema_250,EMA/EMA,ema_50,ema_250,6.0,False,0.2887876848325455,0.2434381516390642,True,0.04534953319348131
v5_30m__entry_ema_50__exit_ema_50__entry_hours_6__exit_hours_6,ema_50__ema_50,EMA/EMA,ema_50,ema_50,6.0,False,-0.03885086030730254,0.19138391838000113,True,-0.23023477868730366
v5_30m__entry_ema_50__exit_macd_12_26_9__entry_hours_6__exit_hours_6,ema_50__macd_12_26_9,EMA/MACD,ema_50,macd_12_26_9,6.0,False,-0.30080552626586227,0.037349799948385165,True,-0.33815532621424743
v5_30m__entry_ema_50__exit_macd_24_52_18__entry_hours_6__exit_hours_6,ema_50__macd_24_52_18,EMA/MACD,ema_50,macd_24_52_18,6.0,False,-0.15119750375782712,-0.0733129922661896,True,-0.07788451149163751
v5_30m__entry_ema_50__exit_macd_48_104_36__entry_hours_6__exit_hours_6,ema_50__macd_48_104_36,EMA/MACD,ema_50,macd_48_104_36,6.0,False,0.005816640044012152,0.0026057337369784633,True,0.0032109063070336888
v5_30m__entry_ema_50__exit_macd_6_13_5__entry_hours_6__exit_hours_6,ema_50__macd_6_13_5,EMA/MACD,ema_50,macd_6_13_5,6.0,False,-0.3626041723825618,-0.23606243051252473,True,-0.12654174187003708
v5_30m__entry_ema_50__exit_macd_96_208_72__entry_hours_6__exit_hours_6,ema_50__macd_96_208_72,EMA/MACD,ema_50,macd_96_208_72,6.0,False,0.11811535757009525,0.1477677931427919,True,-0.029652435572696645
v5_30m__entry_ema_50__exit_sma_10__entry_hours_6__exit_hours_6,ema_50__sma_10,EMA/SMA,ema_50,sma_10,6.0,False,-0.30915478698777477,-0.1589736820920096,True,-0.15018110489576517
v5_30m__entry_ema_50__exit_sma_100__entry_hours_6__exit_hours_6,ema_50__sma_100,EMA/SMA,ema_50,sma_100,6.0,False,0.23877070716991255,0.21708323404220775,True,0.021687473127704804
v5_30m__entry_ema_50__exit_sma_20__entry_hours_6__exit_hours_6,ema_50__sma_20,EMA/SMA,ema_50,sma_20,6.0,False,-0.16124919754355502,0.25506146671504637,True,-0.4163106642586014
v5_30m__entry_ema_50__exit_sma_200__entry_hours_6__exit_hours_6,ema_50__sma_200,EMA/SMA,ema_50,sma_200,6.0,False,0.13869015432770512,0.17638623451869018,True,-0.037696080190985054
v5_30m__entry_ema_50__exit_sma_250__entry_hours_6__exit_hours_6,ema_50__sma_250,EMA/SMA,ema_50,sma_250,6.0,False,0.2301134401278487,0.275892013050645,True,-0.04577857292279627
v5_30m__entry_ema_50__exit_sma_50__entry_hours_6__exit_hours_6,ema_50__sma_50,EMA/SMA,ema_50,sma_50,6.0,False,0.13795551007218002,0.21178143894773113,True,-0.07382592887555112
v5_30m__entry_macd_12_26_9__exit_ema_10__entry_hours_6__exit_hours_6,macd_12_26_9__ema_10,MACD/EMA,macd_12_26_9,ema_10,6.0,False,-0.027182781644891085,0.09667237840179971,True,-0.1238551600466908
v5_30m__entry_macd_12_26_9__exit_ema_100__entry_hours_6__exit_hours_6,macd_12_26_9__ema_100,MACD/EMA,macd_12_26_9,ema_100,6.0,True,0.27397822671311073,0.2519950113135395,True,0.02198321539957121
v5_30m__entry_macd_12_26_9__exit_ema_20__entry_hours_6__exit_hours_6,macd_12_26_9__ema_20,MACD/EMA,macd_12_26_9,ema_20,6.0,False,0.04812453392455479,0.3493518170015414,True,-0.3012272830769866
v5_30m__entry_macd_12_26_9__exit_ema_200__entry_hours_6__exit_hours_6,macd_12_26_9__ema_200,MACD/EMA,macd_12_26_9,ema_200,6.0,False,0.26167142599231225,0.23079648399291705,True,0.030874941999395195
v5_30m__entry_macd_12_26_9__exit_ema_250__entry_hours_6__exit_hours_6,macd_12_26_9__ema_250,MACD/EMA,macd_12_26_9,ema_250,6.0,False,0.22396938984421189,0.1838063064624598,True,0.04016308338175209
v5_30m__entry_macd_12_26_9__exit_ema_50__entry_hours_6__exit_hours_6,macd_12_26_9__ema_50,MACD/EMA,macd_12_26_9,ema_50,6.0,False,-0.08314818586166245,0.19839467366397762,True,-0.28154285952564007
v5_30m__entry_macd_12_26_9__exit_macd_12_26_9__entry_hours_6__exit_hours_6,macd_12_26_9__macd_12_26_9,MACD/MACD,macd_12_26_9,macd_12_26_9,6.0,False,-0.1753657429212764,-0.05015681922882513,True,-0.1252089236924513
v5_30m__entry_macd_12_26_9__exit_macd_24_52_18__entry_hours_6__exit_hours_6,macd_12_26_9__macd_24_52_18,MACD/MACD,macd_12_26_9,macd_24_52_18,6.0,False,-0.14081998797565648,-0.09729091902528748,True,-0.043529068950368996
v5_30m__entry_macd_12_26_9__exit_macd_48_104_36__entry_hours_6__exit_hours_6,macd_12_26_9__macd_48_104_36,MACD/MACD,macd_12_26_9,macd_48_104_36,6.0,False,0.09291713477429117,0.0645230696217943,True,0.028394065152496872
v5_30m__entry_macd_12_26_9__exit_macd_6_13_5__entry_hours_6__exit_hours_6,macd_12_26_9__macd_6_13_5,MACD/MACD,macd_12_26_9,macd_6_13_5,6.0,False,-0.03244441707250033,-0.03804642279195789,True,0.005602005719457563
v5_30m__entry_macd_12_26_9__exit_macd_96_208_72__entry_hours_6__exit_hours_6,macd_12_26_9__macd_96_208_72,MACD/MACD,macd_12_26_9,macd_96_208_72,6.0,True,0.1311509610616683,0.18932454793521306,True,-0.058173586873544764
v5_30m__entry_macd_12_26_9__exit_sma_10__entry_hours_6__exit_hours_6,macd_12_26_9__sma_10,MACD/SMA,macd_12_26_9,sma_10,6.0,False,-0.041745881414759475,0.014384966182920485,True,-0.05613084759767996
v5_30m__entry_macd_12_26_9__exit_sma_100__entry_hours_6__exit_hours_6,macd_12_26_9__sma_100,MACD/SMA,macd_12_26_9,sma_100,6.0,False,0.278877180957187,0.18305796985185535,True,0.09581921110533165
v5_30m__entry_macd_12_26_9__exit_sma_20__entry_hours_6__exit_hours_6,macd_12_26_9__sma_20,MACD/SMA,macd_12_26_9,sma_20,6.0,False,0.06451409804205771,0.2757097708180151,True,-0.2111956727759574
v5_30m__entry_macd_12_26_9__exit_sma_200__entry_hours_6__exit_hours_6,macd_12_26_9__sma_200,MACD/SMA,macd_12_26_9,sma_200,6.0,False,0.17629428324134758,0.1593953508049668,True,0.01689893243638077
v5_30m__entry_macd_12_26_9__exit_sma_250__entry_hours_6__exit_hours_6,macd_12_26_9__sma_250,MACD/SMA,macd_12_26_9,sma_250,6.0,False,0.2540963925166419,0.23313442889803296,True,0.020961963618608942
v5_30m__entry_macd_12_26_9__exit_sma_50__entry_hours_6__exit_hours_6,macd_12_26_9__sma_50,MACD/SMA,macd_12_26_9,sma_50,6.0,True,0.27401521394975314,0.30197418064047843,True,-0.027958966690725284
v5_30m__entry_macd_24_52_18__exit_ema_10__entry_hours_6__exit_hours_6,macd_24_52_18__ema_10,MACD/EMA,macd_24_52_18,ema_10,6.0,False,-0.20099054948067915,-0.17729919477407613,True,-0.023691354706603024
v5_30m__entry_macd_24_52_18__exit_ema_100__entry_hours_6__exit_hours_6,macd_24_52_18__ema_100,MACD/EMA,macd_24_52_18,ema_100,6.0,True,0.27558468580713613,0.34588549350256825,True,-0.07030080769543212
v5_30m__entry_macd_24_52_18__exit_ema_20__entry_hours_6__exit_hours_6,macd_24_52_18__ema_20,MACD/EMA,macd_24_52_18,ema_20,6.0,False,-0.07412195418531191,0.08823242655205842,True,-0.16235438073737032
v5_30m__entry_macd_24_52_18__exit_ema_200__entry_hours_6__exit_hours_6,macd_24_52_18__ema_200,MACD/EMA,macd_24_52_18,ema_200,6.0,False,0.21602054686304129,0.038576601851310864,True,0.17744394501173041
v5_30m__entry_macd_24_52_18__exit_ema_250__entry_hours_6__exit_hours_6,macd_24_52_18__ema_250,MACD/EMA,macd_24_52_18,ema_250,6.0,False,0.2728541041531825,0.21813457779921872,True,0.05471952635396379
v5_30m__entry_macd_24_52_18__exit_ema_50__entry_hours_6__exit_hours_6,macd_24_52_18__ema_50,MACD/EMA,macd_24_52_18,ema_50,6.0,False,0.005301135242203682,0.19567372070025785,True,-0.19037258545805416
v5_30m__entry_macd_24_52_18__exit_macd_12_26_9__entry_hours_6__exit_hours_6,macd_24_52_18__macd_12_26_9,MACD/MACD,macd_24_52_18,macd_12_26_9,6.0,False,-0.19994311620038735,-0.13901978476403284,True,-0.060923331436354505
v5_30m__entry_macd_24_52_18__exit_macd_24_52_18__entry_hours_6__exit_hours_6,macd_24_52_18__macd_24_52_18,MACD/MACD,macd_24_52_18,macd_24_52_18,6.0,False,-0.14904751078856074,-0.12124680179990625,True,-0.027800708988654485
v5_30m__entry_macd_24_52_18__exit_macd_48_104_36__entry_hours_6__exit_hours_6,macd_24_52_18__macd_48_104_36,MACD/MACD,macd_24_52_18,macd_48_104_36,6.0,False,0.1053865807723658,0.06348267292164896,True,0.04190390785071685
v5_30m__entry_macd_24_52_18__exit_macd_6_13_5__entry_hours_6__exit_hours_6,macd_24_52_18__macd_6_13_5,MACD/MACD,macd_24_52_18,macd_6_13_5,6.0,False,-0.2455046817940052,-0.22124770582046516,True,-0.02425697597354004
v5_30m__entry_macd_24_52_18__exit_macd_96_208_72__entry_hours_6__exit_hours_6,macd_24_52_18__macd_96_208_72,MACD/MACD,macd_24_52_18,macd_96_208_72,6.0,False,0.11895520664323975,0.16489882865510538,True,-0.04594362201186564
v5_30m__entry_macd_24_52_18__exit_sma_10__entry_hours_6__exit_hours_6,macd_24_52_18__sma_10,MACD/SMA,macd_24_52_18,sma_10,6.0,False,-0.1586880282040939,-0.2527660457993101,True,0.09407801759521622
v5_30m__entry_macd_24_52_18__exit_sma_100__entry_hours_6__exit_hours_6,macd_24_52_18__sma_100,MACD/SMA,macd_24_52_18,sma_100,6.0,False,0.33846927962267215,0.2815835691692267,True,0.056885710453445426
v5_30m__entry_macd_24_52_18__exit_sma_20__entry_hours_6__exit_hours_6,macd_24_52_18__sma_20,MACD/SMA,macd_24_52_18,sma_20,6.0,False,-0.02250652646720462,0.14407231228142342,True,-0.16657883874862806
v5_30m__entry_macd_24_52_18__exit_sma_200__entry_hours_6__exit_hours_6,macd_24_52_18__sma_200,MACD/SMA,macd_24_52_18,sma_200,6.0,False,0.16476755781581562,0.05373798559744341,True,0.1110295722183722
v5_30m__entry_macd_24_52_18__exit_sma_250__entry_hours_6__exit_hours_6,macd_24_52_18__sma_250,MACD/SMA,macd_24_52_18,sma_250,6.0,True,0.27574402094145395,0.2624020855323676,True,0.013341935409086347
v5_30m__entry_macd_24_52_18__exit_sma_50__entry_hours_6__exit_hours_6,macd_24_52_18__sma_50,MACD/SMA,macd_24_52_18,sma_50,6.0,False,0.251998074986623,0.1924333058867206,True,0.05956476909990241
v5_30m__entry_macd_48_104_36__exit_ema_10__entry_hours_6__exit_hours_6,macd_48_104_36__ema_10,MACD/EMA,macd_48_104_36,ema_10,6.0,False,-0.13102495698419975,0.03448760042492447,True,-0.1655125574091242
v5_30m__entry_macd_48_104_36__exit_ema_100__entry_hours_6__exit_hours_6,macd_48_104_36__ema_100,MACD/EMA,macd_48_104_36,ema_100,6.0,False,0.23687418578738495,0.2485118872003444,True,-0.011637701412959445
v5_30m__entry_macd_48_104_36__exit_ema_20__entry_hours_6__exit_hours_6,macd_48_104_36__ema_20,MACD/EMA,macd_48_104_36,ema_20,6.0,False,-0.09209665437686518,0.1589579519004396,True,-0.2510546062773048
v5_30m__entry_macd_48_104_36__exit_ema_200__entry_hours_6__exit_hours_6,macd_48_104_36__ema_200,MACD/EMA,macd_48_104_36,ema_200,6.0,False,0.2840581633242154,0.12368352574334625,True,0.16037463758086917
v5_30m__entry_macd_48_104_36__exit_ema_250__entry_hours_6__exit_hours_6,macd_48_104_36__ema_250,MACD/EMA,macd_48_104_36,ema_250,6.0,False,0.3049895775934476,0.15084058222576516,True,0.15414899536768242
v5_30m__entry_macd_48_104_36__exit_ema_50__entry_hours_6__exit_hours_6,macd_48_104_36__ema_50,MACD/EMA,macd_48_104_36,ema_50,6.0,False,0.08551230665245978,0.15165428497255848,True,-0.0661419783200987
v5_30m__entry_macd_48_104_36__exit_macd_12_26_9__entry_hours_6__exit_hours_6,macd_48_104_36__macd_12_26_9,MACD/MACD,macd_48_104_36,macd_12_26_9,6.0,False,-0.11101561377974095,-0.09492820142784347,True,-0.01608741235189748
v5_30m__entry_macd_48_104_36__exit_macd_24_52_18__entry_hours_6__exit_hours_6,macd_48_104_36__macd_24_52_18,MACD/MACD,macd_48_104_36,macd_24_52_18,6.0,False,-0.0613481391162255,-0.0593564494637505,True,-0.0019916896524749955
v5_30m__entry_macd_48_104_36__exit_macd_48_104_36__entry_hours_6__exit_hours_6,macd_48_104_36__macd_48_104_36,MACD/MACD,macd_48_104_36,macd_48_104_36,6.0,False,0.09291713477429117,0.059038478179540874,True,0.0338786565947503
v5_30m__entry_macd_48_104_36__exit_macd_6_13_5__entry_hours_6__exit_hours_6,macd_48_104_36__macd_6_13_5,MACD/MACD,macd_48_104_36,macd_6_13_5,6.0,False,-0.35157440937385515,-0.24994494313057333,True,-0.10162946624328181
v5_30m__entry_macd_48_104_36__exit_macd_96_208_72__entry_hours_6__exit_hours_6,macd_48_104_36__macd_96_208_72,MACD/MACD,macd_48_104_36,macd_96_208_72,6.0,True,0.10263083052948246,0.1780850318940042,True,-0.07545420136452174
v5_30m__entry_macd_48_104_36__exit_sma_10__entry_hours_6__exit_hours_6,macd_48_104_36__sma_10,MACD/SMA,macd_48_104_36,sma_10,6.0,False,-0.1543754021904327,-0.15298304419964567,True,-0.0013923579907870187
v5_30m__entry_macd_48_104_36__exit_sma_100__entry_hours_6__exit_hours_6,macd_48_104_36__sma_100,MACD/SMA,macd_48_104_36,sma_100,6.0,False,0.3806469562548948,0.20688133291105346,True,0.17376562334384135
v5_30m__entry_macd_48_104_36__exit_sma_20__entry_hours_6__exit_hours_6,macd_48_104_36__sma_20,MACD/SMA,macd_48_104_36,sma_20,6.0,False,-0.06824242796659877,0.2527713749066454,True,-0.3210138028732442
v5_30m__entry_macd_48_104_36__exit_sma_200__entry_hours_6__exit_hours_6,macd_48_104_36__sma_200,MACD/SMA,macd_48_104_36,sma_200,6.0,False,0.1312595124291468,0.08380688632393145,True,0.04745262610521535
v5_30m__entry_macd_48_104_36__exit_sma_250__entry_hours_6__exit_hours_6,macd_48_104_36__sma_250,MACD/SMA,macd_48_104_36,sma_250,6.0,False,0.24973074283337107,0.2563091465984941,True,-0.006578403765123003
v5_30m__entry_macd_48_104_36__exit_sma_50__entry_hours_6__exit_hours_6,macd_48_104_36__sma_50,MACD/SMA,macd_48_104_36,sma_50,6.0,False,0.26608065987343793,0.13424332681152007,True,0.13183733306191786
v5_30m__entry_macd_6_13_5__exit_ema_10__entry_hours_6__exit_hours_6,macd_6_13_5__ema_10,MACD/EMA,macd_6_13_5,ema_10,6.0,False,-0.10976345938716563,-0.09518555692943119,True,-0.014577902457734437
v5_30m__entry_macd_6_13_5__exit_ema_100__entry_hours_6__exit_hours_6,macd_6_13_5__ema_100,MACD/EMA,macd_6_13_5,ema_100,6.0,False,0.3093648854196968,0.20905005498886176,True,0.10031483043083506
v5_30m__entry_macd_6_13_5__exit_ema_20__entry_hours_6__exit_hours_6,macd_6_13_5__ema_20,MACD/EMA,macd_6_13_5,ema_20,6.0,False,0.07773190070233874,0.3932842103998786,True,-0.3155523096975399
v5_30m__entry_macd_6_13_5__exit_ema_200__entry_hours_6__exit_hours_6,macd_6_13_5__ema_200,MACD/EMA,macd_6_13_5,ema_200,6.0,False,0.3444441719586978,0.28673791590516057,True,0.05770625605353724
v5_30m__entry_macd_6_13_5__exit_ema_250__entry_hours_6__exit_hours_6,macd_6_13_5__ema_250,MACD/EMA,macd_6_13_5,ema_250,6.0,True,0.309630618945366,0.2357207832752722,True,0.07390983567009377
v5_30m__entry_macd_6_13_5__exit_ema_50__entry_hours_6__exit_hours_6,macd_6_13_5__ema_50,MACD/EMA,macd_6_13_5,ema_50,6.0,False,-0.0022840930200459923,0.2916194114240565,True,-0.2939035044441025
v5_30m__entry_macd_6_13_5__exit_macd_12_26_9__entry_hours_6__exit_hours_6,macd_6_13_5__macd_12_26_9,MACD/MACD,macd_6_13_5,macd_12_26_9,6.0,False,-0.151941502770719,0.02305298574551216,True,-0.17499448851623114
v5_30m__entry_macd_6_13_5__exit_macd_24_52_18__entry_hours_6__exit_hours_6,macd_6_13_5__macd_24_52_18,MACD/MACD,macd_6_13_5,macd_24_52_18,6.0,False,-0.1594257899760695,-0.08478910274393897,True,-0.07463668723213052
v5_30m__entry_macd_6_13_5__exit_macd_48_104_36__entry_hours_6__exit_hours_6,macd_6_13_5__macd_48_104_36,MACD/MACD,macd_6_13_5,macd_48_104_36,6.0,False,0.127808058521568,0.0808892648389764,True,0.04691879368259161
v5_30m__entry_macd_6_13_5__exit_macd_6_13_5__entry_hours_6__exit_hours_6,macd_6_13_5__macd_6_13_5,MACD/MACD,macd_6_13_5,macd_6_13_5,6.0,False,-0.3023286537969215,-0.19194352131521258,True,-0.11038513248170889
v5_30m__entry_macd_6_13_5__exit_macd_96_208_72__entry_hours_6__exit_hours_6,macd_6_13_5__macd_96_208_72,MACD/MACD,macd_6_13_5,macd_96_208_72,6.0,False,0.08830024136489144,0.16503114378334596,True,-0.07673090241845452
v5_30m__entry_macd_6_13_5__exit_sma_10__entry_hours_6__exit_hours_6,macd_6_13_5__sma_10,MACD/SMA,macd_6_13_5,sma_10,6.0,False,-0.2158291191127921,-0.06135077599801717,True,-0.15447834311477493
v5_30m__entry_macd_6_13_5__exit_sma_100__entry_hours_6__exit_hours_6,macd_6_13_5__sma_100,MACD/SMA,macd_6_13_5,sma_100,6.0,False,0.2809450696512357,0.11466980414669015,True,0.16627526550454558
v5_30m__entry_macd_6_13_5__exit_sma_20__entry_hours_6__exit_hours_6,macd_6_13_5__sma_20,MACD/SMA,macd_6_13_5,sma_20,6.0,False,0.13496479317791582,0.31445977057862495,True,-0.17949497740070913
v5_30m__entry_macd_6_13_5__exit_sma_200__entry_hours_6__exit_hours_6,macd_6_13_5__sma_200,MACD/SMA,macd_6_13_5,sma_200,6.0,False,0.1867188309459492,0.14170203850062213,True,0.04501679244532708
v5_30m__entry_macd_6_13_5__exit_sma_250__entry_hours_6__exit_hours_6,macd_6_13_5__sma_250,MACD/SMA,macd_6_13_5,sma_250,6.0,False,0.2864803915231272,0.2699246235264358,True,0.016555767996691395
v5_30m__entry_macd_6_13_5__exit_sma_50__entry_hours_6__exit_hours_6,macd_6_13_5__sma_50,MACD/SMA,macd_6_13_5,sma_50,6.0,False,0.25234434115619275,0.3373352045939966,True,-0.08499086343780382
v5_30m__entry_macd_96_208_72__exit_ema_10__entry_hours_6__exit_hours_6,macd_96_208_72__ema_10,MACD/EMA,macd_96_208_72,ema_10,6.0,False,-0.16147157680417928,0.15066532983641298,True,-0.31213690664059224
v5_30m__entry_macd_96_208_72__exit_ema_100__entry_hours_6__exit_hours_6,macd_96_208_72__ema_100,MACD/EMA,macd_96_208_72,ema_100,6.0,True,0.36642999951491856,0.24876418537290512,True,0.11766581414201344
v5_30m__entry_macd_96_208_72__exit_ema_20__entry_hours_6__exit_hours_6,macd_96_208_72__ema_20,MACD/EMA,macd_96_208_72,ema_20,6.0,False,0.10503230090495586,0.3006826338687007,True,-0.19565033296374484
v5_30m__entry_macd_96_208_72__exit_ema_200__entry_hours_6__exit_hours_6,macd_96_208_72__ema_200,MACD/EMA,macd_96_208_72,ema_200,6.0,True,0.3410204115846106,0.2486568790396074,True,0.09236353254500321
v5_30m__entry_macd_96_208_72__exit_ema_250__entry_hours_6__exit_hours_6,macd_96_208_72__ema_250,MACD/EMA,macd_96_208_72,ema_250,6.0,False,0.27023947645334234,0.30133914433361414,True,-0.031099667880271797
v5_30m__entry_macd_96_208_72__exit_ema_50__entry_hours_6__exit_hours_6,macd_96_208_72__ema_50,MACD/EMA,macd_96_208_72,ema_50,6.0,False,0.326308403632693,0.2835095290459566,True,0.04279887458673637
v5_30m__entry_macd_96_208_72__exit_macd_12_26_9__entry_hours_6__exit_hours_6,macd_96_208_72__macd_12_26_9,MACD/MACD,macd_96_208_72,macd_12_26_9,6.0,True,-0.006999222020293645,0.1278668706026702,True,-0.13486609262296387
v5_30m__entry_macd_96_208_72__exit_macd_24_52_18__entry_hours_6__exit_hours_6,macd_96_208_72__macd_24_52_18,MACD/MACD,macd_96_208_72,macd_24_52_18,6.0,False,0.043611725547449895,0.004733282577231128,True,0.038878442970218766
v5_30m__entry_macd_96_208_72__exit_macd_48_104_36__entry_hours_6__exit_hours_6,macd_96_208_72__macd_48_104_36,MACD/MACD,macd_96_208_72,macd_48_104_36,6.0,True,0.2296026298320777,0.24574763724732063,True,-0.01614500741524294
v5_30m__entry_macd_96_208_72__exit_macd_6_13_5__entry_hours_6__exit_hours_6,macd_96_208_72__macd_6_13_5,MACD/MACD,macd_96_208_72,macd_6_13_5,6.0,False,-0.18784860432709244,-0.009116973083050206,True,-0.17873163124404223
v5_30m__entry_macd_96_208_72__exit_macd_96_208_72__entry_hours_6__exit_hours_6,macd_96_208_72__macd_96_208_72,MACD/MACD,macd_96_208_72,macd_96_208_72,6.0,True,0.11895520664323975,0.1605682318828898,True,-0.04161302523965005
v5_30m__entry_macd_96_208_72__exit_sma_10__entry_hours_6__exit_hours_6,macd_96_208_72__sma_10,MACD/SMA,macd_96_208_72,sma_10,6.0,False,-0.23118463625189747,0.009673866296208254,True,-0.24085850254810573
v5_30m__entry_macd_96_208_72__exit_sma_100__entry_hours_6__exit_hours_6,macd_96_208_72__sma_100,MACD/SMA,macd_96_208_72,sma_100,6.0,True,0.3698230254083782,0.23415642261128206,True,0.13566660279709614
v5_30m__entry_macd_96_208_72__exit_sma_20__entry_hours_6__exit_hours_6,macd_96_208_72__sma_20,MACD/SMA,macd_96_208_72,sma_20,6.0,False,0.024409672186335045,0.31773684879009023,True,-0.2933271766037552
v5_30m__entry_macd_96_208_72__exit_sma_200__entry_hours_6__exit_hours_6,macd_96_208_72__sma_200,MACD/SMA,macd_96_208_72,sma_200,6.0,True,0.27175899746214044,0.30563219290983745,True,-0.03387319544769701
v5_30m__entry_macd_96_208_72__exit_sma_250__entry_hours_6__exit_hours_6,macd_96_208_72__sma_250,MACD/SMA,macd_96_208_72,sma_250,6.0,False,0.2751250541226555,0.3218964496759517,True,-0.046771395553296236
v5_30m__entry_macd_96_208_72__exit_sma_50__entry_hours_6__exit_hours_6,macd_96_208_72__sma_50,MACD/SMA,macd_96_208_72,sma_50,6.0,True,0.39094084965437526,0.3214393896303881,True,0.06950146002398716
v5_30m__entry_sma_100__exit_ema_10__entry_hours_6__exit_hours_6,sma_100__ema_10,SMA/EMA,sma_100,ema_10,6.0,False,-0.06367593994716302,-0.0477304623622807,True,-0.015945477584882316
v5_30m__entry_sma_100__exit_ema_100__entry_hours_6__exit_hours_6,sma_100__ema_100,SMA/EMA,sma_100,ema_100,6.0,False,0.21671303282705587,0.2367142444866327,True,-0.02000121165957683
v5_30m__entry_sma_100__exit_ema_20__entry_hours_6__exit_hours_6,sma_100__ema_20,SMA/EMA,sma_100,ema_20,6.0,False,-0.0014041476358538354,0.14972042322937665,True,-0.15112457086523048
v5_30m__entry_sma_100__exit_ema_200__entry_hours_6__exit_hours_6,sma_100__ema_200,SMA/EMA,sma_100,ema_200,6.0,False,0.21047839236125357,0.13050843463565556,True,0.079969957725598
v5_30m__entry_sma_100__exit_ema_250__entry_hours_6__exit_hours_6,sma_100__ema_250,SMA/EMA,sma_100,ema_250,6.0,False,0.2796975950294653,0.18603949674194095,True,0.09365809828752433
v5_30m__entry_sma_100__exit_ema_50__entry_hours_6__exit_hours_6,sma_100__ema_50,SMA/EMA,sma_100,ema_50,6.0,False,0.18533691907391942,0.22471992147822725,True,-0.03938300240430784
v5_30m__entry_sma_100__exit_macd_12_26_9__entry_hours_6__exit_hours_6,sma_100__macd_12_26_9,SMA/MACD,sma_100,macd_12_26_9,6.0,False,-0.1429365699501437,-0.16859566809357193,True,0.025659098143428233
v5_30m__entry_sma_100__exit_macd_24_52_18__entry_hours_6__exit_hours_6,sma_100__macd_24_52_18,SMA/MACD,sma_100,macd_24_52_18,6.0,False,-0.026390296237332286,-0.1564919624751042,True,0.13010166623777192
v5_30m__entry_sma_100__exit_macd_48_104_36__entry_hours_6__exit_hours_6,sma_100__macd_48_104_36,SMA/MACD,sma_100,macd_48_104_36,6.0,True,0.3117649380502604,0.028749054769666597,True,0.2830158832805938
v5_30m__entry_sma_100__exit_macd_6_13_5__entry_hours_6__exit_hours_6,sma_100__macd_6_13_5,SMA/MACD,sma_100,macd_6_13_5,6.0,False,-0.2195952617133773,-0.3862908182941333,True,0.16669555658075602
v5_30m__entry_sma_100__exit_macd_96_208_72__entry_hours_6__exit_hours_6,sma_100__macd_96_208_72,SMA/MACD,sma_100,macd_96_208_72,6.0,True,0.3108054495043386,0.10665873943651964,True,0.20414671006781893
v5_30m__entry_sma_100__exit_sma_10__entry_hours_6__exit_hours_6,sma_100__sma_10,SMA/SMA,sma_100,sma_10,6.0,False,-0.2256817874659584,-0.16218815873068493,True,-0.06349362873527348
v5_30m__entry_sma_100__exit_sma_100__entry_hours_6__exit_hours_6,sma_100__sma_100,SMA/SMA,sma_100,sma_100,6.0,False,0.2806874205346342,0.12613850053571193,True,0.15454891999892226
v5_30m__entry_sma_100__exit_sma_20__entry_hours_6__exit_hours_6,sma_100__sma_20,SMA/SMA,sma_100,sma_20,6.0,False,-0.08880083785400204,0.14539435143846427,True,-0.2341951892924663
v5_30m__entry_sma_100__exit_sma_200__entry_hours_6__exit_hours_6,sma_100__sma_200,SMA/SMA,sma_100,sma_200,6.0,False,0.0917128019022284,0.11362854354780044,True,-0.021915741645572043
v5_30m__entry_sma_100__exit_sma_250__entry_hours_6__exit_hours_6,sma_100__sma_250,SMA/SMA,sma_100,sma_250,6.0,False,0.22076360042234233,0.27545934922334825,True,-0.05469574880100592
v5_30m__entry_sma_100__exit_sma_50__entry_hours_6__exit_hours_6,sma_100__sma_50,SMA/SMA,sma_100,sma_50,6.0,True,0.30470579841247303,0.21285985836880875,True,0.09184594004366428
v5_30m__entry_sma_10__exit_ema_10__entry_hours_6__exit_hours_6,sma_10__ema_10,SMA/EMA,sma_10,ema_10,6.0,False,-0.16923871743080604,-0.017663739448417964,True,-0.1515749779823881
v5_30m__entry_sma_10__exit_ema_100__entry_hours_6__exit_hours_6,sma_10__ema_100,SMA/EMA,sma_10,ema_100,6.0,True,0.3410613366972927,0.2533153179256109,True,0.08774601877168181
v5_30m__entry_sma_10__exit_ema_20__entry_hours_6__exit_hours_6,sma_10__ema_20,SMA/EMA,sma_10,ema_20,6.0,False,0.060905902806902654,0.3411043840613864,True,-0.2801984812544837
v5_30m__entry_sma_10__exit_ema_200__entry_hours_6__exit_hours_6,sma_10__ema_200,SMA/EMA,sma_10,ema_200,6.0,False,0.34407589146693646,0.23670739169878957,True,0.10736849976814689
v5_30m__entry_sma_10__exit_ema_250__entry_hours_6__exit_hours_6,sma_10__ema_250,SMA/EMA,sma_10,ema_250,6.0,False,0.3277160584002016,0.2577482421717187,True,0.06996781622848292
v5_30m__entry_sma_10__exit_ema_50__entry_hours_6__exit_hours_6,sma_10__ema_50,SMA/EMA,sma_10,ema_50,6.0,False,0.017500454580187265,0.2813456963184928,True,-0.26384524173830554
v5_30m__entry_sma_10__exit_macd_12_26_9__entry_hours_6__exit_hours_6,sma_10__macd_12_26_9,SMA/MACD,sma_10,macd_12_26_9,6.0,False,-0.0625969017128462,0.0022807514729781954,True,-0.06487765318582439
v5_30m__entry_sma_10__exit_macd_24_52_18__entry_hours_6__exit_hours_6,sma_10__macd_24_52_18,SMA/MACD,sma_10,macd_24_52_18,6.0,False,-0.07486576651238354,-0.08557883694855466,True,0.010713070436171118
v5_30m__entry_sma_10__exit_macd_48_104_36__entry_hours_6__exit_hours_6,sma_10__macd_48_104_36,SMA/MACD,sma_10,macd_48_104_36,6.0,False,0.06560810414872889,0.046116846817210115,True,0.019491257331518776
v5_30m__entry_sma_10__exit_macd_6_13_5__entry_hours_6__exit_hours_6,sma_10__macd_6_13_5,SMA/MACD,sma_10,macd_6_13_5,6.0,False,-0.25215209162681934,-0.382602031475174,True,0.13044993984835468
v5_30m__entry_sma_10__exit_macd_96_208_72__entry_hours_6__exit_hours_6,sma_10__macd_96_208_72,SMA/MACD,sma_10,macd_96_208_72,6.0,False,0.11675541645811646,0.1701393409829781,True,-0.053383924524861626
v5_30m__entry_sma_10__exit_sma_10__entry_hours_6__exit_hours_6,sma_10__sma_10,SMA/SMA,sma_10,sma_10,6.0,False,-0.23370386679142158,-0.06092987926780446,True,-0.1727739875236171
v5_30m__entry_sma_10__exit_sma_100__entry_hours_6__exit_hours_6,sma_10__sma_100,SMA/SMA,sma_10,sma_100,6.0,False,0.25226378240707137,0.18254537047769903,True,0.06971841192937234
v5_30m__entry_sma_10__exit_sma_20__entry_hours_6__exit_hours_6,sma_10__sma_20,SMA/SMA,sma_10,sma_20,6.0,True,0.08596917995352131,0.3973558022241376,True,-0.31138662227061625
v5_30m__entry_sma_10__exit_sma_200__entry_hours_6__exit_hours_6,sma_10__sma_200,SMA/SMA,sma_10,sma_200,6.0,False,0.1807046164683205,0.20425280311566912,True,-0.023548186647348618
v5_30m__entry_sma_10__exit_sma_250__entry_hours_6__exit_hours_6,sma_10__sma_250,SMA/SMA,sma_10,sma_250,6.0,False,0.26575456874443115,0.3088493479650651,True,-0.04309477922063393
v5_30m__entry_sma_10__exit_sma_50__entry_hours_6__exit_hours_6,sma_10__sma_50,SMA/SMA,sma_10,sma_50,6.0,True,0.3158052023675397,0.31887350811874654,True,-0.003068305751206868
v5_30m__entry_sma_200__exit_ema_10__entry_hours_6__exit_hours_6,sma_200__ema_10,SMA/EMA,sma_200,ema_10,6.0,False,-0.3026722934269281,-0.15391345563160827,True,-0.14875883779531981
v5_30m__entry_sma_200__exit_ema_100__entry_hours_6__exit_hours_6,sma_200__ema_100,SMA/EMA,sma_200,ema_100,6.0,False,0.2456686956871461,0.17353504263493041,True,0.0721336530522157
v5_30m__entry_sma_200__exit_ema_20__entry_hours_6__exit_hours_6,sma_200__ema_20,SMA/EMA,sma_200,ema_20,6.0,False,-0.17986664633305507,-0.11183094203641195,True,-0.06803570429664313
v5_30m__entry_sma_200__exit_ema_200__entry_hours_6__exit_hours_6,sma_200__ema_200,SMA/EMA,sma_200,ema_200,6.0,False,0.278129872645867,0.10821488703876408,True,0.16991498560710294
v5_30m__entry_sma_200__exit_ema_250__entry_hours_6__exit_hours_6,sma_200__ema_250,SMA/EMA,sma_200,ema_250,6.0,False,0.24256542372174064,0.19275481604691197,True,0.04981060767482867
v5_30m__entry_sma_200__exit_ema_50__entry_hours_6__exit_hours_6,sma_200__ema_50,SMA/EMA,sma_200,ema_50,6.0,False,0.055692525950181516,0.0688386562920333,True,-0.013146130341851782
v5_30m__entry_sma_200__exit_macd_12_26_9__entry_hours_6__exit_hours_6,sma_200__macd_12_26_9,SMA/MACD,sma_200,macd_12_26_9,6.0,False,-0.027712256672085593,-0.030370502779174715,True,0.002658246107089122
v5_30m__entry_sma_200__exit_macd_24_52_18__entry_hours_6__exit_hours_6,sma_200__macd_24_52_18,SMA/MACD,sma_200,macd_24_52_18,6.0,False,-0.3091862802800664,-0.3118562231094378,True,0.0026699428293713856
v5_30m__entry_sma_200__exit_macd_48_104_36__entry_hours_6__exit_hours_6,sma_200__macd_48_104_36,SMA/MACD,sma_200,macd_48_104_36,6.0,False,0.0019255000270069762,-0.013089943619171266,True,0.015015443646178243
v5_30m__entry_sma_200__exit_macd_6_13_5__entry_hours_6__exit_hours_6,sma_200__macd_6_13_5,SMA/MACD,sma_200,macd_6_13_5,6.0,False,0.03011717619520697,-0.11993163133239154,True,0.15004880752759853
v5_30m__entry_sma_200__exit_macd_96_208_72__entry_hours_6__exit_hours_6,sma_200__macd_96_208_72,SMA/MACD,sma_200,macd_96_208_72,6.0,False,0.150596601258608,0.16556302780445492,True,-0.014966426545846928
v5_30m__entry_sma_200__exit_sma_10__entry_hours_6__exit_hours_6,sma_200__sma_10,SMA/SMA,sma_200,sma_10,6.0,False,-0.31596698669781675,-0.1907468396867628,True,-0.12522014701105397
v5_30m__entry_sma_200__exit_sma_100__entry_hours_6__exit_hours_6,sma_200__sma_100,SMA/SMA,sma_200,sma_100,6.0,False,0.0469668031577158,-0.021218118274778815,True,0.06818492143249462
v5_30m__entry_sma_200__exit_sma_20__entry_hours_6__exit_hours_6,sma_200__sma_20,SMA/SMA,sma_200,sma_20,6.0,False,-0.255050391540159,-0.02383902793236807,True,-0.23121136360779093
v5_30m__entry_sma_200__exit_sma_200__entry_hours_6__exit_hours_6,sma_200__sma_200,SMA/SMA,sma_200,sma_200,6.0,False,0.1705512658105357,0.0614431327929076,True,0.1091081330176281
v5_30m__entry_sma_200__exit_sma_250__entry_hours_6__exit_hours_6,sma_200__sma_250,SMA/SMA,sma_200,sma_250,6.0,False,0.23802376224854402,0.27059904731276374,True,-0.03257528506421972
v5_30m__entry_sma_200__exit_sma_50__entry_hours_6__exit_hours_6,sma_200__sma_50,SMA/SMA,sma_200,sma_50,6.0,False,0.08700301477278106,0.01903756575933883,True,0.06796544901344223
v5_30m__entry_sma_20__exit_ema_10__entry_hours_6__exit_hours_6,sma_20__ema_10,SMA/EMA,sma_20,ema_10,6.0,False,-0.014741436579763404,0.15207353973017154,True,-0.16681497630993494
v5_30m__entry_sma_20__exit_ema_100__entry_hours_6__exit_hours_6,sma_20__ema_100,SMA/EMA,sma_20,ema_100,6.0,True,0.3373952837875064,0.33163871427024283,True,0.0057565695172635545
v5_30m__entry_sma_20__exit_ema_20__entry_hours_6__exit_hours_6,sma_20__ema_20,SMA/EMA,sma_20,ema_20,6.0,False,0.0010293821895391167,0.3536244230778022,True,-0.35259504088826304
v5_30m__entry_sma_20__exit_ema_200__entry_hours_6__exit_hours_6,sma_20__ema_200,SMA/EMA,sma_20,ema_200,6.0,False,0.26367895308173595,0.19316330002804866,True,0.07051565305368729
v5_30m__entry_sma_20__exit_ema_250__entry_hours_6__exit_hours_6,sma_20__ema_250,SMA/EMA,sma_20,ema_250,6.0,True,0.2568924401261746,0.23075759095571138,True,0.026134849170463242
v5_30m__entry_sma_20__exit_ema_50__entry_hours_6__exit_hours_6,sma_20__ema_50,SMA/EMA,sma_20,ema_50,6.0,False,-0.019783737295569054,0.24701422522583466,True,-0.2667979625214037
v5_30m__entry_sma_20__exit_macd_12_26_9__entry_hours_6__exit_hours_6,sma_20__macd_12_26_9,SMA/MACD,sma_20,macd_12_26_9,6.0,False,-0.0368565081006987,0.1280302525098118,True,-0.1648867606105105
v5_30m__entry_sma_20__exit_macd_24_52_18__entry_hours_6__exit_hours_6,sma_20__macd_24_52_18,SMA/MACD,sma_20,macd_24_52_18,6.0,False,-0.12833870589134988,-0.09845636187278212,True,-0.029882344018567764
v5_30m__entry_sma_20__exit_macd_48_104_36__entry_hours_6__exit_hours_6,sma_20__macd_48_104_36,SMA/MACD,sma_20,macd_48_104_36,6.0,False,0.08020606322141861,0.06937582916227006,True,0.010830234059148555
v5_30m__entry_sma_20__exit_macd_6_13_5__entry_hours_6__exit_hours_6,sma_20__macd_6_13_5,SMA/MACD,sma_20,macd_6_13_5,6.0,False,-0.018482097047519574,0.024342433881856303,True,-0.04282453092937588
v5_30m__entry_sma_20__exit_macd_96_208_72__entry_hours_6__exit_hours_6,sma_20__macd_96_208_72,SMA/MACD,sma_20,macd_96_208_72,6.0,False,0.1391723238882644,0.16344052486618202,True,-0.024268200977917626
v5_30m__entry_sma_20__exit_sma_10__entry_hours_6__exit_hours_6,sma_20__sma_10,SMA/SMA,sma_20,sma_10,6.0,False,-0.025550609875333422,0.0807852867228286,True,-0.10633589659816202
v5_30m__entry_sma_20__exit_sma_100__entry_hours_6__exit_hours_6,sma_20__sma_100,SMA/SMA,sma_20,sma_100,6.0,False,0.2744166224892383,0.2459058308330993,True,0.028510791656139012
v5_30m__entry_sma_20__exit_sma_20__entry_hours_6__exit_hours_6,sma_20__sma_20,SMA/SMA,sma_20,sma_20,6.0,False,0.09632084519776733,0.3560619129898959,True,-0.2597410677921286
v5_30m__entry_sma_20__exit_sma_200__entry_hours_6__exit_hours_6,sma_20__sma_200,SMA/SMA,sma_20,sma_200,6.0,False,0.16000419693695803,0.16791880213394697,True,-0.007914605196988944
v5_30m__entry_sma_20__exit_sma_250__entry_hours_6__exit_hours_6,sma_20__sma_250,SMA/SMA,sma_20,sma_250,6.0,False,0.22231533147366878,0.2839241473932526,True,-0.06160881591958384
v5_30m__entry_sma_20__exit_sma_50__entry_hours_6__exit_hours_6,sma_20__sma_50,SMA/SMA,sma_20,sma_50,6.0,True,0.2625988018044812,0.3189337366588616,True,-0.0563349348543804
v5_30m__entry_sma_250__exit_ema_10__entry_hours_6__exit_hours_6,sma_250__ema_10,SMA/EMA,sma_250,ema_10,6.0,False,-0.15368505248668776,0.05699673264891661,True,-0.21068178513560437
v5_30m__entry_sma_250__exit_ema_100__entry_hours_6__exit_hours_6,sma_250__ema_100,SMA/EMA,sma_250,ema_100,6.0,True,0.28202282474931784,0.30539886889045337,True,-0.023376044141135532
v5_30m__entry_sma_250__exit_ema_20__entry_hours_6__exit_hours_6,sma_250__ema_20,SMA/EMA,sma_250,ema_20,6.0,False,-0.08175250913735026,0.14622185884556668,True,-0.22797436798291693
v5_30m__entry_sma_250__exit_ema_200__entry_hours_6__exit_hours_6,sma_250__ema_200,SMA/EMA,sma_250,ema_200,6.0,False,0.29675129392925476,0.21590378022167703,True,0.08084751370757773
v5_30m__entry_sma_250__exit_ema_250__entry_hours_6__exit_hours_6,sma_250__ema_250,SMA/EMA,sma_250,ema_250,6.0,False,0.2153771887821716,0.25906258144438976,True,-0.04368539266221816
v5_30m__entry_sma_250__exit_ema_50__entry_hours_6__exit_hours_6,sma_250__ema_50,SMA/EMA,sma_250,ema_50,6.0,False,0.051898249639798714,0.20032706232502162,True,-0.1484288126852229
v5_30m__entry_sma_250__exit_macd_12_26_9__entry_hours_6__exit_hours_6,sma_250__macd_12_26_9,SMA/MACD,sma_250,macd_12_26_9,6.0,True,0.12677845921479086,0.25950630191004226,True,-0.1327278426952514
v5_30m__entry_sma_250__exit_macd_24_52_18__entry_hours_6__exit_hours_6,sma_250__macd_24_52_18,SMA/MACD,sma_250,macd_24_52_18,6.0,False,-0.20414109708004743,0.0320659498669322,True,-0.23620704694697964
v5_30m__entry_sma_250__exit_macd_48_104_36__entry_hours_6__exit_hours_6,sma_250__macd_48_104_36,SMA/MACD,sma_250,macd_48_104_36,6.0,False,0.17570937815344495,0.20529052846520518,True,-0.02958115031176023
v5_30m__entry_sma_250__exit_macd_6_13_5__entry_hours_6__exit_hours_6,sma_250__macd_6_13_5,SMA/MACD,sma_250,macd_6_13_5,6.0,True,0.1753400895217403,-0.023926805264447643,True,0.19926689478618795
v5_30m__entry_sma_250__exit_macd_96_208_72__entry_hours_6__exit_hours_6,sma_250__macd_96_208_72,SMA/MACD,sma_250,macd_96_208_72,6.0,True,0.46811318372382077,0.4919102303298107,True,-0.023797046605989913
v5_30m__entry_sma_250__exit_sma_10__entry_hours_6__exit_hours_6,sma_250__sma_10,SMA/SMA,sma_250,sma_10,6.0,False,-0.15587567402465255,0.024258521213915696,True,-0.18013419523856825
v5_30m__entry_sma_250__exit_sma_100__entry_hours_6__exit_hours_6,sma_250__sma_100,SMA/SMA,sma_250,sma_100,6.0,False,0.17543250975902278,0.1996038698982598,True,-0.024171360139237014
v5_30m__entry_sma_250__exit_sma_20__entry_hours_6__exit_hours_6,sma_250__sma_20,SMA/SMA,sma_250,sma_20,6.0,False,-0.11552078346378114,0.19555302537749422,True,-0.31107380884127533
v5_30m__entry_sma_250__exit_sma_200__entry_hours_6__exit_hours_6,sma_250__sma_200,SMA/SMA,sma_250,sma_200,6.0,False,0.2879100951018607,0.22047916199355763,True,0.06743093310830309
v5_30m__entry_sma_250__exit_sma_250__entry_hours_6__exit_hours_6,sma_250__sma_250,SMA/SMA,sma_250,sma_250,6.0,False,0.24290660678268972,0.2589968372330883,True,-0.01609023045039859
v5_30m__entry_sma_250__exit_sma_50__entry_hours_6__exit_hours_6,sma_250__sma_50,SMA/SMA,sma_250,sma_50,6.0,False,0.09236041144980445,0.2205492402935725,True,-0.12818882884376806
v5_30m__entry_sma_50__exit_ema_10__entry_hours_6__exit_hours_6,sma_50__ema_10,SMA/EMA,sma_50,ema_10,6.0,False,-0.12437138486268942,-0.09397694554443742,True,-0.030394439318252003
v5_30m__entry_sma_50__exit_ema_100__entry_hours_6__exit_hours_6,sma_50__ema_100,SMA/EMA,sma_50,ema_100,6.0,False,0.20995495970147096,0.25498967813224716,True,-0.045034718430776194
v5_30m__entry_sma_50__exit_ema_20__entry_hours_6__exit_hours_6,sma_50__ema_20,SMA/EMA,sma_50,ema_20,6.0,False,-0.034831231616142974,0.13134201196214132,True,-0.16617324357828428
v5_30m__entry_sma_50__exit_ema_200__entry_hours_6__exit_hours_6,sma_50__ema_200,SMA/EMA,sma_50,ema_200,6.0,False,0.31062031713271354,0.16357988588130185,True,0.1470404312514117
v5_30m__entry_sma_50__exit_ema_250__entry_hours_6__exit_hours_6,sma_50__ema_250,SMA/EMA,sma_50,ema_250,6.0,True,0.3225474781687788,0.25602463092826233,True,0.06652284724051649
v5_30m__entry_sma_50__exit_ema_50__entry_hours_6__exit_hours_6,sma_50__ema_50,SMA/EMA,sma_50,ema_50,6.0,False,0.002844313342972932,0.1935354993885933,True,-0.19069118604562035
v5_30m__entry_sma_50__exit_macd_12_26_9__entry_hours_6__exit_hours_6,sma_50__macd_12_26_9,SMA/MACD,sma_50,macd_12_26_9,6.0,False,-0.12288799097628084,0.044237324137862195,True,-0.16712531511414302
v5_30m__entry_sma_50__exit_macd_24_52_18__entry_hours_6__exit_hours_6,sma_50__macd_24_52_18,SMA/MACD,sma_50,macd_24_52_18,6.0,False,-0.05074033588058604,-0.03496320165371667,True,-0.01577713422686937
v5_30m__entry_sma_50__exit_macd_48_104_36__entry_hours_6__exit_hours_6,sma_50__macd_48_104_36,SMA/MACD,sma_50,macd_48_104_36,6.0,False,0.04703914038405259,0.03375991179044204,True,0.013279228593610547
v5_30m__entry_sma_50__exit_macd_6_13_5__entry_hours_6__exit_hours_6,sma_50__macd_6_13_5,SMA/MACD,sma_50,macd_6_13_5,6.0,False,-0.13078493334350472,-0.3140234134050947,True,0.18323848006159
v5_30m__entry_sma_50__exit_macd_96_208_72__entry_hours_6__exit_hours_6,sma_50__macd_96_208_72,SMA/MACD,sma_50,macd_96_208_72,6.0,False,0.10941979434740527,0.1456139689034943,True,-0.03619417455608902
v5_30m__entry_sma_50__exit_sma_10__entry_hours_6__exit_hours_6,sma_50__sma_10,SMA/SMA,sma_50,sma_10,6.0,False,-0.1896416855319291,-0.22944804227899032,True,0.03980635674706123
v5_30m__entry_sma_50__exit_sma_100__entry_hours_6__exit_hours_6,sma_50__sma_100,SMA/SMA,sma_50,sma_100,6.0,False,0.2396018628502461,0.1616540292987374,True,0.0779478335515087
v5_30m__entry_sma_50__exit_sma_20__entry_hours_6__exit_hours_6,sma_50__sma_20,SMA/SMA,sma_50,sma_20,6.0,False,-0.06361398640608522,0.2593123638451282,True,-0.3229263502512134
v5_30m__entry_sma_50__exit_sma_200__entry_hours_6__exit_hours_6,sma_50__sma_200,SMA/SMA,sma_50,sma_200,6.0,False,0.19705799249254266,0.11800408284870101,True,0.07905390964384165
v5_30m__entry_sma_50__exit_sma_250__entry_hours_6__exit_hours_6,sma_50__sma_250,SMA/SMA,sma_50,sma_250,6.0,False,0.25427531089679756,0.2759518636817017,True,-0.021676552784904157
v5_30m__entry_sma_50__exit_sma_50__entry_hours_6__exit_hours_6,sma_50__sma_50,SMA/SMA,sma_50,sma_50,6.0,True,0.2683580577603856,0.1652563699705109,True,0.10310168778987472
