timestamp,leader_equity,leader_return,leader_cash_return,leader_exposure,qqq_bh_equity,qqq_bh_return,cash_equity,cash_return
2001-01-02 22:00:00+00:00,1000.0492209147195,4.922091471959433e-05,4.922091471959433e-05,0.0,912.1653164387209,-0.0878346835612791,1000.0492209147195,4.922091471959433e-05
2001-01-03 22:00:00+00:00,1000.2100265824758,0.00016079775314392641,0.00016079775314392641,0.0,1065.7859722760802,0.1684131736526946,1000.2100265824758,0.00016079775314392641
2001-01-04 22:00:00+00:00,1000.3715493931708,0.00016148889373446274,0.00016148889373446274,0.0,1046.498045487612,-0.018097373478539125,1000.3715493931708,0.00016148889373446274
2001-01-05 22:00:00+00:00,1000.5320253981323,0.00016041640234454313,0.00016041640234454313,0.0,966.615304452185,-0.07633338770184317,1000.5320253981323,0.00016041640234454313
2001-01-08 22:00:00+00:00,1000.9998526688431,0.000467578507069355,0.000467578507069355,0.0,977.1980607432031,0.01094826063923704,1000.9998526688431,0.000467578507069355
2001-01-09 22:00:00+00:00,1001.1475868694711,0.0001475866357363298,0.0001475866357363298,0.0,977.1980607432031,0.0,1001.1475868694711,0.0001475866357363298
2001-01-10 22:00:00+00:00,1001.288420367301,0.0001406720644159254,0.0001406720644159254,0.0,1027.3808083167405,0.05135371179039305,1001.288420367301,0.0001406720644159254
2001-01-11 22:00:00+00:00,1001.4309024896452,0.00014229878169569332,0.00014229878169569332,0.0,1057.251491396227,0.029074597109154388,1001.4309024896452,0.00014229878169569332
2001-01-12 22:00:00+00:00,1001.574582470095,0.00014347468217001946,0.00014347468217001946,0.0,1070.735971186395,0.012754278333871438,1001.574582470095,0.00014347468217001946
2001-01-16 22:00:00+00:00,1002.1552307632008,0.0005797354518259912,0.0005797354518259912,0.0,1057.9342498666151,-0.011956001912960312,1002.1552307632008,0.0005797354518259912
2001-01-17 22:00:00+00:00,1002.3010388380795,0.0001454945006549302,0.0001454945006549302,0.0,1090.365277210058,0.030655050016134444,1002.3010388380795,0.0001454945006549302
2001-01-18 22:00:00+00:00,1002.4474398757733,0.00014606493660185293,0.00014606493660185293,0.0,1136.1100947260716,0.04195366311834681,1002.4474398757733,0.00014606493660185293
2001-01-19 22:00:00+00:00,1002.5947082420049,0.00014690881573797832,0.00014690881573797832,0.0,1131.842854286145,-0.0037560096153845812,1002.5947082420049,0.00014690881573797832
2001-01-22 22:00:00+00:00,1003.0366877647697,0.00044083568278519003,0.00044083568278519003,0.0,1133.0376816093242,0.001055647715276553,1003.0366877647697,0.00044083568278519003
2001-01-23 22:00:00+00:00,1003.1818851372032,0.0001447577882291995,0.0001447577882291995,0.0,1156.7635384553164,0.020940042181379903,1003.1818851372032,0.0001447577882291995
2001-01-24 22:00:00+00:00,1003.3259116728831,0.00014356971334295032,0.00014356971334295032,0.0,1145.8394029291042,-0.00944370665486205,1003.3259116728831,0.00014356971334295032
2001-01-25 22:00:00+00:00,1003.470185346773,0.0001437954230139038,0.0001437954230139038,0.0,1100.948033501076,-0.039177714881572845,1003.470185346773,0.0001437954230139038
2001-01-26 22:00:00+00:00,1003.6142175086968,0.00014353407209011237,0.00014353407209011237,0.0,1118.8704433487678,0.016279069767441756,1003.6142175086968,0.00014353407209011237
2001-01-29 22:00:00+00:00,1004.0497287042133,0.0004339428317361449,0.0004339428317361449,0.0,1143.6204379003425,0.02212051868802445,1004.0497287042133,0.0004339428317361449
2001-01-30 22:00:00+00:00,1004.1949772670482,0.00014466271807300757,0.00014466271807300757,0.0,1139.3531974604157,-0.003731343283582267,1004.1949772670482,0.00014466271807300757
2001-01-31 22:00:00+00:00,1004.3375032900364,0.00014193062723344418,0.00014193062723344418,0.0,1097.5342411491345,-0.03670411985018729,1004.3375032900364,0.00014193062723344418
2001-02-01 22:00:00+00:00,1004.4785588015606,0.00014044632512688615,0.00014044632512688615,0.0,1112.0428586448852,0.013219284603421588,1004.4785588015606,0.00014044632512688615
2001-02-02 22:00:00+00:00,1004.6168322759058,0.0001376569695128449,0.0001376569695128449,0.0,1050.5945963099414,-0.05525709900230247,1004.6168322759058,0.0001376569695128449
2001-02-05 22:00:00+00:00,1005.0288150268066,0.00041008943675313603,0.00041008943675313603,0.0,1049.741148221956,-0.0008123476848090894,1005.0288150268066,0.00041008943675313603
2001-02-06 22:00:00+00:00,1005.1664606107322,0.0001369568532441079,0.0001369568532441079,0.0,1051.4480443979269,0.001626016260162677,1005.1664606107322,0.0001369568532441079
2001-02-07 22:00:00+00:00,1005.3057830887238,0.00013860637362195227,0.00013860637362195227,0.0,1034.37908263822,-0.016233766233766378,1005.3057830887238,0.00013860637362195227
2001-02-08 22:00:00+00:00,1005.446019818424,0.00013949659104639522,0.00013949659104639522,0.0,1003.4842618531512,-0.029867986798679746,1005.446019818424,0.00013949659104639522
2001-02-09 22:00:00+00:00,1005.585762913875,0.00013898617399288327,0.00013898617399288327,0.0,962.6894432474523,-0.040653172308215746,1005.585762913875,0.00013898617399288327
2001-02-12 22:00:00+00:00,1006.0049808904556,0.0004168893316129907,0.0004168893316129907,0.0,974.2963372440529,0.012056737588652444,1006.0049808904556,0.0004168893316129907
2001-02-13 22:00:00+00:00,1006.145052436792,0.00013923544017879763,0.00013923544017879763,0.0,943.0601372237899,-0.032060266292922135,1006.145052436792,0.00013923544017879763
2001-02-14 22:00:00+00:00,1006.2846060758726,0.00013870131224380522,0.00013870131224380522,0.0,980.6118530951444,0.03981900452488696,1006.2846060758726,0.00013870131224380522
2001-02-15 22:00:00+00:00,1006.4241551837397,0.00013867757394336877,0.00013867757394336877,0.0,996.8273667668656,0.016536118363794428,1006.4241551837397,0.00013867757394336877
2001-02-16 22:00:00+00:00,1006.5634489126181,0.00013840459627378898,0.00013840459627378898,0.0,941.011861812625,-0.05599315068493138,1006.5634489126181,0.00013840459627378898
2001-02-20 22:00:00+00:00,1007.1229261112413,0.0005558290430947022,0.0005558290430947022,0.0,904.484283646853,-0.0388173408307636,1007.1229261112413,0.0005558290430947022
2001-02-21 22:00:00+00:00,1007.2631533151726,0.00013923544017879763,0.00013923544017879763,0.0,879.0515306248901,-0.02811851292696743,1007.2631533151726,0.00013923544017879763
2001-02-22 22:00:00+00:00,1007.4017622796001,0.00013760948563579234,0.00013760948563579234,0.0,870.5170497450367,-0.009708737864077777,1007.4017622796001,0.00013760948563579234
2001-02-23 22:00:00+00:00,1007.5411434931309,0.0001383571269673034,0.0001383571269673034,0.0,873.589462861784,0.003529411764706003,1007.5411434931309,0.0001383571269673034
2001-02-26 22:00:00+00:00,1007.9569077862977,0.00041265242203936126,0.00041265242203936126,0.0,890.1463557686993,0.018952715904650086,1007.9569077862977,0.00041265242203936126
2001-02-27 22:00:00+00:00,1008.095265350517,0.00013726535643576732,0.00013726535643576732,0.0,836.3791262256235,-0.06040268456375841,1008.095265350517,0.00013726535643576732
2001-02-28 22:00:00+00:00,1008.2306044355984,0.0001342522772729282,0.0001342522772729282,0.0,809.9222354980784,-0.031632653061224314,1008.2306044355984,0.0001342522772729282
2001-03-01 22:00:00+00:00,1008.3641803534191,0.0001324854822231103,0.0001324854822231103,0.0,832.9653338736822,0.028451001053740654,1008.3641803534191,0.0001324854822231103
2001-03-02 22:00:00+00:00,1008.4974272809163,0.0001321416707309453,0.0001321416707309453,0.0,797.1205141782984,-0.04303278688524581,1008.4974272809163,0.0001321416707309453
2001-03-05 22:00:00+00:00,1008.8997336356764,0.0003989165900450953,0.0003989165900450953,0.0,811.629131674049,0.01820128479657379,1008.8997336356764,0.0003989165900450953
2001-03-06 22:00:00+00:00,1009.0336254613114,0.00013271073543896783,0.00013271073543896783,0.0,843.2067109295061,0.03890641430073605,1009.0336254613114,0.00013271073543896783
2001-03-07 22:00:00+00:00,1009.1675230926509,0.00013269887936417923,0.00013269887936417923,0.0,843.5480901647004,0.00040485829959524544,1009.1675230926509,0.00013269887936417923
2001-03-08 22:00:00+00:00,1009.3008881393513,0.00013215352619733167,0.00013215352619733167,0.0,827.8446453457702,-0.018615944961554165,1009.3008881393513,0.00013215352619733167
2001-03-09 22:00:00+00:00,1009.433421347615,0.00013131189105353158,0.00013131189105353158,0.0,769.8101753627678,-0.07010309278350513,1009.433421347615,0.00013131189105353158
2001-03-12 22:00:00+00:00,1009.8224743584236,0.00038541720789209144,0.00038541720789209144,0.0,722.0170824355893,-0.06208425720620858,1009.8224743584236,0.00038541720789209144
2001-03-13 22:00:00+00:00,1009.9518930576522,0.00012815985236502847,0.00012815985236502847,0.0,758.7153502189585,0.05082742316784872,1009.9518930576522,0.00012815985236502847
2001-03-14 22:00:00+00:00,1010.0826924472475,0.00012951051480203368,0.00012951051480203368,0.0,746.7670769871639,-0.015748031496062964,1010.0826924472475,0.00012951051480203368
2001-03-15 22:00:00+00:00,1010.2116419655005,0.00012766233816030592,0.00012766233816030592,0.0,719.4567381716333,-0.03657142857142859,1010.2116419655005,0.00012766233816030592
2001-03-16 22:00:00+00:00,1010.3405241701811,0.00012757940942931256,0.00012757940942931256,0.0,703.241224499912,-0.022538552787663146,1010.3405241701811,0.00012757940942931256
2001-03-19 22:00:00+00:00,1010.7178776619016,0.0003734913949240415,0.0003734913949240415,0.0,738.4032857249076,0.050000000000000044,1010.7178776619016,0.0003734913949240415
2001-03-20 22:00:00+00:00,1010.8431143274644,0.00012390862804601,0.00012390862804601,0.0,688.7326070041614,-0.06726768377253811,1010.8431143274644,0.00012390862804601
2001-03-21 22:00:00+00:00,1010.968893026137,0.00012442949542812443,0.00012442949542812443,0.0,688.7326070041614,0.0,1010.968893026137,0.00012442949542812443
2001-03-22 22:00:00+00:00,1011.0944360453811,0.00012418089232024698,0.00012418089232024698,0.0,730.5515633154425,0.060718711276332105,1011.0944360453811,0.00012418089232024698
2001-03-23 22:00:00+00:00,1011.2188816305817,0.0001230800811122812,0.0001230800811122812,0.0,730.5515633154425,0.0,1011.2188816305817,0.0001230800811122812
2001-03-26 22:00:00+00:00,1011.577682836379,0.0003548205164234375,0.0003548205164234375,0.0,713.6532911733332,-0.023130841121495105,1011.577682836379,0.0003548205164234375
2001-03-27 22:00:00+00:00,1011.6958819077663,0.000116846262420367,0.000116846262420367,0.0,738.2325961073105,0.034441521167184685,1011.6958819077663,0.000116846262420367
2001-03-28 22:00:00+00:00,1011.8148603121615,0.00011760293436280378,0.00011760293436280378,0.0,677.6377818603522,-0.08208092485549112,1011.8148603121615,0.00011760293436280378
2001-03-29 22:00:00+00:00,1011.9338885959912,0.00011763840253631308,0.00011763840253631308,0.0,664.8360605405722,-0.018891687657430767,1011.9338885959912,0.00011763840253631308
2001-03-30 22:00:00+00:00,1012.0543070376855,0.00011899832889405992,0.00011899832889405992,0.0,668.2498528925134,0.005134788189987027,1012.0543070376855,0.00011899832889405992
2001-04-02 21:00:00+00:00,1012.4099279649325,0.0003513852218939295,0.0003513852218939295,0.0,638.3791698130269,-0.04469987228607919,1012.4099279649325,0.0003513852218939295
2001-04-03 21:00:00+00:00,1012.5299001773528,0.00011850161590309938,0.00011850161590309938,0.0,591.6102145914308,-0.07326203208556159,1012.5299001773528,0.00011850161590309938
2001-04-04 21:00:00+00:00,1012.6493238604207,0.00011794583354718391,0.00011794583354718391,0.0,581.1981479180098,-0.017599538372763956,1012.6493238604207,0.00011794583354718391
2001-04-05 21:00:00+00:00,1012.7665348954587,0.00011574691482652,0.00011574691482652,0.0,636.8429632546535,0.09574155653450833,1012.7665348954587,0.00011574691482652
2001-04-06 21:00:00+00:00,1012.8817367963438,0.00011374971122735111,0.00011374971122735111,0.0,619.6033118773496,-0.027070490485124887,1012.8817367963438,0.00011374971122735111
2001-04-09 21:00:00+00:00,1013.2228838212917,0.0003368083484522888,0.0003368083484522888,0.0,632.4050331971296,0.02066115702479343,1013.2228838212917,0.0003368083484522888
2001-04-10 21:00:00+00:00,1013.3368926852835,0.00011252101172631868,0.00011252101172631868,0.0,679.3446780363228,0.07422402159244279,1013.3368926852835,0.00011252101172631868
2001-04-11 21:00:00+00:00,1013.4465229779875,0.00010818740884244171,0.00010818740884244171,0.0,699.8274321479707,0.03015075376884435,1013.4465229779875,0.00010818740884244171
2001-04-12 21:00:00+00:00,1013.555698543871,0.00010772701213945801,0.00010772701213945801,0.0,730.5515633154425,0.04390243902439006,1013.555698543871,0.00010772701213945801
2001-04-16 21:00:00+00:00,1014.004584414186,0.00044288229148126135,0.00044288229148126135,0.0,687.0257108281908,-0.05957943925233633,1014.004584414186,0.00044288229148126135
2001-04-17 21:00:00+00:00,1014.1161783103514,0.00011005265447594503,0.00011005265447594503,0.0,704.0946725878974,0.024844720496894457,1014.1161783103514,0.00011005265447594503
2001-04-18 21:00:00+00:00,1014.2277126328273,0.0001099817997793906,0.0001099817997793906,0.0,777.4912081546357,0.10424242424242403,1014.2277126328273,0.0001099817997793906
2001-04-19 21:00:00+00:00,1014.3428411136622,0.00011351344417120934,0.00011351344417120934,0.0,824.4308529938289,0.060373216245883654,1014.3428411136622,0.00011351344417120934
2001-04-20 21:00:00+00:00,1014.4573115155882,0.00011285178668019036,0.00011285178668019036,0.0,826.1377491697996,0.0020703933747412417,1014.4573115155882,0.00011285178668019036
2001-04-23 21:00:00+00:00,1014.7836456659678,0.00032168347221239735,0.00032168347221239735,0.0,770.6636234507531,-0.06714876033057848,1014.7836456659678,0.00032168347221239735
2001-04-24 21:00:00+00:00,1014.8912767408399,0.00010606307593907793,0.00010606307593907793,0.0,756.1550059550025,-0.018826135105204922,1014.8912767408399,0.00010606307593907793
2001-04-25 21:00:00+00:00,1014.9961178218261,0.00010330277083769879,0.00010330277083769879,0.0,769.8101753627678,0.01805869074492117,1014.9961178218261,0.00010330277083769879
2001-04-26 21:00:00+00:00,1015.1002994168622,0.00010264235813983724,0.00010264235813983724,0.0,750.1808693391052,-0.0254988913525499,1015.1002994168622,0.00010264235813983724
2001-04-27 21:00:00+00:00,1015.205844484353,0.00010397501365266848,0.00010397501365266848,0.0,770.6636234507531,0.027303754266211566,1015.205844484353,0.00010397501365266848
2001-04-30 21:00:00+00:00,1015.5260944085201,0.00031545319198755806,0.00031545319198755806,0.0,787.7325852104597,0.022148394241417346,1015.5260944085201,0.00031545319198755806
2001-05-01 21:00:00+00:00,1015.6326180925934,0.00010489507326272296,0.00010489507326272296,0.0,820.1636125539022,0.041170097508125725,1015.6326180925934,0.00010489507326272296
2001-05-02 21:00:00+00:00,1015.7396921292778,0.00010542595302376334,0.00010542595302376334,0.0,836.0377469904294,0.019354838709677358,1015.7396921292778,0.00010542595302376334
2001-05-03 21:00:00+00:00,1015.8495583568182,0.00010816376320788024,0.00010816376320788024,0.0,798.827410354269,-0.04450796243364641,1015.8495583568182,0.00010816376320788024
2001-05-04 21:00:00+00:00,1015.9587290261629,0.0001074673591641151,0.0001074673591641151,0.0,822.7239568178584,0.02991452991453003,1015.9587290261629,0.0001074673591641151
2001-05-07 21:00:00+00:00,1016.2836157453049,0.0003197833827890406,0.0003197833827890406,0.0,805.6549950581517,-0.020746887966805017,1016.2836157453049,0.0003197833827890406
2001-05-08 21:00:00+00:00,1016.3905545925751,0.00010522539733326397,0.00010522539733326397,0.0,822.7239568178584,0.021186440677966267,1016.3905545925751,0.00010522539733326397
2001-05-09 21:00:00+00:00,1016.4946875820956,0.0001024537162903627,0.0001024537162903627,0.0,794.5601699143423,-0.03423236514522843,1016.4946875820956,0.0001024537162903627
2001-05-10 21:00:00+00:00,1016.5987113547747,0.00010233577602503097,0.00010233577602503097,0.0,781.2463797417713,-0.016756176154672175,1016.5987113547747,0.00010233577602503097
2001-05-11 21:00:00+00:00,1016.7019187333756,0.00010152224023918244,0.00010152224023918244,0.0,777.4912081546357,-0.0048066419051782105,1016.7019187333756,0.00010152224023918244
2001-05-14 21:00:00+00:00,1017.0131676829436,0.00030613589276562436,0.00030613589276562436,0.0,765.0308660700499,-0.016026344676180027,1017.0131676829436,0.00030613589276562436
2001-05-15 21:00:00+00:00,1017.117508343802,0.00010259519165911613,0.00010259519165911613,0.0,770.6636234507531,0.007362784471218298,1017.117508343802,0.00010259519165911613
2001-05-16 21:00:00+00:00,1017.2227113260977,0.00010343247602428995,0.00010343247602428995,0.0,804.8015469701663,0.044296788482834915,1017.2227113260977,0.00010343247602428995
2001-05-17 21:00:00+00:00,1017.3263058707377,0.00010184057383555434,0.00010184057383555434,0.0,817.6032682899463,0.01590668080593849,1017.3263058707377,0.00010184057383555434
2001-05-18 21:00:00+00:00,1017.4276324811307,9.960089482419221e-05,9.960089482419221e-05,0.0,819.9929229363051,0.0029227557411273253,1017.4276324811307,9.960089482419221e-05
2001-05-21 21:00:00+00:00,1017.7262485596627,0.0002935010500981772,0.0002935010500981772,0.0,871.370497833022,0.06265611990008324,1017.7262485596627,0.0002935010500981772
2001-05-22 21:00:00+00:00,1017.8257921422344,9.780978206319624e-05,9.780978206319624e-05,0.0,868.8101535690661,-0.002938295788442624,1017.8257921422344,9.780978206319624e-05
2001-05-23 21:00:00+00:00,1017.9264488055065,9.889380289762606e-05,9.889380289762606e-05,0.0,830.4049896097263,-0.04420432220039283,1017.9264488055065,9.889380289762606e-05
2001-05-24 21:00:00+00:00,1018.0282670776401,0.00010002517593776794,0.00010002517593776794,0.0,851.7411918093595,0.025693730729702047,1018.0282670776401,0.00010002517593776794
2001-05-25 21:00:00+00:00,1018.1298675553888,9.980123443953381e-05,9.980123443953381e-05,0.0,836.2084366080265,-0.018236472945891702,1018.1298675553888,9.980123443953381e-05
2001-05-29 21:00:00+00:00,1018.5362636247881,0.0003991593630143786,0.0003991593630143786,0.0,787.2205163576685,-0.058583384364156,1018.5362636247881,0.0003991593630143786
2001-05-30 21:00:00+00:00,1018.6395596466672,0.0001014161454708784,0.0001014161454708784,0.0,758.3739709837644,-0.036643538594969716,1018.6395596466672,0.0001014161454708784
2001-05-31 21:00:00+00:00,1018.7418334520291,0.00010040234977459761,0.00010040234977459761,0.0,763.4946595116763,0.006752194463200523,1018.7418334520291,0.00010040234977459761
2001-06-01 21:00:00+00:00,1018.8454505830406,0.0001017108825895896,0.0001017108825895896,0.0,786.025689034489,0.02951039570757885,1018.8454505830406,0.0001017108825895896
2001-06-04 21:00:00+00:00,1019.1539564262495,0.0003027994511162202,0.0003027994511162202,0.0,782.2705174473535,-0.004777415852334488,1019.1539564262495,0.0003027994511162202
2001-06-05 21:00:00+00:00,1019.2554290281558,9.95655281192942e-05,9.95655281192942e-05,0.0,816.749820201961,0.04407593279511257,1019.2554290281558,9.95655281192942e-05
2001-06-06 21:00:00+00:00,1019.3579568993279,0.00010059094928704937,0.00010059094928704937,0.0,810.4343043508695,-0.007732497387669901,1019.3579568993279,0.00010059094928704937
2001-06-07 21:00:00+00:00,1019.4608195127836,0.00010090921717886836,0.00010090921717886836,0.0,831.2584376977117,0.025695029486099585,1019.4608195127836,0.00010090921717886836
2001-06-08 21:00:00+00:00,1019.5623226676752,9.956552811907216e-05,9.956552811907216e-05,0.0,808.2153393221076,-0.02772073921971263,1019.5623226676752,9.956552811907216e-05
2001-06-11 21:00:00+00:00,1008.4774445741938,-0.010872192750785326,0.0002976840903818889,1.0,786.025689034489,-0.02745512143611406,1019.8658301502862,0.0002976840903818889
2001-06-12 21:00:00+00:00,984.2414575933722,-0.024032254872150105,9.949481094717605e-05,0.0,781.7584485945624,-0.005428881650379913,1019.9673015082485,9.949481094717605e-05
2001-06-13 21:00:00+00:00,976.4083564587364,-0.007958515742457095,9.977766324942294e-05,0.0,760.4222463949292,-0.02729257641921401,1020.0690714621838,9.977766324942294e-05
2001-06-14 21:00:00+00:00,976.5047331007004,9.870526130439927e-05,9.870526130417723e-05,0.0,721.163634347604,-0.05162738496071828,1020.1697576464309,9.870526130417723e-05
2001-06-15 21:00:00+00:00,976.6000147281575,9.757415834998895e-05,9.7574158350211e-05,0.0,727.1377709635013,0.008284023668639007,1020.2692998519075,9.7574158350211e-05
2001-06-18 21:00:00+00:00,976.8849335376443,0.00029174565348144554,0.00029174565348144554,0.0,717.4084627604685,-0.013380281690140938,1020.5669589855198,0.00029174565348144554
2001-06-19 21:00:00+00:00,976.9801947161117,9.751524995116334e-05,9.75152499509413e-05,0.0,713.8239807909301,-0.0049964311206280865,1020.666479827617,9.75152499509413e-05
2001-06-20 21:00:00+00:00,977.0744178972333,9.644328680469272e-05,9.644328680491476e-05,0.0,730.0394944626514,0.02271640363462457,1020.7649162576631,9.644328680491476e-05
2001-06-21 21:00:00+00:00,977.1686041274721,9.639616851453425e-05,9.639616851453425e-05,0.0,739.9394922832813,0.013560907177928572,1020.8633140845444,9.639616851453425e-05
2001-06-22 21:00:00+00:00,977.2625347206953,9.612526725311099e-05,9.612526725311099e-05,0.0,738.2325961073105,-0.0023068050749712743,1020.9614448434396,9.612526725311099e-05
2001-06-25 21:00:00+00:00,977.5426856283615,0.0002866690348937162,0.00028666903489349416,0.0,740.1101819008783,0.0025433526011560126,1021.2541228754963,0.00028666903489349416
2001-06-26 21:00:00+00:00,977.6366176413322,9.60899348454447e-05,9.608993484566675e-05,0.0,742.6705261648343,0.0034594095940960745,1021.3522551176242,9.608993484566675e-05
2001-06-27 21:00:00+00:00,977.7289929342614,9.448837253267506e-05,9.448837253245301e-05,0.0,747.4498354575521,0.006435302229372608,1021.4487610299926,9.448837253245301e-05
2001-06-28 21:00:00+00:00,977.8215726601371,9.468853490557372e-05,9.468853490557372e-05,0.0,757.0084540429879,0.012788307832838575,1021.5454805166556,9.468853490557372e-05
2001-06-29 21:00:00+00:00,977.9141726655737,9.47003093669796e-05,9.470030936675755e-05,0.0,780.0515524185918,0.030439684329199634,1021.6422211896927,9.470030936675755e-05
2001-07-02 21:00:00+00:00,978.1969060592927,0.0002891188221030294,0.0002891188221030294,0.0,775.7843119786652,-0.00547045951859948,1021.9375971852938,0.0002891188221030294
2001-07-03 21:00:00+00:00,978.2943813737011,9.964794797912013e-05,9.964794797912013e-05,0.0,779.0274147130094,0.004180418041804135,1022.0394311698161,9.964794797912013e-05
2001-07-05 21:00:00+00:00,978.4901707269119,0.0002001333718546494,0.00020013337185487146,0.0,741.646388459252,-0.04798422436459249,1022.2439753673447,0.00020013337185487146
2001-07-06 21:00:00+00:00,978.5886210462373,0.00010061452048337749,0.00010061452048359953,0.0,710.92225729178,-0.04142692750287691,1022.3468279547434,0.00010061452048359953
2001-07-09 21:00:00+00:00,978.8832529798846,0.00030107843818183433,0.0003010784381820564,0.0,717.0670835252744,0.008643457382953024,1022.6546345409844,0.0003010784381820564
2001-07-10 21:00:00+00:00,978.9812236316292,0.00010008410241613142,0.00010008410241590937,0.0,691.2929512681175,-0.03594382289930964,1022.7569860121639,0.00010008410241590937
2001-07-11 21:00:00+00:00,979.0786617961385,9.953016682784366e-05,9.953016682739957e-05,0.0,699.8274321479707,0.012345679012345734,1022.8587811856056,9.953016682739957e-05
2001-07-12 21:00:00+00:00,979.1766173872388,0.00010004874472557823,0.00010004874472557823,0.0,744.2067327232079,0.06341463414634152,1022.9611169226947,0.00010004874472557823
2001-07-13 21:00:00+00:00,979.2740749993209,9.953016682739957e-05,9.953016682762161e-05,0.0,736.5256999313399,-0.010321100917431214,1023.0629324133201,9.953016682762161e-05
2001-07-16 21:00:00+00:00,979.5623121533994,0.0002943375725317221,0.00029433757253194415,0.0,722.8705305235746,-0.018539976825028948,1023.3640582733941,0.00029433757253194415
2001-07-17 21:00:00+00:00,979.6589308496593,9.863455857916925e-05,9.863455857916925e-05,0.0,739.0860441952959,0.022432113341204207,1023.4649973355478,9.863455857916925e-05
2001-07-18 21:00:00+00:00,979.7561132013692,9.920018962672472e-05,9.920018962694677e-05,0.0,710.92225729178,-0.038106235565819824,1023.5665252573599,9.920018962694677e-05
2001-07-19 21:00:00+00:00,979.8538594307734,9.976587855597963e-05,9.976587855597963e-05,0.0,727.8205294338895,0.02376950780312126,1023.6686422710127,9.976587855597963e-05
2001-07-20 21:00:00+00:00,979.9508417278898,9.897628731381225e-05,9.897628731381225e-05,0.0,710.92225729178,-0.023217636022514032,1023.7699611926641,9.897628731381225e-05
2001-07-23 21:00:00+00:00,980.2359762318353,0.00029096817085494386,0.00029096817085538795,0.0,693.1705370616852,-0.024969987995198117,1024.067845665649,0.00029096817085538795
2001-07-24 21:00:00+00:00,980.331287039514,9.723251338433769e-05,9.723251338433769e-05,0.0,685.3188146522201,-0.011327259295740078,1024.167418356159,9.723251338433769e-05
2001-07-25 21:00:00+00:00,980.4260874487935,9.6702421449546e-05,9.670242144976804e-05,0.0,691.2929512681175,0.008717310087173136,1024.266457825484,9.670242144976804e-05
2001-07-26 21:00:00+00:00,980.5216708457607,9.749169079742437e-05,9.749169079764641e-05,0.0,701.5343283239414,0.014814814814814836,1024.3663152942847,9.749169079764641e-05
2001-07-27 21:00:00+00:00,980.6172982125894,9.752703042886779e-05,9.752703042886779e-05,0.0,716.042945819692,0.020681265206812682,1024.4662186990868,9.752703042886779e-05
2001-07-30 21:00:00+00:00,980.9042092714823,0.0002925820902974774,0.00029258209029725535,0.0,711.7757053797654,-0.005959475566150063,1024.7659591667928,0.00029258209029725535
2001-07-31 21:00:00+00:00,980.9998739461478,9.752703042886779e-05,9.752703042886779e-05,0.0,712.7998430853477,0.0014388489208629895,1024.8659015476749,9.752703042886779e-05
2001-08-01 21:00:00+00:00,981.0952821422247,9.725607373756162e-05,9.725607373733958e-05,0.0,735.6722518433546,0.0320881226053642,1024.9655759813668,9.725607373733958e-05
2001-08-02 21:00:00+00:00,981.1912197418201,9.77862205042701e-05,9.778622050404806e-05,0.0,749.4981108687169,0.018793503480278417,1025.0658034911887,9.778622050404806e-05
2001-08-03 21:00:00+00:00,981.2863922601953,9.699691197839755e-05,9.69969119786196e-05,0.0,737.0377687841311,-0.016624914598041496,1025.1652317087023,9.69969119786196e-05
2001-08-06 21:00:00+00:00,981.5710137383635,0.000290049347889898,0.000290049347889898,0.0,725.4308747875307,-0.015748031496062964,1025.4625802156388,0.000290049347889898
2001-08-07 21:00:00+00:00,981.6659109072407,9.667886230224632e-05,9.667886230246836e-05,0.0,721.6757032003952,-0.005176470588235338,1025.5617207712278,9.667886230246836e-05
2001-08-08 21:00:00+00:00,981.7605513025335,9.64079471856838e-05,9.640794718612788e-05,0.0,691.2929512681175,-0.04210028382213815,1025.66059307144,9.640794718612788e-05
2001-08-09 21:00:00+00:00,981.8551892580778,9.639616851453425e-05,9.639616851453425e-05,0.0,694.1946747672675,0.004197530864197496,1025.7594628228085,9.639616851453425e-05
2001-08-10 21:00:00+00:00,981.9498363363582,9.639616851431221e-05,9.639616851431221e-05,0.0,687.537779680982,-0.009589377919842601,1025.858342104842,9.639616851431221e-05
2001-08-13 21:00:00+00:00,982.2313425137263,0.0002866808129613485,0.0002866808129613485,0.0,701.5343283239414,0.020357497517378365,1026.1524360083397,0.0002866808129613485
2001-08-14 21:00:00+00:00,982.3243948250058,9.47356363536489e-05,9.473563635320481e-05,0.0,692.9998474440881,-0.012165450121654486,1026.2496492123603,9.473563635320481e-05
2001-08-15 21:00:00+00:00,982.4168892001614,9.415868692963514e-05,9.41586869294131e-05,0.0,667.3964048045282,-0.036945812807881784,1026.3462795317919,9.41586869294131e-05
2001-08-16 21:00:00+00:00,982.5096351929109,9.440594290377469e-05,9.440594290355264e-05,0.0,675.2481272139933,0.0117647058823529,1026.4431727200567,9.440594290355264e-05
2001-08-17 21:00:00+00:00,982.6018693873121,9.387612202216289e-05,9.387612202260698e-05,0.0,644.5239960465213,-0.04550050556117291,1026.5395312245882,9.387612202260698e-05
2001-08-20 21:00:00+00:00,982.8785294430159,0.00028155864986922907,0.0002815586498698952,0.0,653.3998561615688,0.013771186440677985,1026.8285623090378,0.0002815586498698952
2001-08-21 21:00:00+00:00,982.9699767431284,9.304028664081088e-05,9.304028664103292e-05,0.0,626.2602069636353,-0.04153605015673989,1026.9240987328062,9.304028664103292e-05
2001-08-22 21:00:00+00:00,983.0605995042945,9.219280681005415e-05,9.219280681049824e-05,0.0,643.3291687233418,0.027255382938130124,1027.0187737478498,9.219280681049824e-05
2001-08-23 21:00:00+00:00,983.1525266524839,9.351117137201825e-05,9.351117137290643e-05,0.0,637.0136528722504,-0.009816927566993816,1027.1148114764048,9.351117137290643e-05
2001-08-24 21:00:00+00:00,983.2437216971975,9.27577789218148e-05,9.27577789218148e-05,0.0,670.8101971564695,0.05305466237942125,1027.210084365015,9.27577789218148e-05
2001-08-27 21:00:00+00:00,983.5172289284953,0.0002781682966921384,0.00027816829669236043,0.0,671.6636452444549,0.0012722646310432406,1027.4958216445282,0.00027816829669236043
2001-08-28 21:00:00+00:00,983.6089556287142,9.32639485315967e-05,9.32639485315967e-05,0.0,650.6688222800157,-0.03125794155019068,1027.5916499619545,9.32639485315967e-05
2001-08-29 21:00:00+00:00,983.7012467031094,9.382903019239386e-05,9.38290301926159e-05,0.0,641.11020369458,-0.014690451206715527,1027.6880678899045,9.38290301926159e-05
2001-08-30 21:00:00+00:00,983.7941023654699,9.439416964429626e-05,9.439416964429626e-05,0.0,617.3843468485878,-0.03700745473908418,1027.7850756517262,9.439416964429626e-05
2001-08-31 21:00:00+00:00,983.8859243774402,9.333458266258532e-05,9.333458266258532e-05,0.0,617.3843468485878,0.0,1027.881003542829,9.333458266258532e-05
2001-09-04 21:00:00+00:00,984.25416307696,0.00037426970992870956,0.00037426970992870956,0.0,605.4360736167932,-0.01935305501797069,1028.265708267866,0.00037426970992870956
2001-09-05 21:00:00+00:00,984.344927403658,9.221635031164688e-05,9.221635031164688e-05,0.0,603.0464189704343,-0.003946997462644597,1028.3605311786332,9.221635031164688e-05
2001-09-06 21:00:00+00:00,984.43590863686,9.242820343668967e-05,9.242820343691172e-05,0.0,578.6378036540539,-0.040475516558165836,1028.4555806950154,9.242820343691172e-05
2001-09-07 21:00:00+00:00,984.5285091163258,9.406450806337396e-05,9.406450806315192e-05,0.0,575.2240113021126,-0.005899705014749235,1028.5523218632784,9.406450806315192e-05
2001-09-10 21:00:00+00:00,984.8040773706043,0.00027989870453404286,0.00027989870453448695,0.0,582.0515960059952,0.011869436201780381,1028.8402123257138,0.00027989870453448695
2001-09-17 21:00:00+00:00,985.4225769228544,0.0006280432488678933,0.0006280432488683374,0.0,532.5516069028461,-0.08504398826979465,1029.4863684752293,0.0006280432488683374
2001-09-18 21:00:00+00:00,985.4970283711467,7.555281362114918e-05,7.555281362114918e-05,0.0,520.6033336710514,-0.022435897435897578,1029.5641490669523,7.555281362114918e-05
2001-09-19 21:00:00+00:00,985.5685020348274,7.252549893399518e-05,7.252549893377314e-05,0.0,511.55678393840685,-0.017377049180327897,1029.6388187205478,7.252549893377314e-05
2001-09-20 21:00:00+00:00,985.638547796882,7.107142924112075e-05,7.107142924112075e-05,0.0,494.4878221787003,-0.033366700033366614,1029.7119966229964,7.107142924112075e-05
2001-09-21 21:00:00+00:00,985.7056178513977,6.804731274523412e-05,6.804731274501208e-05,0.0,481.17403200612915,-0.02692440455643763,1029.782065757268,6.804731274501208e-05
2001-09-24 21:00:00+00:00,985.8835148122083,0.00018047676465338114,0.00018047676465360318,0.0,505.41195770491254,0.05037247250798149,1029.9679174927942,0.00018047676465360318
2001-09-25 21:00:00+00:00,985.9435126830894,6.085695721624873e-05,6.0856957216470775e-05,0.0,506.9481642632861,0.003039513677811412,1030.0305982062835,6.0856957216470775e-05
2001-09-26 21:00:00+00:00,986.004345039967,6.169963704327763e-05,6.169963704327763e-05,0.0,489.36713365078833,-0.034680134680134644,1030.0941507203363,6.169963704327763e-05
2001-09-27 21:00:00+00:00,986.0684020734442,6.49662791034622e-05,6.496627910368424e-05,0.0,486.12403091644404,-0.006627136379490861,1030.161072104435,6.496627910368424e-05
2001-09-28 21:00:00+00:00,986.1331330852361,6.564555933019633e-05,6.564555933019633e-05,0.0,494.6585117962974,0.01755617977528101,1030.2286976042135,6.564555933019633e-05
2001-10-01 21:00:00+00:00,986.3257684790177,0.0001953442058872934,0.00019534420588707135,0.0,490.39127135637074,-0.008626639061421693,1030.4299468110291,0.00019534420588707135
2001-10-02 21:00:00+00:00,986.3899849724368,6.510677858306835e-05,6.510677858306835e-05,0.0,491.9274779147443,0.0031326139923424368,1030.4970347854214,6.510677858306835e-05
2001-10-03 21:00:00+00:00,986.4547370947179,6.564555932997429e-05,6.564555933019633e-05,0.0,529.1378145509047,0.07564191533657194,1030.564682339658,6.564555933019633e-05
2001-10-04 21:00:00+00:00,986.5187193714039,6.486083373125062e-05,6.486083373147267e-05,0.0,534.2585030788167,0.00967741935483879,1030.6315256241687,6.486083373147267e-05
2001-10-05 21:00:00+00:00,986.5800144972758,6.213275497790605e-05,6.213275497812809e-05,0.0,542.1102254882818,0.014696485623003186,1030.695561600223,6.213275497812809e-05
2001-10-08 21:00:00+00:00,986.7611055390889,0.00018355433837302648,0.00018355433837302648,0.0,543.8171216642523,0.0031486146095716094,1030.8847502420965,0.00018355433837302648
2001-10-09 21:00:00+00:00,986.8214686209743,6.117294403540363e-05,6.117294403629181e-05,0.0,530.6740211092783,-0.02416823603264273,1030.9478124972309,6.117294403629181e-05
2001-10-10 21:00:00+00:00,986.8813041486634,6.063460270344656e-05,6.063460270344656e-05,0.0,554.7412571904646,0.04535220328079759,1031.0103236082496,6.063460270344656e-05
2001-10-11 21:00:00+00:00,986.9405889808521,6.007291042964269e-05,6.007291042964269e-05,0.0,592.2929730618192,0.06769230769230794,1031.0722593990718,6.007291042964269e-05
2001-10-12 21:00:00+00:00,987.0006511820504,6.0856957216026686e-05,6.0856957216026686e-05,0.0,589.7326287978631,-0.004322766570605485,1031.1350073194487,6.0856957216026686e-05
2001-10-15 21:00:00+00:00,987.1809530848002,0.0001826765793253582,0.00018267657932513615,0.0,587.1722845339071,-0.004341534008682979,1031.3233715354083,0.00018267657932513615
2001-10-16 21:00:00+00:00,987.2423933399955,6.223808816741006e-05,6.223808816741006e-05,0.0,596.7309031193429,0.016279069767441978,1031.3875591303351,6.223808816741006e-05
2001-10-17 21:00:00+00:00,987.3033636127808,6.175815908693316e-05,6.175815908693316e-05,0.0,553.8878091024793,-0.07179633867276891,1031.4512557272922,6.175815908693316e-05
2001-10-18 21:00:00+00:00,987.3643145376111,6.173474848436555e-05,6.173474848392146e-05,0.0,568.908495451021,0.027118644067796405,1031.514932111138,6.173474848392146e-05
2001-10-19 21:00:00+00:00,987.4244718557208,6.0927174725611266e-05,6.0927174725611266e-05,0.0,572.6636670381565,0.0066006600660066805,1031.5777794016387,6.0927174725611266e-05
2001-10-22 21:00:00+00:00,987.6048511805817,0.00018267657932558024,0.0001826765793253582,0.0,588.0257326218925,0.026825633383010583,1031.766224501688,0.0001826765793253582
2001-10-23 21:00:00+00:00,987.6641910359083,6.008461304696233e-05,6.0084613047184376e-05,0.0,591.0981457386397,0.005224963715529718,1031.8282177760423,6.0084613047184376e-05
2001-10-24 21:00:00+00:00,989.2829731869575,0.0016390005487101345,6.004950697935385e-05,1.0,603.8998670584197,0.021657522379439742,1031.8901785518071,6.004950697935385e-05
2001-10-25 21:00:00+00:00,1028.9885080067843,0.04013566986998285,6.085695721624873e-05,1.0,628.137792757203,0.04013566986998307,1031.952976248255,6.085695721624873e-05
2001-10-26 21:00:00+00:00,1006.8988090577257,-0.021467391304347827,6.035374940771554e-05,1.0,614.6533129670347,-0.021467391304347938,1032.015258479584,6.035374940771554e-05
2001-10-29 22:00:00+00:00,951.8143699062756,-0.05470702582615927,0.00018097776640901841,1.0,581.0274583004127,-0.05470702582615938,1032.2020302959636,0.00018097776640901841
2001-10-30 22:00:00+00:00,937.4728930808526,-0.01506751450583288,5.86806298936704e-05,0.0,569.7619435390064,-0.019388954171562722,1032.262600561279,5.86806298936704e-05
2001-10-31 22:00:00+00:00,937.5278716781177,5.864553276246909e-05,5.8645532762247043e-05,0.0,578.6378036540539,0.015578190533253489,1032.3231381514395,5.8645532762247043e-05
2001-11-01 22:00:00+00:00,962.2413224792514,0.026360230503758908,5.7300399614490516e-05,1.0,603.2171085880315,0.0424778761061948,1032.3822906797868,5.7300399614490516e-05
2001-11-02 22:00:00+00:00,969.3206304544807,0.007357102433503071,5.61660565780997e-05,1.0,607.6550386455551,0.007357102433503071,1032.4402755219353,5.61660565780997e-05
2001-11-05 22:00:00+00:00,1000.9052352670423,0.03258426966292127,0.0001683581727376371,1.0,627.4550342868147,0.03258426966292127,1032.614095280183,0.0001683581727376371
2001-11-06 22:00:00+00:00,1039.8414291308038,0.03890097932535386,5.6388225019077254e-05,1.0,651.8636496031951,0.038900979325353635,1032.6723225561454,5.6388225019077254e-05
2001-11-07 22:00:00+00:00,1038.480023750952,-0.0013092432573973412,5.505533329341894e-05,1.0,651.0102015152098,-0.0013092432573971191,1032.7291766750466,5.505533329341894e-05
2001-11-08 22:00:00+00:00,1027.861061788108,-0.010225485055060268,5.49968738026152e-05,1.0,644.3533064289243,-0.010225485055060268,1032.7859735512484,5.49968738026152e-05
2001-11-09 22:00:00+00:00,1027.3164996361672,-0.0005298013245033095,5.0965173968187116e-05,1.0,644.0119271937301,-0.0005298013245033095,1032.8386096680624,5.0965173968187116e-05
2001-11-12 22:00:00+00:00,1034.668088687367,0.007156109196925442,0.00014822346416831778,1.0,648.620546868851,0.007156109196925664,1032.9917005847142,0.00014822346416831778
2001-11-13 22:00:00+00:00,1071.698315019336,0.03578947368421059,4.938826931510931e-05,1.0,671.834334862052,0.03578947368421059,1033.042718257023,4.938826931510931e-05
2001-11-14 22:00:00+00:00,1079.322185146506,0.007113821138211351,5.046281429521571e-05,1.0,676.6136441547698,0.007113821138211351,1033.0948484998733,5.046281429521571e-05
2001-11-15 22:00:00+00:00,1074.96568793098,-0.00403632694248246,5.0240876373619514e-05,1.0,673.8826102732166,-0.00403632694248246,1033.146752090439,5.0240876373619514e-05
2001-11-16 22:00:00+00:00,1071.970596095306,-0.002786220871327294,5.049785254329642e-05,1.0,672.0050244796489,-0.002786220871327294,1033.1989237827815,5.049785254329642e-05
2001-11-19 22:00:00+00:00,1102.4660766039865,0.02844805689611385,0.00015401712441720505,1.0,691.1222616505204,0.02844805689611385,1033.3580541099734,0.00015401712441720505
2001-11-20 22:00:00+00:00,1051.5495153975291,-0.04618424302296875,5.242555914009017e-05,1.0,659.2033031598689,-0.04618424302296875,1033.412228483752,5.242555914009017e-05
2001-11-21 22:00:00+00:00,1052.09407754947,0.0005178663904714664,5.327863454174242e-05,1.0,659.5446823950632,0.0005178663904714664,1033.4672872762044,5.327863454174242e-05
2001-11-23 22:00:00+00:00,1069.520066411573,0.01656314699792949,0.00010607822566965908,1.0,670.4688179212754,0.016563146997929712,1033.5769156523263,0.00010607822566965908
2001-11-26 22:00:00+00:00,1095.9313307806979,0.02469450101832993,0.0001599296892016433,1.0,687.0257108281908,0.024694501018329706,1033.7422152872125,0.0001599296892016433
2001-11-27 22:00:00+00:00,1094.5699254008462,-0.001242236024844634,5.358249976206153e-05,1.0,686.1722627402055,-0.001242236024844634,1033.797605779217,5.358249976206153e-05
2001-11-28 22:00:00+00:00,1055.089169385144,-0.03606965174129351,5.332537954361172e-05,1.0,661.4222681886308,-0.03606965174129362,1033.8527334289165,5.332537954361172e-05
2001-11-29 22:00:00+00:00,1087.7628985015872,0.030967741935483906,5.412015556971461e-05,1.0,681.9050223002788,0.030967741935483906,1033.9086856996857,5.412015556971461e-05
2001-11-30 22:00:00+00:00,1079.5944662224763,-0.007509386733416834,5.2542415677203635e-05,1.0,676.7843337723668,-0.007509386733416723,1033.963009759622,5.2542415677203635e-05
2001-12-03 22:00:00+00:00,1061.0793530564918,-0.017150063051702413,0.00015409890526885128,1.0,665.1774397757663,-0.017150063051702524,1034.1223423275146,0.00015409890526885128
2001-12-04 22:00:00+00:00,1111.7236331869788,0.04772902232486542,4.947003350364021e-05,1.0,696.9257086488205,0.0477290223248652,1034.1735003944364,4.947003350364021e-05
2001-12-05 22:00:00+00:00,1166.7244105329914,0.04947342640215524,4.885107890606477e-05,1.0,731.4050114034279,0.04947342640215524,1034.2240208857068,4.885107890606477e-05
2001-12-06 22:00:00+00:00,1168.3580969888135,0.0014002333722284988,4.882772305214722e-05,1.0,732.4291491090103,0.0014002333722287208,1034.2745196897724,4.882772305214722e-05
2001-12-07 22:00:00+00:00,1136.228930024311,-0.027499417385224878,4.775350636476716e-05,1.0,712.2877742325564,-0.02749941738522499,1034.3239099246314,4.775350636476716e-05
2001-12-10 22:00:00+00:00,1116.3524114784748,-0.017493410016774513,0.00014560763398496768,1.0,699.8274321479707,-0.01749341001677429,1034.4745153819297,0.00014560763398496768
2001-12-11 22:00:00+00:00,1122.614876225793,0.005609756097560981,4.8010362990069666e-05,1.0,703.7532933527032,0.0056097560975607585,1034.5241808789172,4.8010362990069666e-05
2001-12-12 22:00:00+00:00,1131.600151732815,0.008003880669415597,4.6376013836724184e-05,1.0,709.3860507334065,0.008003880669415597,1034.572157986644,4.6376013836724184e-05
2001-12-13 22:00:00+00:00,1082.5895580581503,-0.04331087584215587,4.684291548828767e-05,1.0,678.6619195659345,-0.043310875842156094,1034.6206203628071,4.684291548828767e-05
2001-12-14 22:00:00+00:00,1092.1193957171129,0.008802816901408494,4.5524002506569516e-05,1.0,684.6360561818318,0.008802816901408494,1034.667720434522,4.5524002506569516e-05
2001-12-17 22:00:00+00:00,1110.9067899590675,0.017202692595362556,0.00013722576584562773,1.0,696.4136397960293,0.01720269259536278,1034.8097035048543,0.00013722576584562773
2001-12-18 22:00:00+00:00,1123.431719453704,0.011274509803921529,4.6282628434202167e-05,1.0,704.2653622054944,0.011274509803921529,1034.8575972178617,4.6282628434202167e-05
2001-12-19 22:00:00+00:00,1103.0106387559272,-0.018177411536597132,4.7379914427603254e-05,1.0,691.4636408857144,-0.018177411536597243,1034.9066286822626,4.7379914427603254e-05
2001-12-20 22:00:00+00:00,1056.1782936890254,-0.04245865218464573,4.769512712576862e-05,1.0,662.1050266590191,-0.04245865218464573,1034.9559886854809,4.769512712576862e-05
2001-12-21 22:00:00+00:00,1074.96568793098,0.017788089713843602,4.69012828561155e-05,1.0,673.8826102732166,0.017788089713843602,1035.0045294490499,4.69012828561155e-05
2001-12-24 22:00:00+00:00,1070.6091907154544,-0.00405268490374866,0.00013894145893655896,1.0,671.1515763916636,-0.00405268490374866,1035.1483344883775,0.00013894145893655896
2001-12-26 22:00:00+00:00,1080.6835905263576,0.009409969481180003,9.261205506549963e-05,1.0,677.467092242755,0.009409969481180003,1035.244201702932,9.261205506549963e-05
2001-12-27 22:00:00+00:00,1089.3965849574092,0.008062484252960411,4.684291548828767e-05,1.0,682.9291600058611,0.008062484252960411,1035.2926955595822,4.684291548828767e-05
2001-12-28 22:00:00+00:00,1098.1095793884608,0.007998000499875202,4.713475329176653e-05,1.0,688.3912277689673,0.00799800049987498,1035.341493825372,4.713475329176653e-05
2001-12-31 22:00:00+00:00,1059.4456666006695,-0.03520952144805378,0.00014392624997294767,1.0,664.1533020701838,-0.03520952144805367,1035.4905066440197,0.00014392624997294767
2002-01-02 22:00:00+00:00,1092.1193957171129,0.03084040092521234,9.542539835472041e-05,1.0,684.6360561818318,0.03084040092521212,1035.5893187381087,9.542539835472041e-05
2002-01-03 22:00:00+00:00,1129.966465276993,0.034654699576165626,4.7169775493349775e-05,1.0,708.361913027824,0.034654699576165626,1035.6381672537768,4.7169775493349775e-05
2002-01-04 22:00:00+00:00,1134.595243568489,0.0040963855421685125,4.768345305650179e-05,1.0,711.2636365269742,0.0040963855421687345,1035.6875500577087,4.768345305650179e-05
2002-01-07 22:00:00+00:00,1122.0703140738524,-0.0110391168706504,0.00014312064441002192,1.0,703.4119141175091,-0.0110391168706504,1035.8357783272804,0.00014312064441002192
2002-01-08 22:00:00+00:00,1129.6941842010226,0.006794467362290835,4.743828180542309e-05,1.0,708.191223410227,0.006794467362290835,1035.8849165968368,4.743828180542309e-05
2002-01-09 22:00:00+00:00,1119.3475033141488,-0.009158833453844495,4.715810083322225e-05,1.0,701.7050179415385,-0.009158833453844384,1035.9337669621852,4.715810083322225e-05
2002-01-10 22:00:00+00:00,1126.6990923653486,0.0065677450741914445,4.634098986566748e-05,1.0,706.3136376166593,0.0065677450741912224,1035.9817731583817,4.634098986566748e-05
2002-01-11 22:00:00+00:00,1112.2681953389194,-0.01280811986466901,4.603751960097213e-05,1.0,697.2670878840148,-0.012808119864668899,1036.0294671895697,4.603751960097213e-05
2002-01-14 22:00:00+00:00,1082.9817213096171,-0.026330406777817172,0.00013807776622587475,0.0,682.0757119178759,-0.021787025703794427,1036.1725198241434,0.00013807776622587475
2002-01-15 22:00:00+00:00,1070.0217878564658,-0.011966899531304365,4.602584790780462e-05,0.0,688.5619173865645,0.009509509509509684,1036.2202105429471,4.602584790780462e-05
2002-01-16 22:00:00+00:00,1070.0681648297798,4.3342083161590494e-05,4.3342083161590494e-05,0.0,661.934337041422,-0.038671294000991674,1036.2651224854862,4.3342083161590494e-05
2002-01-17 22:00:00+00:00,1070.1144189530746,4.3225398918655955e-05,4.322539891754573e-05,0.0,676.7843337723668,0.02243424445590514,1036.30991545879,4.322539891754573e-05
2002-01-18 22:00:00+00:00,1070.1612493458235,4.3762042562400794e-05,4.376204256262284e-05,0.0,658.6912343070778,-0.026733921815889072,1036.3552664974184,4.376204256262284e-05
2002-01-22 22:00:00+00:00,1070.3498654529944,0.0001762501747153422,0.0001762501747153422,0.0,638.3791698130269,-0.03083700440528636,1036.5379242942056,0.0001762501747153422
2002-01-23 22:00:00+00:00,1070.397892578961,4.487049283308231e-05,4.48704928335264e-05,0.0,655.9602004255247,0.0275401069518717,1036.5844342617092,4.48704928335264e-05
2002-01-24 22:00:00+00:00,1070.4453847893583,4.436874430191473e-05,4.436874430191473e-05,0.0,664.6653709229751,0.013270882123341154,1036.6304262114204,4.436874430191473e-05
2002-01-25 22:00:00+00:00,1070.494865358492,4.622428181466631e-05,4.622428181444427e-05,0.0,662.7877851294073,-0.0028248587570621764,1036.678343708379,4.622428181444427e-05
2002-01-28 22:00:00+00:00,1070.6453508887453,0.0001405756675001424,0.00014057566750080852,0.0,666.5429567165428,0.0056657223796034994,1036.8240754585295,0.00014057566750080852
2002-01-29 22:00:00+00:00,1070.695815493222,4.713475329132244e-05,4.7134753291100395e-05,0.0,648.2791676336567,-0.027400768245838703,1036.8729459055326,4.7134753291100395e-05
2002-01-30 22:00:00+00:00,1070.7462949750766,4.7146426766842e-05,4.714642676595382e-05,0.0,653.2291665439718,0.00763559768299138,1036.9218307599424,4.714642676595382e-05
2002-01-31 22:00:00+00:00,1070.7970643389947,4.741493307647282e-05,4.741493307647282e-05,0.0,657.3257173663012,0.006271230729030242,1036.9709963391533,4.741493307647282e-05
2002-02-01 22:00:00+00:00,1070.847561094927,4.7158100833444294e-05,4.715810083322225e-05,0.0,651.0102015152098,-0.009607894053492494,1037.01989792196,4.715810083322225e-05
2002-02-04 22:00:00+00:00,1071.0016841686875,0.00014392624997250358,0.00014392624997250358,0.0,630.1860681683678,-0.03198741478762446,1037.1691523070147,0.00014392624997250358
2002-02-05 22:00:00+00:00,1071.0533659526066,4.825555802856485e-05,4.825555802856485e-05,0.0,619.7740014949468,-0.016522210184181985,1037.2192014832292,4.825555802856485e-05
2002-02-06 22:00:00+00:00,1071.1050627359168,4.826723387796328e-05,4.8267233877741234e-05,0.0,615.5067610550202,-0.006885155604516524,1037.2692651850098,4.8267233877741234e-05
2002-02-07 22:00:00+00:00,1071.1570496715424,4.8535794885395944e-05,4.8535794885395944e-05,0.0,600.6567643240753,-0.024126455906822164,1037.3196098733058,4.8535794885395944e-05
2002-02-08 22:00:00+00:00,1071.2087639666827,4.827891032044285e-05,4.827891032110898e-05,0.0,617.3843468485878,0.027848820687695452,1037.3696905337251,4.827891032110898e-05
2002-02-11 22:00:00+00:00,1071.3621010691857,0.00014314399551329515,0.0001431439955130731,0.0,625.2360692580529,0.012717721868952259,1037.5181837760522,0.0001431439955130731
2002-02-12 22:00:00+00:00,1071.4129246464522,4.743828180586718e-05,4.743828180564513e-05,0.0,620.1153807301408,-0.008190008190008369,1037.5674018560326,4.743828180564513e-05
2002-02-13 22:00:00+00:00,1071.4637381263187,4.742660714418534e-05,4.742660714418534e-05,0.0,630.698137021159,0.017065785851913207,1037.616610157586,4.742660714418534e-05
2002-02-14 22:00:00+00:00,1071.514554016096,4.742660714418534e-05,4.7426607144407384e-05,0.0,629.5033096979796,-0.0018944519621109102,1037.6658207929224,4.7426607144407384e-05
2002-02-15 22:00:00+00:00,1071.5659477766865,4.796366078063663e-05,4.796366078063663e-05,0.0,610.7274517623023,-0.029826464208243086,1037.7155910443546,4.796366078063663e-05
2002-02-19 22:00:00+00:00,1071.7728217554313,0.0001930576267135109,0.00019305762671328885,0.0,591.951593826625,-0.030743432084963773,1037.915929953565,0.00019305762671328885
2002-02-20 22:00:00+00:00,1071.8242654431538,4.799868654825623e-05,4.7998686548478275e-05,0.0,599.9740058536871,0.013552479815455598,1037.9657485549506,4.7998686548478275e-05
2002-02-21 22:00:00+00:00,1071.8754112647584,4.7718477043101615e-05,4.7718477042657526e-05,0.0,571.468839714977,-0.04751066856330033,1038.0152786996941,4.7718477042657526e-05
2002-02-22 22:00:00+00:00,1071.9265470125447,4.7706801787672504e-05,4.770680178789455e-05,0.0,574.3705632141272,0.005077658303464849,1038.0647990888478,4.770680178789455e-05
2002-02-25 22:00:00+00:00,1072.0817390322088,0.00014477859522799008,0.00014477859522799008,0.0,597.5843512073282,0.04041604754829131,1038.2150886522156,0.00014477859522799008
2002-02-26 22:00:00+00:00,1072.1334854522433,4.826723387840737e-05,4.826723387818532e-05,0.0,595.3653861785664,-0.0037132247929161366,1038.2652004227155,4.826723387818532e-05
2002-02-27 22:00:00+00:00,1072.1852343699338,4.8267233877741234e-05,4.826723387796328e-05,0.0,587.1722845339071,-0.013761467889908396,1038.3153146119716,4.826723387796328e-05
2002-02-28 22:00:00+00:00,1072.2372737325488,4.8535794885840033e-05,4.8535794885840033e-05,0.0,576.5895282428891,-0.018023255813953476,1038.3657100711084,4.8535794885840033e-05
2002-03-01 22:00:00+00:00,1072.2893281408544,4.854747133009596e-05,4.8547471329429825e-05,0.0,610.0446932919141,0.05802249851983432,1038.4161201006475,4.8547471329429825e-05
2002-03-04 22:00:00+00:00,1072.4454992125432,0.00014564266153760386,0.00014564266153760386,0.0,634.1119293731003,0.039451594851706684,1038.5673577881626,0.00014564266153760386
2002-03-05 22:00:00+00:00,1072.498139807762,4.908463437769406e-05,4.908463437858224e-05,0.0,638.7205490482211,0.007267833109017463,1038.618335487197,4.908463437858224e-05
2002-03-06 22:00:00+00:00,1072.5502319282912,4.857082599540874e-05,4.8570825995630784e-05,0.0,641.7929621649683,0.004810261892036483,1038.668782037646,4.8570825995630784e-05
2002-03-07 22:00:00+00:00,1072.6028776642777,4.908463437836019e-05,4.908463437769406e-05,0.0,643.1584791057448,0.0021276595744681437,1038.719764715052,4.908463437769406e-05
2002-03-08 22:00:00+00:00,1072.6558391379695,4.937659108938952e-05,4.937659108938952e-05,0.0,660.0567512478543,0.026273885350318382,1038.7710531561308,4.937659108938952e-05
2002-03-11 22:00:00+00:00,1080.2189898985519,0.007050864298338677,0.00014650677542582535,1.0,657.6670966014955,-0.003620377553659071,1038.9232401535344,0.00014650677542582535
2002-03-12 22:00:00+00:00,1054.5784128977077,-0.023736461995777502,4.882772305170313e-05,0.0,648.620546868851,-0.013755515182974354,1038.9739684097765,4.882772305170313e-05
2002-03-13 22:00:00+00:00,1054.6304720697938,4.936491345675087e-05,4.9364913456528825e-05,0.0,632.9171020499208,-0.02421052631578957,1039.0252572698107,4.9364913456528825e-05
2002-03-14 22:00:00+00:00,1054.6834083578417,5.0194157527050365e-05,5.0194157527050365e-05,0.0,629.1619304627853,-0.0059331175836030425,1039.0774102672488,5.0194157527050365e-05
2002-03-15 22:00:00+00:00,1054.7366676050765,5.049785254307437e-05,5.049785254351846e-05,0.0,635.4774463138768,0.010037981551817676,1039.1298814450938,5.049785254351846e-05
2002-03-18 22:00:00+00:00,1054.8947412433101,0.00014987024068546795,0.0001498702406852459,0.0,639.0619282834152,0.005640612409347323,1039.2856160905292,0.0001498702406852459
2002-03-19 22:00:00+00:00,1054.9482822602708,5.075484298799893e-05,5.075484298822097e-05,0.0,638.0377905778329,-0.0016025641025639858,1039.3383648687939,5.075484298822097e-05
2002-03-20 22:00:00+00:00,1055.001862961995,5.078988479811919e-05,5.078988479811919e-05,0.0,615.5067610550202,-0.035313001605136396,1039.3911527446119,5.078988479811919e-05
2002-03-21 22:00:00+00:00,1055.055729847347,5.105856894016547e-05,5.105856894016547e-05,0.0,631.8929643443385,0.02662229617304468,1039.4442225694402,5.105856894016547e-05
2002-03-22 22:00:00+00:00,1055.1093283312607,5.0801566587876934e-05,5.080156658809898e-05,0.0,626.0895173460382,-0.009184224743381986,1039.4970279643276,5.080156658809898e-05
2002-03-25 22:00:00+00:00,1055.269220177703,0.00015154054859412014,0.00015154054859412014,0.0,606.9722801751668,-0.030534351145038108,1039.6545539142073,0.00015154054859412014
2002-03-26 22:00:00+00:00,1055.3222378281348,5.0240876373619514e-05,5.024087637339747e-05,0.0,612.60503755587,0.009280089988751516,1039.7067870701217,5.024087637339747e-05
2002-03-27 22:00:00+00:00,1055.3752458154215,5.0229195772244495e-05,5.022919577202245e-05,0.0,607.8257282631521,-0.00780161604903884,1039.759010705875,5.022919577202245e-05
2002-03-28 22:00:00+00:00,1055.4279729459925,4.9960552684913395e-05,4.996055268513544e-05,0.0,615.5067610550202,0.012636899747262342,1039.8109576407091,4.996055268513544e-05
2002-04-01 22:00:00+00:00,1055.6376720496726,0.00019868632351549564,0.00019868632351593973,0.0,627.2843446692177,0.019134775374376023,1040.0175538570343,0.00019868632351593973
2002-04-02 22:00:00+00:00,1055.6895369494848,4.9131346091080275e-05,4.9131346091080275e-05,0.0,598.9498681481048,-0.04517006802721091,1040.0686513194137,4.9131346091080275e-05
2002-04-03 22:00:00+00:00,1055.7413797397041,4.910798904878e-05,4.910798904833591e-05,0.0,597.9257304425223,-0.0017098888572243398,1040.1197269993522,4.910798904833591e-05
2002-04-04 22:00:00+00:00,1055.7929415159663,4.883940068234338e-05,4.8839400682565426e-05,0.0,593.3171107674015,-0.007707679132172518,1040.170525823457,4.8839400682565426e-05
2002-04-05 22:00:00+00:00,1055.8450606431531,4.9364913457417003e-05,4.936491345675087e-05,0.0,586.6602156811159,-0.011219792865362455,1040.2218737514445,4.936491345675087e-05
2002-04-08 21:00:00+00:00,1055.9984640839562,0.00014528972717786637,0.00014528972717764432,0.0,593.9998692377898,0.012510910677916875,1040.373007303686,0.00014528972717764432
2002-04-09 21:00:00+00:00,1056.0500384160632,4.883940068212134e-05,4.883940068234338e-05,0.0,573.3464255085448,-0.034770114942528685,1040.423818497849,4.883940068234338e-05
2002-04-10 21:00:00+00:00,1056.1010356926959,4.82905873562256e-05,4.829058735755787e-05,0.0,577.6136659484715,0.007442691277165903,1040.474061175145,4.829058735755787e-05
2002-04-11 21:00:00+00:00,1056.1517271552714,4.799868654825623e-05,4.7998686548478275e-05,0.0,563.2757380703179,-0.024822695035461195,1040.5240025634691,4.7998686548478275e-05
2002-04-12 21:00:00+00:00,1056.2018415093733,4.744995705951993e-05,4.744995705951993e-05,0.0,572.1515981853654,0.01575757575757586,1040.57337538271,4.744995705951993e-05
2002-04-15 21:00:00+00:00,1056.3503671051838,0.000140622360209397,0.00014062236020961905,0.0,576.7602178604861,0.008054892601431884,1040.7197032667277,0.00014062236020961905
2002-04-16 21:00:00+00:00,1056.4001579191265,4.713475329132244e-05,4.7134753291544484e-05,0.0,600.8274539416725,0.04172832198875409,1040.7687573331868,4.7134753291544484e-05
2002-04-17 21:00:00+00:00,1056.4496797761456,4.6877934131162036e-05,4.6877934131162036e-05,0.0,597.7550408249253,-0.005113636363636265,1040.817546422439,4.6877934131162036e-05
2002-04-18 21:00:00+00:00,1056.4991916222098,4.6866260657862924e-05,4.686626065719679e-05,0.0,586.3188364459219,-0.01913192461450608,1040.8663256488662,4.686626065719679e-05
2002-04-19 21:00:00+00:00,1056.5495568187985,4.7671779579205875e-05,4.7671779579649964e-05,0.0,588.1964222394896,0.003202328966521062,1040.9159455989145,4.7671779579649964e-05
2002-04-22 21:00:00+00:00,1056.6998950855427,0.00014229173234148185,0.00014229173234148185,0.0,573.3464255085448,-0.025246662797446362,1041.0640593320356,0.00014229173234148185
2002-04-23 21:00:00+00:00,1056.7497270457459,4.7158100833444294e-05,4.7158100833444294e-05,0.0,563.4464276879149,-0.017267043763024792,1041.1131539359196,4.7158100833444294e-05
2002-04-24 21:00:00+00:00,1056.7998327633322,4.741493307647282e-05,4.741493307580669e-05,0.0,554.7412571904646,-0.015449863677673425,1041.162518246438,4.741493307580669e-05
2002-04-25 21:00:00+00:00,1056.8496694364064,4.7158100833444294e-05,4.715810083322225e-05,0.0,553.3757402496881,-0.002461538461538404,1041.2116174934572,4.715810083322225e-05
2002-04-26 21:00:00+00:00,1056.8997798927546,4.741493307647282e-05,4.741493307602873e-05,0.0,529.820573021293,-0.04256631708821723,1041.2609864726187,4.741493307602873e-05
2002-04-29 21:00:00+00:00,1057.0492796220415,0.00014145118783348565,0.0001414511878332636,0.0,531.1860899620696,0.002577319587629079,1041.4082740759998,0.0001414511878332636
2002-04-30 21:00:00+00:00,1057.0996833817446,4.768345305650179e-05,4.76834530560577e-05,0.0,541.5981566354906,0.0196015424164524,1041.457932018549,4.76834530560577e-05
2002-05-01 21:00:00+00:00,1057.1503980936525,4.797533544387278e-05,4.7975335444094824e-05,0.0,538.6964331363404,-0.005357705641348964,1041.5078963121884,4.7975335444094824e-05
2002-05-02 21:00:00+00:00,1057.2016953854077,4.8524119035109337e-05,4.8524119035109337e-05,0.0,520.7740232886484,-0.033269961977186346,1041.5584345653251,4.8524119035109337e-05
2002-05-03 21:00:00+00:00,1057.2530198544039,4.8547471329429825e-05,4.854747133009596e-05,0.0,507.63092273367437,-0.02523762700753851,1041.6089995935658,4.854747133009596e-05
2002-05-06 21:00:00+00:00,1057.4070009981347,0.00014564266153804795,0.0001456426615373818,0.0,494.4878221787003,-0.025891055817081288,1041.760702300548,0.0001456426615373818
2002-05-07 21:00:00+00:00,1057.4583354341992,4.8547471329429825e-05,4.8547471329429825e-05,0.0,489.8792025035795,-0.009319986192613094,1041.811277148375,4.8547471329429825e-05
2002-05-08 21:00:00+00:00,1057.5093883703437,4.8278910320886936e-05,4.827891032066489e-05,0.0,542.2809151058788,0.10696864111498261,1041.8615746615956,4.827891032066489e-05
2002-05-09 21:00:00+00:00,1057.5604314233203,4.826723387796328e-05,4.826723387818532e-05,0.0,528.2843664629194,-0.025810513062637708,1041.9118624378884,4.826723387818532e-05
2002-05-10 21:00:00+00:00,1057.6114769400042,4.826723387818532e-05,4.826723387818532e-05,0.0,504.55850961692715,-0.044911147011308605,1041.9621526414332,4.826723387818532e-05
2002-05-13 21:00:00+00:00,1057.7646211403314,0.00014480194633503807,0.00014480194633481602,0.0,525.0412637285751,0.040595399188092074,1042.1130307891428,0.00014480194633481602
2002-05-14 21:00:00+00:00,1057.8159605870203,4.853579488561799e-05,4.853579488561799e-05,0.0,555.9360845136441,0.05884265279583878,1042.1636105734528,4.853579488561799e-05
2002-05-15 21:00:00+00:00,1057.8673148770383,4.8547471328985736e-05,4.854747132965187e-05,0.0,560.0326353359737,0.00736874424316869,1042.214204981458,4.854747132965187e-05
2002-05-16 21:00:00+00:00,1057.9186716601776,4.8547471329429825e-05,4.854747132965187e-05,0.0,560.886083423959,0.0015239256324290906,1042.2648018456937,4.854747132965187e-05
2002-05-17 21:00:00+00:00,1057.9703150667324,4.8816046013921977e-05,4.881604601414402e-05,0.0,562.0809107471384,0.002130249543517815,1042.3156810922196,4.881604601414402e-05
2002-05-20 21:00:00+00:00,1058.123535934805,0.0001448252998128563,0.00014482529981307835,0.0,549.7912582801497,-0.02186456119040392,1042.4666347732336,0.00014482529981307835
2002-05-21 21:00:00+00:00,1058.1743244747358,4.7998686548478275e-05,4.799868654825623e-05,0.0,534.7705719316078,-0.02732070785470364,1042.5166718024732,4.799868654825623e-05
2002-05-22 21:00:00+00:00,1058.2253872672545,4.8255558028342804e-05,4.8255558028342804e-05,0.0,535.9653992547874,0.002234280242579212,1042.5669790262248,4.8255558028342804e-05
2002-05-23 21:00:00+00:00,1058.276180695916,4.7998686548922365e-05,4.7998686548478275e-05,0.0,546.7188451634025,0.020063694267515864,1042.6170208718568,4.7998686548478275e-05
2002-05-24 21:00:00+00:00,1058.3269642063226,4.7987010699968025e-05,4.7987010699968025e-05,0.0,533.2343653732343,-0.02466437714642533,1042.6670529459934,4.7987010699968025e-05
2002-05-28 21:00:00+00:00,1058.528934520877,0.0001908392409768478,0.0001908392409768478,0.0,530.8447107268754,-0.00448143405889867,1042.8660347349692,0.0001908392409768478
2002-05-29 21:00:00+00:00,1058.579433550943,4.7706801787672504e-05,4.770680178789455e-05,0.0,516.848162083916,-0.02636655948553046,1042.9157865381796,4.770680178789455e-05
2002-05-30 21:00:00+00:00,1058.629934990156,4.770680178789455e-05,4.770680178833864e-05,0.0,521.2860921414397,0.00858652575957719,1042.96554071489,4.770680178833864e-05
2002-05-31 21:00:00+00:00,1058.6810074086377,4.8243882771137336e-05,4.8243882771581426e-05,0.0,512.7516112615864,-0.016371971185330625,1043.0158574221712,4.8243882771581426e-05
2002-06-03 21:00:00+00:00,1058.833428836183,0.00014397294981072228,0.00014397294981050024,0.0,494.6585117962974,-0.035286284953395475,1043.1660234918634,0.00014397294981050024
2002-06-04 21:00:00+00:00,1058.8842390872624,4.798701070019007e-05,4.7987010699968025e-05,0.0,501.14471726498584,0.013112491373360902,1043.2160819109945,4.7987010699968025e-05
2002-06-05 21:00:00+00:00,1058.934767430516,4.7718477042657526e-05,4.771847704287957e-05,0.0,506.26540579289787,0.01021798365122617,1043.26586259365,4.771847704287957e-05
2002-06-06 21:00:00+00:00,1058.9855701811969,4.797533544387278e-05,4.7975335443650735e-05,0.0,492.95161562032666,-0.02629804450438311,1043.3159136233648,4.7975335443650735e-05
2002-06-07 21:00:00+00:00,1059.0366721208297,4.825555802812076e-05,4.825555802812076e-05,0.0,483.0516177996969,-0.020083102493074656,1043.3662594149764,4.825555802812076e-05
2002-06-10 21:00:00+00:00,1059.1891447544724,0.00014397294981050024,0.00014397294981050024,0.0,482.19816971171156,-0.0017667844522968323,1043.5164759330771,0.00014397294981050024
2002-06-11 21:00:00+00:00,1059.2396876473604,4.771847704287957e-05,4.7718477042657526e-05,0.0,468.71368992154333,-0.027964601769911557,1043.5662709500775,4.7718477042657526e-05
2002-06-12 21:00:00+00:00,1059.290220585185,4.770680178789455e-05,4.770680178789455e-05,0.0,475.54127462542596,0.01456664238892924,1043.6160561593183,4.770680178789455e-05
2002-06-13 21:00:00+00:00,1059.3410403888497,4.7975335443650735e-05,4.7975335444094824e-05,0.0,472.4688615086788,-0.006460875807609456,1043.6661239896873,4.7975335444094824e-05
2002-06-14 21:00:00+00:00,1059.39187499869,4.798701070019007e-05,4.7987010699523935e-05,0.0,471.4447238030964,-0.0021676300578035157,1043.716206407146,4.7987010699523935e-05
2002-06-17 21:00:00+00:00,1059.543508215193,0.000143132319665229,0.00014313231966545104,0.0,487.48954785722054,0.034033309196234596,1043.8655959288415,0.00014313231966545104
2002-06-18 21:00:00+00:00,1059.5934866446007,4.716977549312773e-05,4.7169775493349775e-05,0.0,495.3412702666856,0.016106442577030977,1043.9148348346466,4.7169775493349775e-05
2002-06-19 21:00:00+00:00,1059.6431581982736,4.687793413138408e-05,4.6877934131162036e-05,0.0,466.6654145103785,-0.05789110957960031,1043.9637714055125,4.6877934131162036e-05
2002-06-20 21:00:00+00:00,1059.6933887379855,4.740325960050917e-05,4.740325960028713e-05,0.0,451.6447281618367,-0.03218727139722022,1044.0132586911818,4.740325960028713e-05
2002-06-21 21:00:00+00:00,1059.7436464000264,4.7426607143963295e-05,4.742660714418534e-05,0.0,440.7205926356245,-0.024187452758881345,1044.062772697855,4.742660714418534e-05
2002-06-24 21:00:00+00:00,1059.8926700528,0.000140622360209397,0.00014062236020961905,0.0,449.42576313307484,0.019752130131680756,1044.2095912691589,0.00014062236020961905
2002-06-25 21:00:00+00:00,1059.942912420187,4.740325960028713e-05,4.740325960050917e-05,0.0,434.5757664021301,-0.03304215723509296,1044.2590902074912,4.740325960050917e-05
2002-06-26 21:00:00+00:00,1059.9928973149285,4.7158100833444294e-05,4.715810083322225e-05,0.0,437.81886913647435,0.00746268656716409,1044.3083354829632,4.715810083322225e-05
2002-06-27 21:00:00+00:00,1060.043156807216,4.7414933076250776e-05,4.7414933076250776e-05,0.0,447.3774877219101,0.02183235867446398,1044.3578512928011,4.7414933076250776e-05
2002-06-28 21:00:00+00:00,1060.0934310575701,4.7426607144407384e-05,4.742660714418534e-05,0.0,445.49990192834235,-0.004196871423120974,1044.4073816423324,4.742660714418534e-05
2002-07-01 21:00:00+00:00,1060.2416253079175,0.00013979357479798615,0.00013979357479754206,0.0,424.1636997287091,-0.04789272030651337,1044.5533830837571,0.00013979357479754206
2002-07-02 21:00:00+00:00,1060.2910178396382,4.658610880925451e-05,4.6586108809476556e-05,0.0,408.80163414497315,-0.03621730382293764,1044.6020447613187,4.6586108809476556e-05
2002-07-03 21:00:00+00:00,1060.3404126723647,4.658610880903247e-05,4.658610880925451e-05,0.0,422.45680355273845,0.03340292275574108,1044.6507087058383,4.658610880925451e-05
2002-07-05 21:00:00+00:00,1060.4397887704824,9.372093804027593e-05,9.372093804094206e-05,0.0,449.5964527506719,0.06424242424242421,1044.7486143501833,9.372093804094206e-05
2002-07-08 21:00:00+00:00,1060.5897644795675,0.00014142784029158584,0.0001414278402913638,0.0,433.21024946135356,-0.036446469248291646,1044.8963708903582,0.0001414278402913638
2002-07-09 21:00:00+00:00,1060.6397674972275,4.7146426766175864e-05,4.714642676661995e-05,0.0,420.9205969943648,-0.028368794326241065,1044.945634020587,4.714642676661995e-05
2002-07-10 21:00:00+00:00,1060.689772872351,4.7146426766175864e-05,4.714642676595382e-05,0.0,407.94818605698777,-0.03081914030819144,1044.994899473396,4.714642676595382e-05
2002-07-11 21:00:00+00:00,1060.7400654069468,4.741493307647282e-05,4.741493307602873e-05,0.0,423.3102516407238,0.03765690376569064,1045.0444478366192,4.741493307602873e-05
2002-07-12 21:00:00+00:00,1060.7900878939095,4.715810083366634e-05,4.7158100833444294e-05,0.0,423.3102516407238,0.0,1045.0937301480656,4.7158100833444294e-05
2002-07-15 21:00:00+00:00,1060.9401255281489,0.00014143951376599517,0.00014143951376577313,0.0,436.45335219569785,0.031048387096774155,1045.2415476970973,0.00014143951376577313
2002-07-16 21:00:00+00:00,1060.9901450640803,4.714642676595382e-05,4.714642676661995e-05,0.0,429.9671467270094,-0.014861165428236123,1045.2908271011793,4.714642676661995e-05
2002-07-17 21:00:00+00:00,1061.0398820902142,4.687793413093999e-05,4.687793413138408e-05,0.0,437.81886913647435,0.018261214767764766,1045.3398281757202,4.687793413138408e-05
2002-07-18 21:00:00+00:00,1061.0896090618962,4.6866260657418835e-05,4.6866260657418835e-05,0.0,422.1154243175443,-0.03586744639376216,1045.388819344583,4.6866260657418835e-05
2002-07-19 21:00:00+00:00,1061.1396232588397,4.713475329176653e-05,4.713475329132244e-05,0.0,409.4843926153614,-0.029923170238576602,1045.4380934886763,4.713475329132244e-05
2002-07-22 21:00:00+00:00,1061.2897103311914,0.00014143951376599517,0.00014143951376599517,0.0,399.4137051771345,-0.02459358065860784,1045.5859597442918,0.00014143951376599517
2002-07-23 21:00:00+00:00,1061.3397463487972,4.7146426766175864e-05,4.714642676595382e-05,0.0,382.3447434174279,-0.042735042735042805,1045.6352553861705,4.714642676595382e-05
2002-07-24 21:00:00+00:00,1061.3894997635177,4.6877934131606125e-05,4.687793413093999e-05,0.0,403.16887676427,0.054464285714285854,1045.6842726067975,4.687793413093999e-05
2002-07-25 21:00:00+00:00,1061.4392431204728,4.686626065764088e-05,4.686626065764088e-05,0.0,379.7843991534719,-0.05800169348010176,1045.733279918483,4.686626065764088e-05
2002-07-26 21:00:00+00:00,1061.4887038346,4.659778168925044e-05,4.659778168925044e-05,0.0,386.9533630925487,0.018876404494382104,1045.782008769566,4.659778168925044e-05
2002-07-29 21:00:00+00:00,1061.6361762598026,0.0001389298111884596,0.00013892981118823755,0.0,406.75335873380834,0.05116894574327291,1045.9272990665884,0.00013892981118823755
2002-07-30 21:00:00+00:00,1061.685621366503,4.657443652167359e-05,4.657443652167359e-05,0.0,414.9464603784675,0.02014267729752417,1045.9760125411851,4.657443652167359e-05
2002-07-31 21:00:00+00:00,1061.734796142639,4.6317643515481066e-05,4.631764351525902e-05,0.0,407.0947379690025,-0.018922254216371837,1046.0244596852594,4.631764351525902e-05
2002-08-01 21:00:00+00:00,1061.784815963935,4.711140811974879e-05,4.7111408120636966e-05,0.0,387.9775007981311,-0.04696016771488476,1046.0737393704837,4.7111408120636966e-05
2002-08-02 21:00:00+00:00,1061.8348753240025,4.714642676639791e-05,4.7146426766175864e-05,0.0,379.7843991534719,-0.02111746590409158,1046.123058009429,4.7146426766175864e-05
2002-08-05 21:00:00+00:00,1061.9841806543923,0.00014061068614301675,0.00014061068614301675,0.0,365.9585401281096,-0.03640449438202242,1046.2701540904059,0.00014061068614301675
2002-08-06 21:00:00+00:00,1062.0330965641185,4.6060864763664e-05,4.6060864763441955e-05,0.0,384.0516395933986,0.04944029850746268,1046.3183461984795,4.6060864763441955e-05
2002-08-07 21:00:00+00:00,1062.0805522330386,4.468379476452178e-05,4.468379476407769e-05,0.0,389.17232812131056,0.013333333333333197,1046.365099672719,4.468379476407769e-05
2002-08-08 21:00:00+00:00,1062.1282330952126,4.489382850847434e-05,4.489382850891843e-05,0.0,402.3154286762846,0.03377192982456134,1046.4120750080615,4.489382850891843e-05
2002-08-09 21:00:00+00:00,1062.176213563636,4.5173894195116304e-05,4.5173894195116304e-05,0.0,398.218877853955,-0.010182435299109116,1046.4593455164224,4.5173894195116304e-05
2002-08-12 21:00:00+00:00,1062.3149192729127,0.00013058634481288856,0.0001305863448131106,0.0,399.4137051771345,0.0030004286326619223,1046.595998817349,0.0001305863448131106
2002-08-13 21:00:00+00:00,1062.361990878926,4.431040660302088e-05,4.4310406602798835e-05,0.0,385.75853576936925,-0.03418803418803407,1046.6423739116055,4.4310406602798835e-05
2002-08-14 21:00:00+00:00,1062.4091017542676,4.434540744679971e-05,4.434540744635562e-05,0.0,410.3378407033467,0.06371681415929187,1046.6887876941273,4.434540744635562e-05
2002-08-15 21:00:00+00:00,1062.4576404556192,4.5687392240312263e-05,4.56873922409784e-05,0.0,418.701631965603,0.020382695507487503,1046.7366081753248,4.56873922409784e-05
2002-08-16 21:00:00+00:00,1062.505102694727,4.4672123669320385e-05,4.467212366954243e-05,0.0,421.60335546475307,0.006930289441500204,1046.7833681225347,4.467212366954243e-05
2002-08-19 21:00:00+00:00,1062.648227481539,0.00013470503477952533,0.00013470503477952533,0.0,431.84473252057705,0.02429149797570851,1046.9243751125443,0.00013470503477952533
2002-08-20 21:00:00+00:00,1062.6953758490276,4.4368744302580865e-05,4.436874430280291e-05,0.0,429.9671467270094,-0.004347826086956386,1046.970825832448,4.436874430280291e-05
2002-08-21 21:00:00+00:00,1062.7425015084605,4.434540744591153e-05,4.4345407445467444e-05,0.0,439.52576531244506,0.022231044065105232,1047.017254180303,4.4345407445467444e-05
2002-08-22 21:00:00+00:00,1062.7907701760805,4.5418967954624634e-05,4.5418967954180545e-05,0.0,446.52403963392476,0.015922330097087434,1047.0648086234182,4.5418967954180545e-05
2002-08-23 21:00:00+00:00,1062.8379496727232,4.4392083528244086e-05,4.439208352802204e-05,0.0,429.28438825662107,-0.038608562691131554,1047.111290011862,4.439208352802204e-05
2002-08-26 21:00:00+00:00,1062.9802263437793,0.0001338648766728845,0.0001338648766728845,0.0,430.9912844325917,0.003976143141153132,1047.251461435562,0.0001338648766728845
2002-08-27 21:00:00+00:00,1063.0282328964292,4.516222546779858e-05,4.516222546757653e-05,0.0,415.9705980840499,-0.03485148514851488,1047.2987576421847,4.516222546757653e-05
2002-08-28 21:00:00+00:00,1063.0762664261651,4.518556351507108e-05,4.5185563514849036e-05,0.0,400.77922211791105,-0.03652031185884286,1047.3460804267172,4.5185563514849036e-05
2002-08-29 21:00:00+00:00,1063.12487282278,4.572239842981496e-05,4.5722398429592914e-05,0.0,406.0706002634201,0.01320272572402037,1047.3939676015002,4.5722398429592914e-05
2002-08-30 21:00:00+00:00,1063.173791638647,4.601417680794029e-05,4.601417680794029e-05,0.0,400.94991173550807,-0.012610340479193072,1047.442162572713,4.601417680794029e-05
2002-09-03 21:00:00+00:00,1063.3683470800836,0.00018299495620266448,0.00018299495620199835,0.0,386.4412942397575,-0.03618561089825445,1047.6338392053772,0.00018299495620199835
2002-09-04 21:00:00+00:00,1063.4172770992188,4.601417680860642e-05,4.601417680794029e-05,0.0,387.9775007981311,0.003975265017667873,1047.6820452140844,4.601417680794029e-05
2002-09-05 21:00:00+00:00,1063.466507257176,4.6294299535398764e-05,4.6294299535398764e-05,0.0,378.41888221269545,-0.024637043554773252,1047.7305469205035,4.6294299535398764e-05
2002-09-06 21:00:00+00:00,1063.5143248054264,4.496384975372081e-05,4.496384975283263e-05,0.0,390.0257762092959,0.03067207938655825,1047.7776569193966,4.496384975283263e-05
2002-09-09 21:00:00+00:00,1063.6567168384395,0.00013388821353110814,0.0001338882135308861,0.0,393.95163741402837,0.010065645514223176,1047.9179419980592,0.0001338882135308861
2002-09-10 21:00:00+00:00,1063.7036121011831,4.4088719604040705e-05,4.408871960381866e-05,0.0,403.6809456170611,0.02469670710571914,1047.9641433583718,4.408871960381866e-05
2002-09-11 21:00:00+00:00,1063.7519119134802,4.540720906431872e-05,4.5407209064096676e-05,0.0,400.2671532651198,-0.008456659619450302,1048.0117284853209,4.5407209064096676e-05
2002-09-12 21:00:00+00:00,1063.801132733439,4.627095792519853e-05,4.6270957925420575e-05,0.0,389.3430177389076,-0.02729211087420047,1048.060220991915,4.6270957925420575e-05
2002-09-13 21:00:00+00:00,1063.8501074989385,4.603751960075009e-05,4.603751960097213e-05,0.0,392.4154308556548,0.007891275756247262,1048.108471084882,4.603751960097213e-05
2002-09-16 21:00:00+00:00,1063.9978831590106,0.00013890646720859934,0.00013890646720882138,0.0,386.78267347495165,-0.014354066985645786,1048.254060129852,0.00013890646720882138
2002-09-17 21:00:00+00:00,1064.047152614376,4.630597122923241e-05,4.630597122901037e-05,0.0,378.58957183029247,-0.02118270079435125,1048.302600552201,4.630597122901037e-05
2002-09-18 21:00:00+00:00,1064.0964243512112,4.630597122901037e-05,4.630597122923241e-05,0.0,374.32233139036583,-0.011271415689810604,1048.3511432222617,4.630597122923241e-05
2002-09-19 21:00:00+00:00,1064.1462697300883,4.684291548806563e-05,4.6842915487843584e-05,0.0,368.3481947744685,-0.015959872321021584,1048.4002510462653,4.6842915487843584e-05
2002-09-20 21:00:00+00:00,1064.1958565856505,4.659778168925044e-05,4.659778168969453e-05,0.0,369.8844013328421,0.004170528266913998,1048.449104172287,4.659778168969453e-05
2002-09-23 21:00:00+00:00,1064.3428232149192,0.0001381011102037366,0.0001381011102037366,0.0,358.7895761890328,-0.029995385325334634,1048.5938961575653,0.0001381011102037366
2002-09-24 21:00:00+00:00,1064.3909534094128,4.522057502875931e-05,4.522057502875931e-05,0.0,358.9602658066299,0.0004757373929591413,1048.641314176521,4.522057502875931e-05
2002-09-25 21:00:00+00:00,1064.439048514443,4.518556351507108e-05,4.5185563515293126e-05,0.0,373.2981936847834,0.0399429386590584,1048.6886976252276,4.5185563515293126e-05
2002-09-26 21:00:00+00:00,1064.4871457926774,4.518556351507108e-05,4.518556351507108e-05,0.0,368.68957400966264,-0.012345679012345734,1048.7360832149818,4.518556351507108e-05
2002-09-27 21:00:00+00:00,1064.5352452442146,4.518556351507108e-05,4.5185563514849036e-05,0.0,363.7395750993477,-0.013425925925926063,1048.7834709458803,4.5185563514849036e-05
2002-09-30 21:00:00+00:00,1064.6804323939368,0.0001363854793636765,0.0001363854793636765,0.0,353.6688876611208,-0.027686532144533094,1048.9265097823138,0.0001363854793636765
2002-10-01 21:00:00+00:00,1064.7285530039649,4.5197233426996775e-05,4.5197233427440864e-05,0.0,375.17577947835116,0.06081081081081097,1048.9739183586246,4.5197233427440864e-05
2002-10-02 21:00:00+00:00,1064.7760918383551,4.4648783256606706e-05,4.464878325682875e-05,0.0,362.71543739376534,-0.033212010919017265,1049.0207537677475,4.464878325682875e-05
2002-10-03 21:00:00+00:00,1064.821893642244,4.3015432296122924e-05,4.3015432296122924e-05,0.0,354.01026689631493,-0.024000000000000132,1049.0658778489583,4.3015432296122924e-05
2002-10-04 21:00:00+00:00,1064.8681942797273,4.3482048744269974e-05,4.3482048744269974e-05,0.0,347.3533718100294,-0.018804243008678778,1049.1114933825947,4.3482048744269974e-05
2002-10-07 21:00:00+00:00,1065.0062949686833,0.0001296880587642324,0.00012968805876401035,0.0,344.1102690756851,-0.009336609336609403,1049.2475506155986,0.00012968805876401035
2002-10-08 21:00:00+00:00,1065.0520445480233,4.2957097583506965e-05,4.295709758328492e-05,0.0,344.79302754607335,0.001984126984126977,1049.2926232450195,4.295709758328492e-05
2002-10-09 21:00:00+00:00,1065.0989267754385,4.401871970016735e-05,4.40187197003894e-05,0.0,342.40337289971444,-0.006930693069306826,1049.3388117628858,4.40187197003894e-05
2002-10-10 21:00:00+00:00,1065.1464324344415,4.460210954015942e-05,4.460210954015942e-05,0.0,359.81371389461515,0.05084745762711851,1049.3856144875128,4.460210954015942e-05
2002-10-11 21:00:00+00:00,1065.193393376838,4.4088719603596616e-05,4.408871960381866e-05,0.0,379.2723303006807,0.054079696394687016,1049.4318805556263,4.408871960381866e-05
2002-10-14 21:00:00+00:00,1065.3306788622558,0.00012888315518244653,0.00012888315518200244,0.0,383.71026035820444,0.011701170117011772,1049.567134647541,0.00012888315518200244
2002-10-15 21:00:00+00:00,1065.3764299489267,4.294543241711857e-05,4.294543241711857e-05,0.0,402.14473905868755,0.04804270462633453,1049.6122087619892,4.294543241711857e-05
2002-10-16 21:00:00+00:00,1065.422468842315,4.321373375093529e-05,4.3213733751157335e-05,0.0,388.83094888611646,-0.03310696095076382,1049.6575664245206,4.3213733751157335e-05
2002-10-17 21:00:00+00:00,1065.4685221535472,4.3225398918211866e-05,4.3225398918211866e-05,0.0,401.97404944109053,0.03380158033362601,1049.7029382915568,4.3225398918211866e-05
2002-10-18 21:00:00+00:00,1065.5174369222013,4.5909163562507516e-05,4.590916356272956e-05,0.0,406.4119794986142,0.01104033970275986,1049.7511292754432,4.590916356272956e-05
2002-10-21 21:00:00+00:00,1097.7615898364386,0.030261497181478303,0.00013642049088047337,1.0,414.60508114327337,0.020159596808063895,1049.8943368398013,0.00013642049088047337
2002-10-22 21:00:00+00:00,1090.9824939749537,-0.006175380815150344,4.5734068343294965e-05,1.0,412.0447368793174,-0.006175380815150233,1049.9423527791555,4.5734068343294965e-05
2002-10-23 21:00:00+00:00,1111.771721283507,0.0190555095277547,4.5745738850522244e-05,1.0,419.89645928878247,0.01905550952775492,1049.990383167834,4.5745738850522244e-05
2002-10-24 21:00:00+00:00,1083.7514583893699,-0.025203252032520385,4.681957268903858e-05,1.0,409.3137029977644,-0.025203252032520274,1050.0395432689015,4.681957268903858e-05
2002-10-25 21:00:00+00:00,1116.291118524497,0.030025020850709128,4.632931639392268e-05,1.0,421.60335546475307,0.030025020850708684,1050.0881908831277,4.632931639392268e-05
2002-10-28 22:00:00+00:00,1106.800384318418,-0.008502024291498156,0.00014000718621676178,1.0,418.0188734952147,-0.008502024291497934,1050.2352107760128,0.00014000718621676178
2002-10-29 22:00:00+00:00,1081.0398200447762,-0.023274806043282692,4.522057502875931e-05,1.0,408.289565292182,-0.023274806043282803,1050.2827030161595,4.522057502875931e-05
2002-10-30 22:00:00+00:00,1109.963962387111,0.026755852842809125,4.4917166554192534e-05,1.0,419.21370081839416,0.026755852842809347,1050.3298787392598,4.4917166554192534e-05
2002-10-31 22:00:00+00:00,1109.5120226630122,-0.0004071661237783353,4.356371735614317e-05,1.0,419.04301120079714,-0.0004071661237784463,1050.375635013228,4.356371735614317e-05
2002-11-01 22:00:00+00:00,1141.1478033499413,0.02851323828920571,4.1359242046512534e-05,1.0,430.9912844325917,0.02851323828920571,1050.4190777533563,4.1359242046512534e-05
2002-11-04 22:00:00+00:00,1170.5238854163754,0.025742574257425765,0.00012379797667527725,1.0,442.086109576401,0.025742574257425765,1050.5491175098432,0.00012379797667527725
2002-11-05 22:00:00+00:00,1179.562679898355,0.007722007722007707,3.9656902731888266e-05,1.0,445.49990192834235,0.007722007722007929,1050.5907790340113,3.9656902731888266e-05
2002-11-06 22:00:00+00:00,1196.2844496900175,0.014176245210727911,3.9318821659639624e-05,1.0,451.81541777943374,0.014176245210727911,1050.6320870254895,3.9318821659639624e-05
2002-11-07 22:00:00+00:00,1154.2540553488118,-0.035134114091424196,3.930716419975333e-05,1.0,435.9412833429066,-0.035134114091424196,1050.6733843934478,3.930716419975333e-05
2002-11-08 22:00:00+00:00,1133.0128883161594,-0.018402505873140185,3.90390539599661e-05,1.0,427.91887131584457,-0.018402505873140074,1050.7144016883954,3.90390539599661e-05
2002-11-11 22:00:00+00:00,1098.6654692846364,-0.03031511767052253,0.00010136506320956862,1.0,414.9464603784675,-0.03031511767052264,1050.8209074201377,0.00010136506320956862
2002-11-12 22:00:00+00:00,1126.6857321787736,0.025503907856849084,3.371452533973418e-05,1.0,425.5292166694856,0.025503907856849084,1050.8563353482484,3.371452533973418e-05
2002-11-13 22:00:00+00:00,1140.2439239017433,0.012033694344163681,3.344668773919146e-05,1.0,430.64990519739763,0.012033694344163681,1050.8914830119556,3.344668773919146e-05
2002-11-14 22:00:00+00:00,1179.562679898355,0.034482758620689724,3.343504271113851e-05,1.0,445.49990192834235,0.0344827586206895,1050.926619613575,3.343504271113851e-05
2002-11-15 22:00:00+00:00,1194.9286305177206,0.013026819923371624,3.343504271180464e-05,1.0,451.3033489266426,0.013026819923371624,1050.9617573899886,3.343504271180464e-05
2002-11-18 22:00:00+00:00,1177.3029812778602,-0.014750378214825943,9.947848279545646e-05,1.0,444.646453840357,-0.014750378214826054,1051.06630547109,9.947848279545646e-05
2002-11-19 22:00:00+00:00,1159.2253923139006,-0.015355086372361049,3.342339827394625e-05,1.0,437.81886913647435,-0.015355086372360938,1051.10143567883,3.342339827394625e-05
2002-11-20 22:00:00+00:00,1208.4868222406901,0.04249512670565303,3.3435042710472374e-05,1.0,456.42403745455454,0.04249512670565303,1051.136579300225,3.3435042710472374e-05
2002-11-21 22:00:00+00:00,1253.22885492649,0.03702318623784606,3.370288031079305e-05,1.0,473.3223095966641,0.03702318623784606,1051.1720056305476,3.370288031079305e-05
2002-11-22 22:00:00+00:00,1252.776915202391,-0.00036062026685901305,3.317886376241752e-05,1.0,473.15161997906705,-0.00036062026685901305,1051.2068823233133,3.317886376241752e-05
2002-11-25 22:00:00+00:00,1264.9792877530635,0.009740259740259827,0.00010029360111674102,1.0,477.7602396541878,0.009740259740259605,1051.3123116470601,0.00010029360111674102
2002-11-26 22:00:00+00:00,1222.4969536877588,-0.033583422650946715,3.3435042711582597e-05,1.0,461.71541560006364,-0.033583422650946604,1051.3474623191032,3.3435042711582597e-05
2002-11-27 22:00:00+00:00,1261.3637699602716,0.031792975970425186,3.370288031079305e-05,1.0,476.3947227134113,0.031792975970424964,1051.3828957567907,3.370288031079305e-05
2002-11-29 22:00:00+00:00,1252.776915202391,-0.006807595843783543,6.797644588463214e-05,1.0,473.15161997906705,-0.006807595843783543,1051.454365029308,6.797644588463214e-05
2002-12-02 22:00:00+00:00,1265.4312274771626,0.010101010101010166,0.0001003285362000117,1.0,477.93092927178486,0.010101010101009944,1051.5598559066325,0.0001003285362000117
2002-12-03 22:00:00+00:00,1227.9202303769468,-0.02964285714285697,3.370288031079305e-05,1.0,463.76369101122845,-0.02964285714285697,1051.5952965025958,3.370288031079305e-05
2002-12-04 22:00:00+00:00,1200.8038469310075,-0.022083179977916978,3.344668773919146e-05,1.0,453.52231395540446,-0.022083179977916867,1051.630468882106,3.344668773919146e-05
2002-12-05 22:00:00+00:00,1184.0820771393448,-0.013925479864508983,3.39707315288873e-05,1.0,447.206798104313,-0.013925479864508872,1051.666193538432,3.39707315288873e-05
2002-12-06 22:00:00+00:00,1196.2844496900175,0.010305343511450404,3.372617095886987e-05,1.0,451.81541777943374,0.010305343511450182,1051.701662212267,3.372617095886987e-05
2002-12-09 22:00:00+00:00,1139.7919841776443,-0.047223271628258345,0.00010031689058220827,1.0,430.4792155798005,-0.047223271628258345,1051.8071656528402,0.00010031689058220827
2002-12-10 22:00:00+00:00,1156.965693693406,0.015067406819984308,3.343504271180464e-05,1.0,436.9654210484891,0.015067406819984308,1051.8423328703484,3.343504271180464e-05
2002-12-11 22:00:00+00:00,1162.3889703825935,0.0046874999999997335,3.3167218735696835e-05,1.0,439.01369645965383,0.004687499999999956,1051.8772195550782,3.3167218735696835e-05
2002-12-12 22:00:00+00:00,1168.7161265199793,0.005443234836703059,3.3691235872490566e-05,1.0,441.40335110601274,0.005443234836702837,1051.9126585985912,3.3691235872490566e-05
2002-12-13 22:00:00+00:00,1131.6570691438624,-0.031709203402938924,3.3178863762639565e-05,1.0,427.40680246305334,-0.03170920340293881,1051.947559865381,3.3178863762639565e-05
2002-12-16 22:00:00+00:00,1168.2641867958805,0.03234824281150184,9.946683835937442e-05,1.0,441.2326614884157,0.032348242811501615,1052.0521937632807,9.946683835937442e-05
2002-12-17 22:00:00+00:00,1171.8797045886722,0.003094777562862472,3.315557429983684e-05,1.0,442.5981784291922,0.003094777562862694,1052.0870751579582,3.315557429983684e-05
2002-12-18 22:00:00+00:00,1133.9267024035921,-0.0323864318466045,3.315557429983684e-05,0.0,433.21024946135356,-0.02121095256459704,1052.1219577091485,3.315557429983684e-05
2002-12-19 22:00:00+00:00,1133.9649057955846,3.369123587226852e-05,3.3691235872490566e-05,0.0,427.74818169824744,-0.012608353033884967,1052.1574049981923,3.3691235872490566e-05
2002-12-20 22:00:00+00:00,1134.002833165696,3.344668773919146e-05,3.344668773919146e-05,0.0,432.1861117557712,0.010375099760574713,1052.1925961783697,3.344668773919146e-05
2002-12-23 22:00:00+00:00,1134.1156420470252,9.947848279545646e-05,9.947848279545646e-05,0.0,438.16024837166856,0.013823064770932092,1052.2972667014462,9.947848279545646e-05
2002-12-24 22:00:00+00:00,1134.1532442878488,3.3155561416808865e-05,3.315556141658682e-05,0.0,432.69818060856244,-0.01246591351772497,1052.332156208101,3.315556141658682e-05
2002-12-26 22:00:00+00:00,1134.2284513576406,6.63112063299387e-05,6.631120632927257e-05,0.0,431.50335328538296,-0.002761341222879743,1052.4019376228382,6.631120632927257e-05
2002-12-27 22:00:00+00:00,1134.2654498525237,3.2619967202274225e-05,3.261996720249627e-05,0.0,423.6516308759179,-0.018196202531645667,1052.4362669395273,3.261996720249627e-05
2002-12-30 22:00:00+00:00,1134.3763698431771,9.77901519154667e-05,9.77901519154667e-05,0.0,420.40852814157364,-0.00765511684125697,1052.5391848419526,9.77901519154667e-05
2002-12-31 22:00:00+00:00,1134.4130429799777,3.232889698301378e-05,3.232889698323582e-05,0.0,415.9705980840499,-0.01055623223710922,1052.5732122728302,3.232889698323582e-05
2003-01-02 22:00:00+00:00,1134.485123842555,6.354022727728115e-05,6.35402272770591e-05,0.0,433.5516286965477,0.04226508001641349,1052.6400930139637,6.35402272770591e-05
2003-01-03 22:00:00+00:00,1134.5229761485273,3.336518494334584e-05,3.3365184943123793e-05,0.0,438.3309379892656,0.011023622047244164,1052.6752145453456,3.3365184943123793e-05
2003-01-06 22:00:00+00:00,1134.6367747542367,0.00010030524555415532,0.00010030524555415532,0.0,449.2550735154778,0.024922118380062308,1052.7808033912293,0.00010030524555415532
2003-01-07 22:00:00+00:00,1139.770642285053,0.004524679302703172,3.343504271136055e-05,1.0,454.88783089618096,0.012537993920972657,1052.8160031623563,3.343504271136055e-05
2003-01-08 22:00:00+00:00,1107.6945454102392,-0.02814258911819889,3.343504271180464e-05,1.0,442.086109576401,-0.02814258911819889,1052.8512041103897,3.343504271180464e-05
2003-01-09 22:00:00+00:00,1141.9090487433741,0.03088803088803105,3.316721873547479e-05,1.0,455.7412789841663,0.030888030888030826,1052.8861242565724,3.316721873547479e-05
2003-01-10 22:00:00+00:00,1159.0163004099416,0.014981273408239737,3.2619967202274225e-05,1.0,462.56886368804896,0.014981273408239737,1052.9204693674135,3.2619967202274225e-05
2003-01-13 22:00:00+00:00,1152.1733997433146,-0.005904059040590437,9.77901519154667e-05,1.0,459.8378298064959,-0.005904059040590437,1053.0234346200677,9.77901519154667e-05
2003-01-14 22:00:00+00:00,1158.160937826613,0.0051967334818112665,3.28644768408104e-05,1.0,462.2274844528548,0.0051967334818114885,1053.0580416843477,3.28644768408104e-05
2003-01-15 22:00:00+00:00,1143.6197739100307,-0.012555391432791718,3.2876120094949e-05,1.0,456.42403745455454,-0.01255539143279183,1053.092662146993,3.2876120094949e-05
2003-01-16 22:00:00+00:00,1130.7893351601053,-0.011219147344801672,3.314393045350528e-05,1.0,451.3033489266426,-0.011219147344801672,1053.1275657769484,3.314393045350528e-05
2003-01-17 22:00:00+00:00,1098.2851134113687,-0.028744719054265233,3.2619967201830136e-05,0.0,432.01542213817413,-0.04273827534039343,1053.1619187636034,3.2619967201830136e-05
2003-01-21 22:00:00+00:00,1098.4295302239302,0.0001314930074149956,0.0001314930074149956,0.0,427.2361128454563,-0.011062821019359848,1053.3004021915965,0.0001314930074149956
2003-01-22 22:00:00+00:00,1098.4650540283478,3.234054023515398e-05,3.2340540235376025e-05,0.0,425.5292166694856,-0.00399520575309642,1053.3344664956335,3.2340540235376025e-05
2003-01-23 22:00:00+00:00,1098.500553402861,3.2317254320402e-05,3.231725432084609e-05,0.0,435.4292144901155,0.023265142398716465,1053.368507373472,3.231725432084609e-05
2003-01-24 22:00:00+00:00,1098.536348084524,3.25850374423009e-05,3.25850374423009e-05,0.0,423.6516308759179,-0.027048216385731294,1053.4028314257255,3.25850374423009e-05
2003-01-27 22:00:00+00:00,1098.6419579863948,9.613692078103142e-05,9.613692078080938e-05,0.0,418.701631965603,-0.011684125705076487,1053.5041023302806,9.613692078080938e-05
2003-01-28 22:00:00+00:00,1098.6771561046796,3.203784274674604e-05,3.203784274652399e-05,0.0,422.9688724055296,0.01019160211985315,1053.537854329044,3.203784274652399e-05
2003-01-29 22:00:00+00:00,1098.7120611733594,3.1770086859284064e-05,3.177008685950611e-05,0.0,429.28438825662107,0.014931396287328536,1053.5713253181857,3.177008685950611e-05
2003-01-30 22:00:00+00:00,1098.7472487469645,3.202620126652178e-05,3.202620126652178e-05,0.0,418.18956311281175,-0.025844930417495138,1053.605067205499,3.202620126652178e-05
2003-01-31 22:00:00+00:00,1098.782744449542,3.230561224887296e-05,3.230561224931705e-05,0.0,417.1654254072294,-0.002448979591836653,1053.639104562264,3.230561224931705e-05
2003-02-03 22:00:00+00:00,1098.8892734942638,9.695187266078875e-05,9.695187266056671e-05,0.0,418.0188734952147,0.0020458265139113863,1053.7412568465597,9.695187266056671e-05
2003-02-04 22:00:00+00:00,1098.9247865783857,3.231725432084609e-05,3.2317254321068134e-05,0.0,412.89818496730277,-0.012249897917517183,1053.775310870746,3.2317254321068134e-05
2003-02-05 22:00:00+00:00,1098.960300810193,3.231725432084609e-05,3.231725432084609e-05,0.0,411.020599173735,-0.004547333608929449,1053.8093659954643,3.231725432084609e-05
2003-02-06 22:00:00+00:00,1098.9958161897232,3.2317254321068134e-05,3.2317254321068134e-05,0.0,413.23956420249687,0.00539867109634562,1053.843422220751,3.2317254321068134e-05
2003-02-07 22:00:00+00:00,1099.0307441768475,3.1781728929036746e-05,3.1781728929036746e-05,0.0,406.4119794986142,-0.01652209830648499,1053.8769151867298,3.1781728929036746e-05
2003-02-10 22:00:00+00:00,1099.1372716762662,9.692858910748114e-05,9.692858910770319e-05,0.0,409.9964614681526,0.008819823603527954,1053.979065989212,9.692858910770319e-05
2003-02-11 22:00:00+00:00,1099.1724984595674,3.204948481760894e-05,3.2049484817830987e-05,0.0,412.21542649691446,0.005412156536219959,1054.0128454752855,3.2049484817830987e-05
2003-02-12 22:00:00+00:00,1099.2077135752245,3.203784274674604e-05,3.203784274674604e-05,0.0,406.5826691162113,-0.013664596273291862,1054.0466137730818,3.203784274674604e-05
2003-02-13 22:00:00+00:00,1099.2429298190982,3.203784274696808e-05,3.203784274696808e-05,0.0,408.63094452737613,0.005037783375314797,1054.080383152742,3.203784274696808e-05
2003-02-14 22:00:00+00:00,1099.2784415349563,3.230561224887296e-05,3.2305612249095006e-05,0.0,418.0188734952147,0.022974101921470202,1054.1144358648794,3.2305612249095006e-05
2003-02-18 22:00:00+00:00,1099.4205443596975,0.00012926918183064906,0.00012926918183020497,0.0,430.9912844325917,0.03103307472437744,1054.250700375559,0.00012926918183020497
2003-02-19 22:00:00+00:00,1099.4557802217423,3.2049484817830987e-05,3.2049484817830987e-05,0.0,428.0895609334416,-0.006732673267326739,1054.2844885673749,3.2049484817830987e-05
2003-02-20 22:00:00+00:00,1099.4912988138635,3.230561224931705e-05,3.2305612249095006e-05,0.0,426.38266475747093,-0.003987240829346095,1054.3185478732628,3.2305612249095006e-05
2003-02-21 22:00:00+00:00,1099.5271257790027,3.25850374423009e-05,3.25850374423009e-05,0.0,429.6257674918152,0.0076060848678944915,1054.3529028826213,3.25850374423009e-05
2003-02-24 22:00:00+00:00,1099.633739794311,9.69635153227344e-05,9.69635153227344e-05,0.0,422.2861139351413,-0.017083829956297314,1054.4551366464755,9.69635153227344e-05
2003-02-25 22:00:00+00:00,1099.6695714008947,3.258503744207886e-05,3.25850374423009e-05,0.0,422.79818278793255,0.0012126111560226693,1054.4894961065843,3.25850374423009e-05
2003-02-26 22:00:00+00:00,1099.7054169781352,3.259668010535677e-05,3.259668010513472e-05,0.0,413.4102538200939,-0.02220427937020597,1054.5238689633632,3.259668010513472e-05
2003-02-27 22:00:00+00:00,1099.7418527338436,3.3132287198034405e-05,3.3132287198478494e-05,0.0,422.79818278793255,0.022708505367464937,1054.5588077510472,3.3132287198478494e-05
2003-02-28 22:00:00+00:00,1099.7780207842914,3.28877639399483e-05,3.28877639399483e-05,0.0,429.45507787421815,0.01574485264432779,1054.5934898321773,3.28877639399483e-05
2003-03-03 22:00:00+00:00,1099.8873994212706,9.945519451393103e-05,9.94551945132649e-05,0.0,420.74990737676774,-0.020270270270270396,1054.698374632841,9.94551945132649e-05
2003-03-04 22:00:00+00:00,1099.9238668196635,3.315557429983684e-05,3.31555742996148e-05,0.0,418.18956311281175,-0.006085192697768749,1054.7333437631648,3.31555742996148e-05
2003-03-05 22:00:00+00:00,1099.9600408561473,3.28877639399483e-05,3.28877639399483e-05,0.0,419.04301120079714,0.0020408163265306367,1054.768031584394,3.28877639399483e-05
2003-03-06 22:00:00+00:00,1099.9962032745502,3.2876120094949e-05,3.287612009472696e-05,0.0,418.0188734952147,-0.0024439918533606386,1054.8027082648725,3.287612009472696e-05
2003-03-07 22:00:00+00:00,1100.0320723064397,3.260832335838515e-05,3.2608323358607194e-05,0.0,418.8723215832,0.0020416496529196415,1054.8371036126632,3.2608323358607194e-05
2003-03-10 22:00:00+00:00,1100.1387352831382,9.69635153227344e-05,9.69635153227344e-05,0.0,409.82577185055555,-0.021597392013039785,1054.9393843263224,9.69635153227344e-05
2003-03-11 22:00:00+00:00,1100.1742887464345,3.231725432084609e-05,3.2317254321068134e-05,0.0,406.24128988101717,-0.008746355685131157,1054.973477070699,3.2317254321068134e-05
2003-03-12 22:00:00+00:00,1100.2080760246392,3.071084150052528e-05,3.071084150074732e-05,0.0,413.580943437691,0.01806722689075624,1055.0058761939406,3.071084150074732e-05
2003-03-13 22:00:00+00:00,1100.2406095386607,2.9570328313743843e-05,2.95703283135218e-05,0.0,437.3068002836832,0.057366900536524934,1055.0370730640723,2.95703283135218e-05
2003-03-14 22:00:00+00:00,1106.28220167615,0.0054911553755705445,3.0059085370348626e-05,1.0,439.01369645965383,0.0039032006245121043,1055.0687865135203,3.0059085370348626e-05
2003-03-17 22:00:00+00:00,1144.133225683732,0.034214618973561484,9.024717345029742e-05,1.0,454.0343828081957,0.034214618973561484,1055.1640034892987,9.024717345029742e-05
2003-03-18 22:00:00+00:00,1158.3273596865754,0.012406015037593976,3.06177215008141e-05,1.0,459.6671401888988,0.012406015037593976,1055.1963102068953,3.06177215008141e-05
2003-03-19 22:00:00+00:00,1148.4344784118664,-0.008540660972892744,3.0908699395260086e-05,1.0,455.7412789841663,-0.008540660972892744,1055.2289249524504,3.0908699395260086e-05
2003-03-20 22:00:00+00:00,1152.7357311400008,0.0037453183520599342,3.145578221230849e-05,1.0,457.448175160137,0.0037453183520599342,1055.2621180036979,3.145578221230849e-05
2003-03-21 22:00:00+00:00,1168.6503662340979,0.013805970149253888,3.1211333559877374e-05,1.0,463.76369101122845,0.013805970149253666,1055.295054141656,3.1211333559877374e-05
2003-03-24 22:00:00+00:00,1120.0462104061799,-0.04158998895841004,9.525216088723809e-05,1.0,444.47576422275995,-0.04158998895841004,1055.3955732759366,9.525216088723809e-05
2003-03-25 22:00:00+00:00,1135.9608455002767,0.014208909370199585,3.2026201266299736e-05,1.0,450.7912800738514,0.014208909370199807,1055.429373586982,3.2026201266299736e-05
2003-03-26 22:00:00+00:00,1142.4127245924783,0.005679666792881566,3.2305612249095006e-05,1.0,453.3516243378074,0.005679666792881566,1055.4634698790812,3.2305612249095006e-05
2003-03-27 22:00:00+00:00,1134.2403444090232,-0.007153614457831137,3.20494848173869e-05,1.0,450.10852160346315,-0.007153614457831248,1055.4972969395344,3.20494848173869e-05
2003-03-28 22:00:00+00:00,1121.7667114974336,-0.010997345468335307,3.2305612249095006e-05,1.0,445.1585226931482,-0.010997345468335307,1055.5313954259393,3.2305612249095006e-05
2003-03-31 22:00:00+00:00,1086.0663138539185,-0.031825153374233306,9.69518726610108e-05,1.0,430.9912844325917,-0.031825153374233084,1055.6337311713783,9.69518726610108e-05
2003-04-01 22:00:00+00:00,1094.6688193101872,0.007920792079207928,3.1781728929036746e-05,1.0,434.40507678453304,0.007920792079207928,1055.6672810364707,3.1781728929036746e-05
2003-04-02 22:00:00+00:00,1124.7775884071275,0.027504911591355485,3.122297444702049e-05,1.0,446.3533500163276,0.027504911591355485,1055.700242109011,3.122297444702049e-05
2003-04-03 22:00:00+00:00,1138.9717224099709,0.0126195028680689,3.1199693262706774e-05,1.0,451.9861073970309,0.0126195028680689,1055.7331796327421,3.1199693262706774e-05
2003-04-04 22:00:00+00:00,1120.4763356789933,-0.016238670694863955,3.066427677977934e-05,1.0,444.646453840357,-0.016238670694864066,1055.765552927168,3.066427677977934e-05
2003-04-07 21:00:00+00:00,1122.196836770247,0.0015355086372361715,9.146112730507028e-05,1.0,445.3292123107453,0.0015355086372359494,1055.8621144348087,9.146112730507028e-05
2003-04-08 21:00:00+00:00,1120.9064609518066,-0.001149865848984466,3.0384949252448834e-05,1.0,444.81714345795405,-0.001149865848984355,1055.8941967515734,3.0384949252448834e-05
2003-04-09 21:00:00+00:00,1095.0989445830007,-0.023023791250959214,3.036167161485359e-05,1.0,434.5757664021301,-0.023023791250959214,1055.9262554644351,3.036167161485359e-05
2003-04-10 21:00:00+00:00,1108.4328280402171,0.012175962293794251,3.196800271720868e-05,1.0,439.86714454763916,0.012175962293794251,1055.960011317839,3.196800271720868e-05
2003-04-11 21:00:00+00:00,1097.249570947068,-0.010089251067132321,3.150234458537682e-05,1.0,435.4292144901155,-0.01008925106713221,1055.9932765339838,3.150234458537682e-05
2003-04-14 21:00:00+00:00,1119.6160851333664,0.020384163073304595,9.278439595306054e-05,1.0,444.30507460516293,0.020384163073304595,1056.0912562322776,9.278439595306054e-05
2003-04-15 21:00:00+00:00,1130.3692169537023,0.009604302727622027,3.118805355595278e-05,1.0,448.57231504508957,0.009604302727622027,1056.124193662937,3.118805355595278e-05
2003-04-16 21:00:00+00:00,1127.7884653168214,-0.0022831050228313554,3.2002920076434904e-05,1.0,447.5481773395071,-0.0022831050228312444,1056.1579927210976,3.2002920076434904e-05
2003-04-17 21:00:00+00:00,1153.5959816856275,0.022883295194508158,3.284119210267278e-05,1.0,457.7895543953311,0.022883295194508158,1056.1926782086273,3.284119210267278e-05
2003-04-21 21:00:00+00:00,1157.897234413762,0.0037285607755406236,0.000128465870380845,1.0,459.4964505713018,0.0037285607755408456,1056.3283629203231,0.000128465870380845
2003-04-22 21:00:00+00:00,1179.8336233272469,0.01894502228826145,3.2305612249539095e-05,1.0,468.2016210687521,0.01894502228826145,1056.3624882548238,3.2305612249539095e-05
2003-04-23 21:00:00+00:00,1188.4361287835156,0.007291286912139983,3.231725432151222e-05,1.0,471.6154134206934,0.007291286912139983,1056.3966269900125,3.231725432151222e-05
2003-04-24 21:00:00+00:00,1181.984249691314,-0.005428881650380135,3.231725432084609e-05,1.0,469.0550691567375,-0.005428881650379913,1056.4307668284705,3.231725432084609e-05
2003-04-25 21:00:00+00:00,1159.1876102322021,-0.019286754002911244,3.231725432084609e-05,1.0,460.0085194240929,-0.019286754002911355,1056.4649077702345,3.231725432084609e-05
2003-04-28 21:00:00+00:00,1181.984249691314,0.019666048237476863,9.612527811997396e-05,1.0,469.0550691567375,0.019666048237476863,1056.5664607533179,9.612527811997396e-05
2003-04-29 21:00:00+00:00,1192.73738151165,0.00909752547307141,3.150234458559886e-05,1.0,473.3223095966641,0.009097525473071189,1056.5997450740422,3.150234458559886e-05
2003-04-30 21:00:00+00:00,1180.6938738728738,-0.010097367472052032,3.121133356009942e-05,1.0,468.54300030394626,-0.010097367472051921,1056.6327229611252,3.121133356009942e-05
2003-05-01 21:00:00+00:00,1191.0168804203963,0.008743169398907069,3.1199693262706774e-05,1.0,472.6395511262759,0.008743169398907069,1056.665689577973,3.1199693262706774e-05
2003-05-02 21:00:00+00:00,1216.394271516389,0.0213073311664862,3.1467421920838845e-05,1.0,482.71023856450273,0.021307331166485977,1056.6989401230562,3.1467421920838845e-05
2003-05-05 21:00:00+00:00,1215.1038956979485,-0.0010608203677512362,9.27843959528385e-05,1.0,482.19816971171156,-0.0010608203677510142,1056.7969852959195,9.27843959528385e-05
2003-05-06 21:00:00+00:00,1230.588405519232,0.012743362831858507,3.0117275033658686e-05,1.0,488.3429959452059,0.012743362831858285,1056.8288131413804,3.0117275033658686e-05
2003-05-07 21:00:00+00:00,1216.8243967892022,-0.011184900384480945,3.06177215008141e-05,1.0,482.8809281820998,-0.011184900384480945,1056.861170831655,3.06177215008141e-05
2003-05-08 21:00:00+00:00,1194.4578826029037,-0.018381053375751133,3.0908699395260086e-05,1.0,474.0050680670524,-0.018381053375751133,1056.893837035887,3.0908699395260086e-05
2003-05-09 21:00:00+00:00,1221.9859000629635,0.023046453006841938,3.0117275033658686e-05,1.0,484.9292035932646,0.023046453006841938,1056.9256677982582,3.0117275033658686e-05
2003-05-12 21:00:00+00:00,1240.481286793941,0.015135515663498689,9.107347373249475e-05,1.0,492.2688571499384,0.015135515663498689,1057.0219256903017,9.107347373249475e-05
2003-05-13 21:00:00+00:00,1232.7390318832993,-0.006241331484049928,2.9826336794158692e-05,1.0,489.19644403319126,-0.006241331484049817,1057.0534527822563,2.9826336794158692e-05
2003-05-14 21:00:00+00:00,1230.1582802464188,-0.0020935101186321248,3.03383963375925e-05,1.0,488.17230632760885,-0.002093510118632236,1057.0855220888568,3.03383963375925e-05
2003-05-15 21:00:00+00:00,1243.9222889764485,0.011188811188810988,3.009399739828389e-05,1.0,493.63437409071497,0.01118881118881121,1057.1173340178084,3.009399739828389e-05
2003-05-16 21:00:00+00:00,1234.459532974553,-0.007607192254495132,2.9814698862429267e-05,1.0,489.8792025035795,-0.007607192254495132,1057.1488516527843,2.9814698862429267e-05
2003-05-19 21:00:00+00:00,1191.0168804203963,-0.03519163763066191,8.693075519650151e-05,1.0,472.6395511262759,-0.03519163763066191,1057.2407504008136,8.693075519650151e-05
2003-05-20 21:00:00+00:00,1194.4578826029037,0.002889129649692901,2.8965252865553737e-05,1.0,474.0050680670524,0.002889129649692901,1057.2713736464887,2.8965252865553737e-05
2003-05-21 21:00:00+00:00,1191.0168804203963,-0.0028808066258552145,2.8697646684117117e-05,1.0,472.6395511262759,-0.0028808066258552145,1057.3017148468189,2.8697646684117117e-05
2003-05-22 21:00:00+00:00,1208.2218913329336,0.01444564824846517,2.8686011706025027e-05,1.0,479.4671358301585,0.01444564824846517,1057.3320446161877,2.8686011706025027e-05
2003-05-23 21:00:00+00:00,1208.6520166057471,0.0003559985760057671,2.8418419128595218e-05,1.0,479.6378254477556,0.0003559985760057671,1057.3620923213896,2.8418419128595218e-05
2003-05-27 21:00:00+00:00,1251.6645438870903,0.03558718861209953,0.00011583787427804637,1.0,496.7067872074622,0.03558718861209975,1057.4845748985063,0.00011583787427804637
2003-05-28 21:00:00+00:00,1255.5356713424112,0.003092783505154628,2.9500506038893093e-05,1.0,498.24299376583576,0.003092783505154628,1057.515771228594,2.9500506038893093e-05
2003-05-29 21:00:00+00:00,1260.6971746161723,0.004110996916752319,2.9523777770990023e-05,1.0,500.2912691770005,0.004110996916752319,1057.5469930892132,2.9523777770990023e-05
2003-05-30 21:00:00+00:00,1281.343187711217,0.016376663254861867,2.979142476911001e-05,1.0,508.4843708216597,0.016376663254861867,1057.5784989208976,2.979142476911001e-05
2003-06-02 21:00:00+00:00,1272.310556982135,-0.007049345417925457,9.188817869199006e-05,1.0,504.8998888521213,-0.007049345417925457,1057.6756778829872,9.188817869199006e-05
2003-06-03 21:00:00+00:00,1284.3540646209112,0.009465855307640325,3.0105635921096052e-05,1.0,509.6791981448392,0.009465855307640325,1057.7075198818682,3.0105635921096052e-05
2003-06-04 21:00:00+00:00,1308.4410798984636,0.018754186202277312,3.0350033681125765e-05,1.0,519.2378167302749,0.018754186202277312,1057.7396213407214,3.0350033681125765e-05
2003-06-05 21:00:00+00:00,1317.9038359003591,0.007232084155160967,3.1164775912140286e-05,1.0,522.9929883174103,0.007232084155161189,1057.772585558994,3.1164775912140286e-05
2003-06-06 21:00:00+00:00,1295.967446986874,-0.01664490861618806,2.959360712417869e-05,1.0,514.28781781996,-0.016644908616187948,1057.8038888653177,2.959360712417869e-05
2003-06-09 21:00:00+00:00,1278.7624360743366,-0.013275804845668815,8.609302825490772e-05,1.0,507.46023311607735,-0.013275804845668704,1057.89495840541,8.609302825490772e-05
2003-06-10 21:00:00+00:00,1298.1180733509411,0.015136226034308864,2.8418419128373174e-05,1.0,515.1412659079452,0.015136226034308642,1057.9250221077318,2.8418419128373174e-05
2003-06-11 21:00:00+00:00,1312.7423326265978,0.011265738899933764,2.8674377317683408e-05,1.0,520.9447129062455,0.011265738899933764,1057.9553574489896,2.8674377317683408e-05
2003-06-12 21:00:00+00:00,1318.3339611731724,0.004259501965923951,2.8150840152507683e-05,1.0,523.1636779350074,0.004259501965923951,1057.9851397811456,2.8150840152507683e-05
2003-06-13 21:00:00+00:00,1288.6553173490456,-0.022512234910277207,2.6522383697713536e-05,1.0,511.38609432080983,-0.022512234910277318,1058.0132000689694,2.6522383697713536e-05
2003-06-16 21:00:00+00:00,1328.2268424478814,0.030707610146862407,7.68808427404899e-05,1.0,527.0895391397399,0.03070761014686263,1058.0945410154213,7.68808427404899e-05
2003-06-17 21:00:00+00:00,1323.0653391741203,-0.0038860103626942033,2.508042311011316e-05,1.0,525.0412637285751,-0.0038860103626943143,1058.1210784742004,2.508042311011316e-05
2003-06-18 21:00:00+00:00,1329.9473435391353,0.005201560468140576,2.3452876754648244e-05,1.0,527.7722976101282,0.005201560468140576,1058.1458944574454,2.3452876754648244e-05
2003-06-19 21:00:00+00:00,1308.4410798984636,-0.016170763260025867,2.3650473240488523e-05,1.0,519.2378167302749,-0.01617076326002609,1058.1709201086069,2.3650473240488523e-05
2003-06-20 21:00:00+00:00,1306.7205788072097,-0.0013149243918476605,2.4464222188047557e-05,1.0,518.5550582598866,-0.0013149243918475495,1058.1968074371093,2.4464222188047557e-05
2003-06-23 21:00:00+00:00,1286.5046909849784,-0.015470704410796454,7.267193565785313e-05,1.0,510.5326462328245,-0.015470704410796454,1058.2737086474128,7.267193565785313e-05
2003-06-24 21:00:00+00:00,1276.6118097102694,-0.0076897358742895605,2.2348742642730457e-05,1.0,506.60678502809196,-0.0076897358742895605,1058.297359734173,2.2348742642730457e-05
2003-06-25 21:00:00+00:00,1269.7298053452546,-0.005390835579514697,2.253467402391074e-05,1.0,503.8757511465389,-0.005390835579514808,1058.3212081201948,2.253467402391074e-05
2003-06-26 21:00:00+00:00,1299.8385744421948,0.02371273712737132,2.308092329239564e-05,1.0,515.8240243783335,0.02371273712737132,1058.3456351508182,2.308092329239564e-05
2003-06-27 21:00:00+00:00,1283.0636888024708,-0.012905360688286072,2.256954000068312e-05,1.0,509.16712929204795,-0.01290536068828596,1058.3695215249652,2.256954000068312e-05
2003-06-30 21:00:00+00:00,1288.2251920762321,0.00402279584311116,7.506695048675738e-05,1.0,511.21540470321276,0.004022795843110938,1058.448970097434,7.506695048675738e-05
2003-07-01 21:00:00+00:00,1305.4302029887695,0.013355592654423987,2.478975208952683e-05,1.0,518.0429894070954,0.013355592654424209,1058.4752087850022,2.478975208952683e-05
2003-07-02 21:00:00+00:00,1332.0979699032023,0.020428336079077347,2.3708597943761234e-05,1.0,528.6257456981135,0.020428336079077347,1058.5003037481608,2.3708597943761234e-05
2003-07-03 21:00:00+00:00,1315.3230842634784,-0.012592831772683222,2.4731617226381175e-05,1.0,521.9688506118279,-0.012592831772683444,1058.526482172507,2.4731617226381175e-05
2003-07-07 21:00:00+00:00,1371.6694950020383,0.04283845650752127,9.690367542392053e-05,1.0,544.3291905170436,0.04283845650752127,1058.6290572791631,9.690367542392053e-05
2003-07-08 21:00:00+00:00,1388.444380641762,0.012229539040451431,2.368534629515473e-05,1.0,550.9860856033291,0.012229539040451431,1058.654131274983,2.368534629515473e-05
2003-07-09 21:00:00+00:00,1385.0033784592547,-0.0024783147459727095,2.3662097002885574e-05,1.0,549.6205686625527,-0.0024783147459724875,1058.6791812517297,2.3662097002885574e-05
2003-07-10 21:00:00+00:00,1359.1958620904486,-0.018633540372670843,2.4999040243001147e-05,1.0,539.3791916067287,-0.018633540372670954,1058.7056472151862,2.4999040243001147e-05
2003-07-11 21:00:00+00:00,1369.518868637971,0.0075949367088608,2.5057167917008627e-05,1.0,543.4757424290583,0.0075949367088608,1058.732175380363,2.5057167917008627e-05
2003-07-14 21:00:00+00:00,1385.8636290048814,0.011934673366834181,7.352060693199824e-05,1.0,549.9619478977468,0.011934673366834181,1058.8100140124754,7.352060693199824e-05
2003-07-15 21:00:00+00:00,1387.5841300961351,0.0012414649286156543,2.423170836851618e-05,1.0,550.644706368135,0.0012414649286156543,1058.8356707879527,2.423170836851618e-05
2003-07-16 21:00:00+00:00,1383.2828773680008,-0.0030998140111593298,2.4220082837533852e-05,1.0,548.9378101921643,-0.0030998140111593298,1058.8613158756104,2.4220082837533852e-05
2003-07-17 21:00:00+00:00,1341.1306006322843,-0.030472636815920384,2.4754873721777315e-05,1.0,532.2102276676519,-0.030472636815920273,1058.887527853774,2.4754873721777315e-05
2003-07-18 21:00:00+00:00,1345.4318533604187,0.003207184092366866,2.504554120430491e-05,1.0,533.9171238436226,0.003207184092366866,1058.9140482649834,2.504554120430491e-05
2003-07-21 21:00:00+00:00,1328.2268424478814,-0.012787723785166238,7.434606733314197e-05,1.0,527.0895391397399,-0.012787723785166238,1058.9927743601158,7.434606733314197e-05
2003-07-22 21:00:00+00:00,1348.0126049972994,0.014896373056994872,2.4510723140913626e-05,1.0,534.9412615492049,0.01489637305699465,1059.0187310388164,2.4510723140913626e-05
2003-07-23 21:00:00+00:00,1359.1958620904486,0.00829610721123153,2.4766499255202135e-05,1.0,539.3791916067287,0.008296107211231751,1059.04495922543,2.4766499255202135e-05
2003-07-24 21:00:00+00:00,1341.1306006322843,-0.0132911392405064,2.531297062047244e-05,1.0,532.2102276676519,-0.013291139240506289,1059.0717667993686,2.531297062047244e-05
2003-07-25 21:00:00+00:00,1367.7983675467174,0.019884541372674924,2.53362246374067e-05,1.0,542.79298395867,0.019884541372674702,1059.0985996795594,2.53362246374067e-05
2003-07-28 21:00:00+00:00,1371.6694950020383,0.002830188679245227,7.600874133295576e-05,1.0,544.3291905170436,0.002830188679245227,1059.1791004310685,7.600874133295576e-05
2003-07-29 21:00:00+00:00,1361.3464884545158,-0.007525870178739513,2.5336224636962612e-05,1.0,540.232639694714,-0.007525870178739513,1059.2059360306878,2.5336224636962612e-05
2003-07-30 21:00:00+00:00,1351.4536071798068,-0.00726698262243286,2.5336224637184657e-05,1.0,536.3067784899815,-0.007266982622432638,1059.23277231022,2.5336224637184657e-05
2003-07-31 21:00:00+00:00,1367.7983675467174,0.012094207511139432,2.640607821424723e-05,1.0,542.79298395867,0.012094207511139432,1059.2607424936527,2.640607821424723e-05
2003-08-01 21:00:00+00:00,1353.1741082710605,-0.010691823899371178,2.6987601690953156e-05,1.0,536.9895369603697,-0.010691823899371067,1059.289329400658,2.6987601690953156e-05
2003-08-04 21:00:00+00:00,1352.743982998247,-0.00031786395422761515,8.020686880927386e-05,1.0,536.8188473427726,-0.00031786395422761515,1059.3742916809324,8.020686880927386e-05
2003-08-05 21:00:00+00:00,1322.2784534781945,-0.02252128259519448,2.6196739800310453e-05,0.0,515.6533347607365,-0.03942766295707467,1059.4020438336026,2.6196739800310453e-05
2003-08-06 21:00:00+00:00,1322.3127084366256,2.5906009691878396e-05,2.5906009690990217e-05,0.0,515.3119555255424,-0.0006620324395893995,1059.4294887132169,2.5906009690990217e-05
2003-08-07 21:00:00+00:00,1322.3476562816372,2.6429334595956533e-05,2.6429334596178577e-05,0.0,517.3602309367071,0.003974826101357909,1059.457488729655,2.6429334596178577e-05
2003-08-08 21:00:00+00:00,1322.382282099877,2.6185109547771646e-05,2.6185109547771646e-05,0.0,513.2636801143775,-0.00791817881887169,1059.4852307400588,2.6185109547771646e-05
2003-08-11 21:00:00+00:00,1322.4850243814954,7.769484135478066e-05,7.769484135522475e-05,0.0,518.8964374950807,0.010974393082806788,1059.5675472769794,7.769484135522475e-05
2003-08-12 21:00:00+00:00,1322.5192693120796,2.5894380619062574e-05,2.5894380619062574e-05,0.0,526.7481599045458,0.015131578947368496,1059.5949841223403,2.5894380619062574e-05
2003-08-13 21:00:00+00:00,1322.5538688638978,2.616185081083522e-05,2.616185081083522e-05,0.0,526.9188495221429,0.0003240440699936453,1059.6227050882349,2.616185081083522e-05
2003-08-14 21:00:00+00:00,1322.588484700981,2.6173479884761264e-05,2.6173479884317175e-05,0.0,527.430918374934,0.0009718172983477213,1059.6504391017916,2.6173479884317175e-05
2003-08-15 21:00:00+00:00,1323.7841040721967,0.0009039995320130334,2.5906009691878396e-05,1.0,532.0395380500548,0.008737864077670077,1059.6778904163368,2.5906009691878396e-05
2003-08-18 21:00:00+00:00,1357.759955315628,0.025665704202759043,7.850888253191357e-05,1.0,545.6947074578201,0.025665704202759043,1059.7610845433571,7.850888253191357e-05
2003-08-19 21:00:00+00:00,1374.7478809373436,0.012511729746637279,2.6173479884317175e-05,1.0,552.5222921617027,0.012511729746637501,1059.7888221787857,2.6173479884317175e-05
2003-08-20 21:00:00+00:00,1371.3502958130007,-0.0024714241581709206,2.5906009691434306e-05,1.0,551.1567752209262,-0.0024714241581711427,1059.816277078284,2.5906009691434306e-05
2003-08-21 21:00:00+00:00,1386.214730732002,0.010839269123567696,2.6161850810613174e-05,1.0,557.1309118368235,0.010839269123567696,1059.8440038336116,2.6161850810613174e-05
2003-08-22 21:00:00+00:00,1377.720767921144,-0.006127450980392246,2.6173479884761264e-05,1.0,553.7171194848821,-0.006127450980392357,1059.871743639327,2.6173479884761264e-05
2003-08-25 21:00:00+00:00,1380.6936549049442,0.0021578298397040285,7.852051160561757e-05,1.0,554.9119468080617,0.0021578298397042506,1059.9549653108738,7.852051160561757e-05
2003-08-26 21:00:00+00:00,1381.9677493265729,0.0009227929867732243,2.6440963670770756e-05,1.0,555.4240156608529,0.0009227929867734463,1059.9829915416042,2.6440963670770756e-05
2003-08-27 21:00:00+00:00,1393.0099009806881,0.007990165949600447,2.672009071558179e-05,1.0,559.8619457183765,0.007990165949600447,1060.0113143832953,2.672009071558179e-05
2003-08-28 21:00:00+00:00,1405.326147056432,0.008841463414634099,2.780184646189454e-05,1.0,564.8119446286915,0.00884146341463432,1060.0407846551057,2.780184646189454e-05
2003-08-29 21:00:00+00:00,1418.067091272719,0.009066183136899442,2.7580821617245732e-05,1.0,569.9326331566035,0.009066183136899442,1060.0700214508943,2.7580821617245732e-05
2003-09-02 21:00:00+00:00,1438.4526020187775,0.014375561545372673,0.00010917182456937624,1.0,578.1257348012626,0.014375561545372673,1060.1857512293075,0.00010917182456937624
2003-09-03 21:00:00+00:00,1437.603205737692,-0.000590493061706332,2.7022494226258686e-05,1.0,577.7843555660686,-0.000590493061706332,1060.214400092649,2.7022494226258686e-05
2003-09-04 21:00:00+00:00,1450.7688480945214,0.009158050221565572,2.6743351814184635e-05,1.0,583.0757337115775,0.009158050221565572,1060.2427537793492,2.6743351814184635e-05
2003-09-05 21:00:00+00:00,1441.425489002578,-0.0064402810304449165,2.673172097056309e-05,1.0,579.3205621244421,-0.0064402810304450275,1060.2710958928042,2.673172097056309e-05
2003-09-08 21:00:00+00:00,1465.2085848729798,0.016499705362404082,7.936948375242281e-05,1.0,588.8791807098778,0.016499705362404304,1060.3552490623229,7.936948375242281e-05
2003-09-09 21:00:00+00:00,1447.7959611107215,-0.011884057971014328,2.645259333489136e-05,1.0,581.8809063883982,-0.011884057971014328,1060.3832982085169,2.645259333489136e-05
2003-09-10 21:00:00+00:00,1412.9707135862043,-0.02405397477266058,2.61851095475496e-05,1.0,567.8843577454387,-0.024053974772660802,1060.411064461343,2.61851095475496e-05
2003-09-11 21:00:00+00:00,1428.684544786291,0.011121130147279779,2.644096367054871e-05,1.0,574.1998735965301,0.011121130147279779,1060.4391027517743,2.644096367054871e-05
2003-09-12 21:00:00+00:00,1436.3291113160633,0.005350772889417543,2.61851095475496e-05,1.0,577.2722867132774,0.005350772889417543,1060.4668704658484,2.61851095475496e-05
2003-09-15 21:00:00+00:00,1422.3140726781478,-0.009757539917208735,7.852051160583962e-05,1.0,571.6395293325742,-0.009757539917208735,1060.5501388670584,7.852051160583962e-05
2003-09-16 21:00:00+00:00,1460.961603467551,0.027172290235891294,2.617347988453922e-05,1.0,587.1722845339071,0.027172290235891294,1060.5778971547845,2.617347988453922e-05
2003-09-17 21:00:00+00:00,1455.0158294999503,-0.004069767441860606,2.617347988453922e-05,1.0,584.7826298875482,-0.0040697674418604946,1060.6056561690416,2.617347988453922e-05
2003-09-18 21:00:00+00:00,1477.100132808181,0.015178050204319948,2.617347988453922e-05,1.0,593.6584900025957,0.01517805020432017,1060.6334159098487,2.617347988453922e-05
2003-09-19 21:00:00+00:00,1468.606169997323,-0.005750431282346202,2.5371110081717774e-05,1.0,590.2446976506543,-0.005750431282346313,1060.6603253570001,2.5371110081717774e-05
2003-09-22 21:00:00+00:00,1440.5760927214922,-0.01908617698091375,7.765995590514052e-05,1.0,578.979182889248,-0.01908617698091364,1060.7426961910976,7.765995590514052e-05
2003-09-23 21:00:00+00:00,1466.0579811540658,0.017688679245283057,2.616185081083522e-05,1.0,589.220559945072,0.017688679245283057,1060.770447183264,2.616185081083522e-05
2003-09-24 21:00:00+00:00,1410.8472228834896,-0.03765932792584015,2.5906009691878396e-05,1.0,567.0309096574533,-0.03765932792584015,1060.7979275127495,2.5906009691878396e-05
2003-09-25 21:00:00+00:00,1392.5852028401453,-0.01294400963275133,2.6161850811057263e-05,1.0,559.6912561007795,-0.01294400963275133,1060.8256799498697,2.6161850811057263e-05
2003-09-26 21:00:00+00:00,1383.6665418887444,-0.006404391582799707,2.563855309056784e-05,1.0,556.1067741312411,-0.006404391582799596,1060.852877985385,2.563855309056784e-05
2003-09-29 21:00:00+00:00,1407.4496377591465,0.017188459177409632,7.767158379889949e-05,1.0,565.6653927166768,0.017188459177409632,1060.9352761085959,7.767158379889949e-05
2003-09-30 21:00:00+00:00,1379.3422874321648,-0.019970412846695207,2.5626924018640196e-05,0.0,553.3757402496881,-0.021726010863005407,1060.9624646163054,2.5626924018640196e-05
2003-10-01 21:00:00+00:00,1379.3776196925035,2.5615295536685068e-05,2.561529553624098e-05,0.0,565.8360823342739,0.02251696483652066,1060.9896414833895,2.561529553624098e-05
2003-10-02 21:00:00+00:00,1379.2692074033425,-7.859507622365314e-05,2.641770611044869e-05,1.0,567.7136681278416,0.0033182503770738947,1061.0176703959244,2.641770611044869e-05
2003-10-03 21:00:00+00:00,1417.8356644954986,0.027961515333734255,2.5917639353334465e-05,1.0,583.5878025643688,0.027961515333734255,1061.0451694692533,2.5917639353334465e-05
2003-10-06 21:00:00+00:00,1428.2029916708093,0.007312079555425566,7.768321228240893e-05,1.0,587.8550430042953,0.007312079555425344,1061.1275948663945,7.768321228240893e-05
2003-10-07 21:00:00+00:00,1436.9115464980705,0.0060975609756097615,2.562692401886224e-05,1.0,591.4395249738337,0.0060975609756097615,1061.1547883026424,2.562692401886224e-05
2003-10-08 21:00:00+00:00,1427.788298583797,-0.006349206349206327,2.5615295536463023e-05,1.0,587.6843533866984,-0.006349206349206216,1061.1819700961546,2.5615295536463023e-05
2003-10-09 21:00:00+00:00,1438.57031884612,0.007551553877432227,2.561529553624098e-05,1.0,592.122283444222,0.007551553877432449,1061.2091525859364,2.561529553624098e-05
2003-10-10 21:00:00+00:00,1451.8404976305178,0.009224560392043779,2.508042311011316e-05,1.0,597.5843512073282,0.009224560392043779,1061.2357681604915,2.508042311011316e-05
2003-10-13 21:00:00+00:00,1461.3784386318039,0.006569551556698139,7.434606733269788e-05,1.0,601.5102124120607,0.006569551556698139,1061.3146668663671,7.434606733269788e-05
2003-10-14 21:00:00+00:00,1465.1106764149156,0.0025539160045402465,2.477812537815538e-05,1.0,603.0464189704343,0.0025539160045402465,1061.3409642542483,2.477812537815538e-05
2003-10-15 21:00:00+00:00,1458.8902801097292,-0.004245683555052282,2.477812537815538e-05,1.0,600.4860747064783,-0.004245683555052282,1061.3672622937295,2.477812537815538e-05
2003-10-16 21:00:00+00:00,1470.5016865460773,0.007959067652075102,2.504554120386082e-05,1.0,605.2653839991962,0.00795906765207488,1061.3938448112297,2.504554120386082e-05
2003-10-17 21:00:00+00:00,1435.2527741500207,-0.023970671178793035,2.5324597334064336e-05,1.0,590.7567665034455,-0.023970671178793035,1061.4207241829624,2.5324597334064336e-05
2003-10-20 21:00:00+00:00,1453.0845768915551,0.012424154868535098,7.600874133295576e-05,1.0,598.0964200601194,0.012424154868535098,1061.5014014362323,7.600874133295576e-05
2003-10-21 21:00:00+00:00,1461.7931317188163,0.0059931506849315586,2.53362246374067e-05,1.0,601.6809020296578,0.0059931506849315586,1061.528295874192,2.53362246374067e-05
2003-10-22 21:00:00+00:00,1433.594001801971,-0.019290780141844044,2.5336224637184657e-05,1.0,590.0740080330572,-0.019290780141844044,1061.555190993555,2.5336224637184657e-05
2003-10-23 21:00:00+00:00,1417.006278321474,-0.01157072606306031,2.5871124241350074e-05,1.0,583.2464233291747,-0.0115707260630602,1061.5826546197902,2.5871124241350074e-05
2003-10-24 21:00:00+00:00,1399.4530443113651,-0.0123875485088899,2.5359481010900353e-05,0.0,583.7584921819658,0.0008779631255486642,1061.6095758049617,2.5359481010900353e-05
2003-10-27 22:00:00+00:00,1399.5644074517545,7.95761893133129e-05,7.95761893133129e-05,0.0,583.9291817995629,0.00029239766081867735,1061.6940546495427,7.95761893133129e-05
2003-10-28 22:00:00+00:00,1436.8175918123177,0.026617699165693676,2.617347988453922e-05,1.0,603.5584878232255,0.03361590178310436,1061.7218428775257,2.617347988453922e-05
2003-10-29 22:00:00+00:00,1435.1922325455619,-0.0011312217194568985,2.590600969165635e-05,1.0,602.8757293528372,-0.0011312217194571206,1061.749347853877,2.590600969165635e-05
2003-10-30 22:00:00+00:00,1438.036611262385,0.0019818799546997834,2.669683197464856e-05,1.0,604.0705566760167,0.0019818799547000054,1061.7776931978158,2.669683197464856e-05
2003-10-31 22:00:00+00:00,1429.5034751119158,-0.005933879627013305,2.6196739799866364e-05,1.0,600.4860747064783,-0.005933879627013305,1061.8055083117697,2.6196739799866364e-05
2003-11-03 22:00:00+00:00,1453.071184479878,0.01648664013644119,7.852051160606166e-05,1.0,610.3860725271081,0.016486640136440966,1061.8888818235084,7.852051160606166e-05
2003-11-04 22:00:00+00:00,1443.3190288793419,-0.006711409395973145,2.617347988453922e-05,1.0,606.2895217047786,-0.006711409395973034,1061.9166751507964,2.617347988453922e-05
2003-11-05 22:00:00+00:00,1456.32190301339,0.009009009009009139,2.6173479884761264e-05,1.0,611.7515894678847,0.009009009009008917,1061.9444692055329,2.6173479884761264e-05
2003-11-06 22:00:00+00:00,1460.3853011802798,0.002790178571428381,2.617347988453922e-05,1.0,613.4584856438553,0.002790178571428381,1061.9722639877361,2.617347988453922e-05
2003-11-07 22:00:00+00:00,1447.788766862921,-0.00862548692264864,2.5906009691878396e-05,1.0,608.1671074983464,-0.00862548692264864,1061.9997754514995,2.5906009691878396e-05
2003-11-10 22:00:00+00:00,1429.9098149286046,-0.012349143979792365,7.850888253235766e-05,1.0,600.6567643240753,-0.012349143979792587,1062.0831518671198,7.850888253235766e-05
2003-11-11 22:00:00+00:00,1424.6273973116477,-0.003694231315714669,2.617347988453922e-05,1.0,598.4377992953135,-0.003694231315714558,1062.110950279131,2.617347988453922e-05
2003-11-12 22:00:00+00:00,1455.102883563323,0.02139189960068455,2.617347988453922e-05,1.0,611.2395206150935,0.02139189960068455,1062.1387494187234,2.617347988453922e-05
2003-11-13 22:00:00+00:00,1453.477524296567,-0.0011170064227870036,2.6173479884761264e-05,1.0,610.5567621447052,-0.0011170064227870036,1062.166549285916,2.6173479884761264e-05
2003-11-14 22:00:00+00:00,1423.8147176782695,-0.020408163265306256,2.644096367054871e-05,1.0,598.0964200601194,-0.020408163265306145,1062.1946339930578,2.644096367054871e-05
2003-11-17 22:00:00+00:00,1401.6430040636071,-0.015572049747327066,7.770647101734696e-05,0.0,591.951593826625,-0.010273972602739767,1062.2771733895988,7.770647101734696e-05
2003-11-18 22:00:00+00:00,1401.678923862374,2.562692401886224e-05,2.562692401886224e-05,0.0,578.2964244188597,-0.023068050749711633,1062.3043962860083,2.562692401886224e-05
2003-11-19 22:00:00+00:00,1401.7152031705339,2.5882752135553133e-05,2.5882752135553133e-05,0.0,583.9291817995629,0.009740259740259827,1062.33189164739,2.5882752135553133e-05
2003-11-20 22:00:00+00:00,1401.7518746345581,2.6161850810613174e-05,2.616185081083522e-05,0.0,578.2964244188597,-0.009646302250803873,1062.3596842158508,2.616185081083522e-05
2003-11-21 22:00:00+00:00,1401.7885633590524,2.6173479884761264e-05,2.617347988453922e-05,0.0,584.270561034757,0.010330578512396604,1062.387489865676,2.617347988453922e-05
2003-11-24 22:00:00+00:00,1401.897475099096,7.769484135522475e-05,7.769484135500271e-05,0.0,600.4860747064783,0.027753432661408395,1062.4700318931586,7.769484135500271e-05
2003-11-25 22:00:00+00:00,1398.977452898068,-0.002082907097626152,2.5894380619062574e-05,1.0,600.4860747064783,0.0,1062.4975438965607,2.5894380619062574e-05
2003-11-26 22:00:00+00:00,1405.3400564359786,0.004548038658328757,2.562692401886224e-05,1.0,603.2171085880315,0.004548038658328757,1062.5247724403885,2.562692401886224e-05
2003-11-28 22:00:00+00:00,1406.9307073204561,0.0011318619128466434,5.232373015862102e-05,1.0,603.8998670584197,0.0011318619128464213,1062.5803676998685,5.232373015862102e-05
2003-12-01 22:00:00+00:00,1427.609168818665,0.014697569248162567,7.76948413554468e-05,1.0,612.775727173467,0.014697569248162567,1062.6629247129642,7.76948413554468e-05
2003-12-02 22:00:00+00:00,1419.655914396277,-0.0055710306406684396,2.5626924019972463e-05,1.0,609.3619348215258,-0.0055710306406683285,1062.6901574949948,2.5626924019972463e-05
2003-12-03 22:00:00+00:00,1401.7610919459037,-0.012605042016806789,2.534785252961136e-05,1.0,601.6809020296578,-0.012605042016806789,1062.7170944083916,2.534785252961136e-05
2003-12-04 22:00:00+00:00,1416.8722753484412,0.010780141843971691,2.5871124241350074e-05,1.0,608.1671074983464,0.010780141843971691,1062.7445880943744,2.5871124241350074e-05
2003-12-05 22:00:00+00:00,1393.410174802396,-0.01655907942744894,2.562692401886224e-05,1.0,598.0964200601194,-0.01655907942744894,1062.771822969185,2.562692401886224e-05
2003-12-08 22:00:00+00:00,1384.1132902929862,-0.0066720371915817145,7.684595552559514e-05,0.0,601.5102124120607,0.005707762557077611,1062.8534926854268,7.684595552559514e-05
2003-12-09 22:00:00+00:00,1384.1483745925525,2.5347852529389314e-05,2.5347852529389314e-05,0.0,587.6843533866984,-0.022985244040862662,1062.8804337390197,2.5347852529389314e-05
2003-12-10 22:00:00+00:00,1384.1830735247079,2.5068795219018725e-05,2.5068795219018725e-05,0.0,589.9033184154603,0.0037757769387163354,1062.9070788709555,2.5068795219018725e-05
2003-12-11 22:00:00+00:00,1384.2181274036816,2.5324597334064336e-05,2.532459733428638e-05,0.0,602.534350117643,0.021412037037036757,1062.9339965647316,2.532459733428638e-05
2003-12-12 22:00:00+00:00,1384.2531982651042,2.5336224636962612e-05,2.5336224637184657e-05,0.0,601.5102124120607,-0.0016997167138809166,1062.9609272992432,2.5336224637184657e-05
2003-12-15 22:00:00+00:00,1379.311348393882,-0.003570047645485519,7.600874133295576e-05,0.0,593.6584900025957,-0.013053348467650272,1063.0417216214132,7.600874133295576e-05
2003-12-16 22:00:00+00:00,1379.3451883869884,2.4533977151408592e-05,2.453397715185268e-05,0.0,594.8533173257752,0.002012650948821193,1063.067802262723,2.453397715185268e-05
2003-12-17 22:00:00+00:00,1379.3793499385695,2.476649925542418e-05,2.476649925542418e-05,0.0,595.8774550313575,0.0017216642754662725,1063.0941307306562,2.476649925542418e-05
2003-12-18 22:00:00+00:00,1379.4135283730461,2.4778125377933335e-05,2.4778125377933335e-05,0.0,606.9722801751668,0.018619306788885792,1063.120472210316,2.4778125377933335e-05
2003-12-19 22:00:00+00:00,1382.0062648966566,0.0018795933708641854,2.4778125377933335e-05,1.0,605.2653839991962,-0.0028121484814398467,1063.1468143426682,2.4778125377933335e-05
2003-12-22 22:00:00+00:00,1386.2933683692631,0.0031020868584319405,7.350898022129293e-05,1.0,607.1429697927639,0.0031020868584319405,1063.224965180816,7.350898022129293e-05
2003-12-23 22:00:00+00:00,1396.816258711116,0.007590666291819037,2.423170836851618e-05,1.0,611.7515894678847,0.007590666291819037,1063.2507289381024,2.423170836851618e-05
2003-12-24 22:00:00+00:00,1399.685608441671,0.0020542069958455755,2.3952701058371773e-05,1.0,613.0082538626891,0.0020542069958451314,1063.2761966649628,2.3952701058371773e-05
2003-12-26 22:00:00+00:00,1397.7361855886884,-0.0013927576601669989,4.9521399203555916e-05,1.0,612.1544819213763,-0.0013927576601669989,1063.3288515899615,4.9521399203555916e-05
2003-12-29 22:00:00+00:00,1420.7393752538856,0.01645746164574602,7.350898022107089e-05,1.0,622.2289908288689,0.01645746164574602,1063.4070158094814,7.350898022107089e-05
2003-12-30 22:00:00+00:00,1425.4179901010446,0.003293084522502987,2.4499097019070604e-05,1.0,624.27804348802,0.003293084522502765,1063.4330683211324,2.4499097019070604e-05
2003-12-31 22:00:00+00:00,1421.5191443950787,-0.002735229759299962,2.3696971825026836e-05,1.0,622.570499605394,-0.002735229759299851,1063.4582684645902,2.3696971825026836e-05
2004-01-02 22:00:00+00:00,1417.620298689113,-0.0027427317608337276,4.950978204298906e-05,1.0,620.8629557227681,-0.0027427317608339497,1063.5109200516738,4.950978204298906e-05
2004-01-05 22:00:00+00:00,1446.0818723426626,0.020077007700770144,7.68110736133476e-05,1.0,633.3280260659371,0.020077007700770366,1063.5926094672425,7.68110736133476e-05
2004-01-06 22:00:00+00:00,1455.8289866075766,0.006740361283364749,2.588275213533109e-05,1.0,637.5968857725018,0.006740361283364749,1063.6201381711262,2.588275213533109e-05
2004-01-07 22:00:00+00:00,1469.0850620078597,0.00910551687198713,2.5359481010900353e-05,1.0,643.4025349734297,0.00910551687198713,1063.647111025823,2.5359481010900353e-05
2004-01-08 22:00:00+00:00,1480.7815991257567,0.0079617834394905,2.506879521879668e-05,1.0,648.5251666213073,0.0079617834394905,1063.6737753774344,2.506879521879668e-05
2004-01-09 22:00:00+00:00,1471.0344848608424,-0.006582411795681975,2.5057167917008627e-05,1.0,644.2563069147426,-0.006582411795681975,1063.700428029833,2.5057167917008627e-05
2004-01-12 22:00:00+00:00,1494.4275590966365,0.01590246488205671,7.434606733336402e-05,1.0,654.5015702104979,0.01590246488205671,1063.7795099734776,7.434606733336402e-05
2004-01-13 22:00:00+00:00,1479.611945413967,-0.009913905557004887,2.397595942604802e-05,1.0,648.0129034565197,-0.009913905557004776,1063.8050151078469,2.397595942604802e-05
2004-01-14 22:00:00+00:00,1484.6804448317223,0.003425559947298984,2.367372135436696e-05,1.0,650.2327105039332,0.003425559947298762,1063.8301993313498,2.367372135436696e-05
2004-01-15 22:00:00+00:00,1488.579290537688,0.002626050420168058,2.4464222188491647e-05,1.0,651.9402543865591,0.00262605042016828,1063.8562251097171,2.4464222188491647e-05
2004-01-16 22:00:00+00:00,1503.784788790954,0.010214772132006278,2.4231708368738225e-05,1.0,658.5996755288,0.010214772132006278,1063.8820041635101,2.4231708368738225e-05
2004-01-20 22:00:00+00:00,1502.6151350791645,-0.0007778065854290306,9.577604657962091e-05,1.0,658.0874123640123,-0.0007778065854291416,1063.983898575896,9.577604657962091e-05
2004-01-21 22:00:00+00:00,1496.3769819496194,-0.004151530877010923,2.394108283376717e-05,1.0,655.3553421518109,-0.004151530877010923,1064.0093715025457,2.394108283376717e-05
2004-01-22 22:00:00+00:00,1487.4096368258984,-0.005992704533611337,2.4208457894525637e-05,1.0,651.4279912217713,-0.005992704533611337,1064.035129528615,2.4208457894525637e-05
2004-01-23 22:00:00+00:00,1481.9512528375462,-0.003669724770642313,2.4487471486089873e-05,1.0,649.0374297860951,-0.003669724770642202,1064.0611850585096,2.4487471486089873e-05
2004-01-26 22:00:00+00:00,1504.5645579321474,0.015259142330965814,7.267193565851926e-05,1.0,658.9411843053252,0.015259142330965592,1064.1385124444869,7.267193565851926e-05
2004-01-27 22:00:00+00:00,1471.4243694314391,-0.022026431718061845,2.3952707775443116e-05,1.0,644.4270613030053,-0.022026431718061623,1064.164001443308,2.3952707775443116e-05
2004-01-28 22:00:00+00:00,1446.471756913259,-0.016958134605193353,2.447584654263757e-05,1.0,633.4987804541996,-0.016958134605193576,1064.1900477581037,2.447584654263757e-05
2004-01-29 22:00:00+00:00,1451.930140901611,0.0037735849056603765,2.476649925498009e-05,1.0,635.8893418898759,0.0037735849056605986,1064.2164040201287,2.476649925498009e-05
2004-01-30 22:00:00+00:00,1445.3021032014692,-0.0045649838882921845,2.4778125377933335e-05,1.0,632.9865172894118,-0.0045649838882922955,1064.2427733076167,2.4778125377933335e-05
2004-02-02 22:00:00+00:00,1441.4032574955036,-0.0026975991367682584,7.681107361401374e-05,1.0,631.278973406786,-0.0026975991367681473,1064.3245189376205,7.681107361401374e-05
2004-02-03 22:00:00+00:00,1439.8437192131173,-0.001081958344603673,2.5615295536463023e-05,1.0,630.5959558537356,-0.001081958344603784,1064.3517819247197,2.5615295536463023e-05
2004-02-04 22:00:00+00:00,1420.1753941209,-0.013660041593240635,2.508042311011316e-05,0.0,620.3506925579803,-0.01624695369618201,1064.3784763177484,2.508042311011316e-05
2004-02-05 22:00:00+00:00,1420.2121191421534,2.5859496936453397e-05,2.5859496936231352e-05,0.0,622.7412539936566,0.003853564547206423,1064.4060006096959,2.5859496936231352e-05
2004-02-06 22:00:00+00:00,1424.587568094406,0.0030808418638867963,2.562692401886224e-05,1.0,634.0110436189874,0.018097066081711022,1064.4332780613986,2.562692401886224e-05
2004-02-09 22:00:00+00:00,1424.2038924768203,-0.000269323996768267,7.684595552559514e-05,1.0,633.8402892307248,-0.000269323996768156,1064.5150754537444,7.684595552559514e-05
2004-02-10 22:00:00+00:00,1426.5059461823325,0.001616379310344973,2.5615295536463023e-05,1.0,634.8648155603004,0.001616379310344973,1064.542343322005,2.5615295536463023e-05
2004-02-11 22:00:00+00:00,1441.8529708857463,0.010758472296933608,2.5347852529389314e-05,1.0,641.6949910908038,0.010758472296933608,1064.569327184335,2.5347852529389314e-05
2004-02-12 22:00:00+00:00,1429.1916755054299,-0.008781266631186724,2.5871124241350074e-05,1.0,636.0600962781384,-0.008781266631186835,1064.596868789662,2.5871124241350074e-05
2004-02-13 22:00:00+00:00,1417.297731360284,-0.008322147651006806,2.5894380618618484e-05,1.0,630.7667102419982,-0.008322147651006695,1064.624435866188,2.5894380618618484e-05
2004-02-17 22:00:00+00:00,1436.4815122395514,0.013535462912831697,0.00010136825605444599,1.0,639.3044296551276,0.013535462912831697,1064.7323549886046,0.00010136825605444599
2004-02-18 22:00:00+00:00,1440.7019440329905,0.0029380341880342886,2.5336224636962612e-05,1.0,641.182727926016,0.0029380341880340666,1064.7593312867289,2.5336224636962612e-05
2004-02-19 22:00:00+00:00,1418.8324338306254,-0.01517976031957402,2.5068795218574635e-05,1.0,631.4497277950485,-0.01517976031957391,1064.786023520362,2.5068795218574635e-05
2004-02-20 22:00:00+00:00,1410.2616764884517,-0.006040711459516013,2.5859496936009307e-05,0.0,629.4006751358976,-0.0032449972958353834,1064.8135583512749,2.5859496936009307e-05
2004-02-23 22:00:00+00:00,1410.3700657937256,7.685758400799436e-05,7.68575840082164e-05,0.0,622.3997452171315,-0.011123168746608902,1064.895397348789,7.68575840082164e-05
2004-02-24 22:00:00+00:00,1410.4061928397766,2.5615295536463023e-05,2.561529553624098e-05,0.0,620.8629557227681,-0.0024691358024692134,1064.9226749591073,2.561529553624098e-05
2004-02-25 22:00:00+00:00,1410.4423208112325,2.5615295536463023e-05,2.5615295536685068e-05,0.0,624.6195522645451,0.006050605060506031,1064.94995326815,2.5615295536685068e-05
2004-02-26 22:00:00+00:00,1410.4795814619497,2.6417706110670736e-05,2.6417706110226646e-05,0.0,626.1563417589084,0.002460360852925225,1064.9780868030375,2.6417706110226646e-05
2004-02-27 22:00:00+00:00,1410.5168923047256,2.6452593335113406e-05,2.6452593334669317e-05,0.0,624.4487978762825,-0.0027270248159259047,1065.006258235278,2.6452593334669317e-05
2004-03-01 22:00:00+00:00,1410.6276632165745,7.853214126907204e-05,7.853214126885e-05,0.0,632.6450085128866,0.01312551271534046,1065.089895457202,7.853214126885e-05
2004-03-02 22:00:00+00:00,1410.6645842513424,2.617347988453922e-05,2.617347988453922e-05,0.0,625.3025698175954,-0.01160593792172726,1065.117772566156,2.617347988453922e-05
2004-03-03 22:00:00+00:00,1410.701506252462,2.617347988453922e-05,2.617347988453922e-05,0.0,621.8874820523437,-0.005461496450027359,1065.145650404751,2.617347988453922e-05
2004-03-04 22:00:00+00:00,1410.7388065597388,2.644096367054871e-05,2.6440963670770756e-05,0.0,627.6931312532716,0.009335529928610642,1065.1738138821975,2.6440963670770756e-05
2004-03-05 22:00:00+00:00,1410.7761242596903,2.6452593334669317e-05,2.645259333489136e-05,0.0,625.473324205858,-0.003536452665941159,1065.201990491927,2.645259333489136e-05
2004-03-08 22:00:00+00:00,1410.8880804246792,7.935785349899582e-05,7.935785349877378e-05,0.0,610.7884468152755,-0.023478023478023524,1065.2865226354352,7.935785349877378e-05
2004-03-09 22:00:00+00:00,1410.9250246836248,2.6185109547771646e-05,2.6185109547327556e-05,0.0,608.910148544387,-0.0030752026838133384,1065.3144172797297,2.6185109547327556e-05
2004-03-10 22:00:00+00:00,1410.9615761209884,2.590600969165635e-05,2.5906009691434306e-05,0.0,600.8846922960454,-0.013180033651149725,1065.3420153253483,2.5906009691434306e-05
2004-03-11 22:00:00+00:00,1410.9988668965855,2.6429334595734488e-05,2.6429334595512444e-05,0.0,595.4205518716426,-0.00909349246945157,1065.37017160593,2.6429334595512444e-05
2004-03-12 22:00:00+00:00,1411.0358140564867,2.61851095475496e-05,2.618510954799369e-05,0.0,606.3488327204482,0.018353885861772223,1065.3980684405826,2.618510954799369e-05
2004-03-15 22:00:00+00:00,1411.146609310501,7.852051160606166e-05,7.852051160583962e-05,0.0,595.7620606481678,-0.017459870459025528,1065.4817240419804,7.852051160583962e-05
2004-03-16 22:00:00+00:00,1411.1839213867318,2.6440963670770756e-05,2.6440963670326667e-05,0.0,596.7865869777434,0.0017196904557179593,1065.5098964055373,2.6440963670326667e-05
2004-03-17 22:00:00+00:00,1411.2208733923053,2.6185109547771646e-05,2.6185109547771646e-05,0.0,606.1780783321857,0.01573676680972813,1065.537796898899,2.6185109547771646e-05
2004-03-18 22:00:00+00:00,1411.2581874321493,2.6440963670104622e-05,2.6440963670770756e-05,0.0,603.4460081199843,-0.004507042253521165,1065.5659707450766,2.6440963670770756e-05
2004-03-19 22:00:00+00:00,1411.295141382387,2.61851095475496e-05,2.61851095475496e-05,0.0,593.3714992124916,-0.016694963214487935,1065.5938727067507,2.61851095475496e-05
2004-03-22 22:00:00+00:00,1411.4036265293282,7.686921307969996e-05,7.6869213079922e-05,0.0,585.8583061289378,-0.012661870503597017,1065.6757840692085,7.6869213079922e-05
2004-03-23 22:00:00+00:00,1411.4397800503432,2.5615295536685068e-05,2.5615295536463023e-05,0.0,581.0771832575853,-0.008160886039055737,1065.7030816693634,2.5615295536463023e-05
2004-03-24 22:00:00+00:00,1411.4759344974411,2.5615295536463023e-05,2.5615295536685068e-05,0.0,587.7366043998262,0.011460476050543678,1065.7303799687547,2.5615295536685068e-05
2004-03-25 22:00:00+00:00,1411.5128449069364,2.6150222326215555e-05,2.61502223264376e-05,0.0,603.4460081199843,0.026728646135967482,1065.758249055131,2.61502223264376e-05
2004-03-26 22:00:00+00:00,1411.5494115723764,2.590600969165635e-05,2.590600969210044e-05,0.0,601.3969554608332,-0.003395585738540041,1065.7858585986605,2.590600969210044e-05
2004-03-29 22:00:00+00:00,1411.6578998498578,7.685758400799436e-05,7.68575840082164e-05,0.0,611.1299555918007,0.016183986371379966,1065.8677723248225,7.68575840082164e-05
2004-03-30 22:00:00+00:00,1411.6940598841588,2.5615295536463023e-05,2.561529553779529e-05,0.0,613.1790082509517,0.003352891869237151,1065.8950748428147,2.561529553779529e-05
2004-03-31 22:00:00+00:00,1411.7305984116022,2.5882752135553133e-05,2.588275213533109e-05,0.0,611.9837275331137,-0.0019493177387913674,1065.9226631408392,2.588275213533109e-05
2004-04-01 22:00:00+00:00,1411.7679095119468,2.6429334595734488e-05,2.6429334595734488e-05,0.0,617.4478679575163,0.008928571428571175,1065.9508347675564,2.6429334595734488e-05
2004-04-02 22:00:00+00:00,1411.804876809313,2.61851095475496e-05,2.6185109547771646e-05,0.0,633.4987804541996,0.025995575221239076,1065.9787468069374,2.6185109547771646e-05
2004-04-05 21:00:00+00:00,1411.9130435209681,7.661590736218749e-05,7.661590736240953e-05,0.0,639.4751840433903,0.009433962264151052,1066.060417735853,7.661590736240953e-05
2004-04-06 21:00:00+00:00,1411.9492265092558,2.562692401886224e-05,2.5626924018640196e-05,0.0,631.4497277950485,-0.012550066755674494,1066.0877375851776,2.5626924018640196e-05
2004-04-07 21:00:00+00:00,1411.9857716411136,2.5882752135553133e-05,2.5882752135553133e-05,0.0,630.7667102419982,-0.0010816657652783501,1066.1153308698442,2.5882752135553133e-05
2004-04-08 21:00:00+00:00,1412.022334138113,2.589438061884053e-05,2.5894380619062574e-05,0.0,630.7667102419982,0.0,1066.1429372660057,2.5894380619062574e-05
2004-04-12 21:00:00+00:00,1412.1681939900468,0.00010329854451129883,0.00010329854451129883,0.0,634.6940611720378,0.006226312939902501,1066.2530682796662,0.00010329854451129883
2004-04-13 21:00:00+00:00,1412.204383517056,2.562692401886224e-05,2.5626924019084285e-05,0.0,625.473324205858,-0.014527845036319653,1066.280393066032,2.5626924019084285e-05
2004-04-14 21:00:00+00:00,1412.2405575496975,2.5615295536463023e-05,2.561529553624098e-05,0.0,628.5469031945846,0.004914004914004844,1066.307706153425,2.561529553624098e-05
2004-04-15 21:00:00+00:00,1412.2771102220042,2.5882752135553133e-05,2.5882752135553133e-05,0.0,617.2771135692539,-0.01792991035044822,1066.3353051314837,2.5882752135553133e-05
2004-04-16 21:00:00+00:00,1412.3136802630356,2.589438061884053e-05,2.5894380619062574e-05,0.0,616.2525872396784,-0.0016597510373442814,1066.3629172237422,2.5894380619062574e-05
2004-04-19 21:00:00+00:00,1412.4245594318586,7.85088825325797e-05,7.850888253213562e-05,0.0,623.7657803232322,0.01219174286505953,1066.4466361847471,7.850888253213562e-05
2004-04-20 21:00:00+00:00,1412.4611497161839,2.590600969165635e-05,2.5906009690990217e-05,0.0,609.2516573209122,-0.023268546400219137,1066.474263561639,2.5906009690990217e-05
2004-04-21 21:00:00+00:00,1412.4973467507475,2.5626924019084285e-05,2.562692401886224e-05,0.0,614.5450433570525,0.008688340807174955,1066.5015940165592,2.562692401886224e-05
2004-04-22 21:00:00+00:00,1412.5346616905356,2.6417706110226646e-05,2.641770611044869e-05,0.0,630.4252014654732,0.02584051125312592,1066.5297685422363,2.641770611044869e-05
2004-04-23 21:00:00+00:00,1412.5724047448352,2.6720090715803835e-05,2.6720090715803835e-05,0.0,635.3770787250882,0.007854821235102838,1066.5582663144028,2.6720090715803835e-05
2004-04-26 21:00:00+00:00,1412.6880193781303,8.18468723491339e-05,8.18468723491339e-05,0.0,630.7667102419982,-0.007256113947863629,1066.6455607726787,8.18468723491339e-05
2004-04-27 21:00:00+00:00,1412.725437932074,2.6487485864201687e-05,2.6487485863535554e-05,0.0,629.5714295241601,-0.0018949648077964953,1066.673813531891,2.6487485863535554e-05
2004-04-28 21:00:00+00:00,1412.763186083932,2.672009071558179e-05,2.6720090716914058e-05,0.0,618.1308855105668,-0.018171955519392213,1066.702315152954,2.6720090716914058e-05
2004-04-29 21:00:00+00:00,1412.801707553749,2.7266756521315827e-05,2.7266756520871738e-05,0.0,608.5686397678619,-0.015469613259668558,1066.7314006652616,2.7266756520871738e-05
2004-04-30 21:00:00+00:00,1412.8398849797338,2.7022494225814597e-05,2.7022494225814597e-05,0.0,593.7130079890168,-0.02441077441077444,1066.7602264083766,2.7022494225814597e-05
2004-05-03 21:00:00+00:00,1412.953204443037,8.02068688094959e-05,8.020686880927386e-05,0.0,599.3479028016822,0.009490940465918918,1066.8457879059072,8.020686880927386e-05
2004-05-04 21:00:00+00:00,1412.990597152559,2.6464223588096303e-05,2.6464223588096303e-05,0.0,601.909218625621,0.004273504273504258,1066.8740211513723,2.6464223588096303e-05
2004-05-05 21:00:00+00:00,1413.0283523894955,2.6720090715803835e-05,2.672009071602588e-05,0.0,606.6903414969735,0.007943262411347574,1066.902528122,2.672009071602588e-05
2004-05-06 21:00:00+00:00,1413.0672591285575,2.7534294691378136e-05,2.7534294691378136e-05,0.0,602.0799730138835,-0.007599211933577377,1066.9319045306163,2.7534294691378136e-05
2004-05-07 21:00:00+00:00,1413.1062162468954,2.7569189001042105e-05,2.7569189000153926e-05,0.0,597.1280957542684,-0.008224617129892309,1066.9613189779427,2.7569189000153926e-05
2004-05-10 21:00:00+00:00,1413.2207568832737,8.105592846541221e-05,8.105592846496812e-05,0.0,592.005464106391,-0.008578781812982328,1067.0478025182886,8.105592846496812e-05
2004-05-11 21:00:00+00:00,1413.2593072665147,2.727838736671373e-05,2.7278387366491685e-05,0.0,600.8846922960454,0.014998557830977699,1067.0769098615842,2.7278387366491685e-05
2004-05-12 21:00:00+00:00,1413.3005222489012,2.9163071613602654e-05,2.9163071613602654e-05,0.0,602.0799730138835,0.001989201477692548,1067.1080291019236,2.9163071613602654e-05
2004-05-13 21:00:00+00:00,1413.3426100396923,2.977978860729813e-05,2.977978860729813e-05,0.0,597.8111133073188,-0.007090187180941676,1067.1398073534515,2.977978860729813e-05
2004-05-14 21:00:00+00:00,1413.383597203415,2.900016134210759e-05,2.9000161342329633e-05,0.0,593.3714992124916,-0.007426449585832495,1067.1707545800396,2.9000161342329633e-05
2004-05-17 21:00:00+00:00,1413.5040792625562,8.52437083460611e-05,8.524370834583905e-05,0.0,587.7366043998262,-0.009496402877697818,1067.2617241725982,8.524370834583905e-05
2004-05-18 21:00:00+00:00,1413.5427195881155,2.7336550439516216e-05,2.733655043973826e-05,0.0,593.0299904359664,0.009006391632771615,1067.2908994265533,2.733655043973826e-05
2004-05-19 21:00:00+00:00,1413.5809170380937,2.7022494226036642e-05,2.7022494225814597e-05,0.0,592.346972882916,-0.0011517420097898468,1067.3197402887204,2.7022494225814597e-05
2004-05-20 21:00:00+00:00,1413.6221249576238,2.9151440171126808e-05,2.9151440171126808e-05,0.0,595.0790430951175,0.004612280196022001,1067.3508541962728,2.9151440171126808e-05
2004-05-21 21:00:00+00:00,1413.663087328227,2.8976888434284476e-05,2.897688843450652e-05,0.0,597.9818676955815,0.004878048780487809,1067.3817827028954,2.897688843450652e-05
2004-05-24 21:00:00+00:00,1413.7835932121427,8.52437083460611e-05,8.524370834583905e-05,0.0,602.0799730138835,0.006853226727584039,1067.4727702842738,8.524370834583905e-05
2004-05-25 21:00:00+00:00,1413.8233759595807,2.813920576594242e-05,2.813920576594242e-05,0.0,614.0327801922647,0.019852524106636515,1067.5028081202063,2.813920576594242e-05
2004-05-26 21:00:00+00:00,1413.86314337834,2.8127571969349674e-05,2.812757196957172e-05,0.0,617.9601311223041,0.006395995550611655,1067.5328343822694,2.812757196957172e-05
2004-05-27 21:00:00+00:00,1413.9048037082273,2.9465602864320317e-05,2.9465602864098273e-05,0.0,621.8874820523437,0.00635534678087879,1067.5642898808117,2.9465602864098273e-05
2004-05-28 21:00:00+00:00,1413.9465475194413,2.9523777770990023e-05,2.9523777770990023e-05,0.0,624.1072890997573,0.003569467325645226,1067.5958084116623,2.9523777770990023e-05
2004-06-01 21:00:00+00:00,1414.1135278882168,0.00011809524841543961,0.00011809524841543961,0.0,623.2535171584444,-0.0013679890560873709,1067.7218864038641,0.00011809524841543961
2004-06-02 21:00:00+00:00,1414.1545209529982,2.8988524593653864e-05,2.898852459254364e-05,0.0,621.8874820523437,-0.0021917808219178436,1067.752838086026,2.898852459254364e-05
2004-06-03 21:00:00+00:00,1414.1962392269847,2.950050603978127e-05,2.9500506038671048e-05,0.0,614.3742889687898,-0.012081274025260935,1067.7843373350738,2.9500506038671048e-05
2004-06-04 21:00:00+00:00,1414.2413988837136,3.193309066751304e-05,3.193309066751304e-05,0.0,617.9601311223041,0.005836575875486361,1067.8184349891312,3.193309066751304e-05
2004-06-07 21:00:00+00:00,1414.377326766812,9.611363604955514e-05,9.611363604955514e-05,0.0,632.6450085128866,0.023763470571981138,1067.9210669015588,9.611363604955514e-05
2004-06-08 21:00:00+00:00,1414.4226403651917,3.203784274674604e-05,3.203784274674604e-05,0.0,633.4987804541996,0.0013495276653172628,1067.9552807887662,3.203784274674604e-05
2004-06-09 21:00:00+00:00,1414.469091690838,3.2841192102450734e-05,3.2841192102450734e-05,0.0,624.6195522645451,-0.014016172506738589,1067.9903537132996,3.2841192102450734e-05
2004-06-10 21:00:00+00:00,1414.5174881865794,3.421530807967699e-05,3.421530807945494e-05,0.0,629.0591663593724,0.0071077091306726015,1068.0268953322777,3.421530807945494e-05
2004-06-14 21:00:00+00:00,1414.7145407830126,0.0001393072889370739,0.0001393072889366298,0.0,620.1799381697178,-0.014115092290988063,1068.1756792635779,0.0001393072889366298
2004-06-15 21:00:00+00:00,1414.7645770054005,3.536842306028909e-05,3.5368423060511134e-05,0.0,628.2053944180594,0.012940528634361126,1068.213458952905,3.5368423060511134e-05
2004-06-16 21:00:00+00:00,1414.814647956648,3.539171962696486e-05,3.539171962696486e-05,0.0,627.1808680884839,-0.0016308779559663922,1068.2512648641462,3.539171962696486e-05
2004-06-17 21:00:00+00:00,1414.869650165853,3.887591161455539e-05,3.8875911615221526e-05,0.0,621.3752188875559,-0.009256738361012817,1068.2927941059017,3.8875911615221526e-05
2004-06-18 21:00:00+00:00,1414.921834811888,3.688300616855322e-05,3.688300616899731e-05,0.0,622.2289908288689,0.0013740038472107585,1068.332195955617,3.688300616899731e-05
2004-06-21 21:00:00+00:00,1415.0733172512769,0.00010706064155763251,0.00010706064155763251,0.0,617.2771135692539,-0.007958287596048219,1068.4465722859127,0.00010706064155763251
2004-06-22 21:00:00+00:00,1415.1226573820416,3.4867543725836114e-05,3.4867543725836114e-05,0.0,626.327096147171,0.0146611341632088,1068.4838263934905,3.4867543725836114e-05
2004-06-23 21:00:00+00:00,1415.1723289001322,3.510050371358098e-05,3.510050371335893e-05,0.0,633.8402892307248,0.011995637949836269,1068.5213307140066,3.510050371335893e-05
2004-06-24 21:00:00+00:00,1415.2242938472084,3.6719872212653826e-05,3.671987221287587e-05,0.0,632.6450085128866,-0.0018857758620690612,1068.560566680727,3.671987221287587e-05
2004-06-25 21:00:00+00:00,1415.2756011215763,3.625381120930804e-05,3.625381120930804e-05,0.0,637.4261313842392,0.0075573549257761385,1068.5993060737774,3.625381120930804e-05
2004-06-28 21:00:00+00:00,1415.4259178824464,0.0001062102397235698,0.0001062102397235698,0.0,632.132745348099,-0.008304312885079046,1068.712802262244,0.0001062102397235698
2004-06-29 21:00:00+00:00,1415.4756330196951,3.512380027848039e-05,3.512380027848039e-05,0.0,638.1091489372894,0.009454349000540097,1068.7503395172657,3.512380027848039e-05
2004-06-30 21:00:00+00:00,1415.5260919007546,3.5648004022448276e-05,3.564800402222623e-05,0.0,644.4270613030053,0.009900990099010132,1068.7884383336675,3.564800402222623e-05
2004-07-01 21:00:00+00:00,1415.5796203827067,3.781525629120708e-05,3.781525629165117e-05,0.0,632.474254124624,-0.018547959724430463,1068.8288548423845,3.781525629165117e-05
2004-07-02 21:00:00+00:00,1415.6332828416898,3.790847099693906e-05,3.79084709971611e-05,0.0,628.7176575828472,-0.005939524838012855,1068.8693725100293,3.79084709971611e-05
2004-07-06 21:00:00+00:00,1415.8401054596875,0.0001460990077759572,0.00014609900777573515,0.0,615.2280609101028,-0.021455730581205756,1069.0255332647948,0.00014609900777573515
2004-07-07 21:00:00+00:00,1415.8876255425548,3.356317050506874e-05,3.356317050462465e-05,0.0,616.4233416279409,0.0019428254232582987,1069.0614131510415,3.356317050462465e-05
2004-07-08 21:00:00+00:00,1415.937620806434,3.531019197944296e-05,3.531019197944296e-05,0.0,609.5931660974375,-0.011080332409972193,1069.0991619147776,3.531019197944296e-05
2004-07-09 21:00:00+00:00,1415.9896303485998,3.673152079675113e-05,3.673152079652908e-05,0.0,610.4469380387503,0.0014005602240894088,1069.1384315528771,3.673152079652908e-05
2004-07-12 21:00:00+00:00,1416.141227106864,0.00010706064155785455,0.00010706064155763251,0.0,607.8856222148115,-0.00419580419580412,1069.2528941992732,0.00010706064155763251
2004-07-13 21:00:00+00:00,1416.1906044730222,3.4867543725836114e-05,3.4867543726280203e-05,0.0,607.0318502734985,-0.001404494382022503,1069.2901764213161,3.4867543726280203e-05
2004-07-14 21:00:00+00:00,1416.2399340710328,3.4832597995526626e-05,3.483259799530458e-05,0.0,600.8846922960454,-0.010126582278481067,1069.3274225761718,3.483259799530458e-05
2004-07-15 21:00:00+00:00,1416.2919217240817,3.670822421986131e-05,3.670822421963926e-05,0.0,598.8356396368944,-0.0034100596760442414,1069.3666756869638,3.670822421963926e-05
2004-07-16 21:00:00+00:00,1416.3440267817882,3.6789772579481905e-05,3.678977257970395e-05,0.0,592.005464106391,-0.01140575990875381,1069.4060174437666,3.678977257970395e-05
2004-07-19 21:00:00+00:00,1416.5003479070544,0.00011036945989850722,0.00011036945989850722,0.0,590.8101833885528,-0.002019036631093263,1069.524047208324,0.00011036945989850722
2004-07-20 21:00:00+00:00,1416.552460632713,3.678977257970395e-05,3.678977257970395e-05,0.0,604.9827976143475,0.0239884393063583,1069.5633947547892,3.678977257970395e-05
2004-07-21 21:00:00+00:00,1416.6045752755867,3.6789772579481905e-05,3.6789772579481905e-05,0.0,587.395095623301,-0.029071408410951127,1069.6027437488415,3.6789772579481905e-05
2004-07-22 21:00:00+00:00,1416.6570714873756,3.7057773711213216e-05,3.705777371054708e-05,0.0,595.4205518716426,0.013662790697674287,1069.6423808452796,3.705777371054708e-05
2004-07-23 21:00:00+00:00,1416.7099658366437,3.733744060774313e-05,3.733744060774313e-05,0.0,584.1507622463118,-0.018927444794952675,1069.682318554146,3.733744060774313e-05
2004-07-26 21:00:00+00:00,1416.8675324246988,0.00011122007457742278,0.00011122007457742278,0.0,581.589446422373,-0.004384682841274468,1069.8012887013897,0.00011122007457742278
2004-07-27 21:00:00+00:00,1416.9204346320396,3.733744060774313e-05,3.733744060774313e-05,0.0,589.6149026707146,0.013799177921315353,1069.8412323434686,3.733744060774313e-05
2004-07-28 21:00:00+00:00,1416.9737351005174,3.761712173466769e-05,3.761712173466769e-05,0.0,587.0535868467758,-0.004344048653344923,1069.8814766913424,3.761712173466769e-05
2004-07-29 21:00:00+00:00,1417.0300930958113,3.977349325379187e-05,3.977349325334778e-05,0.0,593.8837623772794,0.011634671320535306,1069.9240296150374,3.977349325334778e-05
2004-07-30 21:00:00+00:00,1417.0869654459755,4.013489229426348e-05,4.013489229426348e-05,0.0,595.7620606481678,0.003162737205290256,1069.966970900729,4.013489229426348e-05
2004-08-02 21:00:00+00:00,1417.2564661214508,0.0001196120489486141,0.0001196120489486141,0.0,596.957341366006,0.0020063055316710265,1070.0949518424256,0.0001196120489486141
2004-08-03 21:00:00+00:00,1417.3125874984457,3.959860359548095e-05,3.959860359548095e-05,0.0,584.4922710228369,-0.020881006864988838,1070.137326108233,3.959860359548095e-05
2004-08-04 21:00:00+00:00,1417.3686945746642,3.958694554295761e-05,3.958694554273556e-05,0.0,584.6630254110996,0.0002921413964360742,1070.179689576285,3.958694554273556e-05
2004-08-05 21:00:00+00:00,1417.4270844605103,4.1195975379881844e-05,4.119597538010389e-05,0.0,573.734744562294,-0.01869158878504673,1070.223776672429,4.119597538010389e-05
2004-08-06 21:00:00+00:00,1417.4848156061728,4.072953472911145e-05,4.0729534729333494e-05,0.0,558.7083583951863,-0.02619047619047621,1070.267366388909,4.0729534729333494e-05
2004-08-09 21:00:00+00:00,1417.6579171705935,0.00012211881391244184,0.00012211881391244184,0.0,560.074393501287,0.0024449877750609694,1070.3980661702617,0.00012211881391244184
2004-08-10 21:00:00+00:00,1417.7152444708204,4.0438034826673075e-05,4.043803482645103e-05,0.0,567.0753234200531,0.012500000000000178,1070.4413509645397,4.043803482645103e-05
2004-08-11 21:00:00+00:00,1417.7710369495903,3.9353797589125605e-05,3.9353797589125605e-05,0.0,562.1234461604381,-0.008732309545317563,1070.4834768967964,3.9353797589125605e-05
2004-08-12 21:00:00+00:00,1417.8298071564052,4.1452537316022386e-05,4.145253731580034e-05,0.0,554.4394986886216,-0.013669501822600405,1070.5278511530685,4.145253731580034e-05
2004-08-13 21:00:00+00:00,1417.8883317598497,4.12775942142396e-05,4.127759421379551e-05,0.0,555.2932706299346,0.0015398829688944016,1070.572039967303,4.127759421379551e-05
2004-08-16 21:00:00+00:00,1418.0568207892436,0.00011883095841880298,0.00011883095841858093,0.0,561.6111829956503,0.011377613776137885,1070.6992570688685,0.00011883095841858093
2004-08-17 21:00:00+00:00,1418.1125771124837,3.931882165986167e-05,3.931882165941758e-05,0.0,567.929095361366,0.01124961994527185,1070.7413557020081,3.931882165941758e-05
2004-08-18 21:00:00+00:00,1418.1683190964056,3.9307164199531286e-05,3.9307164199531286e-05,0.0,578.0036042688587,0.01773902585688525,1070.7834435082918,3.9307164199531286e-05
2004-08-19 21:00:00+00:00,1418.2263450304067,4.091611215661928e-05,4.091611215639723e-05,0.0,574.9300252801321,-0.005317577548005881,1070.8272558037615,4.091611215639723e-05
2004-08-20 21:00:00+00:00,1418.284092191622,4.071787371429103e-05,4.0717873714068986e-05,0.0,580.7356744810601,0.010098010098010146,1070.870857612733,4.0717873714068986e-05
2004-08-23 21:00:00+00:00,1418.4572913627512,0.00012211881391244184,0.00012211881391266388,0.0,582.1017095871608,0.0023522493384300347,1071.0016310917183,0.00012211881391266388
2004-08-24 21:00:00+00:00,1418.5146509880994,4.0438034826673075e-05,4.0438034826673075e-05,0.0,581.9309551988982,-0.00029334115576418185,1071.0449402929758,4.0438034826673075e-05
2004-08-25 21:00:00+00:00,1418.5723768083978,4.069455345989681e-05,4.069455345989681e-05,0.0,589.9564114472398,0.013791079812206508,1071.0885259885565,4.069455345989681e-05
2004-08-26 21:00:00+00:00,1418.6324045081124,4.231557070744074e-05,4.2315570707662786e-05,0.0,587.395095623301,-0.00434153400868309,1071.1338497108122,4.2315570707662786e-05
2004-08-27 21:00:00+00:00,1418.6925340117016,4.238554215896251e-05,4.23855421594066e-05,0.0,590.1271658355024,0.0046511627906977715,1071.1792502997575,4.23855421594066e-05
2004-08-30 21:00:00+00:00,1418.872930436038,0.00012715681517416755,0.0001271568151743896,0.0,580.2234113162723,-0.01678240740740744,1071.3154580417065,0.0001271568151743896
2004-08-31 21:00:00+00:00,1418.9330701344493,4.238554215918455e-05,4.238554215851842e-05,0.0,580.9064288693228,0.0011771630370809305,1071.3608663282184,4.238554215851842e-05
2004-09-01 21:00:00+00:00,1418.9935930448005,4.2653816184179405e-05,4.265381618440145e-05,0.0,585.1752885758874,0.007348618459729561,1071.406563957678,4.265381618440145e-05
2004-09-02 21:00:00+00:00,1419.056419569465,4.42754110889787e-05,4.4275411088756655e-05,0.0,593.8837623772794,0.014881820834549142,1071.4540009237403,4.4275411088756655e-05
2004-09-03 21:00:00+00:00,1419.1185865994328,4.380870916076418e-05,4.380870916076418e-05,0.0,582.9554815284738,-0.01840138010350767,1071.500939940446,4.380870916076418e-05
2004-09-07 21:00:00+00:00,1419.3639879962902,0.00017292522215894834,0.00017292522215894834,0.0,587.9073587880888,0.008494434680726304,1071.6862294785287,0.00017292522215894834
2004-09-08 21:00:00+00:00,1419.4261022635446,4.376204256262284e-05,4.376204256217875e-05,0.0,585.6875517406751,-0.0037757769387163354,1071.7331286569165,4.376204256217875e-05
2004-09-09 21:00:00+00:00,1419.490157021565,4.512722283900317e-05,4.512722283855908e-05,0.0,590.6394290002902,0.008454810495627019,1071.7814929966369,4.512722283855908e-05
2004-09-10 21:00:00+00:00,1419.5550595160912,4.5722398429592914e-05,4.572239842937087e-05,0.0,599.6894115782072,0.015322347499276967,1071.830497417089,4.572239842937087e-05
2004-09-13 21:00:00+00:00,1419.747523139437,0.00013558024541238112,0.00013558024541238112,0.0,607.5441134382863,0.01309794988610502,1071.9758164589693,0.00013558024541238112
2004-09-14 21:00:00+00:00,1419.8112941753989,4.491716655441458e-05,4.4917166554192534e-05,0.0,608.3978853795993,0.0014052838673412893,1072.0239665752592,4.4917166554192534e-05
2004-09-15 21:00:00+00:00,1419.8758136730146,4.544230481928757e-05,4.544230481884348e-05,0.0,601.909218625621,-0.010665169800729735,1072.0726818151215,4.544230481884348e-05
2004-09-16 21:00:00+00:00,1419.9407503705168,4.5734068343739054e-05,4.5734068343739054e-05,0.0,603.1044993434591,0.001985815602836949,1072.121712060421,4.5734068343739054e-05
2004-09-17 21:00:00+00:00,1420.0053254626753,4.5477314558173276e-05,4.5477314559061455e-05,0.0,604.9827976143475,0.003114382785956993,1072.170469276766,4.5477314559061455e-05
2004-09-20 21:00:00+00:00,1420.2001867809672,0.00013722576584584978,0.00013722576584562773,0.0,604.9827976143475,0.0,1072.3175986905296,0.00013722576584562773
2004-09-21 21:00:00+00:00,1420.265154887827,4.5745738850522244e-05,4.57457388503002e-05,0.0,607.3733590500237,0.003951453570420593,1072.366652651364,4.57457388503002e-05
2004-09-22 21:00:00+00:00,1420.331651095484,4.681957268903858e-05,4.6819572689260625e-05,0.0,596.7865869777434,-0.017430418892324884,1072.4168603998073,4.6819572689260625e-05
2004-09-23 21:00:00+00:00,1420.3989794454596,4.740325960050917e-05,4.740325960028713e-05,0.0,596.2743238129556,-0.0008583690987125081,1072.4676964546406,4.740325960028713e-05
2004-09-24 21:00:00+00:00,1420.4659627637561,4.7158100833444294e-05,4.715810083322225e-05,0.0,594.2252711538044,-0.003436426116838587,1072.5182719944105,4.715810083322225e-05
2004-09-27 21:00:00+00:00,1420.665695457423,0.00014061068614301675,0.0001406106861432388,0.0,589.1026395059268,-0.008620689655172376,1072.6690795245368,0.0001406106861432388
2004-09-28 21:00:00+00:00,1420.7326581844884,4.713475329176653e-05,4.713475329132244e-05,0.0,590.297920223765,0.0020289855072463947,1072.7196395169633,4.713475329132244e-05
2004-09-29 21:00:00+00:00,1420.8000221283953,4.7414933076250776e-05,4.741493307647282e-05,0.0,599.006394025157,0.014752675730402176,1072.7705024468808,4.741493307647282e-05
2004-09-30 21:00:00+00:00,1420.868168898694,4.7963660780858675e-05,4.796366078063663e-05,0.0,600.0309203547325,0.0017103762827823665,1072.8219564473557,4.796366078063663e-05
2004-10-01 21:00:00+00:00,1420.9352075202219,4.7181450746336395e-05,4.7181450746336395e-05,0.0,616.4233416279409,0.027319294251564985,1072.8725737436534,4.7181450746336395e-05
2004-10-04 21:00:00+00:00,1421.1361839050664,0.00014143951376599517,0.00014143951376599517,0.0,620.0091837814552,0.005817174515235557,1073.0243203188165,0.00014143951376599517
2004-10-05 21:00:00+00:00,1421.2028038334868,4.687793413093999e-05,4.68779341304959e-05,0.0,620.8629557227681,0.0013770311209031494,1073.0746214822248,4.68779341304959e-05
2004-10-06 21:00:00+00:00,1421.2690287314758,4.659778168925044e-05,4.6597781689028395e-05,0.0,625.8148329823832,0.007975797579758082,1073.1246243791727,4.6597781689028395e-05
2004-10-07 21:00:00+00:00,1421.3360033062004,4.7123080409550155e-05,4.7123080409550155e-05,0.0,618.8139030636172,-0.011186903137789805,1073.1751933171367,4.7123080409550155e-05
2004-10-08 21:00:00+00:00,1421.4026326017417,4.6877934131162036e-05,4.687793413093999e-05,0.0,607.5441134382863,-0.018211920529801473,1073.22550155316,4.687793413093999e-05
2004-10-11 21:00:00+00:00,1421.6024804084914,0.0001405990126694956,0.0001405990126694956,0.0,610.4469380387503,0.004777965148960117,1073.3763959990501,0.0001405990126694956
2004-10-12 21:00:00+00:00,1421.6691056008892,4.686626065719679e-05,4.6866260657418835e-05,0.0,609.4224117091748,-0.0016783216783217147,1073.4267011370086,4.6866260657418835e-05
2004-10-13 21:00:00+00:00,1421.7353522275064,4.659778168925044e-05,4.6597781689472484e-05,0.0,608.0563766030741,-0.0022415242364807186,1073.4767204400878,4.6597781689472484e-05
2004-10-14 21:00:00+00:00,1421.8015853453242,4.6586108809920646e-05,4.658610880925451e-05,0.0,605.3243063908727,-0.004493119910137566,1073.5267295433905,4.658610880925451e-05
2004-10-15 21:00:00+00:00,1421.8685850157567,4.7123080409550155e-05,4.7123080409550155e-05,0.0,608.3978853795993,0.005077574047954947,1073.5773174297885,4.7123080409550155e-05
2004-10-18 21:00:00+00:00,1422.0696934170605,0.00014143951376599517,0.00014143951376599517,0.0,617.1063591809913,0.014313780522031916,1073.729163683556,0.00014143951376599517
2004-10-19 21:00:00+00:00,1422.1375026105295,4.768345305650179e-05,4.7683453056723835e-05,0.0,612.666745086164,-0.007194244604316502,1073.780362797728,4.7683453056723835e-05
2004-10-20 21:00:00+00:00,1422.2057301342645,4.797533544387278e-05,4.7975335443650735e-05,0.0,615.5695696866279,0.004738015607580692,1073.831877770826,4.7975335443650735e-05
2004-10-21 21:00:00+00:00,1422.276269404935,4.959849983432463e-05,4.959849983432463e-05,0.0,624.9610610410703,0.015256588072122046,1073.8851382210376,4.959849983432463e-05
2004-10-22 21:00:00+00:00,1422.3472938898747,4.993719326362722e-05,4.993719326407131e-05,0.0,611.3007099800632,-0.021857923497267895,1073.9387650307283,4.993719326407131e-05
2004-10-25 21:00:00+00:00,1422.5604281942512,0.00014984688007779745,0.00014984688007779745,0.0,608.3978853795993,-0.00474860335195515,1074.0996914040627,0.00014984688007779745
2004-10-26 21:00:00+00:00,1422.6322478254688,5.048617253367027e-05,5.0486172533892315e-05,0.0,611.6422187565885,0.005332584900364923,1074.1539185864015,5.0486172533892315e-05
2004-10-27 21:00:00+00:00,1422.7041043161444,5.0509533145559615e-05,5.050953314578166e-05,0.0,627.1808680884839,0.02540480178671123,1074.2081735993559,5.050953314578166e-05
2004-10-28 21:00:00+00:00,1422.778258159689,5.2121761172641e-05,5.2121761172641e-05,0.0,631.1082190185234,0.006261911244214602,1074.2641632212299,5.2121761172641e-05
2004-10-29 21:00:00+00:00,1422.8528979748196,5.2460609868409946e-05,5.246060986863199e-05,0.0,630.0836926889478,-0.0016233766233766378,1074.3205197743926,5.246060986863199e-05
2004-11-01 22:00:00+00:00,1423.0799903124964,0.0001596035247213301,0.0001596035247213301,0.0,632.474254124624,0.003794037940379358,1074.491985116029,0.0001596035247213301
2004-11-02 22:00:00+00:00,1423.154280128605,5.220354204560351e-05,5.220354204560351e-05,0.0,634.5233067837751,0.003239740820734305,1074.5480774035516,5.220354204560351e-05
2004-11-03 22:00:00+00:00,1423.228557193686,5.2191857283556686e-05,5.219185728333464e-05,0.0,638.7921664903398,0.006727664155005364,1074.6041600634514,5.219185728333464e-05
2004-11-04 22:00:00+00:00,1423.306281304219,5.461112351934361e-05,5.461112351934361e-05,0.0,642.3780086438542,0.005613472333600766,1074.662845403971,5.461112351934361e-05
2004-11-05 22:00:00+00:00,1422.422236305138,-0.0006211207037397637,5.4178597227227954e-05,1.0,648.1836578447821,0.009037745879851178,1074.7210691294272,5.4178597227227954e-05
2004-11-08 22:00:00+00:00,1423.921100621582,0.0010537407797681642,0.00016080623846925768,1.0,648.8666753978325,0.0010537407797681642,1074.8938909819576,0.00016080623846925768
2004-11-09 22:00:00+00:00,1420.9233719886945,-0.00210526315789461,5.413184271341187e-05,1.0,647.5006402917319,-0.00210526315789461,1074.952076968998,5.413184271341187e-05
2004-11-10 22:00:00+00:00,1416.052062960252,-0.003428270042194259,5.5499598039077114e-05,1.0,645.2808332443182,-0.003428270042194259,1075.011736377181,5.5499598039077114e-05
2004-11-11 22:00:00+00:00,1434.7878669157992,0.013231013495633936,5.690277047221137e-05,1.0,653.8185526574475,0.013231013495633714,1075.072907523271,5.690277047221137e-05
2004-11-12 22:00:00+00:00,1448.652361842904,0.009663097414468469,5.6961235940233834e-05,1.0,660.1364650231633,0.009663097414468469,1075.1341450048094,5.6961235940233834e-05
2004-11-15 22:00:00+00:00,1455.02253518779,0.004397309881013944,0.0001708840486080998,1.0,663.0392896236273,0.004397309881013944,1075.3178682803045,0.0001708840486080998
2004-11-16 22:00:00+00:00,1446.0293492891276,-0.0061807880504762824,5.696123594001179e-05,1.0,658.9411843053252,-0.0061807880504762824,1075.3791197151102,5.696123594001179e-05
2004-11-17 22:00:00+00:00,1465.5145854028965,0.013474993521637613,5.696123594001179e-05,1.0,667.8204124949797,0.013474993521637613,1075.4403746388732,5.696123594001179e-05
2004-11-18 22:00:00+00:00,1472.2594748268934,0.004602403477371508,5.8306300501520525e-05,1.0,670.8939914837063,0.004602403477371508,1075.5030795885284,5.8306300501520525e-05
2004-11-19 22:00:00+00:00,1449.401794001126,-0.01552557902774232,5.8633834908228266e-05,1.0,660.4779737996885,-0.01552557902774232,1075.5661404585403,5.8633834908228266e-05
2004-11-22 22:00:00+00:00,1463.2662889282308,0.00956566701137529,0.00017510639820295104,1.0,666.7958861654041,0.00956566701137529,1075.754478971425,0.00017510639820295104
2004-11-23 22:00:00+00:00,1461.0179924535653,-0.0015364916773366044,5.836478085297081e-05,1.0,665.7713598358287,-0.0015364916773366044,1075.8172651458417,5.836478085297081e-05
2004-11-24 22:00:00+00:00,1473.7583391433373,0.008720184662734054,5.863383490734009e-05,1.0,671.5770090367566,0.008720184662734054,1075.8803444377568,5.863383490734009e-05
2004-11-26 22:00:00+00:00,1469.261746194006,-0.0030511060259343914,0.00012059063836811212,1.0,669.5279563776056,-0.0030511060259343914,1076.0100855353003,0.00012059063836811212
2004-11-29 22:00:00+00:00,1468.8870301148952,-0.0002550369803621111,0.00018016060110537246,1.0,669.357201989343,-0.0002550369803621111,1076.2039401591057,0.00018016060110537246
2004-11-30 22:00:00+00:00,1465.8893014820073,-0.0020408163265308588,5.978026339970022e-05,1.0,667.9911668832423,-0.0020408163265306367,1076.2682759141203,5.978026339970022e-05
2004-12-01 22:00:00+00:00,1495.866587810883,0.020449897750511425,6.030694250158675e-05,1.0,681.6515179442493,0.020449897750511425,1076.3331823631522,6.030694250158675e-05
2004-12-02 22:00:00+00:00,1501.487328997547,0.0037575150300599436,6.140702741808113e-05,1.0,684.2128337681881,0.0037575150300601656,1076.3992767843927,6.140702741808113e-05
2004-12-03 22:00:00+00:00,1503.7356254722129,0.001497379585725156,6.11846478471012e-05,1.0,685.2373600977637,0.001497379585724934,1076.4651358950855,6.11846478471012e-05
2004-12-06 22:00:00+00:00,1508.981650579766,0.0034886618489906596,0.00018268828254108804,1.0,687.6279215334399,0.0034886618489906596,1076.6617934619776,0.00018268828254108804
2004-12-07 22:00:00+00:00,1483.1262411211108,-0.01713434318351137,6.089206329340513e-05,1.0,675.8458687433213,-0.01713434318351148,1076.7273536200507,6.089206329340513e-05
2004-12-08 22:00:00+00:00,1491.7447109406626,0.005811015664477059,6.0622899489048976e-05,1.0,679.7732196733609,0.0058110156644772815,1076.7926279541864,6.0622899489048976e-05
2004-12-09 22:00:00+00:00,1500.737896839325,0.006028636021100153,6.19571531188523e-05,1.0,683.871324991663,0.006028636021100153,1076.8593429599139,6.19571531188523e-05
2004-12-10 22:00:00+00:00,1496.2413038899938,-0.0029962546816478808,6.174645348799856e-05,1.0,681.822272332512,-0.0029962546816478808,1076.925835205247,6.174645348799856e-05
2004-12-13 22:00:00+00:00,1509.3563666588768,0.008765339343851819,0.00018437361836776134,1.0,687.7986759217025,0.008765339343851819,1077.1243919181975,0.00018437361836776134
2004-12-14 22:00:00+00:00,1516.7382734173623,0.004890764647467627,6.145383909861302e-05,1.0,691.1625373704754,0.004890764647467627,1077.1905853472676,6.145383909861302e-05
2004-12-15 22:00:00+00:00,1511.2299470544315,-0.0036316920720408374,6.172304407581208e-05,1.0,688.6524478630154,-0.0036316920720409485,1077.257072829245,6.172304407581208e-05
2004-12-16 22:00:00+00:00,1496.9907360482157,-0.009422266303000248,6.173474848436555e-05,1.0,682.1637811090371,-0.009422266303000137,1077.3235770236893,6.173474848436555e-05
2004-12-17 22:00:00+00:00,1493.3158740240458,-0.002454832842767485,6.092717472516718e-05,1.0,680.4891830550242,-0.002454832842767485,1077.3892153055021,6.092717472516718e-05
2004-12-20 22:00:00+00:00,1482.91278687125,-0.006966434452184922,0.0001818456790902978,1.0,675.7485997658506,-0.006966434452184811,1077.585133879004,0.0001818456790902978
2004-12-21 22:00:00+00:00,1501.0709026288573,0.01224489795918382,6.034204678861954e-05,1.0,684.0230724160446,0.012244897959183376,1077.650157571571,6.034204678861954e-05
2004-12-22 22:00:00+00:00,1502.9623730202745,0.0012600806451612545,6.033034476460308e-05,1.0,684.8849966504398,0.0012600806451612545,1077.715172577113,6.033034476460308e-05
2004-12-23 22:00:00+00:00,1504.0215964394686,0.0007047571104961126,6.113783617056612e-05,1.0,685.3676742217012,0.0007047571104961126,1077.7810617507726,6.113783617056612e-05
2004-12-27 22:00:00+00:00,1497.666255924306,-0.004225564666230808,0.00024246877210565287,1.0,682.4716087941333,-0.004225564666230697,1078.0423900014139,0.00024246877210565287
2004-12-28 22:00:00+00:00,1512.0414308990783,0.009598383430159174,6.0072910429420645e-05,1.0,689.0222329755369,0.009598383430158952,1078.1071511453476,6.0072910429420645e-05
2004-12-29 22:00:00+00:00,1513.9329012904957,0.0012509382036527406,6.004950697890976e-05,1.0,689.8841572099321,0.0012509382036527406,1078.1718909482443,6.004950697890976e-05
2004-12-30 22:00:00+00:00,1512.7980190556452,-0.0007496251874062887,6.247222822630683e-05,1.0,689.367002669295,-0.0007496251874063997,1078.2392467486827,6.247222822630683e-05
2004-12-31 22:00:00+00:00,1509.960813468519,-0.0018754688672167896,6.20390839867202e-05,1.0,688.0741163177021,-0.0018754688672169006,1078.3061397238696,6.20390839867202e-05
2005-01-03 22:00:00+00:00,1494.2237798119263,-0.01042214706250777,0.0001860474205235274,1.0,680.9029066875339,-0.01042214706250777,1078.5067557997,0.0001860474205235274
2005-01-04 22:00:00+00:00,1467.0244355833438,-0.018202992480822355,6.120805725529088e-05,1.0,668.5084361969307,-0.018202992480822244,1078.5727691029592,6.120805725529088e-05
2005-01-05 22:00:00+00:00,1461.3181825828658,-0.0038896782235321448,6.090376650891294e-05,0.0,664.3711998718336,-0.006188757091284192,1078.6384582470516,6.090376650891294e-05
2005-01-06 22:00:00+00:00,1461.4114932595176,6.385377104312084e-05,6.385377104312084e-05,0.0,661.0441723270682,-0.005007784120394265,1078.7073333802027,6.385377104312084e-05
2005-01-07 22:00:00+00:00,1461.5053916776178,6.425186782332837e-05,6.425186782288428e-05,0.0,664.5435847187126,0.005293764831668435,1078.7766423412068,6.425186782288428e-05
2005-01-10 22:00:00+00:00,1461.7859418982794,0.00019195975756169936,0.00019195975756169936,0.0,664.1988150249547,-0.0005188067444874545,1078.9837240439338,0.00019195975756169936
2005-01-11 22:00:00+00:00,1461.8786833335537,6.3443923365325e-05,6.3443923365325e-05,0.0,659.5271856745326,-0.007033480404879389,1079.0521790046344,6.3443923365325e-05
2005-01-12 22:00:00+00:00,1461.9717901043005,6.368980669080315e-05,6.368980669080315e-05,0.0,665.0607392593498,0.008390182702109117,1079.1209036293244,6.368980669080315e-05
2005-01-13 22:00:00+00:00,1462.0668887767536,6.504822671460353e-05,6.504822671460353e-05,0.0,656.2691120685187,-0.013219284603421366,1079.1910985305162,6.504822671460353e-05
2005-01-14 22:00:00+00:00,1462.1612915888106,6.456805278998168e-05,6.456805278998168e-05,0.0,662.4749665561642,0.009456264775413725,1079.2607797983367,6.456805278998168e-05
2005-01-18 22:00:00+00:00,1462.5371645251032,0.00025706667140945605,0.0002570666714096781,0.0,667.4741271156564,0.007546187874056587,1079.5382217745826,0.0002570666714096781
2005-01-19 22:00:00+00:00,1462.631546318776,6.453291988872678e-05,6.453291988917087e-05,0.0,656.4414969153976,-0.016528925619834767,1079.6078875281657,6.453291988917087e-05
2005-01-20 22:00:00+00:00,1462.726345299759,6.481398628510604e-05,6.481398628510604e-05,0.0,643.8574030932275,-0.01917016806722671,1079.6778612189812,6.481398628510604e-05
2005-01-21 22:00:00+00:00,1462.8227437325697,6.590325874733516e-05,6.590325874711311e-05,0.0,638.6858576868561,-0.008032128514056325,1079.7490155084326,6.590325874711311e-05
2005-01-24 22:00:00+00:00,1463.1085148143552,0.00019535591923891538,0.00019535591923935947,0.0,629.721845649146,-0.014035087719298067,1079.959950869905,0.00019535591923935947
2005-01-25 22:00:00+00:00,1463.2029848821774,6.456805278998168e-05,6.456805279042577e-05,0.0,632.8247728929687,0.004927456884752157,1080.0296817810242,6.456805279042577e-05
2005-01-26 22:00:00+00:00,1463.2974267778325,6.454463026028812e-05,6.454463025984403e-05,0.0,640.4097061556466,0.011985834922364491,1080.0993918975043,6.454463025984403e-05
2005-01-27 22:00:00+00:00,1463.3930572734519,6.535273955199372e-05,6.535273955177168e-05,0.0,639.5477819212514,-0.0013458950201884479,1080.169979351753,6.535273955177168e-05
2005-01-28 22:00:00+00:00,1463.4895339228797,6.592668247829003e-05,6.592668247806799e-05,0.0,636.4448546774287,-0.004851752021563183,1080.241191375004,6.592668247806799e-05
2005-01-31 22:00:00+00:00,1463.7803036655064,0.0001986824885911176,0.0001986824885911176,0.0,644.7193273276226,0.013001083423618498,1080.455816383185,0.0001986824885911176
2005-02-01 22:00:00+00:00,1463.8784349172822,6.703960391463148e-05,6.703960391463148e-05,0.0,646.7879454901713,0.0032085561497328108,1080.5282497131627,6.703960391463148e-05
2005-02-02 22:00:00+00:00,1463.9770186819221,6.73442290619608e-05,6.734422906173876e-05,0.0,647.8222545714455,0.0015991471215350828,1080.601017055119,6.734422906173876e-05
2005-02-03 22:00:00+00:00,1464.0783883863435,6.924268832619873e-05,6.924268832642078e-05,0.0,640.4786600943983,-0.011335816923895625,1080.675840774548,6.924268832642078e-05
2005-02-04 22:00:00+00:00,1464.179490529517,6.905514347832487e-05,6.905514347832487e-05,0.0,650.7527969683892,0.016041341443720825,1080.7504669997863,6.905514347832487e-05
2005-02-07 22:00:00+00:00,1464.4827671541734,0.0002071307695663549,0.000207130769566799,0.0,649.4426721321084,-0.0020132450331127316,1080.9743236757256,0.000207130769566799
2005-02-08 22:00:00+00:00,1464.5826958100622,6.823477758155505e-05,6.823477758199914e-05,0.0,650.5804121215102,0.00175187131708876,1081.0480837182733,6.823477758199914e-05
2005-02-09 22:00:00+00:00,1464.682185057084,6.79300986599074e-05,6.793009865968536e-05,0.0,639.7201667681304,-0.016693163751987372,1081.1215194212562,6.793009865968536e-05
2005-02-10 22:00:00+00:00,1464.7836379131872,6.926612280677702e-05,6.926612280677702e-05,0.0,640.4097061556466,0.0010778765831314097,1081.1964045171894,6.926612280677702e-05
2005-02-11 22:00:00+00:00,1464.8851836279262,6.932471944010032e-05,6.932471943965623e-05,0.0,649.890872733994,0.014804845222072593,1081.2713581545918,6.932471943965623e-05
2005-02-14 22:00:00+00:00,1465.1886235925513,0.0002071424900849106,0.0002071424900844665,0.0,652.8041766462499,0.0044827586206896974,1081.4953353961769,0.0002071424900844665
2005-02-15 22:00:00+00:00,1465.289785230406,6.904342295999122e-05,6.904342296021326e-05,0.0,657.1310363029138,0.0066281127043226196,1081.570005536048,6.904342296021326e-05
2005-02-16 22:00:00+00:00,1465.3921389339823,6.985219211097515e-05,6.985219211075311e-05,0.0,654.7176484466072,-0.003672612801678854,1081.645555571856,6.985219211075311e-05
2005-02-17 22:00:00+00:00,1465.4965269917604,7.123557920407642e-05,7.123557920407642e-05,0.0,645.9260212557759,-0.013428120063191273,1081.7226072195008,7.123557920407642e-05
2005-02-18 22:00:00+00:00,1465.6010083894857,7.129419674556381e-05,7.129419674534176e-05,0.0,643.8574030932275,-0.0032025620496395346,1081.7997277638838,7.129419674534176e-05
2005-02-22 22:00:00+00:00,1466.015700056526,0.00028294990564714517,0.00028294990564714517,0.0,635.9277001367915,-0.012315930388219543,1082.1058228947836,0.00028294990564714517
2005-02-23 22:00:00+00:00,1466.1193934245687,7.073141715929765e-05,7.073141715929765e-05,0.0,636.7896243711866,0.0013553808620221375,1082.1823617731534,7.073141715929765e-05
2005-02-24 22:00:00+00:00,1466.2242802422247,7.154043396906395e-05,7.154043396906395e-05,0.0,644.8917121745017,0.012723335138061787,1082.2597815689483,7.154043396906395e-05
2005-02-25 22:00:00+00:00,1466.331994643229,7.346379572070738e-05,7.346379572070738e-05,0.0,648.5117939589616,0.005613472333600544,1082.3392884804582,7.346379572070738e-05
2005-02-28 22:00:00+00:00,1466.6555235491444,0.0002206382368366011,0.00022063823683637906,0.0,641.6164000837999,-0.010632642211589438,1082.5780939127274,0.00022063823683637906
2005-03-01 22:00:00+00:00,1466.7637857323618,7.381568574160724e-05,7.381568574160724e-05,0.0,648.6841788058407,0.011015583019881703,1082.6580051570984,7.381568574160724e-05
2005-03-02 22:00:00+00:00,1466.8740520515594,7.517660326095132e-05,7.517660326117337e-05,0.0,648.3394091120826,-0.0005314908317830547,1082.7393957084196,7.517660326117337e-05
2005-03-03 22:00:00+00:00,1466.9856004014734,7.6044940435116e-05,7.6044940435116e-05,0.0,642.9954788588323,-0.008242488699813921,1082.821732561273,7.6044940435116e-05
2005-03-04 22:00:00+00:00,1467.0964169987708,7.55403442727065e-05,7.554034427226242e-05,0.0,646.7879454901713,0.005898123324396876,1082.903529287736,7.554034427226242e-05
2005-03-07 22:00:00+00:00,1467.426345050502,0.00022488505043605223,0.00022488505043560814,0.0,656.0967272216396,0.014392324093816633,1083.147058102537,0.00022488505043560814
2005-03-08 22:00:00+00:00,1467.5371260668585,7.549340839507757e-05,7.549340839485552e-05,0.0,649.546103040236,-0.0099842354177615,1083.228828565746,7.549340839485552e-05
2005-03-09 22:00:00+00:00,1467.6479498847696,7.5516875138959e-05,7.551687513873695e-05,0.0,647.6498697245664,-0.0029193205944798573,1083.3106306219395,7.551687513873695e-05
2005-03-10 22:00:00+00:00,1467.7591781790634,7.578676773434267e-05,7.578676773456472e-05,0.0,646.7879454901713,-0.0013308490817139917,1083.3927312330868,7.578676773456472e-05
2005-03-11 22:00:00+00:00,1467.8700359887357,7.552860940696071e-05,7.552860940718276e-05,0.0,640.7544758494047,-0.00932835820895539,1083.4745583795186,7.552860940718276e-05
2005-03-14 22:00:00+00:00,1468.2025837426422,0.0002265512243952994,0.00022655122439552144,0.0,643.6850182463485,0.004573580844767333,1083.720020867321,0.00022655122439552144
2005-03-15 22:00:00+00:00,1468.3130615770592,7.524699632077692e-05,7.524699632099896e-05,0.0,638.5134728399771,-0.008034279592929905,1083.801567543744,7.524699632099896e-05
2005-03-16 22:00:00+00:00,1468.4239267624932,7.550514146825726e-05,7.550514146825726e-05,0.0,631.1871168476179,-0.011474082073433922,1083.883400134425,7.550514146825726e-05
2005-03-17 22:00:00+00:00,1468.5367993348802,7.686647590654516e-05,7.68664759067672e-05,0.0,632.8247728929687,0.002594565068960719,1083.9667144316873,7.68664759067672e-05
2005-03-18 22:00:00+00:00,1468.6497667532167,7.692515324619897e-05,7.692515324597693e-05,0.0,629.3770759553878,-0.005448106782892981,1084.0500987373084,7.692515324597693e-05
2005-03-21 22:00:00+00:00,1468.9874721344083,0.00022994276023902138,0.00022994276023879934,0.0,630.5837698835411,0.0019172829361817634,1084.2993682092492,0.00022994276023879934
2005-03-22 22:00:00+00:00,1469.0996639004209,7.637353492850885e-05,7.637353492873089e-05,0.0,622.8264517739842,-0.012301804264625349,1084.3821799849204,7.637353492873089e-05
2005-03-23 22:00:00+00:00,1469.2126401334235,7.690168051821544e-05,7.690168051821544e-05,0.0,625.0674547834117,0.003598117907555931,1084.4655707968852,7.690168051821544e-05
2005-03-24 22:00:00+00:00,1469.3276428976965,7.827509860147686e-05,7.827509860125481e-05,0.0,625.2398396302908,0.0002757859900719417,1084.5504574463691,7.827509860125481e-05
2005-03-28 22:00:00+00:00,1469.7856043727434,0.00031168097684708407,0.00031168097684752816,0.0,626.4465335584441,0.001929969671905063,1084.8884911923865,0.00031168097684752816
2005-03-29 22:00:00+00:00,1469.8998927763657,7.775855422886835e-05,7.775855422909039e-05,0.0,621.4473729989518,-0.007980187121629179,1084.9728505529613,7.775855422909039e-05
2005-03-30 22:00:00+00:00,1470.0142073212483,7.77702926875179e-05,7.777029268773994e-05,0.0,633.1695425867267,0.018862690707350804,1085.057229209107,7.777029268773994e-05
2005-03-31 22:00:00+00:00,1470.1289276644438,7.804029554558944e-05,7.804029554558944e-05,0.0,630.4113850366621,-0.004356112169888293,1085.1419073959582,7.804029554558944e-05
2005-04-01 22:00:00+00:00,1470.243277279363,7.778203174391152e-05,7.778203174391152e-05,0.0,624.0331457021375,-0.010117582718074836,1085.226311938246,7.778203174391152e-05
2005-04-04 21:00:00+00:00,1470.580329611538,0.00022924936123414064,0.0002292493612339186,0.0,628.5151517209927,0.007182320441988965,1085.4750993770522,0.0002292493612339186
2005-04-05 21:00:00+00:00,1470.69269481145,7.640874670333808e-05,7.640874670311604e-05,0.0,630.239000189783,0.0027427317608337276,1085.558039168973,7.640874670311604e-05
2005-04-06 21:00:00+00:00,1470.8053965410702,7.663173280025859e-05,7.663173280025859e-05,0.0,629.2046911085088,-0.001641137855579844,1085.6412273625697,7.663173280025859e-05
2005-04-07 21:00:00+00:00,1470.9185212092475,7.691341658344619e-05,7.691341658322415e-05,0.0,636.7896243711866,0.012054794520547807,1085.7247277385497,7.691341658322415e-05
2005-04-08 21:00:00+00:00,1471.0312747708035,7.665520552646576e-05,7.665520552579963e-05,0.0,631.6180789648154,-0.008121277747698885,1085.807954190699,7.665520552579963e-05
2005-04-11 21:00:00+00:00,1471.3658333492879,0.00022743131585456489,0.00022743131585500898,0.0,628.8599214147506,-0.004366812227074357,1086.0549009224865,0.00022743131585500898
2005-04-12 21:00:00+00:00,1471.4773606753547,7.579850200345462e-05,7.579850200345462e-05,0.0,631.9628486585734,0.00493421052631593,1086.1372222570699,7.579850200345462e-05
2005-04-13 21:00:00+00:00,1471.5896907975402,7.633832853115585e-05,7.63383285313779e-05,0.0,621.6197578458309,-0.016366612111292755,1086.2201361571726,7.63383285313779e-05
2005-04-14 21:00:00+00:00,1471.7012696303623,7.582197233357846e-05,7.582197233357846e-05,0.0,612.8281306549995,-0.014143094841930326,1086.3024955102846,7.582197233357846e-05
2005-04-15 21:00:00+00:00,1471.8128223819965,7.579850200323257e-05,7.579850200301053e-05,0.0,598.8649580577971,-0.022784810126582067,1086.3848356121664,7.579850200301053e-05
2005-04-18 21:00:00+00:00,1472.1487331963212,0.0002282293028139648,0.00022822930281352072,0.0,599.0373429046762,0.0002878526194587394,1086.6327804657853,0.00022822930281352072
2005-04-19 21:00:00+00:00,1472.260734482821,7.608014324511636e-05,7.608014324511636e-05,0.0,603.1745792297733,0.0069064748201439485,1086.715451643378,7.608014324511636e-05
2005-04-20 21:00:00+00:00,1472.3731416832397,7.635006339978823e-05,7.635006339956618e-05,0.0,598.2443726090326,-0.008173763932552314,1086.7984224370082,7.635006339956618e-05
2005-04-21 21:00:00+00:00,1472.4903454062348,7.960191589817533e-05,7.960191589839738e-05,0.0,614.8277948787965,0.027720147533425443,1086.8849336736296,7.960191589839738e-05
2005-04-22 21:00:00+00:00,1472.607765892048,7.974278824951497e-05,7.974278824951497e-05,0.0,604.8984276985638,-0.01614983457634689,1086.9716049087472,7.974278824951497e-05
2005-04-25 21:00:00+00:00,1472.9551456715128,0.00023589430092019192,0.0002358943009210801,0.0,609.8113958346164,0.008121972071815087,1087.2280153156082,0.0002358943009210801
2005-04-26 21:00:00+00:00,1473.0713406305222,7.888560581825743e-05,7.888560581803539e-05,0.0,604.2088883110474,-0.009187279151943617,1087.3137819562587,7.888560581803539e-05
2005-04-27 21:00:00+00:00,1473.1895513275383,8.024777467019462e-05,8.024777467041666e-05,0.0,605.0708125454427,0.0014265335235379428,1087.4010364676292,8.024777467041666e-05
2005-04-28 21:00:00+00:00,1473.3082559547177,8.057661491855939e-05,8.05766149181153e-05,0.0,599.0373429046762,-0.009971509971509973,1087.4886555622063,8.05766149181153e-05
2005-04-29 21:00:00+00:00,1473.4261915095906,8.00481191878255e-05,8.004811918804755e-05,0.0,603.0021943828941,0.006618705035971173,1087.5757069837223,8.004811918804755e-05
2005-05-02 21:00:00+00:00,1473.7762382688222,0.0002375733248456413,0.00023757332484586335,0.0,605.4155822392007,0.004002287021154904,1087.834085960452,0.00023757332484586335
2005-05-03 21:00:00+00:00,1473.8925326078815,7.890908812302477e-05,7.890908812302477e-05,0.0,608.5185094830235,0.005125284738040969,1087.9199259562045,7.890908812302477e-05
2005-05-04 21:00:00+00:00,1474.0096149112949,7.943747649363786e-05,7.94374764938599e-05,0.0,615.8965809294466,0.012124645892351182,1088.0063475697498,7.94374764938599e-05
2005-05-05 21:00:00+00:00,1474.1283336874246,8.054138516389031e-05,8.054138516411236e-05,0.0,616.4482124394596,0.000895656068069961,1088.0939771080505,8.054138516411236e-05
2005-05-06 21:00:00+00:00,1474.2459367268002,7.977801978831245e-05,7.977801978875654e-05,0.0,618.1203454541862,0.0027125279642057354,1088.1807830908883,7.977801978875654e-05
2005-05-09 21:00:00+00:00,1474.593702941429,0.00023589430092041397,0.00023589430092019192,0.0,621.1026033051937,0.004824720417212935,1088.4374787359905,0.00023589430092019192
2005-05-10 21:00:00+00:00,1474.7072401473629,7.699558577223264e-05,7.699558577178856e-05,0.0,616.551643347587,-0.007327227310574558,1088.5212836172418,7.699558577178856e-05
2005-05-11 21:00:00+00:00,1474.8226730019928,7.827509860081072e-05,7.827509860125481e-05,0.0,619.7235245301614,0.005144550690600047,1088.6064877280464,7.827509860125481e-05
2005-05-12 21:00:00+00:00,1474.9405912399993,7.995418036688129e-05,7.995418036710333e-05,0.0,617.999676061371,-0.0027816411682891617,1088.693526367515,7.995418036710333e-05
2005-05-13 21:00:00+00:00,1475.0578260756229,7.948444589556125e-05,7.948444589511716e-05,0.0,624.7226850896537,0.01087866108786617,1088.780060569208,7.948444589511716e-05
2005-05-16 21:00:00+00:00,1475.4057664892396,0.00023588255827400317,0.00023588255827422522,0.0,628.9288753535023,0.006732891832229582,1089.036884795293,0.00023588255827422522
2005-05-17 21:00:00+00:00,1475.5221547669569,7.888560581825743e-05,7.888560581803539e-05,0.0,632.6523880460896,0.0059204034645323755,1089.1227941297082,7.888560581803539e-05
2005-05-18 21:00:00+00:00,1475.6361791176491,7.727728812745305e-05,7.727728812700896e-05,0.0,641.2716303900419,0.013623978201634968,1089.206958585676,7.727728812700896e-05
2005-05-19 21:00:00+00:00,1475.7532959937832,7.936704032562858e-05,7.936704032585062e-05,0.0,646.650037612668,0.00838709677419347,1089.2934057182813,7.936704032585062e-05
2005-05-20 21:00:00+00:00,1475.869763669033,7.892083017257967e-05,7.892083017235763e-05,0.0,649.2013333464778,0.0039454041373425675,1089.379373658162,7.892083017235763e-05
2005-05-23 21:00:00+00:00,1476.2166306956863,0.000235025498314112,0.00023502549831388997,0.0,652.4766454371796,0.005045140732873099,1089.635405588309,0.00023502549831388997
2005-05-24 21:00:00+00:00,1476.332666963984,7.860382133961785e-05,7.860382133939581e-05,0.0,654.5452635997282,0.0031704095112286,1089.721055095055,7.860382133939581e-05
2005-05-25 21:00:00+00:00,1476.449527056274,7.915566383176476e-05,7.915566383176476e-05,0.0,651.7871060496635,-0.004213853041875049,1089.8073126885624,7.915566383176476e-05
2005-05-26 21:00:00+00:00,1476.5696216185372,8.134010683225057e-05,8.134010683247261e-05,0.0,658.3377302310671,0.010050251256281229,1089.8959577318033,8.134010683247261e-05
2005-05-27 21:00:00+00:00,1476.6886679716158,8.062359629756877e-05,8.062359629779081e-05,0.0,658.6824999248253,0.0005236973029589809,1089.983829063506,8.062359629779081e-05
2005-05-31 21:00:00+00:00,1477.1663328479838,0.0003234702660948052,0.00032347026609436114,0.0,656.4414969153976,-0.0034022507197070118,1090.3364064227317,0.00032347026609436114
2005-06-01 21:00:00+00:00,1477.2853926086448,8.060010441179877e-05,8.060010441202081e-05,0.0,661.785427168648,0.00814075630252109,1090.4242876509336,8.060010441202081e-05
2005-06-02 21:00:00+00:00,1477.4052427851977,8.11286547288681e-05,8.11286547288681e-05,0.0,666.4398180343821,0.007033081531648833,1090.5127523064743,8.11286547288681e-05
2005-06-03 21:00:00+00:00,1477.526334896016,8.196269196258932e-05,8.196269196236727e-05,0.0,656.7862666091557,-0.014485256078634157,1090.6021336672727,8.196269196236727e-05
2005-06-06 21:00:00+00:00,1477.8873335433982,0.00024432637094595755,0.00024432637094640164,0.0,656.9586514560348,0.0002624671916009458,1090.868596528738,0.00024432637094640164
2005-06-07 21:00:00+00:00,1478.0076839092599,8.143406004634812e-05,8.143406004612608e-05,0.0,651.4423363559054,-0.008396746260823984,1090.9574303875302,8.143406004612608e-05
2005-06-08 21:00:00+00:00,1478.129242130952,8.224464799178044e-05,8.22446479915584e-05,0.0,650.063257580873,-0.00211696215930135,1091.0471557973663,8.22446479915584e-05
2005-06-09 21:00:00+00:00,1478.2516613140624,8.282035130702248e-05,8.282035130746657e-05,0.0,654.2004939059701,0.006364359586316759,1091.1375167061024,8.282035130746657e-05
2005-06-10 21:00:00+00:00,1478.3741253717612,8.284384919265975e-05,8.284384919332588e-05,0.0,647.2533845767446,-0.010619235836627272,1091.2279107379854,8.284384919332588e-05
2005-06-13 21:00:00+00:00,1478.7415490467163,0.00024853226842203036,0.0002485322684218083,0.0,650.4080272746311,0.004873891389458596,1091.4991160860063,0.0002485322684218083
2005-06-14 21:00:00+00:00,1478.862854916047,8.203317842037094e-05,8.203317842059299e-05,0.0,647.8222545714455,-0.003975616220514122,1091.588655227742,8.203317842059299e-05
2005-06-15 21:00:00+00:00,1478.9845182158117,8.22681422827376e-05,8.226814228295964e-05,0.0,649.890872733994,0.0031931878658861823,1091.6784581985448,8.226814228295964e-05
2005-06-16 21:00:00+00:00,1479.1074079305245,8.309060250399902e-05,8.309060250422107e-05,0.0,653.3385696715749,0.0053050397877985045,1091.7691664193774,8.309060250422107e-05
2005-06-17 21:00:00+00:00,1479.2295605507109,8.258536163863184e-05,8.258536163907593e-05,0.0,653.4175363532445,0.00012086640118202929,1091.8593305708125,8.258536163907593e-05
2005-06-20 21:00:00+00:00,1479.5947115195045,0.0002468521306846494,0.0002468521306850935,0.0,653.4175363532445,0.0,1092.1288583729722,0.0002468521306850935
2005-06-21 21:00:00+00:00,1479.7152530684446,8.146930237162842e-05,8.146930237162842e-05,0.0,653.0724518344417,-0.0005281225244254673,1092.2178333491638,8.146930237162842e-05
2005-06-22 21:00:00+00:00,1479.8361520819096,8.170424222786465e-05,8.17042422280867e-05,0.0,652.382282796836,-0.0010568031704095704,1092.3070721795857,8.17042422280867e-05
2005-06-23 21:00:00+00:00,1479.9586778624234,8.279685581502605e-05,8.2796855814804e-05,0.0,645.1355079019755,-0.011108172441153252,1092.3975117707464,8.2796855814804e-05
2005-06-24 21:00:00+00:00,1480.0812833359435,8.28438491924377e-05,8.284384919265975e-05,0.0,637.8887330071151,-0.011232949986627494,1092.4880101854699,8.284384919265975e-05
2005-06-27 21:00:00+00:00,1480.45036606468,0.0002493665266172229,0.0002493665266172229,0.0,634.9555145972906,-0.00459832296456586,1092.7604401259407,0.0002493665266172229
2005-06-28 21:00:00+00:00,1480.5746301631868,8.393668666983878e-05,8.393668666961673e-05,0.0,640.994493676341,0.009510869565217517,1092.8521628166086,8.393668666961673e-05
2005-06-29 21:00:00+00:00,1480.699757325031,8.451256646901939e-05,8.451256646924143e-05,0.0,639.5796471492492,-0.0022072678331089834,1092.9445225576596,8.451256646924143e-05
2005-06-30 21:00:00+00:00,1480.8277322801769,8.642870002018022e-05,8.642870002040226e-05,0.0,634.6104300784879,-0.0077695046940756685,1093.0389843319388,8.642870002040226e-05
2005-07-01 21:00:00+00:00,1480.955439707538,8.62405697688029e-05,8.624056976858085e-05,0.0,633.6614476517799,-0.0014953779227842023,1093.1332486367269,8.624056976858085e-05
2005-07-05 21:00:00+00:00,1481.462937516875,0.00034268270045800797,0.0003426827004575639,0.0,640.3043246387352,0.010483321987746708,1093.5078464903297,0.0003426827004575639
2005-07-06 21:00:00+00:00,1481.5898463105498,8.56645080082874e-05,8.56645080082874e-05,0.0,637.1985639695093,-0.004850444624090566,1093.6015213020025,8.56645080082874e-05
2005-07-07 21:00:00+00:00,1481.7183685228758,8.674614816372994e-05,8.674614816395199e-05,0.0,639.4416133417282,0.0035201733008396463,1093.6963870216018,8.674614816395199e-05
2005-07-08 21:00:00+00:00,1481.8489753830975,8.814553628821997e-05,8.814553628844202e-05,0.0,651.6921137592302,0.019158121964381936,1093.7927914761726,8.814553628844202e-05
2005-07-11 21:00:00+00:00,1482.2373811394953,0.0002621088672665195,0.0002621088672665195,0.0,657.7310928382805,0.009266613714588257,1094.0794842657708,0.0002621088672665195
2005-07-12 21:00:00+00:00,1482.3652624212702,8.62758444781786e-05,8.627584447773451e-05,0.0,660.8368535075062,0.004721930745015701,1094.1738768972016,8.627584447773451e-05
2005-07-13 21:00:00+00:00,1482.4938867517496,8.676966044740553e-05,8.676966044784962e-05,0.0,662.3897338421193,0.0023498694516972396,1094.2688179929708,8.676966044784962e-05
2005-07-14 21:00:00+00:00,1482.6237599621054,8.760455035683457e-05,8.760455035727865e-05,0.0,668.946339699374,0.009898411044543032,1094.364680920741,8.760455035727865e-05
2005-07-15 21:00:00+00:00,1482.7540978808104,8.791031293631235e-05,8.79103129365344e-05,0.0,671.0168468121911,0.0030951766830020766,1094.4608868623075,8.79103129365344e-05
2005-07-18 21:00:00+00:00,1482.2474564074028,-0.0003416894777978907,0.00026460205700140627,1.0,668.3079333395885,-0.004037027513499658,1094.750483464279,0.00026460205700140627
2005-07-19 21:00:00+00:00,1499.3534025776999,0.011540546820540731,8.847484720542198e-05,1.0,676.0205723348329,0.011540546820540731,1094.8473413460315,8.847484720542198e-05
2005-07-20 21:00:00+00:00,1510.068536644105,0.007146503318019359,8.902767734242367e-05,1.0,680.8517555980732,0.007146503318019359,1094.9448130618762,8.902767734242367e-05
2005-07-21 21:00:00+00:00,1510.4512200036195,0.0002534211860110158,9.040411588090436e-05,1.0,681.0242978574745,0.0002534211860110158,1095.0438005796393,9.040411588090436e-05
2005-07-22 21:00:00+00:00,1508.5378032060473,-0.001266784899923823,9.073356146238609e-05,1.0,680.1615865604674,-0.001266784899923823,1095.1431578036231,9.073356146238609e-05
2005-07-25 21:00:00+00:00,1502.7975528133302,-0.003805175038051778,0.0002714014369049611,1.0,677.5734526694458,-0.003805175038051778,1095.4403812302676,0.0002714014369049611
2005-07-26 21:00:00+00:00,1508.5378032060473,0.0038197097020626902,9.154551752477147e-05,1.0,680.1615865604674,0.0038197097020626902,1095.5406638868849,9.154551752477147e-05
2005-07-27 21:00:00+00:00,1520.0183039914814,0.007610350076103334,9.240466593385399e-05,1.0,685.3378543425105,0.007610350076103334,1095.6418969559484,9.240466593385399e-05
2005-07-28 21:00:00+00:00,1527.2892878222563,0.00478348439073506,9.433531234881443e-05,1.0,688.6161572711378,0.004783484390735282,1095.74525467652,9.433531234881443e-05
2005-07-29 21:00:00+00:00,1514.4693952785217,-0.00839388624404891,9.414691247067175e-05,1.0,682.8359915811897,-0.008393886244049131,1095.8484157091023,9.414691247067175e-05
2005-08-01 21:00:00+00:00,1517.33952047488,0.0018951358180667732,0.00027989870453404286,1.0,684.1300585267004,0.0018951358180669953,1096.1551422610248,0.00027989870453404286
2005-08-02 21:00:00+00:00,1533.7949049340023,0.010844892812105877,9.328749084169807e-05,1.0,691.5493756809623,0.0108448928121061,1096.2573998238197,9.328749084169807e-05
2005-08-03 21:00:00+00:00,1533.0295382149734,-0.0004990019960079417,9.355825359458336e-05,1.0,691.2042911621594,-0.0004990019960079417,1096.3599637516375,9.355825359458336e-05
2005-08-04 21:00:00+00:00,1518.2196922017633,-0.009660509236145809,9.546575264085533e-05,1.0,684.5269057233238,-0.009660509236145698,1096.4646285807423,9.546575264085533e-05
2005-08-05 21:00:00+00:00,1510.833903363134,-0.004864769490585563,9.554817389267889e-05,1.0,681.1968401168759,-0.004864769490585674,1096.5693937737412,9.554817389267889e-05
2005-08-08 21:00:00+00:00,1499.7360859372143,-0.007345491388044523,0.0002841371970272455,1.0,676.1931145942343,-0.007345491388044523,1096.880969927634,0.0002841371970272455
2005-08-09 21:00:00+00:00,1509.6858532845906,0.0066343454963000426,9.497114136158835e-05,1.0,680.6792133386717,0.0066343454963000426,1096.9851419652857,9.497114136158835e-05
2005-08-10 21:00:00+00:00,1496.6746190610986,-0.008618504435994878,9.633728416669207e-05,1.0,674.8127765190228,-0.00861850443599499,1097.0908225346338,9.633728416669207e-05
2005-08-11 21:00:00+00:00,1508.9970232374646,0.008233188442853479,9.720895543452457e-05,1.0,680.3686372717491,0.008233188442853479,1097.1974695875092,9.720895543452457e-05
2005-08-12 21:00:00+00:00,1500.5014526562434,-0.005629945222154542,9.643150633098507e-05,1.0,676.5381991130372,-0.005629945222154542,1097.3032739922442,9.643150633098507e-05
2005-08-15 21:00:00+00:00,1509.5327799407846,0.0060188727365466654,0.0002883532158808322,1.0,680.6101964349111,0.0060188727365468875,1097.6196849200965,0.0002883532158808322
2005-08-16 21:00:00+00:00,1485.1941182756646,-0.016123307813212806,9.611348918325824e-05,1.0,669.6365087369797,-0.016123307813212917,1097.7251809778104,9.611348918325824e-05
2005-08-17 21:00:00+00:00,1493.9958355444971,0.0059263076526667735,9.638439044357128e-05,1.0,673.6049807032127,0.0059263076526667735,1097.8309845502536,9.638439044357128e-05
2005-08-18 21:00:00+00:00,1486.4569733620624,-0.005046106557376806,9.720895543452457e-05,1.0,670.2058981930045,-0.005046106557376917,1097.9377035535053,9.720895543452457e-05
2005-08-19 21:00:00+00:00,1485.576801635179,-0.0005921272816209466,9.697335042613275e-05,1.0,669.8090509963811,-0.0005921272816210577,1098.044174251178,9.697335042613275e-05
2005-08-22 21:00:00+00:00,1486.3421683542078,0.0005151983513651537,0.00028921303946272126,1.0,670.1541355151841,0.0005151983513653757,1098.3617429442775,0.00028921303946272126
2005-08-23 21:00:00+00:00,1482.1326513995484,-0.0028321318228632375,9.585437984682699e-05,1.0,668.2561706617681,-0.0028321318228632375,1098.467025727995,9.585437984682699e-05
2005-08-24 21:00:00+00:00,1474.8166103508256,-0.004936158070476648,9.637261297390509e-05,0.0,664.2876986955351,-0.005938548928479115,1098.57288786553,9.637261297390509e-05
2005-08-25 21:00:00+00:00,1474.9595761419866,9.693801260279855e-05,9.693801260279855e-05,0.0,665.8060705782677,0.0022857142857142243,1098.679381337979,9.693801260279855e-05
2005-08-26 21:00:00+00:00,1475.1025905389881,9.696157055061327e-05,9.696157055150145e-05,0.0,663.5958042353353,-0.0033196848761273268,1098.785911016326,9.696157055150145e-05
2005-08-29 21:00:00+00:00,1475.5304430834449,0.00029004934789012005,0.00029004934789012005,0.0,668.7737974399724,0.007802932404920471,1099.1046131532871,0.00029004934789012005
2005-08-30 21:00:00+00:00,1475.673495451924,9.694979127661263e-05,9.694979127661263e-05,0.0,666.3582058083523,-0.003611971104231171,1099.2111711161235,9.694979127661263e-05
2005-08-31 21:00:00+00:00,1475.816978894822,9.723251338455974e-05,9.723251338433769e-05,0.0,672.5697271468041,0.009321595028482621,1099.3180501810314,9.723251338433769e-05
2005-09-01 21:00:00+00:00,1472.5130342617729,-0.002238722470535026,9.724429326052331e-05,1.0,671.5344735903955,-0.001539250897896416,1099.4249525878897,9.724429326052331e-05
2005-09-02 21:00:00+00:00,1466.8378812520282,-0.003854059609455285,9.697335042613275e-05,1.0,668.946339699374,-0.003854059609455174,1099.5315675090842,9.697335042613275e-05
2005-09-06 21:00:00+00:00,1488.4034626890582,0.014702089244261085,0.00038560969596468375,1.0,678.7812484852559,0.014702089244260863,1099.955557542535,0.00038560969596468375
2005-09-07 21:00:00+00:00,1491.0140330735408,0.0017539400101678204,9.531264659479177e-05,1.0,679.9717900751258,0.0017539400101678204,1100.060397217861,9.531264659479177e-05
2005-09-08 21:00:00+00:00,1490.673523892956,-0.00022837422923704942,9.472386009101719e-05,1.0,679.8165020416644,-0.00022837422923704942,1100.1645991850187,9.472386009101719e-05
2005-09-09 21:00:00+00:00,1498.9592472871834,0.005558375634517887,9.659642420789538e-05,1.0,683.595177522556,0.005558375634517887,1100.27087115134,9.659642420789538e-05
2005-09-12 21:00:00+00:00,1503.1588605143943,0.0028016860597186444,0.0002866925916291674,1.0,685.5103966019119,0.0028016860597186444,1100.5863106588845,0.0002866925916291674
2005-09-13 21:00:00+00:00,1499.3754251745647,-0.0025169896803420855,9.527731419711749e-05,1.0,683.7849740078976,-0.0025169896803421965,1100.6911715666063,9.527731419711749e-05
2005-09-14 21:00:00+00:00,1482.3499661453304,-0.011355034065102187,9.553639762671651e-05,1.0,676.0205723348329,-0.011355034065102299,1100.7963276360372,9.553639762671651e-05
2005-09-15 21:00:00+00:00,1481.5932790773643,-0.0005104645227157478,9.636083610420343e-05,1.0,675.6754878160299,-0.0005104645227158588,1100.9024012905486,9.636083610420343e-05
2005-09-16 21:00:00+00:00,1490.673523892956,0.006128702757916216,9.531264659456973e-05,1.0,679.8165020416644,0.006128702757916216,1101.0073312120578,9.531264659456973e-05
2005-09-19 21:00:00+00:00,1480.6939647710049,-0.006694664500305203,0.0002816175221604933,0.0,674.46769200022,-0.007868020304568235,1101.3173941685543,0.0002816175221604933
2005-09-20 21:00:00+00:00,1480.8337336483064,9.439416964407421e-05,9.439416964407421e-05,0.0,671.7070158497969,-0.00409311844461524,1101.4213521094914,9.439416964407421e-05
2005-09-21 21:00:00+00:00,1480.9755559766481,9.577194597820693e-05,9.577194597798488e-05,0.0,664.2876986955351,-0.011045466221422995,1101.5268373757247,9.577194597798488e-05
2005-09-22 21:00:00+00:00,1481.121090422363,9.826930979883741e-05,9.82693097992815e-05,0.0,666.7032903271553,0.0036363636363636598,1101.635083657759,9.82693097992815e-05
2005-09-23 21:00:00+00:00,1481.26800046351,9.918840673917018e-05,9.918840673894813e-05,0.0,668.601255180571,0.0028467908902689576,1101.7443530865148,9.918840673894813e-05
2005-09-26 21:00:00+00:00,1481.6841576182617,0.0002809465637694242,0.0002809465637696462,0.0,668.7737974399724,0.0002580645161289752,1102.0538843766672,0.0002809465637696462
2005-09-27 21:00:00+00:00,1481.8248050750474,9.492404711397562e-05,9.492404711441971e-05,0.0,667.2209171053596,-0.0023219814241484116,1102.1584957915104,9.492404711441971e-05
2005-09-28 21:00:00+00:00,1481.965954462752,9.52537622673777e-05,9.525376226782178e-05,0.0,667.3934593647609,0.0002585983966898464,1102.26348053485,9.525376226782178e-05
2005-09-29 21:00:00+00:00,1482.1095434836518,9.689090391540311e-05,9.689090391562516e-05,0.0,676.3656568536358,0.013443640124095158,1102.3702798398322,9.689090391562516e-05
2005-09-30 21:00:00+00:00,1487.6842031537524,0.003761300704533399,9.587793778620401e-05,1.0,680.8517555980732,0.006632653061224625,1102.47597282894,9.587793778620401e-05
2005-10-03 21:00:00+00:00,1491.454310105485,0.0025342118601114905,0.0002849850256305686,1.0,682.5771781920876,0.0025342118601114905,1102.7901619723139,0.0002849850256305686
2005-10-04 21:00:00+00:00,1481.6520320309796,-0.0065722952477251795,9.687912824518641e-05,1.0,678.09107944765,-0.0065722952477251795,1102.8969993218432,9.687912824518641e-05
2005-10-05 21:00:00+00:00,1472.846879648729,-0.005942793713973993,9.723251338433769e-05,0.0,668.7737974399724,-0.013740458015267132,1103.0042367690912,9.723251338433769e-05
2005-10-06 21:00:00+00:00,1472.9928995753846,9.914128119703491e-05,9.914128119681287e-05,0.0,659.9741422104992,-0.013157894736842035,1103.11359002229,9.914128119681287e-05
2005-10-07 21:00:00+00:00,1473.139454725454,9.9494810946954e-05,9.94948109473981e-05,0.0,661.5270225451121,0.0023529411764706687,1103.2233441003827,9.94948109473981e-05
2005-10-10 21:00:00+00:00,1473.573055016559,0.00029433757253194415,0.0002943375725317221,0.0,657.9036350976819,-0.005477308294209782,1103.5480641814456,0.0002943375725317221
2005-10-11 21:00:00+00:00,1473.7176015524267,9.809254816084412e-05,9.809254816040003e-05,0.0,654.6253321690546,-0.004982953055337025,1103.6563140230787,9.809254816040003e-05
2005-10-12 21:00:00+00:00,1473.8629610375258,9.863455857894721e-05,9.86345585793913e-05,0.0,646.8091678181695,-0.011939905113336757,1103.7651726764357,9.86345585793913e-05
2005-10-13 21:00:00+00:00,1474.0091685227446,9.920018962672472e-05,9.920018962694677e-05,0.0,651.8646560186316,0.007816042894870368,1103.8746663908687,9.920018962694677e-05
2005-10-14 21:00:00+00:00,1474.1598212677652,0.00010220611122213619,0.00010220611122213619,0.0,656.6958392818719,0.007411328745367873,1103.987489127797,0.00010220611122213619
2005-10-17 21:00:00+00:00,1474.608698602001,0.00030449706182444913,0.00030449706182400504,0.0,658.7663463946891,0.0031529164477139826,1104.323650074527,0.00030449706182400504
2005-10-18 21:00:00+00:00,1474.759951593327,0.0001025716120279796,0.00010257161202820164,0.0,654.1077053908502,-0.007071765322158252,1104.436922331516,0.00010257161202820164
2005-10-19 21:00:00+00:00,1474.9124896666622,0.000103432476024512,0.000103432476024512,0.0,667.2209171053596,0.020047480875758472,1104.5511569770056,0.000103432476024512
2005-10-20 21:00:00+00:00,1475.0686972212666,0.00010590971037194308,0.00010590971037238717,0.0,660.9403788631472,-0.009412981639513984,1104.6681396701324,0.00010590971037238717
2005-10-21 21:00:00+00:00,1475.2246776271204,0.0001057445027121684,0.0001057445027121684,0.0,665.1504099925422,0.006369759306635858,1104.7849522532238,0.0001057445027121684
2005-10-24 21:00:00+00:00,1475.6926178425283,0.00031719928666085195,0.0003171992866606299,0.0,675.6754878160299,0.015823605706874133,1105.135389251992,0.0003171992866606299
2005-10-25 21:00:00+00:00,1475.8482463709167,0.00010546134507061211,0.00010546134507061211,0.0,673.0873539250084,-0.0038304392236975238,1105.2519383166275,0.00010546134507061211
2005-10-26 21:00:00+00:00,1476.0042743849458,0.00010572090620608598,0.00010572090620586394,0.0,669.6365087369797,-0.005126890540886775,1105.3687865531322,0.00010572090620586394
2005-10-27 21:00:00+00:00,1476.163140572618,0.00010763260678126052,0.00010763260678126052,0.0,656.1782125036675,-0.02009791290904417,1105.4877602770835,0.00010763260678126052
2005-10-28 21:00:00+00:00,1476.3221457943555,0.00010771520936092571,0.00010771520936114776,0.0,661.2164464781896,0.00767814882987139,1105.606838122628,0.00010771520936114776
2005-10-31 22:00:00+00:00,1476.8020771442898,0.0003250857892374004,0.0003250857892378445,0.0,670.6717622933883,0.014299879964511097,1105.9662551941858,0.0003250857892378445
2005-11-01 22:00:00+00:00,1476.9590946721546,0.00010632266184806838,0.00010632266184806838,0.0,670.1541355151841,-0.000771803447388586,1106.0838444703522,0.00010632266184806838
2005-11-02 22:00:00+00:00,1477.1176975525748,0.00010738474815741306,0.0001073847481576351,0.0,678.9020280668369,0.01305355303810507,1106.2026210054319,0.0001073847481576351
2005-11-03 22:00:00+00:00,1477.278793334296,0.0001090608974412266,0.00010906089744144865,0.0,689.1337840493421,0.015071034640506298,1106.3232644560308,0.00010906089744144865
2005-11-04 22:00:00+00:00,1477.4392090910378,0.00010858868174756786,0.00010858868174801195,0.0,691.5493756809623,0.0035052578868302042,1106.4433986409051,0.00010858868174801195
2005-11-07 22:00:00+00:00,1477.9179293566415,0.0003240202795877778,0.00032402027958799984,0.0,692.4120869779695,0.0012475049900200208,1106.801908740281,0.00032402027958799984
2005-11-08 22:00:00+00:00,1478.0775422501097,0.00010799848239040344,0.00010799848239084753,0.0,692.5846292373709,0.00024919013207069796,1106.9214416667323,0.00010799848239084753
2005-11-09 22:00:00+00:00,1480.8818601483767,0.0018972738696767522,0.0001088129765485224,1.0,692.9124595302336,0.0004733432984553865,1107.0418890836054,0.0001088129765485224
2005-11-10 22:00:00+00:00,1497.1439408855822,0.010981349137179741,0.00010857687655629888,1.0,700.5215731698371,0.010981349137179741,1107.162088234139,0.00010857687655629888
2005-11-11 22:00:00+00:00,1501.2002422032526,0.0027093596059113434,0.00010856507196654874,1.0,702.4195380232528,0.0027093596059111213,1107.2822873659268,0.00010856507196654874
2005-11-14 22:00:00+00:00,1501.3477440693496,9.825595676726806e-05,0.0003256964538338458,1.0,702.4885549270134,9.82559567674901e-05,1107.6429252803148,0.0003256964538338458
2005-11-15 22:00:00+00:00,1494.1939035636403,-0.0047649457189171684,0.00010937964953994239,1.0,699.1412350946256,-0.0047649457189172795,1107.7640788752974,0.00010937964953994239
2005-11-16 22:00:00+00:00,1503.3390192616605,0.0061204343534055905,0.00010887199950038173,1.0,703.4202831277812,0.0061204343534055905,1107.8846833655393,0.00010887199950038173
2005-11-17 22:00:00+00:00,1523.214895718245,0.013221153846153966,0.0001102061568523105,1.0,712.7203109095187,0.013221153846153966,1108.0067790787286,0.0001102061568523105
2005-11-18 22:00:00+00:00,1528.4880874312164,0.0034618829738299883,0.00010999360738783714,1.0,715.1876652189593,0.0034618829738302104,1108.1286527413697,0.00010999360738783714
2005-11-21 22:00:00+00:00,1532.1387586171195,0.002388419782870743,0.00032910834651156406,1.0,716.8958335870334,0.002388419782870743,1108.4933471299955,0.00032910834651156406
2005-11-22 22:00:00+00:00,1537.7069540622854,0.0036342631591617103,0.00010996999277357311,1.0,719.5012217039953,0.0036342631591617103,1108.615248135369,0.00010996999277357311
2005-11-23 22:00:00+00:00,1541.3945007147126,0.0023980815347719453,0.00010971023220052167,1.0,721.2266442980095,0.0023980815347719453,1108.736874571663,0.00010971023220052167
2005-11-25 22:00:00+00:00,1544.7132927018974,0.0021531100478469067,0.00021939734131093402,1.0,722.7795246326225,0.0021531100478469067,1108.9801284941575,0.00021939734131093402
2005-11-28 22:00:00+00:00,1531.8068794184012,-0.008355216042014724,0.00032322947881668895,1.0,716.7405455535721,-0.008355216042014835,1109.3385835631086,0.00032322947881668895
2005-11-29 22:00:00+00:00,1524.542412513119,-0.0047424169475204225,0.00010825816376369701,1.0,713.3414630433639,-0.0047424169475203115,1109.4586785211575,0.00010825816376369701
2005-11-30 22:00:00+00:00,1520.7442394611185,-0.002491352828773996,0.00010828176992760952,1.0,711.5642777715291,-0.002491352828773885,1109.5788126705293,0.00010828176992760952
2005-12-01 22:00:00+00:00,1549.0277222852376,0.018598448108632315,0.00010909630579170049,1.0,724.7982690676192,0.018598448108632315,1109.6998636199764,0.00010909630579170049
2005-12-02 22:00:00+00:00,1552.7152689376653,0.0023805556216822676,0.00010913171956650203,1.0,726.5236916616336,0.0023805556216820456,1109.820967074296,0.00010913171956650203
2005-12-05 22:00:00+00:00,1541.3945007147126,-0.0072909492483436145,0.00032488195502766715,1.0,721.2266442980095,-0.007290949248343392,1110.18152787981,0.00032488195502766715
2005-12-06 22:00:00+00:00,1546.4095641620142,0.0032535885167463974,0.00010882477993345852,1.0,723.5732190258691,0.0032535885167463974,1110.3023431402676,0.00010882477993345852
2005-12-07 22:00:00+00:00,1543.6070287061693,-0.0018122853872567513,0.00010939145413213502,1.0,722.2618978544182,-0.0018122853872567513,1110.42380072811,0.00010939145413213502
2005-12-08 22:00:00+00:00,1532.581264215411,-0.0071428571428571175,0.00011077297253825336,1.0,717.1028842983152,-0.0071428571428571175,1110.5468056732939,0.00011077297253825336
2005-12-09 22:00:00+00:00,1538.2600860601494,0.0037053968865041753,0.00011083201059713943,1.0,719.7600350930974,0.0037053968865041753,1110.6698898086288,0.00011083201059713943
2005-12-12 22:00:00+00:00,1543.865156971839,0.0036437732230609754,0.00033165886983255177,1.0,722.3826774359991,0.0036437732230609754,1111.03825332904,0.00033165886983255177
2005-12-13 22:00:00+00:00,1550.4289900131603,0.004251558506700004,0.00010810473452638192,1.0,725.4539296533447,0.004251558506699782,1111.1583618244647,0.00010810473452638192
2005-12-14 22:00:00+00:00,1545.045171900616,-0.0034724699726483843,0.00010799848239106957,1.0,722.9348126660838,-0.0034724699726483843,1111.278365241238,0.00010799848239106957
2005-12-15 22:00:00+00:00,1547.6633300238395,0.0016945511826058635,0.000107455555784286,1.0,724.159862707834,0.0016945511826058635,1111.397778275606,0.000107455555784286
2005-12-16 22:00:00+00:00,1536.9841861219174,-0.006900172469523791,0.00010743195083229296,1.0,719.1630347596431,-0.006900172469524013,1111.5171779070768,0.00010743195083229296
2005-12-19 22:00:00+00:00,1512.5876117390299,-0.015873015873015928,0.00032062123385601105,1.0,707.7477484936171,-0.015873015873015706,1111.8735539161094,0.00032062123385601105
2005-12-20 22:00:00+00:00,1513.6965469382521,0.0007331378299120228,0.0001076798046413252,1.0,708.2666251420728,0.0007331378299120228,1111.9932802431808,0.0001076798046413252
2005-12-21 22:00:00+00:00,1520.3501581335852,0.00439560439560438,0.00010771520936092571,1.0,711.3798850328072,0.00439560439560438,1112.1130588321703,0.00010771520936092571
2005-12-22 22:00:00+00:00,1530.2196814066622,0.006491611962071264,0.00010907269962245891,1.0,715.9978872040632,0.006491611962071486,1112.2343600057825,0.00010907269962245891
2005-12-23 22:00:00+00:00,1530.4414684465066,0.00014493803898840696,0.00010886019370492939,1.0,716.1016625337543,0.00014493803898818491,1112.355438053658,0.00010886019370492939
2005-12-27 22:00:00+00:00,1516.9494235226368,-0.00881578629567914,0.00043763853560463417,1.0,709.7886633108762,-0.008815786295679029,1112.8422476586395,0.00043763853560463417
2005-12-28 22:00:00+00:00,1515.1751272038816,-0.0011696476436471315,0.00010914352536328664,1.0,708.9584606733472,-0.0011696476436472425,1112.9637071847221,0.00010914352536328664
2005-12-29 22:00:00+00:00,1505.194710410882,-0.006586972432300664,0.00010940325932784489,1.0,704.2885708372455,-0.006586972432300664,1113.0854690418016,0.00010940325932784489
2005-12-30 22:00:00+00:00,1498.211823839485,-0.004639191543192922,0.00010941506512573973,0.0,698.9614372464333,-0.007563850687622775,1113.2072573608873,0.00010941506512573973
2006-01-03 22:00:00+00:00,1498.862493579457,0.00043429756034396583,0.00043429756034352174,0.0,714.4931449235416,0.022221122438879748,1113.690720556916,0.00043429756034352174
2006-01-04 22:00:00+00:00,1505.2630992431405,0.004270308778224319,0.00010992277077903623,1.0,721.9303768847404,0.010409101912369767,1113.8131405267104,0.00010992277077903623
2006-01-05 22:00:00+00:00,1511.7544111229622,0.00431241015812156,0.00011188316226262707,1.0,725.0436367754747,0.00431241015812156,1113.9377574630423,0.00011188316226262707
2006-01-06 22:00:00+00:00,1539.1621723933213,0.018129770992366456,0.00011413964886197725,1.0,738.1885118696866,0.018129770992366456,1114.0649019275331,0.00011413964886197725
2006-01-09 22:00:00+00:00,1545.2892495509975,0.003980787253982987,0.00034438191685115527,1.0,741.1270832887742,0.003980787253982987,1114.4485657339555,0.00034438191685115527
2006-01-10 22:00:00+00:00,1546.374741148679,0.0007024520477294516,0.00011507320693504575,1.0,741.6476895260582,0.0007024520477294516,1114.5768089043788,0.00011507320693504575
2006-01-11 22:00:00+00:00,1558.275479595019,0.00769589552238803,0.0001156287027550551,1.0,747.3553326590712,0.00769589552238803,1114.7056859749132,0.0001156287027550551
2006-01-12 22:00:00+00:00,1550.7022824018934,-0.004859986114325476,0.00011619607399127041,1.0,743.7231961198811,-0.004859986114325365,1114.8352103992793,0.00011619607399127041
2006-01-13 22:00:00+00:00,1549.9810255263576,-0.00046511627906975495,0.0001175792919345664,1.0,743.3772783542439,-0.00046511627906975495,1114.9662919339416,0.0001175792919345664
2006-01-17 22:00:00+00:00,1539.883429268857,-0.006514657980455918,0.0004716791023113842,1.0,738.5344296353238,-0.006514657980455918,1115.4921982336284,0.0004716791023113842
2006-01-18 22:00:00+00:00,1522.2126358182309,-0.011475409836065542,0.00011846614047050785,1.0,730.0594443772135,-0.011475409836065653,1115.6243462890782,0.00011846614047050785
2006-01-19 22:00:00+00:00,1533.3921173890353,0.0073442312248284125,0.00011876178936831572,1.0,735.4211697445894,0.0073442312248281905,1115.7568398327064,0.00011876178936831572
2006-01-20 22:00:00+00:00,1496.4009082648772,-0.024123776759166105,0.0001201338203022928,0.0,713.4553916266301,-0.029868297271872124,1115.890879964404,0.0001201338203022928
2006-01-23 22:00:00+00:00,1496.9367109304771,0.00035806090643264454,0.00035806090643264454,0.0,713.6283505094486,0.00024242424242415517,1116.290436864364,0.00035806090643264454
2006-01-24 22:00:00+00:00,1497.1153573165723,0.00011934130868107573,0.00011934130868151982,0.0,716.741610400183,0.004362578768783321,1116.423656425968,0.00011934130868151982
2006-01-25 22:00:00+00:00,1497.294025022561,0.00011934130868107573,0.00011934130868063164,0.0,713.6283505094486,-0.004343629343629418,1116.556891886168,0.00011934130868063164
2006-01-26 22:00:00+00:00,1497.4739360898811,0.00012015747362470464,0.00012015747362448259,0.0,718.6441581111874,0.007028599127484325,1116.691054541455,0.00012015747362448259
2006-01-27 22:00:00+00:00,1497.6547368069089,0.0001207371378362243,0.0001207371378362243,0.0,728.3298555490277,0.01347773766546334,1116.8258806232277,0.0001207371378362243
2006-01-30 22:00:00+00:00,1498.9669391339633,0.0008761714531428932,0.0003639639677892603,1.0,729.7135266115763,0.0018997862740441906,1117.232365002069,0.0003639639677892603
2006-01-31 22:00:00+00:00,1492.2164362082592,-0.0045034368333728425,0.00012187298577814865,1.0,726.4273078380234,-0.0045034368333728425,1117.3685254461998,0.00012187298577814865
2006-02-01 22:00:00+00:00,1497.5457806232887,0.0035714285714285587,0.00012189664999562311,1.0,729.021691080302,0.0035714285714285587,1117.5047289262623,0.00012189664999562311
2006-02-02 22:00:00+00:00,1479.5917139224591,-0.011988993547400573,0.0001229854000095454,0.0,716.5686515173645,-0.01708185053380784,1117.642165692362,0.0001229854000095454
2006-02-03 22:00:00+00:00,1479.7733493814221,0.00012276052728177334,0.00012276052728177334,0.0,707.7477484936171,-0.012309920347574166,1117.7793680339346,0.00012276052728177334
2006-02-06 22:00:00+00:00,1480.3182724544602,0.0003682476598634299,0.0003682476598634299,0.0,705.8452007826128,-0.0026881720430107503,1118.1909876704567,0.0003682476598634299
2006-02-07 22:00:00+00:00,1480.4999795868096,0.0001227486924471055,0.00012274869244777165,0.0,702.7319408918784,-0.004410683655966752,1118.3282441521,0.00012274869244777165
2006-02-08 22:00:00+00:00,1480.6817090234722,0.00012274869244732756,0.00012274869244732756,0.0,710.8610083843515,0.011567807039133626,1118.4655174817967,0.00012274869244732756
2006-02-09 22:00:00+00:00,1480.863863821241,0.00012302090088556206,0.00012302090088556206,0.0,704.115611954427,-0.00948905109489051,1118.6031121173667,0.00012302090088556206
2006-02-10 22:00:00+00:00,1481.0464616779468,0.00012330495811729847,0.00012330495811729847,0.0,708.4395840248914,0.006140997297961137,1118.7410414272563,0.00012330495811729847
2006-02-13 22:00:00+00:00,1481.595622400216,0.00037079236639669944,0.0003707923663964774,0.0,700.3105165324183,-0.011474609374999889,1119.155862065392,0.0003707923663964774
2006-02-14 22:00:00+00:00,1481.779152267014,0.00012387311626960162,0.00012387311626960162,0.0,707.4018307279799,0.010125957026426269,1119.2944953896174,0.00012387311626960162
2006-02-15 22:00:00+00:00,1481.9631258430577,0.00012415721719549744,0.00012415721719549744,0.0,711.8987616812628,0.0063569682151587426,1119.433463879387,0.00012415721719549744
2006-02-16 22:00:00+00:00,1482.1483503841114,0.00012498593104215416,0.00012498593104259825,0.0,718.4711992283688,0.00923226433430524,1119.5733773131103,0.00012498593104259825
2006-02-17 22:00:00+00:00,1482.3336507147487,0.0001250214464627586,0.0001250214464627586,0.0,712.7635560953559,-0.007944150216658619,1119.7133479961633,0.0001250214464627586
2006-02-21 22:00:00+00:00,1483.0732810942934,0.0004989634952887734,0.0004989634952883293,0.0,704.8074474857012,-0.011162339238049102,1120.2720440820005,0.0004989634952883293
2006-02-22 22:00:00+00:00,1483.2582756528948,0.0001247373012240871,0.00012473730122386506,0.0,713.6283505094486,0.0125153374233129,1120.411783793416,0.00012473730122386506
2006-02-23 22:00:00+00:00,1483.4428894075625,0.00012446500902640878,0.00012446500902640878,0.0,711.7258027984443,-0.0026660203587008935,1120.5512358561991,0.00012446500902640878
2006-02-24 22:00:00+00:00,1483.6287204303935,0.00012527008903262526,0.0001252700890328473,0.0,713.6283505094486,0.0026731470230862975,1120.6916074092808,0.0001252700890328473
2006-02-27 22:00:00+00:00,1484.1864438659827,0.00037591846794882144,0.0003759184679485994,0.0,721.5844591191033,0.01114881240911303,1121.112896081381,0.0003759184679485994
2006-02-28 22:00:00+00:00,1484.3732291580056,0.00012585028841560764,0.0001258502884153856,0.0,710.8610083843515,-0.014860977948226273,1121.253988462699,0.0001258502884153856
2006-03-01 22:00:00+00:00,1484.560477395635,0.00012614633163088307,0.00012614633163088307,0.0,720.5467058221917,0.013625304136252847,1121.39543054017,0.00012614633163088307
2006-03-02 22:00:00+00:00,1478.9228984245938,-0.003797473431955578,0.00012670293908922936,0.0,721.0655824706474,0.0007201152184348469,1121.5375146371007,0.00012670293908922936
2006-03-03 22:00:00+00:00,1479.1103173305482,0.00012672662391932654,0.0001267266239191045,0.0,716.9145692830017,-0.005756776205324887,1121.6796432999292,0.0001267266239191045
2006-03-06 22:00:00+00:00,1479.6701604020739,0.0003784998758822322,0.0003784998758826763,0.0,710.688049501533,-0.008685162846803318,1122.1041989056985,0.0003784998758826763
2006-03-07 22:00:00+00:00,1479.8572359129805,0.00012643054912708784,0.00012643054912708784,0.0,706.537036313887,-0.005840837186663617,1122.246067155744,0.00012643054912708784
2006-03-08 22:00:00+00:00,1480.0443526005809,0.00012644239123837941,0.00012644239123837941,0.0,706.8829540795241,0.0004895960832311808,1122.387966632033,0.00012644239123837941
2006-03-09 22:00:00+00:00,1480.2310898191126,0.00012617001524550808,0.00012617001524573013,0.0,700.829393180874,-0.008563738683630806,1122.5295783388947,0.00012617001524573013
2006-03-10 22:00:00+00:00,1480.4178330692225,0.00012615817313554878,0.00012615817313599287,0.0,701.5212287121483,0.000987166831194486,1122.671194619789,0.00012615817313599287
2006-03-13 22:00:00+00:00,1480.97564663435,0.0003767946809793976,0.0003767946809798417,0.0,703.5967353059713,0.002958579881656931,1123.0942111544111,0.0003767946809798417
2006-03-14 22:00:00+00:00,1481.1620453818002,0.00012586212870813185,0.00012586212870813185,0.0,715.530898220453,0.016961651917404064,1123.2355661825668,0.00012586212870813185
2006-03-15 22:00:00+00:00,1481.3492919733553,0.00012641870762153395,0.00012641870762153395,0.0,721.5844591191033,0.008460236886632888,1123.3775641711982,0.00012641870762153395
2006-03-16 22:00:00+00:00,1481.536597320092,0.00012644239123860146,0.00012644239123837941,0.0,715.530898220453,-0.00838926174496657,1123.5196067166755,0.00012644239123837941
2006-03-17 22:00:00+00:00,1481.7231193008524,0.0001258976532187983,0.00012589765321902036,0.0,717.4194628902708,0.002639389402351089,1123.6610551985068,0.00012589765321902036
2006-03-20 22:00:00+00:00,1482.2863904654287,0.00038014603216973697,0.00038014603217018106,0.0,719.150269797123,0.0024125452352230514,1124.0882104901448,0.00038014603217018106
2006-03-21 22:00:00+00:00,1482.4738318554373,0.00012645423395518662,0.00012645423395540867,0.0,711.534719406973,-0.010589651022864022,1124.2303562037007,0.00012645423395540867
2006-03-22 22:00:00+00:00,1482.6620870343768,0.00012698718513215468,0.00012698718513215468,0.0,713.2655263138253,0.0024324981756262964,1124.373119052075,0.00012698718513215468
2006-03-23 22:00:00+00:00,1482.8516130109629,0.00012782816681111697,0.00012782816681133902,0.0,711.1885580256026,-0.0029119145838387706,1124.5168456066954,0.00012782816681133902
2006-03-24 22:00:00+00:00,1483.0420239611026,0.0001284086340596069,0.00012840863405982894,0.0,714.8232525299923,0.005110732538330387,1124.661243278817,0.00012840863405982894
2006-03-27 22:00:00+00:00,1483.613438141252,0.00038529871097181534,0.00038529871097181534,0.0,714.9963332206776,0.00024213075060552924,1125.0945738061323,0.00038529871097181534
2006-03-28 22:00:00+00:00,1483.8031735953873,0.00012788739253610792,0.00012788739253610792,0.0,712.0539614790287,-0.004115226337448652,1125.2384592175329,0.00012788739253610792
2006-03-29 22:00:00+00:00,1483.9924939038463,0.00012759125457328935,0.0001275912545735114,0.0,725.5542553524765,0.01895964997569277,1125.3820298042388,0.0001275912545735114
2006-03-30 22:00:00+00:00,1484.1806079914263,0.0001267621557068388,0.0001267621557068388,0.0,727.8043043313844,0.0031011450381679406,1125.5246856563306,0.0001267621557068388
2006-03-31 22:00:00+00:00,1484.3695018031697,0.0001272714457567492,0.00012727144575741534,0.0,725.7273360431617,-0.0028537455410225787,1125.6679328103098,0.00012727144575741534
2006-04-03 21:00:00+00:00,1484.9260289415881,0.00037492493462210064,0.00037492493462210064,0.0,726.5927394965878,0.0011924636298592528,1126.089973786425,0.00037492493462210064
2006-04-04 21:00:00+00:00,1485.1138041250583,0.00012645423395540867,0.00012645423395518662,0.0,730.5735953823481,0.005478799428299208,1126.2323726314246,0.00012645423395518662
2006-04-05 21:00:00+00:00,1485.3023945466452,0.00012698718513237672,0.00012698718513215468,0.0,737.4968230097571,0.009476427386875041,1126.3753897102297,0.00012698718513215468
2006-04-06 21:00:00+00:00,1485.4922580289003,0.00012782816681111697,0.00012782816681156106,0.0,739.5737912979798,0.002816240319173824,1126.519372211438,0.00012782816681156106
2006-04-07 21:00:00+00:00,1485.6826033029333,0.00012813616025542096,0.00012813616025586505,0.0,732.4774829798855,-0.009595132225602598,1126.663720078247,0.00012813616025586505
2006-04-10 21:00:00+00:00,1486.2525180790649,0.00038360466418896344,0.0003836046641891855,0.0,731.4389988357741,-0.0014177693761815435,1127.0959135362418,0.0003836046641891855
2006-04-11 21:00:00+00:00,1486.4429607699012,0.00012813616025519892,0.00012813616025542096,0.0,725.5542553524765,-0.00804543303360128,1127.240335278842,0.00012813616025542096
2006-04-12 21:00:00+00:00,1486.633850488137,0.00012842047981243,0.00012842047981243,0.0,725.7273360431617,0.00023854961832059374,1127.3850960235625,0.00012842047981243
2006-04-13 21:00:00+00:00,1486.8251874212797,0.0001287048139524405,0.0001287048139519964,0.0,728.6697077848106,0.004054376341521726,1127.5301959125984,0.0001287048139519964
2006-04-17 21:00:00+00:00,1487.5907079961778,0.0005148692538803346,0.0005148692538803346,0.0,721.0541573946605,-0.01045130641330183,1128.1107265432954,0.0005148692538803346
2006-04-18 21:00:00+00:00,1487.7821857049241,0.00012871666091829326,0.0001287166609185153,0.0,734.9006126494787,0.019203072491598583,1128.2559331891623,0.0001287166609185153
2006-04-19 21:00:00+00:00,1487.9736880600412,0.00012871666091784917,0.00012871666091829326,0.0,738.189145772498,0.004474799811587271,1128.4011585255437,0.00012871666091829326
2006-04-20 21:00:00+00:00,1488.1664315534479,0.0001295342081337747,0.00012953420813355265,0.0,735.5929354122196,-0.003516998827666984,1128.5473250760704,0.00012953420813355265
2006-04-21 21:00:00+00:00,1488.359252909925,0.00012956975267597315,0.00012956975267597315,0.0,726.9389008779583,-0.011764705882352788,1128.6935506738637,0.00012956975267597315
2006-04-24 21:00:00+00:00,1488.9377945552021,0.00038871102131143864,0.0003887110213116607,0.0,726.2465781152174,-0.0009523809523809268,1129.132286296694,0.0003887110213116607
2006-04-25 21:00:00+00:00,1489.1307158569928,0.0001295697526761952,0.00012956975267597315,0.0,724.6888518990503,-0.002144899904671149,1129.2785876877679,0.00012956975267597315
2006-04-26 21:00:00+00:00,1489.3244738827664,0.00013011485406244638,0.00013011485406222434,0.0,724.5157712083651,-0.0002388344877000126,1129.4255236064005,0.00013011485406222434
2006-04-27 21:00:00+00:00,1489.5186983630838,0.00013041112512635067,0.0001304111251265727,0.0,731.4389988357741,0.009555661729574672,1129.5728132596807,0.0001304111251265727
2006-04-28 21:00:00+00:00,1489.7141839509145,0.00013124077465120898,0.0001312407746507649,0.0,724.3426905176799,-0.009701845716989843,1129.7210592707174,0.0001312407746507649
2006-05-01 21:00:00+00:00,1490.3008792803582,0.00039383080040744645,0.00039383080040789054,0.0,717.2463821995855,-0.009796893667861517,1130.1659782197278,0.00039383080040789054
2006-05-02 21:00:00+00:00,1490.496114234241,0.00013100371649588105,0.000131003716495659,0.0,719.150269797123,0.002654440154440163,1130.3140341631315,0.000131003716495659
2006-05-03 21:00:00+00:00,1490.6909507899254,0.00013071926442731474,0.00013071926442731474,0.0,718.1117856530117,-0.0014440433212995485,1130.4617879822492,0.00013071926442731474
2006-05-04 21:00:00+00:00,1490.8878271646772,0.00013207055067154805,0.00013207055067154805,0.0,723.9965291363094,0.008194745721860519,1130.6110886931012,0.00013207055067154805
2006-05-05 21:00:00+00:00,1491.0844113998592,0.00013185716027730443,0.00013185716027730443,0.0,729.7081919289218,0.007889074826679332,1130.7601678606343,0.00013185716027730443
2006-05-08 21:00:00+00:00,1491.6754465844765,0.0003963794270120946,0.0003963794270120946,0.0,730.4005146916629,0.0009487666034158071,1131.208377928059,0.0003963794270120946
2006-05-09 21:00:00+00:00,1491.8717279801283,0.00013158451867067988,0.00013158451867112397,0.0,727.6312236406992,-0.0037914691943128354,1131.3572274379853,0.00013158451867112397
2006-05-10 21:00:00+00:00,1492.0688133477065,0.0001321061079728736,0.0001321061079724295,0.0,721.2272380853458,-0.008801141769743115,1131.5066866380287,0.0001321061079724295
2006-05-11 21:00:00+00:00,1492.2679945429873,0.0001334933037262509,0.00013349330372647294,0.0,705.1307338516195,-0.022318214542836667,1131.6577352038166,0.00013349330372647294
2006-05-12 21:00:00+00:00,1492.4676977903653,0.00013382532367400835,0.00013382532367356426,0.0,695.6112958639319,-0.01350024545900852,1131.809179666518,0.00013382532367356426
2006-05-15 21:00:00+00:00,1493.0669436089884,0.000401513426059541,0.000401513426059541,0.0,695.0920537918762,-0.000746454341876146,1132.2636162478916,0.000401513426059541
2006-05-16 21:00:00+00:00,1493.2643284835099,0.00013220095412758148,0.00013220095412735944,0.0,689.8996330713194,-0.007470119521912344,1132.4133025782833,0.00013220095412735944
2006-05-17 21:00:00+00:00,1493.4624475807047,0.00013267516903470167,0.00013267516903447962,0.0,680.5532757743171,-0.013547415955845521,1132.5635457046196,0.00013267516903447962
2006-05-18 21:00:00+00:00,1493.6614429219374,0.00013324428850225445,0.0001332442885020324,0.0,675.880097125816,-0.0068667344862664015,1132.7144533284504,0.0001332442885020324
2006-05-19 21:00:00+00:00,1493.8592782434441,0.0001324499085413322,0.0001324499085413322,0.0,681.0725178463728,0.007682458386683688,1132.8644812541972,0.0001324499085413322
2006-05-22 21:00:00+00:00,1494.4527061670412,0.00039724486251135893,0.00039724486251091484,0.0,674.4954516003341,-0.009656925031766073,1133.3145058492967,0.00039724486251091484
2006-05-23 21:00:00+00:00,1494.6505931362688,0.00013241434032074118,0.00013241434032051913,0.0,667.9183853542955,-0.009751090582499233,1133.4645729419644,0.00013241434032051913
2006-05-24 21:00:00+00:00,1494.8480987628047,0.0001321416707309453,0.0001321416707309453,0.0,672.4184833121114,0.006737496760818917,1133.6143508443472,0.0001321416707309453
2006-05-25 21:00:00+00:00,1495.0460203664663,0.00013240248546009248,0.00013240248546009248,0.0,681.245598537058,0.013127413127412835,1133.7644442019523,0.00013240248546009248
2006-05-26 21:00:00+00:00,1495.2443935734962,0.00013268702389579445,0.00013268702389668263,0.0,683.495647515966,0.0033028455284553893,1133.9148800318533,0.00013268702389668263
2006-05-30 21:00:00+00:00,1496.0346986044833,0.0005285457242869551,0.0005285457242867331,0.0,668.7837888077216,-0.021524436566219163,1134.5142058933993,0.0005285457242867331
2006-05-31 21:00:00+00:00,1496.2323693937476,0.00013212981587162886,0.00013212981587140682,0.0,671.8992412400557,0.004658385093167627,1134.6641090465275,0.00013212981587140682
2006-06-01 21:00:00+00:00,1496.4308822762719,0.00013267516903447962,0.00013267516903447962,0.0,687.8226647830967,0.02369912416280262,1134.8146507989927,0.00013267516903447962
2006-06-02 21:00:00+00:00,1496.6294569773959,0.00013269887936417923,0.00013269887936417923,0.0,686.1264740143815,-0.0024660291897331543,1134.9652394314398,0.00013269887936417923
2006-06-05 21:00:00+00:00,1497.2277827290375,0.00039978215639968617,0.00039978215639968617,0.0,671.2069184773148,-0.021744614297966813,1135.4189782822984,0.00039978215639968617
2006-06-06 21:00:00+00:00,1497.4260904119255,0.0001324499085413322,0.0001324499085413322,0.0,670.6876764052591,-0.0007735946364105795,1135.569364422128,0.0001324499085413322
2006-06-07 21:00:00+00:00,1497.6235545157065,0.00013186901513551064,0.00013186901513573268,0.0,665.6683363753875,-0.007483870967741946,1135.7191108358327,0.00013186901513573268
2006-06-08 21:00:00+00:00,1497.822642619043,0.00013293601234853902,0.00013293601234876107,0.0,664.6298522312761,-0.0015600624024961762,1135.8700888055755,0.00013293601234876107
2006-06-09 21:00:00+00:00,1498.022236689662,0.0001332561445792635,0.0001332561445788194,0.0,662.8990453244238,-0.0026041666666667407,1136.0214504743522,0.0001332561445788194
2006-06-12 21:00:00+00:00,1498.6211547720222,0.000399805869159664,0.000399805869159664,0.0,647.3217831627533,-0.023498694516971286,1136.4756385177432,0.000399805869159664
2006-06-13 21:00:00+00:00,1498.8208730179683,0.0001332680012624543,0.00013326800126267635,0.0,644.7255728024749,-0.004010695187165791,1136.6270943545721,0.00013326800126267635
2006-06-14 21:00:00+00:00,1499.0210266467302,0.00013354072682414397,0.00013354072682503215,0.0,651.3026390485136,0.010201342281879189,1136.7788803628812,0.00013354072682503215
2006-06-15 21:00:00+00:00,1499.2236781472366,0.0001351892314409575,0.0001351892314409575,0.0,668.9568694984068,0.027106032420940673,1136.9325606260359,0.0001351892314409575
2006-06-16 21:00:00+00:00,1499.4248278393256,0.00013416923373155143,0.00013416923373155143,0.0,664.0337623811563,-0.007359378970040242,1137.0851019964996,0.00013416923373155143
2006-06-19 21:00:00+00:00,1500.0281473142609,0.0004023672702582193,0.0004023672702582193,0.0,658.6646839685804,-0.008085550339071435,1137.542627825041,0.0004023672702582193
2006-06-20 21:00:00+00:00,1500.2272882997536,0.00013275816580460287,0.0001327581658048249,0.0,659.5306643577055,0.0013147515119640296,1137.693645897836,0.0001327581658048249
2006-06-21 21:00:00+00:00,1500.4275941677017,0.00013351701406194572,0.00013351701406194572,0.0,669.9224290272072,0.015756302521008347,1137.8455473563536,0.00013351701406194572
2006-06-22 21:00:00+00:00,1500.6304358209902,0.0001351892314409575,0.0001351892314414016,0.0,661.4358212137809,-0.012668045501551095,1137.9993718213998,0.0001351892314414016
2006-06-23 21:00:00+00:00,1500.8330022896098,0.00013498757840979536,0.0001349875784100174,0.0,660.7430369024808,-0.0010473946059177397,1138.1529876008342,0.0001349875784100174
2006-06-26 21:00:00+00:00,1501.4394693207253,0.00040408695050708765,0.00040408695050708765,0.0,662.474997680731,0.002621231979030192,1138.6129003708043,0.00040408695050708765
2006-06-27 21:00:00+00:00,1501.641699796754,0.000134691061585146,0.00013469106158559008,0.0,650.0048800773291,-0.018823529411764683,1138.7662613510902,0.00013469106158559008
2006-06-28 21:00:00+00:00,1501.8460059275983,0.00013605517938941603,0.00013605517938897194,0.0,654.8543702564298,0.007460698108179953,1138.9211963990604,0.00013605517938897194
2006-06-29 21:00:00+00:00,1502.053297982804,0.00013802484035485563,0.00013802484035463358,0.0,674.771919206308,0.03041523406506208,1139.07839581537,0.00013802484035463358
2006-06-30 21:00:00+00:00,1502.2611534105533,0.00013838086040518505,0.00013838086040607323,0.0,671.4811937276326,-0.004876796714578857,1139.2360224638528,0.00013838086040607323
2006-07-03 21:00:00+00:00,1502.8797991202462,0.0004118096965286533,0.0004118096965286533,0.0,675.4647035176081,0.005932421975754387,1139.7051709045381,0.0004118096965286533
2006-07-05 21:00:00+00:00,1503.292351603911,0.00027450797056838283,0.0002745079705686049,0.0,660.7430369024808,-0.021794871794871717,1140.0180290580497,0.0002745079705686049
2006-07-06 21:00:00+00:00,1503.4982734666942,0.00013698058302735738,0.0001369805830269133,0.0,660.0502525911807,-0.0010484927916120101,1140.1741893923313,0.0001369805830269133
2006-07-07 21:00:00+00:00,1503.707899300898,0.0001394253907058829,0.00013942539070632698,0.0,652.7760173225295,-0.011020729467331458,1140.3331586241607,0.00013942539070632698
2006-07-10 21:00:00+00:00,1504.3272125175579,0.00041185739394467014,0.00041185739394467014,0.0,647.0605467543036,-0.008755638100291785,1140.8028132671002,0.00041185739394467014
2006-07-11 21:00:00+00:00,1504.5332761361926,0.00013698058302757943,0.00013698058302713534,0.0,651.9100369334043,0.007494646680942019,1140.9590811015805,0.00013698058302713534
2006-07-12 21:00:00+00:00,1504.7401713481786,0.00013751454704769017,0.00013751454704769017,0.0,639.6131154078273,-0.01886291179596178,1141.115979572818,0.00013751454704769017
2006-07-13 21:00:00+00:00,1504.948773635578,0.00013863010463288639,0.00013863010463333048,0.0,628.8749585826756,-0.016788518819388032,1141.2741726004651,0.00013863010463333048
2006-07-14 21:00:00+00:00,1505.1570654630057,0.00013840459627378898,0.0001384045962733449,0.0,622.4667037031496,-0.010190030294684571,1141.432130191561,0.0001384045962733449
2006-07-17 21:00:00+00:00,1505.7832452304046,0.0004160228734708671,0.0004160228734708671,0.0,624.0254684035749,0.0025041736227044975,1141.9069920662353,0.0004160228734708671
2006-07-18 21:00:00+00:00,1505.9916525525364,0.00013840459627356694,0.0001384045962733449,0.0,626.1038213374752,0.0033305578684428294,1142.0650372424539,0.0001384045962733449
2006-07-19 21:00:00+00:00,1506.2004819478223,0.00013866570570431058,0.00013866570570408854,0.0,634.2440369952515,0.013001383125864407,1142.2234024968031,0.00013866570570408854
2006-07-20 21:00:00+00:00,1506.4114142886942,0.0001400426725393089,0.0001400426725393089,0.0,624.8914487927,-0.014746040415073769,1142.3833625147258,0.0001400426725393089
2006-07-21 21:00:00+00:00,1506.6232882830125,0.00014064816046177597,0.00014064816046222006,0.0,618.309997835349,-0.010532150776053073,1142.5440366332061,0.00014064816046222006
2006-07-24 21:00:00+00:00,1507.2565700740968,0.0004203318746027751,0.00042033187460299715,0.0,630.6069193609259,0.01988795518207276,1143.0242843099406,0.00042033187460299715
2006-07-25 21:00:00+00:00,1507.4665051728527,0.0001392829216499969,0.00013928292165021894,0.0,634.2440369952515,0.005767646251029879,1143.1834880717765,0.00013928292165021894
2006-07-26 21:00:00+00:00,1507.6768273961436,0.00013952032935327097,0.00013952032935327097,0.0,633.7244487617764,-0.0008192244675040428,1143.3429854085437,0.00013952032935327097
2006-07-27 21:00:00+00:00,1507.8876085065285,0.00013980523316048377,0.0001398052331607058,0.0,629.5677428939757,-0.006559169171905022,1143.5028307412015,0.0001398052331607058
2006-07-28 21:00:00+00:00,1508.0996722242853,0.00014063628917737603,0.00014063628917737603,0.0,642.7306448086779,0.02090784044016525,1143.6636487359808,0.00014063628917737603
2006-07-31 21:00:00+00:00,1508.7335745865996,0.00042033187460299715,0.00042033187460299715,0.0,642.5574487308528,-0.0002694691457828524,1144.1443670213694,0.00042033187460299715
2006-08-01 21:00:00+00:00,1508.944539256057,0.0001398289751157744,0.00013982897511599646,0.0,631.819291905701,-0.01671159029649605,1144.3043515555946,0.00013982897511599646
2006-08-02 21:00:00+00:00,1509.1542795965197,0.00013899804466377397,0.00013899804466377397,0.0,638.9203310965272,0.011239035087719396,1144.463407622961,0.00013899804466377397
2006-08-03 21:00:00+00:00,1509.3652314358492,0.00013978149363613745,0.0001397814936359154,0.0,642.9038408865028,0.006234751965302321,1144.6233824274902,0.0001397814936359154
2006-08-04 21:00:00+00:00,1509.5770907898907,0.00014036321337540514,0.0001403632133751831,0.0,639.9595075634775,-0.004579741379310165,1144.784045443552,0.0001403632133751831
2006-08-07 21:00:00+00:00,1510.2103238220604,0.0004194771078822601,0.00041947710788248216,0.0,635.8028016956767,-0.006495263870094803,1145.2642561440846,0.00041947710788248216
2006-08-08 21:00:00+00:00,1510.4218894152611,0.00014009015159244242,0.00014009015159244242,0.0,631.819291905701,-0.0062653228003271,1145.424696387341,0.00014009015159244242
2006-08-09 21:00:00+00:00,1510.632677763907,0.00013955594137171623,0.00013955594137149419,0.0,632.6852722948263,0.0013706140350879803,1145.5845472091155,0.00013955594137149419
2006-08-10 21:00:00+00:00,1510.8446970885573,0.0001403513426998515,0.00014035134269918537,0.0,637.188370318277,0.007117437722419906,1145.7453315384917,0.00014035134269918537
2006-08-11 21:00:00+00:00,1511.0559748906917,0.00013984084700546795,0.00013984084700480182,0.0,632.6852722948263,-0.007067137809187218,1145.9055535361058,0.00013984084700480182
2006-08-14 21:00:00+00:00,1511.6859718150818,0.00041692494180156636,0.00041692494180156636,0.0,636.841978162627,0.006569942513003024,1146.3833101423238,0.00041692494180156636
2006-08-15 21:00:00+00:00,1511.8952140436709,0.000138416465119251,0.00013841646511947303,0.0,652.9492134003546,0.025292357900462248,1146.5419884677856,0.00013841646511947303
2006-08-16 21:00:00+00:00,1512.1052747952963,0.00013893869738734743,0.00013893869738779152,0.0,668.1904682489569,0.023342175066312754,1146.7012875181638,0.00013893869738779152
2006-08-17 21:00:00+00:00,1512.3174649042503,0.00014032760317084225,0.00014032760317084225,0.0,670.7884094163322,0.0038880248833590425,1146.862201361394,0.00014032760317084225
2006-08-18 21:00:00+00:00,1512.5289486594834,0.0001398408470052459,0.00013984084700546795,0.0,671.8275858832825,0.0015491866769947737,1147.022579543031,0.00013984084700546795
2006-08-21 21:00:00+00:00,1513.1595597033765,0.00041692494180156636,0.0004169249418017884,0.0,665.4193310037565,-0.009538540861046663,1147.5008018652525,0.0004169249418017884
2006-08-22 21:00:00+00:00,1513.3706582631276,0.00013950845989585403,0.00013950845989585403,0.0,665.5925270815815,0.00026028110359188616,1147.66088793485,0.00013950845989585403
2006-08-23 21:00:00+00:00,1513.5822354008642,0.00013980523316048377,0.0001398052331607058,0.0,660.5698408246557,-0.007546187874056698,1147.821336932877,0.0001398052331607058
2006-08-24 21:00:00+00:00,1513.7942733656694,0.00014009015159266447,0.00014009015159222038,0.0,662.474997680731,0.0028841111693760357,1147.982135397969,0.00014009015159222038
2006-08-25 21:00:00+00:00,1514.0059456674503,0.0001398289751157744,0.0001398289751162185,0.0,663.6873702255062,0.001830065359477162,1148.1426565634133,0.0001398289751162185
2006-08-28 21:00:00+00:00,1514.639724474235,0.0004186105137817808,0.00041861051378244696,0.0,668.710056482432,0.00756784968684765,1148.6232811507728,0.00041861051378244696
2006-08-29 21:00:00+00:00,1514.8510654863167,0.0001395321994179799,0.00013953219941820194,0.0,670.7884094163322,0.0031080031080028547,1148.7835510834948,0.00013953219941820194
2006-08-30 21:00:00+00:00,1515.063263219416,0.00014007828091755492,0.00014007828091711083,0.0,673.9059388171828,0.004647560030983877,1148.9444707084765,0.00014007828091711083
2006-08-31 21:00:00+00:00,1515.275112962748,0.00013982897511599646,0.0001398289751157744,0.0,673.2131545058827,-0.0010280133641736855,1149.1051264362807,0.0001398289751157744
2006-09-01 21:00:00+00:00,1515.485733240578,0.000138998044663996,0.00013899804466377397,0.0,676.8502721402083,0.005402624131721101,1149.2648498019685,0.00013899804466377397
2006-09-05 21:00:00+00:00,1516.3247026062854,0.0005535976666131148,0.0005535976666128928,0.0,683.4317230975594,0.00972364380757429,1149.9010801411391,0.0005535976666128928
2006-09-06 21:00:00+00:00,1516.534550918467,0.00013839272803561897,0.00013839272803561897,0.0,669.7492329493822,-0.020020273694880908,1150.060218088591,0.00013839272803561897
2006-09-07 21:00:00+00:00,1516.7431864594391,0.0001375738791087322,0.00013757387910895424,0.0,666.4567755099284,-0.00491595552107571,1150.2184363340023,0.00013757387910895424
2006-09-08 21:00:00+00:00,1516.9509688227981,0.00013699244882969808,0.00013699244882992012,0.0,670.6152133385073,0.006239621204836787,1150.376007574285,0.00013699244882992012
2006-09-11 21:00:00+00:00,1517.5704627752489,0.0004083809992432297,0.00040838099924256355,0.0,674.771919206308,0.006198347107438051,1150.8457992777628,0.00040838099924256355
2006-09-12 21:00:00+00:00,1517.7770261004794,0.00013611448713413132,0.00013611448713368723,0.0,687.2420368097099,0.01848049281314168,1151.0024460635016,0.00013611448713368723
2006-09-13 21:00:00+00:00,1517.9819611581036,0.00013502316486557753,0.00013502316486535548,0.0,692.0915269888108,0.007056451612903247,1151.157858056537,0.00013502316486535548
2006-09-14 21:00:00+00:00,1518.1872659824105,0.00013524852703139523,0.00013524852703117318,0.0,692.6111152222859,0.0007507507507509281,1151.3135504612194,0.00013524852703117318
2006-09-15 21:00:00+00:00,1518.3913741167842,0.00013444200129120176,0.00013444200129120176,0.0,695.0923365974807,0.0035824163382049967,1151.4683353590572,0.00013444200129120176
2006-09-18 21:00:00+00:00,1519.0049002405044,0.0004040632304547209,0.0004040632304544989,0.0,695.094069562668,2.4931438544761875e-06,1151.9336013744085,0.0004040632304544989
2006-09-19 21:00:00+00:00,1519.2107398202386,0.00013550949026019943,0.00013550949026019943,0.0,690.5866271106858,-0.006484650998127783,1152.0896993095444,0.00013550949026019943
2006-09-20 21:00:00+00:00,1519.417075848748,0.00013581791064343207,0.00013581791064365412,0.0,700.6378251966129,0.014554579673776491,1152.2461737253786,0.00013581791064365412
2006-09-21 21:00:00+00:00,1519.6230433708913,0.00013555693523326084,0.0001355569352334829,0.0,696.3054122285408,-0.006183527083848617,1152.4023686853234,0.0001355569352334829
2006-09-22 21:00:00+00:00,1519.8290207873586,0.0001355450730795571,0.00013554507307933505,0.0,690.9332201481315,-0.007715281234444982,1152.5585711486037,0.00013554507307933505
2006-09-25 21:00:00+00:00,1520.4457597243265,0.0004057949470188671,0.0004057949470188671,0.0,703.0639764587332,0.017557060446451,1153.026273592919,0.0004057949470188671
2006-09-26 21:00:00+00:00,1520.6505862446852,0.00013471478285143057,0.00013471478285143057,0.0,706.5299068331909,0.004929751047572095,1153.1816032769882,0.00013471478285143057
2006-09-27 21:00:00+00:00,1520.8558191131685,0.0001349638571410683,0.00013496385714129033,0.0,705.6634242395764,-0.001226391954868844,1153.3372411141509,0.00013496385714129033
2006-09-28 21:00:00+00:00,1521.0594383154257,0.00013388461923757866,0.00013388461923757866,0.0,707.5696859455281,0.0027013752455795625,1153.4916552315299,0.00013388461923757866
2006-09-29 21:00:00+00:00,1516.8659005149864,-0.0027569848322848145,0.00013383718157267133,1.0,704.4503486085163,-0.00440852314474649,1153.6460353036337,0.00013383718157267133
2006-10-02 21:00:00+00:00,1497.8351106192265,-0.012546125461254554,0.000401513426059541,1.0,695.6122261536493,-0.012546125461254554,1154.1092396757283,0.000401513426059541
2006-10-03 21:00:00+00:00,1504.1787072511465,0.004235176880916791,0.00013356444201373385,1.0,698.5582669719383,0.004235176880916791,1154.2633876323484,0.00013356444201373385
2006-10-04 21:00:00+00:00,1541.120828813504,0.024559662614735744,0.00013409807722819522,1.0,715.7146223255036,0.024559662614735744,1154.4181721332448,0.00013409807722819522
2006-10-05 21:00:00+00:00,1548.5838836745863,0.004842615012106588,0.00013384904007840426,1.0,719.1805526999613,0.004842615012106588,1154.572689897434,0.00013384904007840426
2006-10-06 21:00:00+00:00,1545.2255089870991,-0.0021686746987952255,0.00013438270268251173,1.0,717.6208840314553,-0.0021686746987952255,1154.7278444959459,0.00013438270268251173
2006-10-09 21:00:00+00:00,1550.4496473898569,0.0033808258874667985,0.0004049053458459184,1.0,720.0470352935756,0.0033808258874667985,1155.1953999731795,0.0004049053458459184
2006-10-10 21:00:00+00:00,1553.0617165912356,0.001684717208182862,0.00013497571747222992,1.0,721.2601109246358,0.001684717208182862,1155.3513233011115,0.00013497571747222992
2006-10-11 21:00:00+00:00,1550.0764946468028,-0.001922152811148381,0.00013524852703139523,1.0,719.8737387748528,-0.001922152811148492,1155.5075828657918,0.00013524852703139523
2006-10-12 21:00:00+00:00,1575.8240339175368,0.01661049590755903,0.00013553321153270126,1.0,731.8311985667317,0.01661049590755903,1155.664192519448,0.00013553321153270126
2006-10-13 21:00:00+00:00,1583.2870887786191,0.004735969689793951,0.0001369094009644467,1.0,735.2971289411894,0.004735969689793951,1155.8224138117619,0.0001369094009644467
2006-10-16 21:00:00+00:00,1584.0333942647276,0.00047136460051855344,0.00041259308997831923,1.0,735.6437219786352,0.00047136460051855344,1156.2992981529426,0.00041259308997831923
2006-10-17 21:00:00+00:00,1567.2415208272923,-0.010600706713780883,0.00013863010463310843,1.0,727.8453786361054,-0.010600706713781105,1156.4595960456327,0.00013863010463310843
2006-10-18 21:00:00+00:00,1559.7784659662098,-0.004761904761904967,0.00013840459627356694,1.0,724.3794482616477,-0.004761904761904856,1156.61965536913,0.00013840459627356694
2006-10-19 21:00:00+00:00,1563.509993396751,0.0023923444976077235,0.00013948472280445046,1.0,726.1124134488765,0.0023923444976077235,1156.7809861411492,0.00013948472280445046
2006-10-20 21:00:00+00:00,1567.2415208272923,0.0023866348448688957,0.00013953219941820194,1.0,727.8453786361054,0.0023866348448686736,1156.9423943363906,0.00013953219941820194
2006-10-23 21:00:00+00:00,1583.2870887786191,0.010238095238095157,0.0004185986431093358,1.0,735.2971289411894,0.01023809523809538,1157.4266888528155,0.0004185986431093358
2006-10-24 21:00:00+00:00,1572.092506486996,-0.0070704690077773025,0.00013980523316048377,1.0,730.098233379503,-0.0070704690077774135,1157.5885031609166,0.00013980523316048377
2006-10-25 21:00:00+00:00,1583.2870887786191,0.00712081652029406,0.0001395440700913131,1.0,735.2971289411894,0.007120816520294282,1157.7500377721385,0.0001395440700913131
2006-10-26 21:00:00+00:00,1597.8400457577297,0.009191609710110793,0.0001403513426998515,1.0,742.0556931713818,0.009191609710110793,1157.9125295444508,0.0001403513426998515
2006-10-27 21:00:00+00:00,1575.0777284314288,-0.014245679588976934,0.00014066003235502222,1.0,731.484605529286,-0.014245679588977045,1158.0754015583207,0.00014066003235502222
2006-10-30 22:00:00+00:00,1585.1528524938897,0.006396588486140553,0.0004270243117769912,1.0,736.1636115348037,0.006396588486140553,1158.569927909657,0.0004270243117769912
2006-10-31 22:00:00+00:00,1588.884379924431,0.002354048964218425,0.00014038695655060884,1.0,737.8965767220326,0.002354048964218425,1158.7325760157873,0.00014038695655060884
2006-11-01 22:00:00+00:00,1567.2415208272923,-0.01362141850634091,0.00014011389476542568,1.0,727.8453786361054,-0.013621418506341132,1158.8949305500046,0.00014011389476542568
2006-11-02 22:00:00+00:00,1568.7341317995088,0.0009523809523808158,0.00013982897511599646,1.0,728.538564710997,0.0009523809523810378,1159.0569776404104,0.00013982897511599646
2006-11-03 22:00:00+00:00,1564.6294516259134,-0.002616555661275055,0.00013927105037070397,1.0,726.6323030050452,-0.002616555661275166,1159.218400723126,0.00013927105037070397
2006-11-06 22:00:00+00:00,1587.3917689522145,0.01454805628428324,0.0004169012010677431,1.0,737.2033906471411,0.014548056284283462,1159.7016802666874,0.0004169012010677431
2006-11-07 22:00:00+00:00,1598.2131985007838,0.006817113305124467,0.00013896243447453216,1.0,742.2289896901046,0.006817113305124467,1159.8628352354415,0.00013896243447453216
2006-11-08 22:00:00+00:00,1605.6762533618664,0.004669624095260394,0.00013950845989607608,1.0,745.6949200645623,0.004669624095260394,1160.024645913276,0.00013950845989607608
2006-11-09 22:00:00+00:00,1597.0937402716215,-0.005345108064141457,0.0001395321994179799,1.0,741.709100133936,-0.005345108064141346,1160.1865067034992,0.0001395321994179799
2006-11-10 22:00:00+00:00,1605.6762533618664,0.0053738317757010545,0.0001392591796989251,1.0,745.6949200645623,0.0053738317757010545,1160.3480733247204,0.0001392591796989251
2006-11-13 22:00:00+00:00,1621.7218213131935,0.009993028119916314,0.0004177439654133863,1.0,753.1466703696462,0.009993028119916314,1160.832801730131,0.0004177439654133863
2006-11-14 22:00:00+00:00,1639.260000236737,0.010814542107685288,0.00013979336309422052,1.0,761.2916067496217,0.010814542107685288,1160.995078451475,0.00013979336309422052
2006-11-15 22:00:00+00:00,1645.9767496117108,0.004097427725927583,0.000139817103834039,1.0,764.4109440866335,0.004097427725927583,1161.1574054209095,0.000139817103834039
2006-11-16 22:00:00+00:00,1653.066651729739,0.004307413284969419,0.000139544070090869,1.0,767.7035779423683,0.004307413284969419,1161.3194380512782,0.000139544070090869
2006-11-17 22:00:00+00:00,1653.066651729739,0.0,0.00013953219941820194,1.0,767.7035779423683,0.0,1161.4814795066966,0.00013953219941820194
2006-11-20 22:00:00+00:00,1656.4250264172263,0.002031602708803648,0.0004185986431093358,1.0,769.2632466108743,0.002031602708803648,1161.9676740780146,0.0004185986431093358
2006-11-21 22:00:00+00:00,1658.6639428755511,0.001351655778328631,0.00013953219941820194,1.0,770.3030257232116,0.0013516557783284089,1162.1298059832316,0.00013953219941820194
2006-11-22 22:00:00+00:00,1669.112219681066,0.006299212598424919,0.00013953219941842399,1.0,775.1553282474522,0.006299212598425141,1162.29196051107,0.00013953219941842399
2006-11-24 22:00:00+00:00,1666.1269977366333,-0.0017885088307623143,0.000278507280320639,1.0,773.7689560976692,-0.0017885088307623143,1162.6156672839306,0.000278507280320639
2006-11-27 22:00:00+00:00,1629.1848761742756,-0.022172452407614784,0.00041690120106796513,1.0,756.6126007441038,-0.022172452407614784,1163.1003631520018,0.00041690120106796513
2006-11-28 22:00:00+00:00,1633.289556347871,0.0025194686211635897,0.000138416465119251,1.0,758.5188624500556,0.0025194686211635897,1163.2613553928481,0.000138416465119251
2006-11-29 22:00:00+00:00,1644.4841386394944,0.006854009595613331,0.0001381197643812726,1.0,763.717758011742,0.006854009595613331,1163.4220247771689,0.0001381197643812726
2006-11-30 22:00:00+00:00,1643.364680410332,-0.000680735194009463,0.00013838086040518505,1.0,763.1978684555734,-0.000680735194009574,1163.583020117972,0.00013838086040518505
2006-12-01 22:00:00+00:00,1629.1848761742756,-0.008628519527702161,0.00013811976438149465,1.0,756.6126007441038,-0.008628519527702161,1163.743733930549,0.00013811976438149465
2006-12-04 22:00:00+00:00,1651.5740407575227,0.013742556115437399,0.0004143256935760231,1.0,767.0103918674768,0.013742556115437399,1164.2259028602546,0.0004143256935760231
2006-12-05 22:00:00+00:00,1657.5444846463886,0.0036150022593763875,0.00013783494711194777,1.0,769.7831361670429,0.0036150022593763875,1164.3863738760017,0.00013783494711194777
2006-12-06 22:00:00+00:00,1651.5740407575227,-0.0036019810895993043,0.00013782308009147037,1.0,767.0103918674768,-0.0036019810895993043,1164.5468531924657,0.00013782308009147037
2006-12-07 22:00:00+00:00,1630.6774871464922,-0.012652507907817356,0.00013727722284673227,1.0,757.3057868189954,-0.012652507907817356,1164.7067189503468,0.00013727722284673227
2006-12-08 22:00:00+00:00,1638.1405420075744,0.004576659038901365,0.00013670768942986022,1.0,760.771717193453,0.004576659038901587,1164.865943314758,0.00013670768942986022
2006-12-11 22:00:00+00:00,1644.1109858964405,0.0036446469248292424,0.00041005384116998833,1.0,763.5444614930192,0.0036446469248292424,1165.3436010692621,0.00041005384116998833
2006-12-12 22:00:00+00:00,1634.4090145770333,-0.005901044030867109,0.00013641108006301472,1.0,759.0387520062242,-0.005901044030867109,1165.5025668485284,0.00013641108006301472
2006-12-13 22:00:00+00:00,1637.3942365214664,0.0018264840182649067,0.00013612635050441746,1.0,760.4251241560073,0.0018264840182649067,1165.6612224594571,0.00013612635050441746
2006-12-14 22:00:00+00:00,1655.6787209311178,0.011166818596171302,0.00013529597442896169,1.0,768.9166535734284,0.011166818596171302,1165.8189317304038,0.00013529597442896169
2006-12-15 22:00:00+00:00,1659.940848633582,0.00257424804014339,0.00013526038797029294,1.0,770.8960357619236,0.002574248040143612,1165.9766208514127,0.00013526038797029294
2006-12-18 22:00:00+00:00,1643.5020916360854,-0.009903218546027381,0.0004066252873502485,1.0,763.2616838435071,-0.009903218546027492,1166.45073642991,0.0004066252873502485
2006-12-19 22:00:00+00:00,1638.271578045973,-0.0031825414867013846,0.00013581791064343207,1.0,760.8325718694655,-0.0031825414867014956,1166.6091613318004,0.00013581791064343207
2006-12-20 22:00:00+00:00,1632.2938482287013,-0.0036488027366021747,0.00013473850654643904,1.0,758.0564438991321,-0.0036488027366021747,1166.7663485079215,0.00013473850654643904
2006-12-21 22:00:00+00:00,1620.7119967077379,-0.007095445181963811,0.00013605517938919398,1.0,752.6776959566115,-0.007095445181963589,1166.925093112773,0.00013605517938919398
2006-12-22 22:00:00+00:00,1613.7776118298686,-0.004278604028325472,0.00013611448713435337,0.0,744.869836040049,-0.010373443983402675,1167.0839285233465,0.00013611448713435337
2006-12-26 22:00:00+00:00,1614.6562505881932,0.0005444608673981222,0.0005444608673979001,0.0,747.992980006674,0.004192872117400492,1167.7193600513965,0.0005444608673979001
2006-12-27 22:00:00+00:00,1614.8760286956397,0.00013611448713390928,0.00013611448713368723,0.0,751.8101559658822,0.005103224309904952,1167.878303573206,0.00013611448713368723
2006-12-28 22:00:00+00:00,1615.096718028851,0.00013666023229630397,0.00013666023229630397,0.0,748.1664880048198,-0.004846526655896577,1168.0379060934663,0.00013666023229630397
2006-12-29 22:00:00+00:00,1615.3179165930371,0.0001369568532441079,0.0001369568532441079,0.0,748.8605199974031,0.0009276437847864916,1168.1978768895547,0.0001369568532441079
2007-01-03 22:00:00+00:00,1616.4204834768423,0.0006825695873731163,0.0006825695873733384,0.0,750.2485839825698,0.001853568118628468,1168.9952532323537,0.0006825695873733384
2007-01-04 22:00:00+00:00,1616.642764807466,0.00013751454704746813,0.00013751454704791222,0.0,764.4762398305279,0.018963922294171986,1169.156007085103,0.00013751454704791222
2007-01-05 22:00:00+00:00,1618.7466078631935,0.0013013654602771485,0.00013890309631259257,1.0,760.8325718694655,-0.004766227871084827,1169.3184064745597,0.00013890309631259257
2007-01-08 22:00:00+00:00,1619.854074185563,0.000684150513112991,0.0004152039327820489,1.0,761.3530958639029,0.000684150513112769,1169.8039120756023,0.0004152039327820489
2007-01-09 22:00:00+00:00,1627.975493882938,0.005013673655423823,0.0001381197643812726,1.0,765.1702718231112,0.005013673655423823,1169.9654851163104,0.0001381197643812726
2007-01-10 22:00:00+00:00,1647.1715768040067,0.011791383219954543,0.00013838086040629527,1.0,774.1926877266943,0.011791383219954543,1170.1273859467865,0.00013838086040629527
2007-01-11 22:00:00+00:00,1664.1527270803365,0.010309278350515427,0.00013921170308894837,1.0,782.1740556414026,0.010309278350515427,1170.2902813730152,0.00013921170308894837
2007-01-12 22:00:00+00:00,1672.6433022185017,0.005102040816326703,0.0001392473096348823,1.0,786.1647395987567,0.005102040816326481,1170.4532411461882,0.0001392473096348823
2007-01-16 22:00:00+00:00,1671.5358358961323,-0.0006621054954756289,0.0005581199948891946,1.0,785.6442156043191,-0.0006621054954757399,1171.1064945031549,0.0005581199948891946
2007-01-17 22:00:00+00:00,1657.8770845869103,-0.00817137809187285,0.00014007828091755492,1.0,779.2244196729233,-0.00817137809187296,1171.2705410876763,0.00014007828091755492
2007-01-18 22:00:00+00:00,1627.2371830013583,-0.018481407258962412,0.0001395559413710501,1.0,764.8232558268195,-0.0184814072589623,1171.433998850638,0.0001395559413710501
2007-01-19 22:00:00+00:00,1630.5595819684665,0.00204174228675158,0.00014007828091777696,1.0,766.384827810132,0.002041742286751358,1171.5980913114056,0.00014007828091777696
2007-01-22 22:00:00+00:00,1614.101199869897,-0.010093701745446437,0.0004211510677389896,0.0,758.0564438991321,-0.010867104369481684,1172.0915110985225,0.0004211510677389896
2007-01-23 22:00:00+00:00,1614.3277986249109,0.00014038695655016475,0.00014038695655060884,0.0,756.147855919528,-0.0025177386129549006,1172.2560574585643,0.00014038695655060884
2007-01-24 22:00:00+00:00,1614.5553108817962,0.0001409331221819965,0.0001409331221819965,0.0,768.6404317860278,0.016521340064249657,1172.4212671647388,0.0001409331221819965
2007-01-25 22:00:00+00:00,1604.708801391467,-0.0060985891433793515,0.0001406837779633907,0.0,758.7504758917154,-0.012866817155756327,1172.5862078179682,0.0001406837779633907
2007-01-26 22:00:00+00:00,1604.9349770649478,0.00014094499468364496,0.00014094499468342292,0.0,755.9743479213822,-0.0036588154584951127,1172.7514779747949,0.00014094499468342292
2007-01-29 22:00:00+00:00,1605.6123072373741,0.0004220296660646383,0.0004220296660644163,0.0,756.6683799139655,0.0009180628873077801,1173.246413889421,0.0004220296660644163
2007-01-30 22:00:00+00:00,1605.8386102554819,0.00014094499468364496,0.00014094499468364496,0.0,757.0153959102572,0.00045861041045647255,1173.4117770989894,0.00014094499468364496
2007-01-31 22:00:00+00:00,1606.0645256979724,0.00014068377796361276,0.0001406837779633907,0.0,764.6497478286738,0.010084804033921646,1173.5768571008985,0.0001406837779633907
2007-02-01 22:00:00+00:00,1606.2908924540077,0.00014094499468320087,0.00014094499468342292,0.0,763.7822078379446,-0.0011345586566825494,1173.742266884783,0.00014094499468342292
2007-02-02 22:00:00+00:00,1606.516871525266,0.00014068377796316867,0.0001406837779633907,0.0,766.2113198119861,0.003180372557928024,1173.9073933812438,0.0001406837779633907
2007-02-05 22:00:00+00:00,1607.2188145020432,0.00043693470589611927,0.0004211748121294434,1.0,765.5172878194028,-0.0009057971014492239,1174.4018136071084,0.0004211748121294434
2007-02-06 22:00:00+00:00,1592.0650503183283,-0.009428563209303853,0.00014066003235457814,0.0,764.3027318323819,-0.0015865820489574523,1174.5670050042077,0.00014066003235457814
2007-02-07 22:00:00+00:00,1595.9408448099352,0.0024344448054003376,0.00014094499468342292,1.0,771.416559756361,0.009307604994324814,1174.7325543444833,0.00014094499468342292
2007-02-08 22:00:00+00:00,1595.581883756222,-0.0002249212775528031,0.00014122997164678353,1.0,771.2430517582153,-0.0002249212775526921,1174.898461789826,0.00014122997164678353
2007-02-09 22:00:00+00:00,1577.3892747566838,-0.011401864852407462,0.00014096874151015015,0.0,760.6590638713196,-0.013723284589426399,1175.0640857473866,0.00014096874151015015
2007-02-12 22:00:00+00:00,1578.057639448332,0.00042371575764099667,0.00042371575764144076,0.0,758.229951897278,-0.0031934306569342263,1175.5619789167563,0.00042371575764144076
2007-02-13 22:00:00+00:00,1578.280958217175,0.00014151496324377177,0.00014151496324354973,0.0,761.0060798676112,0.0036613272311212253,1175.7283385269932,0.00014151496324354973
2007-02-14 22:00:00+00:00,1578.503896273241,0.00014125371969120337,0.00014125371969142542,0.0,773.8456717304027,0.01687186502507987,1175.8944145281566,0.00014125371969142542
2007-02-15 22:00:00+00:00,1582.9697315058352,0.0028291569270990635,0.00014178809514819868,1.0,778.3568796821943,0.005829596412556093,1176.061142357288,0.00014178809514819868
2007-02-16 22:00:00+00:00,1577.6766985204167,-0.0033437360677662786,0.00014153871250699446,1.0,775.7542597100069,-0.0033437360677663897,1176.2276005372066,0.00014153871250699446
2007-02-20 22:00:00+00:00,1576.618091923333,-0.0006709908297920508,0.0005649823986833002,1.0,775.2337357155693,-0.0006709908297920508,1176.8921484283555,0.0005649823986833002
2007-02-21 22:00:00+00:00,1594.6144040737558,0.011414503133392984,0.00014151496324354973,1.0,784.0826436210066,0.011414503133392984,1177.058696277482,0.00014151496324354973
2007-02-22 22:00:00+00:00,1602.7303879847311,0.005089621597698768,0.0001417999694770522,1.0,788.0733275783608,0.005089621597698768,1177.225603164687,0.0001417999694770522
2007-02-23 22:00:00+00:00,1597.0844861336177,-0.003522677234698568,0.00014208499034595867,1.0,785.2971996080274,-0.003522677234698457,1177.3928692531479,0.00014208499034595867
2007-02-26 22:00:00+00:00,1589.3213710883374,-0.004860804242156291,0.0004254495209963238,1.0,781.4800236488192,-0.004860804242156402,1177.893790485396,0.0004254495209963238
2007-02-27 22:00:00+00:00,1551.6921523776898,-0.023676280578093456,0.00014208499034640276,0.0,749.3810439918406,-0.0410746003552398,1178.0611515132462,0.00014208499034640276
2007-02-28 22:00:00+00:00,1551.9126429693717,0.00014209686589183868,0.00014209686589228276,0.0,751.8101559658822,0.0032414910858995505,1178.2285503107057,0.00014209686589228276
2007-03-01 22:00:00+00:00,1552.1331648920761,0.00014209686589228276,0.00014209686589206072,0.0,748.3399960029657,-0.0046157396722824595,1178.3959728950094,0.00014209686589206072
2007-03-02 22:00:00+00:00,1552.3511747236123,0.000140458200666993,0.00014045820066632686,0.0,737.0619761234866,-0.01507071643867397,1178.5614882730347,0.00014045820066632686
2007-03-05 22:00:00+00:00,1553.007584779473,0.00042284894458721745,0.00042284894458766153,0.0,731.3362121846743,-0.007768361581920735,1179.0598417544825,0.00042284894458766153
2007-03-06 22:00:00+00:00,1553.2260677537056,0.0001406837779633907,0.00014068377796361276,0.0,743.4817720548824,0.016607354685646447,1179.2257163474655,0.00014068377796361276
2007-03-07 22:00:00+00:00,1553.443714748184,0.00014012576726396553,0.00014012576726374348,0.0,740.5321360864033,-0.003967327887981376,1179.3909562557458,0.00014012576726374348
2007-03-08 22:00:00+00:00,1553.6609311907175,0.00013982897511599646,0.00013982897511599646,0.0,745.5638680326324,0.006794751640112562,1179.5558692844202,0.00013982897511599646
2007-03-09 22:00:00+00:00,1553.8790080315152,0.00014036321337540514,0.000140363213374739,0.0,744.869836040049,-0.0009308820107052362,1179.721435536588,0.000140363213374739
2007-03-12 21:00:00+00:00,1554.521772184727,0.00041365135244730844,0.0004136513524470864,0.0,749.7280599881323,0.006522245515956149,1180.2094289039085,0.0004136513524470864
2007-03-13 21:00:00+00:00,1554.738272064763,0.00013927105037048193,0.0001392710503713701,0.0,735.1533881438825,-0.019439944457301572,1180.37379791073,0.0001392710503713701
2007-03-14 21:00:00+00:00,1554.9551896605396,0.00013952032935327097,0.00013952032935327097,0.0,745.9108840289241,0.014632995043663222,1180.5384840517745,0.00013952032935327097
2007-03-15 21:00:00+00:00,1555.17215597815,0.00013953219941842399,0.0001395321994179799,0.0,744.1758040474657,-0.0023261223540359532,1180.703207182952,0.0001395321994179799
2007-03-16 21:00:00+00:00,1555.3883034060098,0.00013898617399288327,0.00013898617399266122,0.0,743.5968354963385,-0.000777999698429177,1180.867308604339,0.00013898617399266122
2007-03-19 21:00:00+00:00,1556.0341067465865,0.00041520393278160483,0.0004152039327818269,0.0,751.2359344367633,0.010273173009572867,1181.357609354965,0.0004152039327818269
2007-03-20 21:00:00+00:00,1556.24902581078,0.00013811976438149465,0.0001381197643812726,0.0,756.6180268720624,0.007164317078807381,1181.5207781896193,0.0001381197643812726
2007-03-21 21:00:00+00:00,1556.4635313129459,0.00013783494711194777,0.00013783494711194777,0.0,771.2017612128732,0.019274896741624747,1181.6836330435926,0.00013783494711194777
2007-03-22 21:00:00+00:00,1554.9831679027377,-0.0009511070323372506,0.00013864197104873632,1.0,768.4239070527186,-0.0036019810895994153,1181.8474639916337,0.00013864197104873632
2007-03-23 21:00:00+00:00,1550.0645586956346,-0.0031631269769544224,0.00013840459627356694,1.0,765.9932846625835,-0.0031631269769543113,1182.0110371127444,0.00013840459627356694
2007-03-26 21:00:00+00:00,1534.050952182635,-0.010330928749493373,0.0004143375612053468,0.0,769.1183705927573,0.004079782411604782,1182.5007886831795,0.0004143375612053468
2007-03-27 21:00:00+00:00,1531.5149388701927,-0.0016531480319047498,0.00013838086040562914,1.0,763.7362781574582,-0.006997742663656714,1182.6644241597478,0.00013838086040562914
2007-03-28 21:00:00+00:00,1522.950967791357,-0.005591829933538461,0.00013893869738779152,0.0,755.5763315620045,-0.01068424641964083,1182.8287420142874,0.00013893869738779152
2007-03-29 21:00:00+00:00,1523.1621850124764,0.000138689442789941,0.00013868944278927486,0.0,756.4444109870527,0.0011488970588233727,1182.9927878734325,0.00013868944278927486
2007-03-30 21:00:00+00:00,1523.3734134490157,0.00013867757394314673,0.00013867757394336877,0.0,755.7499474470142,-0.000918062887307669,1183.1568424432473,0.00013867757394336877
2007-04-02 21:00:00+00:00,1524.0059060006913,0.0004151920639363649,0.0004151920639365869,0.0,756.791642757072,0.001378359751895264,1183.648079774622,0.0004151920639365869
2007-04-03 21:00:00+00:00,1524.216401337344,0.00013811976438149465,0.00013811976438149465,0.0,766.6877482026222,0.013076393668272512,1183.811564968511,0.00013811976438149465
2007-04-04 21:00:00+00:00,1524.4264916244094,0.00013783494711194777,0.00013783494711172573,0.0,769.812834132796,0.0040760869565217295,1183.9747355729587,0.00013783494711172573
2007-04-05 21:00:00+00:00,1524.6370088705187,0.00013809602973036128,0.00013809602973080537,0.0,773.6323836030083,0.004961659900766691,1184.1382377832429,0.00013809602973080537
2007-04-09 21:00:00+00:00,1525.4805558249166,0.0005532772387721874,0.0005532772387721874,0.0,771.7226088679022,-0.0024685816876121036,1184.793394517768,0.0005532772387721874
2007-04-10 21:00:00+00:00,1525.6908384604853,0.0001378468147403833,0.00013784681474016125,0.0,775.7157742231241,0.005174353205849247,1184.9567145133276,0.00013784681474016125
2007-04-11 21:00:00+00:00,1525.9015303078734,0.00013809602973080537,0.00013809602973058333,0.0,767.5558276276705,-0.010519247985675828,1185.1203523310044,0.00013809602973058333
2007-04-12 21:00:00+00:00,1526.1114363917054,0.00013756201148162894,0.000137562011481851,0.0,773.6323836030083,0.007916760913820431,1185.2833798705192,0.000137562011481851
2007-04-13 21:00:00+00:00,1526.3213351307788,0.0001375382780497425,0.0001375382780497425,0.0,775.1949265680951,0.0020197486535007414,1185.4464017055875,0.0001375382780497425
2007-04-16 21:00:00+00:00,1526.952406986779,0.0004134593689251176,0.0004134593689251176,0.0,782.3131778534909,0.009182530795072807,1185.9365356267313,0.0004134593689251176
2007-04-17 21:00:00+00:00,1529.8787779858437,0.001916478199107452,0.00013755014446203973,1.0,784.0493367035873,0.002219263204616073,1186.0996613685295,0.00013755014446203973
2007-04-18 21:00:00+00:00,1524.7972497152973,-0.0033215234720992415,0.00013726535643576732,1.0,781.4450984284425,-0.0033215234720992415,1186.2624717613155,0.00013726535643576732
2007-04-19 21:00:00+00:00,1529.5400094344739,0.0031104199066873672,0.0001372534906323164,1.0,783.8757208185776,0.0031104199066873672,1186.4252904263708,0.0001372534906323164
2007-04-20 21:00:00+00:00,1538.009223218718,0.005537098560354448,0.00013698058302757943,1.0,788.216117943819,0.005537098560354448,1186.587807654372,0.00013698058302757943
2007-04-23 21:00:00+00:00,1540.3806030783064,0.001541850220264429,0.00041006570575685686,1.0,789.4314291388865,0.001541850220264207,1187.0743866211603,0.00041006570575685686
2007-04-24 21:00:00+00:00,1548.172279759811,0.005058280184737196,0.00013641108006279268,1.0,793.4245944941086,0.005058280184737418,1187.2363167203541,0.00013641108006279268
2007-04-25 21:00:00+00:00,1568.8371613933664,0.013347921225382864,0.00013639921608432637,1.0,804.0151634796973,0.013347921225382864,1187.3982548232616,0.00013639921608432637
2007-04-26 21:00:00+00:00,1576.9676066262405,0.005182465990066776,0.00013639921608366024,1.0,808.1819447199289,0.005182465990066776,1187.5602150143986,0.00013639921608366024
2007-04-27 21:00:00+00:00,1577.6451437289802,0.00042964554242752584,0.0001361263505046395,1.0,808.5291764899482,0.00042964554242752584,1187.721873252473,0.0001361263505046395
2007-04-30 21:00:00+00:00,1556.9802620954247,-0.013098561305561529,0.00040750311893567037,1.0,797.9386075043595,-0.013098561305561418,1188.2058736202514,0.00040750311893567037
2007-05-01 21:00:00+00:00,1555.4558036142607,-0.000979112271540461,0.00013555693523326084,1.0,797.157336021816,-0.000979112271540572,1188.3669431669055,0.00013555693523326084
2007-05-02 21:00:00+00:00,1572.5636154584338,0.010998584340629503,0.00013527224951559447,1.0,805.9249382148035,0.010998584340629503,1188.5276962365576,0.00013527224951559447
2007-05-03 21:00:00+00:00,1578.3226808317197,0.0036622145626885594,0.00013471478285098648,1.0,808.8764082599677,0.0036622145626885594,1188.6878084870687,0.00013471478285098648
2007-05-04 21:00:00+00:00,1579.6777550371987,0.0008585533376261889,0.00013387275891107997,1.0,809.5708718000062,0.0008585533376259669,1188.8469414034748,0.00013387275891107997
2007-05-07 21:00:00+00:00,1579.6777550371987,0.0,0.0004023554117513761,1.0,809.5708718000062,0.0,1189.3252804040926,0.0004023554117513761
2007-05-08 21:00:00+00:00,1583.0654405508963,0.0021445421402530584,0.0001338490400786263,1.0,811.3070306501027,0.0021445421402530584,1189.4844704512159,0.0001338490400786263
2007-05-09 21:00:00+00:00,1586.4531260645938,0.002139952921035748,0.00013383718157289337,1.0,813.0431895001992,0.002139952921035748,1189.6436677002657,0.00013383718157289337
2007-05-10 21:00:00+00:00,1564.7719387769291,-0.013666453128336475,0.00013410993512819047,1.0,801.9317728595814,-0.013666453128336586,1189.8032107353667,0.00013410993512819047
2007-05-11 21:00:00+00:00,1584.7592833077451,0.012773327560078096,0.0001338490400786263,1.0,812.175110075151,0.012773327560078096,1189.962464753006,0.0001338490400786263
2007-05-14 21:00:00+00:00,1573.9186896639128,-0.0068405301410858765,0.00039982958434725546,1.0,806.6194017548421,-0.0068405301410859876,1190.4382469506772,0.00039982958434725546
2007-05-15 21:00:00+00:00,1561.7230218146015,-0.00774860094705121,0.00013299528969445973,1.0,800.3692298944947,-0.00774860094705121,1190.5965696301937,0.00013299528969445973
2007-05-16 21:00:00+00:00,1576.9676066262405,0.009761388286333883,0.00013298343301193505,1.0,808.1819447199289,0.009761388286333883,1190.7548992493553,0.00013298343301193505
2007-05-17 21:00:00+00:00,1569.514698496106,-0.00472610096670234,0.0001329834330121571,1.0,804.3623952497165,-0.004726100966702451,1190.9132499237335,0.0001329834330121571
2007-05-18 21:00:00+00:00,1582.3879034481567,0.008202028922944082,0.0001321653822692337,1.0,810.9597988800834,0.008202028922944304,1191.0706474286592,0.0001321653822692337
2007-05-21 21:00:00+00:00,1592.5509599892496,0.006422607578676853,0.00038965902532628327,1.0,816.1682754303729,0.006422607578676853,1191.534758856231,0.00038965902532628327
2007-05-22 21:00:00+00:00,1593.9060341947286,0.000850882790895513,0.00013148970164311713,1.0,816.8627389704114,0.000850882790895513,1191.6914334061705,0.00013148970164311713
2007-05-23 21:00:00+00:00,1586.4531260645938,-0.004675876726886297,0.00013210610797220745,1.0,813.0431895001992,-0.004675876726886186,1191.8488631233415,0.00013210610797220745
2007-05-24 21:00:00+00:00,1563.7556331228197,-0.014307068118727284,0.00013376604327919317,1.0,801.4109252045524,-0.014307068118727506,1192.0082920299483,0.00013376604327919317
2007-05-25 21:00:00+00:00,1573.5799211125432,0.006282495667244481,0.00013465548423763352,1.0,806.4457858698324,0.006282495667244481,1192.168802483727,0.00013465548423763352
2007-05-29 21:00:00+00:00,1585.7755889618545,0.007750269106566066,0.0005365137274044862,1.0,812.6959577301799,0.007750269106566288,1192.8084174116427,0.0005365137274044862
2007-05-30 21:00:00+00:00,1598.6487939139054,0.008117923520615244,0.00013412179363503363,1.0,819.2933613605467,0.008117923520615244,1192.9683990160488,0.00013412179363503363
2007-05-31 21:00:00+00:00,1606.10170204404,0.004662004662004504,0.0001335763005185786,1.0,823.1129108307589,0.004662004662004504,1193.127751321425,0.0001335763005185786
2007-06-01 21:00:00+00:00,1607.1180076981493,0.0006327778949588581,0.0001338253236742304,1.0,823.6337584857879,0.0006327778949588581,1193.2874220289302,0.0001338253236742304
2007-06-04 21:00:00+00:00,1611.8641551028397,0.0029532040472175503,0.00039730414591310215,1.0,826.0661170347732,0.0029532040472177723,1193.7615200689684,0.00039730414591310215
2007-06-05 21:00:00+00:00,1611.860767417326,-2.1017189959504634e-06,0.000129415744155148,1.0,826.064380875923,-2.101718996172508e-06,1193.9160116044318,0.000129415744155148
2007-06-06 21:00:00+00:00,1594.5835712974683,-0.010718789407313967,0.00013092076222154247,1.0,817.2099707404309,-0.010718789407313856,1194.0723199986994,0.00013092076222154247
2007-06-07 21:00:00+00:00,1569.850079361962,-0.015510941151476554,0.00013153710530611207,1.0,804.5342749758762,-0.015510941151476554,1194.2293848151983,0.00013153710530611207
2007-06-08 21:00:00+00:00,1589.163274475552,0.01230257294469772,0.00013210610797220745,1.0,814.4321165802763,0.01230257294469772,1194.3871498112521,0.00013210610797220745
2007-06-11 21:00:00+00:00,1586.1143575132241,-0.0019185674696227117,0.0003938663613374249,1.0,812.8695736151896,-0.0019185674696226007,1194.8575787319764,0.0003938663613374249
2007-06-12 21:00:00+00:00,1576.6288380748708,-0.0059803502776590856,0.00013127633012377515,1.0,808.0083288349193,-0.0059803502776590856,1195.014435249933,0.00013127633012377515
2007-06-13 21:00:00+00:00,1593.9060341947286,0.010958315427589183,0.0001304585311976414,1.0,816.8627389704114,0.01095831542758896,1195.1703350779158,0.0001304585311976414
2007-06-14 21:00:00+00:00,1604.4078592871913,0.006588735387885292,0.00012933277294813195,1.0,822.2448314057108,0.006588735387885292,1195.3249097714968,0.00012933277294813195
2007-06-15 21:00:00+00:00,1618.191566576283,0.008591149195202652,0.00012901285842836785,1.0,829.3088594273014,0.00859114919520243,1195.479122054857,0.00012901285842836785
2007-06-18 21:00:00+00:00,1619.5476877299193,0.0008380473496754082,0.0003819581772679381,1.0,830.0038595190068,0.0008380473496754082,1195.935745081279,0.0003819581772679381
2007-06-19 21:00:00+00:00,1619.2086574415102,-0.00020933640360054628,0.0001270227151060066,1.0,829.8301094960804,-0.00020933640360076833,1196.0876560867116,0.0001270227151060066
2007-06-20 21:00:00+00:00,1603.9522944631042,-0.009422110552763763,0.00012455973859215597,1.0,822.0113584643963,-0.009422110552763763,1196.236640452487,0.00012455973859215597
2007-06-21 21:00:00+00:00,1618.5305968646921,0.009088987529063619,0.00012663189912998085,1.0,829.4826094502279,0.009088987529063619,1196.3881221700765,0.00012663189912998085
2007-06-22 21:00:00+00:00,1603.2742338862859,-0.009426057813154642,0.0001269990278509603,1.0,821.6638584185436,-0.009426057813154753,1196.5400622985244,0.0001269990278509603
2007-06-25 21:00:00+00:00,1596.4936281181056,-0.004229223937407323,0.00038860440404353547,1.0,818.1888579600173,-0.004229223937407323,1197.005043036348,0.00038860440404353547
2007-06-26 21:00:00+00:00,1587.3398103310617,-0.005733701422807491,0.00012847971766549726,1.0,813.4976073410069,-0.00573370142280738,1197.1588339063214,0.00012847971766549726
2007-06-27 21:00:00+00:00,1611.7499910965116,0.01537804357112349,0.00012897731571026583,1.0,826.0076089917014,0.015378043571123268,1197.3132402391975,0.00012897731571026583
2007-06-28 21:00:00+00:00,1611.0719305196938,-0.0004206983592762725,0.00013172679685546917,1.0,825.660108945849,-0.0004206983592762725,1197.470958477167,0.00013172679685546917
2007-06-29 21:00:00+00:00,1613.784172826966,0.0016835016835017313,0.00013184530602550204,1.0,827.0501091292595,0.0016835016835017313,1197.628839402144,0.00013184530602550204
2007-07-02 21:00:00+00:00,1627.6844146517358,0.00861344537815123,0.00039132997592283836,1.0,834.1738600692382,0.008613445378151008,1198.0975074670316,0.00039132997592283836
2007-07-03 21:00:00+00:00,1637.8553233040068,0.006248698187877766,0.00013042277638786182,1.0,839.3863607570278,0.006248698187877544,1198.2537666703388,0.00013042277638786182
2007-07-05 21:00:00+00:00,1649.7213833983224,0.007244876837093628,0.0002630751219832028,1.0,845.4676115594488,0.007244876837093628,1198.5689974261725,0.0002630751219832028
2007-07-06 21:00:00+00:00,1656.501989166503,0.004110152075627038,0.00013510624309742703,1.0,848.9426120179751,0.004110152075626816,1198.7309315805078,0.00013510624309742703
2007-07-09 21:00:00+00:00,1657.5190800317303,0.0006139991813345347,0.0004057830854731215,1.0,849.463862086754,0.0006139991813345347,1199.2173563165766,0.0004057830854731215
2007-07-10 21:00:00+00:00,1643.61883820696,-0.008386173041521894,0.0001352603879700709,1.0,842.340111146775,-0.008386173041521894,1199.3795629214524,0.0001352603879700709
2007-07-11 21:00:00+00:00,1654.806837724458,0.0068069306930695905,0.0001352603879700709,1.0,848.0738619033435,0.0068069306930693685,1199.5417914664565,0.0001352603879700709
2007-07-12 21:00:00+00:00,1680.234109355135,0.01536570374923163,0.000135806049095466,1.0,861.1051136228172,0.01536570374923163,1199.7046964978806,0.000135806049095466
2007-07-13 21:00:00+00:00,1691.761139161042,0.006860371267150889,0.00013528411166863208,1.0,867.0126144023118,0.006860371267150889,1199.8669974820111,0.00013528411166863208
2007-07-16 21:00:00+00:00,1690.065987718997,-0.0010020040080159776,0.0004057830854731215,1.0,866.1438642876803,-0.0010020040080158665,1200.3538832144068,0.0004057830854731215
2007-07-17 21:00:00+00:00,1702.9491386785396,0.00762286860581729,0.0001358060490959101,1.0,872.7463651588802,0.00762286860581729,1200.516898532803,0.0001358060490959101
2007-07-18 21:00:00+00:00,1700.9149569480855,-0.0011945052757316166,0.00013582977279869013,1.0,871.7038650213224,-0.0011945052757315056,1200.6799644703717,0.00013582977279869013
2007-07-19 21:00:00+00:00,1706.000411274221,0.002989834562487692,0.00013610262437135923,1.0,874.310115365217,0.00298983456248747,1200.8433801645663,0.00013610262437135923
2007-07-20 21:00:00+00:00,1696.8465934871772,-0.005365659777424536,0.00013556879799447863,1.0,869.6188647462066,-0.005365659777424425,1201.0061770581947,0.00013556879799447863
2007-07-23 21:00:00+00:00,1697.5246540639953,0.0003996003996005193,0.00040663714889710434,1.0,869.9663647920592,0.00039960039960029725,1201.4945507858415,0.00040663714889710434
2007-07-24 21:00:00+00:00,1672.4364127217273,-0.014779308967445615,0.00013609076221499095,1.0,857.1088630955119,-0.014779308967445504,1201.6580630950552,0.00013609076221499095
2007-07-25 21:00:00+00:00,1674.8096247405906,0.0014190147982973134,0.00013584163556101814,1.0,858.325113255996,0.0014190147982970913,1201.8212982917312,0.00013584163556101814
2007-07-26 21:00:00+00:00,1660.5703526274112,-0.008502024291498156,0.00013719417072266538,1.0,851.0276122930908,-0.008502024291498045,1201.9861811681071,0.00013719417072266538
2007-07-27 21:00:00+00:00,1627.006354074918,-0.020212331563903452,0.0001372534906323164,1.0,833.8263600233857,-0.020212331563903452,1202.1511579671642,0.0001372534906323164
2007-07-30 21:00:00+00:00,1645.9920502258233,0.011669097728693512,0.000409235196065838,1.0,843.5563613072593,0.01166909772869329,1202.6431205319957,0.000409235196065838
2007-07-31 21:00:00+00:00,1622.985522510683,-0.013977301841757939,0.00013448945110527966,0.0,825.8338589687752,-0.0210092687950566,1202.8048633451515,0.00013448945110527966
2007-08-01 21:00:00+00:00,1623.2010063389405,0.0001327700249131869,0.0001327700249131869,0.0,832.2626098170488,0.007784557121817803,1202.9645597768235,0.0001327700249131869
2007-08-02 21:00:00+00:00,1623.4208307455503,0.00013542648492159692,0.00013542648492159692,0.0,839.9076108258067,0.009185803757828959,1203.1274730386394,0.00013542648492159692
2007-08-03 21:00:00+00:00,1623.6408774406925,0.0001355450730795571,0.0001355450730795571,0.0,823.9226087165857,-0.019031857674803532,1203.2905510398964,0.0001355450730795571
2007-08-06 21:00:00+00:00,1624.2915395783778,0.00040074264372469415,0.0004007426437253603,0.0,833.478859977533,0.011598481653310788,1203.7727608764899,0.0004007426437253603
2007-08-07 21:00:00+00:00,1624.5084679108459,0.000133552584115737,0.00013355258411595905,0.0,839.3863607570278,0.007087763185324114,1203.9335278393933,0.00013355258411595905
2007-08-08 21:00:00+00:00,1638.1478843567786,0.008396026684596603,0.0001327344494084226,1.0,848.5951119721225,0.010970813496170573,1204.0933312933355,0.0001327344494084226
2007-08-09 21:00:00+00:00,1614.3794984828642,-0.014509304136022583,0.00013324428850225445,0.0,828.9613593814489,-0.023136773136773092,1204.2537698525541,0.00013324428850225445
2007-08-10 21:00:00+00:00,1614.5972856461915,0.0001349045645908653,0.00013490456459108735,0.0,821.4901083956173,-0.009012785579543103,1204.4162291830332,0.00013490456459108735
2007-08-13 21:00:00+00:00,1615.2524427639178,0.00040577122453422376,0.00040577122453422376,0.0,827.0501091292595,0.006768189509306355,1204.9049466311978,0.00040577122453422376
2007-08-14 21:00:00+00:00,1615.4647553050454,0.0001314423278409027,0.0001314423278409027,0.0,812.9763572722279,-0.017016806722689126,1205.0633221422102,0.0001314423278409027
2007-08-15 21:00:00+00:00,1615.6667041554865,0.0001250097532476957,0.00012500975324791774,0.0,797.5126052317859,-0.01902115836717244,1205.2139668107593,0.00012500975324791774
2007-08-16 21:00:00+00:00,1615.8757203811322,0.0001293684056915545,0.0001293684056915545,0.0,791.2576044064385,-0.007843137254901933,1205.3698834201628,0.0001293684056915545
2007-08-17 21:00:00+00:00,1616.0806862732888,0.00012684508441540565,0.0001268450844156277,0.0,804.6363561717648,0.01690821256038655,1205.5227786647772,0.0001268450844156277
2007-08-20 21:00:00+00:00,1616.6394324647838,0.00034574151912147855,0.0003457415191212565,0.0,808.4588566761437,0.004750593824228044,1205.9395779416081,0.0003457415191212565
2007-08-21 21:00:00+00:00,1616.8074851901276,0.00010395189055079079,0.00010395189055101284,0.0,816.9726077995332,0.010530840318074386,1206.0649376406254,0.00010395189055101284
2007-08-22 21:00:00+00:00,1616.9730187018117,0.0001023829449087188,0.00010238294490916289,0.0,828.0926092668172,0.013611229264142821,1206.1884181206926,0.00010238294490916289
2007-08-23 21:00:00+00:00,1617.113533530019,8.689992138521951e-05,8.689992138521951e-05,0.0,825.8338589687752,-0.0027276542173729768,1206.2932357994032,8.689992138521951e-05
2007-08-24 21:00:00+00:00,1617.271799190606,9.786923262078417e-05,9.786923262034009e-05,0.0,837.4751105048383,0.014096360193561974,1206.411294792706,9.786923262034009e-05
2007-08-27 21:00:00+00:00,1617.7585723816876,0.00030098415821333546,0.00030098415821266933,0.0,831.9151097711963,-0.00663900414937757,1206.7744054807274,0.00030098415821266933
2007-08-28 21:00:00+00:00,1617.9301379525405,0.00010605140580421946,0.00010605140580421946,0.0,812.1076071575964,-0.023809523809523836,1206.902385602917,0.00010605140580421946
2007-08-29 21:00:00+00:00,1618.1170646836608,0.00011553448862566817,0.00011553448862544613,0.0,835.3901102297225,0.028669234060761495,1207.0418244528585,0.00011553448862544613
2007-08-30 21:00:00+00:00,1618.3209549354876,0.00012600463605316747,0.00012600463605316747,0.0,839.7338608028804,0.005199667221297943,1207.1939173186495,0.00012600463605316747
2007-08-31 21:00:00+00:00,1618.5158871066149,0.0001204533442717981,0.00012045334427135401,0.0,849.1163620409013,0.011173184357541777,1207.3393278631745,0.00012045334427135401
2007-09-04 21:00:00+00:00,1619.2213465495095,0.00043586809898776835,0.0004358680989879904,0.0,863.1901138979329,0.016574585635359185,1207.8655685608437,0.0004358680989879904
2007-09-05 21:00:00+00:00,1619.3914433000632,0.00010504848575276782,0.00010504848575254577,0.0,854.5026127516171,-0.010064412238325326,1207.9924530098137,0.00010504848575254577
2007-09-06 21:00:00+00:00,1619.5687630977166,0.00010949779831603834,0.00010949779831626039,0.0,853.8076126599119,-0.0008133387555916416,1208.1247255238009,0.00010949779831626039
2007-09-07 21:00:00+00:00,1604.431297448,-0.009346602623258482,0.00012166056839935102,0.0,837.9963605736172,-0.0185185185185186,1208.2717066646055,0.00012166056839935102
2007-09-10 21:00:00+00:00,1605.0045671401542,0.0003573039824553703,0.00035730398245559236,0.0,837.4751105048383,-0.0006220194899438924,1208.7034269572853,0.00035730398245559236
2007-09-11 21:00:00+00:00,1605.1930357400204,0.0001174255847768979,0.00011742558477667586,0.0,850.1588621784592,0.015145228215767581,1208.8453596640172,0.00011742558477667586
2007-09-12 21:00:00+00:00,1605.3718147615482,0.00011137540317407435,0.0001113754031742964,0.0,850.3326122013856,0.0002043735949315284,1208.9799953033253,0.0001113754031742964
2007-09-13 21:00:00+00:00,1605.545836804447,0.00010839983690913435,0.0001083998369093564,0.0,854.5026127516171,0.004903964037596964,1209.1110485376428,0.0001083998369093564
2007-09-14 21:00:00+00:00,1613.2250056808618,0.004782902300503045,0.00011208400808038199,1.0,855.1976128433224,0.0008133387555917526,1209.246570550177,0.00011208400808038199
2007-09-17 21:00:00+00:00,1599.786926600627,-0.008329947175944707,0.00033087951377752667,1.0,848.0738619033435,-0.008329947175944707,1209.6466854674777,0.00033087951377752667
2007-09-18 21:00:00+00:00,1640.7566798940256,0.025609506248719605,0.00011135165389797308,1.0,869.7926147691329,0.025609506248719605,1209.7813816265368,0.00011135165389797308
2007-09-19 21:00:00+00:00,1644.3620181838448,0.0021973631642029368,0.00010949772259238877,1.0,871.7038650213224,0.0021973631642029368,1209.9138499326596,0.00010949772259238877
2007-09-20 21:00:00+00:00,1639.773405814984,-0.002790512258321831,0.00011348983073533603,1.0,869.271364700354,-0.00279051225832172,1210.0511628506927,0.00011348983073533603
2007-09-21 21:00:00+00:00,1651.4429472829597,0.007116557340540508,0.00010986377814248272,1.0,875.4575842117339,0.007116557340540508,1210.184103643189,0.00010986377814248272
2007-09-24 21:00:00+00:00,1658.9852800445778,0.0045671167593328565,0.00032239149899759845,1.0,879.4559012166724,0.0045671167593328565,1210.5742567104257,0.00032239149899759845
2007-09-25 21:00:00+00:00,1674.725800590563,0.009488041114844803,0.00010363302060434343,1.0,887.800214966109,0.009488041114844803,1210.6997121773145,0.00010363302060434343
2007-09-26 21:00:00+00:00,1682.9239883749306,0.0048952418249461616,0.00010211175243446391,1.0,892.1462117106073,0.0048952418249461616,1210.8233388465967,0.00010211175243446391
2007-09-27 21:00:00+00:00,1691.4501036706724,0.00506625097427893,0.0001053080186623756,1.0,896.6660483248855,0.005066250974279152,1210.9508482533608,0.0001053080186623756
2007-09-28 21:00:00+00:00,1685.8753359773025,-0.0032958511050795725,0.00010382168423572757,1.0,893.7107705386267,-0.0032958511050795725,1211.0765712099533,0.00010382168423572757
2007-10-01 21:00:00+00:00,1705.2230591484097,0.011476366465668297,0.0003062302257117455,1.0,903.9673228556427,0.011476366465668297,1211.447439461709,0.0003062302257117455
2007-10-02 21:00:00+00:00,1705.5509866597843,0.0001923076923076028,0.00010151044952566579,1.0,904.1411627254225,0.0001923076923076028,1211.5704140358655,0.00010151044952566579
2007-10-03 21:00:00+00:00,1693.7455962502952,-0.006921745818111891,0.000104199141599981,1.0,897.8829274133451,-0.00692174581811178,1211.6966586329959,0.000104199141599981
2007-10-04 21:00:00+00:00,1697.6807263867918,0.002323330106486221,0.00010730216666310355,1.0,899.9690058507043,0.002323330106485999,1211.8266763098056,0.00010730216666310355
2007-10-05 21:00:00+00:00,1732.0475295788597,0.02024338419934324,0.00010824636158623946,1.0,918.1874242036411,0.02024338419934324,1211.9578521383894,0.00010824636158623946
2007-10-08 21:00:00+00:00,1742.9347229564994,0.006285735923359459,0.00032484654126263557,1.0,923.9589078803348,0.006285735923359459,1212.3515524548127,0.00032484654126263557
2007-10-09 21:00:00+00:00,1750.480334993231,0.004329256820319927,0.00010828176992716543,1.0,927.958963283971,0.004329256820319927,1212.4828280266863,0.00010828176992716543
2007-10-10 21:00:00+00:00,1754.7401133659885,0.0024334911324632724,0.00010801028577245297,1.0,930.2171431924123,0.0024334911324632724,1212.6137886434356,0.00010801028577245297
2007-10-11 21:00:00+00:00,1726.8662748991394,-0.015884881330592404,0.00010908450240565415,1.0,915.4407542611181,-0.015884881330592515,1212.7460660151798,0.00010908450240565415
2007-10-12 21:00:00+00:00,1755.3959683887379,0.01652107861754648,0.00011103278994295529,1.0,930.5648229319722,0.016521078617546703,1212.880720594382,0.00011103278994295529
2007-10-15 21:00:00+00:00,1741.9509404223752,-0.007659256491686972,0.0003325091313839401,1.0,923.4373882709949,-0.007659256491687083,1213.2840145092591,0.0003325091313839401
2007-10-16 21:00:00+00:00,1733.752752638008,-0.004706325301204739,0.00011246195856040586,1.0,919.0913915264966,-0.00470632530120485,1213.4204628058208,0.00011246195856040586
2007-10-17 21:00:00+00:00,1756.0518234114872,0.012861736334405238,0.00011470686752246273,1.0,930.912502671532,0.012861736334405238,1213.5596504660969,0.00011470686752246273
2007-10-18 21:00:00+00:00,1763.5941561731051,0.004295051353874868,0.00011752019643074263,1.0,934.9108196764705,0.004295051353874868,1213.7022682346,0.00011752019643074263
2007-10-19 21:00:00+00:00,1719.651869648896,-0.024916325771662362,0.00011627882456965999,1.0,911.6162771259596,-0.024916325771662362,1213.8433961077278,0.00011627882456965999
2007-10-22 21:00:00+00:00,1740.3113028655018,0.012013729977116805,0.00032936825322926744,1.0,922.5681889220954,0.012013729977116805,1214.2431975867978,0.00032936825322926744
2007-10-23 21:00:00+00:00,1776.711256628093,0.02091577162238556,0.00010291375235271794,1.0,941.8644144676676,0.020915771622385337,1214.3681599105303,0.00010291375235271794
2007-10-24 21:00:00+00:00,1763.2662286617306,-0.007567368032484256,0.00010506025553125298,1.0,934.7369798066906,-0.007567368032484256,1214.4957417397195,0.00010506025553125298
2007-10-25 21:00:00+00:00,1739.6554478427524,-0.013390366375302332,0.00010923804142515259,1.0,922.2205091825355,-0.01339036637530222,1214.6284108758664,0.00010923804142515259
2007-10-26 21:00:00+00:00,1768.5130688437257,0.016588124410933158,0.00010887199950038173,1.0,937.5184177231694,0.016588124410932936,1214.7606498996086,0.00010887199950038173
2007-10-29 21:00:00+00:00,1776.0554016053434,0.004264787687743299,0.0003156537878614696,1.0,941.5167347281077,0.004264787687743299,1215.1440937000943,0.0003156537878614696
2007-10-30 21:00:00+00:00,1779.3346767190906,0.0018463810930577917,0.00010760901146444901,1.0,943.2551334259072,0.0018463810930577917,1215.2748541548042,0.00010760901146444901
2007-10-31 21:00:00+00:00,1804.585095094942,0.014190932546995993,0.00010825816376391906,1.0,956.6408033989619,0.014190932546995993,1215.4064175789833,0.00010825816376391906
2007-11-01 21:00:00+00:00,1770.8085614233485,-0.01871706341995283,0.00010963939921548871,1.0,938.7352968116289,-0.01871706341995283,1215.5396740084093,0.00010963939921548871
2007-11-02 21:00:00+00:00,1784.5815169010857,0.007777777777777883,0.00010834079588240009,1.0,946.0365713423861,0.007777777777777883,1215.671366544118,0.00010834079588240009
2007-11-05 22:00:00+00:00,1773.1040540029715,-0.006431459022418151,0.0003276586119826952,1.0,939.9521759000885,-0.006431459022418262,1216.069691736707,0.0003276586119826952
2007-11-06 22:00:00+00:00,1793.1076321968276,0.011281671906787416,0.00010418736043082966,1.0,950.5564079566642,0.011281671906787416,1216.196390827989,0.00010418736043082966
2007-11-07 22:00:00+00:00,1749.4932731839933,-0.024323335771762933,9.88821128338202e-05,1.0,927.4357052759334,-0.024323335771762933,1216.316650896735,9.88821128338202e-05
2007-11-08 22:00:00+00:00,1686.8680269805686,-0.035796220061738104,0.00010136900787460768,0.0,899.2736463715845,-0.030365510777881966,1216.4399477088978,0.00010136900787460768
2007-11-09 22:00:00+00:00,1687.0410517533749,0.00010257161202820164,0.0001025716120279796,0.0,869.1993488996565,-0.03344287647399957,1216.5647199152695,0.0001025716120279796
2007-11-12 22:00:00+00:00,1687.5237208539843,0.000286103945193128,0.00028610394519290594,0.0,847.121685437605,-0.0254000000000002,1216.9127838812199,0.00028610394519290594
2007-11-13 22:00:00+00:00,1687.6844837090243,9.526553793182124e-05,9.526553793182124e-05,0.0,882.0634992633713,0.04124769136055839,1217.0287137321925,9.526553793182124e-05
2007-11-14 22:00:00+00:00,1687.8406919075717,9.255770261273888e-05,9.255770261273888e-05,0.0,870.7639077276758,-0.012810405991328322,1217.1413591139492,9.255770261273888e-05
2007-11-15 22:00:00+00:00,1687.9916911199048,8.946295290601647e-05,8.946295290601647e-05,0.0,866.0702312436176,-0.005390297464563876,1217.2502481740396,8.946295290601647e-05
2007-11-16 22:00:00+00:00,1688.152538556313,9.528923468904438e-05,9.528923468882233e-05,0.0,874.0668652534945,0.009233239662786108,1217.3662390186128,9.528923468882233e-05
2007-11-19 22:00:00+00:00,1688.6251496553691,0.00027995757981691405,0.0002799575798171361,0.0,863.9841528062585,-0.011535401750198848,1217.7070499246395,0.0002799575798171361
2007-11-20 22:00:00+00:00,1688.7776494163188,9.031001402570737e-05,9.031001402592942e-05,0.0,867.460950201857,0.004024144869215096,1217.8170210653977,9.031001402592942e-05
2007-11-21 22:00:00+00:00,1688.934515393797,9.28872889409682e-05,9.28872889409682e-05,0.0,857.2043978848412,-0.011823647294589068,1217.9301407869107,9.28872889409682e-05
2007-11-23 22:00:00+00:00,1689.248674599278,0.00018601029383780165,0.00018601029383780165,0.0,866.4179109831775,0.010748326911376838,1218.1566883302723,0.00018601029383780165
2007-11-26 22:00:00+00:00,1689.6988323780295,0.0002664840206894059,0.00026648402068985,0.0,851.4676821821034,-0.017255216693419007,1218.4813076224088,0.00026648402068985
2007-11-27 22:00:00+00:00,1689.8419708822678,8.471243602437006e-05,8.471243602459211e-05,0.0,868.5039894205368,0.02000816659861182,1218.584528142228,8.471243602459211e-05
2007-11-28 22:00:00+00:00,1689.9907639888834,8.805149190238559e-05,8.805149190260764e-05,0.0,894.9276496270862,0.030424339471577078,1218.6918263279404,8.805149190260764e-05
2007-11-29 22:00:00+00:00,1690.1357150579902,8.577033211976115e-05,8.57703321199832e-05,0.0,898.7521267622448,0.004273504273504258,1218.7963539306365,8.57703321199832e-05
2007-11-30 22:00:00+00:00,1690.2814137151097,8.620530045089225e-05,8.620530045133634e-05,0.0,891.9723718408275,-0.0075435203094776915,1218.9014206365161,8.620530045133634e-05
2007-12-03 22:00:00+00:00,1690.704561916711,0.00025034186506922573,0.0002503418650696698,0.0,884.4972574402905,-0.008380432664197968,1219.2065626914944,0.0002503418650696698
2007-12-04 22:00:00+00:00,1690.8428386961239,8.178648270518174e-05,8.178648270473765e-05,0.0,880.8466201749119,-0.004127358490566113,1219.3062773079475,8.178648270473765e-05
2007-12-05 22:00:00+00:00,1690.9883201354512,8.604078155460826e-05,8.604078155438621e-05,0.0,896.4922084551056,0.01776198934280626,1219.4111873730012,8.604078155438621e-05
2007-12-06 22:00:00+00:00,1691.130017654727,8.379568184380126e-05,8.37956818440233e-05,0.0,909.5301986886005,0.014543339150669077,1219.5133687648954,8.37956818440233e-05
2007-12-07 22:00:00+00:00,1687.3615511920582,-0.002228371812532215,8.396018815481909e-05,1.0,909.7040385583804,0.00019113149847083122,1219.615759336794,8.396018815481909e-05
2007-12-10 22:00:00+00:00,1694.1329237460488,0.004012994458245656,0.0002519165599945694,1.0,913.354675823759,0.004012994458245878,1219.9230007434014,0.0002519165599945694
2007-12-11 22:00:00+00:00,1679.6108130811856,-0.008572001913965566,8.451256646968552e-05,0.0,892.1462117106073,-0.023220403502093645,1220.0260995670897,8.451256646968552e-05
2007-12-12 22:00:00+00:00,1679.7537089162552,8.507675346969279e-05,8.507675346991483e-05,0.0,900.1428457204842,0.008963367108339781,1220.1298954267893,8.507675346991483e-05
2007-12-13 22:00:00+00:00,1679.8939320361808,8.347838089672877e-05,8.347838089672877e-05,0.0,895.2753293666461,-0.0054074932406333875,1220.2317498949433,8.347838089672877e-05
2007-12-14 22:00:00+00:00,1680.0290554969058,8.043570974813896e-05,8.0435709748361e-05,0.0,886.0618162683097,-0.010291262135922352,1220.3299001018036,8.0435709748361e-05
2007-12-17 22:00:00+00:00,1680.4254042354653,0.0002359177880064678,0.0002359177880064678,0.0,864.5056724155983,-0.024328036099666384,1220.6177976324736,0.0002359177880064678
2007-12-18 22:00:00+00:00,1680.5570580563324,7.834553115859677e-05,7.834553115837473e-05,0.0,868.1563096809768,0.004222803136939568,1220.7134275821707,7.834553115837473e-05
2007-12-19 22:00:00+00:00,1680.689156263074,7.860382133917376e-05,7.860382133961785e-05,0.0,868.1563096809768,0.0,1220.8093803223392,7.860382133961785e-05
2007-12-20 22:00:00+00:00,1680.8303661985028,8.401906735855391e-05,8.4019067358998e-05,0.0,884.8449371798503,0.01922306768121751,1220.911951587897,8.4019067358998e-05
2007-12-21 22:00:00+00:00,1680.9706199294458,8.34431205929409e-05,8.344312059316294e-05,0.0,902.2888003054192,0.019714033942676457,1221.0138282911068,8.344312059316294e-05
2007-12-24 22:00:00+00:00,1681.373013478613,0.0002393816669943316,0.0002393816669943316,0.0,909.0755434514001,0.007521697203471511,1221.3061166167463,0.0002393816669943316
2007-12-26 22:00:00+00:00,1681.6411687844643,0.0001594859104443458,0.00015948591044412375,0.0,913.600038882054,0.004977029096477681,1221.5008977346859,0.00015948591044412375
2007-12-27 22:00:00+00:00,1681.7784474991208,8.163377372349956e-05,8.163377372349956e-05,0.0,903.6809527456203,-0.010857142857142899,1221.6006134625745,8.163377372349956e-05
2007-12-28 22:00:00+00:00,1681.9313386528747,9.09104014152895e-05,9.091040141506745e-05,0.0,902.4628193604443,-0.0013479684190255137,1221.7116696647133,9.091040141506745e-05
2007-12-31 22:00:00+00:00,1682.389261920488,0.00027226038131855645,0.0002722603813187785,0.0,891.3255998388345,-0.01234091785576552,1222.044293349758,0.0002722603813187785
2008-01-02 22:00:00+00:00,1682.6806497116568,0.0001731987939794788,0.0001731987939790347,0.0,877.9261326018977,-0.015033190160093635,1222.255949947555,0.0001731987939790347
2008-01-03 22:00:00+00:00,1682.826675123618,8.678141748785784e-05,8.678141748830193e-05,0.0,880.8844565373253,0.0033696729435084283,1222.362019051425,8.678141748830193e-05
2008-01-04 22:00:00+00:00,1682.9813840887,9.193398664808505e-05,9.193398664808505e-05,0.0,842.2522263217412,-0.043856183326748344,1222.4743956649636,9.193398664808505e-05
2008-01-07 22:00:00+00:00,1683.4312178564674,0.00026728386423058303,0.00026728386423013895,0.0,838.2497880561627,-0.004752066115702447,1222.8011433453594,0.00026728386423013895
2008-01-08 22:00:00+00:00,1683.5802185769974,8.851013272748176e-05,8.85101327277038e-05,0.0,816.4974061780187,-0.02594976126219628,1222.9093736368563,8.85101327277038e-05
2008-01-09 22:00:00+00:00,1683.727371294119,8.740463655843023e-05,8.740463655843023e-05,0.0,833.899311680534,0.021312872975277175,1223.016261586203,8.740463655843023e-05
2008-01-10 22:00:00+00:00,1683.877645967575,8.925119114788771e-05,8.925119114744362e-05,0.0,835.1174450657101,0.001460767946577679,1223.1254172443423,8.925119114744362e-05
2008-01-11 22:00:00+00:00,1684.0271615443073,8.87924233037296e-05,8.879242330395165e-05,0.0,818.7596538933456,-0.019587414044592744,1223.2340215141442,8.879242330395165e-05
2008-01-14 22:00:00+00:00,1684.471411807323,0.00026380231457090453,0.00026380231457090453,0.0,833.0292164054081,0.01742826780021245,1223.5567134802814,0.00026380231457090453
2008-01-15 22:00:00+00:00,1684.6204253476403,8.846308656407231e-05,8.846308656429436e-05,0.0,810.0587011420879,-0.027574681428869763,1223.6649530837424,8.846308656429436e-05
2008-01-16 22:00:00+00:00,1684.7631138334357,8.470067419841243e-05,8.470067419885652e-05,0.0,801.3577483908302,-0.01074113856068748,1223.768598330262,8.470067419885652e-05
2008-01-17 22:00:00+00:00,1684.9096369660322,8.696957536247218e-05,8.696957536247218e-05,0.0,790.2205288692204,-0.013897937024972884,1223.8750289656007,8.696957536247218e-05
2008-01-18 22:00:00+00:00,1685.055439783382,8.653450259354933e-05,8.653450259399342e-05,0.0,789.1764145390696,-0.0013212948689714787,1223.9809363824695,8.653450259399342e-05
2008-01-22 22:00:00+00:00,1685.6328989431665,0.00034269445749424143,0.00034269445749424143,0.0,768.8161851011266,-0.025799338478500577,1224.4003878654464,0.00034269445749424143
2008-01-23 22:00:00+00:00,1685.7745636823784,8.404246221149769e-05,8.40424622110536e-05,0.0,766.0318802207242,-0.003621548211860448,1224.5032894887747,8.40424622110536e-05
2008-01-24 22:00:00+00:00,1685.9065576273154,7.829869294551095e-05,7.82986929452889e-05,0.0,781.5195761179627,0.02021808268968628,1224.599166495849,7.82986929452889e-05
2008-01-25 22:00:00+00:00,1686.0158685832405,6.483808692170356e-05,6.483808692214765e-05,0.0,765.5098230556488,-0.020485415274994256,1224.678567163051,6.483808692214765e-05
2008-01-28 22:00:00+00:00,1686.321299292153,0.00018115529907158923,0.00018115529907136718,0.0,771.426470926504,0.007729029324846426,1224.9004241751516,0.00018115529907136718
2008-01-29 22:00:00+00:00,1686.4303003913576,6.463839319970077e-05,6.463839319992282e-05,0.0,772.8186233667051,0.0018046469659371844,1224.9795997704002,6.463839319992282e-05
2008-01-30 22:00:00+00:00,1686.5364451466867,6.294049348176678e-05,6.294049348154473e-05,0.0,772.1225471466045,-0.0009006980409818066,1225.0567005909147,6.294049348154473e-05
2008-01-31 22:00:00+00:00,1686.644275045216,6.393570612694965e-05,6.393570612694965e-05,0.0,785.3479953285163,0.017128690556682757,1225.1350254561125,6.393570612694965e-05
2008-02-01 22:00:00+00:00,1686.7494657463915,6.236685632643457e-05,6.236685632643457e-05,0.0,793.351131669123,0.010190560602703291,1225.2114332762255,6.236685632643457e-05
2008-02-04 22:00:00+00:00,1687.054891111378,0.0001810733432492384,0.0001810733432492384,0.0,782.2156523380635,-0.01403600358851409,1225.4332864066362,0.0001810733432492384
2008-02-05 22:00:00+00:00,1687.1457809516057,5.387485653640667e-05,5.387485653662871e-05,0.0,759.9394731042936,-0.028478309232480514,1225.4993064491366,5.387485653662871e-05
2008-02-06 22:00:00+00:00,1687.242553825717,5.73589284365017e-05,5.7358928436279655e-05,0.0,744.9755745626807,-0.01969090838311971,1225.569599776154,5.7358928436279655e-05
2008-02-07 22:00:00+00:00,1687.3468734403702,6.182846349900295e-05,6.18284634987809e-05,0.0,750.1961462134352,0.00700770847932719,1225.645374861419,6.18284634987809e-05
2008-02-08 22:00:00+00:00,1687.4478819166222,5.986230682131222e-05,5.986230682109017e-05,0.0,758.7230799096678,0.011366272326606586,1225.7187448209029,5.986230682109017e-05
2008-02-11 22:00:00+00:00,1687.7378384042756,0.00017183137373355528,0.00017183137373333324,0.0,766.90197549585,0.010779816513761364,1225.9293617566361,0.00017183137373333324
2008-02-12 22:00:00+00:00,1687.8376262392806,5.912519867368182e-05,5.912519867368182e-05,0.0,762.5514991202211,-0.005672793283412858,1226.0018450737098,5.912519867368182e-05
2008-02-13 22:00:00+00:00,1687.9402836571655,6.082185649214367e-05,6.082185649192162e-05,0.0,779.2573284026358,0.021907804655408425,1226.0764127819898,6.082185649192162e-05
2008-02-14 22:00:00+00:00,1688.0462467993932,6.277659420406145e-05,6.27765942042835e-05,0.0,765.1617849455985,-0.018088432335864213,1226.1533816834185,6.27765942042835e-05
2008-02-15 22:00:00+00:00,1688.1523549037886,6.285852925924651e-05,6.285852925924651e-05,0.0,762.5514991202211,-0.003411416875142237,1226.2304558816375,6.285852925924651e-05
2008-02-19 22:00:00+00:00,1688.571182824406,0.0002480984132744446,0.00024809841327422255,0.0,761.1593466800199,-0.0018256503879506836,1226.53468171205,0.00024809841327422255
2008-02-20 22:00:00+00:00,1688.6777193129333,6.309268428306147e-05,6.309268428350556e-05,0.0,764.6397277805229,0.004572473708276181,1226.6120670774862,6.309268428350556e-05
2008-02-21 22:00:00+00:00,1688.7797954766177,6.044739177690772e-05,6.044739177690772e-05,0.0,757.3309274694666,-0.00955848884842947,1226.6862125776631,6.044739177690772e-05
2008-02-22 22:00:00+00:00,1688.8848623771125,6.221468351075288e-05,6.221468351075288e-05,0.0,760.115232349869,0.003676470588235281,1226.7625304721457,6.221468351075288e-05
2008-02-25 22:00:00+00:00,1689.1962877280046,0.00018439702896833055,0.00018439702896788646,0.0,763.9436515604224,0.005036630036630019,1226.988741838014,0.00018439702896788646
2008-02-26 22:00:00+00:00,1689.2978219723643,6.010802006684024e-05,6.010802006684024e-05,0.0,766.90197549585,0.0038724373576310978,1227.0624937019302,6.010802006684024e-05
2008-02-27 22:00:00+00:00,1689.399263473715,6.004950697935385e-05,6.004950697935385e-05,0.0,770.7303947064033,0.004992058089403173,1227.1361781997098,6.004950697935385e-05
2008-02-28 22:00:00+00:00,1689.5007110665779,6.004950697935385e-05,6.004950697935385e-05,0.0,767.7720707709757,-0.0038383382253330822,1227.2098671222072,6.004950697935385e-05
2008-02-29 22:00:00+00:00,1689.5994370015917,5.843497689417276e-05,5.843497689417276e-05,0.0,747.4118413330328,-0.026518585675430528,1227.2815791024368,5.843497689417276e-05
2008-03-03 22:00:00+00:00,1689.8742357529718,0.0001626413606456989,0.00016264136064592094,0.0,742.5393077923286,-0.006519208381839281,1227.4811858483577,0.00016264136064592094
2008-03-04 22:00:00+00:00,1689.9621175344778,5.200492418122593e-05,5.200492418122593e-05,0.0,746.7157651129321,0.005624560581204419,1227.5450209143617,5.200492418122593e-05
2008-03-05 22:00:00+00:00,1690.0475754459853,5.056794505686746e-05,5.056794505686746e-05,0.0,750.3684250779102,0.00489163365182943,1227.6070953435342,5.056794505686746e-05
2008-03-06 22:00:00+00:00,1690.126584465517,4.674958307648858e-05,4.674958307626653e-05,0.0,733.8383550410709,-0.022029271867513467,1227.664485463423,4.674958307626653e-05
2008-03-07 22:00:00+00:00,1690.2035060637465,4.551232963057039e-05,4.551232963034835e-05,0.0,732.0981644908194,-0.002371354043158691,1227.720359334161,4.551232963034835e-05
2008-03-10 21:00:00+00:00,1690.4128990061195,0.00012388623122694398,0.00012388623122672193,0.0,718.0026210337819,-0.01925362491086291,1227.8724569824792,0.00012388623122672193
2008-03-11 21:00:00+00:00,1690.4777090030502,3.8339743484439026e-05,3.833974348466107e-05,0.0,745.3253528632813,0.03805380513814849,1227.9195332975119,3.833974348466107e-05
2008-03-12 21:00:00+00:00,1690.5445313286652,3.9528664151688986e-05,3.952866415146694e-05,0.0,743.2353840124291,-0.002804102722151147,1227.9680713163486,3.952866415146694e-05
2008-03-13 21:00:00+00:00,1690.6073761747864,3.717432162031464e-05,3.717432162053669e-05,0.0,748.9780128282591,0.007726527745258727,1228.0137201963714,3.717432162053669e-05
2008-03-14 21:00:00+00:00,1690.675484834199,4.0286503165898324e-05,4.028650316612037e-05,0.0,735.2305074812721,-0.01835501858736055,1228.063192574998,4.028650316612037e-05
2008-03-17 21:00:00+00:00,1690.8805287678495,0.00012127929664185189,0.0001212792966414078,0.0,721.8310402443352,-0.018224852071005992,1228.2121312152249,0.0001212792966414078
2008-03-18 21:00:00+00:00,1690.9434452445237,3.720929752493163e-05,3.720929752515367e-05,0.0,754.0245654239886,0.04459980713596923,1228.2578321258393,3.720929752515367e-05
2008-03-19 21:00:00+00:00,1690.9984267101142,3.251525989544923e-05,3.251525989522719e-05,0.0,735.4045265362972,-0.02469420724671134,1228.2977692484692,3.251525989522719e-05
2008-03-20 21:00:00+00:00,1691.0499060350794,3.0443153673065382e-05,3.0443153673287426e-05,0.0,750.4235525810051,0.02042280881169778,1228.335162506215,3.0443153673287426e-05
2008-03-24 21:00:00+00:00,1691.1783953017068,7.598194835578553e-05,7.598194835578553e-05,0.0,776.3705484266872,0.03457646785797164,1228.4284938050962,7.598194835578553e-05
2008-03-25 21:00:00+00:00,1691.2075277321303,1.7226113167234658e-05,1.7226113167456703e-05,0.0,780.7261049479335,0.0056101516602773405,1228.4496548533486,1.7226113167456703e-05
2008-03-26 21:00:00+00:00,1691.2366999339354,1.7249332992408384e-05,1.7249332992408384e-05,0.0,778.4621211504044,-0.0028998438545616567,1228.4708447905095,1.7249332992408384e-05
2008-03-27 21:00:00+00:00,1691.2934649297215,3.356419346167705e-05,3.356419346167705e-05,0.0,761.2210137692209,-0.022147651006711455,1228.5120774236061,3.356419346167705e-05
2008-03-28 21:00:00+00:00,1691.353243915173,3.534512885616792e-05,3.534512885572383e-05,0.0,757.3896565734025,-0.005033173186913653,1228.5554993412834,3.534512885572383e-05
2008-03-31 21:00:00+00:00,1691.5328238370857,0.00010617529044210094,0.00010617529044210094,0.0,761.3951663690309,0.005288572085536902,1228.68594157825,0.00010617529044210094
2008-04-01 21:00:00+00:00,1691.5931433099488,3.5659652602104686e-05,3.5659652602104686e-05,0.0,793.9617025334886,0.042772186642269006,1228.7297560920838,3.5659652602104686e-05
2008-04-02 21:00:00+00:00,1691.6548444785233,3.647518247418269e-05,3.647518247440473e-05,0.0,792.2201765353892,-0.002193463478833202,1228.774574234149,3.647518247440473e-05
2008-04-03 21:00:00+00:00,1691.7188739651908,3.7850207373235634e-05,3.785020737367972e-05,0.0,793.9617025334886,0.0021982853374369338,1228.8210836065991,3.785020737367972e-05
2008-04-04 21:00:00+00:00,1691.783911413827,3.844459598867367e-05,3.8444595988451624e-05,0.0,798.6638227283568,0.0059223513928492455,1228.8683251367004,3.8444595988451624e-05
2008-04-07 21:00:00+00:00,1691.9805498850053,0.00011623143467187624,0.00011623143467143215,0.0,796.9222967302574,-0.002180549498473683,1229.0111582651532,0.00011623143467143215
2008-04-08 21:00:00+00:00,1692.0456565542306,3.847956126312724e-05,3.847956126312724e-05,0.0,790.8269557369097,-0.007648601398601351,1229.0584500753107,3.847956126312724e-05
2008-04-09 21:00:00+00:00,1692.108478309905,3.7127695361460766e-05,3.7127695361460766e-05,0.0,781.945173146603,-0.011231006386258624,1229.1040821830265,3.7127695361460766e-05
2008-04-10 21:00:00+00:00,1692.1757399386784,3.9750187198706044e-05,3.9750187198706044e-05,0.0,793.0909395344388,0.014253897550111416,1229.15293930038,3.9750187198706044e-05
2008-04-11 21:00:00+00:00,1692.2413866660772,3.8794272869902e-05,3.879427286967996e-05,0.0,771.1477119583872,-0.02766798418972327,1229.2006233949057,3.879427286967996e-05
2008-04-14 21:00:00+00:00,1692.4240968860715,0.00010796936030166293,0.00010796936030166293,0.0,767.6646599621885,-0.004516711833784992,1229.3333393998962,0.00010796936030166293
2008-04-15 21:00:00+00:00,1692.4831272736046,3.4879193484549376e-05,3.4879193484549376e-05,0.0,768.7095755610482,0.0013611615245010533,1229.3762175552981,3.4879193484549376e-05
2008-04-16 21:00:00+00:00,1692.538454280751,3.268984266657782e-05,3.268984266635577e-05,0.0,790.13034533767,0.027865881286814664,1229.4164056704278,3.268984266635577e-05
2008-04-17 21:00:00+00:00,1692.5890941198556,2.9919461490779398e-05,2.9919461491001442e-05,0.0,788.3888193395707,-0.002204099625302991,1229.4531891472336,2.9919461491001442e-05
2008-04-18 21:00:00+00:00,1692.6404445586297,3.03383963375925e-05,3.0338396337814544e-05,0.0,813.4667937122011,0.031809145129224614,1229.4904887853647,3.0338396337814544e-05
2008-04-21 21:00:00+00:00,1692.7974163744932,9.273783830932025e-05,9.273783830909821e-05,0.0,819.2138295059289,0.007064868336544405,1229.6045090755163,9.273783830909821e-05
2008-04-22 21:00:00+00:00,1692.8542911541067,3.35981016177378e-05,3.3598101618625975e-05,0.0,807.0231475192336,-0.014880952380952217,1229.645821452763,3.3598101618625975e-05
2008-04-23 21:00:00+00:00,1692.9163539655758,3.666163815352341e-05,3.66616381539675e-05,0.0,815.9049301095401,0.011005610703495705,1229.6909022829266,3.66616381539675e-05
2008-04-24 21:00:00+00:00,1692.9790896767329,3.705777371099117e-05,3.705777371099117e-05,0.0,823.2193393015574,0.008964781216648898,1229.7364718901179,3.705777371099117e-05
2008-04-25 21:00:00+00:00,1693.0386718819545,3.5193704154501404e-05,3.5193704154501404e-05,0.0,821.1295081038381,-0.0025386079966152053,1229.7797508716976,3.5193704154501404e-05
2008-04-28 21:00:00+00:00,1693.2142105270937,0.00010368259630122445,0.0001036825963014465,0.0,822.6968815021277,0.001908801696712814,1229.907257629147,0.0001036825963014465
2008-04-29 21:00:00+00:00,1693.2727162567764,3.455305850796897e-05,3.4553058507302836e-05,0.0,828.9663750952852,0.007620660457239525,1229.9497546865784,3.4553058507302836e-05
2008-04-30 21:00:00+00:00,1693.3343997931706,3.642858932417781e-05,3.642858932395576e-05,0.0,822.1744237026978,-0.00819327731092434,1229.994560021081,3.642858932395576e-05
2008-05-01 21:00:00+00:00,1693.4012166451332,3.94587459928708e-05,3.94587459928708e-05,0.0,848.123161074378,0.03156110993433603,1230.0430940639976,3.94587459928708e-05
2008-05-02 21:00:00+00:00,1693.4691613788118,4.012323424040787e-05,4.0123234239741734e-05,0.0,849.3422292730476,0.0014373716632443134,1230.0924473711857,4.0123234239741734e-05
2008-05-05 21:00:00+00:00,1693.6689172924669,0.0001179566290374634,0.00011795662903701931,0.0,846.9040928757084,-0.002870617182694324,1230.2375449296815,0.00011795662903701931
2008-05-06 21:00:00+00:00,1693.7359447277836,3.9575288081517e-05,3.9575288081739046e-05,0.0,852.1286708700064,0.0061690314620603814,1230.286231934931,3.9575288081739046e-05
2008-05-07 21:00:00+00:00,1693.8052655623308,4.0927769622500776e-05,4.0927769622500776e-05,0.0,836.6290894869223,-0.018189249948906583,1230.3365848064013,4.0927769622500776e-05
2008-05-08 21:00:00+00:00,1693.876505268491,4.205897077347309e-05,4.205897077369514e-05,0.0,842.8985830800799,0.007493755203996644,1230.3883314968634,4.205897077369514e-05
2008-05-09 21:00:00+00:00,1693.9519174183956,4.452045333303012e-05,4.452045333303012e-05,0.0,839.5896836836912,-0.003925619834710736,1230.4431089431573,4.452045333303012e-05
2008-05-12 21:00:00+00:00,1694.1843119657588,0.0001371907578802123,0.00013719075788043433,0.0,854.9151124669654,0.01825347438290814,1230.611914365802,0.00013719075788043433
2008-05-13 21:00:00+00:00,1694.2613589186342,4.5477314558617365e-05,4.547731455839532e-05,0.0,857.1790962644944,0.0026481971888367983,1230.667879290931,4.547731455839532e-05
2008-05-14 21:00:00+00:00,1694.3397540146875,4.6270957925420575e-05,4.6270957925420575e-05,0.0,855.2634176665853,-0.00223486387647287,1230.724823472594,4.6270957925420575e-05
2008-05-15 21:00:00+00:00,1694.4218516825388,4.8454076377879574e-05,4.8454076377879574e-05,0.0,870.2405412502395,0.017511708409692517,1230.7844571071905,4.8454076377879574e-05
2008-05-16 21:00:00+00:00,1694.5068423993566,5.0159124620252626e-05,5.015912462003058e-05,0.0,870.9354101234812,0.0007984790874526748,1230.846192178155,5.015912462003058e-05
2008-05-19 21:00:00+00:00,1676.1643312680444,-0.010824689917061647,0.00014985856008520315,1.0,864.6676580563217,-0.007196575078134537,1231.030645016201,0.00014985856008520315
2008-05-20 21:00:00+00:00,1663.3356818041602,-0.0076535750251761625,5.021751576417266e-05,1.0,858.0498592635442,-0.0076535750251761625,1231.0924643170233,5.021751576417266e-05
2008-05-21 21:00:00+00:00,1626.5377136051236,-0.022122995737771434,5.049785254329642e-05,1.0,839.0672258842613,-0.022122995737771545,1231.1546318427536,5.049785254329642e-05
2008-05-22 21:00:00+00:00,1632.2768462600193,0.0035284350352844385,4.997223328517819e-05,1.0,842.0278200810303,0.0035284350352844385,1231.2161553892263,4.997223328517819e-05
2008-05-23 21:00:00+00:00,1627.2129056821702,-0.0031023784901758056,5.1023527126936585e-05,1.0,839.4155310838813,-0.0031023784901758056,1231.27897638013,5.1023527126936585e-05
2008-05-27 21:00:00+00:00,1655.9085689566482,0.01763485477178417,0.0002042814138387694,1.0,854.2185020677256,0.01763485477178417,1231.530503790255,0.0002042814138387694
2008-05-28 21:00:00+00:00,1662.6604897271136,0.004077471967380175,5.1070250731255484e-05,1.0,857.7015540639243,0.004077471967380175,1231.5933983618665,5.1070250731255484e-05
2008-05-29 21:00:00+00:00,1677.5147154221377,0.008934010152284344,5.080156658809898e-05,1.0,865.3642684555614,0.008934010152284344,1231.6559652359028,5.080156658809898e-05
2008-05-30 21:00:00+00:00,1688.3177886548822,0.006439927550814906,5.186470348261807e-05,1.0,870.9371516494792,0.006439927550814906,1231.7198447073324,5.186470348261807e-05
2008-06-02 21:00:00+00:00,1667.7244303049627,-0.012197560487902437,0.00015573458569928533,1.0,860.3138430610733,-0.012197560487902437,1231.9116660870454,0.00015573458569928533
2008-06-03 21:00:00+00:00,1658.6093372648345,-0.005465587044534259,5.2180173114813044e-05,1.0,855.6117228662051,-0.00546558704453437,1231.975947451044,5.2180173114813044e-05
2008-06-04 21:00:00+00:00,1679.8778876918004,0.012823122328516012,5.165439318033371e-05,1.0,866.583336654231,0.012823122328516234,1232.0395844210225,5.165439318033371e-05
2008-06-05 21:00:00+00:00,1706.547974735139,0.015876205787781483,5.0824931948190155e-05,1.0,880.3413920392156,0.01587620578778126,1232.102202749058,5.0824931948190155e-05
2008-06-06 21:00:00+00:00,1655.2333768796018,-0.030069238377843588,5.0789884798341234e-05,1.0,853.8701968681057,-0.0300692383778437,1232.1647810779955,5.0789884798341234e-05
2008-06-09 21:00:00+00:00,1646.4558798779967,-0.005302875790332506,0.00015154054859412014,1.0,849.3422292730476,-0.005302875790332284,1232.3515040048785,0.00015154054859412014
2008-06-10 21:00:00+00:00,1638.6911709919614,-0.00471601394299781,5.0778203601442584e-05,1.0,845.336719477419,-0.00471601394299781,1232.4140806004575,5.0778203601442584e-05
2008-06-11 21:00:00+00:00,1610.7220505055157,-0.017067963129083652,5.052121434090395e-05,0.0,825.1350178994667,-0.023897816234033864,1232.4763436563803,5.052121434090395e-05
2008-06-12 21:00:00+00:00,1610.8055713118904,5.185302228194466e-05,5.1853022282610794e-05,0.0,825.8316282987064,0.0008442380751372269,1232.5402512796907,5.1853022282610794e-05
2008-06-13 21:00:00+00:00,1610.894386628451,5.513720472682948e-05,5.5137204727051525e-05,0.0,842.3761252806501,0.020033741037536856,1232.6082101038598,5.5137204727051525e-05
2008-06-16 21:00:00+00:00,1629.856119289839,0.011770934717249881,0.00016085299772616857,1.0,849.8646870724772,0.00888980773206538,1232.8064788294769,0.00016085299772616857
2008-06-17 21:00:00+00:00,1621.172459637885,-0.00532786885245895,5.4669553312347574e-05,1.0,845.336719477419,-0.005327868852458839,1232.873875808995,5.4669553312347574e-05
2008-06-18 21:00:00+00:00,1599.177542130044,-0.013567290374988161,5.444744568317006e-05,0.0,836.2807842873025,-0.01071281417387715,1232.9410026423823,5.444744568317006e-05
2008-06-19 21:00:00+00:00,1599.2684649824373,5.685600879079544e-05,5.685600879079544e-05,0.0,849.3422292730476,0.015618492294877218,1233.011102746867,5.685600879079544e-05
2008-06-20 21:00:00+00:00,1599.356120639738,5.4809845388748e-05,5.4809845388970047e-05,0.0,826.4193110857079,-0.026989024444197707,1233.0786838947713,5.4809845388970047e-05
2008-06-23 21:00:00+00:00,1599.6093632400134,0.00015834034522232976,0.00015834034522210771,0.0,819.9710794302521,-0.007802614930409235,1233.2739299992652,0.00015834034522210771
2008-06-24 21:00:00+00:00,1599.6928872066678,5.221522740095352e-05,5.221522740117557e-05,0.0,815.7884426807674,-0.005100956429330394,1233.338325677968,5.221522740117557e-05
2008-06-25 21:00:00+00:00,1599.774658682114,5.111698382864738e-05,5.111698382864738e-05,0.0,829.0334590541358,0.016235847041230267,1233.401370213217,5.111698382864738e-05
2008-06-26 21:00:00+00:00,1599.8572193088955,5.160766007472617e-05,5.1607660074948214e-05,0.0,795.5723650582573,-0.04036157241959215,1233.465023171867,5.1607660074948214e-05
2008-06-27 21:00:00+00:00,1599.9376722963352,5.0287604711707345e-05,5.0287604711707345e-05,0.0,795.5723650582573,0.0,1233.527051173378,5.0287604711707345e-05
2008-06-30 21:00:00+00:00,1600.1761099038513,0.0001490293101067408,0.00014902931010629672,0.0,787.2070915592877,-0.010514786418400868,1233.7108828588118,0.00014902931010629672
2008-07-01 21:00:00+00:00,1600.2521503062524,4.752002103414199e-05,4.7520021034364035e-05,0.0,798.3607895579139,0.01416869603719273,1233.7695088259156,4.7520021034364035e-05
2008-07-02 21:00:00+00:00,1600.3254670976485,4.5815774334156956e-05,4.5815774334156956e-05,0.0,779.1903711227752,-0.024012224405151605,1233.8260349313123,4.5815774334156956e-05
2008-07-03 21:00:00+00:00,1600.4085611802357,5.1923239550610845e-05,5.1923239550610845e-05,0.0,777.796158872947,-0.0017893088794452838,1233.890099176088,5.1923239550610845e-05
2008-07-07 21:00:00+00:00,1600.7373458981167,0.00020543798993344353,0.00020543798993366558,0.0,782.5016252161173,0.006049742325789698,1234.1435870778616,0.00020543798993366558
2008-07-08 21:00:00+00:00,1600.817394416612,5.000727864601373e-05,5.0007278645791686e-05,0.0,801.1492140575705,0.023830734966592493,1234.2053032401095,5.0007278645791686e-05
2008-07-09 21:00:00+00:00,1600.8982135597828,5.048617253455845e-05,5.048617253411436e-05,0.0,779.8874772476893,-0.026539047204698796,1234.2676135419915,5.048617253411436e-05
2008-07-10 21:00:00+00:00,1600.9803645890474,5.131558556858984e-05,5.131558556881188e-05,0.0,789.1241334028016,0.0118435754189945,1234.330950707329,5.131558556881188e-05
2008-07-11 21:00:00+00:00,1601.062145760951,5.108193311564868e-05,5.1081933115426637e-05,0.0,776.5762231543472,-0.01590106007067138,1234.3940027183953,5.1081933115426637e-05
2008-07-14 21:00:00+00:00,1601.3021347356714,0.000149893603665463,0.000149893603665463,0.0,770.8250976238055,-0.007405745062836755,1234.5790304838058,0.000149893603665463
2008-07-15 21:00:00+00:00,1601.375667918945,4.5920867573157054e-05,4.592086757293501e-05,0.0,770.9993741550342,0.00022609088853742243,1234.635723423973,4.592086757293501e-05
2008-07-16 21:00:00+00:00,1601.446345271478,4.41353980511483e-05,4.4135398051370345e-05,0.0,790.1697925901728,0.024864376130198762,1234.6902145630747,4.4135398051370345e-05
2008-07-17 21:00:00+00:00,1601.5134763453789,4.191902782069157e-05,4.191902782091361e-05,0.0,795.3980885270289,0.006616674018526725,1234.7419715765293,4.191902782091361e-05
2008-07-18 21:00:00+00:00,1601.574877961249,3.833974348466107e-05,3.833974348466107e-05,0.0,777.0990527480328,-0.02300613496932513,1234.7893112669892,3.833974348466107e-05
2008-07-21 21:00:00+00:00,1601.7557114320093,0.00011290978227029846,0.00011290978227029846,0.0,780.4103068413749,0.004261045077371461,1234.928731059274,0.00011290978227029846
2008-07-22 21:00:00+00:00,1601.8181304451414,3.896912162493216e-05,3.896912162471011e-05,0.0,780.4103068413749,0.0,1234.9768551471925,3.896912162471011e-05
2008-07-23 21:00:00+00:00,1601.8827927751336,4.0368084717634645e-05,4.0368084717634645e-05,0.0,790.6926221838584,0.013175524787851556,1235.0267087975055,4.0368084717634645e-05
2008-07-24 21:00:00+00:00,1601.9479806800807,4.069455345989681e-05,4.069455345989681e-05,0.0,778.8418180603181,-0.01498787745206076,1235.0769676579312,4.069455345989681e-05
2008-07-25 21:00:00+00:00,1602.0157680231273,4.2315570707662786e-05,4.231557070744074e-05,0.0,788.9498568715732,0.012978294920563904,1235.1292306446853,4.231557070744074e-05
2008-07-28 21:00:00+00:00,1602.2247825050554,0.00013046967832663903,0.00013046967832663903,0.0,774.1363517171477,-0.018776231499889606,1235.2903775580994,0.00013046967832663903
2008-07-29 21:00:00+00:00,1602.297067767725,4.5115556480457286e-05,4.511555648023524e-05,0.0,790.1697925901728,0.020711391265195944,1235.3461083708976,4.511555648023524e-05
2008-07-30 21:00:00+00:00,1602.3733399140358,4.760175116413912e-05,4.760175116413912e-05,0.0,794.1781528084291,0.0050727834142036965,1235.4049130089497,4.760175116413912e-05
2008-07-31 21:00:00+00:00,1602.4493537520925,4.743828180564513e-05,4.743828180564513e-05,0.0,792.2611109649152,-0.0024138687733157305,1235.4635184953572,4.743828180564513e-05
2008-08-01 21:00:00+00:00,1602.5249222202972,4.7158100833444294e-05,4.715810083366634e-05,0.0,782.1530721536603,-0.012758468983721905,1235.5217806085388,4.715810083366634e-05
2008-08-04 21:00:00+00:00,1602.7489261998958,0.00013978190073205,0.00013978190073316021,0.0,774.3106282483762,-0.010026737967914534,1235.6944841914296,0.00013978190073316021
2008-08-05 21:00:00+00:00,1602.8227314927435,4.604919188611056e-05,4.604919188588852e-05,0.0,800.4521079326563,0.03376097231600261,1235.7513869238446,4.604919188588852e-05
2008-08-06 21:00:00+00:00,1602.8956422729866,4.548898565670534e-05,4.548898565692738e-05,0.0,812.6514651186537,0.015240583496625382,1235.8076000009598,4.548898565692738e-05
2008-08-07 21:00:00+00:00,1602.9723920495721,4.788195473337531e-05,4.7881954733153265e-05,0.0,806.3775099944265,-0.007720351704910922,1235.866772884522,4.7881954733153265e-05
2008-08-08 21:00:00+00:00,1603.0493139029008,4.798701069974598e-05,4.798701069974598e-05,0.0,824.6765457734225,0.02269288956127058,1235.926078436576,4.798701069974598e-05
2008-08-11 21:00:00+00:00,1603.2654772456976,0.00013484509860184346,0.00013484509860184346,0.0,832.1704366162495,0.009087066779374542,1236.0927370104876,0.00013484509860184346
2008-08-12 21:00:00+00:00,1603.3383333242205,4.5442304819065527e-05,4.544230481928757e-05,0.0,833.0418192723921,0.0010471204188480243,1236.1489079134276,4.544230481928757e-05
2008-08-13 21:00:00+00:00,1603.4129517654721,4.653942321519722e-05,4.653942321541926e-05,0.0,831.2990539601069,-0.0020920502092048876,1236.2064375706102,4.653942321541926e-05
2008-08-14 21:00:00+00:00,1603.4949697228528,5.115211105799489e-05,5.1152111058438976e-05,0.0,840.8842631776762,0.011530398322850965,1236.269672139596,5.1152111058438976e-05
2008-08-15 21:00:00+00:00,1603.576879345647,5.1081933115426637e-05,5.108193311520459e-05,0.0,839.3157743966193,-0.0018652849740933286,1236.3328231843007,5.108193311520459e-05
2008-08-18 21:00:00+00:00,1603.8212349676764,0.00015238160712893745,0.0001523816071287154,0.0,829.5562886478215,-0.011627906976744096,1236.5212175668435,0.0001523816071287154
2008-08-19 21:00:00+00:00,1603.9039856932836,5.1595978281637755e-05,5.1595978281637755e-05,0.0,819.2739733053379,-0.012394957983193344,1236.5850170887297,5.1595978281637755e-05
2008-08-20 21:00:00+00:00,1603.9850730825851,5.0556261487422205e-05,5.055626148764425e-05,0.0,820.6681855551664,0.001701765581791248,1236.6475342042054,5.055626148764425e-05
2008-08-21 21:00:00+00:00,1604.0652277988427,4.997223328495615e-05,4.997223328517819e-05,0.0,816.8341018681384,-0.0046719048630284865,1236.709332243276,4.997223328517819e-05
2008-08-22 21:00:00+00:00,1604.1444872724373,4.941162754557027e-05,4.941162754557027e-05,0.0,827.6392468043076,0.013228077661617377,1236.770440064183,4.941162754557027e-05
2008-08-25 21:00:00+00:00,1604.370196971206,0.0001407040952730032,0.0001407040952730032,0.0,810.2115936814542,-0.021057064645188417,1236.9444587300127,0.0001407040952730032
2008-08-26 21:00:00+00:00,1604.4458185646283,4.713475329132244e-05,4.713475329132244e-05,0.0,809.165934494083,-0.0012906001290601266,1237.00276180191,4.713475329132244e-05
2008-08-27 21:00:00+00:00,1604.520600910068,4.660945516166137e-05,4.660945516166137e-05,0.0,814.3942304309389,0.006461339651087528,1237.060417826671,4.660945516166137e-05
2008-08-28 21:00:00+00:00,1604.597072533103,4.766010669587928e-05,4.766010669587928e-05,0.0,821.0167386176233,0.008131821099935932,1237.1193762581738,4.766010669587928e-05
2008-08-29 21:00:00+00:00,1604.6723301942723,4.6901282856337545e-05,4.690128285567141e-05,0.0,803.7633620259984,-0.021014646571853257,1237.1773987439658,4.690128285567141e-05
2008-09-02 21:00:00+00:00,1604.9660333276297,0.00018302997305497115,0.0001830299730551932,0.0,793.829599745972,-0.012359063313096219,1237.4038392899224,0.0001830299730551932
2008-09-03 21:00:00+00:00,1605.0424699819807,4.76250915992793e-05,4.762509159883521e-05,0.0,786.335708903145,-0.009440175631174608,1237.4627707611135,4.762509159883521e-05
2008-09-04 21:00:00+00:00,1605.118179474947,4.7169775493349775e-05,4.716977549357182e-05,0.0,760.891335343779,-0.03235815602836889,1237.5211416021918,4.716977549357182e-05
2008-09-05 21:00:00+00:00,1605.1938550616467,4.7146426766175864e-05,4.714642676639791e-05,0.0,757.23152818798,-0.004809894640402934,1237.5794863020662,4.714642676639791e-05
2008-09-08 21:00:00+00:00,1605.418232109751,0.00013978190073227204,0.00013978190073205,0.0,754.7916567507805,-0.003222094361334915,1237.7524775149686,0.00013978190073205
2008-09-09 21:00:00+00:00,1605.492591299119,4.6317643515481066e-05,4.631764351525902e-05,0.0,739.8038750651266,-0.01985684599399673,1237.8098072929822,4.631764351525902e-05
2008-09-10 21:00:00+00:00,1605.5665041957598,4.603751960075009e-05,4.603751960075009e-05,0.0,745.9035536581251,0.008244994110718329,1237.8667929862474,4.603751960075009e-05
2008-09-11 21:00:00+00:00,1605.6421259549177,4.709973642347265e-05,4.709973642347265e-05,0.0,759.845676156408,0.018691588785046953,1237.9250961859245,4.709973642347265e-05
2008-09-12 21:00:00+00:00,1605.7152399544968,4.553567597498365e-05,4.553567597498365e-05,0.0,756.8829751255229,-0.0038990825688073327,1237.9814659419858,4.553567597498365e-05
2008-09-15 21:00:00+00:00,1605.9329244812852,0.00013556857490781837,0.00013556857490759633,0.0,733.3556434096707,-0.031084503799217233,1238.1492973250856,0.00013556857490759633
2008-09-16 21:00:00+00:00,1606.0037654870202,4.411205764265347e-05,4.411205764265347e-05,0.0,739.1067689402123,0.007842205323193907,1238.2039146382594,4.411205764265347e-05
2008-09-17 21:00:00+00:00,1606.0693646017794,4.084617743060903e-05,4.084617743060903e-05,0.0,700.7659320699349,-0.05187455788729056,1238.2544905350521,4.084617743060903e-05
2008-09-18 21:00:00+00:00,1606.1162407056354,2.9186848892859274e-05,2.9186848893303363e-05,0.0,724.4675403170155,0.03382243223078829,1238.2906312817588,2.9186848893303363e-05
2008-09-19 21:00:00+00:00,1606.1541515979698,2.3604077571404147e-05,2.3604077571404147e-05,0.0,748.1257544506783,0.032656002949849716,1238.3198599898756,2.3604077571404147e-05
2008-09-22 21:00:00+00:00,1606.1596763772613,3.439756567580332e-06,3.4397565678023767e-06,0.0,712.8993203250287,-0.04708624708624698,1238.3241195087471,3.4397565678023767e-06
2008-09-23 21:00:00+00:00,1606.169571898009,6.1609819330676885e-06,6.160981933289733e-06,0.0,707.4932834047556,-0.00758317025440336,1238.331748801275,6.160981933289733e-06
2008-09-24 21:00:00+00:00,1606.2115760742527,2.6151769388915724e-05,2.6151769388471635e-05,0.0,712.3761554617764,0.006901651466600933,1238.364133367596,2.6151769388471635e-05
2008-09-25 21:00:00+00:00,1606.268722509907,3.557839857815104e-05,3.557839857815104e-05,0.0,723.7113941655746,0.01591187270501826,1238.4081923803178,3.557839857815104e-05
2008-09-26 21:00:00+00:00,1606.3058350531571,2.310481598133407e-05,2.310481598133407e-05,0.0,716.3870860800434,-0.010120481927710867,1238.4368055737125,2.310481598133407e-05
2008-09-29 21:00:00+00:00,1606.3734276886653,4.2079555482521513e-05,4.207955548274356e-05,0.0,659.536504273302,-0.07935735150925027,1238.4889184439846,4.207955548274356e-05
2008-09-30 21:00:00+00:00,1606.4064912680183,2.0582747935815604e-05,2.0582747935371515e-05,0.0,678.5448276381326,0.028820729772606857,1238.5144099492138,2.0582747935371515e-05
2008-10-01 21:00:00+00:00,1606.4447450231212,2.3813247338688726e-05,2.381324733846668e-05,0.0,671.3949078403523,-0.010537136982780693,1238.5439029991903,2.381324733846668e-05
2008-10-02 21:00:00+00:00,1606.4875012647842,2.6615444941757715e-05,2.6615444941757715e-05,0.0,640.8769574839727,-0.045454545454545414,1238.5768673962484,2.6615444941757715e-05
2008-10-03 21:00:00+00:00,1606.5278673807509,2.5126940567554712e-05,2.5126940567554712e-05,0.0,630.9368250821805,-0.015510204081632617,1238.6079890435838,2.5126940567554712e-05
2008-10-06 21:00:00+00:00,1606.6406764580936,7.021918488514522e-05,7.021918488514522e-05,0.0,607.9175710990826,-0.03648424543946949,1238.6949630869667,7.021918488514522e-05
2008-10-07 21:00:00+00:00,1606.6688005526757,1.7504906351550886e-05,1.750490635177293e-05,0.0,569.3777595061689,-0.06339644291451507,1238.716646326294,1.750490635177293e-05
2008-10-08 21:00:00+00:00,1606.6913674996094,1.4045798938822074e-05,1.4045798939044118e-05,0.0,564.8436640246497,-0.007963246554364423,1238.734045091251,1.4045798939044118e-05
2008-10-09 21:00:00+00:00,1606.7154263261928,1.4974143180079835e-05,1.4974143179635746e-05,0.0,549.6718829903351,-0.026860142019141886,1238.7525940722035,1.4974143179635746e-05
2008-10-10 21:00:00+00:00,1606.7511479868763,2.2232724039561447e-05,2.2232724039339402e-05,0.0,546.1841172353204,-0.006345177664974444,1238.7801349167805,2.2232724039339402e-05
2008-10-13 21:00:00+00:00,1606.8412722770497,5.609100717696158e-05,5.609100717629545e-05,0.0,612.6260548683526,0.12164750957854409,1238.849619342218,5.609100717629545e-05
2008-10-14 21:00:00+00:00,1606.871228257231,1.864277492624744e-05,1.8642774926025396e-05,0.0,586.11903513024,-0.04326786222601764,1238.8727149368385,1.8642774926025396e-05
2008-10-15 21:00:00+00:00,1606.897322771411,1.623933126748689e-05,1.6239331267708934e-05,0.0,533.628160517267,-0.08955667955965485,1238.8928334012548,1.6239331267708934e-05
2008-10-16 21:00:00+00:00,1606.9086755998137,7.065061495836744e-06,7.065061496058789e-06,0.0,562.57661628389,0.054248366013071925,1238.90158625531,7.065061496058789e-06
2008-10-17 21:00:00+00:00,1606.9236787929858,9.336680671268027e-06,9.336680671268027e-06,0.0,563.2741694348929,0.001239925604463732,1238.9131534838039,9.336680671268027e-06
2008-10-20 21:00:00+00:00,1606.9533790064372,1.8482653434848118e-05,1.8482653434848118e-05,0.0,578.9691153324598,0.027863777089783603,1238.9360518862557,1.8482653434848118e-05
2008-10-21 21:00:00+00:00,1606.9730603599269,1.2247619468386262e-05,1.2247619468386262e-05,0.0,548.9743298393322,-0.051807228915662806,1238.9512259035648,1.2247619468386262e-05
2008-10-22 21:00:00+00:00,1607.0081904011176,2.18610019404597e-05,2.1861001940681746e-05,0.0,533.8025488050178,-0.02763659466327828,1238.9783106187188,2.1861001940681746e-05
2008-10-23 21:00:00+00:00,1607.062894819694,3.404115729033208e-05,3.4041157290554125e-05,0.0,531.7098893520089,-0.003920287487749086,1239.02048687427,3.4041157290554125e-05
2008-10-24 21:00:00+00:00,1607.1119685927617,3.05363114447843e-05,3.053631144522839e-05,0.0,514.6198371524363,-0.03214168579862253,1239.0583219897442,3.053631144522839e-05
2008-10-27 21:00:00+00:00,1607.2503858363964,8.612794026774395e-05,8.612794026774395e-05,0.0,500.31999755687553,-0.027787190782785465,1239.1650395308889,8.612794026774395e-05
2008-10-28 21:00:00+00:00,1607.2934812808867,2.681314925800926e-05,2.6813149257787217e-05,0.0,555.6010847738604,0.11049146043917735,1239.198265448049,2.6813149257787217e-05
2008-10-29 21:00:00+00:00,1607.3321485168,2.4057358761098158e-05,2.4057358761320202e-05,0.0,554.2059784718545,-0.0025109855618330457,1239.228077285297,2.4057358761320202e-05
2008-10-30 21:00:00+00:00,1607.369770333346,2.3406373462098173e-05,2.3406373462098173e-05,0.0,572.691136973433,0.033354310887350636,1239.2570831204787,2.3406373462098173e-05
2008-10-31 21:00:00+00:00,1607.4039186326536,2.1244831113431673e-05,2.1244831113431673e-05,0.0,573.5630784121867,0.001522533495736722,1239.2834109279158,2.1244831113431673e-05
2008-11-03 22:00:00+00:00,1607.487171577085,5.179341885774846e-05,5.179341885774846e-05,0.0,572.3423603979315,-0.00212830647613238,1239.3475976527016,5.179341885774846e-05
2008-11-04 22:00:00+00:00,1607.5054423845515,1.1366067356188836e-05,1.1366067356188836e-05,0.0,588.5604711587504,0.028336380255941318,1239.3616841609742,1.1366067356188836e-05
2008-11-05 22:00:00+00:00,1607.5250370322367,1.2189475175894415e-05,1.2189475176338505e-05,0.0,557.86813251462,-0.052148148148148055,1239.3767913294578,1.2189475176338505e-05
2008-11-06 22:00:00+00:00,1607.5468511988736,1.357003227586695e-05,1.3570032276088995e-05,0.0,532.930607366264,-0.044701469209127986,1239.3936097125184,1.3570032276088995e-05
2008-11-07 22:00:00+00:00,1607.568329921146,1.3361179648674337e-05,1.3361179648674337e-05,0.0,543.9170694945608,0.020615183246073476,1239.4101694731933,1.3361179648674337e-05
2008-11-10 22:00:00+00:00,1607.6207954402869,3.263657174912282e-05,3.263657174890078e-05,0.0,536.5927614090297,-0.013465854440525837,1239.4506195721156,3.263657174890078e-05
2008-11-11 22:00:00+00:00,1607.6347988468888,8.710640371001332e-06,8.710640371223377e-06,0.0,524.90874612973,-0.021774455638609025,1239.4614159807204,8.710640371223377e-06
2008-11-12 22:00:00+00:00,1607.6486532562515,8.617883472394894e-06,8.617883472394894e-06,0.0,500.668774132377,-0.04617940199335557,1239.4720975147718,8.617883472394894e-06
2008-11-13 22:00:00+00:00,1607.6620791604043,8.351267626549586e-06,8.35126762677163e-06,0.0,531.1867244887567,0.060954371299198895,1239.482448677974,8.35126762677163e-06
2008-11-14 22:00:00+00:00,1607.6750579342686,8.073073335834735e-06,8.07307333561269e-06,0.0,505.377257901647,-0.04858831254103746,1239.4924551106803,8.07307333561269e-06
2008-11-17 22:00:00+00:00,1607.6993889976804,1.5134316659226599e-05,1.5134316659448643e-05,0.0,494.7395723488518,-0.02104899930986881,1239.511213981993,1.5134316659448643e-05
2008-11-18 22:00:00+00:00,1607.708716361215,5.801683821138326e-06,5.8016838213603705e-06,0.0,494.2164074855996,-0.0010574550581601283,1239.5184052341494,5.8016838213603705e-06
2008-11-19 22:00:00+00:00,1607.7151011511262,3.971359890053705e-06,3.97135989027575e-06,0.0,468.40694089848995,-0.05222300635144672,1239.5233278078272,3.97135989027575e-06
2008-11-20 22:00:00+00:00,1607.7204990723176,3.357511033863503e-06,3.3575110340855474e-06,0.0,445.7364634908936,-0.04839910647803436,1239.5274895210773,3.3575110340855474e-06
2008-11-21 22:00:00+00:00,1607.72585977137,3.33434764043794e-06,3.334347640659985e-06,0.0,465.0935634312259,0.043427230046948484,1239.5316225366375,3.334347640659985e-06
2008-11-24 22:00:00+00:00,1607.7353329217992,5.892267249230088e-06,5.892267249230088e-06,0.0,493.51885433459665,0.061117360329958625,1239.5389261882215,5.892267249230088e-06
2008-11-25 22:00:00+00:00,1607.7367472541696,8.797047259534452e-07,8.797047259534452e-07,0.0,491.25180659383705,-0.0045936395759716975,1239.5400166164727,8.797047259534452e-07
2008-11-26 22:00:00+00:00,1607.7376590969573,5.671592624434396e-07,5.671592624434396e-07,0.0,511.8296245484244,0.04188853390131331,1239.5407196330743,5.671592624434396e-07
2008-11-28 22:00:00+00:00,1607.7490695975812,7.097240373399316e-06,7.097240373399316e-06,0.0,507.8186939301574,-0.007836456558773408,1239.5495169515143,7.097240373399316e-06
2008-12-01 22:00:00+00:00,1607.7625267621665,8.370189627182612e-06,8.370189627182612e-06,0.0,469.6276589127451,-0.07520604395604402,1239.5598922160234,8.370189627182612e-06
2008-12-02 22:00:00+00:00,1607.7648531258853,1.446957296202811e-06,1.4469572964248556e-06,0.0,485.32260481031176,0.033419977720014815,1239.5616858062538,1.4469572964248556e-06
2008-12-03 22:00:00+00:00,1607.7653741834115,3.2408814343298786e-07,3.2408814343298786e-07,0.0,499.09927954262037,0.028386633129716232,1239.5620875334992,3.2408814343298786e-07
2008-12-04 22:00:00+00:00,1607.768389275683,1.8753310151442548e-06,1.8753310149222102e-06,0.0,484.9738282348103,-0.028301886792452935,1239.564412122727,1.8753310149222102e-06
2008-12-05 22:00:00+00:00,1607.771087911855,1.6784980909623215e-06,1.6784980909623215e-06,0.0,504.6797047506441,0.040632865875584345,1239.5664927292264,1.6784980909623215e-06
2008-12-08 22:00:00+00:00,1607.7738421151644,1.713056871244234e-06,1.713056871244234e-06,0.0,524.5599695542285,0.03939184519695904,1239.568616177124,1.713056871244234e-06
2008-12-09 22:00:00+00:00,1607.7747353681427,5.555837239157313e-07,5.555837234716421e-07,0.0,523.3392515399734,-0.002327127659574324,1239.5693048612713,5.555837234716421e-07
2008-12-10 22:00:00+00:00,1607.7756286216165,5.555837234716421e-07,5.555837234716421e-07,0.0,521.595368662466,-0.003332222592469236,1239.5699935458013,5.555837234716421e-07
2008-12-11 22:00:00+00:00,1607.7769499256685,8.218211724475566e-07,8.218211724475566e-07,0.0,507.29552906690515,-0.027415580073554047,1239.5710122506666,8.218211724475566e-07
2008-12-12 22:00:00+00:00,1607.7782898416933,8.333967127516217e-07,8.333967125295771e-07,0.0,517.5844380441988,0.020281883808868972,1239.572045305073,8.333967125295771e-07
2008-12-15 22:00:00+00:00,1607.778345671562,3.472485543554171e-08,3.472485543554171e-08,0.0,508.5162470811604,-0.017520215633422986,1239.572088349033,3.472485543554171e-08
2008-12-16 22:00:00+00:00,1607.7787736789635,2.662104527928477e-07,2.6621045323693693e-07,0.0,532.930607366264,0.04801097393689968,1239.5724183360805,2.6621045323693693e-07
2008-12-17 22:00:00+00:00,1607.7796483247166,5.440087700314677e-07,5.440087695873785e-07,0.0,526.4782407194866,-0.012107329842931835,1239.5730926743465,5.440087695873785e-07
2008-12-18 22:00:00+00:00,1607.7813977049288,1.0880721210693167e-06,1.0880721212913613e-06,0.0,517.2356614686973,-0.017555481947664764,1239.574441419271,1.0880721212913613e-06
2008-12-19 22:00:00+00:00,1607.7831843098647,1.1112237885413379e-06,1.1112237885413379e-06,0.0,521.4789795607925,0.008203839000671787,1239.5758188638779,1.1112237885413379e-06
2008-12-22 22:00:00+00:00,1607.7898656431644,4.155618347656542e-06,4.155618347878587e-06,0.0,510.12729380344103,-0.021768251841928987,1239.5809700678942,4.155618347878587e-06
2008-12-23 22:00:00+00:00,1607.7899586983206,5.787768553311423e-08,5.787768553311423e-08,0.0,507.50767401328295,-0.005135227661759778,1239.5810418119718,5.787768553311423e-08
2008-12-24 22:00:00+00:00,1607.7908147409983,5.324343972379353e-07,5.324343976820245e-07,0.0,508.9048045680339,0.002752924982794225,1239.581701807557,5.324343976820245e-07
2008-12-26 22:00:00+00:00,1607.791726590872,5.671445970634181e-07,5.671445972854627e-07,0.0,508.73016324869,-0.0003431708991078475,1239.582404829622,5.671445972854627e-07
2008-12-29 22:00:00+00:00,1607.7943877695516,1.6551762491712196e-06,1.6551762493932642e-06,0.0,504.5387715844372,-0.008238928939237833,1239.5844565569776,1.6551762493932642e-06
2008-12-30 22:00:00+00:00,1607.7944249888958,2.314931846214563e-08,2.314931846214563e-08,0.0,515.0172507450693,0.020768431983385183,1239.5844852525129,2.314931846214563e-08
2008-12-31 22:00:00+00:00,1607.7957090890402,7.98671847768162e-07,7.986718479902066e-07,0.0,519.383283728666,0.008477449983045116,1239.5854752737446,7.986718479902066e-07
2009-01-02 22:00:00+00:00,1607.801013384612,3.2991104166324448e-06,3.2991104166324448e-06,0.0,541.9120139240251,0.04337592468056495,1239.5895648030983,3.2991104166324448e-06
2009-01-05 22:00:00+00:00,1607.8143406596218,8.289132112038189e-06,8.289132112260233e-06,0.0,541.7373726046812,-0.00032226877215602023,1239.5998399247658,8.289132112260233e-06
2009-01-06 22:00:00+00:00,1607.819236177105,3.044827601828004e-06,3.044827601383915e-06,0.0,547.1512535043412,0.009993552546744056,1239.6036142925732,3.044827601383915e-06
2009-01-07 22:00:00+00:00,1607.822865687398,2.2574119100671197e-06,2.257411909845075e-06,0.0,531.6081760827369,-0.02840727736993287,1239.6064125885357,2.257411909845075e-06
2009-01-08 22:00:00+00:00,1607.8290088351077,3.820786381947272e-06,3.820786381947272e-06,0.0,537.1966983017408,0.010512483574244502,1239.6111488598358,3.820786381947272e-06
2009-01-09 22:00:00+00:00,1607.835263723336,3.8902695460585335e-06,3.8902695460585335e-06,0.0,525.1464472670137,-0.022431729518855748,1239.6159712813371,3.8902695460585335e-06
2009-01-12 22:00:00+00:00,1607.8500621887658,9.20396869230622e-06,9.20396869230622e-06,0.0,515.541174703101,-0.018290655138011203,1239.6273806679274,9.20396869230622e-06
2009-01-13 22:00:00+00:00,1607.854119968813,2.5237303791225685e-06,2.523730379344613e-06,0.0,515.7158160224449,0.0003387533875338633,1239.630509153207,2.523730379344613e-06
2009-01-14 22:00:00+00:00,1607.857284140625,1.9679470748545924e-06,1.9679470748545924e-06,0.0,499.9980972814966,-0.03047748052827648,1239.6329486804414,1.9679470748545924e-06
2009-01-15 22:00:00+00:00,1607.8625522036682,3.276449405786863e-06,3.276449405786863e-06,0.0,508.18877515872407,0.016381418092909605,1239.6370102750795,3.276449405786863e-06
2009-01-16 22:00:00+00:00,1607.8674851077299,3.0679886504625387e-06,3.0679886504625387e-06,0.0,513.7947615096623,0.011031306917763661,1239.6408134673577,3.0679886504625387e-06
2009-01-20 22:00:00+00:00,1607.888911246752,1.3325811499154128e-05,1.3325811499154128e-05,0.0,488.2971288854574,-0.04962610469068662,1239.6573326871646,1.3325811499154128e-05
2009-01-21 22:00:00+00:00,1607.893844231683,3.0679886504625387e-06,3.067988650240494e-06,0.0,509.07944588737774,0.04256080114449201,1239.6611359417916,3.067988650240494e-06
2009-01-22 22:00:00+00:00,1607.899186888003,3.322766822577705e-06,3.3227668223556606e-06,0.0,502.2684344329669,-0.013379073756432214,1239.6652550466852,3.3227668223556606e-06
2009-01-23 22:00:00+00:00,1607.904976482988,3.60072013982915e-06,3.6007201400511946e-06,0.0,504.71341290378103,0.004867872044506116,1239.669718734336,3.6007201400511946e-06
2009-01-26 22:00:00+00:00,1607.9197569673147,9.192386703604782e-06,9.192386703826827e-06,0.0,508.3808806100023,0.00726643598615917,1239.6811142577756,9.192386703826827e-06
2009-01-27 22:00:00+00:00,1607.9242431636947,2.790062352708844e-06,2.790062352708844e-06,0.0,512.0483483162236,0.007214015802129881,1239.6845730453817,2.790062352708844e-06
2009-01-28 22:00:00+00:00,1607.9291390158116,3.0448276016059594e-06,3.044827601828004e-06,0.0,530.0364042086421,0.03512960436562085,1239.6883476711873,3.044827601828004e-06
2009-01-29 22:00:00+00:00,1607.9357667788781,4.121924844557867e-06,4.1219248443358225e-06,0.0,516.5890226191641,-0.025370675453048053,1239.693457573387,4.1219248443358225e-06
2009-01-30 22:00:00+00:00,1607.941612374867,3.6354661110404862e-06,3.635466111262531e-06,0.0,507.50767401328295,-0.017579445571331953,1239.6979644369403,3.635466111262531e-06
2009-02-02 22:00:00+00:00,1607.9669719702022,1.5771465294633913e-05,1.5771465294189824e-05,0.0,513.6201201903184,0.012044046799724706,1239.7175162903616,1.5771465294189824e-05
2009-02-03 22:00:00+00:00,1607.9771765635974,6.346270522428199e-06,6.346270522428199e-06,0.0,521.6536208801364,0.01564093845630743,1239.7253838730912,6.346270522428199e-06
2009-02-04 22:00:00+00:00,1607.9878843043512,6.659137274933613e-06,6.659137274933613e-06,0.0,522.3521861575118,0.0013391362571140153,1239.7336393746057,6.659137274933613e-06
2009-02-05 22:00:00+00:00,1607.9998965684465,7.470369778550534e-06,7.470369778772579e-06,0.0,533.8785132342072,0.02206619859578729,1239.742900643319,7.470369778772579e-06
2009-02-06 22:00:00+00:00,1608.0141083102744,8.838148471523866e-06,8.838148471523866e-06,0.0,547.8498187817166,0.02616944717042835,1239.7538576751413,8.838148471523866e-06
2009-02-09 22:00:00+00:00,1608.0543765514096,2.5042218800841454e-05,2.5042218800397364e-05,0.0,550.120155933187,0.004144086707045025,1239.7849038625038,2.5042218800397364e-05
2009-02-10 22:00:00+00:00,1608.0673584923197,8.07307333605678e-06,8.07307333561269e-06,0.0,529.8617628892982,-0.03682539682539676,1239.7949127369532,8.07307333561269e-06
2009-02-11 22:00:00+00:00,1608.0798932055739,7.794893160273375e-06,7.794893160717464e-06,0.0,527.416784418484,-0.00461437046802915,1239.8045768058391,7.794893160717464e-06
2009-02-12 22:00:00+00:00,1608.0941242924146,8.849738685867692e-06,8.849738685867692e-06,0.0,533.8785132342072,0.012251655629139213,1239.8155487523654,8.849738685867692e-06
2009-02-13 22:00:00+00:00,1608.1080013021156,8.629476030863614e-06,8.629476031307703e-06,0.0,531.433534763393,-0.0045796532548249,1239.8262477109267,8.629476031307703e-06
2009-02-17 22:00:00+00:00,1608.1616643574778,3.337030555083942e-05,3.337030555039533e-05,0.0,510.30193512278487,-0.039763391390075675,1239.8676210916424,3.337030555039533e-05
2009-02-18 22:00:00+00:00,1608.17464716453,8.073073335834735e-06,8.073073335834735e-06,0.0,510.6512177614726,0.000684462696783017,1239.877630633874,8.073073335834735e-06
2009-02-19 22:00:00+00:00,1608.1876114354236,8.061481951981975e-06,8.06148195175993e-06,0.0,502.7923583909985,-0.01538987688098492,1239.8876258850157,8.06148195175993e-06
2009-02-20 22:00:00+00:00,1608.2018621157242,8.86132948618723e-06,8.861329486409275e-06,0.0,504.1894889457495,0.0027787426189649356,1239.8986129377947,8.861329486409275e-06
2009-02-23 22:00:00+00:00,1608.2434586601917,2.5865250779411042e-05,2.5865250779188997e-05,0.0,486.5507156920187,-0.03498441288534815,1239.9306832263592,2.5865250779188997e-05
2009-02-24 22:00:00+00:00,1608.2568895317236,8.351267626549586e-06,8.351267626549586e-06,0.0,502.6177170716547,0.033022254127781814,1239.9410382193332,8.351267626549586e-06
2009-02-25 22:00:00+00:00,1608.2690156427627,7.539909275822154e-06,7.539909275378065e-06,0.0,499.29953200412115,-0.006601806810284994,1239.9503872622684,7.539909275378065e-06
2009-02-26 22:00:00+00:00,1608.2823721613522,8.304903259093166e-06,8.304903259093166e-06,0.0,485.3282264566116,-0.027981811822315517,1239.9606849302806,8.304903259093166e-06
2009-02-27 22:00:00+00:00,1608.2966423235825,8.87292087337066e-06,8.872920873814749e-06,0.0,480.7875521536711,-0.009355883411298893,1239.9716870033246,8.872920873814749e-06
2009-03-02 22:00:00+00:00,1608.336917639996,2.504221880061941e-05,2.5042218800397364e-05,0.0,465.2444747320667,-0.03232836905194347,1240.002738645617,2.5042218800397364e-05
2009-03-03 22:00:00+00:00,1608.34904435444,7.539909275822154e-06,7.53990927560011e-06,0.0,464.89519209337897,-0.0007507507507507061,1240.0120881537678,7.53990927560011e-06
2009-03-04 22:00:00+00:00,1608.360686509864,7.238575149504101e-06,7.238575149282056e-06,0.0,477.2947257667936,0.02667167543200577,1240.021064074454,7.238575149282056e-06
2009-03-05 22:00:00+00:00,1608.373167585864,7.760122530120483e-06,7.760122529898439e-06,0.0,462.97413758059645,-0.03000365898280255,1240.030686789851,7.760122529898439e-06
2009-03-06 22:00:00+00:00,1608.385257288036,7.5167270976450595e-06,7.516727097867104e-06,0.0,459.3066698743752,-0.007921539041870984,1240.0400077621166,7.516727097867104e-06
2009-03-09 21:00:00+00:00,1608.4196629441428,2.1391427178940603e-05,2.1391427178940603e-05,0.0,449.5267559911185,-0.021292775665399333,1240.0665339876416,2.1391427178940603e-05
2009-03-10 21:00:00+00:00,1608.4287149676118,5.627899035021144e-06,5.627899035021144e-06,0.0,477.2947257667936,0.061771561771561734,1240.0735129568916,5.627899035021144e-06
2009-03-11 21:00:00+00:00,1608.4376552154001,5.558373650682569e-06,5.558373650682569e-06,0.0,484.62966117923617,0.015367727771679718,1240.0804057488308,5.558373650682569e-06
2009-03-12 21:00:00+00:00,1608.4478814304587,6.357856038308185e-06,6.357856038308185e-06,0.0,500.6966625588721,0.03315315315315326,1240.0882900015265,6.357856038308185e-06
2009-03-13 21:00:00+00:00,1608.458592305701,6.659137275155658e-06,6.659137275599747e-06,0.0,501.9191517942791,0.0024415765608649664,1240.0965479196834,6.659137275599747e-06
2009-03-16 21:00:00+00:00,1608.4894577260904,1.9189440459976836e-05,1.918944046019888e-05,0.0,493.5363684657735,-0.01670146137787043,1240.1203446785546,1.918944046019888e-05
2009-03-17 21:00:00+00:00,1608.4988828539513,5.859614320424811e-06,5.859614320424811e-06,0.0,512.2229896355674,0.037862703467798964,1240.1276113054853,5.859614320424811e-06
2009-03-18 21:00:00+00:00,1608.5074135159603,5.303492653929709e-06,5.303492654595843e-06,0.0,518.6847184512906,0.012615069894306163,1240.1341883131627,5.303492654595843e-06
2009-03-19 21:00:00+00:00,1608.5180502404203,6.612791691562592e-06,6.612791691562592e-06,0.0,518.3354358126028,-0.0006734006734007147,1240.1423890622195,6.612791691562592e-06
2009-03-20 21:00:00+00:00,1608.5287802222106,6.6707251364928055e-06,6.670725135826672e-06,0.0,510.4432629490776,-0.015225995211291088,1240.1506617112263,6.670725135826672e-06
2009-03-23 21:00:00+00:00,1608.557000390236,1.7544086479803767e-05,1.7544086479803767e-05,0.0,540.5310769405928,0.058944482522275576,1240.1724190216835,1.7544086479803767e-05
2009-03-24 21:00:00+00:00,1591.1333449744327,-0.010831854520278905,5.569959749429643e-06,1.0,530.5601153271256,-0.01844660194174752,1240.1793267321398,5.569959749429643e-06
2009-03-25 21:00:00+00:00,1598.4778444237047,0.004615891856248,5.8248542624816935e-06,1.0,533.009123442714,0.004615891856247778,1240.1865505959775,5.8248542624816935e-06
2009-03-26 21:00:00+00:00,1647.7909121545313,0.030850016409583292,6.102934490881395e-06,1.0,549.4524636473793,0.030850016409583292,1240.1941193732523,6.102934490881395e-06
2009-03-27 21:00:00+00:00,1616.8390930468847,-0.018783826806749504,5.848027048172e-06,1.0,539.1316437316851,-0.018783826806749504,1240.2013720620075,5.848027048172e-06
2009-03-30 21:00:00+00:00,1576.968953179408,-0.024659312134977407,1.5864137670407175e-05,1.0,525.8370282470621,-0.024659312134977296,1240.221046787313,1.5864137670407175e-05
2009-03-31 21:00:00+00:00,1590.6087378709133,0.008649367930805285,4.214587814743709e-06,1.0,530.3851861760121,0.008649367930805063,1240.2262738078243,4.214587814743709e-06
2009-04-01 21:00:00+00:00,1614.2160575292876,0.014841688654353424,3.635466111262531e-06,1.0,538.2569979761179,0.014841688654353646,1240.2307826084132,3.635466111262531e-06
2009-04-02 21:00:00+00:00,1666.1521607777113,0.03217419564510893,4.94436670450682e-06,1.0,555.5749839363505,0.03217419564510893,1240.2369147642007,4.94436670450682e-06
2009-04-03 21:00:00+00:00,1697.1039798853578,0.018576826196473606,5.801683821138326e-06,1.0,565.8958038520447,0.018576826196473606,1240.2441102266434,5.801683821138326e-06
2009-04-06 21:00:00+00:00,1692.9071230572024,-0.002472952086553293,1.8331980776498114e-05,1.0,564.496370643137,-0.002472952086553293,1240.2668463578302,1.8331980776498114e-05
2009-04-07 21:00:00+00:00,1648.3155192580507,-0.026340254105980843,6.114521178268717e-06,1.0,549.6273927984928,-0.026340254105980843,1240.274429995729,6.114521178268717e-06
2009-04-08 21:00:00+00:00,1676.1196957445804,0.01686823679185223,5.848027048394044e-06,1.0,558.8986378075061,0.01686823679185223,1240.281683154143,5.848027048394044e-06
2009-04-09 21:00:00+00:00,1728.055798993004,0.030985915492957705,5.569959749429643e-06,1.0,576.2166237677387,0.030985915492957705,1240.288591473196,5.569959749429643e-06
2009-04-13 21:00:00+00:00,1725.432763475407,-0.0015179113539768307,2.0588394993303893e-05,1.0,575.3419780121715,-0.0015179113539768307,1240.3141270246228,2.0588394993303893e-05
2009-04-14 21:00:00+00:00,1704.4484793346298,-0.012161751292185996,5.00228254018964e-06,1.0,568.3448119676331,-0.012161751292185996,1240.3203314263249,5.00228254018964e-06
2009-04-15 21:00:00+00:00,1699.7270154029547,-0.0027700831024931594,5.002282540411684e-06,1.0,566.7704496076119,-0.0027700831024930483,1240.3265358590631,5.002282540411684e-06
2009-04-16 21:00:00+00:00,1743.794012098587,0.025925925925925908,5.00228254018964e-06,1.0,581.4644983011426,0.025925925925925908,1240.3327403228377,5.00228254018964e-06
2009-04-17 21:00:00+00:00,1747.466261823223,0.002105896510228744,4.735842478620356e-06,1.0,582.6890023589368,0.002105896510228522,1240.338614343317,4.735842478620356e-06
2009-04-20 21:00:00+00:00,1691.333301746644,-0.03212248574001797,1.2527923670235808e-05,1.0,563.9715831897965,-0.03212248574001797,1240.3541532108027,1.2527923670235808e-05
2009-04-21 21:00:00+00:00,1714.9406214050182,0.013957816377170973,3.6354661110404862e-06,1.0,571.8433949899022,0.013957816377171195,1240.3586624762925,3.6354661110404862e-06
2009-04-22 21:00:00+00:00,1720.1866924402125,0.0030590394616090144,3.878687554470517e-06,1.0,573.5926865010368,0.0030590394616090144,1240.3634734399998,3.878687554470517e-06
2009-04-23 21:00:00+00:00,1736.9741197528344,0.009759072888075648,3.8902695460585335e-06,1.0,579.1904193366676,0.009759072888075648,1240.3682987882466,3.8902695460585335e-06
2009-04-24 21:00:00+00:00,1767.4013317569613,0.01751736635457557,4.156669064725449e-06,1.0,589.3363101012483,0.01751736635457557,1240.373454588783,4.156669064725449e-06
2009-04-27 21:00:00+00:00,1769.4997601710388,0.001187295933511301,1.1682392803358255e-05,1.0,590.036026705702,0.001187295933511301,1240.3879451187024,1.1682392803358255e-05
2009-04-28 21:00:00+00:00,1756.384582583053,-0.007411799584939205,2.824806558221482e-06,1.0,585.6627979278657,-0.007411799584939094,1240.3914489747044,2.824806558221482e-06
2009-04-29 21:00:00+00:00,1780.516509344947,0.013739545997610625,2.7784821219345446e-06,1.0,593.7095388790848,0.013739545997610403,1240.3948953801696,2.7784821219345446e-06
2009-04-30 21:00:00+00:00,1798.3531508646079,0.01001767825574551,3.5775590871978125e-06,1.0,599.6571300169425,0.01001767825574551,1240.3993329661994,3.5775590871978125e-06
2009-05-01 21:00:00+00:00,1803.0746147962825,0.002625437572928657,3.6123015447753204e-06,1.0,601.2314923769636,0.0026254375729288792,1240.403813662626,3.6123015447753204e-06
2009-05-04 21:00:00+00:00,1838.7478978356037,0.019784695955775256,9.192386703826827e-06,1.0,613.1266746526788,0.019784695955775256,1240.41521593415,9.192386703826827e-06
2009-05-05 21:00:00+00:00,1837.1740765250458,-0.0008559201141223882,3.855525328555487e-06,1.0,612.6018871993386,-0.0008559201141223882,1240.4199983864328,3.855525328555487e-06
2009-05-06 21:00:00+00:00,1837.698683628565,0.0002855511136492517,4.156669065169538e-06,1.0,612.776816350452,0.0002855511136492517,1240.4251544018678,4.156669065169538e-06
2009-05-07 21:00:00+00:00,1794.6809011399719,-0.023408506994005096,5.233984856634066e-06,1.0,598.4326259591483,-0.023408506994005096,1240.4316467683418,5.233984856634066e-06
2009-05-08 21:00:00+00:00,1795.7301153470105,0.0005846243788365513,5.2803210446317195e-06,1.0,598.7824842613751,0.0005846243788365513,1240.4381966456706,5.2803210446317195e-06
2009-05-11 21:00:00+00:00,1802.0254005892439,0.0035056967572306696,1.584096606133123e-05,1.0,600.8816340747368,0.0035056967572306696,1240.4578463850448,1.584096606133123e-05
2009-05-12 21:00:00+00:00,1779.9919022414276,-0.012227074235807933,5.0138674649868875e-06,1.0,593.5346097279713,-0.012227074235808044,1240.4640658762826,5.0138674649868875e-06
2009-05-13 21:00:00+00:00,1732.2526558211596,-0.026819923371647403,5.00228254018964e-06,1.0,577.6160569766465,-0.026819923371647292,1240.470271028021,5.00228254018964e-06
2009-05-14 21:00:00+00:00,1751.6631186513785,0.011205330102967759,5.268736118502204e-06,1.0,584.0884355678445,0.011205330102967759,1240.4768067385419,5.268736118502204e-06
2009-05-15 21:00:00+00:00,1750.6139044443394,-0.0005989817310573242,5.280321044409675e-06,1.0,583.7385772656176,-0.0005989817310572132,1240.4833568543295,5.280321044409675e-06
2009-05-18 21:00:00+00:00,1796.2547224505302,0.02607132154629932,1.4195946028250361e-05,1.0,598.9574134124887,0.026071321546299098,1240.5009666891124,1.4195946028250361e-05
2009-05-19 21:00:00+00:00,1804.6484361068408,0.004672897196261516,4.457831592974415e-06,1.0,601.756279830304,0.004672897196261738,1240.5064966335128,4.457831592974415e-06
2009-05-20 21:00:00+00:00,1798.3531508646079,-0.0034883720930231066,4.712674388951399e-06,1.0,599.6571300169425,-0.0034883720930233286,1240.512342736709,4.712674388951399e-06
2009-05-21 21:00:00+00:00,1765.3029033428836,-0.01837806301050182,5.25715177879249e-06,1.0,588.6365934967945,-0.01837806301050171,1240.518864298378,5.25715177879249e-06
2009-05-22 21:00:00+00:00,1759.53222520417,-0.00326894502228825,5.013867465208932e-06,1.0,586.7123728345464,-0.003268945022288361,1240.5250840955516,5.013867465208932e-06
2009-05-26 21:00:00+00:00,1825.1081131440988,0.03726893261776976,2.00091341060471e-05,1.0,608.578516723729,0.03726893261776976,1240.5499059283213,2.00091341060471e-05
2009-05-27 21:00:00+00:00,1812.5175426596322,-0.006898534061512085,5.2687361193903826e-06,1.0,604.3802170970059,-0.006898534061511863,1240.5564420584187,5.2687361193903826e-06
2009-05-28 21:00:00+00:00,1833.5018268004096,0.01157742402315498,5.013867465208932e-06,1.0,611.3773831415444,0.01157742402315498,1240.5626620440023,5.013867465208932e-06
2009-05-29 21:00:00+00:00,1856.0599322517453,0.012303290414878543,5.002282540633729e-06,1.0,618.8993366394232,0.01230329041487832,1240.5688676889472,5.002282540633729e-06
2009-06-01 21:00:00+00:00,1909.0452497072076,0.028547201808931444,1.4184361104563337e-05,1.0,636.5671809018827,0.028547201808931666,1240.5864643657417,1.4184361104563337e-05
2009-06-02 21:00:00+00:00,1911.6682852248045,0.0013740038472107585,4.19141855712013e-06,1.0,637.44182665745,0.0013740038472107585,1240.59166418287,4.19141855712013e-06
2009-06-03 21:00:00+00:00,1905.8976070860908,-0.0030186608122941827,3.901852123400218e-06,1.0,635.5176059952018,-0.0030186608122942937,1240.5965047880893,3.901852123400218e-06
2009-06-04 21:00:00+00:00,1927.4064983303876,0.011285439031103905,3.623883535253114e-06,1.0,642.6897011908538,0.011285439031103905,1240.601000565337,3.623883535253114e-06
2009-06-05 21:00:00+00:00,1929.5049267444654,0.0010887316276537717,3.8786875546925614e-06,1.0,643.3894177953076,0.0010887316276537717,1240.6058124689982,3.8786875546925614e-06
2009-06-08 21:00:00+00:00,1923.7342486057516,-0.0029907558455681826,1.1670810226238615e-05,1.0,641.4651971330595,-0.0029907558455682937,1240.620291344001,1.1670810226238615e-05
2009-06-09 21:00:00+00:00,1938.423247504296,0.007635669484592489,3.8902695460585335e-06,1.0,646.3632133642365,0.007635669484592489,1240.6251176913388,3.8902695460585335e-06
2009-06-10 21:00:00+00:00,1931.603355158543,-0.003518267929634722,5.2224022744074006e-06,1.0,644.0891343997614,-0.003518267929634722,1240.631596734775,5.2224022744074006e-06
2009-06-11 21:00:00+00:00,1931.603355158543,0.0,5.2803210446317195e-06,1.0,644.0891343997614,0.0,1240.638147667904,5.2803210446317195e-06
2009-06-12 21:00:00+00:00,1922.6850343987128,-0.004617055947854443,5.28032104418763e-06,1.0,641.1153388308326,-0.004617055947854443,1240.6446986356232,5.28032104418763e-06
2009-06-15 21:00:00+00:00,1883.3395016347554,-0.02046384720327432,1.5018435175484512e-05,1.0,627.995652497323,-0.02046384720327421,1240.6633311776054,1.5018435175484512e-05
2009-06-16 21:00:00+00:00,1864.9782530115754,-0.00974930362116988,5.268736118946293e-06,1.0,621.8731322083519,-0.009749303621169991,1240.66986790531,5.268736118946293e-06
2009-06-17 21:00:00+00:00,1882.7624338208843,0.00953586497890302,5.0138674649868875e-06,1.0,627.8032304310983,0.009535864978903241,1240.6760884595953,5.0138674649868875e-06
2009-06-18 21:00:00+00:00,1879.1426448066,-0.0019225946668897098,4.7358424788424e-06,1.0,626.5962192884155,-0.0019225946668895988,1240.6819641061177,4.7358424788424e-06
2009-06-19 21:00:00+00:00,1899.2899832250916,0.01072155883118997,4.724258140909043e-06,1.0,633.3143075169172,0.010721558831189748,1240.687825407987,4.724258140909043e-06
2009-06-22 21:00:00+00:00,1842.5634018677051,-0.02986725663716816,1.417277676662998e-05,1.0,614.398946562319,-0.02986725663716816,1240.7054093995737,1.417277676662998e-05
2009-06-23 21:00:00+00:00,1838.3614328782692,-0.0022805017103761926,4.990698201590149e-06,1.0,612.9978087138303,-0.0022805017103761926,1240.711601385829,4.990698201590149e-06
2009-06-24 21:00:00+00:00,1869.3509541753601,0.016857142857142904,5.002282540411684e-06,1.0,623.3312003464349,0.016857142857142904,1240.7178077758103,5.002282540411684e-06
2009-06-25 21:00:00+00:00,1906.1181828329252,0.019668446192750544,5.535203211115558e-06,1.0,635.5911565207115,0.019668446192750766,1240.724675401004,5.535203211115558e-06
2009-06-26 21:00:00+00:00,1910.3201518223611,0.0022044640396803317,5.5583736502384795e-06,1.0,636.9922943692002,0.0022044640396803317,1240.731571812347,5.5583736502384795e-06
2009-06-29 21:00:00+00:00,1914.5221208117975,0.0021996150673633252,1.5852551572992368e-05,1.0,638.393432217689,0.0021996150673633252,1240.7512405735774,1.5852551572992368e-05
2009-06-30 21:00:00+00:00,1910.845397946041,-0.0019204389574760672,5.013867465208932e-06,1.0,637.1674366002613,-0.0019204389574759562,1240.7574615358549,5.013867465208932e-06
2009-07-01 21:00:00+00:00,1911.8958901933997,0.0005497526113247275,5.2687361182801595e-06,1.0,637.5177210623834,0.0005497526113247275,1240.7639987595064,5.2687361182801595e-06
2009-07-02 21:00:00+00:00,1869.8762002990395,-0.0219780219780219,5.546788137911207e-06,1.0,623.506342577496,-0.0219780219780219,1240.7708810145366,5.546788137911207e-06
2009-07-06 21:00:00+00:00,1843.4061381532854,-0.014156050620635185,2.11328740802319e-05,0.0,620.1786401873351,-0.005337078651685534,1240.7971020693276,2.11328740802319e-05
2009-07-07 21:00:00+00:00,1843.4148895900996,4.747427402529425e-06,4.747427402529425e-06,0.0,604.7661238539589,-0.024851736797514623,1240.802992663491,4.747427402529425e-06
2009-07-08 21:00:00+00:00,1843.4235983578988,4.724258140909043e-06,4.724258141131088e-06,0.0,607.9186840130586,0.005212858384013863,1240.8088545371306,4.724258141131088e-06
2009-07-09 21:00:00+00:00,1843.433289515548,5.25715177879249e-06,5.257151778348401e-06,0.0,608.9695373994252,0.0017286084701815252,1240.8153776576069,5.257151778348401e-06
2009-07-10 21:00:00+00:00,1843.4430234351407,5.280321044409675e-06,5.280321044409675e-06,0.0,611.5966708653416,0.004314063848144922,1240.8219295611577,5.280321044409675e-06
2009-07-13 21:00:00+00:00,1843.4707090646884,1.5018435175706557e-05,1.5018435175484512e-05,0.0,623.3312003464349,0.01918671248568149,1240.8405647648713,1.5018435175484512e-05
2009-07-14 21:00:00+00:00,1842.7404335331416,-0.000396141651698545,5.268736118502204e-06,1.0,625.6080493502291,0.003652711435796485,1240.8471024263722,5.268736118502204e-06
2009-07-15 21:00:00+00:00,1904.6466071120828,0.033594624860022515,5.013867465208932e-06,1.0,646.6251170775605,0.033594624860022515,1240.8533238692883,5.013867465208932e-06
2009-07-16 21:00:00+00:00,1909.289570130503,0.00243770314192826,5.002282540411684e-06,1.0,648.2013971571103,0.00243770314192826,1240.8595309682055,5.002282540411684e-06
2009-07-17 21:00:00+00:00,1937.6632330208513,0.014860848419346206,5.002282540411684e-06,1.0,657.8342198654705,0.014860848419346206,1240.8657380981724,5.002282540411684e-06
2009-07-20 21:00:00+00:00,1956.2350850945336,0.009584664536741228,1.500685025090931e-05,1.0,664.1393401836699,0.009584664536741228,1240.8843595844855,1.500685025090931e-05
2009-07-21 21:00:00+00:00,1969.6480893699706,0.006856540084388074,5.268736118946293e-06,1.0,668.6930381912583,0.006856540084388074,1240.8908974767303,5.268736118946293e-06
2009-07-22 21:00:00+00:00,1986.156402324355,0.00838135149292829,4.74742740230738e-06,1.0,674.2975895852134,0.00838135149292829,1240.8967885161803,4.74742740230738e-06
2009-07-23 21:00:00+00:00,2030.0066086094382,0.02207792207792214,5.25715177879249e-06,1.0,689.1846792254064,0.02207792207792214,1240.9033120989393,5.25715177879249e-06
2009-07-24 21:00:00+00:00,2014.5300652147027,-0.007623888182973437,5.28032104418763e-06,1.0,683.9304122935735,-0.007623888182973437,1240.909864466812,5.28032104418763e-06
2009-07-27 21:00:00+00:00,2030.0066086094382,0.00768245838668391,1.5840966061109185e-05,1.0,689.1846792254064,0.00768245838668391,1240.9295216778598,1.5840966061109185e-05
2009-07-28 21:00:00+00:00,2016.0777195541762,-0.006861499364676171,5.280321045075809e-06,1.0,684.4558389867568,-0.00686149936467606,1240.9360741841285,5.280321045075809e-06
2009-07-29 21:00:00+00:00,2029.4907238296137,0.0066530194472878,5.013867465208932e-06,1.0,689.0095369943454,0.0066530194472878,1240.9422960731372,5.013867465208932e-06
2009-07-30 21:00:00+00:00,2041.3560737655773,0.005846466700559105,5.2687361182801595e-06,1.0,693.0378083087504,0.005846466700559105,1240.9488342706331,5.2687361182801595e-06
2009-07-31 21:00:00+00:00,2035.1654564076832,-0.0030326004548900665,5.2803210446317195e-06,1.0,690.9361015360173,-0.0030326004548900665,1240.955386878878,5.2803210446317195e-06
2009-08-03 21:00:00+00:00,2065.602658417329,0.014955640050697161,1.584096606044305e-05,1.0,701.2694931686218,0.014955640050696939,1240.975044811044,1.584096606044305e-05
2009-08-04 21:00:00+00:00,2065.602658417329,0.0,5.0138674649868875e-06,1.0,701.2694931686218,0.0,1240.981266895446,5.0138674649868875e-06
2009-08-05 21:00:00+00:00,2049.6102302427694,-0.007742257742257785,5.002282540411684e-06,1.0,695.8400840057279,-0.007742257742257674,1240.9874746343703,5.002282540411684e-06
2009-08-06 21:00:00+00:00,2031.5542629489116,-0.008809463881198076,5.2687361182801595e-06,1.0,689.7101059185896,-0.008809463881198076,1240.9940130699003,5.2687361182801595e-06
2009-08-07 21:00:00+00:00,2057.348501940137,0.012696800406297504,5.0138674649868875e-06,1.0,698.4672174716444,0.012696800406297726,1241.0002352494068,5.0138674649868875e-06
2009-08-10 21:00:00+00:00,2042.9037281050507,-0.007021063189568633,1.500685025090931e-05,1.0,693.5632350019338,-0.007021063189568633,1241.0188587540986,1.500685025090931e-05
2009-08-11 21:00:00+00:00,2025.3636455910173,-0.008585858585858697,4.7358424788424e-06,1.0,687.6083991458564,-0.008585858585858808,1241.0247360239268,4.7358424788424e-06
2009-08-12 21:00:00+00:00,2056.832617160312,0.015537442689760539,4.990698201590149e-06,1.0,698.2920752405832,0.015537442689760761,1241.030929603845,4.990698201590149e-06
2009-08-13 21:00:00+00:00,2068.1820823164517,0.0055179332831705175,5.268736118724249e-06,1.0,702.1452043239274,0.005517933283170295,1241.0374682683282,5.268736118724249e-06
2009-08-14 21:00:00+00:00,2044.4513824445244,-0.011474183088051815,5.013867465208932e-06,1.0,694.088661695117,-0.011474183088051926,1241.0436906657135,5.013867465208932e-06
2009-08-17 21:00:00+00:00,1985.1246327647057,-0.0290184203885947,1.4184361105007426e-05,1.0,673.947305123091,-0.0290184203885947,1241.061294077569,1.4184361105007426e-05
2009-08-18 21:00:00+00:00,2013.4982956550539,0.014293139293139356,4.724258140909043e-06,1.0,683.5801278314514,0.014293139293139578,1241.0671571714909,4.724258140909043e-06
2009-08-19 21:00:00+00:00,2027.4271847103153,0.006917755572636297,4.990698201812194e-06,1.0,688.3089680701008,0.006917755572636297,1241.0733509631204,4.990698201812194e-06
2009-08-20 21:00:00+00:00,2051.157884582243,0.011704834605598124,5.002282540411684e-06,1.0,696.3655106989112,0.011704834605597902,1241.0795591626754,5.002282540411684e-06
2009-08-21 21:00:00+00:00,2078.4997779129417,0.013329979879275644,5.002282540411684e-06,1.0,705.6480489451492,0.013329979879275644,1241.0857673932856,5.002282540411684e-06
2009-08-24 21:00:00+00:00,2076.436238793644,-0.0009928021841646428,1.4184361104785381e-05,1.0,704.9474800209049,-0.0009928021841646428,1241.1033714019723,1.4184361104785381e-05
2009-08-25 21:00:00+00:00,2082.6268561515376,0.0029813664596272105,4.724258140909043e-06,1.0,707.0491867936379,0.0029813664596272105,1241.1092346946782,4.724258140909043e-06
2009-08-26 21:00:00+00:00,2079.015662692766,-0.0017339608620262625,4.724258140686999e-06,1.0,705.8231911762102,-0.0017339608620262625,1241.1150980150837,4.724258140686999e-06
2009-08-27 21:00:00+00:00,2084.1745104910115,0.002481389578163906,4.724258140686999e-06,1.0,707.5746134868212,0.002481389578163906,1241.120961363189,4.724258140686999e-06
2009-08-28 21:00:00+00:00,2086.238049610309,0.000990099009900769,4.724258140909043e-06,1.0,708.2751824110655,0.000990099009900769,1241.1268247389946,4.724258140909043e-06
2009-08-31 21:00:00+00:00,2065.086773637505,-0.010138476755687242,1.2527923670235808e-05,1.0,701.0943509375608,-0.010138476755687353,1241.14237348112,1.2527923670235808e-05
2009-09-01 21:00:00+00:00,2026.3954151506666,-0.01873594803897083,4.168251643177356e-06,1.0,687.9586836079787,-0.018735948038970718,1241.1475468748579,4.168251643177356e-06
2009-09-02 21:00:00+00:00,2024.847760811193,-0.0007637474541751788,4.168251642955312e-06,1.0,687.4332569147954,-0.0007637474541752898,1241.1527202901593,4.168251642955312e-06
2009-09-03 21:00:00+00:00,2038.26076508663,0.006624203821655961,4.168251643177356e-06,1.0,691.9869549223838,0.006624203821655961,1241.157893727025,4.168251643177356e-06
2009-09-04 21:00:00+00:00,2082.1109713717133,0.021513540875727655,3.901852123400218e-06,1.0,706.8740445625768,0.021513540875727655,1241.1627365415882,3.901852123400218e-06
2009-09-08 21:00:00+00:00,2101.7145930050447,0.00941526263627357,1.5561080566328656e-05,1.0,713.5294493428985,0.00941526263627357,1241.1820503749275,1.5561080566328656e-05
2009-09-09 21:00:00+00:00,2119.7705602989026,0.008591065292096411,4.156669064725449e-06,1.0,719.6594274300369,0.008591065292096411,1241.18720955796,4.156669064725449e-06
2009-09-10 21:00:00+00:00,2139.890066712058,0.009491360428327766,3.901852122956129e-06,1.0,726.4899744414193,0.009491360428327766,1241.1920524869086,3.901852122956129e-06
2009-09-11 21:00:00+00:00,2141.9536058313565,0.000964320154291487,3.890269545836489e-06,1.0,727.1905433656639,0.000964320154291487,1241.1968810585508,3.890269545836489e-06
2009-09-14 21:00:00+00:00,2150.2077623085484,0.0038535645472059787,1.167081022601657e-05,1.0,729.9928190626414,0.003853564547206201,1241.211366831803,1.167081022601657e-05
2009-09-15 21:00:00+00:00,2156.914264446267,0.0031190019193858554,3.890269546280578e-06,1.0,732.2696680664357,0.0031190019193858554,1241.2161954785838,3.890269546280578e-06
2009-09-16 21:00:00+00:00,2188.383236015562,0.014589811049988022,3.8902695460585335e-06,1.0,742.9533441611624,0.014589811049988022,1241.2210241441492,3.8902695460585335e-06
2009-09-17 21:00:00+00:00,2187.8673512357373,-0.0002357378595003734,3.8902695460585335e-06,1.0,742.7782019301012,-0.0002357378595003734,1241.2258528284992,3.8902695460585335e-06
2009-09-18 21:00:00+00:00,2191.51388084875,0.0016667050728431665,3.6238835350310694e-06,1.0,744.0161941272555,0.0016667050728433885,1241.2303508864306,3.6238835350310694e-06
2009-09-21 21:00:00+00:00,2198.2268121520096,0.0030631479736098477,8.370189626960567e-06,1.0,746.2952258246294,0.0030631479736098477,1241.2407402198382,8.370189626960567e-06
2009-09-22 21:00:00+00:00,2202.357846800169,0.0018792576932111782,2.7784821219345446e-06,1.0,747.6977068691671,0.0018792576932111782,1241.244188985044,2.7784821219345446e-06
2009-09-23 21:00:00+00:00,2192.0302601797703,-0.004689331770222571,2.245831681513266e-06,1.0,744.1915042578229,-0.004689331770222571,1241.2469766105683,2.245831681513266e-06
2009-09-24 21:00:00+00:00,2172.407845601011,-0.00895170789163735,3.021668895542007e-06,1.0,737.5297192962687,-0.00895170789163735,1241.2507272479493,3.021668895542007e-06
2009-09-25 21:00:00+00:00,2153.3018103532722,-0.008794865700023746,3.0564078332684375e-06,1.0,731.0432444652818,-0.008794865700023746,1241.254521016395,3.0564078332684375e-06
2009-09-28 21:00:00+00:00,2189.96474285569,0.01702637889688252,9.169224483907001e-06,1.0,743.4902637355539,0.0170263788968823,1241.2659023577398,9.169224483907001e-06
2009-09-29 21:00:00+00:00,2180.1535355663104,-0.004480075453902499,2.790062352708844e-06,1.0,740.1593712547768,-0.004480075453902388,1241.2693655670037,2.790062352708844e-06
2009-09-30 21:00:00+00:00,2181.7026735593704,0.000710563713879786,2.778482122156589e-06,1.0,740.6853016464785,0.000710563713879786,1241.2728144117448,2.778482122156589e-06
2009-10-01 21:00:00+00:00,2117.1552571818743,-0.029585798816567976,3.044827601828004e-06,1.0,718.7715353255768,-0.029585798816567976,1241.2765938734715,3.044827601828004e-06
2009-10-02 21:00:00+00:00,2110.958705209635,-0.0029268292682925745,3.5891393206366473e-06,1.0,716.6678137587702,-0.0029268292682926855,1241.2810489881024,3.5891393206366473e-06
2009-10-05 21:00:00+00:00,2127.999223133294,0.008072407045009777,1.1659228234650598e-05,1.0,722.4530480674882,0.008072407045009777,1241.295521367156,1.1659228234650598e-05
2009-10-06 21:00:00+00:00,2165.6949142977514,0.01771414705168639,2.8248065579994375e-06,1.0,735.2506875988948,0.01771414705168639,1241.299027786885,2.8248065579994375e-06
2009-10-07 21:00:00+00:00,2171.8914662699913,0.0028612303290416197,2.7784821219345446e-06,1.0,737.3544091657014,0.0028612303290416197,1241.3024767140419,2.7784821219345446e-06
2009-10-08 21:00:00+00:00,2181.1862942283506,0.004279600570613384,2.2458316817353108e-06,1.0,740.5099915159113,0.004279600570613384,1241.3052644704705,2.2458316817353108e-06
2009-10-09 21:00:00+00:00,2193.5793981728298,0.005681818181818121,2.222672981444518e-06,1.0,744.7174346495244,0.005681818181818121,1241.3080234861436,2.222672981444518e-06
2009-10-12 21:00:00+00:00,2198.2268121520096,0.0021186440677967155,7.490133114407271e-06,1.0,746.2952258246294,0.0021186440677967155,1241.3173210484754,7.490133114407271e-06
2009-10-13 21:00:00+00:00,2198.7431914830295,0.00023490721165142503,2.5005705059921723e-06,1.0,746.4705359551965,0.00023490721165120299,1241.3204250499568,2.5005705059921723e-06
2009-10-14 21:00:00+00:00,2228.6931926821876,0.013621418506341021,1.7016556161930652e-06,1.0,756.6385235280949,0.013621418506341021,1241.3225373498296,1.7016556161930652e-06
2009-10-15 21:00:00+00:00,2223.5293993719883,-0.0023169601482851965,1.933211662530354e-06,1.0,754.8854222224229,-0.0023169601482851965,1241.3249370890358,1.933211662530354e-06
2009-10-16 21:00:00+00:00,2209.070778103429,-0.006502554575011699,1.9447895480695365e-06,1.0,749.9767385665408,-0.00650255457501181,1241.3273512047992,1.9447895480695365e-06
2009-10-19 21:00:00+00:00,2231.2750893372877,0.010051425899953337,5.8343690387818725e-06,1.0,757.515074180931,0.010051425899953337,1241.3345935666641,5.8343690387818725e-06
2009-10-20 21:00:00+00:00,2231.7914686683075,0.0002314279102058059,1.9447895474034027e-06,1.0,757.6903843114982,0.0002314279102058059,1241.3370077012066,1.9447895474034027e-06
2009-10-21 21:00:00+00:00,2227.660434020148,-0.0018509949097639256,1.944789547847492e-06,1.0,756.2879032669606,-0.0018509949097638145,1241.3394218404446,1.944789547847492e-06
2009-10-22 21:00:00+00:00,2236.4388826474874,0.003940658321743173,2.211094509485534e-06,1.0,759.2681754866032,0.003940658321743173,1241.3421665592246,2.211094509485534e-06
2009-10-23 21:00:00+00:00,2227.144054689128,-0.004156084045255026,2.222672981444518e-06,1.0,756.1125931363933,-0.004156084045255248,1241.3449256569188,2.222672981444518e-06
2009-10-26 21:00:00+00:00,2219.914744054848,-0.0032460004637144824,5.845947510296767e-06,1.0,753.6582513084523,-0.0032460004637143713,1241.3521824941963,5.845947510296767e-06
2009-10-27 21:00:00+00:00,2186.3500875385503,-0.015119795301232752,1.6784980907402769e-06,1.0,742.2630928215835,-0.015119795301232752,1241.3542661014646,1.6784980907402769e-06
2009-10-28 21:00:00+00:00,2147.540197807134,-0.01775099511858569,1.9332116618642203e-06,0.0,725.6086304176981,-0.02243741143127076,1241.3566659020084,1.9332116618642203e-06
2009-10-29 21:00:00+00:00,2147.5449462214747,2.2110945097075785e-06,2.211094509485534e-06,0.0,737.8803395574031,0.016912297656438646,1241.3594106589167,2.211094509485534e-06
2009-10-30 21:00:00+00:00,2120.5180336529716,-0.012585027668946314,2.2226729812224733e-06,0.0,718.0702948033079,-0.026847232121644193,1241.3621697949388,2.2226729812224733e-06
2009-11-02 22:00:00+00:00,2120.5306019218297,5.926980416459671e-06,5.9269804160155815e-06,0.0,721.0505670229506,0.004150390625000222,1241.3695273242083,5.9269804160155815e-06
2009-11-03 22:00:00+00:00,2120.534161228397,1.6784980909623215e-06,1.6784980907402769e-06,0.0,723.3295987203243,0.003160709944079576,1241.3716109605898,1.6784980907402769e-06
2009-11-04 22:00:00+00:00,2120.537131338135,1.4006422497381266e-06,1.4006422499601712e-06,0.0,724.5567696342948,0.0016965584100825382,1241.373349678116,1.4006422499601712e-06
2009-11-05 22:00:00+00:00,2120.5406415542357,1.6553429074139814e-06,1.655342907636026e-06,0.0,742.4384029521507,0.024679409629808857,1241.3754045766862,1.655342907636026e-06
2009-11-06 22:00:00+00:00,2120.688046076024,6.951270770283458e-05,1.6669202065333621e-06,1.0,746.821156216331,0.005903187721369552,1241.377473850432,1.6669202065333621e-06
2009-11-09 22:00:00+00:00,2165.9891287504174,0.021361502347417627,4.178772358587324e-06,1.0,762.7743780979474,0.02136150234741785,1241.382661284306,4.178772358587324e-06
2009-11-10 22:00:00+00:00,2171.4650837989707,0.0025281544472535167,1.122800500130694e-06,1.0,764.7027895341868,0.0025281544472535167,1241.384055109379,1.122800500130694e-06
2009-11-11 22:00:00+00:00,2185.403878468015,0.00641907381934903,1.6437661938262238e-06,1.0,769.6114731900688,0.00641907381934903,1241.3860956545223,1.6437661938262238e-06
2009-11-12 22:00:00+00:00,2172.95852608494,-0.005694760820045608,1.6669202065333621e-06,1.0,765.2287199258884,-0.005694760820045497,1241.3881649460893,1.6669202065333621e-06
2009-11-13 22:00:00+00:00,2190.879833516568,0.008247422680412342,1.9332116623083095e-06,1.0,771.5398846263081,0.008247422680412342,1241.3905648121672,1.9332116623083095e-06
2009-11-16 22:00:00+00:00,2213.2814678061036,0.010224948875255713,5.834369039670051e-06,1.0,779.4288405018327,0.010224948875255713,1241.3978075428447,5.834369039670051e-06
2009-11-17 22:00:00+00:00,2220.250865140626,0.0031488978857401317,1.944789547847492e-06,1.0,781.8831823297738,0.0031488978857401317,1241.4002218003257,1.944789547847492e-06
2009-11-18 22:00:00+00:00,2207.9548569861477,-0.005538116591928266,1.6784980909623215e-06,1.0,777.5530221047636,-0.005538116591928266,1241.402305488228,1.6784980909623215e-06
2009-11-19 22:00:00+00:00,2173.4563401802625,-0.015624647712669026,1.9332116627523988e-06,1.0,765.4040300564556,-0.015624647712669026,1241.4047053816432,1.9332116627523988e-06
2009-11-20 22:00:00+00:00,2162.5044300831564,-0.005038937242326957,1.6784980907402769e-06,1.0,761.5472071839769,-0.005038937242327068,1241.4067890770712,1.6784980907402769e-06
2009-11-23 22:00:00+00:00,2197.3514167557673,0.016114180478821405,3.3568255051186213e-06,1.0,773.818916323682,0.016114180478821405,1241.410956263043,3.3568255051186213e-06
2009-11-24 22:00:00+00:00,2189.8842053259223,-0.0033982782057090377,5.787353869468603e-07,1.0,771.1892643651737,-0.0033982782057091487,1241.4116747114933,5.787353869468603e-07
2009-11-25 22:00:00+00:00,2199.342673137059,0.004319163446237617,5.555837236936867e-07,1.0,774.5201568459507,0.004319163446237839,1241.4123644196143,5.555837236936867e-07
2009-11-27 22:00:00+00:00,2165.9891287504174,-0.015165233137166112,2.7434016018901275e-06,1.0,762.7743780979474,-0.015165233137166112,1241.4157701122833,2.7434016018901275e-06
2009-11-30 22:00:00+00:00,2168.4781992270327,0.001149161112388164,4.167195060134077e-06,1.0,763.6509287507836,0.001149161112388164,1241.4209433339481,4.167195060134077e-06
2009-12-01 22:00:00+00:00,2190.879833516568,0.010330578512396604,1.3890649519510134e-06,1.0,771.5398846263081,0.010330578512396604,1241.4226677482711,1.3890649519510134e-06
2009-12-02 22:00:00+00:00,2193.8667180885063,0.0013633265167007913,8.565495484003094e-07,1.0,772.5917454097114,0.0013633265167007913,1241.4237310882966,8.565495484003094e-07
2009-12-03 22:00:00+00:00,2184.906064372692,-0.004084411164057222,1.6321900655480448e-06,1.0,769.4361630595016,-0.004084411164057111,1241.4257573277775,1.6321900655480448e-06
2009-12-04 22:00:00+00:00,2196.355788565121,0.0052403736614261565,1.6669202065333621e-06,1.0,773.4682960625474,0.0052403736614261565,1241.4278266854574,1.6669202065333621e-06
2009-12-07 22:00:00+00:00,2185.9016925633377,-0.004759746146872246,4.1787723581432346e-06,1.0,769.7867833206359,-0.004759746146872246,1241.433014329744,4.1787723581432346e-06
2009-12-08 22:00:00+00:00,2172.5602748086817,-0.006103393304486171,1.6553429074139814e-06,1.0,765.0884718214347,-0.006103393304486282,1241.4350693270794,1.6553429074139814e-06
2009-12-09 22:00:00+00:00,2194.364532183829,0.010036203657027398,1.6669202065333621e-06,1.0,772.7670555402786,0.01003620365702762,1241.4371387002816,1.6669202065333621e-06
2009-12-10 22:00:00+00:00,2205.3164422809355,0.0049909255898368254,1.1343777972516733e-06,1.0,776.6238784127573,0.004990925589836603,1241.4385469590084,1.1343777972516733e-06
2009-12-11 22:00:00+00:00,2196.8536026604443,-0.003837471783295743,8.449728379211763e-07,1.0,773.6436061931148,-0.0038374717832955207,1241.4395959408605,8.449728379211763e-07
2009-12-14 22:00:00+00:00,2217.7617946640107,0.009517335146159045,2.5001902117516295e-06,1.0,781.0066316769377,0.009517335146158823,1241.4426997759867,2.5001902117516295e-06
2009-12-15 22:00:00+00:00,2205.3164422809355,-0.0056116722783389195,5.671592626654842e-07,1.0,776.6238784127573,-0.0056116722783389195,1241.443403871713,5.671592626654842e-07
2009-12-16 22:00:00+00:00,2208.3033268528734,0.0013544018058690988,8.21821172225512e-07,1.0,777.6757391961606,0.0013544018058690988,1241.4444241161864,8.21821172225512e-07
2009-12-17 22:00:00+00:00,2181.421365705431,-0.012173128944995337,1.0996476622615603e-06,1.0,768.208992145531,-0.01217312894499556,1241.4457892676453,1.0996476622615603e-06
2009-12-18 22:00:00+00:00,2217.1716310285096,0.01638851891941462,1.377488238807345e-06,1.0,780.7987997473725,0.01638851891941462,1241.4474993446192,1.377488238807345e-06
2009-12-21 22:00:00+00:00,2242.106084818754,0.01124606387764282,3.3452482082196866e-06,1.0,789.5797129249183,0.01124606387764282,1241.451652294642,3.3452482082196866e-06
2009-12-22 22:00:00+00:00,2255.5706898654857,0.006005338078291844,1.1112237883192932e-06,1.0,794.321406040793,0.006005338078291844,1241.45303182525,1.1112237883192932e-06
2009-12-23 22:00:00+00:00,2272.027429367047,0.007296042449701501,1.3774882392514343e-06,1.0,800.1168087379733,0.007296042449701501,1241.454741912201,1.3774882392514343e-06
2009-12-24 22:00:00+00:00,2292.972370550852,0.00921861281826164,2.1879392637647044e-06,1.0,807.4927758071117,0.009218612818261418,1241.4574581397749,2.1879392637647044e-06
2009-12-28 22:00:00+00:00,2304.940908370169,0.005219660722052932,8.890692700491698e-06,1.0,811.7076141323338,0.005219660722053154,1241.4684955565358,8.890692700491698e-06
2009-12-29 22:00:00+00:00,2295.4658159298765,-0.00411077455646891,1.9563680182521637e-06,1.0,808.3708671248664,-0.004110774556469021,1241.4709243257962,1.9563680182521637e-06
2009-12-30 22:00:00+00:00,2302.4474629911447,0.0030414946773842377,1.4122201332789075e-06,1.0,810.8295228145793,0.0030414946773842377,1241.4726775560305,1.4122201332789075e-06
2009-12-31 22:00:00+00:00,2281.5025218073397,-0.009096816114359974,2.9869352271560956e-06,1.0,803.4535557454407,-0.009096816114360085,1241.4763857545047,2.9869352271560956e-06
2010-01-04 22:00:00+00:00,2314.914689886267,0.014644808743169424,1.1125509937537359e-05,1.0,815.2199794033521,0.014644808743169424,1241.4901978123717,1.1125509937537359e-05
2010-01-05 22:00:00+00:00,2314.914689886267,0.0,1.4469572964248556e-06,1.0,815.2199794033521,0.0,1241.4919941956719,1.4469572964248556e-06
2010-01-06 22:00:00+00:00,2300.95139576373,-0.006031882809134026,1.6553429074139814e-06,1.0,810.3026680239265,-0.006031882809134026,1241.4940492906392,1.6553429074139814e-06
2010-01-07 22:00:00+00:00,2302.4474629911447,0.0006501950585175997,2.199516623058173e-06,1.0,810.8295228145793,0.0006501950585175997,1241.496779977438,2.199516623058173e-06
2010-01-08 22:00:00+00:00,2321.39764787173,0.008230452674897082,1.9563680189182975e-06,1.0,817.503016829514,0.008230452674897082,1241.499208802034,1.9563680189182975e-06
2010-01-11 22:00:00+00:00,2311.9225554314376,-0.004081632653061051,5.012338792909077e-06,1.0,814.1662698220466,-0.004081632653061162,1241.5054316166797,5.012338792909077e-06
2010-01-12 22:00:00+00:00,2282.9985890347543,-0.012510785159620341,1.4006422501822158e-06,1.0,803.9804105360935,-0.012510785159620341,1241.507170521641,1.4006422501822158e-06
2010-01-13 22:00:00+00:00,2311.4238663556325,0.01245085190039319,1.3890649519510134e-06,1.0,813.9906515584958,0.01245085190039319,1241.5088950557392,1.3890649519510134e-06
2010-01-14 22:00:00+00:00,2313.418622658852,0.0008629989212514122,1.122800500130694e-06,1.0,814.6931246126993,0.0008629989212511902,1241.5102890225476,1.122800500130694e-06
2010-01-15 22:00:00+00:00,2286.4894125653886,-0.011640439749946108,1.3774882392514343e-06,1.0,805.20973838095,-0.011640439749945997,1241.5119991883696,1.3774882392514343e-06
2010-01-19 22:00:00+00:00,2323.39240417495,0.01613958560523443,6.656103960889226e-06,1.0,818.2054898837177,0.01613958560523443,1241.5202628213049,6.656103960889226e-06
2010-01-20 22:00:00+00:00,2289.9802360960225,-0.014380768405237387,1.4006422497381266e-06,1.0,806.4390662258063,-0.014380768405237276,1241.522001747039,1.4006422497381266e-06
2010-01-21 22:00:00+00:00,2268.536605836413,-0.009364111498257666,1.6553429074139814e-06,1.0,798.887480893117,-0.009364111498257777,1241.524056891679,1.6553429074139814e-06
2010-01-22 22:00:00+00:00,2234.3277413339074,-0.015079705751493755,1.6669202065333621e-06,0.0,775.530251840845,-0.029237194987909554,1241.5261264132164,1.6669202065333621e-06
2010-01-25 22:00:00+00:00,2234.3370780809123,4.178772358365279e-06,4.178772358365279e-06,0.0,778.1645257941088,0.0033967391304348116,1241.5313144682757,4.178772358365279e-06
2010-01-26 22:00:00+00:00,2234.3407766749474,1.6553429074139814e-06,1.6553429074139814e-06,0.0,778.8669988483125,0.0009027307605506962,1241.5333696283315,1.6553429074139814e-06
2010-01-27 22:00:00+00:00,2234.344501142736,1.6669202065333621e-06,1.6669202067554068e-06,0.0,785.0136380725946,0.007891770011273946,1241.5354391653925,1.6669202067554068e-06
2010-01-28 22:00:00+00:00,2234.3482256167335,1.6669202065333621e-06,1.6669202065333621e-06,0.0,764.8175377642392,-0.02572706935123048,1241.5375087059033,1.6669202065333621e-06
2010-01-29 22:00:00+00:00,2234.3525450847806,1.933211662086265e-06,1.933211662086265e-06,0.0,751.4705497343696,-0.017451205510907064,1241.5399088606941,1.933211662086265e-06
2010-02-01 22:00:00+00:00,2234.3674179206446,6.656440988628276e-06,6.656440988850321e-06,0.0,759.7246081212626,0.010983874737088062,1241.5481730978327,6.656440988850321e-06
2010-02-02 22:00:00+00:00,2234.372384188735,2.222672981444518e-06,2.2226729812224733e-06,0.0,766.5737203997484,0.009015256588072118,1241.5509326534118,2.2226729812224733e-06
2010-02-03 22:00:00+00:00,2234.377350467863,2.2226729810004286e-06,2.2226729812224733e-06,0.0,770.7885587249704,0.005498281786941561,1241.5536922151246,2.2226729812224733e-06
2010-02-04 22:00:00+00:00,2234.3835069001007,2.7553234176469488e-06,2.7553234178689934e-06,0.0,748.4850392540039,-0.02893597630439748,1241.5571130970873,2.7553234178689934e-06
2010-02-05 22:00:00+00:00,2234.389715094729,2.778482122378634e-06,2.778482122156589e-06,0.0,754.8072967418369,0.008446738620365934,1241.5605627413297,2.778482122156589e-06
2010-02-08 22:00:00+00:00,2234.4083397321756,8.335447178486888e-06,8.335447178486888e-06,0.0,749.3631305717586,-0.007212657049790572,1241.5709117038193,8.335447178486888e-06
2010-02-09 22:00:00+00:00,2234.4139529014215,2.5121501501246257e-06,2.512150149458492e-06,0.0,757.0903341679989,0.010311694398875026,1241.5740307163708,2.512150149458492e-06
2010-02-10 22:00:00+00:00,2234.420135306923,2.7669024771359574e-06,2.7669024771359574e-06,0.0,755.5097697960407,-0.0020876826722338038,1241.577466030632,2.7669024771359574e-06
2010-02-11 22:00:00+00:00,2234.4275338889115,3.3111865900270487e-06,3.3111865900270487e-06,0.0,766.9249569268502,0.015109251510925015,1241.581577125288,3.3111865900270487e-06
2010-02-12 22:00:00+00:00,2234.434984247087,3.33434764043794e-06,3.3343476402158956e-06,0.0,768.5055212988084,0.0020609113808105484,1241.58571698989,3.3343476402158956e-06
2010-02-16 22:00:00+00:00,2234.462327505323,1.223721362619834e-05,1.2237213626420385e-05,0.0,778.3401440576597,0.012797074954296273,1241.6009105395442,1.2237213626420385e-05
2010-02-17 22:00:00+00:00,2234.469156933484,3.0564078332684375e-06,3.056407833490482e-06,0.0,782.7306006464327,0.005640794223826795,1241.6047053782931,3.056407833490482e-06
2010-02-18 22:00:00+00:00,2234.4753912417564,2.790062352264755e-06,2.790062352708844e-06,0.0,787.6479120258583,0.006282252636302443,1241.6081695328385,2.790062352708844e-06
2010-02-19 22:00:00+00:00,2234.4815996916836,2.778482122378634e-06,2.778482122378634e-06,0.0,787.2966754987564,-0.00044593088071365194,1241.6116193189405,2.778482122378634e-06
2010-02-22 22:00:00+00:00,2234.5002250950292,8.335447178486888e-06,8.335447178708932e-06,0.0,785.7161111267983,-0.0020075842070039762,1241.6219687070097,8.335447178708932e-06
2010-02-23 22:00:00+00:00,2234.5064336139567,2.778482122156589e-06,2.778482122378634e-06,0.0,775.530251840845,-0.012963790791238439,1241.6254185314524,2.778482122378634e-06
2010-02-24 22:00:00+00:00,2234.513237300822,3.0448276016059594e-06,3.0448276016059594e-06,0.0,783.4330737006363,0.010190217391304435,1241.6291990667976,3.0448276016059594e-06
2010-02-25 22:00:00+00:00,2234.5200668845837,3.0564078332684375e-06,3.056407833046393e-06,0.0,783.2574554370854,-0.0002241649854293204,1241.6329939920074,3.056407833046393e-06
2010-02-26 22:00:00+00:00,2234.5274916737258,3.3227668223556606e-06,3.322766822577705e-06,0.0,786.0673476539,0.0035874439461882623,1241.6371196489256,3.322766822577705e-06
2010-03-01 22:00:00+00:00,2234.5498437507495,1.0003044091932978e-05,1.0003044091932978e-05,0.0,797.4825347847095,0.014521894548704228,1241.6495397997796,1.0003044091932978e-05
2010-03-02 22:00:00+00:00,2234.557889739375,3.6007201396071054e-06,3.60072013982915e-06,0.0,799.9411904744223,0.0030830213609336354,1241.654010632284,3.60072013982915e-06
2010-03-03 22:00:00+00:00,2234.5659616362914,3.612301544553276e-06,3.6123015447753204e-06,0.0,800.819281792177,0.001097694840834329,1241.6584958609847,3.6123015447753204e-06
2010-03-04 22:00:00+00:00,2234.5740335623664,3.6123015447753204e-06,3.612301544553276e-06,0.0,803.4535557454407,0.0032894736842103978,1241.6629811058872,3.612301544553276e-06
2010-03-05 22:00:00+00:00,2234.58270077686,3.878687554470517e-06,3.8786875546925614e-06,0.0,815.5712159304538,0.015081967213114611,1241.6677971286392,3.8786875546925614e-06
2010-03-08 22:00:00+00:00,2234.1918563478052,-0.00017490712199585978,1.1670810226238615e-05,1.0,817.1517803024121,0.0019379844961240345,1241.6822883978637,1.1670810226238615e-05
2010-03-09 22:00:00+00:00,2246.6760575653084,0.005587792821835302,3.890269545836489e-06,1.0,821.717855154736,0.005587792821835302,1241.6871188766559,3.890269545836489e-06
2010-03-10 22:00:00+00:00,2264.9221978062747,0.008121393460140958,4.1566690649474936e-06,1.0,828.3913491696708,0.008121393460140958,1241.6922801590913,4.1566690649474936e-06
2010-03-11 22:00:00+00:00,2273.5651063414693,0.00381598473606104,4.434664676811195e-06,1.0,831.5524779135873,0.00381598473606104,1241.6977866479856,4.434664676811195e-06
2010-03-12 22:00:00+00:00,2274.045267926758,0.00021119324181628762,4.4462478421269935e-06,1.0,831.7280961771382,0.00021119324181628762,1241.70330754409,4.4462478421269935e-06
2010-03-15 21:00:00+00:00,2268.283328903295,-0.0025337837837836608,1.2342662730313592e-05,1.0,829.6206770145272,-0.0025337837837837718,1241.7186334692262,1.2342662730313592e-05
2010-03-16 21:00:00+00:00,2282.6881764619525,0.006350550381032827,4.43466467703324e-06,1.0,834.8892249210546,0.006350550381032827,1241.7241400749888,4.43466467703324e-06
2010-03-17 21:00:00+00:00,2288.9302770707045,0.0027345393352966596,4.179834807382932e-06,1.0,837.1722623472166,0.0027345393352966596,1241.7293302767705,4.179834807382932e-06
2010-03-18 21:00:00+00:00,2296.6128624353214,0.0033564086427519957,4.701091222969467e-06,1.0,839.9821545640312,0.0033564086427522177,1241.7351677596264,4.701091222969467e-06
2010-03-19 21:00:00+00:00,2282.7364807761996,-0.0060421074383461,4.45783159319646e-06,1.0,834.9068921398621,-0.006042107438345989,1241.7407032058875,4.45783159319646e-06
2010-03-22 21:00:00+00:00,2303.4056045229627,0.00905453779743115,1.251633992005452e-05,1.0,842.4665881520781,0.009054537797430928,1241.7562452546215,1.251633992005452e-05
2010-03-23 21:00:00+00:00,2319.388124629471,0.0069386477462436424,4.434664676589151e-06,1.0,848.3121670452451,0.0069386477462436424,1241.7617520271792,4.434664676589151e-06
2010-03-24 21:00:00+00:00,2308.212377487326,-0.004818403191544363,4.446247841904949e-06,1.0,844.2246569921283,-0.004818403191544474,1241.7672732076894,4.446247841904949e-06
2010-03-25 21:00:00+00:00,2304.8476364122716,-0.001457725947521915,4.179834807160887e-06,1.0,842.9940088040931,-0.001457725947521804,1241.7724635897603,4.179834807160887e-06
2010-03-26 21:00:00+00:00,2307.2510228944534,0.0010427528675704956,3.901852122956129e-06,1.0,843.8730432241182,0.0010427528675702735,1241.7773088022836,3.901852122956129e-06
2010-03-29 21:00:00+00:00,2318.306600712489,0.0047916666666665275,1.1670810226238615e-05,1.0,847.9166015562338,0.0047916666666667496,1241.7918013495978,1.1670810226238615e-05
2010-03-30 21:00:00+00:00,2325.997437455471,0.003317437279701574,3.8902695460585335e-06,1.0,850.7295117003142,0.003317437279701574,1241.796632254425,3.8902695460585335e-06
2010-03-31 21:00:00+00:00,2314.941859637435,-0.004753048150444306,3.8902695460585335e-06,1.0,846.6859533681986,-0.004753048150444306,1241.8014631780459,3.8902695460585335e-06
2010-04-01 21:00:00+00:00,2314.941859637435,0.0,4.1566690649474936e-06,1.0,846.6859533681986,0.0,1241.8066249357726,4.1566690649474936e-06
2010-04-05 21:00:00+00:00,2336.57233797707,0.00934385382059788,1.777341131825594e-05,1.0,854.5972631484248,0.009343853820598103,1241.8286960756952,1.777341131825594e-05
2010-04-06 21:00:00+00:00,2343.3018201271793,0.0028800658300762727,4.4462478421269935e-06,1.0,857.0585595244951,0.0028800658300760507,1241.8342175538555,4.4462478421269935e-06
2010-04-07 21:00:00+00:00,2337.533692569943,-0.002461538461538515,4.4462478421269935e-06,1.0,854.9488769164349,-0.002461538461538404,1241.8397390565656,4.4462478421269935e-06
2010-04-08 21:00:00+00:00,2342.8211428307427,0.0022619782027555324,4.979114448744326e-06,1.0,856.8827526404901,0.0022619782027555324,1241.8459223187533,4.979114448744326e-06
2010-04-09 21:00:00+00:00,2356.7607844273966,0.005949938448912562,4.735842479064445e-06,1.0,861.9811522766358,0.005949938448912562,1241.8518035054246,4.735842479064445e-06
2010-04-12 21:00:00+00:00,2358.683493613142,0.0008158270446665394,1.4172776766852024e-05,1.0,862.6843798126558,0.0008158270446663174,1241.8694039938132,1.4172776766852024e-05
2010-04-13 21:00:00+00:00,2370.7004260240506,0.005094762584063384,4.724258140909043e-06,1.0,867.0795519127815,0.005094762584063606,1241.875270905455,4.724258140909043e-06
2010-04-14 21:00:00+00:00,2399.060386513795,0.011962692619627013,4.457831592974415e-06,1.0,877.4521580690779,0.011962692619626791,1241.8808069762722,4.457831592974415e-06
2010-04-15 21:00:00+00:00,2409.635287035395,0.00440793428170716,4.4462478421269935e-06,1.0,881.3199095171885,0.00440793428170716,1241.8863286861304,4.4462478421269935e-06
2010-04-16 21:00:00+00:00,2380.794649249214,-0.011968880909634994,4.4462478421269935e-06,1.0,870.771496476887,-0.011968880909634994,1241.8918504205394,4.4462478421269935e-06
2010-04-19 21:00:00+00:00,2379.352617359905,-0.0006056935190794643,1.3338745602720081e-05,1.0,870.244075824872,-0.0006056935190793533,1241.9084156999984,1.3338745602720081e-05
2010-04-20 21:00:00+00:00,2391.3695497708136,0.005050505050505194,4.446247841904949e-06,1.0,874.6392479249976,0.005050505050504972,1241.9139375326115,4.446247841904949e-06
2010-04-21 21:00:00+00:00,2404.8285140710313,0.005628140703517692,4.446247841904949e-06,1.0,879.5618406771383,0.005628140703517692,1241.9194593897762,4.446247841904949e-06
2010-04-22 21:00:00+00:00,2418.287478371249,0.005596642014791264,4.4462478421269935e-06,1.0,884.484433429279,0.005596642014791042,1241.9249812714925,4.4462478421269935e-06
2010-04-23 21:00:00+00:00,2428.3817015964123,0.004174120453190211,4.446247842349038e-06,1.0,888.1763779933846,0.004174120453190211,1241.9305031777608,4.446247842349038e-06
2010-04-26 21:00:00+00:00,2423.094251335612,-0.0021773555027713165,1.2516339920276565e-05,1.0,886.2425022693292,-0.0021773555027713165,1241.9460476020959,1.2516339920276565e-05
2010-04-27 21:00:00+00:00,2371.661780616924,-0.021225947232691778,4.434664676811195e-06,1.0,867.4311656807917,-0.021225947232691778,1241.9515552163637,4.434664676811195e-06
2010-04-28 21:00:00+00:00,2373.1038125062323,0.0006080259424399159,4.446247842349038e-06,1.0,867.9585863328066,0.000608025942440138,1241.9570772407862,4.446247842349038e-06
2010-04-29 21:00:00+00:00,2414.442059999758,0.017419485517520705,4.4462478421269935e-06,1.0,883.0779783572386,0.017419485517520705,1241.9625992897609,4.4462478421269935e-06
2010-04-30 21:00:00+00:00,2366.7348383284507,-0.01975910810272752,4.446247841682904e-06,1.0,865.62914511974,-0.019759108102727407,1241.9681213632875,4.446247841682904e-06
2010-05-03 21:00:00+00:00,2400.021741106668,0.014064483371414083,1.3338745602942126e-05,1.0,877.803771837088,0.014064483371414083,1241.9846876601052,1.3338745602942126e-05
2010-05-04 21:00:00+00:00,2327.920146641216,-0.030042058882435496,4.712674388951399e-06,1.0,851.4327392363343,-0.030042058882435385,1241.9905407295344,4.712674388951399e-06
2010-05-05 21:00:00+00:00,2303.44569231372,-0.010513442380232996,4.45783159275237e-06,0.0,847.0375671362087,-0.005162089613875653,1241.9960773142047,4.45783159275237e-06
2010-05-06 21:00:00+00:00,2303.45654770324,4.712674388729354e-06,4.712674388951399e-06,0.0,818.7326588113997,-0.03341635533416365,1242.0019304373095,4.712674388951399e-06
2010-05-07 21:00:00+00:00,2303.4668161246113,4.457831592974415e-06,4.457831592974415e-06,0.0,798.3390602668168,-0.024908739531887547,1242.0074670727536,4.457831592974415e-06
2010-05-10 21:00:00+00:00,2303.4956470982775,1.251633992049861e-05,1.251633992049861e-05,0.0,839.8294848920027,0.05197093151288268,1242.0230124603952,1.251633992049861e-05
2010-05-11 21:00:00+00:00,2303.50279423396,3.10273461612276e-06,3.102734615900715e-06,0.0,838.9504504719775,-0.0010466820180029535,1242.0268661281898,3.102734615900715e-06
2010-05-12 21:00:00+00:00,2303.5110618264134,3.5891393204146027e-06,3.5891393204146027e-06,0.0,854.7730700324297,0.018860016764459253,1242.0313239356522,3.5891393204146027e-06
2010-05-13 21:00:00+00:00,2303.521223765703,4.4115001043287805e-06,4.411500104106736e-06,0.0,841.2359399640429,-0.015837104072398023,1242.036803156967,4.411500104106736e-06
2010-05-14 21:00:00+00:00,2303.531465791973,4.446247841904949e-06,4.4462478421269935e-06,0.0,825.0617066355807,-0.019226750261232994,1242.0423255604228,4.4462478421269935e-06
2010-05-17 21:00:00+00:00,2303.562192012184,1.333874560316417e-05,1.3338745602720081e-05,0.0,827.6988098956559,0.0031962497336457396,1242.0588928470313,1.3338745602720081e-05
2010-05-18 21:00:00+00:00,2303.572434220609,4.446247841904949e-06,4.446247841904949e-06,0.0,816.2713624353294,-0.013806287170773146,1242.0644153487033,4.446247841904949e-06
2010-05-19 21:00:00+00:00,2303.582676474574,4.4462478421269935e-06,4.446247841904949e-06,0.0,809.7665077271436,-0.007968985569674625,1242.0699378749296,4.446247841904949e-06
2010-05-20 21:00:00+00:00,2303.5929187740785,4.4462478421269935e-06,4.446247841904949e-06,0.0,779.7035305622843,-0.03712548849326969,1242.0754604257104,4.446247841904949e-06
2010-05-21 21:00:00+00:00,2303.6037748574295,4.712674388951399e-06,4.712674388951399e-06,0.0,788.3180678785305,0.01104847801578357,1242.081313922922,4.712674388951399e-06
2010-05-24 21:00:00+00:00,2303.6364233194895,1.417277676662998e-05,1.4172776766852024e-05,0.0,785.15354396644,-0.004014272970562116,1242.0989176641106,1.4172776766852024e-05
2010-05-25 21:00:00+00:00,2303.6473062926157,4.724258140686999e-06,4.724258140909043e-06,0.0,785.8567715024602,0.000895656068069961,1242.1047856600342,4.724258140909043e-06
2010-05-26 21:00:00+00:00,2303.658189317156,4.724258140909043e-06,4.724258140909043e-06,0.0,777.0664273022089,-0.011185682326621982,1242.1106536836796,4.724258140909043e-06
2010-05-27 21:00:00+00:00,2303.669072393111,4.724258140909043e-06,4.724258141131088e-06,0.0,806.426176931048,0.03778280542986412,1242.1165217350474,4.724258141131088e-06
2010-05-28 21:00:00+00:00,2303.6799555204802,4.724258140909043e-06,4.724258140909043e-06,0.0,801.6793910629124,-0.00588620013080432,1242.1223898141373,4.724258140909043e-06
2010-06-01 21:00:00+00:00,2303.723488243716,1.8897036079712493e-05,1.8897036079712493e-05,0.0,794.2955019347013,-0.009210526315789558,1242.145862245753,1.8897036079712493e-05
2010-06-02 21:00:00+00:00,2303.73437162816,4.724258140909043e-06,4.724258140909043e-06,0.0,813.1068385232389,0.023683045595396246,1242.151730463455,4.724258140909043e-06
2010-06-03 21:00:00+00:00,2303.7446412880236,4.457831592974415e-06,4.457831593418504e-06,0.0,820.84234141946,0.009513513513513594,1242.1572677666827,4.457831593418504e-06
2010-06-04 21:00:00+00:00,2303.754884307664,4.4462478421269935e-06,4.446247842349038e-06,0.0,792.7571916996574,-0.03421503533947312,1242.1627907057543,4.446247842349038e-06
2010-06-07 21:00:00+00:00,2303.7856135079974,1.3338745602942126e-05,1.333874560316417e-05,0.0,778.2970754902441,-0.018240283860952444,1242.1793595992172,1.333874560316417e-05
2010-06-08 21:00:00+00:00,2303.7946292239094,3.9134352862735255e-06,3.9134352862735255e-06,0.0,776.8906204182039,-0.0018070928393946195,1242.1842207877548,3.9134352862735255e-06
2010-06-09 21:00:00+00:00,2303.8035916059957,3.8902695460585335e-06,3.890269545836489e-06,0.0,770.385765710018,-0.008372935053179487,1242.1890532191994,3.890269545836489e-06
2010-06-10 21:00:00+00:00,2303.811326651974,3.357511033641458e-06,3.357511033863503e-06,0.0,792.361626210646,0.028525787311729722,1242.1932238826519,3.357511033863503e-06
2010-06-11 21:00:00+00:00,2303.819008359835,3.33434764043794e-06,3.33434764043794e-06,0.0,799.921322222862,0.009540714444197906,1242.197365786697,3.33434764043794e-06
2010-06-14 21:00:00+00:00,2303.838265080346,8.358608224456887e-06,8.358608225123021e-06,0.0,799.7455153388571,-0.00021978021978008577,1242.207748827816,8.358608225123021e-06
2010-06-15 21:00:00+00:00,2303.844666253777,2.7784821219345446e-06,2.778482122378634e-06,0.0,821.1939551874701,0.026819081116729038,1242.2112002798383,2.778482122378634e-06
2010-06-16 21:00:00+00:00,2303.849840301118,2.245831681513266e-06,2.245831681513266e-06,0.0,824.5342859835655,0.004067651466495237,1242.213990077107,2.245831681513266e-06
2010-06-17 21:00:00+00:00,2303.854347479265,1.9563680184742083e-06,1.956368019140342e-06,0.0,827.1713892436409,0.0031982942430703876,1242.21642030483,1.956368019140342e-06
2010-06-18 21:00:00+00:00,2303.8600550779174,2.4774129747662244e-06,2.4774129745441797e-06,0.0,827.8599763712475,0.0008324600397944248,1242.219497787907,2.4774129745441797e-06
2010-06-21 21:00:00+00:00,2303.8792321038322,8.3238675336883e-06,8.323867533910345e-06,0.0,820.8143595510667,-0.008510638297872353,1242.2298378584544,8.323867533910345e-06
2010-06-22 21:00:00+00:00,2303.8850197943907,2.512150149902581e-06,2.5121501496805365e-06,0.0,814.473304412904,-0.007725321888411907,1242.2329585263276,2.5121501496805365e-06
2010-06-23 21:00:00+00:00,2303.8920080489174,3.033247955919194e-06,3.033247955919194e-06,0.0,811.1266364233179,-0.004108996539792575,1242.23672652691,3.033247955919194e-06
2010-06-24 21:00:00+00:00,2303.8996633448437,3.322766822133616e-06,3.322766822577705e-06,0.0,798.7968069880015,-0.015200868621063957,1242.2408541898906,3.322766822577705e-06
2010-06-25 21:00:00+00:00,2303.9079590427614,3.6007201396071054e-06,3.6007201396071054e-06,0.0,797.3876836239655,-0.0017640573318631336,1242.2453271515524,3.6007201396071054e-06
2010-06-28 21:00:00+00:00,2303.9329262767574,1.0836906004785263e-05,1.0836906004563218e-05,0.0,794.5694368958931,-0.0035343494588028213,1242.2587892473973,1.0836906004563218e-05
2010-06-29 21:00:00+00:00,2303.9412487772256,3.612301544553276e-06,3.612301544331231e-06,0.0,763.9210037281064,-0.038572378630015614,1242.2632766607403,3.612301544331231e-06
2010-06-30 21:00:00+00:00,2303.9495713077577,3.6123015447753204e-06,3.612301544553276e-06,0.0,752.295735974808,-0.015217892552455536,1242.2677640902934,3.612301544553276e-06
2010-07-01 21:00:00+00:00,2303.9603490148534,4.677926648266606e-06,4.677926648266606e-06,0.0,750.1820509287539,-0.002809646452821224,1242.2735753277714,4.677926648266606e-06
2010-07-02 21:00:00+00:00,2303.970005877015,4.19141855712013e-06,4.1914185568980855e-06,0.0,748.0683658826996,-0.0028175628081710258,1242.2787822162877,4.1914185568980855e-06
2010-07-06 21:00:00+00:00,2304.0160262559793,1.9974382846621452e-05,1.9974382846843497e-05,0.0,750.3581913492584,0.0030609842241582363,1242.3035959682863,1.9974382846843497e-05
2010-07-07 21:00:00+00:00,2304.0269377129484,4.7358424788424e-06,4.7358424788424e-06,0.0,774.3132885378732,0.031924882629107865,1242.3094793224277,4.7358424788424e-06
2010-07-08 21:00:00+00:00,2304.0378225309655,4.724258140686999e-06,4.724258141131088e-06,0.0,778.5406586299817,0.005459508644222177,1242.315348313099,4.724258141131088e-06
2010-07-09 21:00:00+00:00,2304.0487074004054,4.724258140909043e-06,4.724258141131088e-06,0.0,785.9385562911715,0.009502262443438658,1242.321217331497,4.724258141131088e-06
2010-07-12 21:00:00+00:00,2304.0794672094967,1.3350329354011592e-05,1.3350329353789547e-05,0.0,788.2283817577303,0.0029134917077544564,1242.3378027289118,1.3350329353789547e-05
2010-07-13 21:00:00+00:00,2304.0890978810526,4.179834807382932e-06,4.179834807382932e-06,0.0,798.4445261469925,0.012960893854748745,1242.342995495702,4.179834807382932e-06
2010-07-14 21:00:00+00:00,2304.099315743587,4.434664676589151e-06,4.43466467703324e-06,0.0,802.4957558185965,0.005073902492830351,1242.348504870301,4.43466467703324e-06
2010-07-15 21:00:00+00:00,2304.1095603401977,4.4462478421269935e-06,4.446247841904949e-06,0.0,803.2003175006146,0.0008779631255486642,1242.3540286596597,4.446247841904949e-06
2010-07-16 21:00:00+00:00,2304.1191911375377,4.179834807160887e-06,4.179834807382932e-06,0.0,781.006624517045,-0.02763157894736834,1242.3592214942719,4.179834807382932e-06
2010-07-19 21:00:00+00:00,2304.1480035875597,1.250475675607099e-05,1.2504756756293034e-05,0.0,787.6999604962167,0.008570139828597112,1242.3747568941405,1.2504756756293034e-05
2010-07-20 21:00:00+00:00,2304.1576078562616,4.168251643177356e-06,4.168251643177356e-06,0.0,797.2115432034608,0.012075134168157309,1242.3799354247624,4.168251643177356e-06
2010-07-21 21:00:00+00:00,2304.1672121649963,4.168251642955312e-06,4.168251643177356e-06,0.0,786.2908371321806,-0.013698630136986134,1242.3851139769697,4.168251643177356e-06
2010-07-22 21:00:00+00:00,2304.1780442652534,4.701091222969467e-06,4.701091222747422e-06,0.0,806.1947046491915,0.025313620071684584,1242.3909545427243,4.701091222747422e-06
2010-07-23 21:00:00+00:00,2304.1883159029353,4.45783159319646e-06,4.45783159319646e-06,0.0,811.3027768438226,0.006336027965916591,1242.3964929123727,4.45783159319646e-06
2010-07-26 21:00:00+00:00,2304.219050884702,1.3338745602720081e-05,1.3338745602942126e-05,0.0,817.9961128229943,0.008250108554059832,1242.4130649231295,1.3338745602942126e-05
2010-07-27 21:00:00+00:00,2304.229296013685,4.446247842349038e-06,4.4462478421269935e-06,0.0,817.6438319819853,-0.00043066322136087187,1242.4185889995385,4.4462478421269935e-06
2010-07-28 21:00:00+00:00,2304.2395411882208,4.446247842349038e-06,4.446247841904949e-06,0.0,811.1266364233179,-0.00797070228349861,1242.4241131005087,4.446247841904949e-06
2010-07-29 21:00:00+00:00,2304.249786408309,4.446247842349038e-06,4.4462478421269935e-06,0.0,805.1378621261644,-0.007383279044516633,1242.4296372260405,4.4462478421269935e-06
2010-07-30 21:00:00+00:00,2304.2594177917713,4.179834807604976e-06,4.179834807160887e-06,0.0,806.8992663312096,0.0021877050973528878,1242.4348303766837,4.179834807160887e-06
2010-08-02 21:00:00+00:00,2304.2882319952937,1.250475675607099e-05,1.2504756755848945e-05,0.0,822.0473424945983,0.01877319362584573,1242.4503667220226,1.2504756755848945e-05
2010-08-03 21:00:00+00:00,2304.297836848503,4.168251642955312e-06,4.168251643177356e-06,0.0,818.5245340845079,-0.00428540818512968,1242.4555455678053,4.168251643177356e-06
2010-08-04 21:00:00+00:00,2304.307441741748,4.168251643177356e-06,4.168251643177356e-06,0.0,826.7679057641195,0.010071013557133801,1242.4607244351746,4.168251643177356e-06
2010-08-05 21:00:00+00:00,2304.3176605725653,4.4346646772552845e-06,4.43466467703324e-06,0.0,824.8655892226706,-0.002300907580212397,1242.4662343318619,4.43466467703324e-06
2010-08-06 21:00:00+00:00,2304.3279061399917,4.446247842349038e-06,4.446247841904949e-06,0.0,823.6326062791389,-0.001494768310911776,1242.471758644675,4.446247841904949e-06
2010-08-09 21:00:00+00:00,2304.358642983718,1.333874560316417e-05,1.3338745602942126e-05,0.0,829.2690997352836,0.006843455945252375,1242.4883316593823,1.3338745602942126e-05
2010-08-10 21:00:00+00:00,2304.3682748221822,4.179834807382932e-06,4.179834807160887e-06,0.0,822.0913775997244,-0.008655480033984642,1242.4935250553585,4.179834807160887e-06
2010-08-11 21:00:00+00:00,2304.3778800090304,4.168251643177356e-06,4.168251642955312e-06,0.0,799.6775090905242,-0.02726444908672132,1242.4987040810358,4.168251642955312e-06
2010-08-12 21:00:00+00:00,2304.3874852359154,4.168251643177356e-06,4.168251643177356e-06,0.0,793.3364539523614,-0.007929515418502286,1242.5038831283007,4.168251643177356e-06
2010-08-13 21:00:00+00:00,2304.3970905028373,4.168251643177356e-06,4.168251643177356e-06,0.0,787.6999604962167,-0.007104795737122527,1242.509062197153,4.168251643177356e-06
2010-08-16 21:00:00+00:00,2304.425906427923,1.2504756755848945e-05,1.250475675607099e-05,0.0,789.1090838602529,0.0017889087656530744,1242.5245994707432,1.250475675607099e-05
2010-08-17 21:00:00+00:00,2304.436125784091,4.43466467703324e-06,4.434664676811195e-06,0.0,799.1843159131115,0.012767857142857109,1242.5301096506946,4.434664676811195e-06
2010-08-18 21:00:00+00:00,2304.445757946421,4.179834807382932e-06,4.179834807604976e-06,0.0,802.319615398092,0.003923124393899302,1242.5353032212963,4.179834807604976e-06
2010-08-19 21:00:00+00:00,2304.455977390624,4.43466467703324e-06,4.4346646772552845e-06,0.0,790.1659263832801,-0.015148188803512541,1242.5408134487157,4.4346646772552845e-06
2010-08-20 21:00:00+00:00,2304.4668375412894,4.7126743891734435e-06,4.712674388729354e-06,0.0,791.2227689063072,0.0013374944271065115,1242.5466691389843,4.712674388729354e-06
2010-08-23 21:00:00+00:00,2304.4976029325558,1.3350329354011592e-05,1.3350329353567503e-05,0.0,783.4725904041082,-0.009795191451469343,1242.5632575462546,1.3350329353567503e-05
2010-08-24 21:00:00+00:00,2304.5078493000497,4.446247841904949e-06,4.446247841904949e-06,0.0,768.852935502233,-0.01866007194244612,1242.568782290457,4.446247841904949e-06
2010-08-25 21:00:00+00:00,2304.517481762172,4.179834807382932e-06,4.179834807160887e-06,0.0,776.250833163423,0.009621993127147954,1242.5739760227034,4.179834807160887e-06
2010-08-26 21:00:00+00:00,2304.527701524446,4.43466467703324e-06,4.4346646772552845e-06,0.0,766.9153908766833,-0.012026321760835068,1242.5794864216236,4.4346646772552845e-06
2010-08-27 21:00:00+00:00,2304.537948025766,4.4462478421269935e-06,4.4462478421269935e-06,0.0,776.250833163423,0.012172714745062096,1242.5850112379837,4.4462478421269935e-06
2010-08-30 21:00:00+00:00,2304.568687671187,1.3338745602942126e-05,1.3338745602942126e-05,0.0,768.1483738202149,-0.010437939641479543,1242.6015857633388,1.3338745602942126e-05
2010-08-31 21:00:00+00:00,2304.5789343547412,4.446247841904949e-06,4.446247842349038e-06,0.0,765.5062675126471,-0.003439578078422434,1242.6071106779584,4.446247842349038e-06
2010-09-01 21:00:00+00:00,2304.588567113987,4.179834807382932e-06,4.179834807382932e-06,0.0,788.4045221782349,0.02991256327657621,1242.6123045704114,4.179834807382932e-06
2010-09-02 21:00:00+00:00,2304.5975592777813,3.901852123400218e-06,3.901852123178173e-06,0.0,797.2115432034608,0.011170688114387817,1242.6171530598704,3.901852123178173e-06
2010-09-03 21:00:00+00:00,2304.6065247834817,3.890269545836489e-06,3.890269545836489e-06,0.0,810.4220747412999,0.016570923552805983,1242.6219871755382,3.890269545836489e-06
2010-09-07 21:00:00+00:00,2304.639851214989,1.4460790225490072e-05,1.4460790225712117e-05,0.0,804.9617217056598,-0.006737665724842357,1242.6399564714245,1.4460790225712117e-05
2010-09-08 21:00:00+00:00,2304.648790192898,3.8786875546925614e-06,3.878687554470517e-06,0.0,814.6494448334084,0.012035010940919078,1242.6447762835585,3.878687554470517e-06
2010-09-09 21:00:00+00:00,2304.657755897901,3.8902695460585335e-06,3.890269545836489e-06,0.0,817.8199724024898,0.0038918918918919854,1242.6496105066878,3.890269545836489e-06
2010-09-10 21:00:00+00:00,2304.6667216377828,3.8902695460585335e-06,3.8902695460585335e-06,0.0,820.8143595510667,0.0036614258022829027,1242.654444748624,3.8902695460585335e-06
2010-09-13 21:00:00+00:00,2304.6936189657254,1.167081022601657e-05,1.1670810226238615e-05,0.0,832.2634868838605,0.013948497854077369,1242.6689475328253,1.1670810226238615e-05
2010-09-14 21:00:00+00:00,2304.7025848451244,3.8902695460585335e-06,3.8902695460585335e-06,0.0,835.786295293951,0.004232804232804144,1242.6737818499878,3.8902695460585335e-06
2010-09-15 21:00:00+00:00,2304.7115507594026,3.890269545836489e-06,3.8902695460585335e-06,0.0,841.0705079090866,0.006322444678608985,1242.678616185957,3.8902695460585335e-06
2010-09-16 21:00:00+00:00,2304.7211306826093,4.1566690649474936e-06,4.1566690649474936e-06,0.0,844.4171758986724,0.003979057591622981,1242.6837815897186,4.1566690649474936e-06
2010-09-17 21:00:00+00:00,2304.7307373402496,4.168251643177356e-06,4.168251642955312e-06,0.0,847.3439967163038,0.0034660839466185145,1242.688961408433,4.168251642955312e-06
2010-09-20 21:00:00+00:00,2304.759557437508,1.250475675607099e-05,1.250475675607099e-05,0.0,862.0840217784653,0.017395562037712198,1242.704500931619,1.250475675607099e-05
2010-09-21 21:00:00+00:00,2304.769778273306,4.434664676811195e-06,4.43466467703324e-06,0.0,861.9092388725899,-0.00020274462982716734,1242.7100119093732,4.43466467703324e-06
2010-09-22 21:00:00+00:00,2304.7800258509587,4.446247841904949e-06,4.4462478421269935e-06,0.0,859.6141098055386,-0.0026628430970914163,1242.715537306082,4.4462478421269935e-06
2010-09-23 21:00:00+00:00,2304.7908875287585,4.712674388951399e-06,4.712674388951399e-06,0.0,859.2610130259924,-0.0004107619634421411,1242.7213938197674,4.712674388951399e-06
2010-09-24 21:00:00+00:00,2304.8017759558716,4.724258140686999e-06,4.724258140686999e-06,0.0,876.7393036135356,0.020341072529278748,1242.727264756429,4.724258140686999e-06
2010-09-27 21:00:00+00:00,2304.8325458186755,1.3350329353567503e-05,1.3350329353789547e-05,0.0,871.9724970896602,-0.005436971405557767,1242.7438555747103,1.3350329353789547e-05
2010-09-28 21:00:00+00:00,2304.8427936754083,4.446247841904949e-06,4.446247841904949e-06,0.0,871.6194003101139,-0.00040494027130999477,1242.7493811218962,4.446247841904949e-06
2010-09-29 21:00:00+00:00,2304.852427537543,4.179834807382932e-06,4.179834807382932e-06,0.0,870.2070131919286,-0.0016204172574437736,1242.7545756090162,4.179834807382932e-06
2010-09-30 21:00:00+00:00,2304.8626487851884,4.434664676589151e-06,4.43466467703324e-06,0.0,866.322948616919,-0.004463379995942374,1242.7600868088348,4.43466467703324e-06
2010-10-01 21:00:00+00:00,2304.872896775767,4.4462478421269935e-06,4.4462478421269935e-06,0.0,865.26365827828,-0.001222743020175332,1242.7656124281891,4.4462478421269935e-06
2010-10-04 21:00:00+00:00,2304.9036408889842,1.3338745602942126e-05,1.3338745602942126e-05,0.0,855.9065936203023,-0.010814119567435276,1242.7821893625373,1.3338745602942126e-05
2010-10-05 21:00:00+00:00,2304.913889061824,4.446247842349038e-06,4.446247841904949e-06,0.0,876.7393036135356,0.024339933993399177,1242.7877150801648,4.446247841904949e-06
2010-10-06 21:00:00+00:00,2304.92413728023,4.4462478421269935e-06,4.446247841904949e-06,0.0,869.1477228532896,-0.008658880386629098,1242.793240822361,4.446247841904949e-06
2010-10-07 21:00:00+00:00,2304.9325434521293,3.6470492730256154e-06,3.6470492730256154e-06,0.0,872.3255938692065,0.003656307129798808,1242.7977733505465,3.6470492730256154e-06
2010-10-08 21:00:00+00:00,2308.4230291979707,0.0015143548368723447,3.3459290442738876e-06,1.0,878.3282391214942,0.006881198138028788,1242.8019316637126,3.3459290442738876e-06
2010-10-11 21:00:00+00:00,2309.35103845594,0.0004020100502513113,1.0825324599617048e-05,1.0,878.6813359010406,0.0004020100502513113,1242.815385398036,1.0825324599617048e-05
2010-10-12 21:00:00+00:00,2325.127195841413,0.006831424552943277,3.6123015441091866e-06,1.0,884.6839811533281,0.006831424552943499,1242.8198748219716,3.6123015441091866e-06
2010-10-13 21:00:00+00:00,2344.1513856297784,0.008181999600878065,3.612301544331231e-06,1.0,891.9224651340279,0.008181999600878065,1242.8243642621246,3.612301544331231e-06
2010-10-14 21:00:00+00:00,2339.5113393399333,-0.001979414093428278,3.3459290442738876e-06,1.0,890.1569812362962,-0.001979414093428389,1242.828522664262,3.3459290442738876e-06
2010-10-15 21:00:00+00:00,2389.1598346412766,0.021221737405791252,3.6007201400511946e-06,1.0,909.0476589420249,0.021221737405791474,1242.8329977419542,3.6007201400511946e-06
2010-10-18 21:00:00+00:00,2380.3437466905707,-0.0036900369003690647,1.0836906004785263e-05,1.0,905.6932395363347,-0.0036900369003691758,1242.8464662063302,1.0836906004785263e-05
2010-10-19 21:00:00+00:00,2358.071524499314,-0.009356725146198785,3.8786875546925614e-06,1.0,897.2189168272228,-0.009356725146198785,1242.8512868194512,3.8786875546925614e-06
2010-10-20 21:00:00+00:00,2375.239695771741,0.007280598189689069,3.8902695460585335e-06,1.0,903.7512072488298,0.007280598189689069,1242.8561218459624,3.8902695460585335e-06
2010-10-21 21:00:00+00:00,2379.879742061586,0.0019535065442468635,4.1566690649474936e-06,1.0,905.5166911465615,0.0019535065442468635,1242.8612879875564,4.1566690649474936e-06
2010-10-22 21:00:00+00:00,2396.1199040760443,0.006823942288945339,3.901852123178173e-06,1.0,911.6958847886223,0.006823942288945339,1242.8661374485118,3.901852123178173e-06
2010-10-25 21:00:00+00:00,2407.720019800657,0.004841208365607974,1.167081022646066e-05,1.0,916.1095945329514,0.004841208365607974,1242.880642703339,1.167081022646066e-05
2010-10-26 21:00:00+00:00,2414.2160846064403,0.0026980150317978957,3.6238835350310694e-06,1.0,918.5812719897757,0.0026980150317981177,1242.8851467580362,3.6238835350310694e-06
2010-10-27 21:00:00+00:00,2421.6401586701927,0.0030751489525273623,3.612301544553276e-06,1.0,921.4060462261463,0.0030751489525273623,1242.8896364339716,3.612301544553276e-06
2010-10-28 21:00:00+00:00,2426.7442095890224,0.002107683464265264,3.878687554914606e-06,1.0,923.3480785136511,0.002107683464265264,1242.8944572145365,3.878687554914606e-06
2010-10-29 21:00:00+00:00,2421.176154041208,-0.002294455066921608,3.890269545836489e-06,1.0,921.2294978363732,-0.002294455066921497,1242.899292408992,3.890269545836489e-06
2010-11-01 21:00:00+00:00,2423.032172557146,0.0007665772326561626,1.1670810226238615e-05,1.0,921.9356913954658,0.0007665772326561626,1242.9137980507642,1.1670810226238615e-05
2010-11-02 21:00:00+00:00,2449.016431780279,0.01072386058981234,3.6238835354751586e-06,1.0,931.8224012227631,0.01072386058981234,1242.918302225613,3.6238835354751586e-06
2010-11-03 21:00:00+00:00,2460.152542875908,0.004547176960970178,3.3459290442738876e-06,1.0,936.0595625773191,0.004547176960969956,1242.92246094206,3.3459290442738876e-06
2010-11-04 21:00:00+00:00,2490.312843759901,0.012259524707657343,3.6007201396071054e-06,1.0,947.5352079125747,0.012259524707657343,1242.9269363579972,3.6007201396071054e-06
2010-11-05 21:00:00+00:00,2490.312843759901,0.0,3.612301544553276e-06,1.0,947.5352079125747,0.0,1242.9314261848892,3.612301544553276e-06
2010-11-08 22:00:00+00:00,2493.4448750055467,0.001257685858021329,1.0987418597840914e-05,1.0,948.7269095435436,0.001257685858021329,1242.9450827927571,1.0987418597840914e-05
2010-11-09 22:00:00+00:00,2480.104741922242,-0.005350081414282393,3.612301544997365e-06,1.0,943.6511433375651,-0.005350081414282282,1242.9495726852,3.612301544997365e-06
2010-11-10 22:00:00+00:00,2492.400864590332,0.004957904583723138,3.6123015452194096e-06,1.0,948.3296756665541,0.004957904583723138,1242.954062593862,3.6123015452194096e-06
2010-11-11 22:00:00+00:00,2477.0887118338424,-0.006143535325328298,3.612301544997365e-06,1.0,942.5035788040395,-0.006143535325328187,1242.9585525187429,3.612301544997365e-06
2010-11-12 22:00:00+00:00,2436.488306797697,-0.016390371827292305,3.612301544997365e-06,1.0,927.0555946988876,-0.016390371827292305,1242.9630424598424,3.612301544997365e-06
2010-11-15 22:00:00+00:00,2427.440216532499,-0.003713578366025483,1.0836906004563218e-05,1.0,923.6129010983109,-0.003713578366025483,1242.9765123335008,1.0836906004563218e-05
2010-11-16 22:00:00+00:00,2387.3038161253385,-0.016534454745292915,3.6123015441091866e-06,1.0,908.3414653829323,-0.016534454745292804,1242.9810023394755,3.6123015441091866e-06
2010-11-17 22:00:00+00:00,2394.2638855601062,0.00291545189504383,3.612301544331231e-06,1.0,910.9896912295296,0.002915451895043608,1242.9854923616697,3.612301544331231e-06
2010-11-18 22:00:00+00:00,2432.7762697658213,0.01608527131782944,3.878687554914606e-06,1.0,925.6432075807023,0.01608527131782944,1242.9903135140298,3.878687554914606e-06
2010-11-19 22:00:00+00:00,2434.632288281759,0.0007629219912261842,4.156669064725449e-06,1.0,926.349401139795,0.0007629219912264062,1242.9954802134139,4.156669064725449e-06
2010-11-22 22:00:00+00:00,2455.0484919570777,0.008385744234800763,1.168239280313621e-05,1.0,934.1175302898141,0.008385744234800763,1243.0100013748663,1.168239280313621e-05
2010-11-23 22:00:00+00:00,2416.0721031223784,-0.015876015876015837,4.156669064725449e-06,1.0,919.2874655488683,-0.015876015876015837,1243.0151681560862,4.156669064725449e-06
2010-11-24 22:00:00+00:00,2464.792589165753,0.02016516228154419,3.901852123400218e-06,1.0,937.8250464750506,0.02016516228154397,1243.0200182174594,3.901852123400218e-06
2010-11-26 22:00:00+00:00,2448.552427151295,-0.006588855421686635,8.324921418001452e-06,1.0,931.6458528329899,-0.006588855421686635,1243.0303662614322,8.324921418001452e-06
2010-11-29 22:00:00+00:00,2446.6964086353564,-0.0007580064430550149,1.250475675607099e-05,1.0,930.9396592738972,-0.0007580064430549038,1243.0459100538028,1.250475675607099e-05
2010-11-30 22:00:00+00:00,2416.768110065855,-0.012232125924521164,4.434664676811195e-06,1.0,919.5522881335281,-0.012232125924521053,1243.0514225455918,4.434664676811195e-06
2010-12-01 22:00:00+00:00,2468.0406215686444,0.021215321109724572,4.4462478421269935e-06,1.0,939.0608852034628,0.021215321109724572,1243.056949460297,4.4462478421269935e-06
2010-12-02 22:00:00+00:00,2493.096871533808,0.010152284263959421,4.979114448966371e-06,1.0,948.5944982512136,0.0101522842639592,1243.0631387831147,4.979114448966371e-06
2010-12-03 22:00:00+00:00,2499.5929363395912,0.002605620696072952,4.735842479064445e-06,1.0,951.0661757080379,0.002605620696072952,1243.0690257343315,4.735842479064445e-06
2010-12-06 22:00:00+00:00,2498.4329247671303,-0.0004640801930572147,1.3350329353789547e-05,1.0,950.6248047336051,-0.00046408019305732573,1243.0856211152345,1.3350329353789547e-05
2010-12-07 22:00:00+00:00,2500.0569409685763,0.0006500139288698747,4.4462478421269935e-06,1.0,951.2427240978112,0.0006500139288700968,1243.0911481819949,4.4462478421269935e-06
2010-12-08 22:00:00+00:00,2509.3370335482664,0.0037119524870079523,3.9134352862735255e-06,1.0,954.7736918932744,0.0037119524870081744,1243.0960129387583,3.9134352862735255e-06
2010-12-09 22:00:00+00:00,2511.889059007681,0.00101701183431957,4.1566690649474936e-06,1.0,955.7447080370268,0.00101701183431957,1243.1011800775002,4.1566690649474936e-06
2010-12-10 22:00:00+00:00,2528.5932256511237,0.006650041562759723,3.901852123400218e-06,1.0,962.1004500688607,0.006650041562759723,1243.1060304744792,3.901852123400218e-06
2010-12-13 22:00:00+00:00,2519.5451353859257,-0.003578309936691393,1.2493174177841126e-05,1.0,958.657756468284,-0.003578309936691393,1243.1215608146395,1.2493174177841126e-05
2010-12-14 22:00:00+00:00,2523.9531793612787,0.0017495395948434744,3.901852123400218e-06,1.0,960.3349661711292,0.0017495395948434744,1243.1264112911413,3.901852123400218e-06
2010-12-15 22:00:00+00:00,2513.049070580142,-0.004320250022980199,3.6238835356972032e-06,1.0,956.1860790114597,-0.004320250022980199,1243.130916236476,3.6238835356972032e-06
2010-12-16 22:00:00+00:00,2532.537264997492,0.007754800590842104,4.1450870724712985e-06,1.0,963.6011113819327,0.007754800590842104,1243.1360691223663,4.1450870724712985e-06
2010-12-17 22:00:00+00:00,2534.7765695589374,0.0008842138642519703,4.168251643177356e-06,1.0,964.4531408442252,0.0008842138642519703,1243.141250826329,4.168251643177356e-06
2010-12-20 22:00:00+00:00,2536.63627357182,0.0007336757153337814,1.16823928035803e-05,1.0,965.16073669224,0.0007336757153337814,1243.1557736907314,1.16823928035803e-05
2010-12-21 22:00:00+00:00,2551.978831678101,0.006048387096774244,3.623883534809025e-06,1.0,970.9984024383624,0.006048387096774244,1243.1602787424708,3.623883534809025e-06
2010-12-22 22:00:00+00:00,2551.746368676491,-9.109127345585666e-05,3.079570053188263e-06,1.0,970.9099529573605,-9.10912734560787e-05,1243.1641071416366,3.079570053188263e-06
2010-12-23 22:00:00+00:00,2545.0979268304354,-0.00260544775439564,3.855525328555487e-06,1.0,968.3802978007075,-0.002605447754395529,1243.1689001923392,3.855525328555487e-06
2010-12-27 22:00:00+00:00,2546.3997196394535,0.0005114902634175689,1.556108056610661e-05,1.0,968.8756148943179,0.0005114902634175689,1243.1882452437524,1.556108056610661e-05
2010-12-28 22:00:00+00:00,2541.750459607247,-0.001825817053131229,3.8902695460585335e-06,1.0,967.1066252742808,-0.00182581705313134,1243.193081581123,3.8902695460585335e-06
2010-12-29 22:00:00+00:00,2547.3295716458947,0.002194988110481022,3.8902695460585335e-06,1.0,969.2294128183253,0.002194988110481022,1243.1979179373081,3.8902695460585335e-06
2010-12-30 22:00:00+00:00,2541.285533604026,-0.0023726957473992893,4.6895086427412025e-06,1.0,966.929726312277,-0.0023726957473991783,1243.203747924689,4.6895086427412025e-06
2010-12-31 22:00:00+00:00,2531.9870135396136,-0.0036589828027806526,4.19141855712013e-06,1.0,963.3917470722029,-0.0036589828027807636,1243.2089587119483,4.19141855712013e-06
2011-01-03 22:00:00+00:00,2571.505723813368,0.015607785530664664,1.250475675607099e-05,1.0,978.4281588425182,0.015607785530664664,1243.224504737574,1.250475675607099e-05
2011-01-04 22:00:00+00:00,2569.413556798875,-0.0008135960947388554,3.63546611170662e-06,1.0,977.6321135135015,-0.0008135960947387444,1243.2290244381302,3.63546611170662e-06
2011-01-05 22:00:00+00:00,2591.497541951856,0.008594951596851752,3.3459290442738876e-06,1.0,986.0348142086777,0.00859495159685153,1243.2331841942319,3.3459290442738876e-06
2011-01-06 22:00:00+00:00,2599.8662100098272,0.0032292787944023793,4.133505665526727e-06,1.0,989.2189955247445,0.0032292787944026013,1243.2383231056422,4.133505665526727e-06
2011-01-07 22:00:00+00:00,2597.541579993724,-0.0008941344778253812,3.901852123400218e-06,1.0,988.3345007147259,-0.0008941344778254923,1243.243174037733,3.901852123400218e-06
2011-01-10 22:00:00+00:00,2607.3050260613572,0.003758725613030034,1.1670810226238615e-05,1.0,992.0493789168038,0.003758725613030256,1243.2576836928822,1.1670810226238615e-05
2011-01-11 22:00:00+00:00,2611.0244340871222,0.0014265335235377208,4.1566690649474936e-06,1.0,993.4645706128334,0.0014265335235377208,1243.2628515036358,4.1566690649474936e-06
2011-01-12 22:00:00+00:00,2629.389011214338,0.0070334757834760175,3.901852123400218e-06,1.0,1000.45207961198,0.0070334757834757955,1243.2677025314329,3.901852123400218e-06
2011-01-13 22:00:00+00:00,2630.3188632207793,0.00035363805145438576,4.156669065169538e-06,1.0,1000.8058775359875,0.00035363805145438576,1243.2728703838316,4.156669065169538e-06
2011-01-14 22:00:00+00:00,2650.0782183576566,0.0075121520106054,4.168251642955312e-06,1.0,1008.3240834211451,0.0075121520106054,1243.2780526580161,4.168251642955312e-06
2011-01-18 22:00:00+00:00,2657.5170344091866,0.00280701754385948,1.667300931273985e-05,1.0,1011.1544668132044,0.00280701754385948,1243.2987818445663,1.667300931273985e-05
2011-01-19 22:00:00+00:00,2627.296844199845,-0.011371588523442888,4.168251643177356e-06,1.0,999.6560342829633,-0.011371588523442888,1243.3039642267568,4.168251643177356e-06
2011-01-20 22:00:00+00:00,2608.6998040710196,-0.007078393204742461,4.168251643177356e-06,1.0,992.5800758028149,-0.007078393204742572,1243.3091466305486,4.168251643177356e-06
2011-01-21 22:00:00+00:00,2588.7079859325318,-0.007663518089467192,4.434664676811195e-06,1.0,984.9734204366555,-0.007663518089467081,1243.3146602897036,4.434664676811195e-06
2011-01-24 22:00:00+00:00,2624.5072881805213,0.013829022988505857,1.3338745602942126e-05,1.0,998.5946405109412,0.013829022988505857,1243.3312445476615,1.3338745602942126e-05
2011-01-25 22:00:00+00:00,2628.3429277070913,0.0014614703277235908,4.446247841904949e-06,1.0,1000.0540569474716,0.0014614703277233687,1243.3367727065245,4.446247841904949e-06
2011-01-26 22:00:00+00:00,2642.1744763029055,0.0052624596471055884,4.4462478421269935e-06,1.0,1005.316801067082,0.0052624596471055884,1243.3423008899672,4.4462478421269935e-06
2011-01-27 22:00:00+00:00,2658.446886415628,0.006158718986450706,4.4462478421269935e-06,1.0,1011.5082647372119,0.006158718986450928,1243.3478290979895,4.4462478421269935e-06
2011-01-28 22:00:00+00:00,2591.032615948635,-0.0253585169639734,4.4462478421269935e-06,1.0,985.8579152466739,-0.02535851696397351,1243.3533573305915,4.4462478421269935e-06
2011-01-31 22:00:00+00:00,2603.5856180355922,0.004844787367665582,1.3338745602720081e-05,1.0,990.6341872207742,0.004844787367665582,1243.3699421047193,1.3338745602720081e-05
2011-02-01 22:00:00+00:00,2652.4028483737598,0.018750000000000044,4.179834807160887e-06,1.0,1009.2085782311636,0.018750000000000044,1243.3751391856815,4.179834807160887e-06
2011-02-02 22:00:00+00:00,2647.9860513431636,-0.001665205959684557,4.168251643399401e-06,1.0,1007.5280380921284,-0.001665205959684446,1243.3803218861487,4.168251643399401e-06
2011-02-03 22:00:00+00:00,2652.751542876175,0.0017996664033006482,4.168251642955312e-06,1.0,1009.3412524526664,0.0017996664033006482,1243.3855046082183,4.168251642955312e-06
2011-02-04 22:00:00+00:00,2667.5129434784308,0.005564562064584111,4.168251643177356e-06,1.0,1014.9577944962842,0.005564562064584111,1243.390687351891,4.168251643177356e-06
2011-02-07 22:00:00+00:00,2680.298408566998,0.004793028322439996,1.3327162437848372e-05,1.0,1019.8225159513862,0.004793028322439996,1243.4072582215551,1.3327162437848372e-05
2011-02-08 22:00:00+00:00,2697.7331336877724,0.0065047701647875655,3.913435286051481e-06,1.0,1026.4562270265253,0.0065047701647875655,1243.4121242153944,3.913435286051481e-06
2011-02-09 22:00:00+00:00,2693.316336657176,-0.0016372253339078657,4.1566690649474936e-06,1.0,1024.77568688749,-0.0016372253339077547,1243.417292668106,4.1566690649474936e-06
2011-02-10 22:00:00+00:00,2697.547163286484,0.0015708613844296337,4.43466467703324e-06,1.0,1026.385467441724,0.0015708613844294117,1243.4228068068526,4.43466467703324e-06
2011-02-11 22:00:00+00:00,2717.0275628214285,0.007221523241584649,4.179834807382932e-06,1.0,1033.7975339496793,0.007221523241584871,1243.428004108781,4.179834807382932e-06
2011-02-14 22:00:00+00:00,2723.5365268665178,0.0023956194387406704,1.1682392803358255e-05,1.0,1036.2741194177313,0.0023956194387406704,1243.4425303231476,1.1682392803358255e-05
2011-02-15 22:00:00+00:00,2719.8171188407528,-0.0013656538067599033,3.357511033863503e-06,1.0,1034.8589277217015,-0.0013656538067600144,1243.446705195163,3.357511033863503e-06
2011-02-16 22:00:00+00:00,2737.5307995634594,0.0065128205128206496,3.33434764043794e-06,1.0,1041.598778174043,0.0065128205128206496,1243.4508512787506,3.33434764043794e-06
2011-02-17 22:00:00+00:00,2736.5544549566957,-0.00035665155143438376,3.6007201400511946e-06,1.0,1041.227290353835,-0.00035665155143438376,1243.455328597274,3.6007201400511946e-06
2011-02-18 22:00:00+00:00,2730.510416914827,-0.002208630648997678,3.612301544553276e-06,1.0,1038.927603847787,-0.002208630648997567,1243.459820332878,3.612301544553276e-06
2011-02-22 22:00:00+00:00,2651.4729963673185,-0.028946024178443608,1.3348973721072355e-05,1.0,1008.8547803071563,-0.02894602417844372,1243.4764192453429,1.3348973721072355e-05
2011-02-23 22:00:00+00:00,2629.621474215948,-0.00824127652112927,2.5353111940962236e-06,1.0,1000.540529092982,-0.00824127652112916,1243.4795718450282,2.5353111940962236e-06
2011-02-24 22:00:00+00:00,2613.235943840513,-0.006231136509987967,2.7669024771359574e-06,0.0,1005.7590484720913,0.00521570014144257,1243.4830124317357,2.7669024771359574e-06
2011-02-25 22:00:00+00:00,2614.012218633103,0.00029705499590271245,3.3111865900270487e-06,1.0,1019.8225159513862,0.013982939055491972,1243.4871298360113,3.3111865900270487e-06
2011-02-28 22:00:00+00:00,2619.403477137795,0.0020624457935820573,1.0003044091932978e-05,1.0,1021.9258446096104,0.0020624457935820573,1243.4995684925987,1.0003044091932978e-05
2011-03-01 22:00:00+00:00,2577.2845534623693,-0.016079586074860375,3.600720139163016e-06,1.0,1005.4937000290859,-0.016079586074860264,1243.504045986538,3.600720139163016e-06
2011-03-02 22:00:00+00:00,2590.8873924144928,0.00527797325826862,3.6123015447753204e-06,1.0,1010.800668889197,0.00527797325826862,1243.5085378981241,3.6123015447753204e-06
2011-03-03 22:00:00+00:00,2641.898038484957,0.01968848442422133,4.1450870724712985e-06,1.0,1030.7018021146143,0.01968848442422111,1243.5136923492892,4.1450870724712985e-06
2011-03-04 22:00:00+00:00,2628.4085565241007,-0.0051059812923711645,3.901852123400218e-06,1.0,1025.439057995004,-0.0051059812923709424,1243.51854435583,3.901852123400218e-06
2011-03-07 22:00:00+00:00,2593.154532239847,-0.013412688144218698,1.0848487995485101e-05,1.0,1011.6851636992155,-0.01341268814421881,1243.5320346518306,1.0848487995485101e-05
2011-03-08 22:00:00+00:00,2603.5833754364753,0.0040216821122573965,3.6123015452194096e-06,1.0,1015.7538398253009,0.0040216821122573965,1243.536526664521,3.6123015452194096e-06
2011-03-09 22:00:00+00:00,2576.2561299056824,-0.010496013221090617,3.345929044495932e-06,0.0,1008.8547803071563,-0.006792058516196464,1243.5406874495034,3.345929044495932e-06
2011-03-10 22:00:00+00:00,2576.264033830248,3.067988649796405e-06,3.0679886504625387e-06,0.0,993.110772688826,-0.015605821497457484,1243.544502618219,3.0679886504625387e-06
2011-03-11 22:00:00+00:00,2576.271907943823,3.0564078337125267e-06,3.056407833046393e-06,0.0,999.302236358956,0.006234413965087393,1243.5483033973776,3.056407833046393e-06
2011-03-14 21:00:00+00:00,2576.293113900782,8.231257303759065e-06,8.23125730353702e-06,0.0,995.7642571188817,-0.0035404496371039818,1243.5585393634321,8.23125730353702e-06
2011-03-15 21:00:00+00:00,2576.298899821478,2.245831681513266e-06,2.2458316817353108e-06,0.0,981.612340158585,-0.014212115828743932,1243.5613321865978,2.2458316817353108e-06
2011-03-16 21:00:00+00:00,2576.304626091434,2.2226729812224733e-06,2.222672981444518e-06,0.0,957.9078792500878,-0.024148495224364797,1243.5640962167718,2.222672981444518e-06
2011-03-17 21:00:00+00:00,2576.311038491614,2.488991447391342e-06,2.4889914476133868e-06,0.0,966.7528273502733,0.009233610341643494,1243.5671914371717,2.4889914476133868e-06
2011-03-18 21:00:00+00:00,2576.3181668930088,2.766902477358002e-06,2.7669024771359574e-06,0.0,964.5567172650979,-0.002271635544314532,1243.570632266314,2.7669024771359574e-06
2011-03-21 21:00:00+00:00,2576.3396416570044,8.335447178708932e-06,8.335447178486888e-06,0.0,983.1569845401823,0.01928374655647369,1243.5809979836322,8.335447178486888e-06
2011-03-22 21:00:00+00:00,2576.3454276821944,2.2458316817353108e-06,2.245831681513266e-06,0.0,981.2969578126739,-0.0018918918918918726,1243.583790857236,2.245831681513266e-06
2011-03-23 21:00:00+00:00,2576.3504679619937,1.9563680184742083e-06,1.956368018030119e-06,0.0,986.8770379951992,0.005686433793663737,1243.586223764792,1.956368018030119e-06
2011-03-24 21:00:00+00:00,2576.3575368105617,2.7437449430234295e-06,2.743744943911608e-06,0.0,1004.4144328545647,0.017770597738287597,1243.5896358482057,2.743744943911608e-06
2011-03-25 21:00:00+00:00,2576.3646951739192,2.7784821226006784e-06,2.778482122156589e-06,0.0,1006.8944684912426,0.0024691358024691024,1243.5930911397763,2.778482122156589e-06
2011-03-28 21:00:00+00:00,2576.3840521537,7.513291816474421e-06,7.513291816474421e-06,0.0,1001.4029610100272,-0.0054539057002110924,1243.602434617571,7.513291816474421e-06
2011-03-29 21:00:00+00:00,2576.3904945836725,2.5005705057701277e-06,2.5005705059921723e-06,0.0,1011.145958154119,0.009729347249248121,1243.60554433314,2.5005705059921723e-06
2011-03-30 21:00:00+00:00,2575.8145742605493,-0.00022353766804139585,2.5005705057701277e-06,1.0,1015.928884024855,0.004730203223545892,1243.608654056485,2.5005705057701277e-06
2011-03-31 21:00:00+00:00,2579.4076896213314,0.001394943330427223,3.0332479556971492e-06,1.0,1017.3460472458139,0.001394943330427223,1243.6124262298927,3.0332479556971492e-06
2011-04-01 21:00:00+00:00,2580.7551078816246,0.0005223750652969539,2.7900623524867996e-06,1.0,1017.8774834536734,0.0005223750652969539,1243.6158959861043,2.7900623524867996e-06
2011-04-04 21:00:00+00:00,2572.2214588997676,-0.0033066481030281647,8.335447178708932e-06,1.0,1014.5117208038963,-0.0033066481030281647,1243.6262620807158,8.335447178708932e-06
2011-04-05 21:00:00+00:00,2565.484367598301,-0.002619172341540188,2.512150149458492e-06,1.0,1011.8545397645984,-0.002619172341540188,1243.629386256616,2.512150149458492e-06
2011-04-06 21:00:00+00:00,2571.7723194796695,0.002450980392156854,1.967947075076637e-06,1.0,1014.3345754012763,0.002450980392156854,1243.6318336534293,1.967947075076637e-06
2011-04-07 21:00:00+00:00,2569.9757617992786,-0.0006985679357317531,1.6784980909623215e-06,1.0,1013.625993790797,-0.0006985679357316421,1243.6339210870879,1.6784980909623215e-06
2011-04-08 21:00:00+00:00,2544.2550913484392,-0.010008137365790537,1.933211662530354e-06,0.0,1008.843067920061,-0.004718629849702838,1243.636325294688,1.933211662530354e-06
2011-04-11 21:00:00+00:00,2544.267844016933,5.012338792909077e-06,5.012338792909077e-06,0.0,1005.4773052702838,-0.0033362598770851903,1243.6425588212855,5.012338792909077e-06
2011-04-12 21:00:00+00:00,2544.2707301778837,1.1343777965855395e-06,1.1343777972516733e-06,0.0,998.5686345681095,-0.006871035940803405,1243.643969581792,1.1343777972516733e-06
2011-04-13 21:00:00+00:00,2544.2735574320423,1.1112237880972486e-06,1.1112237885413379e-06,0.0,1007.0716138938625,0.008515167642363153,1243.6453515485553,1.1112237885413379e-06
2011-04-14 21:00:00+00:00,2544.277062138945,1.3774882392514343e-06,1.3774882390293897e-06,0.0,1005.3001598676639,-0.0017590149516272247,1243.6470646554005,1.3774882390293897e-06
2011-04-15 21:00:00+00:00,2544.28059630504,1.3890649519510134e-06,1.3890649519510134e-06,0.0,1003.5287058414654,-0.0017621145374449032,1243.6487921619507,1.3890649519510134e-06
2011-04-18 21:00:00+00:00,2544.293290188089,4.989183609582781e-06,4.989183609804826e-06,0.0,996.4428897366713,-0.007060900264783676,1243.6549969541209,4.989183609804826e-06
2011-04-19 21:00:00+00:00,2544.29820884555,1.9332116623083095e-06,1.9332116623083095e-06,0.0,1002.6429788283662,0.006222222222222129,1243.6574012024648,1.9332116623083095e-06
2011-04-20 21:00:00+00:00,2544.3031569701125,1.9447895476254473e-06,1.9447895476254473e-06,0.0,1025.2290176623974,0.02252650176678439,1243.6598198543795,1.9447895476254473e-06
2011-04-21 21:00:00+00:00,2544.3081051042973,1.944789547181358e-06,1.9447895476254473e-06,0.0,1033.4662788842206,0.008034557235421236,1243.662238510998,1.9447895476254473e-06
2011-04-25 21:00:00+00:00,2544.3250991974746,6.679259144437566e-06,6.679259144437566e-06,0.0,1036.1234599235183,0.002571134727459734,1243.670545253377,6.679259144437566e-06
2011-04-26 21:00:00+00:00,2544.329340384394,1.6669202063113175e-06,1.6669202067554068e-06,0.0,1041.9692582099733,0.0056419900837747505,1243.6726183529395,1.6669202067554068e-06
2011-04-27 21:00:00+00:00,2544.333581578384,1.6669202067554068e-06,1.6669202067554068e-06,0.0,1049.0550743147676,0.0068004080244816745,1243.6746914559576,1.6669202067554068e-06
2011-04-28 21:00:00+00:00,2544.338500313737,1.9332116623083095e-06,1.933211662530354e-06,0.0,1047.460765691189,-0.001519756838905706,1243.6770957423755,1.933211662530354e-06
2011-04-29 21:00:00+00:00,2544.343448516657,1.9447895474034027e-06,1.9447895476254473e-06,0.0,1046.5750386780896,-0.0008455944529004444,1243.679514432592,1.9447895476254473e-06
2011-05-02 21:00:00+00:00,2544.3562016280275,5.012338793131121e-06,5.012338792909077e-06,0.0,1044.6264392492712,-0.001861882193635811,1243.685748175668,5.012338792909077e-06
2011-05-03 21:00:00+00:00,2544.3590878892082,1.1343777961414503e-06,1.1343777972516733e-06,0.0,1039.6663679759154,-0.004748177039172519,1243.6871589851676,1.1343777972516733e-06
2011-05-04 21:00:00+00:00,2544.361915241551,1.1112237876531594e-06,1.1112237885413379e-06,0.0,1038.0720593523367,-0.0015334810018742262,1243.688540999924,1.1112237885413379e-06
2011-05-05 21:00:00+00:00,2544.365420070165,1.3774882390293897e-06,1.3774882390293897e-06,0.0,1032.4034064685013,-0.005460750853242491,1243.6902541662623,1.3774882390293897e-06
2011-05-06 21:00:00+00:00,2544.367599445217,8.56549548622354e-07,8.56549548622354e-07,0.0,1035.7691691182786,0.0032601235415237184,1243.691319448588,8.56549548622354e-07
2011-05-09 21:00:00+00:00,2544.3739608481837,2.500190211529585e-06,2.5001902117516295e-06,0.0,1039.6663679759154,0.0037626133059689426,1243.6944289134515,2.5001902117516295e-06
2011-05-10 21:00:00+00:00,2544.375403913444,5.671592631095734e-07,5.671592624434396e-07,0.0,1048.5236381069078,0.008519338899301232,1243.6951342862665,5.671592624434396e-07
2011-05-11 21:00:00+00:00,2544.3768175270056,5.555837236936867e-07,5.555837236936867e-07,0.0,1040.8178130929443,-0.0073492143943232335,1243.6958252630402,5.555837236936867e-07
2011-05-12 21:00:00+00:00,2544.3789085497447,8.21821172225512e-07,8.218211724475566e-07,0.0,1047.1064748859492,0.006042038975406339,1243.6968473586014,8.218211724475566e-07
2011-05-13 21:00:00+00:00,2544.3810290267625,8.333967125295771e-07,8.333967127516217e-07,0.0,1034.7062967025595,-0.011842327863305746,1243.6978838514656,8.333967127516217e-07
2011-05-16 21:00:00+00:00,2544.3873904633065,2.5001902117516295e-06,2.5001902117516295e-06,0.0,1016.7968964976924,-0.01730868002054442,1243.7009933327413,2.5001902117516295e-06
2011-05-17 21:00:00+00:00,2544.3888335361826,5.671592626654842e-07,5.671592624434396e-07,0.0,1019.648937479872,0.0028049269151029232,1243.7016987092793,5.671592624434396e-07
2011-05-18 21:00:00+00:00,2544.3909245687964,8.21821172225512e-07,8.218211726696012e-07,0.0,1028.151916805625,0.008339124391938846,1243.7027208096677,8.218211726696012e-07
2011-05-19 21:00:00+00:00,2544.3937225023305,1.0996476631497387e-06,1.0996476622615603e-06,0.0,1031.1633886501625,0.0029290144727773804,1243.704088444457,1.0996476622615603e-06
2011-05-20 21:00:00+00:00,2544.3965498931643,1.1112237892074717e-06,1.1112237885413379e-06,0.0,1023.280418233579,-0.007644734581687018,1243.705470478026,1.1112237885413379e-06
2011-05-23 21:00:00+00:00,2544.4071234341504,4.155618347434498e-06,4.155618347656542e-06,0.0,1008.3116317122015,-0.014628235090452635,1243.710638843298,4.155618347656542e-06
2011-05-24 21:00:00+00:00,2544.410657780909,1.3890649519510134e-06,1.389064952173058e-06,0.0,1002.1115426205065,-0.0061489810260014766,1243.7123664381572,1.389064952173058e-06
2011-05-25 21:00:00+00:00,2544.4141921325768,1.3890649519510134e-06,1.3890649519510134e-06,0.0,1006.0087414781433,0.003888987095633789,1243.7140940354157,1.3890649519510134e-06
2011-05-26 21:00:00+00:00,2544.418404010563,1.6553429071919368e-06,1.6553429071919368e-06,0.0,1012.2354023802311,0.006189469977108564,1243.71615280872,1.6553429071919368e-06
2011-05-27 21:00:00+00:00,2544.422645353015,1.6669202067554068e-06,1.6669202067554068e-06,0.0,1017.3460472458139,0.005048869910660336,1243.7182259843066,1.6669202067554068e-06
2011-05-31 21:00:00+00:00,2544.439610752204,6.667681259564517e-06,6.667681259786562e-06,0.0,1033.8205696894602,0.01619362702420335,1243.7265187010144,6.667681259786562e-06
2011-06-01 21:00:00+00:00,2544.4431746018254,1.4006422499601712e-06,1.4006422499601712e-06,0.0,1011.3231035567389,-0.021761480466072625,1243.7282607169238,1.4006422499601712e-06
2011-06-02 21:00:00+00:00,2544.4467089986615,1.3890649519510134e-06,1.3890649519510134e-06,0.0,1013.4488483881771,0.0021019442984759884,1243.7299883362605,1.3890649519510134e-06
2011-06-03 21:00:00+00:00,2544.4509209304747,1.6553429074139814e-06,1.6553429074139814e-06,0.0,998.2143437628698,-0.01503233700402029,1243.7320471358753,1.6553429074139814e-06
2011-06-06 21:00:00+00:00,2544.46155361165,4.1787723581432346e-06,4.178772358365279e-06,0.0,990.0656552423566,-0.008163265306122436,1243.7372444089751,4.178772358365279e-06
2011-06-07 21:00:00+00:00,2544.464410534353,1.1228004994645602e-06,1.1228005003527386e-06,0.0,988.2942012161581,-0.001789228842368873,1243.7386408777754,1.1228005003527386e-06
2011-06-08 21:00:00+00:00,2544.467238003734,1.1112237880972486e-06,1.1112237885413379e-06,0.0,981.2083851113639,-0.007169743681663454,1243.7400229497398,1.1112237885413379e-06
2011-06-09 21:00:00+00:00,2544.47074297743,1.3774882392514343e-06,1.3774882392514343e-06,0.0,982.8912664362525,0.001715111030871963,1243.741736186994,1.3774882392514343e-06
2011-06-10 21:00:00+00:00,2544.47427741256,1.3890649517289688e-06,1.3890649519510134e-06,0.0,967.922479914875,-0.015229341263404472,1243.743463825049,1.3890649519510134e-06
2011-06-13 21:00:00+00:00,2544.4827893105776,3.345248208441731e-06,3.3452482082196866e-06,0.0,967.922479914875,0.0,1243.7476244556428,3.3452482082196866e-06
2011-06-14 21:00:00+00:00,2544.4862943056946,1.3774882392514343e-06,1.3774882392514343e-06,0.0,980.3226580982647,0.012811127379209308,1243.7493377033682,1.3774882392514343e-06
2011-06-15 21:00:00+00:00,2544.489828762427,1.3890649519510134e-06,1.3890649519510134e-06,0.0,961.7223908231801,-0.018973617636429352,1243.751065351982,1.3890649519510134e-06
2011-06-16 21:00:00+00:00,2544.4933632240686,1.3890649519510134e-06,1.3890649519510134e-06,0.0,958.0023373681632,-0.0038681156750782764,1243.752793002996,1.3890649519510134e-06
2011-06-17 21:00:00+00:00,2544.49689769062,1.3890649519510134e-06,1.389064952173058e-06,0.0,954.9791008608349,-0.0031557715356246296,1243.7545206564098,1.389064952173058e-06
2011-06-20 21:00:00+00:00,2544.5075011055224,4.167195060134077e-06,4.167195059912032e-06,0.0,959.9501763068478,0.00520542851831185,1243.759703624104,4.167195059912032e-06
2011-06-21 21:00:00+00:00,2544.5110355917127,1.389064952173058e-06,1.3890649519510134e-06,0.0,980.544631726044,0.021453671167005695,1243.761431287117,1.3890649519510134e-06
2011-06-22 21:00:00+00:00,2544.513892569974,1.1228004992425156e-06,1.1228004999086494e-06,0.0,973.4608492154757,-0.00722433460076044,1243.7628277830738,1.1228004999086494e-06
2011-06-23 21:00:00+00:00,2544.5160426150987,8.449728379211763e-07,8.449728379211763e-07,0.0,982.4975542226921,0.009283069796283128,1243.7638787288802,8.449728379211763e-07
2011-06-24 21:00:00+00:00,2544.5181632064036,8.333967125295771e-07,8.333967125295771e-07,0.0,965.4538669792192,-0.017347307553306934,1243.7649152776078,8.333967125295771e-07
2011-06-27 21:00:00+00:00,2544.5224337392833,1.6783267422493253e-06,1.67832674247137e-06,0.0,980.8109393392233,0.015906583302684796,1243.7670027215265,1.67832674247137e-06
2011-06-28 21:00:00+00:00,2544.523170021718,2.893597734754394e-07,2.893597734754394e-07,0.0,995.4578580640828,0.014933478142818313,1243.7673626176647,2.893597734754394e-07
2011-06-29 21:00:00+00:00,2544.5245542646376,5.440087698094231e-07,5.440087695873785e-07,0.0,999.5412414661647,0.004102015337970277,1243.7680392380173,5.440087695873785e-07
2011-06-30 21:00:00+00:00,2544.5259679610645,5.555837236936867e-07,5.555837236936867e-07,0.0,1012.8566221251278,0.013321492007104752,1243.7687302552958,5.555837236936867e-07
2011-07-01 21:00:00+00:00,2544.5280591063793,8.218211726696012e-07,8.21821172225512e-07,0.0,1028.1249252807388,0.015074496056091125,1243.7697524107718,8.21821172225512e-07
2011-07-05 21:00:00+00:00,2544.5337433542823,2.2339104819302236e-06,2.233910482152268e-06,0.0,1033.2735391355382,0.005007770678639556,1243.772530881059,2.233910482152268e-06
2011-07-06 21:00:00+00:00,2544.5358345059863,8.21821172225512e-07,8.21821172225512e-07,0.0,1036.6467689024753,0.00326460481099633,1243.7735530396585,8.21821172225512e-07
2011-07-07 21:00:00+00:00,2544.5372776630534,5.671592624434396e-07,5.671592624434396e-07,0.0,1050.8498416053694,0.013700976194553904,1243.7742584573496,5.671592624434396e-07
2011-07-08 21:00:00+00:00,2544.538691366549,5.555837234716421e-07,5.555837234716421e-07,0.0,1048.0092270647906,-0.0027031593174523527,1243.7749494780833,5.555837234716421e-07
2011-07-11 21:00:00+00:00,2544.540841322151,8.449294206513969e-07,8.449294206513969e-07,0.0,1029.01261732467,-0.01812637641877013,1243.7760003801309,8.449294206513969e-07
2011-07-12 21:00:00+00:00,2544.5429030267433,8.1024621745307e-07,8.102462176751146e-07,0.0,1021.2009273380781,-0.007591442374051183,1243.7770081449307,8.102462176751146e-07
2011-07-13 21:00:00+00:00,2544.545023640434,8.333967127516217e-07,8.333967125295771e-07,0.0,1025.4618491489464,0.004172461752433909,1243.7780447046005,8.333967125295771e-07
2011-07-14 21:00:00+00:00,2544.5471442558924,8.333967127516217e-07,8.333967127516217e-07,0.0,1013.5667757602727,-0.011599722991689765,1243.7790812651344,8.333967127516217e-07
2011-07-15 21:00:00+00:00,2544.5492648731174,8.333967125295771e-07,8.333967125295771e-07,0.0,1027.059694828022,0.013312313890348593,1243.780117826532,8.333967125295771e-07
2011-07-18 21:00:00+00:00,2544.551444292181,8.565049589570606e-07,8.56504958735016e-07,0.0,1021.5560041556505,-0.00535868625756275,1243.7811831303704,8.56504958735016e-07
2011-07-19 21:00:00+00:00,2544.552151129947,2.7778482047935427e-07,2.7778482047935427e-07,0.0,1044.8135357066394,0.02276677094195345,1243.7815286339032,2.7778482047935427e-07
2011-07-20 21:00:00+00:00,2544.553535388631,5.440087693653339e-07,5.440087695873785e-07,0.0,1040.375075486985,-0.004248088360237934,1243.7822052619622,5.440087695873785e-07
2011-07-21 21:00:00+00:00,2544.5549491011584,5.555837232495975e-07,5.555837236936867e-07,0.0,1047.299073429646,0.006655290102389078,1243.7828962871113,5.555837236936867e-07
2011-07-22 21:00:00+00:00,2544.55704027029,8.218211724475566e-07,8.218211724475566e-07,0.0,1058.1289163656024,0.01034073571791816,1243.7839184542295,8.218211724475566e-07
2011-07-25 21:00:00+00:00,2544.561310868418,1.6783267422493253e-06,1.6783267420272807e-06,0.0,1055.9984554601683,-0.002013422818792021,1243.7860059300413,1.6783267420272807e-06
2011-07-26 21:00:00+00:00,2544.5647570608558,1.3543365700030563e-06,1.354336569558967e-06,0.0,1058.572762387568,0.002437794216543443,1243.7876904349139,1.354336569558967e-06
2011-07-27 21:00:00+00:00,2544.568291626578,1.3890649519510134e-06,1.3890649517289688e-06,0.0,1031.3206166388902,-0.02574423480083854,1243.7894181368022,1.3890649517289688e-06
2011-07-28 21:00:00+00:00,2544.5718261972097,1.3890649519510134e-06,1.3890649519510134e-06,0.0,1033.0960007267518,0.0017214666896192554,1243.7911458410906,1.3890649519510134e-06
2011-07-29 21:00:00+00:00,2544.576715933868,1.9216343620787057e-06,1.921634362522795e-06,0.0,1029.7227709598146,-0.0032651658360540736,1243.7935359528963,1.921634362522795e-06
2011-08-01 21:00:00+00:00,2544.593653758617,6.656440987962142e-06,6.656440988850321e-06,0.0,1024.9292339225879,-0.004655172413793096,1243.8018151911706,6.656440988850321e-06
2011-08-02 21:00:00+00:00,2544.598631920261,1.9563680184742083e-06,1.956368019140342e-06,0.0,999.0086262398063,-0.025290143772735196,1243.804248525264,1.956368019140342e-06
2011-08-03 21:00:00+00:00,2544.605613649892,2.743744943911608e-06,2.7437449436895633e-06,0.0,1008.5957003142597,0.009596587879864948,1243.807661206882,2.7437449436895633e-06
2011-08-04 21:00:00+00:00,2544.6126837910974,2.778482122156589e-06,2.778482122378634e-06,0.0,961.7255603947095,-0.04647069177961627,1243.8111171042322,2.778482122378634e-06
2011-08-05 21:00:00+00:00,2544.617043311263,1.7132352569948495e-06,1.713235257216894e-06,0.0,955.6892544959795,-0.006276536828502932,1243.8132480452912,1.713235257216894e-06
2011-08-08 21:00:00+00:00,2544.621402384974,1.713056871244234e-06,1.713056871244234e-06,0.0,898.166810049259,-0.0601894854170536,1243.8153787681224,1.713056871244234e-06
2011-08-09 21:00:00+00:00,2544.6228161352074,5.555837234716421e-07,5.555837234716421e-07,0.0,941.4861817930856,0.048230875667127915,1243.816069811702,5.555837234716421e-07
2011-08-10 21:00:00+00:00,2544.6235524466892,2.893597734754394e-07,2.893597734754394e-07,0.0,902.9603470864856,-0.040920233829907615,1243.816429722038,2.893597734754394e-07
2011-08-11 21:00:00+00:00,2544.626969269515,1.3427616130101683e-06,1.3427616130101683e-06,0.0,942.7289506545889,0.044042469524184114,1243.8180998709936,1.3427616130101683e-06
2011-08-12 21:00:00+00:00,2544.629148868597,8.56549548622354e-07,8.565495484003094e-07,0.0,951.073255867539,0.008851224105461464,1243.8191652628252,8.565495484003094e-07
2011-08-15 21:00:00+00:00,2544.6334195877475,1.6783267426934145e-06,1.6783267422493253e-06,0.0,965.0987901616469,0.014747059921597971,1243.8212527977928,1.6783267422493253e-06
2011-08-16 21:00:00+00:00,2544.6355108213675,8.21821172225512e-07,8.218211724475566e-07,0.0,956.9320233574828,-0.008462104488594635,1243.822274996433,8.218211724475566e-07
2011-08-17 21:00:00+00:00,2544.6369540349665,5.67159262221395e-07,5.671592624434396e-07,0.0,951.2507942763252,-0.005936920222634479,1243.8229804417572,5.671592624434396e-07
2011-08-18 21:00:00+00:00,2544.63836779384,5.555837234716421e-07,5.555837236936867e-07,0.0,904.5581927655612,-0.04908547965658827,1243.8236714895602,5.555837236936867e-07
2011-08-19 21:00:00+00:00,2544.6404590315265,8.21821172225512e-07,8.218211724475566e-07,0.0,888.2246591572332,-0.018056918547595613,1243.8246936901883,8.218211724475566e-07
2011-08-22 21:00:00+00:00,2544.642638528698,8.565049589570606e-07,8.565049589570606e-07,0.0,891.4203505153843,0.00359784129522267,1243.8257590322064,8.565049589570606e-07
2011-08-23 21:00:00+00:00,2544.6433453917966,2.7778482047935427e-07,2.7778482070139887e-07,0.0,928.1708011341225,0.04122684724158532,1243.826104548122,2.7778482070139887e-07
2011-08-24 21:00:00+00:00,2544.6447297000923,5.440087698094231e-07,5.440087698094231e-07,0.0,935.4498758943556,0.007842387146136165,1243.826781200431,5.440087698094231e-07
2011-08-25 21:00:00+00:00,2544.6454660179147,2.893597734754394e-07,2.893597734754394e-07,0.0,920.1815727387445,-0.01632188271019175,1243.8271411138667,2.893597734754394e-07
2011-08-26 21:00:00+00:00,2544.646172881799,2.7778482070139887e-07,2.7778482070139887e-07,0.0,943.2615658809474,0.02508199884236939,1243.827486630166,2.7778482070139887e-07
2011-08-29 21:00:00+00:00,2544.650384719708,1.6551762496153088e-06,1.6551762493932642e-06,0.0,969.5372503813012,0.027856201769245192,1243.8295453838803,1.6551762493932642e-06
2011-08-30 21:00:00+00:00,2544.651121039167,2.893597732533948e-07,2.893597734754394e-07,0.0,975.9286330976036,0.006592199230910145,1243.8299052981158,2.893597734754394e-07
2011-08-31 21:00:00+00:00,2544.6518279046218,2.7778482047935427e-07,2.7778482025730966e-07,0.0,977.5264787766791,0.0016372566854647719,1243.8302508151826,2.7778482025730966e-07
2011-09-01 21:00:00+00:00,2544.6532122175327,5.440087700314677e-07,5.440087698094231e-07,0.0,968.6495583373704,-0.009081002542680738,1243.8309274697472,5.440087698094231e-07
2011-09-02 21:00:00+00:00,2544.6539485378094,2.893597732533948e-07,2.89359773697484e-07,0.0,945.92464201274,-0.02346041055718473,1243.831287384383,2.89359773697484e-07
2011-09-06 21:00:00+00:00,2544.659574156944,2.210759988852118e-06,2.2107599890741625e-06,0.0,946.1021804215261,0.000187687687687621,1243.8340371968263,2.2107599890741625e-06
2011-09-07 21:00:00+00:00,2544.6609879283847,5.555837232495975e-07,5.555837234716421e-07,0.0,970.0698656076597,0.02533308313004312,1243.834728250772,5.555837234716421e-07
2011-09-08 21:00:00+00:00,2544.6624017006106,5.555837232495975e-07,5.555837234716421e-07,0.0,965.6314053880054,-0.00457540263543188,1243.8354193051018,5.555837234716421e-07
2011-09-09 21:00:00+00:00,2544.6638154736224,5.555837232495975e-07,5.555837236936867e-07,0.0,944.1492579248783,-0.022246736532450795,1243.8361103598158,5.555837236936867e-07
2011-09-12 21:00:00+00:00,2544.6680567950984,1.6667512030554832e-06,1.6667512032775278e-06,0.0,956.221869722338,0.012786761940579039,1243.8381835251496,1.6667512032775278e-06
2011-09-13 21:00:00+00:00,2544.6694705712525,5.555837234716421e-07,5.555837232495975e-07,0.0,969.0046351549427,0.013367991088006015,1243.8388745813988,5.555837232495975e-07
2011-09-14 21:00:00+00:00,2544.6702068962336,2.893597732533948e-07,2.893597734754394e-07,0.0,982.8526310402643,0.014290949065591807,1243.8392344983338,2.893597734754394e-07
2011-09-15 21:00:00+00:00,2544.67091376699,2.7778482047935427e-07,2.7778482047935427e-07,0.0,997.4107805607307,0.014812138728323765,1243.8395800179924,2.7778482047935427e-07
2011-09-16 21:00:00+00:00,2544.671620637943,2.7778482047935427e-07,2.7778482047935427e-07,0.0,1006.5524412072127,0.009165391857247407,1243.8399255377467,2.7778482047935427e-07
2011-09-19 21:00:00+00:00,2544.6737412514067,8.333544676553117e-07,8.333544676553117e-07,0.0,1006.9081762986448,0.00035341933203736353,1243.8409620973057,8.333544676553117e-07
2011-09-20 21:00:00+00:00,2544.674448123145,2.7778482047935427e-07,2.7778482070139887e-07,0.0,1002.4614876557432,-0.004416180886769094,1243.8413076174443,2.7778482070139887e-07
2011-09-21 21:00:00+00:00,2544.6751549950795,2.7778482047935427e-07,2.7778482070139887e-07,0.0,985.0304681755689,-0.01738821859474793,1243.8416531376788,2.7778482070139887e-07
2011-09-22 21:00:00+00:00,2544.6758618672106,2.7778482047935427e-07,2.7778482070139887e-07,0.0,953.014309946677,-0.03250270855904669,1243.8419986580093,2.7778482070139887e-07
2011-09-23 21:00:00+00:00,2544.676568739538,2.7778482047935427e-07,2.7778482047935427e-07,0.0,963.1527600524928,0.010638297872340496,1243.8423441784355,2.7778482047935427e-07
2011-09-26 21:00:00+00:00,2544.6786893571257,8.333544676553117e-07,8.333544678773563e-07,0.0,974.3584154326049,0.011634349030470892,1243.8433807400104,8.333544678773563e-07
2011-09-27 21:00:00+00:00,2544.67871881017,1.1574366576283524e-08,1.1574366576283524e-08,0.0,984.4968655384206,0.010405257393209189,1243.8433951367097,1.1574366576283524e-08
2011-09-28 21:00:00+00:00,2544.6793962302436,2.662104527928477e-07,2.662104527928477e-07,0.0,969.9117267897033,-0.014814814814814836,1243.8437262608231,2.662104527928477e-07
2011-09-29 21:00:00+00:00,2544.6807805581516,5.440087698094231e-07,5.440087698094231e-07,0.0,958.3503363181591,-0.011920044012470155,1243.8444029227185,5.440087698094231e-07
2011-09-30 21:00:00+00:00,2544.6815168864055,2.893597732533948e-07,2.893597734754394e-07,0.0,933.626747463626,-0.02579806978470678,1243.8447628412532,2.893597734754394e-07
2011-10-03 21:00:00+00:00,2544.6857287828143,1.6551762493932642e-06,1.6551762493932642e-06,0.0,909.6146287919572,-0.025719184606591727,1243.8468216235626,1.6551762493932642e-06
2011-10-04 21:00:00+00:00,2544.6871425687864,5.555837234716421e-07,5.555837236936867e-07,0.0,928.2907210921439,0.020531873289010516,1243.8475126846115,5.555837236936867e-07
2011-10-05 21:00:00+00:00,2544.6885563555443,5.555837234716421e-07,5.555837234716421e-07,0.0,952.1249722180968,0.0256754167465032,1243.848203746044,5.555837234716421e-07
2011-10-06 21:00:00+00:00,2544.6899701430875,5.555837234716421e-07,5.555837234716421e-07,0.0,968.1330513325427,0.01681300205492242,1243.8488948078605,5.555837234716421e-07
2011-10-07 21:00:00+00:00,2544.6907064740008,2.893597734754394e-07,2.893597734754394e-07,0.0,961.7298196867642,-0.0066139996325556005,1243.8492547276949,2.893597734754394e-07
2011-10-10 21:00:00+00:00,2544.6907359271836,1.1574366576283524e-08,1.1574366576283524e-08,0.0,994.9910507356684,0.03458479748474197,1243.8492691244621,1.1574366576283524e-08
2011-10-11 21:00:00+00:00,2544.6907359271836,0.0,0.0,0.0,1001.750017472879,0.006792992491955863,1243.8492691244621,0.0
2011-10-12 21:00:00+00:00,2544.691413350457,2.662104530148923e-07,2.6621045323693693e-07,0.0,1006.7303087529287,0.004971590909090828,1243.8496002501397,2.6621045323693693e-07
2011-10-13 21:00:00+00:00,2544.6921202271046,2.7778482047935427e-07,2.7778482070139887e-07,0.0,1015.9794211301642,0.009187279151943395,1243.8499457726778,2.7778482070139887e-07
2011-10-14 21:00:00+00:00,2544.6935045619343,5.440087698094231e-07,5.440087695873785e-07,0.0,1034.833380976067,0.01855742296918761,1243.8506224379564,5.440087695873785e-07
2011-10-17 21:00:00+00:00,2544.6977459328955,1.6667512034995724e-06,1.6667512032775278e-06,0.0,1018.8253018616213,-0.015469233413544115,1243.8526956274782,1.6667512032775278e-06
2011-10-18 21:00:00+00:00,2544.699159725545,5.555837236936867e-07,5.555837234716421e-07,0.0,1031.4538976074618,0.0123952513966481,1243.8533866917903,5.555837234716421e-07
2011-10-19 21:00:00+00:00,2544.70057351898,5.555837236936867e-07,5.555837234716421e-07,0.0,1011.5327324872625,-0.019313674771512357,1243.8540777564863,5.555837234716421e-07
2011-10-20 21:00:00+00:00,2544.703342336731,1.0880721212913613e-06,1.0880721212913613e-06,0.0,1006.5524412072127,-0.004923509759099609,1243.8554311594312,1.0880721212913613e-06
2011-10-21 21:00:00+00:00,2544.7061700716204,1.1112237887633825e-06,1.1112237885413379e-06,0.0,1019.1810369530533,0.012546386287329847,1243.856813361176,1.1112237885413379e-06
2011-10-24 21:00:00+00:00,2544.712561778916,2.5117663371432286e-06,2.511766336921184e-06,0.0,1040.3472748932652,0.02076788830715537,1243.8599376388477,2.511766336921184e-06
2011-10-25 21:00:00+00:00,2544.7146825339996,8.333967125295771e-07,8.333967127516217e-07,0.0,1019.8925071359176,-0.019661480594973524,1243.8609742676308,8.333967127516217e-07
2011-10-26 21:00:00+00:00,2544.716125792502,5.671592624434396e-07,5.671592624434396e-07,0.0,1018.6474343159052,-0.0012207882804324832,1243.8616797349036,5.671592624434396e-07
2011-10-27 21:00:00+00:00,2544.7175395953627,5.555837234716421e-07,5.555837236936867e-07,0.0,1046.7505065390435,0.027588615330888855,1243.8623708042073,5.555837236936867e-07
2011-10-28 21:00:00+00:00,2544.718275934253,2.893597732533948e-07,2.893597734754394e-07,0.0,1048.351314450488,0.0015293118096855185,1243.8627307279412,2.893597734754394e-07
2011-10-31 21:00:00+00:00,2544.7224878915054,1.6551762496153088e-06,1.6551762493932642e-06,0.0,1030.7424274245975,-0.01679674244994911,1243.8647895399906,1.6551762493932642e-06
2011-11-01 21:00:00+00:00,2544.723901697901,5.555837236936867e-07,5.555837236936867e-07,0.0,1003.8844280214716,-0.02605694564279548,1243.8654806110221,5.555837236936867e-07
2011-11-02 21:00:00+00:00,2544.7246380386327,2.893597734754394e-07,2.893597734754394e-07,0.0,1012.4220702158428,0.00850460666194186,1243.8658405356557,2.893597734754394e-07
2011-11-03 21:00:00+00:00,2544.7253449245095,2.7778482047935427e-07,2.7778482047935427e-07,0.0,1033.4104406103386,0.02073085031623334,1243.8661860627049,2.7778482047935427e-07
2011-11-04 21:00:00+00:00,2544.7260518105827,2.7778482047935427e-07,2.7778482070139887e-07,0.0,1028.0744142388564,-0.005163511187607717,1243.8665315898504,2.7778482070139887e-07
2011-11-07 22:00:00+00:00,2544.7282019230024,8.449288355638629e-07,8.449288355638629e-07,0.0,1035.3669836132153,0.007093425605536607,1243.8675825685505,8.449288355638629e-07
2011-11-08 22:00:00+00:00,2544.728908809869,2.7778482047935427e-07,2.7778482047935427e-07,0.0,1047.2841091761916,0.011510049819618562,1243.8679280960837,2.7778482047935427e-07
2011-11-09 22:00:00+00:00,2544.7296156969323,2.7778482047935427e-07,2.7778482047935427e-07,0.0,1010.4655272129662,-0.03515624999999989,1243.8682736237129,2.7778482047935427e-07
2011-11-10 22:00:00+00:00,2544.7303225841915,2.7778482047935427e-07,2.7778482070139887e-07,0.0,1009.9319245758179,-0.0005280760429502429,1243.8686191514382,2.7778482070139887e-07
2011-11-11 22:00:00+00:00,2544.731029471647,2.7778482047935427e-07,2.7778482070139887e-07,0.0,1028.963751967437,0.018844663613948764,1243.8689646792595,2.7778482070139887e-07
2011-11-14 22:00:00+00:00,2544.73315013462,8.333544676553117e-07,8.333544678773563e-07,0.0,1022.5605203216586,-0.006222990492653513,1243.8700012630186,8.333544678773563e-07
2011-11-15 22:00:00+00:00,2544.7338570228612,2.7778482047935427e-07,2.7778482047935427e-07,0.0,1033.9440432474867,0.011132370847103834,1243.8703467912237,2.7778482047935427e-07
2011-11-16 22:00:00+00:00,2544.734563911299,2.7778482047935427e-07,2.7778482025730966e-07,0.0,1016.8687588587445,-0.016514708412179502,1243.8706923195246,2.7778482025730966e-07
2011-11-17 22:00:00+00:00,2544.7352707999335,2.7778482070139887e-07,2.7778482047935427e-07,0.0,993.0345077327917,-0.023438866538394332,1243.8710378479216,2.7778482047935427e-07
2011-11-18 22:00:00+00:00,2544.7359776887633,2.7778482025730966e-07,2.7778482070139887e-07,0.0,985.386203267001,-0.0077019523553644165,1243.8713833764148,2.7778482070139887e-07
2011-11-21 22:00:00+00:00,2544.738098355859,8.333544676553117e-07,8.333544676553117e-07,0.0,966.5322434210981,-0.019133574007220155,1243.8724199621893,8.333544676553117e-07
2011-11-22 22:00:00+00:00,2544.739482715701,5.440087695873785e-07,5.440087695873785e-07,0.0,969.7338592439872,0.0033124769966874634,1243.873096639694,5.440087695873785e-07
2011-11-23 22:00:00+00:00,2544.740219060941,2.893597734754394e-07,2.893597734754394e-07,0.0,947.8561511209111,-0.02256052824651511,1243.8734565665316,2.893597734754394e-07
2011-11-25 22:00:00+00:00,2544.7430172382155,1.0995925059376077e-06,1.0995925059376077e-06,0.0,940.5635817465526,-0.0076937511728277785,1243.8748243204627,1.0995925059376077e-06
2011-11-28 22:00:00+00:00,2544.747258691702,1.6667512034995724e-06,1.6667512032775278e-06,0.0,973.2912101583084,0.03479576399394846,1243.8768975503228,1.6667512032775278e-06
2011-11-29 22:00:00+00:00,2544.7486725118597,5.555837236936867e-07,5.555837234716421e-07,0.0,967.2437136039623,-0.006213450292397615,1243.8775886280812,5.555837234716421e-07
2011-11-30 22:00:00+00:00,2544.7500863328028,5.555837236936867e-07,5.555837236936867e-07,0.0,1002.9950902928914,0.03696211842589192,1243.8782797062236,5.555837236936867e-07
2011-12-01 22:00:00+00:00,2544.752177662302,8.218211724475566e-07,8.218211724475566e-07,0.0,1009.9319245758179,0.006916119879411209,1243.8793019517298,8.218211724475566e-07
2011-12-02 22:00:00+00:00,2544.753620942071,5.671592626654842e-07,5.671592624434396e-07,0.0,1007.0860438443608,-0.002817893624515677,1243.8800074293972,5.671592624434396e-07
2011-12-05 22:00:00+00:00,2544.7557710792735,8.449294206513969e-07,8.449294206513969e-07,0.0,1018.1138316787569,0.010950194277640435,1243.8810584202113,8.449294206513969e-07
2011-12-06 22:00:00+00:00,2544.7564779737986,2.7778482047935427e-07,2.7778482047935427e-07,0.0,1015.2679509472998,-0.002795248078267032,1243.8814039514878,2.7778482047935427e-07
2011-12-07 22:00:00+00:00,2544.757862343639,5.440087695873785e-07,5.440087698094231e-07,0.0,1015.2679509472998,0.0,1243.8820806338802,5.440087698094231e-07
2011-12-08 22:00:00+00:00,2544.758598694197,2.893597734754394e-07,2.893597734754394e-07,0.0,998.1926665585576,-0.016818500350385457,1243.8824405633172,2.893597734754394e-07
2011-12-09 22:00:00+00:00,2544.7593055895077,2.7778482047935427e-07,2.7778482025730966e-07,0.0,1014.2007456730036,0.016037063435495602,1243.8827860949775,2.7778482025730966e-07
2011-12-12 22:00:00+00:00,2544.7635176146705,1.6551762493932642e-06,1.6551762493932642e-06,0.0,1002.8172227471754,-0.011224131883549648,1243.8848449402221,1.6551762493932642e-06
2011-12-13 22:00:00+00:00,2544.7642539668655,2.893597734754394e-07,2.893597732533948e-07,0.0,991.7894349127793,-0.01099680737850306,1243.885204870459,2.893597732533948e-07
2011-12-14 22:00:00+00:00,2544.764960863747,2.7778482047935427e-07,2.7778482070139887e-07,0.0,976.3149584354817,-0.015602582496413109,1243.8855504028875,2.7778482070139887e-07
2011-12-15 22:00:00+00:00,2544.765667760825,2.7778482047935427e-07,2.7778482047935427e-07,0.0,973.6469452497407,-0.0027327382036800296,1243.8858959354118,2.7778482047935427e-07
2011-12-16 22:00:00+00:00,2544.7663746580997,2.7778482070139887e-07,2.7778482047935427e-07,0.0,978.635091557391,0.005123157148478219,1243.886241468032,2.7778482047935427e-07
2011-12-19 22:00:00+00:00,2544.7684953505277,8.333544678773563e-07,8.333544680994009e-07,0.0,969.002154090366,-0.009843237331388921,1243.887278066189,8.333544680994009e-07
2011-12-20 22:00:00+00:00,2544.768524804611,1.1574366576283524e-08,1.1574366576283524e-08,0.0,997.7225787605702,0.029639175257731853,1243.8872924633963,1.1574366576283524e-08
2011-12-21 22:00:00+00:00,2544.768524804611,0.0,0.0,0.0,983.4515602909036,-0.014303593777936663,1243.8872924633963,0.0
2011-12-22 22:00:00+00:00,2544.769202248593,2.6621045323693693e-07,2.662104527928477e-07,0.0,991.8357836418327,0.008525303827317199,1243.8876235991956,2.662104527928477e-07
2011-12-23 22:00:00+00:00,2544.7699091468494,2.7778482070139887e-07,2.7778482047935427e-07,0.0,1000.3983947236327,0.008633093525179936,1243.887969132296,2.7778482047935427e-07
2011-12-27 22:00:00+00:00,2544.7727367406833,1.111139291465335e-06,1.111139291465335e-06,0.0,1003.252598417566,0.0028530670470756636,1243.8893512650925,1.111139291465335e-06
2011-12-28 22:00:00+00:00,2544.7734436399214,2.7778482070139887e-07,2.7778482047935427e-07,0.0,991.6573959109619,-0.01155761024182067,1243.8896967986727,2.7778482047935427e-07
2011-12-29 22:00:00+00:00,2544.774150539356,2.7778482070139887e-07,2.7778482047935427e-07,0.0,998.7929051457952,0.007195538765965015,1243.890042332349,2.7778482047935427e-07
2011-12-30 22:00:00+00:00,2544.7755349188114,5.440087700314677e-07,5.440087695873785e-07,0.0,995.523262531225,-0.003273594153227366,1243.8907190194404,5.440087695873785e-07
