candidate_id,base_candidate_id,gate_period,gate_indicator_units,gate_update_hour_ny,exit_policy,basket_id,blocked_oversold_checks,trend_break_exit_count,entry_cancellation_count,exit_cancellation_count,unknown_gate_reset_count,family,period,indicator_units,entry_threshold,exit_threshold,confirmation_hours,entry_confirmation_hours,exit_confirmation_hours,entry_required_checks,exit_required_checks,cash_excess_sharpe,cagr,max_drawdown,annualized_volatility,exposure_fraction,total_turnover,annualized_turnover,trade_count,completed_round_trips_per_year,trades_per_year,order_count,average_holding_hours,total_commission,total_slippage,cost_drag_return,terminal_equity,gross_terminal_equity,cash_terminal_equity,total_return,scored_sessions,start_session,end_session,sampling_minutes,commission_bps,slippage_bps,cancelled_blackout_order_count,cancelled_terminal_order_count,scenario_slippage_bps
multi_scale_sma100_entry_only__mr_30m__ema_distance_10__entry_m0p04__exit_0__shared_hours_3,mr_30m__ema_distance_10__entry_m0p04__exit_0__shared_hours_3,100,daily_sessions,17,entry_only,multi_scale_sma100_entry_only,1774,0,0,0,0,EMA_DISTANCE,10,daily_sessions,-0.04,0.0,3.0,3.0,3.0,7,7,0.1630595098146867,0.03555256507970195,-0.09884763124199747,0.03380138261085893,0.011484947090358976,5.999400089988002,0.5454934145873348,3,0.2727739806006632,0.2727739806006632,6,368.8333333333333,0.7178300690504444,0.7178309130476292,0.001763221646505599,1468.4699327017358,1470.2331543482414,1390.862472038107,0.46846993270173587,2767,2001-01-02,2011-12-30,30,1.0,1.0,0,0,1
multi_scale_sma100_entry_only__mr_30m__ema_distance_10__entry_m0p06__exit_0__shared_hours_3,mr_30m__ema_distance_10__entry_m0p06__exit_0__shared_hours_3,100,daily_sessions,17,entry_only,multi_scale_sma100_entry_only,641,0,0,0,0,EMA_DISTANCE,10,daily_sessions,-0.06,0.0,3.0,3.0,3.0,7,7,,0.030452711148542644,0.0,0.0011514930333371037,0.0,0.0,0.0,0,0.0,0.0,0,0.0,0.0,0.0,0.0,1390.862472038107,1390.862472038107,1390.862472038107,0.39086247203810687,2767,2001-01-02,2011-12-30,30,1.0,1.0,0,0,1
multi_scale_sma100_entry_only__mr_30m__ema_distance_10__entry_m0p06__exit_0p01__shared_hours_3,mr_30m__ema_distance_10__entry_m0p06__exit_0p01__shared_hours_3,100,daily_sessions,17,entry_only,multi_scale_sma100_entry_only,641,0,0,0,0,EMA_DISTANCE,10,daily_sessions,-0.06,0.01,3.0,3.0,3.0,7,7,,0.030452711148542644,0.0,0.0011514930333371037,0.0,0.0,0.0,0,0.0,0.0,0,0.0,0.0,0.0,0.0,1390.862472038107,1390.862472038107,1390.862472038107,0.39086247203810687,2767,2001-01-02,2011-12-30,30,1.0,1.0,0,0,1
multi_scale_sma100_entry_only__mr_30m__ema_distance_50__entry_m0p04__exit_0p01__shared_hours_3,mr_30m__ema_distance_50__entry_m0p04__exit_0p01__shared_hours_3,100,daily_sessions,17,entry_only,multi_scale_sma100_entry_only,6516,0,0,0,0,EMA_DISTANCE,50,daily_sessions,-0.04,0.01,3.0,3.0,3.0,7,7,0.1495275469256932,0.03603869384580305,-0.1426376440460948,0.04213622125494588,0.012201134482347019,3.9996000599920007,0.3636622763915565,2,0.18184932040044216,0.18184932040044216,4,587.75,0.4801778167455941,0.48017867525479985,0.001181327975556769,1476.069379251111,1477.2507072266678,1390.862472038107,0.47606937925111104,2767,2001-01-02,2011-12-30,30,1.0,1.0,0,0,1
multi_scale_sma100_entry_only__mr_30m__rsi_14__entry_20__exit_50__shared_hours_3,mr_30m__rsi_14__entry_20__exit_50__shared_hours_3,100,daily_sessions,17,entry_only,multi_scale_sma100_entry_only,28,0,0,0,0,RSI,14,daily_sessions,20.0,50.0,3.0,3.0,3.0,7,7,,0.030452711148542644,0.0,0.0011514930333371037,0.0,0.0,0.0,0,0.0,0.0,0,0.0,0.0,0.0,0.0,1390.862472038107,1390.862472038107,1390.862472038107,0.39086247203810687,2767,2001-01-02,2011-12-30,30,1.0,1.0,0,0,1
multi_scale_sma100_entry_only__mr_30m__rsi_14__entry_20__exit_60__shared_hours_3,mr_30m__rsi_14__entry_20__exit_60__shared_hours_3,100,daily_sessions,17,entry_only,multi_scale_sma100_entry_only,28,0,0,0,0,RSI,14,daily_sessions,20.0,60.0,3.0,3.0,3.0,7,7,,0.030452711148542644,0.0,0.0011514930333371037,0.0,0.0,0.0,0,0.0,0.0,0,0.0,0.0,0.0,0.0,1390.862472038107,1390.862472038107,1390.862472038107,0.39086247203810687,2767,2001-01-02,2011-12-30,30,1.0,1.0,0,0,1
multi_scale_sma100_entry_only__mr_30m__rsi_14__entry_20__exit_70__shared_hours_3,mr_30m__rsi_14__entry_20__exit_70__shared_hours_3,100,daily_sessions,17,entry_only,multi_scale_sma100_entry_only,28,0,0,0,0,RSI,14,daily_sessions,20.0,70.0,3.0,3.0,3.0,7,7,,0.030452711148542644,0.0,0.0011514930333371037,0.0,0.0,0.0,0,0.0,0.0,0,0.0,0.0,0.0,0.0,1390.862472038107,1390.862472038107,1390.862472038107,0.39086247203810687,2767,2001-01-02,2011-12-30,30,1.0,1.0,0,0,1
multi_scale_sma100_entry_only__mr_30m__rsi_2__entry_10__exit_50__shared_hours_3,mr_30m__rsi_2__entry_10__exit_50__shared_hours_3,100,daily_sessions,17,entry_only,multi_scale_sma100_entry_only,1893,0,0,0,0,RSI,2,daily_sessions,10.0,50.0,3.0,3.0,3.0,7,7,0.23563543352819377,0.04565473138882625,-0.12367919625844437,0.07384919074860166,0.07857821233399244,129.9870019497399,11.819023982725575,65,5.91010291301437,5.91010291301437,130,116.46923076923076,17.569648619662697,17.569651407679302,0.04303940581994766,1633.935304874862,1676.9747106948096,1390.862472038107,0.6339353048748619,2767,2001-01-02,2011-12-30,30,1.0,1.0,0,0,1
multi_scale_sma100_entry_only__mr_30m__rsi_2__entry_10__exit_60__shared_hours_3,mr_30m__rsi_2__entry_10__exit_60__shared_hours_3,100,daily_sessions,17,entry_only,multi_scale_sma100_entry_only,1853,0,0,0,0,RSI,2,daily_sessions,10.0,60.0,3.0,3.0,3.0,7,7,0.18340250064615243,0.042327881702703074,-0.16333240236549107,0.08012400622841014,0.09979915614442074,127.9872019197439,11.637192844529796,64,5.819178252814149,5.819178252814149,128,150.234375,17.0473094678342,17.04731183365426,0.04090955812475795,1577.6621026301066,1618.5716607548645,1390.862472038107,0.5776621026301065,2767,2001-01-02,2011-12-30,30,1.0,1.0,0,0,1
multi_scale_sma100_entry_only__mr_30m__rsi_2__entry_10__exit_70__shared_hours_3,mr_30m__rsi_2__entry_10__exit_70__shared_hours_3,100,daily_sessions,17,entry_only,multi_scale_sma100_entry_only,1853,0,0,0,0,RSI,2,daily_sessions,10.0,70.0,3.0,3.0,3.0,7,7,0.2890990543143098,0.052517111547906836,-0.13097589885420768,0.08630577227208139,0.12465293455188985,121.98780182975591,11.091699429942462,61,5.546404272213485,5.546404272213485,122,196.87704918032787,17.257199518652367,17.257203577082805,0.04336885348669125,1755.8157779361536,1799.1846314228449,1390.862472038107,0.7558157779361536,2767,2001-01-02,2011-12-30,30,1.0,1.0,0,0,1
multi_scale_sma100_entry_only__mr_30m__rsi_2__entry_20__exit_50__shared_hours_3,mr_30m__rsi_2__entry_20__exit_50__shared_hours_3,100,daily_sessions,17,entry_only,multi_scale_sma100_entry_only,3283,0,0,0,0,RSI,2,daily_sessions,20.0,50.0,3.0,3.0,3.0,7,7,0.34478702194903094,0.059570204805563076,-0.14238943151885974,0.09374728040323346,0.14767472636970838,251.97480377949648,22.910723412668098,126,11.456507185227856,11.456507185227856,252,112.91666666666667,35.764035607855796,35.76404145496045,0.09767884184818695,1889.6430652779427,1987.3219071261296,1390.862472038107,0.8896430652779428,2767,2001-01-02,2011-12-30,30,1.0,1.0,0,0,1
multi_scale_sma100_entry_only__mr_30m__rsi_2__entry_20__exit_60__shared_hours_3,mr_30m__rsi_2__entry_20__exit_60__shared_hours_3,100,daily_sessions,17,entry_only,multi_scale_sma100_entry_only,3203,0,0,0,0,RSI,2,daily_sessions,20.0,60.0,3.0,3.0,3.0,7,7,0.23663710687137077,0.049748026665230816,-0.19519995660270661,0.09954405226172104,0.17613020079195793,233.9766035095324,21.274243168906086,117,10.638185243425866,10.638185243425866,234,145.03418803418805,32.05876433835969,32.05876851268822,0.08172294327479472,1705.6739670288905,1787.3969103036852,1390.862472038107,0.7056739670288905,2767,2001-01-02,2011-12-30,30,1.0,1.0,0,0,1
multi_scale_sma100_entry_only__mr_30m__rsi_2__entry_20__exit_70__shared_hours_3,mr_30m__rsi_2__entry_20__exit_70__shared_hours_3,100,daily_sessions,17,entry_only,multi_scale_sma100_entry_only,3163,0,0,0,0,RSI,2,daily_sessions,20.0,70.0,3.0,3.0,3.0,7,7,0.37167915483185904,0.06674419362148343,-0.14346846263294522,0.10943091394374205,0.21702034906350715,211.9788031795763,19.27410064875252,106,9.638013981223434,9.638013981223434,212,197.25,32.66749700693744,32.6675043122468,0.08814866571413063,2035.2150744568805,2123.363740171011,1390.862472038107,1.0352150744568807,2767,2001-01-02,2011-12-30,30,1.0,1.0,0,0,1
multi_scale_sma100_entry_only__mr_30m__rsi_2__entry_30__exit_50__shared_hours_3,mr_30m__rsi_2__entry_30__exit_50__shared_hours_3,100,daily_sessions,17,entry_only,multi_scale_sma100_entry_only,4444,0,1,0,0,RSI,2,daily_sessions,30.0,50.0,3.0,3.0,3.0,7,7,0.4618217666600568,0.07793492493467413,-0.23988930881321713,0.11114420194976267,0.20509946182150326,373.9626056092514,34.00242284261047,187,17.002911457441343,17.002911457441343,374,105.66844919786097,58.3996604072579,58.39967054003543,0.17729726629325931,2282.7407176071856,2460.037983900445,1390.862472038107,1.2827407176071857,2767,2001-01-02,2011-12-30,30,1.0,1.0,0,0,1
multi_scale_sma100_entry_only__mr_30m__rsi_2__entry_30__exit_60__shared_hours_3,mr_30m__rsi_2__entry_30__exit_60__shared_hours_3,100,daily_sessions,17,entry_only,multi_scale_sma100_entry_only,4316,0,1,0,0,RSI,2,daily_sessions,30.0,60.0,3.0,3.0,3.0,7,7,0.4127590868599726,0.07392911875674191,-0.28747657457984854,0.1169239213185853,0.23919620939658617,347.96520521930364,31.63861804606538,174,15.820890874838467,15.820890874838467,348,132.44252873563218,54.04879766706534,54.048806995704645,0.1579369686331702,2191.1567880343164,2349.0937566674866,1390.862472038107,1.1911567880343163,2767,2001-01-02,2011-12-30,30,1.0,1.0,0,0,1
multi_scale_sma100_entry_only__mr_30m__rsi_2__entry_30__exit_70__shared_hours_3,mr_30m__rsi_2__entry_30__exit_70__shared_hours_3,100,daily_sessions,17,entry_only,multi_scale_sma100_entry_only,4197,0,0,0,0,RSI,2,daily_sessions,30.0,70.0,3.0,3.0,3.0,7,7,0.5069006649408441,0.09018559934627635,-0.2510347634975669,0.12741911606914058,0.2866617882887792,305.96940458938803,27.82016414395407,153,13.911473010633825,13.911473010633825,306,180.50980392156862,54.44797884713904,54.44799191471142,0.1631333764292567,2584.843277422164,2747.976653851421,1390.862472038107,1.5848432774221641,2767,2001-01-02,2011-12-30,30,1.0,1.0,0,0,1
multi_scale_sma100_entry_only__mr_30m__rsi_5__entry_10__exit_50__shared_hours_3,mr_30m__rsi_5__entry_10__exit_50__shared_hours_3,100,daily_sessions,17,entry_only,multi_scale_sma100_entry_only,139,0,0,0,0,RSI,5,daily_sessions,10.0,50.0,3.0,3.0,3.0,7,7,,0.030452711148542644,0.0,0.0011514930333371037,0.0,0.0,0.0,0,0.0,0.0,0,0.0,0.0,0.0,0.0,1390.862472038107,1390.862472038107,1390.862472038107,0.39086247203810687,2767,2001-01-02,2011-12-30,30,1.0,1.0,0,0,1
multi_scale_sma100_entry_only__mr_30m__rsi_5__entry_10__exit_60__shared_hours_3,mr_30m__rsi_5__entry_10__exit_60__shared_hours_3,100,daily_sessions,17,entry_only,multi_scale_sma100_entry_only,139,0,0,0,0,RSI,5,daily_sessions,10.0,60.0,3.0,3.0,3.0,7,7,,0.030452711148542644,0.0,0.0011514930333371037,0.0,0.0,0.0,0,0.0,0.0,0,0.0,0.0,0.0,0.0,1390.862472038107,1390.862472038107,1390.862472038107,0.39086247203810687,2767,2001-01-02,2011-12-30,30,1.0,1.0,0,0,1
multi_scale_sma100_entry_only__mr_30m__rsi_5__entry_10__exit_70__shared_hours_3,mr_30m__rsi_5__entry_10__exit_70__shared_hours_3,100,daily_sessions,17,entry_only,multi_scale_sma100_entry_only,139,0,0,0,0,RSI,5,daily_sessions,10.0,70.0,3.0,3.0,3.0,7,7,,0.030452711148542644,0.0,0.0011514930333371037,0.0,0.0,0.0,0,0.0,0.0,0,0.0,0.0,0.0,0.0,1390.862472038107,1390.862472038107,1390.862472038107,0.39086247203810687,2767,2001-01-02,2011-12-30,30,1.0,1.0,0,0,1
multi_scale_sma100_entry_only__mr_30m__rsi_5__entry_20__exit_50__shared_hours_3,mr_30m__rsi_5__entry_20__exit_50__shared_hours_3,100,daily_sessions,17,entry_only,multi_scale_sma100_entry_only,1201,0,0,0,0,RSI,5,daily_sessions,20.0,50.0,3.0,3.0,3.0,7,7,0.6341489328992697,0.05197219177760015,-0.03727380697443816,0.03356379223026846,0.019404526511907914,19.998000299960005,1.8183113819577825,10,0.9092466020022107,0.9092466020022107,20,186.95,2.799404399389825,2.7994078856245834,0.0069973610180334165,1745.843900624729,1752.8412616427624,1390.862472038107,0.745843900624729,2767,2001-01-02,2011-12-30,30,1.0,1.0,0,0,1
multi_scale_sma100_entry_only__mr_30m__rsi_5__entry_30__exit_50__shared_hours_3,mr_30m__rsi_5__entry_30__exit_50__shared_hours_3,100,daily_sessions,17,entry_only,multi_scale_sma100_entry_only,3004,0,0,0,0,RSI,5,daily_sessions,30.0,50.0,3.0,3.0,3.0,7,7,0.3625331826530884,0.057144542390838104,-0.12743596120622236,0.07938838734849721,0.1128150835292469,87.99120131982399,8.00057008061424,44,4.000685048809728,4.000685048809728,88,247.02272727272728,12.92801908342807,12.928023710673925,0.032716941688060386,1842.6066489269012,1875.3235906149616,1390.862472038107,0.8426066489269013,2767,2001-01-02,2011-12-30,30,1.0,1.0,0,0,1
multi_scale_sma100_entry_only__mr_30m__sma_distance_10__entry_m0p02__exit_0__shared_hours_3,mr_30m__sma_distance_10__entry_m0p02__exit_0__shared_hours_3,100,daily_sessions,17,entry_only,multi_scale_sma100_entry_only,4352,0,0,0,0,SMA_DISTANCE,10,daily_sessions,-0.02,0.0,3.0,3.0,3.0,7,7,0.486510435441491,0.07218339251867412,-0.14590499566592907,0.09009697224509342,0.10768240721999928,85.99140128982799,7.818738942418462,43,3.9097603886095063,3.9097603886095063,86,241.2674418604651,13.699316977323793,13.699324262007258,0.037339762939567665,2152.300081331518,2189.6398442710856,1390.862472038107,1.1523000813315178,2767,2001-01-02,2011-12-30,30,1.0,1.0,0,0,1
multi_scale_sma100_entry_only__mr_30m__sma_distance_10__entry_m0p02__exit_0p01__shared_hours_3,mr_30m__sma_distance_10__entry_m0p02__exit_0p01__shared_hours_3,100,daily_sessions,17,entry_only,multi_scale_sma100_entry_only,4178,0,0,0,0,SMA_DISTANCE,10,daily_sessions,-0.02,0.01,3.0,3.0,3.0,7,7,0.3149984520469329,0.05887356899372653,-0.1722233459453898,0.10357720644990182,0.14970392398034119,75.99240113984801,6.909583251439574,38,3.455137087608401,3.455137087608401,76,379.55263157894734,11.561051218497463,11.561056128588866,0.028733385457381473,1876.0240028579394,1904.757388315321,1390.862472038107,0.8760240028579394,2767,2001-01-02,2011-12-30,30,1.0,1.0,0,0,1
multi_scale_sma100_entry_only__mr_30m__sma_distance_10__entry_m0p04__exit_0__shared_hours_3,mr_30m__sma_distance_10__entry_m0p04__exit_0__shared_hours_3,100,daily_sessions,17,entry_only,multi_scale_sma100_entry_only,2257,0,0,0,0,SMA_DISTANCE,10,daily_sessions,-0.04,0.0,3.0,3.0,3.0,7,7,0.17696595766254067,0.037009080609924805,-0.09884763124199747,0.04052718344408607,0.019669204461120884,9.999000149980002,0.9091556909788913,5,0.4546233010011054,0.4546233010011054,10,379.0,1.1455885371047418,1.14558959882819,0.0029856767698270234,1491.3460391665858,1494.3317159364128,1390.862472038107,0.4913460391665858,2767,2001-01-02,2011-12-30,30,1.0,1.0,0,0,1
multi_scale_sma100_entry_only__mr_30m__sma_distance_10__entry_m0p04__exit_0p01__shared_hours_3,mr_30m__sma_distance_10__entry_m0p04__exit_0p01__shared_hours_3,100,daily_sessions,17,entry_only,multi_scale_sma100_entry_only,2223,0,0,0,0,SMA_DISTANCE,10,daily_sessions,-0.04,0.01,3.0,3.0,3.0,7,7,0.02824111641147496,0.030656457061685405,-0.09884763124199747,0.048634913270123065,0.02937925236263993,9.999000149980002,0.9091556909788913,5,0.4546233010011054,0.4546233010011054,10,566.1,1.134596616903987,1.1345968024795283,0.0027905697115033945,1393.8900313336346,1396.680601045138,1390.862472038107,0.39389003133363465,2767,2001-01-02,2011-12-30,30,1.0,1.0,0,0,1
multi_scale_sma100_entry_only__mr_30m__sma_distance_10__entry_m0p06__exit_0__shared_hours_3,mr_30m__sma_distance_10__entry_m0p06__exit_0__shared_hours_3,100,daily_sessions,17,entry_only,multi_scale_sma100_entry_only,923,0,1,0,0,SMA_DISTANCE,10,daily_sessions,-0.06,0.0,3.0,3.0,3.0,7,7,,0.030452711148542644,0.0,0.0011514930333371037,0.0,0.0,0.0,0,0.0,0.0,0,0.0,0.0,0.0,0.0,1390.862472038107,1390.862472038107,1390.862472038107,0.39086247203810687,2767,2001-01-02,2011-12-30,30,1.0,1.0,0,0,1
multi_scale_sma100_entry_only__mr_30m__sma_distance_10__entry_m0p06__exit_0p01__shared_hours_3,mr_30m__sma_distance_10__entry_m0p06__exit_0p01__shared_hours_3,100,daily_sessions,17,entry_only,multi_scale_sma100_entry_only,923,0,1,0,0,SMA_DISTANCE,10,daily_sessions,-0.06,0.01,3.0,3.0,3.0,7,7,,0.030452711148542644,0.0,0.0011514930333371037,0.0,0.0,0.0,0,0.0,0.0,0,0.0,0.0,0.0,0.0,1390.862472038107,1390.862472038107,1390.862472038107,0.39086247203810687,2767,2001-01-02,2011-12-30,30,1.0,1.0,0,0,1
multi_scale_sma100_entry_only__mr_30m__zscore_10__entry_m1p5__exit_0__shared_hours_3,mr_30m__zscore_10__entry_m1p5__exit_0__shared_hours_3,100,daily_sessions,17,entry_only,multi_scale_sma100_entry_only,1551,0,0,0,0,ZSCORE,10,daily_sessions,-1.5,0.0,3.0,3.0,3.0,7,7,0.368846142497829,0.060379996658086243,-0.12367919625844437,0.08834705911716899,0.13256732420972872,107.98920161978394,9.818881462572019,54,4.909931650811938,4.909931650811938,108,236.5185185185185,15.39736380854401,15.397369396112706,0.0416084376175952,1905.5872257477251,1947.1956633653203,1390.862472038107,0.9055872257477251,2767,2001-01-02,2011-12-30,30,1.0,1.0,0,0,1
multi_scale_sma100_entry_only__mr_30m__zscore_10__entry_m1p5__exit_m0p5__shared_hours_3,mr_30m__zscore_10__entry_m1p5__exit_m0p5__shared_hours_3,100,daily_sessions,17,entry_only,multi_scale_sma100_entry_only,1619,0,0,0,0,ZSCORE,10,daily_sessions,-1.5,-0.5,3.0,3.0,3.0,7,7,0.36924685098885346,0.05720703955805262,-0.12367919625844426,0.07774475816030686,0.0952529231344097,121.98780182975591,11.091699429942462,61,5.546404272213485,5.546404272213485,122,150.44262295081967,17.55558801349733,17.555592770595275,0.04554219892775382,1843.8050584803054,1889.3472574080592,1390.862472038107,0.8438050584803054,2767,2001-01-02,2011-12-30,30,1.0,1.0,0,0,1
multi_scale_sma100_entry_only__mr_30m__zscore_10__entry_m2__exit_0__shared_hours_3,mr_30m__zscore_10__entry_m2__exit_0__shared_hours_3,100,daily_sessions,17,entry_only,multi_scale_sma100_entry_only,150,0,0,0,0,ZSCORE,10,daily_sessions,-2.0,0.0,3.0,3.0,3.0,7,7,0.2410541762258323,0.0415942222723642,-0.0628458450487196,0.04983292216812069,0.04897580013182,37.99620056992401,3.454791625719787,19,1.7275685438042006,1.7275685438042006,38,248.3421052631579,4.838679037023303,4.8386811046057465,0.011943065270927037,1565.4919827634299,1577.435048034357,1390.862472038107,0.5654919827634299,2767,2001-01-02,2011-12-30,30,1.0,1.0,0,0,1
multi_scale_sma100_entry_only__mr_30m__zscore_50__entry_m2p5__exit_0__shared_hours_3,mr_30m__zscore_50__entry_m2p5__exit_0__shared_hours_3,100,daily_sessions,17,entry_only,multi_scale_sma100_entry_only,384,0,0,0,0,ZSCORE,50,daily_sessions,-2.5,0.0,3.0,3.0,3.0,7,7,,0.030452711148542644,0.0,0.0011514930333371037,0.0,0.0,0.0,0,0.0,0.0,0,0.0,0.0,0.0,0.0,1390.862472038107,1390.862472038107,1390.862472038107,0.39086247203810687,2767,2001-01-02,2011-12-30,30,1.0,1.0,0,0,1
multi_scale_sma100_entry_only__mr_30m__zscore_50__entry_m2p5__exit_0p5__shared_hours_3,mr_30m__zscore_50__entry_m2p5__exit_0p5__shared_hours_3,100,daily_sessions,17,entry_only,multi_scale_sma100_entry_only,384,0,0,0,0,ZSCORE,50,daily_sessions,-2.5,0.5,3.0,3.0,3.0,7,7,,0.030452711148542644,0.0,0.0011514930333371037,0.0,0.0,0.0,0,0.0,0.0,0,0.0,0.0,0.0,0.0,1390.862472038107,1390.862472038107,1390.862472038107,0.39086247203810687,2767,2001-01-02,2011-12-30,30,1.0,1.0,0,0,1
multi_scale_sma200_entry_only__mr_30m__ema_distance_10__entry_m0p04__exit_0__shared_hours_3,mr_30m__ema_distance_10__entry_m0p04__exit_0__shared_hours_3,200,daily_sessions,17,entry_only,multi_scale_sma200_entry_only,1777,0,0,0,0,EMA_DISTANCE,10,daily_sessions,-0.04,0.0,3.0,3.0,3.0,7,7,0.4083275074672656,0.041504625915522286,-0.03727380697443816,0.02706531924107437,0.007239720375531302,5.999400089988002,0.5454934145873348,3,0.2727739806006632,0.2727739806006632,6,232.5,0.7960172982938634,0.796018937123704,0.0018779404644290025,1564.011599364809,1565.889539829238,1390.862472038107,0.5640115993648089,2767,2001-01-02,2011-12-30,30,1.0,1.0,0,0,1
multi_scale_sma200_entry_only__mr_30m__ema_distance_10__entry_m0p06__exit_0__shared_hours_3,mr_30m__ema_distance_10__entry_m0p06__exit_0__shared_hours_3,200,daily_sessions,17,entry_only,multi_scale_sma200_entry_only,641,0,0,0,0,EMA_DISTANCE,10,daily_sessions,-0.06,0.0,3.0,3.0,3.0,7,7,,0.030452711148542644,0.0,0.0011514930333371037,0.0,0.0,0.0,0,0.0,0.0,0,0.0,0.0,0.0,0.0,1390.862472038107,1390.862472038107,1390.862472038107,0.39086247203810687,2767,2001-01-02,2011-12-30,30,1.0,1.0,0,0,1
multi_scale_sma200_entry_only__mr_30m__ema_distance_10__entry_m0p06__exit_0p01__shared_hours_3,mr_30m__ema_distance_10__entry_m0p06__exit_0p01__shared_hours_3,200,daily_sessions,17,entry_only,multi_scale_sma200_entry_only,641,0,0,0,0,EMA_DISTANCE,10,daily_sessions,-0.06,0.01,3.0,3.0,3.0,7,7,,0.030452711148542644,0.0,0.0011514930333371037,0.0,0.0,0.0,0,0.0,0.0,0,0.0,0.0,0.0,0.0,1390.862472038107,1390.862472038107,1390.862472038107,0.39086247203810687,2767,2001-01-02,2011-12-30,30,1.0,1.0,0,0,1
multi_scale_sma200_entry_only__mr_30m__ema_distance_50__entry_m0p04__exit_0p01__shared_hours_3,mr_30m__ema_distance_50__entry_m0p04__exit_0p01__shared_hours_3,200,daily_sessions,17,entry_only,multi_scale_sma200_entry_only,6424,0,1,0,0,EMA_DISTANCE,50,daily_sessions,-0.04,0.01,3.0,3.0,3.0,7,7,0.8401492809774584,0.06528991660132455,-0.06146926536731634,0.04062588468427284,0.025336426432504527,11.998800179976003,1.0909868291746696,6,0.5455479612013264,0.5455479612013264,12,406.8333333333333,1.8987027960430771,1.8987085946611426,0.004817555675346966,2004.9070437175317,2009.7245993928786,1390.862472038107,1.0049070437175316,2767,2001-01-02,2011-12-30,30,1.0,1.0,0,0,1
multi_scale_sma200_entry_only__mr_30m__rsi_14__entry_20__exit_50__shared_hours_3,mr_30m__rsi_14__entry_20__exit_50__shared_hours_3,200,daily_sessions,17,entry_only,multi_scale_sma200_entry_only,28,0,0,0,0,RSI,14,daily_sessions,20.0,50.0,3.0,3.0,3.0,7,7,,0.030452711148542644,0.0,0.0011514930333371037,0.0,0.0,0.0,0,0.0,0.0,0,0.0,0.0,0.0,0.0,1390.862472038107,1390.862472038107,1390.862472038107,0.39086247203810687,2767,2001-01-02,2011-12-30,30,1.0,1.0,0,0,1
multi_scale_sma200_entry_only__mr_30m__rsi_14__entry_20__exit_60__shared_hours_3,mr_30m__rsi_14__entry_20__exit_60__shared_hours_3,200,daily_sessions,17,entry_only,multi_scale_sma200_entry_only,28,0,0,0,0,RSI,14,daily_sessions,20.0,60.0,3.0,3.0,3.0,7,7,,0.030452711148542644,0.0,0.0011514930333371037,0.0,0.0,0.0,0,0.0,0.0,0,0.0,0.0,0.0,0.0,1390.862472038107,1390.862472038107,1390.862472038107,0.39086247203810687,2767,2001-01-02,2011-12-30,30,1.0,1.0,0,0,1
multi_scale_sma200_entry_only__mr_30m__rsi_14__entry_20__exit_70__shared_hours_3,mr_30m__rsi_14__entry_20__exit_70__shared_hours_3,200,daily_sessions,17,entry_only,multi_scale_sma200_entry_only,28,0,0,0,0,RSI,14,daily_sessions,20.0,70.0,3.0,3.0,3.0,7,7,,0.030452711148542644,0.0,0.0011514930333371037,0.0,0.0,0.0,0,0.0,0.0,0,0.0,0.0,0.0,0.0,1390.862472038107,1390.862472038107,1390.862472038107,0.39086247203810687,2767,2001-01-02,2011-12-30,30,1.0,1.0,0,0,1
multi_scale_sma200_entry_only__mr_30m__rsi_2__entry_10__exit_50__shared_hours_3,mr_30m__rsi_2__entry_10__exit_50__shared_hours_3,200,daily_sessions,17,entry_only,multi_scale_sma200_entry_only,1776,0,0,0,0,RSI,2,daily_sessions,10.0,50.0,3.0,3.0,3.0,7,7,0.13972331152318637,0.038106375713121476,-0.12367919625844437,0.07134682253287643,0.08402746422955362,135.98640203972792,12.36451739731291,68,6.182876893615033,6.182876893615033,136,119.05147058823529,17.995965800113925,17.99596747058356,0.04160241553219362,1508.793655819311,1550.3960713515046,1390.862472038107,0.5087936558193109,2767,2001-01-02,2011-12-30,30,1.0,1.0,0,0,1
multi_scale_sma200_entry_only__mr_30m__rsi_2__entry_10__exit_60__shared_hours_3,mr_30m__rsi_2__entry_10__exit_60__shared_hours_3,200,daily_sessions,17,entry_only,multi_scale_sma200_entry_only,1736,0,0,0,0,RSI,2,daily_sessions,10.0,60.0,3.0,3.0,3.0,7,7,0.1694922979788736,0.040856811005791194,-0.1633324023654925,0.07686491708369425,0.10489550410769798,135.98640203972792,12.36451739731291,68,6.182876893615033,6.182876893615033,136,148.61764705882354,18.786633122564194,18.786635209660105,0.042830861898992455,1553.3456862950745,1596.176548194067,1390.862472038107,0.5533456862950745,2767,2001-01-02,2011-12-30,30,1.0,1.0,0,0,1
multi_scale_sma200_entry_only__mr_30m__rsi_2__entry_10__exit_70__shared_hours_3,mr_30m__rsi_2__entry_10__exit_70__shared_hours_3,200,daily_sessions,17,entry_only,multi_scale_sma200_entry_only,1713,0,0,0,0,RSI,2,daily_sessions,10.0,70.0,3.0,3.0,3.0,7,7,0.24553155776646857,0.047901022723700226,-0.1309758988542079,0.08234167251099508,0.1313269706830248,129.9870019497399,11.819023982725575,65,5.91010291301437,5.91010291301437,130,194.65384615384616,18.376299612882022,18.376302925566634,0.044067259417252896,1672.9564355994623,1717.0236950167152,1390.862472038107,0.6729564355994624,2767,2001-01-02,2011-12-30,30,1.0,1.0,0,0,1
multi_scale_sma200_entry_only__mr_30m__rsi_2__entry_20__exit_50__shared_hours_3,mr_30m__rsi_2__entry_20__exit_50__shared_hours_3,200,daily_sessions,17,entry_only,multi_scale_sma200_entry_only,3310,0,1,0,0,RSI,2,daily_sessions,20.0,50.0,3.0,3.0,3.0,7,7,0.21237442277223198,0.04562995800514247,-0.13488290889368204,0.0867798641039266,0.14420796421138946,239.97600359952042,21.819736583493423,120,10.910959224026529,10.910959224026529,240,115.77916666666667,32.22087053124521,32.22087396325989,0.08032073826057808,1633.509609671696,1713.830347932274,1390.862472038107,0.6335096096716959,2767,2001-01-02,2011-12-30,30,1.0,1.0,0,0,1
multi_scale_sma200_entry_only__mr_30m__rsi_2__entry_20__exit_60__shared_hours_3,mr_30m__rsi_2__entry_20__exit_60__shared_hours_3,200,daily_sessions,17,entry_only,multi_scale_sma200_entry_only,3230,0,1,0,0,RSI,2,daily_sessions,20.0,60.0,3.0,3.0,3.0,7,7,0.13913114235224452,0.03931395879360755,-0.19024690003720512,0.09253276130277044,0.17274647485299993,223.97760335955235,20.365087477927194,112,10.183561942424761,10.183561942424761,224,148.59821428571428,30.288138172555602,30.28814060371343,0.07002052277968414,1528.2092323701365,1598.2297551498207,1390.862472038107,0.5282092323701366,2767,2001-01-02,2011-12-30,30,1.0,1.0,0,0,1
multi_scale_sma200_entry_only__mr_30m__rsi_2__entry_20__exit_70__shared_hours_3,mr_30m__rsi_2__entry_20__exit_70__shared_hours_3,200,daily_sessions,17,entry_only,multi_scale_sma200_entry_only,3190,0,1,0,0,RSI,2,daily_sessions,20.0,70.0,3.0,3.0,3.0,7,7,0.2907908120125052,0.05543435430036836,-0.143468462632945,0.09965316609445113,0.20920456491615938,207.97920311958427,18.91043837236096,104,9.456164660822992,9.456164660822992,208,193.8028846153846,30.854777096728416,30.8547822364973,0.07688778109361488,1810.0866085097905,1886.9743896034054,1390.862472038107,0.8100866085097904,2767,2001-01-02,2011-12-30,30,1.0,1.0,0,0,1
multi_scale_sma200_entry_only__mr_30m__rsi_2__entry_30__exit_50__shared_hours_3,mr_30m__rsi_2__entry_30__exit_50__shared_hours_3,200,daily_sessions,17,entry_only,multi_scale_sma200_entry_only,4461,0,0,0,0,RSI,2,daily_sessions,30.0,50.0,3.0,3.0,3.0,7,7,0.28716382900667653,0.056360191543220584,-0.22556572894132332,0.10645024865698084,0.20270179098745633,367.96320551926345,33.456929428023145,184,16.730137476840678,16.730137476840678,368,106.13586956521739,52.1581891942746,52.15819504355251,0.13958710919958003,1827.6264797563538,1967.2135889559338,1390.862472038107,0.8276264797563537,2767,2001-01-02,2011-12-30,30,1.0,1.0,0,0,1
multi_scale_sma200_entry_only__mr_30m__rsi_2__entry_30__exit_60__shared_hours_3,mr_30m__rsi_2__entry_30__exit_60__shared_hours_3,200,daily_sessions,17,entry_only,multi_scale_sma200_entry_only,4319,0,0,0,0,RSI,2,daily_sessions,30.0,60.0,3.0,3.0,3.0,7,7,0.27943013458625693,0.05672844708559177,-0.274042612776639,0.11336868102801387,0.24069605110879302,343.9656051593117,31.274955769673824,172,15.639041554438025,15.639041554438025,344,134.82267441860466,50.14631541707676,50.14632137728497,0.1306670453485549,1834.6458799280692,1965.3129252766241,1390.862472038107,0.8346458799280692,2767,2001-01-02,2011-12-30,30,1.0,1.0,0,0,1
multi_scale_sma200_entry_only__mr_30m__rsi_2__entry_30__exit_70__shared_hours_3,mr_30m__rsi_2__entry_30__exit_70__shared_hours_3,200,daily_sessions,17,entry_only,multi_scale_sma200_entry_only,4138,0,0,0,0,RSI,2,daily_sessions,30.0,70.0,3.0,3.0,3.0,7,7,0.32021781238832153,0.0636557413966845,-0.2510347634975676,0.12286910181494816,0.29183598270770733,303.96960455939205,27.638333005758295,152,13.820548350433604,13.820548350433604,304,184.97697368421052,46.374382434775384,46.37438980705482,0.1235761093245519,1971.3398170478545,2094.9159263724064,1390.862472038107,0.9713398170478544,2767,2001-01-02,2011-12-30,30,1.0,1.0,0,0,1
multi_scale_sma200_entry_only__mr_30m__rsi_5__entry_10__exit_50__shared_hours_3,mr_30m__rsi_5__entry_10__exit_50__shared_hours_3,200,daily_sessions,17,entry_only,multi_scale_sma200_entry_only,139,0,0,0,0,RSI,5,daily_sessions,10.0,50.0,3.0,3.0,3.0,7,7,,0.030452711148542644,0.0,0.0011514930333371037,0.0,0.0,0.0,0,0.0,0.0,0,0.0,0.0,0.0,0.0,1390.862472038107,1390.862472038107,1390.862472038107,0.39086247203810687,2767,2001-01-02,2011-12-30,30,1.0,1.0,0,0,1
multi_scale_sma200_entry_only__mr_30m__rsi_5__entry_10__exit_60__shared_hours_3,mr_30m__rsi_5__entry_10__exit_60__shared_hours_3,200,daily_sessions,17,entry_only,multi_scale_sma200_entry_only,139,0,0,0,0,RSI,5,daily_sessions,10.0,60.0,3.0,3.0,3.0,7,7,,0.030452711148542644,0.0,0.0011514930333371037,0.0,0.0,0.0,0,0.0,0.0,0,0.0,0.0,0.0,0.0,1390.862472038107,1390.862472038107,1390.862472038107,0.39086247203810687,2767,2001-01-02,2011-12-30,30,1.0,1.0,0,0,1
multi_scale_sma200_entry_only__mr_30m__rsi_5__entry_10__exit_70__shared_hours_3,mr_30m__rsi_5__entry_10__exit_70__shared_hours_3,200,daily_sessions,17,entry_only,multi_scale_sma200_entry_only,139,0,0,0,0,RSI,5,daily_sessions,10.0,70.0,3.0,3.0,3.0,7,7,,0.030452711148542644,0.0,0.0011514930333371037,0.0,0.0,0.0,0,0.0,0.0,0,0.0,0.0,0.0,0.0,1390.862472038107,1390.862472038107,1390.862472038107,0.39086247203810687,2767,2001-01-02,2011-12-30,30,1.0,1.0,0,0,1
multi_scale_sma200_entry_only__mr_30m__rsi_5__entry_20__exit_50__shared_hours_3,mr_30m__rsi_5__entry_20__exit_50__shared_hours_3,200,daily_sessions,17,entry_only,multi_scale_sma200_entry_only,838,0,0,0,0,RSI,5,daily_sessions,20.0,50.0,3.0,3.0,3.0,7,7,0.33896535625949165,0.04879927761554925,-0.10948776623833834,0.05693016969129806,0.046982930867157616,37.99620056992401,3.454791625719787,19,1.7275685438042006,1.7275685438042006,38,238.23684210526315,5.330728876009893,5.330731941428579,0.01288374610222968,1688.7960312887983,1701.679777391028,1390.862472038107,0.6887960312887984,2767,2001-01-02,2011-12-30,30,1.0,1.0,0,0,1
multi_scale_sma200_entry_only__mr_30m__rsi_5__entry_30__exit_50__shared_hours_3,mr_30m__rsi_5__entry_30__exit_50__shared_hours_3,200,daily_sessions,17,entry_only,multi_scale_sma200_entry_only,2670,0,0,0,0,RSI,5,daily_sessions,30.0,50.0,3.0,3.0,3.0,7,7,0.21175635455433353,0.0446009212450984,-0.1365147275926385,0.07944730282271799,0.12332954480582499,95.99040143980797,8.727894633397351,48,4.364383689610611,4.364383689610611,96,247.54166666666666,13.479590168913296,13.479592819844198,0.03132534648010528,1615.9159040744423,1647.2412505545476,1390.862472038107,0.6159159040744424,2767,2001-01-02,2011-12-30,30,1.0,1.0,0,0,1
multi_scale_sma200_entry_only__mr_30m__sma_distance_10__entry_m0p02__exit_0__shared_hours_3,mr_30m__sma_distance_10__entry_m0p02__exit_0__shared_hours_3,200,daily_sessions,17,entry_only,multi_scale_sma200_entry_only,3967,0,0,0,0,SMA_DISTANCE,10,daily_sessions,-0.02,0.0,3.0,3.0,3.0,7,7,0.3666238833854009,0.06054092444736536,-0.12367919625844448,0.08957927863098074,0.12522380855999626,93.99060140981197,8.546063495201574,47,4.2734590294103905,4.2734590294103905,94,256.6914893617021,14.310651004904289,14.310656230548371,0.03622432339861825,1908.7702956766268,1944.994619075245,1390.862472038107,0.9087702956766268,2767,2001-01-02,2011-12-30,30,1.0,1.0,0,0,1
multi_scale_sma200_entry_only__mr_30m__sma_distance_10__entry_m0p02__exit_0p01__shared_hours_3,mr_30m__sma_distance_10__entry_m0p02__exit_0p01__shared_hours_3,200,daily_sessions,17,entry_only,multi_scale_sma200_entry_only,3760,0,0,0,0,SMA_DISTANCE,10,daily_sessions,-0.02,0.01,3.0,3.0,3.0,7,7,0.30729405348885436,0.05806313128370055,-0.17222334594539024,0.10368885188212497,0.1696793245003555,85.99140128982799,7.818738942418462,43,3.9097603886095063,3.9097603886095063,86,380.1744186046512,13.432432846636402,13.43243769863852,0.03227378943529834,1860.2924646008316,1892.56625403613,1390.862472038107,0.8602924646008316,2767,2001-01-02,2011-12-30,30,1.0,1.0,0,0,1
multi_scale_sma200_entry_only__mr_30m__sma_distance_10__entry_m0p04__exit_0__shared_hours_3,mr_30m__sma_distance_10__entry_m0p04__exit_0__shared_hours_3,200,daily_sessions,17,entry_only,multi_scale_sma200_entry_only,2132,0,0,0,0,SMA_DISTANCE,10,daily_sessions,-0.04,0.0,3.0,3.0,3.0,7,7,0.1266256294778796,0.035627409594279236,-0.10272594978768068,0.04909514261864736,0.02113790759106738,13.998600209972004,1.2728179673704478,7,0.6364726214015476,0.6364726214015476,14,290.92857142857144,1.901422030669614,1.9014229011997088,0.004120751721676243,1469.6376242004728,1473.758375922149,1390.862472038107,0.4696376242004727,2767,2001-01-02,2011-12-30,30,1.0,1.0,0,0,1
multi_scale_sma200_entry_only__mr_30m__sma_distance_10__entry_m0p04__exit_0p01__shared_hours_3,mr_30m__sma_distance_10__entry_m0p04__exit_0p01__shared_hours_3,200,daily_sessions,17,entry_only,multi_scale_sma200_entry_only,2126,0,0,0,0,SMA_DISTANCE,10,daily_sessions,-0.04,0.01,3.0,3.0,3.0,7,7,-0.023035651532241956,0.027500192915602906,-0.10544066720400258,0.05622800675798453,0.027702958684291103,11.998800179976003,1.0909868291746696,6,0.5455479612013264,0.5455479612013264,12,444.8333333333333,1.5685334389328744,1.5685331577350625,0.003238257214645728,1347.655353976446,1350.8936111910916,1390.862472038107,0.347655353976446,2767,2001-01-02,2011-12-30,30,1.0,1.0,0,0,1
multi_scale_sma200_entry_only__mr_30m__sma_distance_10__entry_m0p06__exit_0__shared_hours_3,mr_30m__sma_distance_10__entry_m0p06__exit_0__shared_hours_3,200,daily_sessions,17,entry_only,multi_scale_sma200_entry_only,928,0,0,0,0,SMA_DISTANCE,10,daily_sessions,-0.06,0.0,3.0,3.0,3.0,7,7,0.213799188377016,0.033858622627557455,-0.03468663776113534,0.016067511092726545,0.003767768453502312,1.9998000299960004,0.18183113819577826,1,0.09092466020022108,0.09092466020022108,2,363.0,0.25044094244098863,0.2504414174055648,0.000577021921343885,1442.2663068277282,1442.843328749072,1390.862472038107,0.44226630682772816,2767,2001-01-02,2011-12-30,30,1.0,1.0,0,0,1
multi_scale_sma200_entry_only__mr_30m__sma_distance_10__entry_m0p06__exit_0p01__shared_hours_3,mr_30m__sma_distance_10__entry_m0p06__exit_0p01__shared_hours_3,200,daily_sessions,17,entry_only,multi_scale_sma200_entry_only,928,0,0,0,0,SMA_DISTANCE,10,daily_sessions,-0.06,0.01,3.0,3.0,3.0,7,7,0.21157810816480396,0.03380350255769948,-0.03468663776113534,0.015977154436592478,0.0037729582172123704,1.9998000299960004,0.18183113819577826,1,0.09092466020022108,0.09092466020022108,2,363.5,0.2503663708329985,0.2503668383396833,0.0005766836669038184,1441.4208398892697,1441.9975235561735,1390.862472038107,0.4414208398892696,2767,2001-01-02,2011-12-30,30,1.0,1.0,0,0,1
multi_scale_sma200_entry_only__mr_30m__zscore_10__entry_m1p5__exit_0__shared_hours_3,mr_30m__zscore_10__entry_m1p5__exit_0__shared_hours_3,200,daily_sessions,17,entry_only,multi_scale_sma200_entry_only,1386,0,0,0,0,ZSCORE,10,daily_sessions,-1.5,0.0,3.0,3.0,3.0,7,7,0.32128500774814045,0.05643037417643049,-0.12367919625844437,0.09032496127535895,0.1500101200392346,115.98840173976792,10.54620601535513,58,5.273630291612823,5.273630291612823,116,249.18103448275863,16.156193851519344,16.156198841135204,0.04292796586147733,1828.9623603266543,1871.8903261881317,1390.862472038107,0.8289623603266543,2767,2001-01-02,2011-12-30,30,1.0,1.0,0,0,1
multi_scale_sma200_entry_only__mr_30m__zscore_10__entry_m1p5__exit_m0p5__shared_hours_3,mr_30m__zscore_10__entry_m1p5__exit_m0p5__shared_hours_3,200,daily_sessions,17,entry_only,multi_scale_sma200_entry_only,1497,0,0,0,0,ZSCORE,10,daily_sessions,-1.5,-0.5,3.0,3.0,3.0,7,7,0.3319005847315798,0.0540521186229983,-0.12367919625844437,0.07738056271552911,0.10571029701017713,129.9870019497399,11.819023982725575,65,5.91010291301437,5.91010291301437,130,156.6846153846154,18.77060493398085,18.770609161807627,0.04699712473595991,1784.1849781785675,1831.1821029145274,1390.862472038107,0.7841849781785675,2767,2001-01-02,2011-12-30,30,1.0,1.0,0,0,1
multi_scale_sma200_entry_only__mr_30m__zscore_10__entry_m2__exit_0__shared_hours_3,mr_30m__zscore_10__entry_m2__exit_0__shared_hours_3,200,daily_sessions,17,entry_only,multi_scale_sma200_entry_only,120,0,1,0,0,ZSCORE,10,daily_sessions,-2.0,0.0,3.0,3.0,3.0,7,7,0.008294072262087216,0.029424608792081086,-0.1068117338453366,0.05383848319079021,0.05519313705646982,37.99620056992401,3.454791625719787,19,1.7275685438042006,1.7275685438042006,38,279.86842105263156,4.477249348672839,4.4772496812924745,0.010494970967725066,1375.6763893197417,1386.1713602874668,1390.862472038107,0.3756763893197417,2767,2001-01-02,2011-12-30,30,1.0,1.0,0,0,1
multi_scale_sma200_entry_only__mr_30m__zscore_50__entry_m2p5__exit_0__shared_hours_3,mr_30m__zscore_50__entry_m2p5__exit_0__shared_hours_3,200,daily_sessions,17,entry_only,multi_scale_sma200_entry_only,310,0,0,0,0,ZSCORE,50,daily_sessions,-2.5,0.0,3.0,3.0,3.0,7,7,0.2704564081636177,0.03930959691094649,-0.09638297872340429,0.033796493157900925,0.02717360278586516,5.999400089988002,0.5454934145873348,3,0.2727739806006632,0.2727739806006632,6,872.6666666666666,0.7600752081016032,0.7600765246495257,0.0018348671402447963,1528.1386950040337,1529.9735621442785,1390.862472038107,0.5281386950040337,2767,2001-01-02,2011-12-30,30,1.0,1.0,0,0,1
multi_scale_sma200_entry_only__mr_30m__zscore_50__entry_m2p5__exit_0p5__shared_hours_3,mr_30m__zscore_50__entry_m2p5__exit_0p5__shared_hours_3,200,daily_sessions,17,entry_only,multi_scale_sma200_entry_only,283,0,0,0,0,ZSCORE,50,daily_sessions,-2.5,0.5,3.0,3.0,3.0,7,7,0.17263666748415846,0.036967197268132024,-0.09638297872340429,0.04157543805571611,0.048498341870494635,5.999400089988002,0.5454934145873348,3,0.2727739806006632,0.2727739806006632,6,1557.5,0.7404316795502375,0.740432785802187,0.0017898941907828884,1490.6837192413104,1492.4736134320933,1390.862472038107,0.4906837192413105,2767,2001-01-02,2011-12-30,30,1.0,1.0,0,0,1
multi_scale_sma100_recovery_or_trend_break__mr_30m__ema_distance_10__entry_m0p04__exit_0__shared_hours_3,mr_30m__ema_distance_10__entry_m0p04__exit_0__shared_hours_3,100,daily_sessions,17,recovery_or_trend_break,multi_scale_sma100_recovery_or_trend_break,1786,3,0,0,0,EMA_DISTANCE,10,daily_sessions,-0.04,0.0,3.0,3.0,3.0,7,7,-0.015307025493405145,0.02975074045776238,-0.07110796377175,0.02475868122872258,0.005485580241531603,5.999400089988002,0.5454934145873348,3,0.2727739806006632,0.2727739806006632,6,176.16666666666666,0.6950155088084544,0.6950155605068067,0.0016575670712527426,1380.4772703304832,1382.134837401736,1390.862472038107,0.3804772703304833,2767,2001-01-02,2011-12-30,30,1.0,1.0,0,0,1
multi_scale_sma100_recovery_or_trend_break__mr_30m__ema_distance_10__entry_m0p06__exit_0__shared_hours_3,mr_30m__ema_distance_10__entry_m0p06__exit_0__shared_hours_3,100,daily_sessions,17,recovery_or_trend_break,multi_scale_sma100_recovery_or_trend_break,641,0,0,0,0,EMA_DISTANCE,10,daily_sessions,-0.06,0.0,3.0,3.0,3.0,7,7,,0.030452711148542644,0.0,0.0011514930333371037,0.0,0.0,0.0,0,0.0,0.0,0,0.0,0.0,0.0,0.0,1390.862472038107,1390.862472038107,1390.862472038107,0.39086247203810687,2767,2001-01-02,2011-12-30,30,1.0,1.0,0,0,1
multi_scale_sma100_recovery_or_trend_break__mr_30m__ema_distance_10__entry_m0p06__exit_0p01__shared_hours_3,mr_30m__ema_distance_10__entry_m0p06__exit_0p01__shared_hours_3,100,daily_sessions,17,recovery_or_trend_break,multi_scale_sma100_recovery_or_trend_break,641,0,0,0,0,EMA_DISTANCE,10,daily_sessions,-0.06,0.01,3.0,3.0,3.0,7,7,,0.030452711148542644,0.0,0.0011514930333371037,0.0,0.0,0.0,0,0.0,0.0,0,0.0,0.0,0.0,0.0,1390.862472038107,1390.862472038107,1390.862472038107,0.39086247203810687,2767,2001-01-02,2011-12-30,30,1.0,1.0,0,0,1
multi_scale_sma100_recovery_or_trend_break__mr_30m__ema_distance_50__entry_m0p04__exit_0p01__shared_hours_3,mr_30m__ema_distance_50__entry_m0p04__exit_0p01__shared_hours_3,100,daily_sessions,17,recovery_or_trend_break,multi_scale_sma100_recovery_or_trend_break,6709,2,0,0,0,EMA_DISTANCE,50,daily_sessions,-0.04,0.01,3.0,3.0,3.0,7,7,0.0049817811136263785,0.03031970889570723,-0.0711079637717501,0.021947628262227466,0.0042659857696679074,3.9996000599920007,0.3636622763915565,2,0.18184932040044216,0.18184932040044216,4,205.5,0.46240100407719975,0.4624011175540158,0.001111556049429055,1388.8893532640643,1390.0009093134934,1390.862472038107,0.38888935326406426,2767,2001-01-02,2011-12-30,30,1.0,1.0,0,0,1
multi_scale_sma100_recovery_or_trend_break__mr_30m__rsi_14__entry_20__exit_50__shared_hours_3,mr_30m__rsi_14__entry_20__exit_50__shared_hours_3,100,daily_sessions,17,recovery_or_trend_break,multi_scale_sma100_recovery_or_trend_break,28,0,0,0,0,RSI,14,daily_sessions,20.0,50.0,3.0,3.0,3.0,7,7,,0.030452711148542644,0.0,0.0011514930333371037,0.0,0.0,0.0,0,0.0,0.0,0,0.0,0.0,0.0,0.0,1390.862472038107,1390.862472038107,1390.862472038107,0.39086247203810687,2767,2001-01-02,2011-12-30,30,1.0,1.0,0,0,1
multi_scale_sma100_recovery_or_trend_break__mr_30m__rsi_14__entry_20__exit_60__shared_hours_3,mr_30m__rsi_14__entry_20__exit_60__shared_hours_3,100,daily_sessions,17,recovery_or_trend_break,multi_scale_sma100_recovery_or_trend_break,28,0,0,0,0,RSI,14,daily_sessions,20.0,60.0,3.0,3.0,3.0,7,7,,0.030452711148542644,0.0,0.0011514930333371037,0.0,0.0,0.0,0,0.0,0.0,0,0.0,0.0,0.0,0.0,1390.862472038107,1390.862472038107,1390.862472038107,0.39086247203810687,2767,2001-01-02,2011-12-30,30,1.0,1.0,0,0,1
multi_scale_sma100_recovery_or_trend_break__mr_30m__rsi_14__entry_20__exit_70__shared_hours_3,mr_30m__rsi_14__entry_20__exit_70__shared_hours_3,100,daily_sessions,17,recovery_or_trend_break,multi_scale_sma100_recovery_or_trend_break,28,0,0,0,0,RSI,14,daily_sessions,20.0,70.0,3.0,3.0,3.0,7,7,,0.030452711148542644,0.0,0.0011514930333371037,0.0,0.0,0.0,0,0.0,0.0,0,0.0,0.0,0.0,0.0,1390.862472038107,1390.862472038107,1390.862472038107,0.39086247203810687,2767,2001-01-02,2011-12-30,30,1.0,1.0,0,0,1
multi_scale_sma100_recovery_or_trend_break__mr_30m__rsi_2__entry_10__exit_50__shared_hours_3,mr_30m__rsi_2__entry_10__exit_50__shared_hours_3,100,daily_sessions,17,recovery_or_trend_break,multi_scale_sma100_recovery_or_trend_break,2207,19,0,0,0,RSI,2,daily_sessions,10.0,50.0,3.0,3.0,3.0,7,7,0.4200509569186162,0.05348878030563453,-0.0728805156172535,0.05652611544286629,0.05271761976677202,129.9870019497399,11.819023982725575,65,5.91010291301437,5.91010291301437,130,78.13846153846154,18.22796060129,18.22796453941061,0.046721615099432484,1773.7256116186072,1820.4472267180397,1390.862472038107,0.7737256116186073,2767,2001-01-02,2011-12-30,30,1.0,1.0,0,0,1
multi_scale_sma100_recovery_or_trend_break__mr_30m__rsi_2__entry_10__exit_60__shared_hours_3,mr_30m__rsi_2__entry_10__exit_60__shared_hours_3,100,daily_sessions,17,recovery_or_trend_break,multi_scale_sma100_recovery_or_trend_break,2207,19,0,0,0,RSI,2,daily_sessions,10.0,60.0,3.0,3.0,3.0,7,7,0.4037852593574312,0.05413719302703224,-0.0728805156172535,0.06099282270689315,0.06511596527010126,127.9872019197439,11.637192844529796,64,5.819178252814149,5.819178252814149,128,98.0234375,17.98630556586898,17.986309683256422,0.04630588315578598,1785.7693979719045,1832.0752811276905,1390.862472038107,0.7857693979719045,2767,2001-01-02,2011-12-30,30,1.0,1.0,0,0,1
multi_scale_sma100_recovery_or_trend_break__mr_30m__rsi_2__entry_10__exit_70__shared_hours_3,mr_30m__rsi_2__entry_10__exit_70__shared_hours_3,100,daily_sessions,17,recovery_or_trend_break,multi_scale_sma100_recovery_or_trend_break,2207,19,0,0,0,RSI,2,daily_sessions,10.0,70.0,3.0,3.0,3.0,7,7,0.3682820417165997,0.05368638804824011,-0.0728805156172535,0.06670156166261632,0.0866171563208727,121.98780182975591,11.091699429942462,61,5.546404272213485,5.546404272213485,122,136.80327868852459,17.145292365598543,17.14529647606994,0.04390169438902558,1777.3881827431267,1821.2898771321522,1390.862472038107,0.7773881827431266,2767,2001-01-02,2011-12-30,30,1.0,1.0,0,0,1
multi_scale_sma100_recovery_or_trend_break__mr_30m__rsi_2__entry_20__exit_50__shared_hours_3,mr_30m__rsi_2__entry_20__exit_50__shared_hours_3,100,daily_sessions,17,recovery_or_trend_break,multi_scale_sma100_recovery_or_trend_break,3871,30,0,0,0,RSI,2,daily_sessions,20.0,50.0,3.0,3.0,3.0,7,7,0.46704647628593143,0.06412516294436532,-0.09943745248982894,0.07500757987988091,0.10882934499992215,251.97480377949648,22.910723412668098,126,11.456507185227856,11.456507185227856,252,83.21428571428571,35.6133652739155,35.613371863333896,0.10239758711865625,1980.9294084461799,2083.326995564836,1390.862472038107,0.9809294084461799,2767,2001-01-02,2011-12-30,30,1.0,1.0,0,0,1
multi_scale_sma100_recovery_or_trend_break__mr_30m__rsi_2__entry_20__exit_60__shared_hours_3,mr_30m__rsi_2__entry_20__exit_60__shared_hours_3,100,daily_sessions,17,recovery_or_trend_break,multi_scale_sma100_recovery_or_trend_break,3871,30,0,0,0,RSI,2,daily_sessions,20.0,60.0,3.0,3.0,3.0,7,7,0.3624697241952496,0.05707274082048719,-0.08499558567251497,0.0791742642162885,0.12625657153829786,233.9766035095324,21.274243168906086,117,10.638185243425866,10.638185243425866,234,103.96581196581197,32.09227434886448,32.09227965130183,0.08821779236030033,1841.2306976246011,1929.4484899849015,1390.862472038107,0.8412306976246011,2767,2001-01-02,2011-12-30,30,1.0,1.0,0,0,1
multi_scale_sma100_recovery_or_trend_break__mr_30m__rsi_2__entry_20__exit_70__shared_hours_3,mr_30m__rsi_2__entry_20__exit_70__shared_hours_3,100,daily_sessions,17,recovery_or_trend_break,multi_scale_sma100_recovery_or_trend_break,3871,30,0,0,0,RSI,2,daily_sessions,20.0,70.0,3.0,3.0,3.0,7,7,0.3729700998267823,0.06037770088505057,-0.07511517321078853,0.0870895235614493,0.1570630089212038,211.9788031795763,19.27410064875252,106,9.638013981223434,9.638013981223434,212,142.75471698113208,30.13240971664233,30.132415659811205,0.08253229537080142,1905.5418514548553,1988.0741468256567,1390.862472038107,0.9055418514548552,2767,2001-01-02,2011-12-30,30,1.0,1.0,0,0,1
multi_scale_sma100_recovery_or_trend_break__mr_30m__rsi_2__entry_30__exit_50__shared_hours_3,mr_30m__rsi_2__entry_30__exit_50__shared_hours_3,100,daily_sessions,17,recovery_or_trend_break,multi_scale_sma100_recovery_or_trend_break,5372,42,2,0,0,RSI,2,daily_sessions,30.0,50.0,3.0,3.0,3.0,7,7,0.5730570105895968,0.0808146134363823,-0.12899629828576742,0.09061506990073019,0.15601467665177204,373.9626056092514,34.00242284261047,187,17.002911457441343,17.002911457441343,374,80.37967914438502,57.071506611188546,57.07151722800556,0.18257662298336116,2350.7135788431597,2533.290201826521,1390.862472038107,1.3507135788431595,2767,2001-01-02,2011-12-30,30,1.0,1.0,0,0,1
multi_scale_sma100_recovery_or_trend_break__mr_30m__rsi_2__entry_30__exit_60__shared_hours_3,mr_30m__rsi_2__entry_30__exit_60__shared_hours_3,100,daily_sessions,17,recovery_or_trend_break,multi_scale_sma100_recovery_or_trend_break,5372,42,2,0,0,RSI,2,daily_sessions,30.0,60.0,3.0,3.0,3.0,7,7,0.5136750235549461,0.07706052596249835,-0.10692367773384148,0.09513162340968123,0.17762485274045473,347.96520521930364,31.63861804606538,174,15.820890874838467,15.820890874838467,348,98.35057471264368,52.02982274653615,52.02983255971438,0.16307628919556375,2262.457745838314,2425.534035033878,1390.862472038107,1.2624577458383142,2767,2001-01-02,2011-12-30,30,1.0,1.0,0,0,1
multi_scale_sma100_recovery_or_trend_break__mr_30m__rsi_2__entry_30__exit_70__shared_hours_3,mr_30m__rsi_2__entry_30__exit_70__shared_hours_3,100,daily_sessions,17,recovery_or_trend_break,multi_scale_sma100_recovery_or_trend_break,5366,43,1,0,0,RSI,2,daily_sessions,30.0,70.0,3.0,3.0,3.0,7,7,0.4994104152434018,0.07921323379488987,-0.12206006745777043,0.10351757254576247,0.2100349271097687,307.969204619384,28.001995282149846,154,14.002397670834046,14.002397670834046,308,131.39935064935065,48.98611876409299,48.98612898752914,0.1469410609113288,2312.6905443184487,2459.6316052297775,1390.862472038107,1.312690544318449,2767,2001-01-02,2011-12-30,30,1.0,1.0,0,0,1
multi_scale_sma100_recovery_or_trend_break__mr_30m__rsi_5__entry_10__exit_50__shared_hours_3,mr_30m__rsi_5__entry_10__exit_50__shared_hours_3,100,daily_sessions,17,recovery_or_trend_break,multi_scale_sma100_recovery_or_trend_break,139,0,0,0,0,RSI,5,daily_sessions,10.0,50.0,3.0,3.0,3.0,7,7,,0.030452711148542644,0.0,0.0011514930333371037,0.0,0.0,0.0,0,0.0,0.0,0,0.0,0.0,0.0,0.0,1390.862472038107,1390.862472038107,1390.862472038107,0.39086247203810687,2767,2001-01-02,2011-12-30,30,1.0,1.0,0,0,1
multi_scale_sma100_recovery_or_trend_break__mr_30m__rsi_5__entry_10__exit_60__shared_hours_3,mr_30m__rsi_5__entry_10__exit_60__shared_hours_3,100,daily_sessions,17,recovery_or_trend_break,multi_scale_sma100_recovery_or_trend_break,139,0,0,0,0,RSI,5,daily_sessions,10.0,60.0,3.0,3.0,3.0,7,7,,0.030452711148542644,0.0,0.0011514930333371037,0.0,0.0,0.0,0,0.0,0.0,0,0.0,0.0,0.0,0.0,1390.862472038107,1390.862472038107,1390.862472038107,0.39086247203810687,2767,2001-01-02,2011-12-30,30,1.0,1.0,0,0,1
multi_scale_sma100_recovery_or_trend_break__mr_30m__rsi_5__entry_10__exit_70__shared_hours_3,mr_30m__rsi_5__entry_10__exit_70__shared_hours_3,100,daily_sessions,17,recovery_or_trend_break,multi_scale_sma100_recovery_or_trend_break,139,0,0,0,0,RSI,5,daily_sessions,10.0,70.0,3.0,3.0,3.0,7,7,,0.030452711148542644,0.0,0.0011514930333371037,0.0,0.0,0.0,0,0.0,0.0,0,0.0,0.0,0.0,0.0,1390.862472038107,1390.862472038107,1390.862472038107,0.39086247203810687,2767,2001-01-02,2011-12-30,30,1.0,1.0,0,0,1
multi_scale_sma100_recovery_or_trend_break__mr_30m__rsi_5__entry_20__exit_50__shared_hours_3,mr_30m__rsi_5__entry_20__exit_50__shared_hours_3,100,daily_sessions,17,recovery_or_trend_break,multi_scale_sma100_recovery_or_trend_break,1201,4,0,0,0,RSI,5,daily_sessions,20.0,50.0,3.0,3.0,3.0,7,7,0.553410206964812,0.04524726552405989,-0.03727380697443827,0.026478079683449087,0.011682158111341191,19.998000299960005,1.8183113819577825,10,0.9092466020022107,0.9092466020022107,20,112.55,2.6835795694395066,2.6835819308441793,0.006520818492171884,1626.9463819663931,1633.467200458565,1390.862472038107,0.6269463819663932,2767,2001-01-02,2011-12-30,30,1.0,1.0,0,0,1
multi_scale_sma100_recovery_or_trend_break__mr_30m__rsi_5__entry_30__exit_50__shared_hours_3,mr_30m__rsi_5__entry_30__exit_50__shared_hours_3,100,daily_sessions,17,recovery_or_trend_break,multi_scale_sma100_recovery_or_trend_break,3617,17,0,0,0,RSI,5,daily_sessions,30.0,50.0,3.0,3.0,3.0,7,7,0.33543406164665723,0.048500401575581,-0.07605058533219688,0.05669796386897037,0.06626809281373419,87.99120131982399,8.00057008061424,44,4.000685048809728,4.000685048809728,88,145.10227272727272,12.417190012731742,12.41719295854999,0.02989206626026271,1683.5106583769802,1713.402724637243,1390.862472038107,0.6835106583769803,2767,2001-01-02,2011-12-30,30,1.0,1.0,0,0,1
multi_scale_sma100_recovery_or_trend_break__mr_30m__sma_distance_10__entry_m0p02__exit_0__shared_hours_3,mr_30m__sma_distance_10__entry_m0p02__exit_0__shared_hours_3,100,daily_sessions,17,recovery_or_trend_break,multi_scale_sma100_recovery_or_trend_break,4923,19,0,0,0,SMA_DISTANCE,10,daily_sessions,-0.02,0.0,3.0,3.0,3.0,7,7,0.3242031355791491,0.05117618908296606,-0.11961386862724621,0.06887025251810307,0.06761743137834934,87.99120131982399,8.00057008061424,44,4.000685048809728,4.000685048809728,88,148.0568181818182,12.504941082391793,12.50494434912311,0.03074184311389695,1731.369791895773,1762.11163500967,1390.862472038107,0.7313697918957731,2767,2001-01-02,2011-12-30,30,1.0,1.0,0,0,1
multi_scale_sma100_recovery_or_trend_break__mr_30m__sma_distance_10__entry_m0p02__exit_0p01__shared_hours_3,mr_30m__sma_distance_10__entry_m0p02__exit_0p01__shared_hours_3,100,daily_sessions,17,recovery_or_trend_break,multi_scale_sma100_recovery_or_trend_break,4923,19,0,0,0,SMA_DISTANCE,10,daily_sessions,-0.02,0.01,3.0,3.0,3.0,7,7,0.25398203401767167,0.047632143978766806,-0.10081224554503809,0.07687576577977606,0.08333203589240581,79.99200119984,7.273245527831129,40,3.636986408008843,3.636986408008843,80,200.7125,11.089409589717832,11.089412401089893,0.026906541306223972,1668.2414306159144,1695.1479719221384,1390.862472038107,0.6682414306159143,2767,2001-01-02,2011-12-30,30,1.0,1.0,0,0,1
multi_scale_sma100_recovery_or_trend_break__mr_30m__sma_distance_10__entry_m0p04__exit_0__shared_hours_3,mr_30m__sma_distance_10__entry_m0p04__exit_0__shared_hours_3,100,daily_sessions,17,recovery_or_trend_break,multi_scale_sma100_recovery_or_trend_break,2289,4,0,0,0,SMA_DISTANCE,10,daily_sessions,-0.04,0.0,3.0,3.0,3.0,7,7,-0.007012534346873693,0.029744640937885647,-0.07110796377174988,0.030814574998457606,0.009227399876483624,9.999000149980002,0.9091556909788913,5,0.4546233010011054,0.4546233010011054,10,177.8,1.1064216433652905,1.1064217170398303,0.002763537308613195,1380.3873416436406,1383.1508789522538,1390.862472038107,0.38038734164364074,2767,2001-01-02,2011-12-30,30,1.0,1.0,0,0,1
multi_scale_sma100_recovery_or_trend_break__mr_30m__sma_distance_10__entry_m0p04__exit_0p01__shared_hours_3,mr_30m__sma_distance_10__entry_m0p04__exit_0p01__shared_hours_3,100,daily_sessions,17,recovery_or_trend_break,multi_scale_sma100_recovery_or_trend_break,2289,4,0,0,0,SMA_DISTANCE,10,daily_sessions,-0.04,0.01,3.0,3.0,3.0,7,7,-0.057461600175138246,0.027721702662907965,-0.09199201082874564,0.035434601530556845,0.013425918717920773,9.999000149980002,0.9091556909788913,5,0.4546233010011054,0.4546233010011054,10,258.7,1.0894066730614689,1.089406533079955,0.0027044116664262674,1350.8540736009634,1353.5584852673896,1390.862472038107,0.3508540736009633,2767,2001-01-02,2011-12-30,30,1.0,1.0,0,0,1
multi_scale_sma100_recovery_or_trend_break__mr_30m__sma_distance_10__entry_m0p06__exit_0__shared_hours_3,mr_30m__sma_distance_10__entry_m0p06__exit_0__shared_hours_3,100,daily_sessions,17,recovery_or_trend_break,multi_scale_sma100_recovery_or_trend_break,923,0,1,0,0,SMA_DISTANCE,10,daily_sessions,-0.06,0.0,3.0,3.0,3.0,7,7,,0.030452711148542644,0.0,0.0011514930333371037,0.0,0.0,0.0,0,0.0,0.0,0,0.0,0.0,0.0,0.0,1390.862472038107,1390.862472038107,1390.862472038107,0.39086247203810687,2767,2001-01-02,2011-12-30,30,1.0,1.0,0,0,1
multi_scale_sma100_recovery_or_trend_break__mr_30m__sma_distance_10__entry_m0p06__exit_0p01__shared_hours_3,mr_30m__sma_distance_10__entry_m0p06__exit_0p01__shared_hours_3,100,daily_sessions,17,recovery_or_trend_break,multi_scale_sma100_recovery_or_trend_break,923,0,1,0,0,SMA_DISTANCE,10,daily_sessions,-0.06,0.01,3.0,3.0,3.0,7,7,,0.030452711148542644,0.0,0.0011514930333371037,0.0,0.0,0.0,0,0.0,0.0,0,0.0,0.0,0.0,0.0,1390.862472038107,1390.862472038107,1390.862472038107,0.39086247203810687,2767,2001-01-02,2011-12-30,30,1.0,1.0,0,0,1
multi_scale_sma100_recovery_or_trend_break__mr_30m__zscore_10__entry_m1p5__exit_0__shared_hours_3,mr_30m__zscore_10__entry_m1p5__exit_0__shared_hours_3,100,daily_sessions,17,recovery_or_trend_break,multi_scale_sma100_recovery_or_trend_break,1787,22,0,0,0,ZSCORE,10,daily_sessions,-1.5,0.0,3.0,3.0,3.0,7,7,0.18605711694115667,0.041013837664718,-0.11343423040200007,0.06700830537002112,0.08525743822883744,109.98900164977994,10.000712600767796,55,5.000856311012159,5.000856311012159,110,149.34545454545454,14.085370683336592,14.085372865297549,0.03460965944133022,1555.924953810223,1590.5346132515533,1390.862472038107,0.5559249538102231,2767,2001-01-02,2011-12-30,30,1.0,1.0,0,0,1
multi_scale_sma100_recovery_or_trend_break__mr_30m__zscore_10__entry_m1p5__exit_m0p5__shared_hours_3,mr_30m__zscore_10__entry_m1p5__exit_m0p5__shared_hours_3,100,daily_sessions,17,recovery_or_trend_break,multi_scale_sma100_recovery_or_trend_break,1789,20,0,0,0,ZSCORE,10,daily_sessions,-1.5,-0.5,3.0,3.0,3.0,7,7,0.270576078830287,0.04565972570407406,-0.11135102222461202,0.06119381510990089,0.06612796919356262,121.98780182975591,11.091699429942462,61,5.546404272213485,5.546404272213485,122,104.44262295081967,16.44844379587262,16.448446506193307,0.04036051172710745,1634.0211372607666,1674.381648987874,1390.862472038107,0.6340211372607667,2767,2001-01-02,2011-12-30,30,1.0,1.0,0,0,1
multi_scale_sma100_recovery_or_trend_break__mr_30m__zscore_10__entry_m2__exit_0__shared_hours_3,mr_30m__zscore_10__entry_m2__exit_0__shared_hours_3,100,daily_sessions,17,recovery_or_trend_break,multi_scale_sma100_recovery_or_trend_break,155,8,0,0,0,ZSCORE,10,daily_sessions,-2.0,0.0,3.0,3.0,3.0,7,7,0.18755844320680456,0.037397739490339976,-0.06284584504872004,0.040207632664967755,0.029545324801361794,37.99620056992401,3.454791625719787,19,1.7275685438042006,1.7275685438042006,38,149.81578947368422,4.8686446144169615,4.868645900723178,0.011424394581274328,1497.5048464673682,1508.9292410486426,1390.862472038107,0.49750484646736814,2767,2001-01-02,2011-12-30,30,1.0,1.0,0,0,1
multi_scale_sma100_recovery_or_trend_break__mr_30m__zscore_50__entry_m2p5__exit_0__shared_hours_3,mr_30m__zscore_50__entry_m2p5__exit_0__shared_hours_3,100,daily_sessions,17,recovery_or_trend_break,multi_scale_sma100_recovery_or_trend_break,384,0,0,0,0,ZSCORE,50,daily_sessions,-2.5,0.0,3.0,3.0,3.0,7,7,,0.030452711148542644,0.0,0.0011514930333371037,0.0,0.0,0.0,0,0.0,0.0,0,0.0,0.0,0.0,0.0,1390.862472038107,1390.862472038107,1390.862472038107,0.39086247203810687,2767,2001-01-02,2011-12-30,30,1.0,1.0,0,0,1
multi_scale_sma100_recovery_or_trend_break__mr_30m__zscore_50__entry_m2p5__exit_0p5__shared_hours_3,mr_30m__zscore_50__entry_m2p5__exit_0p5__shared_hours_3,100,daily_sessions,17,recovery_or_trend_break,multi_scale_sma100_recovery_or_trend_break,384,0,0,0,0,ZSCORE,50,daily_sessions,-2.5,0.5,3.0,3.0,3.0,7,7,,0.030452711148542644,0.0,0.0011514930333371037,0.0,0.0,0.0,0,0.0,0.0,0,0.0,0.0,0.0,0.0,1390.862472038107,1390.862472038107,1390.862472038107,0.39086247203810687,2767,2001-01-02,2011-12-30,30,1.0,1.0,0,0,1
multi_scale_sma200_recovery_or_trend_break__mr_30m__ema_distance_10__entry_m0p04__exit_0__shared_hours_3,mr_30m__ema_distance_10__entry_m0p04__exit_0__shared_hours_3,200,daily_sessions,17,recovery_or_trend_break,multi_scale_sma200_recovery_or_trend_break,1777,0,0,0,0,EMA_DISTANCE,10,daily_sessions,-0.04,0.0,3.0,3.0,3.0,7,7,0.4083275074672656,0.041504625915522286,-0.03727380697443816,0.02706531924107437,0.007239720375531302,5.999400089988002,0.5454934145873348,3,0.2727739806006632,0.2727739806006632,6,232.5,0.7960172982938634,0.796018937123704,0.0018779404644290025,1564.011599364809,1565.889539829238,1390.862472038107,0.5640115993648089,2767,2001-01-02,2011-12-30,30,1.0,1.0,0,0,1
multi_scale_sma200_recovery_or_trend_break__mr_30m__ema_distance_10__entry_m0p06__exit_0__shared_hours_3,mr_30m__ema_distance_10__entry_m0p06__exit_0__shared_hours_3,200,daily_sessions,17,recovery_or_trend_break,multi_scale_sma200_recovery_or_trend_break,641,0,0,0,0,EMA_DISTANCE,10,daily_sessions,-0.06,0.0,3.0,3.0,3.0,7,7,,0.030452711148542644,0.0,0.0011514930333371037,0.0,0.0,0.0,0,0.0,0.0,0,0.0,0.0,0.0,0.0,1390.862472038107,1390.862472038107,1390.862472038107,0.39086247203810687,2767,2001-01-02,2011-12-30,30,1.0,1.0,0,0,1
multi_scale_sma200_recovery_or_trend_break__mr_30m__ema_distance_10__entry_m0p06__exit_0p01__shared_hours_3,mr_30m__ema_distance_10__entry_m0p06__exit_0p01__shared_hours_3,200,daily_sessions,17,recovery_or_trend_break,multi_scale_sma200_recovery_or_trend_break,641,0,0,0,0,EMA_DISTANCE,10,daily_sessions,-0.06,0.01,3.0,3.0,3.0,7,7,,0.030452711148542644,0.0,0.0011514930333371037,0.0,0.0,0.0,0,0.0,0.0,0,0.0,0.0,0.0,0.0,1390.862472038107,1390.862472038107,1390.862472038107,0.39086247203810687,2767,2001-01-02,2011-12-30,30,1.0,1.0,0,0,1
multi_scale_sma200_recovery_or_trend_break__mr_30m__ema_distance_50__entry_m0p04__exit_0p01__shared_hours_3,mr_30m__ema_distance_50__entry_m0p04__exit_0p01__shared_hours_3,200,daily_sessions,17,recovery_or_trend_break,multi_scale_sma200_recovery_or_trend_break,6552,5,1,0,0,EMA_DISTANCE,50,daily_sessions,-0.04,0.01,3.0,3.0,3.0,7,7,0.5633245836614733,0.045135172135769785,-0.030290456431535273,0.025763256909639393,0.0069335243166378634,13.998600209972004,1.2728179673704478,7,0.6364726214015476,0.6364726214015476,14,95.42857142857143,2.023233431013447,2.0232356310431903,0.004556455903528331,1625.0285096248135,1629.5849655283419,1390.862472038107,0.6250285096248136,2767,2001-01-02,2011-12-30,30,1.0,1.0,0,0,1
multi_scale_sma200_recovery_or_trend_break__mr_30m__rsi_14__entry_20__exit_50__shared_hours_3,mr_30m__rsi_14__entry_20__exit_50__shared_hours_3,200,daily_sessions,17,recovery_or_trend_break,multi_scale_sma200_recovery_or_trend_break,28,0,0,0,0,RSI,14,daily_sessions,20.0,50.0,3.0,3.0,3.0,7,7,,0.030452711148542644,0.0,0.0011514930333371037,0.0,0.0,0.0,0,0.0,0.0,0,0.0,0.0,0.0,0.0,1390.862472038107,1390.862472038107,1390.862472038107,0.39086247203810687,2767,2001-01-02,2011-12-30,30,1.0,1.0,0,0,1
multi_scale_sma200_recovery_or_trend_break__mr_30m__rsi_14__entry_20__exit_60__shared_hours_3,mr_30m__rsi_14__entry_20__exit_60__shared_hours_3,200,daily_sessions,17,recovery_or_trend_break,multi_scale_sma200_recovery_or_trend_break,28,0,0,0,0,RSI,14,daily_sessions,20.0,60.0,3.0,3.0,3.0,7,7,,0.030452711148542644,0.0,0.0011514930333371037,0.0,0.0,0.0,0,0.0,0.0,0,0.0,0.0,0.0,0.0,1390.862472038107,1390.862472038107,1390.862472038107,0.39086247203810687,2767,2001-01-02,2011-12-30,30,1.0,1.0,0,0,1
multi_scale_sma200_recovery_or_trend_break__mr_30m__rsi_14__entry_20__exit_70__shared_hours_3,mr_30m__rsi_14__entry_20__exit_70__shared_hours_3,200,daily_sessions,17,recovery_or_trend_break,multi_scale_sma200_recovery_or_trend_break,28,0,0,0,0,RSI,14,daily_sessions,20.0,70.0,3.0,3.0,3.0,7,7,,0.030452711148542644,0.0,0.0011514930333371037,0.0,0.0,0.0,0,0.0,0.0,0,0.0,0.0,0.0,0.0,1390.862472038107,1390.862472038107,1390.862472038107,0.39086247203810687,2767,2001-01-02,2011-12-30,30,1.0,1.0,0,0,1
multi_scale_sma200_recovery_or_trend_break__mr_30m__rsi_2__entry_10__exit_50__shared_hours_3,mr_30m__rsi_2__entry_10__exit_50__shared_hours_3,200,daily_sessions,17,recovery_or_trend_break,multi_scale_sma200_recovery_or_trend_break,1970,17,0,0,0,RSI,2,daily_sessions,10.0,50.0,3.0,3.0,3.0,7,7,0.28137120241220903,0.04556189265363875,-0.08434140495662823,0.057812313614407265,0.06389637079823755,135.98640203972792,12.36451739731291,68,6.182876893615033,6.182876893615033,136,90.52941176470588,18.914652337846867,18.91465498630449,0.045009009986493764,1632.3405228631664,1677.3495328496601,1390.862472038107,0.6323405228631664,2767,2001-01-02,2011-12-30,30,1.0,1.0,0,0,1
multi_scale_sma200_recovery_or_trend_break__mr_30m__rsi_2__entry_10__exit_60__shared_hours_3,mr_30m__rsi_2__entry_10__exit_60__shared_hours_3,200,daily_sessions,17,recovery_or_trend_break,multi_scale_sma200_recovery_or_trend_break,1970,17,0,0,0,RSI,2,daily_sessions,10.0,60.0,3.0,3.0,3.0,7,7,0.3395317537173364,0.050199289496447363,-0.08434140495662878,0.061648261478160785,0.07902453201305744,135.98640203972792,12.36451739731291,68,6.182876893615033,6.182876893615033,136,111.96323529411765,19.750682137936593,19.750685535543635,0.04725388859654072,1713.7554734535802,1761.009362050121,1390.862472038107,0.7137554734535803,2767,2001-01-02,2011-12-30,30,1.0,1.0,0,0,1
multi_scale_sma200_recovery_or_trend_break__mr_30m__rsi_2__entry_10__exit_70__shared_hours_3,mr_30m__rsi_2__entry_10__exit_70__shared_hours_3,200,daily_sessions,17,recovery_or_trend_break,multi_scale_sma200_recovery_or_trend_break,1970,17,0,0,0,RSI,2,daily_sessions,10.0,70.0,3.0,3.0,3.0,7,7,0.3784342907866721,0.05409171990700923,-0.0843414049566299,0.06579908421185647,0.09675795461032659,129.9870019497399,11.819023982725575,65,5.91010291301437,5.91010291301437,130,143.41538461538462,19.06524102817503,19.06524517119728,0.04701654782740115,1784.9223506897222,1831.9388985171233,1390.862472038107,0.7849223506897223,2767,2001-01-02,2011-12-30,30,1.0,1.0,0,0,1
multi_scale_sma200_recovery_or_trend_break__mr_30m__rsi_2__entry_20__exit_50__shared_hours_3,mr_30m__rsi_2__entry_20__exit_50__shared_hours_3,200,daily_sessions,17,recovery_or_trend_break,multi_scale_sma200_recovery_or_trend_break,3619,23,1,0,0,RSI,2,daily_sessions,20.0,50.0,3.0,3.0,3.0,7,7,0.3012980900291417,0.05091366429584854,-0.11011850545001489,0.07470244630542805,0.11961886375313333,241.97580362951643,22.001567721689202,121,11.00188388422675,11.00188388422675,242,95.24380165289256,33.16854181736363,33.16854600695011,0.08562379721512775,1726.6201506501857,1812.2439478653134,1390.862472038107,0.7266201506501857,2767,2001-01-02,2011-12-30,30,1.0,1.0,0,0,1
multi_scale_sma200_recovery_or_trend_break__mr_30m__rsi_2__entry_20__exit_60__shared_hours_3,mr_30m__rsi_2__entry_20__exit_60__shared_hours_3,200,daily_sessions,17,recovery_or_trend_break,multi_scale_sma200_recovery_or_trend_break,3619,23,1,0,0,RSI,2,daily_sessions,20.0,60.0,3.0,3.0,3.0,7,7,0.24445516630685105,0.04717097718465513,-0.11869847101202846,0.07869752934100849,0.14112524456761483,227.97720341954437,20.728749754318752,114,10.365411262825203,10.365411262825203,228,119.26754385964912,31.43189193288164,31.431895491288714,0.0774569243430401,1660.1826201896743,1737.6395445327144,1390.862472038107,0.6601826201896743,2767,2001-01-02,2011-12-30,30,1.0,1.0,0,0,1
multi_scale_sma200_recovery_or_trend_break__mr_30m__rsi_2__entry_20__exit_70__shared_hours_3,mr_30m__rsi_2__entry_20__exit_70__shared_hours_3,200,daily_sessions,17,recovery_or_trend_break,multi_scale_sma200_recovery_or_trend_break,3619,23,1,0,0,RSI,2,daily_sessions,20.0,70.0,3.0,3.0,3.0,7,7,0.37810175039677146,0.060179663017899676,-0.08844552234121594,0.08496258734564888,0.16888529065271657,211.9788031795763,19.27410064875252,106,9.638013981223434,9.638013981223434,212,153.5,31.645478631176577,31.645484474835857,0.08236293006215874,1901.6314708909229,1983.9944009530816,1390.862472038107,0.9016314708909228,2767,2001-01-02,2011-12-30,30,1.0,1.0,0,0,1
multi_scale_sma200_recovery_or_trend_break__mr_30m__rsi_2__entry_30__exit_50__shared_hours_3,mr_30m__rsi_2__entry_30__exit_50__shared_hours_3,200,daily_sessions,17,recovery_or_trend_break,multi_scale_sma200_recovery_or_trend_break,5103,33,0,0,0,RSI,2,daily_sessions,30.0,50.0,3.0,3.0,3.0,7,7,0.43166054535148446,0.06692674375129726,-0.1138353341499525,0.0902274199104048,0.167317982012279,369.96300554925944,33.63876056621892,185,16.8210621370409,16.8210621370409,370,87.13513513513513,55.018964146359465,55.018971838990204,0.15661282581631258,2039.0488090589265,2195.661634875239,1390.862472038107,1.0390488090589267,2767,2001-01-02,2011-12-30,30,1.0,1.0,0,0,1
multi_scale_sma200_recovery_or_trend_break__mr_30m__rsi_2__entry_30__exit_60__shared_hours_3,mr_30m__rsi_2__entry_30__exit_60__shared_hours_3,200,daily_sessions,17,recovery_or_trend_break,multi_scale_sma200_recovery_or_trend_break,5097,34,0,0,0,RSI,2,daily_sessions,30.0,60.0,3.0,3.0,3.0,7,7,0.419060773934937,0.06737495414339567,-0.13893456427481576,0.09499915387675796,0.19530118793691323,347.96520521930364,31.63861804606538,174,15.820890874838467,15.820890874838467,348,108.13793103448276,52.787599680884114,52.78760748018721,0.14765361820517955,2048.489537364557,2196.1431555697363,1390.862472038107,1.0484895373645569,2767,2001-01-02,2011-12-30,30,1.0,1.0,0,0,1
multi_scale_sma200_recovery_or_trend_break__mr_30m__rsi_2__entry_30__exit_70__shared_hours_3,mr_30m__rsi_2__entry_30__exit_70__shared_hours_3,200,daily_sessions,17,recovery_or_trend_break,multi_scale_sma200_recovery_or_trend_break,5090,35,0,0,0,RSI,2,daily_sessions,30.0,70.0,3.0,3.0,3.0,7,7,0.4691662272676781,0.07489405035504682,-0.11135088489974176,0.10112046695919139,0.22857795284580693,311.968804679376,28.3656575585414,156,14.184246991234488,14.184246991234488,312,141.16666666666666,49.639789198277185,49.639798592629475,0.14248469163566416,2212.9070386939006,2355.391730329565,1390.862472038107,1.2129070386939005,2767,2001-01-02,2011-12-30,30,1.0,1.0,0,0,1
multi_scale_sma200_recovery_or_trend_break__mr_30m__rsi_5__entry_10__exit_50__shared_hours_3,mr_30m__rsi_5__entry_10__exit_50__shared_hours_3,200,daily_sessions,17,recovery_or_trend_break,multi_scale_sma200_recovery_or_trend_break,139,0,0,0,0,RSI,5,daily_sessions,10.0,50.0,3.0,3.0,3.0,7,7,,0.030452711148542644,0.0,0.0011514930333371037,0.0,0.0,0.0,0,0.0,0.0,0,0.0,0.0,0.0,0.0,1390.862472038107,1390.862472038107,1390.862472038107,0.39086247203810687,2767,2001-01-02,2011-12-30,30,1.0,1.0,0,0,1
multi_scale_sma200_recovery_or_trend_break__mr_30m__rsi_5__entry_10__exit_60__shared_hours_3,mr_30m__rsi_5__entry_10__exit_60__shared_hours_3,200,daily_sessions,17,recovery_or_trend_break,multi_scale_sma200_recovery_or_trend_break,139,0,0,0,0,RSI,5,daily_sessions,10.0,60.0,3.0,3.0,3.0,7,7,,0.030452711148542644,0.0,0.0011514930333371037,0.0,0.0,0.0,0,0.0,0.0,0,0.0,0.0,0.0,0.0,1390.862472038107,1390.862472038107,1390.862472038107,0.39086247203810687,2767,2001-01-02,2011-12-30,30,1.0,1.0,0,0,1
multi_scale_sma200_recovery_or_trend_break__mr_30m__rsi_5__entry_10__exit_70__shared_hours_3,mr_30m__rsi_5__entry_10__exit_70__shared_hours_3,200,daily_sessions,17,recovery_or_trend_break,multi_scale_sma200_recovery_or_trend_break,139,0,0,0,0,RSI,5,daily_sessions,10.0,70.0,3.0,3.0,3.0,7,7,,0.030452711148542644,0.0,0.0011514930333371037,0.0,0.0,0.0,0,0.0,0.0,0,0.0,0.0,0.0,0.0,1390.862472038107,1390.862472038107,1390.862472038107,0.39086247203810687,2767,2001-01-02,2011-12-30,30,1.0,1.0,0,0,1
multi_scale_sma200_recovery_or_trend_break__mr_30m__rsi_5__entry_20__exit_50__shared_hours_3,mr_30m__rsi_5__entry_20__exit_50__shared_hours_3,200,daily_sessions,17,recovery_or_trend_break,multi_scale_sma200_recovery_or_trend_break,1027,7,0,0,0,RSI,5,daily_sessions,20.0,50.0,3.0,3.0,3.0,7,7,0.5375640472587383,0.05154976091125785,-0.05190492390639412,0.03922034450091702,0.026317291773705544,37.99620056992401,3.454791625719787,19,1.7275685438042006,1.7275685438042006,38,133.44736842105263,5.39311168479607,5.393115109219497,0.013260257535887604,1738.1489919749847,1751.4092495108723,1390.862472038107,0.7381489919749846,2767,2001-01-02,2011-12-30,30,1.0,1.0,0,0,1
multi_scale_sma200_recovery_or_trend_break__mr_30m__rsi_5__entry_30__exit_50__shared_hours_3,mr_30m__rsi_5__entry_30__exit_50__shared_hours_3,200,daily_sessions,17,recovery_or_trend_break,multi_scale_sma200_recovery_or_trend_break,3233,16,0,0,0,RSI,5,daily_sessions,30.0,50.0,3.0,3.0,3.0,7,7,0.2744976871974922,0.0461848978388395,-0.08869076212807803,0.06245031273336846,0.08293761385044139,97.99020146980396,8.909725771593129,49,4.455308349810833,4.455308349810833,98,163.07142857142858,13.817122739210015,13.817125471796869,0.032521838442841275,1643.0696654846322,1675.5915039274735,1390.862472038107,0.6430696654846322,2767,2001-01-02,2011-12-30,30,1.0,1.0,0,0,1
multi_scale_sma200_recovery_or_trend_break__mr_30m__sma_distance_10__entry_m0p02__exit_0__shared_hours_3,mr_30m__sma_distance_10__entry_m0p02__exit_0__shared_hours_3,200,daily_sessions,17,recovery_or_trend_break,multi_scale_sma200_recovery_or_trend_break,4807,19,0,0,0,SMA_DISTANCE,10,daily_sessions,-0.02,0.0,3.0,3.0,3.0,7,7,0.5511927610670476,0.06655079176603129,-0.0736160348328101,0.06662210972813762,0.07624281866446621,97.99020146980396,8.909725771593129,49,4.455308349810833,4.455308349810833,98,149.90816326530611,16.104401369241394,16.104407287575395,0.04020345455964912,2031.160592311716,2071.364046871365,1390.862472038107,1.031160592311716,2767,2001-01-02,2011-12-30,30,1.0,1.0,0,0,1
multi_scale_sma200_recovery_or_trend_break__mr_30m__sma_distance_10__entry_m0p02__exit_0p01__shared_hours_3,mr_30m__sma_distance_10__entry_m0p02__exit_0p01__shared_hours_3,200,daily_sessions,17,recovery_or_trend_break,multi_scale_sma200_recovery_or_trend_break,4807,19,0,0,0,SMA_DISTANCE,10,daily_sessions,-0.02,0.01,3.0,3.0,3.0,7,7,0.5380497713604931,0.06823234161718794,-0.11925266779812504,0.07185478677795133,0.0944173711770903,89.99100134981998,8.182401218810018,45,4.091609709009949,4.091609709009949,90,202.14444444444445,15.173799331608407,15.17380557232776,0.037536689957781616,2066.6596171230485,2104.19630708083,1390.862472038107,1.0666596171230487,2767,2001-01-02,2011-12-30,30,1.0,1.0,0,0,1
multi_scale_sma200_recovery_or_trend_break__mr_30m__sma_distance_10__entry_m0p04__exit_0__shared_hours_3,mr_30m__sma_distance_10__entry_m0p04__exit_0__shared_hours_3,200,daily_sessions,17,recovery_or_trend_break,multi_scale_sma200_recovery_or_trend_break,2280,5,0,0,0,SMA_DISTANCE,10,daily_sessions,-0.04,0.0,3.0,3.0,3.0,7,7,0.4262342619463524,0.04343298908636384,-0.036514198479883686,0.03050445127914152,0.009445369952306071,15.998400239968005,1.4546491055662263,8,0.7273972816017686,0.7273972816017686,16,113.75,2.301561278781611,2.301563247327535,0.00511588121994464,1596.1562995310142,1601.2721807509588,1390.862472038107,0.5961562995310141,2767,2001-01-02,2011-12-30,30,1.0,1.0,0,0,1
multi_scale_sma200_recovery_or_trend_break__mr_30m__sma_distance_10__entry_m0p04__exit_0p01__shared_hours_3,mr_30m__sma_distance_10__entry_m0p04__exit_0p01__shared_hours_3,200,daily_sessions,17,recovery_or_trend_break,multi_scale_sma200_recovery_or_trend_break,2280,5,0,0,0,SMA_DISTANCE,10,daily_sessions,-0.04,0.01,3.0,3.0,3.0,7,7,0.16550660948376714,0.03562445391739,-0.08782394076511713,0.0337198307763551,0.011458998271808685,13.998600209972004,1.2728179673704478,7,0.6364726214015476,0.6364726214015476,14,157.71428571428572,1.9134509198458995,1.9134516882672932,0.004120622378970666,1469.5914950136857,1473.7121173926564,1390.862472038107,0.4695914950136857,2767,2001-01-02,2011-12-30,30,1.0,1.0,0,0,1
multi_scale_sma200_recovery_or_trend_break__mr_30m__sma_distance_10__entry_m0p06__exit_0__shared_hours_3,mr_30m__sma_distance_10__entry_m0p06__exit_0__shared_hours_3,200,daily_sessions,17,recovery_or_trend_break,multi_scale_sma200_recovery_or_trend_break,928,0,0,0,0,SMA_DISTANCE,10,daily_sessions,-0.06,0.0,3.0,3.0,3.0,7,7,0.213799188377016,0.033858622627557455,-0.03468663776113534,0.016067511092726545,0.003767768453502312,1.9998000299960004,0.18183113819577826,1,0.09092466020022108,0.09092466020022108,2,363.0,0.25044094244098863,0.2504414174055648,0.000577021921343885,1442.2663068277282,1442.843328749072,1390.862472038107,0.44226630682772816,2767,2001-01-02,2011-12-30,30,1.0,1.0,0,0,1
multi_scale_sma200_recovery_or_trend_break__mr_30m__sma_distance_10__entry_m0p06__exit_0p01__shared_hours_3,mr_30m__sma_distance_10__entry_m0p06__exit_0p01__shared_hours_3,200,daily_sessions,17,recovery_or_trend_break,multi_scale_sma200_recovery_or_trend_break,928,0,0,0,0,SMA_DISTANCE,10,daily_sessions,-0.06,0.01,3.0,3.0,3.0,7,7,0.21157810816480396,0.03380350255769948,-0.03468663776113534,0.015977154436592478,0.0037729582172123704,1.9998000299960004,0.18183113819577826,1,0.09092466020022108,0.09092466020022108,2,363.5,0.2503663708329985,0.2503668383396833,0.0005766836669038184,1441.4208398892697,1441.9975235561735,1390.862472038107,0.4414208398892696,2767,2001-01-02,2011-12-30,30,1.0,1.0,0,0,1
multi_scale_sma200_recovery_or_trend_break__mr_30m__zscore_10__entry_m1p5__exit_0__shared_hours_3,mr_30m__zscore_10__entry_m1p5__exit_0__shared_hours_3,200,daily_sessions,17,recovery_or_trend_break,multi_scale_sma200_recovery_or_trend_break,1694,19,0,0,0,ZSCORE,10,daily_sessions,-1.5,0.0,3.0,3.0,3.0,7,7,0.5787821458446882,0.06851825874471462,-0.09890818247158717,0.0666484321763785,0.09573038139573506,119.98800179975991,10.909868291746685,60,5.4554796120132645,5.4554796120132645,120,153.71666666666667,18.718934146332654,18.718940950476533,0.05034779006373219,2072.7513785792858,2123.099168643018,1390.862472038107,1.072751378579286,2767,2001-01-02,2011-12-30,30,1.0,1.0,0,0,1
multi_scale_sma200_recovery_or_trend_break__mr_30m__zscore_10__entry_m1p5__exit_m0p5__shared_hours_3,mr_30m__zscore_10__entry_m1p5__exit_m0p5__shared_hours_3,200,daily_sessions,17,recovery_or_trend_break,multi_scale_sma200_recovery_or_trend_break,1694,19,0,0,0,ZSCORE,10,daily_sessions,-1.5,-0.5,3.0,3.0,3.0,7,7,0.5187617993287732,0.060710035864905976,-0.09810703706023283,0.05932127472834949,0.07230897777224203,129.9870019497399,11.819023982725575,65,5.91010291301437,5.91010291301437,130,107.17692307692307,19.28060023453648,19.28060549250467,0.05036706619226265,1912.1204414108058,1962.4875076030685,1390.862472038107,0.9121204414108057,2767,2001-01-02,2011-12-30,30,1.0,1.0,0,0,1
multi_scale_sma200_recovery_or_trend_break__mr_30m__zscore_10__entry_m2__exit_0__shared_hours_3,mr_30m__zscore_10__entry_m2__exit_0__shared_hours_3,200,daily_sessions,17,recovery_or_trend_break,multi_scale_sma200_recovery_or_trend_break,127,5,1,0,0,ZSCORE,10,daily_sessions,-2.0,0.0,3.0,3.0,3.0,7,7,0.21117537925842397,0.03919069985346657,-0.06284584504872026,0.044800719137935166,0.03675390659463275,37.99620056992401,3.454791625719787,19,1.7275685438042006,1.7275685438042006,38,186.3684210526316,4.826366989145726,4.826368575298955,0.011643439123352436,1526.217113102062,1537.8605522254145,1390.862472038107,0.5262171131020621,2767,2001-01-02,2011-12-30,30,1.0,1.0,0,0,1
multi_scale_sma200_recovery_or_trend_break__mr_30m__zscore_50__entry_m2p5__exit_0__shared_hours_3,mr_30m__zscore_50__entry_m2p5__exit_0__shared_hours_3,200,daily_sessions,17,recovery_or_trend_break,multi_scale_sma200_recovery_or_trend_break,316,3,0,0,0,ZSCORE,50,daily_sessions,-2.5,0.0,3.0,3.0,3.0,7,7,0.3769966789649354,0.037525723861961735,-0.03226652675760744,0.018648713879045722,0.011448618744388569,7.9992001199840015,0.727324552783113,4,0.3636986408008843,0.3636986408008843,8,275.75,1.0243279867028035,1.0243290252289856,0.002401181209892229,1499.5379807100524,1501.9391619199446,1390.862472038107,0.4995379807100524,2767,2001-01-02,2011-12-30,30,1.0,1.0,0,0,1
multi_scale_sma200_recovery_or_trend_break__mr_30m__zscore_50__entry_m2p5__exit_0p5__shared_hours_3,mr_30m__zscore_50__entry_m2p5__exit_0p5__shared_hours_3,200,daily_sessions,17,recovery_or_trend_break,multi_scale_sma200_recovery_or_trend_break,316,4,0,0,0,ZSCORE,50,daily_sessions,-2.5,0.5,3.0,3.0,3.0,7,7,0.16461324469630564,0.03358217983090683,-0.04223504721930749,0.01964147537573623,0.014930950193837675,7.999200119984002,0.7273245527831131,4,0.3636986408008843,0.3636986408008843,8,359.625,0.987074372533997,0.9870749180887981,0.0023026906045879513,1438.0305847824698,1440.3332753870577,1390.862472038107,0.4380305847824697,2767,2001-01-02,2011-12-30,30,1.0,1.0,0,0,1
multi_scale_sma100_entry_only__mr_30m__ema_distance_10__entry_m0p04__exit_0__shared_hours_3,mr_30m__ema_distance_10__entry_m0p04__exit_0__shared_hours_3,100,daily_sessions,17,entry_only,multi_scale_sma100_entry_only,1774,0,0,0,0,EMA_DISTANCE,10,daily_sessions,-0.04,0.0,3.0,3.0,3.0,7,7,0.15990482620918267,0.03543958252053825,-0.09884763124199736,0.033780230969122235,0.011484947090358976,5.998800389880037,0.5454388870587961,3,0.2727739806006632,0.2727739806006632,6,368.8333333333333,0.7173713194505941,2.1521215459811307,0.0035243287664784473,1466.708825581763,1470.2331543482414,1390.862472038107,0.4667088255817631,2767,2001-01-02,2011-12-30,30,1.0,3.0,0,0,3
multi_scale_sma100_entry_only__mr_30m__ema_distance_10__entry_m0p06__exit_0__shared_hours_3,mr_30m__ema_distance_10__entry_m0p06__exit_0__shared_hours_3,100,daily_sessions,17,entry_only,multi_scale_sma100_entry_only,641,0,0,0,0,EMA_DISTANCE,10,daily_sessions,-0.06,0.0,3.0,3.0,3.0,7,7,,0.030452711148542644,0.0,0.0011514930333371037,0.0,0.0,0.0,0,0.0,0.0,0,0.0,0.0,0.0,0.0,1390.862472038107,1390.862472038107,1390.862472038107,0.39086247203810687,2767,2001-01-02,2011-12-30,30,1.0,3.0,0,0,3
multi_scale_sma100_entry_only__mr_30m__ema_distance_10__entry_m0p06__exit_0p01__shared_hours_3,mr_30m__ema_distance_10__entry_m0p06__exit_0p01__shared_hours_3,100,daily_sessions,17,entry_only,multi_scale_sma100_entry_only,641,0,0,0,0,EMA_DISTANCE,10,daily_sessions,-0.06,0.01,3.0,3.0,3.0,7,7,,0.030452711148542644,0.0,0.0011514930333371037,0.0,0.0,0.0,0,0.0,0.0,0,0.0,0.0,0.0,0.0,1390.862472038107,1390.862472038107,1390.862472038107,0.39086247203810687,2767,2001-01-02,2011-12-30,30,1.0,3.0,0,0,3
multi_scale_sma100_entry_only__mr_30m__ema_distance_50__entry_m0p04__exit_0p01__shared_hours_3,mr_30m__ema_distance_50__entry_m0p04__exit_0p01__shared_hours_3,100,daily_sessions,17,entry_only,multi_scale_sma100_entry_only,6516,0,0,0,0,EMA_DISTANCE,50,daily_sessions,-0.04,0.01,3.0,3.0,3.0,7,7,0.14781577665007878,0.03596333541039454,-0.1426376440460948,0.042128834786976974,0.012201134482347019,3.9992002599200243,0.363625924705864,2,0.18184932040044216,0.18184932040044216,4,587.75,0.4799708701127652,1.4399203325028176,0.002361711313794558,1474.8889959128733,1477.2507072266678,1390.862472038107,0.47488899591287326,2767,2001-01-02,2011-12-30,30,1.0,3.0,0,0,3
multi_scale_sma100_entry_only__mr_30m__rsi_14__entry_20__exit_50__shared_hours_3,mr_30m__rsi_14__entry_20__exit_50__shared_hours_3,100,daily_sessions,17,entry_only,multi_scale_sma100_entry_only,28,0,0,0,0,RSI,14,daily_sessions,20.0,50.0,3.0,3.0,3.0,7,7,,0.030452711148542644,0.0,0.0011514930333371037,0.0,0.0,0.0,0,0.0,0.0,0,0.0,0.0,0.0,0.0,1390.862472038107,1390.862472038107,1390.862472038107,0.39086247203810687,2767,2001-01-02,2011-12-30,30,1.0,3.0,0,0,3
multi_scale_sma100_entry_only__mr_30m__rsi_14__entry_20__exit_60__shared_hours_3,mr_30m__rsi_14__entry_20__exit_60__shared_hours_3,100,daily_sessions,17,entry_only,multi_scale_sma100_entry_only,28,0,0,0,0,RSI,14,daily_sessions,20.0,60.0,3.0,3.0,3.0,7,7,,0.030452711148542644,0.0,0.0011514930333371037,0.0,0.0,0.0,0,0.0,0.0,0,0.0,0.0,0.0,0.0,1390.862472038107,1390.862472038107,1390.862472038107,0.39086247203810687,2767,2001-01-02,2011-12-30,30,1.0,3.0,0,0,3
multi_scale_sma100_entry_only__mr_30m__rsi_14__entry_20__exit_70__shared_hours_3,mr_30m__rsi_14__entry_20__exit_70__shared_hours_3,100,daily_sessions,17,entry_only,multi_scale_sma100_entry_only,28,0,0,0,0,RSI,14,daily_sessions,20.0,70.0,3.0,3.0,3.0,7,7,,0.030452711148542644,0.0,0.0011514930333371037,0.0,0.0,0.0,0,0.0,0.0,0,0.0,0.0,0.0,0.0,1390.862472038107,1390.862472038107,1390.862472038107,0.39086247203810687,2767,2001-01-02,2011-12-30,30,1.0,3.0,0,0,3
multi_scale_sma100_entry_only__mr_30m__rsi_2__entry_10__exit_50__shared_hours_3,mr_30m__rsi_2__entry_10__exit_50__shared_hours_3,100,daily_sessions,17,entry_only,multi_scale_sma100_entry_only,1893,0,0,0,0,RSI,2,daily_sessions,10.0,50.0,3.0,3.0,3.0,7,7,0.20394239298180405,0.04318568007161039,-0.12367919625844437,0.07363908099627338,0.07857821233399244,129.97400844740093,11.817842552940593,65,5.91010291301437,5.91010291301437,130,116.46923076923076,17.32608224055342,51.97827153258306,0.08497421079834476,1592.0004998964648,1676.9747106948096,1390.862472038107,0.5920004998964647,2767,2001-01-02,2011-12-30,30,1.0,3.0,0,0,3
multi_scale_sma100_entry_only__mr_30m__rsi_2__entry_10__exit_60__shared_hours_3,mr_30m__rsi_2__entry_10__exit_60__shared_hours_3,100,daily_sessions,17,entry_only,multi_scale_sma100_entry_only,1853,0,0,0,0,RSI,2,daily_sessions,10.0,60.0,3.0,3.0,3.0,7,7,0.15448366552232445,0.039904506405817,-0.1640014688103303,0.07993209268442375,0.09979915614442074,127.97440831744092,11.636029590587661,64,5.819178252814149,5.819178252814149,128,150.234375,16.81662862388658,50.44990694757944,0.08078512471378235,1537.7865360410822,1618.5716607548645,1390.862472038107,0.5377865360410821,2767,2001-01-02,2011-12-30,30,1.0,3.0,0,0,3
multi_scale_sma100_entry_only__mr_30m__rsi_2__entry_10__exit_70__shared_hours_3,mr_30m__rsi_2__entry_10__exit_70__shared_hours_3,100,daily_sessions,17,entry_only,multi_scale_sma100_entry_only,1853,0,0,0,0,RSI,2,daily_sessions,10.0,70.0,3.0,3.0,3.0,7,7,0.26369751299203026,0.05018462562389581,-0.13097589885420768,0.08613718735950929,0.12465293455188985,121.97560792756087,11.090590703528864,61,5.546404272213485,5.546404272213485,122,196.87704918032787,17.029882214265864,51.089682772420396,0.0856923142932801,1713.4923171295648,1799.1846314228449,1390.862472038107,0.7134923171295648,2767,2001-01-02,2011-12-30,30,1.0,3.0,0,0,3
multi_scale_sma100_entry_only__mr_30m__rsi_2__entry_20__exit_50__shared_hours_3,mr_30m__rsi_2__entry_20__exit_50__shared_hours_3,100,daily_sessions,17,entry_only,multi_scale_sma100_entry_only,3283,0,0,0,0,RSI,2,daily_sessions,20.0,50.0,3.0,3.0,3.0,7,7,0.2964376463692439,0.054725723774081914,-0.14512939917038403,0.09345891530897919,0.14767472636970838,251.94961637496186,22.908433256469465,126,11.456507185227856,11.456507185227856,252,112.91666666666667,34.79919265706668,104.39762913402858,0.19055667540879084,1796.7652317173388,1987.3219071261296,1390.862472038107,0.7967652317173388,2767,2001-01-02,2011-12-30,30,1.0,3.0,0,0,3
multi_scale_sma100_entry_only__mr_30m__rsi_2__entry_20__exit_60__shared_hours_3,mr_30m__rsi_2__entry_20__exit_60__shared_hours_3,100,daily_sessions,17,entry_only,multi_scale_sma100_entry_only,3203,0,0,0,0,RSI,2,daily_sessions,20.0,60.0,3.0,3.0,3.0,7,7,0.1940525614136201,0.04529055150083394,-0.19777120066836196,0.0992895391248489,0.17613020079195793,233.95321520532173,21.272116595293074,117,10.638185243425866,10.638185243425866,234,145.03418803418805,31.268712365959203,93.80617381935106,0.15970937230769072,1627.6875379959945,1787.3969103036852,1390.862472038107,0.6276875379959945,2767,2001-01-02,2011-12-30,30,1.0,3.0,0,0,3
multi_scale_sma100_entry_only__mr_30m__rsi_2__entry_20__exit_70__shared_hours_3,mr_30m__rsi_2__entry_20__exit_70__shared_hours_3,100,daily_sessions,17,entry_only,multi_scale_sma100_entry_only,3163,0,0,0,0,RSI,2,daily_sessions,20.0,70.0,3.0,3.0,3.0,7,7,0.33685198541790173,0.06263959238718542,-0.14363971756393923,0.1092053194255215,0.21702034906350715,211.95761377576156,19.27217400941082,106,9.638013981223434,9.638013981223434,212,197.25,31.908214133031976,95.7247068306522,0.17263795828591766,1950.7257818850935,2123.363740171011,1390.862472038107,0.9507257818850936,2767,2001-01-02,2011-12-30,30,1.0,3.0,0,0,3
multi_scale_sma100_entry_only__mr_30m__rsi_2__entry_30__exit_50__shared_hours_3,mr_30m__rsi_2__entry_30__exit_50__shared_hours_3,100,daily_sessions,17,entry_only,multi_scale_sma100_entry_only,4444,0,1,0,0,RSI,2,daily_sessions,30.0,50.0,3.0,3.0,3.0,7,7,0.4014810910179133,0.07062858575486275,-0.24685025800964533,0.11077475095008979,0.20509946182150326,373.9252243025228,33.99902395999833,187,17.002911457441343,17.002911457441343,374,105.66844919786097,56.0228906182888,168.06875921462,0.3418165571041181,2118.221426796327,2460.037983900445,1390.862472038107,1.1182214267963269,2767,2001-01-02,2011-12-30,30,1.0,3.0,0,0,3
multi_scale_sma100_entry_only__mr_30m__rsi_2__entry_30__exit_60__shared_hours_3,mr_30m__rsi_2__entry_30__exit_60__shared_hours_3,100,daily_sessions,17,entry_only,multi_scale_sma100_entry_only,4316,0,1,0,0,RSI,2,daily_sessions,30.0,60.0,3.0,3.0,3.0,7,7,0.35921831010718863,0.06715437142239167,-0.2901789974114324,0.11659405479822732,0.23919620939658617,347.9304226130426,31.635455449410212,174,15.820890874838467,15.820890874838467,348,132.44252873563218,52.01458749222291,156.0438433189404,0.30525534334098436,2043.8384133265022,2349.0937566674866,1390.862472038107,1.043838413326502,2767,2001-01-02,2011-12-30,30,1.0,3.0,0,0,3
multi_scale_sma100_entry_only__mr_30m__rsi_2__entry_30__exit_70__shared_hours_3,mr_30m__rsi_2__entry_30__exit_70__shared_hours_3,100,daily_sessions,17,entry_only,multi_scale_sma100_entry_only,4197,0,0,0,0,RSI,2,daily_sessions,30.0,70.0,3.0,3.0,3.0,7,7,0.46387753470500065,0.08413601141349836,-0.25357689143771,0.1271421397076813,0.2866617882887792,305.9388198838823,27.817383239998634,153,13.911473010633825,13.911473010633825,306,180.50980392156862,52.592102497699415,157.77642152394736,0.3165823612128597,2431.394292638561,2747.976653851421,1390.862472038107,1.431394292638561,2767,2001-01-02,2011-12-30,30,1.0,3.0,0,0,3
multi_scale_sma100_entry_only__mr_30m__rsi_5__entry_10__exit_50__shared_hours_3,mr_30m__rsi_5__entry_10__exit_50__shared_hours_3,100,daily_sessions,17,entry_only,multi_scale_sma100_entry_only,139,0,0,0,0,RSI,5,daily_sessions,10.0,50.0,3.0,3.0,3.0,7,7,,0.030452711148542644,0.0,0.0011514930333371037,0.0,0.0,0.0,0,0.0,0.0,0,0.0,0.0,0.0,0.0,1390.862472038107,1390.862472038107,1390.862472038107,0.39086247203810687,2767,2001-01-02,2011-12-30,30,1.0,3.0,0,0,3
multi_scale_sma100_entry_only__mr_30m__rsi_5__entry_10__exit_60__shared_hours_3,mr_30m__rsi_5__entry_10__exit_60__shared_hours_3,100,daily_sessions,17,entry_only,multi_scale_sma100_entry_only,139,0,0,0,0,RSI,5,daily_sessions,10.0,60.0,3.0,3.0,3.0,7,7,,0.030452711148542644,0.0,0.0011514930333371037,0.0,0.0,0.0,0,0.0,0.0,0,0.0,0.0,0.0,0.0,1390.862472038107,1390.862472038107,1390.862472038107,0.39086247203810687,2767,2001-01-02,2011-12-30,30,1.0,3.0,0,0,3
multi_scale_sma100_entry_only__mr_30m__rsi_5__entry_10__exit_70__shared_hours_3,mr_30m__rsi_5__entry_10__exit_70__shared_hours_3,100,daily_sessions,17,entry_only,multi_scale_sma100_entry_only,139,0,0,0,0,RSI,5,daily_sessions,10.0,70.0,3.0,3.0,3.0,7,7,,0.030452711148542644,0.0,0.0011514930333371037,0.0,0.0,0.0,0,0.0,0.0,0,0.0,0.0,0.0,0.0,1390.862472038107,1390.862472038107,1390.862472038107,0.39086247203810687,2767,2001-01-02,2011-12-30,30,1.0,3.0,0,0,3
multi_scale_sma100_entry_only__mr_30m__rsi_5__entry_20__exit_50__shared_hours_3,mr_30m__rsi_5__entry_20__exit_50__shared_hours_3,100,daily_sessions,17,entry_only,multi_scale_sma100_entry_only,1201,0,0,0,0,RSI,5,daily_sessions,20.0,50.0,3.0,3.0,3.0,7,7,0.6245254848973171,0.0515896604719881,-0.03746629446679539,0.03349336883158112,0.019404526511907914,19.99600129960012,1.81812962352932,10,0.9092466020022107,0.9092466020022107,20,186.95,2.7933611714729873,8.380114811849866,0.013966788774472206,1738.8744728682902,1752.8412616427624,1390.862472038107,0.7388744728682903,2767,2001-01-02,2011-12-30,30,1.0,3.0,0,0,3
multi_scale_sma100_entry_only__mr_30m__rsi_5__entry_30__exit_50__shared_hours_3,mr_30m__rsi_5__entry_30__exit_50__shared_hours_3,100,daily_sessions,17,entry_only,multi_scale_sma100_entry_only,3004,0,0,0,0,RSI,5,daily_sessions,30.0,50.0,3.0,3.0,3.0,7,7,0.34275276685451866,0.05545417425835697,-0.12778491704104156,0.07926141625851556,0.1128150835292469,87.98240571824061,7.999770343529016,44,4.000685048809728,4.000685048809728,88,247.02272727272728,12.803640726691135,38.41096352077323,0.06486310407779751,1810.4604865371641,1875.3235906149616,1390.862472038107,0.8104604865371641,2767,2001-01-02,2011-12-30,30,1.0,3.0,0,0,3
multi_scale_sma100_entry_only__mr_30m__sma_distance_10__entry_m0p02__exit_0__shared_hours_3,mr_30m__sma_distance_10__entry_m0p02__exit_0__shared_hours_3,100,daily_sessions,17,entry_only,multi_scale_sma100_entry_only,4352,0,0,0,0,SMA_DISTANCE,10,daily_sessions,-0.02,0.0,3.0,3.0,3.0,7,7,0.46965865584586375,0.07050791087095654,-0.14624656536396896,0.08996932300050989,0.10768240721999928,85.9828055882806,7.817957381176083,43,3.9097603886095063,3.9097603886095063,86,241.2674418604651,13.565506769057984,40.696585345166454,0.07404277517656101,2115.5970690945246,2189.6398442710856,1390.862472038107,1.1155970690945245,2767,2001-01-02,2011-12-30,30,1.0,3.0,0,0,3
multi_scale_sma100_entry_only__mr_30m__sma_distance_10__entry_m0p02__exit_0p01__shared_hours_3,mr_30m__sma_distance_10__entry_m0p02__exit_0p01__shared_hours_3,100,daily_sessions,17,entry_only,multi_scale_sma100_entry_only,4178,0,0,0,0,SMA_DISTANCE,10,daily_sessions,-0.02,0.01,3.0,3.0,3.0,7,7,0.3018365766151905,0.0574111583932253,-0.17255439040804965,0.10347056007433482,0.14970392398034119,75.98480493848052,6.908892569411422,38,3.455137087608401,3.455137087608401,76,379.55263157894734,11.463496216573338,34.39053261635191,0.057033327104492174,1847.7240612108287,1904.757388315321,1390.862472038107,0.8477240612108288,2767,2001-01-02,2011-12-30,30,1.0,3.0,0,0,3
multi_scale_sma100_entry_only__mr_30m__sma_distance_10__entry_m0p04__exit_0__shared_hours_3,mr_30m__sma_distance_10__entry_m0p04__exit_0__shared_hours_3,100,daily_sessions,17,entry_only,multi_scale_sma100_entry_only,2257,0,0,0,0,SMA_DISTANCE,10,daily_sessions,-0.04,0.0,3.0,3.0,3.0,7,7,0.17253722715870448,0.03682051835067646,-0.09884763124199736,0.040506288422998596,0.019669204461120884,9.99800064980006,0.90906481176466,5,0.4546233010011054,0.4546233010011054,10,379.0,1.1443701281269985,3.4331199224231197,0.005965388272514474,1488.3663276638983,1494.3317159364128,1390.862472038107,0.4883663276638983,2767,2001-01-02,2011-12-30,30,1.0,3.0,0,0,3
multi_scale_sma100_entry_only__mr_30m__sma_distance_10__entry_m0p04__exit_0p01__shared_hours_3,mr_30m__sma_distance_10__entry_m0p04__exit_0p01__shared_hours_3,100,daily_sessions,17,entry_only,multi_scale_sma100_entry_only,2223,0,0,0,0,SMA_DISTANCE,10,daily_sessions,-0.04,0.01,3.0,3.0,3.0,7,7,0.02448728046941095,0.030469049917730473,-0.09884763124199736,0.04862089916462735,0.02937925236263993,9.99800064980006,0.90906481176466,5,0.4546233010011054,0.4546233010011054,10,566.1,1.1334009759170707,3.40020459446196,0.005575563972235614,1391.1050370729024,1396.680601045138,1390.862472038107,0.39110503707290234,2767,2001-01-02,2011-12-30,30,1.0,3.0,0,0,3
multi_scale_sma100_entry_only__mr_30m__sma_distance_10__entry_m0p06__exit_0__shared_hours_3,mr_30m__sma_distance_10__entry_m0p06__exit_0__shared_hours_3,100,daily_sessions,17,entry_only,multi_scale_sma100_entry_only,923,0,1,0,0,SMA_DISTANCE,10,daily_sessions,-0.06,0.0,3.0,3.0,3.0,7,7,,0.030452711148542644,0.0,0.0011514930333371037,0.0,0.0,0.0,0,0.0,0.0,0,0.0,0.0,0.0,0.0,1390.862472038107,1390.862472038107,1390.862472038107,0.39086247203810687,2767,2001-01-02,2011-12-30,30,1.0,3.0,0,0,3
multi_scale_sma100_entry_only__mr_30m__sma_distance_10__entry_m0p06__exit_0p01__shared_hours_3,mr_30m__sma_distance_10__entry_m0p06__exit_0p01__shared_hours_3,100,daily_sessions,17,entry_only,multi_scale_sma100_entry_only,923,0,1,0,0,SMA_DISTANCE,10,daily_sessions,-0.06,0.01,3.0,3.0,3.0,7,7,,0.030452711148542644,0.0,0.0011514930333371037,0.0,0.0,0.0,0,0.0,0.0,0,0.0,0.0,0.0,0.0,1390.862472038107,1390.862472038107,1390.862472038107,0.39086247203810687,2767,2001-01-02,2011-12-30,30,1.0,3.0,0,0,3
multi_scale_sma100_entry_only__mr_30m__zscore_10__entry_m1p5__exit_0__shared_hours_3,mr_30m__zscore_10__entry_m1p5__exit_0__shared_hours_3,100,daily_sessions,17,entry_only,multi_scale_sma100_entry_only,1551,0,0,0,0,ZSCORE,10,daily_sessions,-1.5,0.0,3.0,3.0,3.0,7,7,0.34692511110989055,0.05829948294970366,-0.12367919625844437,0.08822763871166728,0.13256732420972872,107.97840701784077,9.817899967058338,54,4.909931650811938,4.909931650811938,108,236.5185185185185,15.212344465689913,45.637083064257055,0.0823277714969131,1864.8678918684072,1947.1956633653203,1390.862472038107,0.8648678918684072,2767,2001-01-02,2011-12-30,30,1.0,3.0,0,0,3
multi_scale_sma100_entry_only__mr_30m__zscore_10__entry_m1p5__exit_m0p5__shared_hours_3,mr_30m__zscore_10__entry_m1p5__exit_m0p5__shared_hours_3,100,daily_sessions,17,entry_only,multi_scale_sma100_entry_only,1619,0,0,0,0,ZSCORE,10,daily_sessions,-1.5,-0.5,3.0,3.0,3.0,7,7,0.34116718923838507,0.05486416027231167,-0.12367919625844437,0.07759356573083426,0.0952529231344097,121.97560792756087,11.090590703528864,61,5.546404272213485,5.546404272213485,122,150.44262295081967,17.32024418177996,51.96077484896738,0.08998661736171698,1799.3606400463423,1889.3472574080592,1390.862472038107,0.7993606400463422,2767,2001-01-02,2011-12-30,30,1.0,3.0,0,0,3
multi_scale_sma100_entry_only__mr_30m__zscore_10__entry_m2__exit_0__shared_hours_3,mr_30m__zscore_10__entry_m2__exit_0__shared_hours_3,100,daily_sessions,17,entry_only,multi_scale_sma100_entry_only,150,0,0,0,0,ZSCORE,10,daily_sessions,-2.0,0.0,3.0,3.0,3.0,7,7,0.22750109832295126,0.04087470070885857,-0.06303321966732478,0.04973804438603259,0.04897580013182,37.99240246924023,3.4544462847057082,19,1.7275685438042006,1.7275685438042006,38,248.3421052631579,4.819109303732331,14.457346401966495,0.02379570776141054,1553.6393402729464,1577.435048034357,1390.862472038107,0.5536393402729463,2767,2001-01-02,2011-12-30,30,1.0,3.0,0,0,3
multi_scale_sma100_entry_only__mr_30m__zscore_50__entry_m2p5__exit_0__shared_hours_3,mr_30m__zscore_50__entry_m2p5__exit_0__shared_hours_3,100,daily_sessions,17,entry_only,multi_scale_sma100_entry_only,384,0,0,0,0,ZSCORE,50,daily_sessions,-2.5,0.0,3.0,3.0,3.0,7,7,,0.030452711148542644,0.0,0.0011514930333371037,0.0,0.0,0.0,0,0.0,0.0,0,0.0,0.0,0.0,0.0,1390.862472038107,1390.862472038107,1390.862472038107,0.39086247203810687,2767,2001-01-02,2011-12-30,30,1.0,3.0,0,0,3
multi_scale_sma100_entry_only__mr_30m__zscore_50__entry_m2p5__exit_0p5__shared_hours_3,mr_30m__zscore_50__entry_m2p5__exit_0p5__shared_hours_3,100,daily_sessions,17,entry_only,multi_scale_sma100_entry_only,384,0,0,0,0,ZSCORE,50,daily_sessions,-2.5,0.5,3.0,3.0,3.0,7,7,,0.030452711148542644,0.0,0.0011514930333371037,0.0,0.0,0.0,0,0.0,0.0,0,0.0,0.0,0.0,0.0,1390.862472038107,1390.862472038107,1390.862472038107,0.39086247203810687,2767,2001-01-02,2011-12-30,30,1.0,3.0,0,0,3
multi_scale_sma200_entry_only__mr_30m__ema_distance_10__entry_m0p04__exit_0__shared_hours_3,mr_30m__ema_distance_10__entry_m0p04__exit_0__shared_hours_3,200,daily_sessions,17,entry_only,multi_scale_sma200_entry_only,1777,0,0,0,0,EMA_DISTANCE,10,daily_sessions,-0.04,0.0,3.0,3.0,3.0,7,7,0.40476084906856763,0.04139099396482959,-0.03746629446679561,0.02703162249114401,0.007239720375531302,5.998800389880037,0.5454388870587961,3,0.2727739806006632,0.2727739806006632,6,232.5,0.7955209271007337,2.3865775205512554,0.0037536288268374845,1562.1359110024005,1565.889539829238,1390.862472038107,0.5621359110024005,2767,2001-01-02,2011-12-30,30,1.0,3.0,0,0,3
multi_scale_sma200_entry_only__mr_30m__ema_distance_10__entry_m0p06__exit_0__shared_hours_3,mr_30m__ema_distance_10__entry_m0p06__exit_0__shared_hours_3,200,daily_sessions,17,entry_only,multi_scale_sma200_entry_only,641,0,0,0,0,EMA_DISTANCE,10,daily_sessions,-0.06,0.0,3.0,3.0,3.0,7,7,,0.030452711148542644,0.0,0.0011514930333371037,0.0,0.0,0.0,0,0.0,0.0,0,0.0,0.0,0.0,0.0,1390.862472038107,1390.862472038107,1390.862472038107,0.39086247203810687,2767,2001-01-02,2011-12-30,30,1.0,3.0,0,0,3
multi_scale_sma200_entry_only__mr_30m__ema_distance_10__entry_m0p06__exit_0p01__shared_hours_3,mr_30m__ema_distance_10__entry_m0p06__exit_0p01__shared_hours_3,200,daily_sessions,17,entry_only,multi_scale_sma200_entry_only,641,0,0,0,0,EMA_DISTANCE,10,daily_sessions,-0.06,0.01,3.0,3.0,3.0,7,7,,0.030452711148542644,0.0,0.0011514930333371037,0.0,0.0,0.0,0,0.0,0.0,0,0.0,0.0,0.0,0.0,1390.862472038107,1390.862472038107,1390.862472038107,0.39086247203810687,2767,2001-01-02,2011-12-30,30,1.0,3.0,0,0,3
multi_scale_sma200_entry_only__mr_30m__ema_distance_50__entry_m0p04__exit_0p01__shared_hours_3,mr_30m__ema_distance_50__entry_m0p04__exit_0p01__shared_hours_3,200,daily_sessions,17,entry_only,multi_scale_sma200_entry_only,6424,0,1,0,0,EMA_DISTANCE,50,daily_sessions,-0.04,0.01,3.0,3.0,3.0,7,7,0.8351114655234969,0.06505747525691818,-0.06146926536731623,0.04060833643156046,0.025336426432504527,11.997600779760072,1.090877774117592,6,0.5455479612013264,0.5455479612013264,12,406.8333333333333,1.8962038998056936,5.688663824127502,0.009623563272541106,2000.1010361203375,2009.7245993928786,1390.862472038107,1.0001010361203377,2767,2001-01-02,2011-12-30,30,1.0,3.0,0,0,3
multi_scale_sma200_entry_only__mr_30m__rsi_14__entry_20__exit_50__shared_hours_3,mr_30m__rsi_14__entry_20__exit_50__shared_hours_3,200,daily_sessions,17,entry_only,multi_scale_sma200_entry_only,28,0,0,0,0,RSI,14,daily_sessions,20.0,50.0,3.0,3.0,3.0,7,7,,0.030452711148542644,0.0,0.0011514930333371037,0.0,0.0,0.0,0,0.0,0.0,0,0.0,0.0,0.0,0.0,1390.862472038107,1390.862472038107,1390.862472038107,0.39086247203810687,2767,2001-01-02,2011-12-30,30,1.0,3.0,0,0,3
multi_scale_sma200_entry_only__mr_30m__rsi_14__entry_20__exit_60__shared_hours_3,mr_30m__rsi_14__entry_20__exit_60__shared_hours_3,200,daily_sessions,17,entry_only,multi_scale_sma200_entry_only,28,0,0,0,0,RSI,14,daily_sessions,20.0,60.0,3.0,3.0,3.0,7,7,,0.030452711148542644,0.0,0.0011514930333371037,0.0,0.0,0.0,0,0.0,0.0,0,0.0,0.0,0.0,0.0,1390.862472038107,1390.862472038107,1390.862472038107,0.39086247203810687,2767,2001-01-02,2011-12-30,30,1.0,3.0,0,0,3
multi_scale_sma200_entry_only__mr_30m__rsi_14__entry_20__exit_70__shared_hours_3,mr_30m__rsi_14__entry_20__exit_70__shared_hours_3,200,daily_sessions,17,entry_only,multi_scale_sma200_entry_only,28,0,0,0,0,RSI,14,daily_sessions,20.0,70.0,3.0,3.0,3.0,7,7,,0.030452711148542644,0.0,0.0011514930333371037,0.0,0.0,0.0,0,0.0,0.0,0,0.0,0.0,0.0,0.0,1390.862472038107,1390.862472038107,1390.862472038107,0.39086247203810687,2767,2001-01-02,2011-12-30,30,1.0,3.0,0,0,3
multi_scale_sma200_entry_only__mr_30m__rsi_2__entry_10__exit_50__shared_hours_3,mr_30m__rsi_2__entry_10__exit_50__shared_hours_3,200,daily_sessions,17,entry_only,multi_scale_sma200_entry_only,1776,0,0,0,0,RSI,2,daily_sessions,10.0,50.0,3.0,3.0,3.0,7,7,0.10509349480373475,0.03554215419279716,-0.12367919625844437,0.0711426936701124,0.08402746422955362,135.97280883728098,12.36328143999939,68,6.182876893615033,6.182876893615033,136,119.05147058823529,17.73874830523566,53.21625985886596,0.08208849793297372,1468.3075734185309,1550.3960713515046,1390.862472038107,0.4683075734185309,2767,2001-01-02,2011-12-30,30,1.0,3.0,0,0,3
multi_scale_sma200_entry_only__mr_30m__rsi_2__entry_10__exit_60__shared_hours_3,mr_30m__rsi_2__entry_10__exit_60__shared_hours_3,200,daily_sessions,17,entry_only,multi_scale_sma200_entry_only,1736,0,0,0,0,RSI,2,daily_sessions,10.0,60.0,3.0,3.0,3.0,7,7,0.13741104517476832,0.038285795648599574,-0.1640014688103315,0.07667511880526105,0.10489550410769798,135.97280883728098,12.36328143999939,68,6.182876893615033,6.182876893615033,136,148.61764705882354,18.51911222486455,55.55735540397945,0.08451242730700914,1511.6641208870578,1596.176548194067,1390.862472038107,0.5116641208870578,2767,2001-01-02,2011-12-30,30,1.0,3.0,0,0,3
multi_scale_sma200_entry_only__mr_30m__rsi_2__entry_10__exit_70__shared_hours_3,mr_30m__rsi_2__entry_10__exit_70__shared_hours_3,200,daily_sessions,17,entry_only,multi_scale_sma200_entry_only,1713,0,0,0,0,RSI,2,daily_sessions,10.0,70.0,3.0,3.0,3.0,7,7,0.21704859270056992,0.04542666735304279,-0.1309758988542078,0.08217290323678446,0.1313269706830248,129.97400844740093,11.817842552940593,65,5.91010291301437,5.91010291301437,130,194.65384615384616,18.12039251146912,54.361207099861026,0.08700353826185983,1630.0201567548554,1717.0236950167152,1390.862472038107,0.6300201567548553,2767,2001-01-02,2011-12-30,30,1.0,3.0,0,0,3
multi_scale_sma200_entry_only__mr_30m__rsi_2__entry_20__exit_50__shared_hours_3,mr_30m__rsi_2__entry_20__exit_50__shared_hours_3,200,daily_sessions,17,entry_only,multi_scale_sma200_entry_only,3310,0,1,0,0,RSI,2,daily_sessions,20.0,50.0,3.0,3.0,3.0,7,7,0.16222028137937686,0.04107637150106891,-0.13505588042044514,0.08650319823526786,0.14420796421138946,239.95201559520177,21.81755548235187,120,10.910959224026529,10.910959224026529,240,115.77916666666667,31.405448584852525,94.21637592218845,0.15687715067682462,1556.9531972554494,1713.830347932274,1390.862472038107,0.5569531972554493,2767,2001-01-02,2011-12-30,30,1.0,3.0,0,0,3
multi_scale_sma200_entry_only__mr_30m__rsi_2__entry_20__exit_60__shared_hours_3,mr_30m__rsi_2__entry_20__exit_60__shared_hours_3,200,daily_sessions,17,entry_only,multi_scale_sma200_entry_only,3230,0,1,0,0,RSI,2,daily_sessions,20.0,60.0,3.0,3.0,3.0,7,7,0.09503074615922456,0.035089002243055445,-0.19186478788010075,0.09229400135581764,0.17274647485299993,223.95521455552165,20.363051783528412,112,10.183561942424761,10.183561942424761,224,148.59821428571428,29.584643514386265,88.75395219513044,0.13697335806986713,1461.2563970799536,1598.2297551498207,1390.862472038107,0.4612563970799535,2767,2001-01-02,2011-12-30,30,1.0,3.0,0,0,3
multi_scale_sma200_entry_only__mr_30m__rsi_2__entry_20__exit_70__shared_hours_3,mr_30m__rsi_2__entry_20__exit_70__shared_hours_3,200,daily_sessions,17,entry_only,multi_scale_sma200_entry_only,3190,0,1,0,0,RSI,2,daily_sessions,20.0,70.0,3.0,3.0,3.0,7,7,0.2530839237153669,0.05144975027553533,-0.14363971756393912,0.09944126118238854,0.20920456491615938,207.95841351584153,18.908548084704954,104,9.456164660822992,9.456164660822992,208,193.8028846153846,30.16762715150387,90.50292698070278,0.15064264980527106,1736.3317397981343,1886.9743896034054,1390.862472038107,0.7363317397981344,2767,2001-01-02,2011-12-30,30,1.0,3.0,0,0,3
multi_scale_sma200_entry_only__mr_30m__rsi_2__entry_30__exit_50__shared_hours_3,mr_30m__rsi_2__entry_30__exit_50__shared_hours_3,200,daily_sessions,17,entry_only,multi_scale_sma200_entry_only,4461,0,0,0,0,RSI,2,daily_sessions,30.0,50.0,3.0,3.0,3.0,7,7,0.22458620584556074,0.049314571877205005,-0.2296624962937115,0.10608423512582923,0.20270179098745633,367.92642391264275,33.45358507293954,184,16.730137476840678,16.730137476840678,368,106.13586956521739,50.12462538005757,150.37392681830525,0.2692695739158992,1697.9440150400346,1967.2135889559338,1390.862472038107,0.6979440150400347,2767,2001-01-02,2011-12-30,30,1.0,3.0,0,0,3
multi_scale_sma200_entry_only__mr_30m__rsi_2__entry_30__exit_60__shared_hours_3,mr_30m__rsi_2__entry_30__exit_60__shared_hours_3,200,daily_sessions,17,entry_only,multi_scale_sma200_entry_only,4319,0,0,0,0,RSI,2,daily_sessions,30.0,60.0,3.0,3.0,3.0,7,7,0.2244688933860875,0.050138592054981945,-0.2765066477778274,0.11304041125049281,0.24069605110879302,343.93122235312256,31.271829524704348,172,15.639041554438025,15.639041554438025,344,134.82267441860466,48.329675247159436,144.9890777373287,0.25264648311183807,1712.666442164786,1965.3129252766241,1390.862472038107,0.7126664421647861,2767,2001-01-02,2011-12-30,30,1.0,3.0,0,0,3
multi_scale_sma200_entry_only__mr_30m__rsi_2__entry_30__exit_70__shared_hours_3,mr_30m__rsi_2__entry_30__exit_70__shared_hours_3,200,daily_sessions,17,entry_only,multi_scale_sma200_entry_only,4138,0,0,0,0,RSI,2,daily_sessions,30.0,70.0,3.0,3.0,3.0,7,7,0.275463859977062,0.057791842295895623,-0.2535768914377112,0.12260707907523351,0.29183598270770733,303.93921975392226,27.6355702776457,152,13.820548350433604,13.820548350433604,304,184.97697368421052,44.866298163604235,134.59895898994853,0.23986264432664825,1855.0532820457581,2094.9159263724064,1390.862472038107,0.8550532820457581,2767,2001-01-02,2011-12-30,30,1.0,3.0,0,0,3
multi_scale_sma200_entry_only__mr_30m__rsi_5__entry_10__exit_50__shared_hours_3,mr_30m__rsi_5__entry_10__exit_50__shared_hours_3,200,daily_sessions,17,entry_only,multi_scale_sma200_entry_only,139,0,0,0,0,RSI,5,daily_sessions,10.0,50.0,3.0,3.0,3.0,7,7,,0.030452711148542644,0.0,0.0011514930333371037,0.0,0.0,0.0,0,0.0,0.0,0,0.0,0.0,0.0,0.0,1390.862472038107,1390.862472038107,1390.862472038107,0.39086247203810687,2767,2001-01-02,2011-12-30,30,1.0,3.0,0,0,3
multi_scale_sma200_entry_only__mr_30m__rsi_5__entry_10__exit_60__shared_hours_3,mr_30m__rsi_5__entry_10__exit_60__shared_hours_3,200,daily_sessions,17,entry_only,multi_scale_sma200_entry_only,139,0,0,0,0,RSI,5,daily_sessions,10.0,60.0,3.0,3.0,3.0,7,7,,0.030452711148542644,0.0,0.0011514930333371037,0.0,0.0,0.0,0,0.0,0.0,0,0.0,0.0,0.0,0.0,1390.862472038107,1390.862472038107,1390.862472038107,0.39086247203810687,2767,2001-01-02,2011-12-30,30,1.0,3.0,0,0,3
multi_scale_sma200_entry_only__mr_30m__rsi_5__entry_10__exit_70__shared_hours_3,mr_30m__rsi_5__entry_10__exit_70__shared_hours_3,200,daily_sessions,17,entry_only,multi_scale_sma200_entry_only,139,0,0,0,0,RSI,5,daily_sessions,10.0,70.0,3.0,3.0,3.0,7,7,,0.030452711148542644,0.0,0.0011514930333371037,0.0,0.0,0.0,0,0.0,0.0,0,0.0,0.0,0.0,0.0,1390.862472038107,1390.862472038107,1390.862472038107,0.39086247203810687,2767,2001-01-02,2011-12-30,30,1.0,3.0,0,0,3
multi_scale_sma200_entry_only__mr_30m__rsi_5__entry_20__exit_50__shared_hours_3,mr_30m__rsi_5__entry_20__exit_50__shared_hours_3,200,daily_sessions,17,entry_only,multi_scale_sma200_entry_only,838,0,0,0,0,RSI,5,daily_sessions,20.0,50.0,3.0,3.0,3.0,7,7,0.3270838899227688,0.0480747788809206,-0.10948776623833834,0.056871866419654075,0.046982930867157616,37.99240246924023,3.4544462847057082,19,1.7275685438042006,1.7275685438042006,38,238.23684210526315,5.308929260499311,15.926815265028166,0.02566994738501694,1676.009830006011,1701.679777391028,1390.862472038107,0.6760098300060111,2767,2001-01-02,2011-12-30,30,1.0,3.0,0,0,3
multi_scale_sma200_entry_only__mr_30m__rsi_5__entry_30__exit_50__shared_hours_3,mr_30m__rsi_5__entry_30__exit_50__shared_hours_3,200,daily_sessions,17,entry_only,multi_scale_sma200_entry_only,2670,0,0,0,0,RSI,5,daily_sessions,30.0,50.0,3.0,3.0,3.0,7,7,0.18992049966965607,0.042778896342904105,-0.137205239598857,0.07931942615908577,0.12332954480582499,95.98080623808067,8.727022192940744,48,4.364383689610611,4.364383689610611,96,247.54166666666666,13.342121953580778,40.02638961670965,0.06205498463496292,1585.1862659195847,1647.2412505545476,1390.862472038107,0.5851862659195848,2767,2001-01-02,2011-12-30,30,1.0,3.0,0,0,3
multi_scale_sma200_entry_only__mr_30m__sma_distance_10__entry_m0p02__exit_0__shared_hours_3,mr_30m__sma_distance_10__entry_m0p02__exit_0__shared_hours_3,200,daily_sessions,17,entry_only,multi_scale_sma200_entry_only,3967,0,0,0,0,SMA_DISTANCE,10,daily_sessions,-0.02,0.0,3.0,3.0,3.0,7,7,0.3478052609448181,0.058729601656822616,-0.12367919625844426,0.08947646260804605,0.12522380855999626,93.98120610812066,8.545209230587812,47,4.2734590294103905,4.2734590294103905,94,256.6914893617021,14.16220013196748,42.486647095544846,0.07177399255758496,1873.22062651766,1944.994619075245,1390.862472038107,0.8732206265176601,2767,2001-01-02,2011-12-30,30,1.0,3.0,0,0,3
multi_scale_sma200_entry_only__mr_30m__sma_distance_10__entry_m0p02__exit_0p01__shared_hours_3,mr_30m__sma_distance_10__entry_m0p02__exit_0p01__shared_hours_3,200,daily_sessions,17,entry_only,multi_scale_sma200_entry_only,3760,0,0,0,0,SMA_DISTANCE,10,daily_sessions,-0.02,0.01,3.0,3.0,3.0,7,7,0.29234718947788535,0.05640971511352033,-0.17255439040804976,0.10360114909395882,0.1696793245003555,85.9828055882806,7.817957381176083,43,3.9097603886095063,3.9097603886095063,86,380.1744186046512,13.306318333853445,39.918998494733636,0.06399721763415005,1828.56903640198,1892.56625403613,1390.862472038107,0.82856903640198,2767,2001-01-02,2011-12-30,30,1.0,3.0,0,0,3
multi_scale_sma200_entry_only__mr_30m__sma_distance_10__entry_m0p04__exit_0__shared_hours_3,mr_30m__sma_distance_10__entry_m0p04__exit_0__shared_hours_3,200,daily_sessions,17,entry_only,multi_scale_sma200_entry_only,2132,0,0,0,0,SMA_DISTANCE,10,daily_sessions,-0.04,0.0,3.0,3.0,3.0,7,7,0.12145131581809522,0.03536378374553473,-0.10290535077742669,0.0490828816322557,0.02113790759106738,13.997200909720084,1.272690736470524,7,0.6364726214015476,0.6364726214015476,14,290.92857142857144,1.8986790376359564,5.696044944106708,0.008229981640918595,1465.5283942812305,1473.758375922149,1390.862472038107,0.4655283942812305,2767,2001-01-02,2011-12-30,30,1.0,3.0,0,0,3
multi_scale_sma200_entry_only__mr_30m__sma_distance_10__entry_m0p04__exit_0p01__shared_hours_3,mr_30m__sma_distance_10__entry_m0p04__exit_0p01__shared_hours_3,200,daily_sessions,17,entry_only,multi_scale_sma200_entry_only,2126,0,0,0,0,SMA_DISTANCE,10,daily_sessions,-0.04,0.01,3.0,3.0,3.0,7,7,-0.02694547108076914,0.027275997114538653,-0.10615602851855865,0.0562123350109355,0.027702958684291103,11.997600779760074,1.0908777741175921,6,0.5455479612013264,0.5455479612013264,12,444.8333333333333,1.5666280342801324,4.699881584146907,0.006468752059717872,1344.4248591313738,1350.8936111910916,1390.862472038107,0.34442485913137366,2767,2001-01-02,2011-12-30,30,1.0,3.0,0,0,3
multi_scale_sma200_entry_only__mr_30m__sma_distance_10__entry_m0p06__exit_0__shared_hours_3,mr_30m__sma_distance_10__entry_m0p06__exit_0__shared_hours_3,200,daily_sessions,17,entry_only,multi_scale_sma200_entry_only,928,0,0,0,0,SMA_DISTANCE,10,daily_sessions,-0.06,0.0,3.0,3.0,3.0,7,7,0.2122940581704965,0.033821022012114454,-0.03468663776113523,0.016005280937529134,0.003767768453502312,1.9996001299600121,0.181812962352932,1,0.09092466020022108,0.09092466020022108,2,363.0,0.2503899195352073,0.7511740324321863,0.0011538131031365991,1441.6895156459354,1442.843328749072,1390.862472038107,0.4416895156459355,2767,2001-01-02,2011-12-30,30,1.0,3.0,0,0,3
multi_scale_sma200_entry_only__mr_30m__sma_distance_10__entry_m0p06__exit_0p01__shared_hours_3,mr_30m__sma_distance_10__entry_m0p06__exit_0p01__shared_hours_3,200,daily_sessions,17,entry_only,multi_scale_sma200_entry_only,928,0,0,0,0,SMA_DISTANCE,10,daily_sessions,-0.06,0.01,3.0,3.0,3.0,7,7,0.21005149472797519,0.03376590394692913,-0.03468663776113523,0.015915296031708322,0.0037729582172123704,1.9996001299600121,0.181812962352932,1,0.09092466020022108,0.09092466020022108,2,363.5,0.25031537774989676,0.7509503399685612,0.001153136729538346,1440.8443868266352,1441.9975235561735,1390.862472038107,0.4408443868266352,2767,2001-01-02,2011-12-30,30,1.0,3.0,0,0,3
multi_scale_sma200_entry_only__mr_30m__zscore_10__entry_m1p5__exit_0__shared_hours_3,mr_30m__zscore_10__entry_m1p5__exit_0__shared_hours_3,200,daily_sessions,17,entry_only,multi_scale_sma200_entry_only,1386,0,0,0,0,ZSCORE,10,daily_sessions,-1.5,0.0,3.0,3.0,3.0,7,7,0.29814872857878383,0.05420423358504656,-0.12367919625844437,0.09021258695006137,0.1500101200392346,115.97680753768083,10.545151816470067,58,5.273630291612823,5.273630291612823,116,249.18103448275863,15.950060829674328,47.85022680158771,0.08487146851871512,1787.0188576694165,1871.8903261881317,1390.862472038107,0.7870188576694166,2767,2001-01-02,2011-12-30,30,1.0,3.0,0,0,3
multi_scale_sma200_entry_only__mr_30m__zscore_10__entry_m1p5__exit_m0p5__shared_hours_3,mr_30m__zscore_10__entry_m1p5__exit_m0p5__shared_hours_3,200,daily_sessions,17,entry_only,multi_scale_sma200_entry_only,1497,0,0,0,0,ZSCORE,10,daily_sessions,-1.5,-0.5,3.0,3.0,3.0,7,7,0.30173441097768217,0.05156323898254356,-0.12367919625844437,0.07722778323299301,0.10571029701017713,129.97400844740093,11.817842552940593,65,5.91010291301437,5.91010291301437,130,156.6846153846154,18.506318003514686,55.51899165132945,0.09278807428092842,1738.394028633599,1831.1821029145274,1390.862472038107,0.738394028633599,2767,2001-01-02,2011-12-30,30,1.0,3.0,0,0,3
multi_scale_sma200_entry_only__mr_30m__zscore_10__entry_m2__exit_0__shared_hours_3,mr_30m__zscore_10__entry_m2__exit_0__shared_hours_3,200,daily_sessions,17,entry_only,multi_scale_sma200_entry_only,120,0,1,0,0,ZSCORE,10,daily_sessions,-2.0,0.0,3.0,3.0,3.0,7,7,-0.004646149807011897,0.028713493860575534,-0.10716893772173786,0.05376254440722539,0.05519313705646982,37.99240246924023,3.4544462847057082,19,1.7275685438042006,1.7275685438042006,38,279.86842105263156,4.459699419117953,13.379101194450358,0.0209104828992522,1365.2608773882146,1386.1713602874668,1390.862472038107,0.36526087738821467,2767,2001-01-02,2011-12-30,30,1.0,3.0,0,0,3
multi_scale_sma200_entry_only__mr_30m__zscore_50__entry_m2p5__exit_0__shared_hours_3,mr_30m__zscore_50__entry_m2p5__exit_0__shared_hours_3,200,daily_sessions,17,entry_only,multi_scale_sma200_entry_only,310,0,0,0,0,ZSCORE,50,daily_sessions,-2.5,0.0,3.0,3.0,3.0,7,7,0.2673122477025136,0.039196204445917315,-0.09638297872340429,0.03378343122079531,0.02717360278586516,5.998800389880037,0.5454388870587961,3,0.2727739806006632,0.2727739806006632,6,872.6666666666666,0.759593523661772,2.2787924125295516,0.003667533833737025,1526.3060283105415,1529.9735621442785,1390.862472038107,0.5263060283105414,2767,2001-01-02,2011-12-30,30,1.0,3.0,0,0,3
multi_scale_sma200_entry_only__mr_30m__zscore_50__entry_m2p5__exit_0p5__shared_hours_3,mr_30m__zscore_50__entry_m2p5__exit_0p5__shared_hours_3,200,daily_sessions,17,entry_only,multi_scale_sma200_entry_only,283,0,0,0,0,ZSCORE,50,daily_sessions,-2.5,0.5,3.0,3.0,3.0,7,7,0.17000712246150165,0.03685406036744032,-0.09638297872340429,0.041575312972195556,0.048498341870494635,5.998800389880037,0.5454388870587961,3,0.2727739806006632,0.2727739806006632,6,1557.5,0.7399640157269378,2.2199019955467385,0.003577641868226465,1488.8959715638669,1492.4736134320933,1390.862472038107,0.48889597156386677,2767,2001-01-02,2011-12-30,30,1.0,3.0,0,0,3
multi_scale_sma100_recovery_or_trend_break__mr_30m__ema_distance_10__entry_m0p04__exit_0__shared_hours_3,mr_30m__ema_distance_10__entry_m0p04__exit_0__shared_hours_3,100,daily_sessions,17,recovery_or_trend_break,multi_scale_sma100_recovery_or_trend_break,1786,3,0,0,0,EMA_DISTANCE,10,daily_sessions,-0.04,0.0,3.0,3.0,3.0,7,7,-0.019793601296654424,0.029638390898812705,-0.07129376075869442,0.024719608097324694,0.005485580241531603,5.998800389880037,0.5454388870587961,3,0.2727739806006632,0.2727739806006632,6,176.16666666666666,0.6945770170708174,2.0837315128526335,0.003313146321163458,1378.8216910805725,1382.134837401736,1390.862472038107,0.3788216910805724,2767,2001-01-02,2011-12-30,30,1.0,3.0,0,0,3
multi_scale_sma100_recovery_or_trend_break__mr_30m__ema_distance_10__entry_m0p06__exit_0__shared_hours_3,mr_30m__ema_distance_10__entry_m0p06__exit_0__shared_hours_3,100,daily_sessions,17,recovery_or_trend_break,multi_scale_sma100_recovery_or_trend_break,641,0,0,0,0,EMA_DISTANCE,10,daily_sessions,-0.06,0.0,3.0,3.0,3.0,7,7,,0.030452711148542644,0.0,0.0011514930333371037,0.0,0.0,0.0,0,0.0,0.0,0,0.0,0.0,0.0,0.0,1390.862472038107,1390.862472038107,1390.862472038107,0.39086247203810687,2767,2001-01-02,2011-12-30,30,1.0,3.0,0,0,3
multi_scale_sma100_recovery_or_trend_break__mr_30m__ema_distance_10__entry_m0p06__exit_0p01__shared_hours_3,mr_30m__ema_distance_10__entry_m0p06__exit_0p01__shared_hours_3,100,daily_sessions,17,recovery_or_trend_break,multi_scale_sma100_recovery_or_trend_break,641,0,0,0,0,EMA_DISTANCE,10,daily_sessions,-0.06,0.01,3.0,3.0,3.0,7,7,,0.030452711148542644,0.0,0.0011514930333371037,0.0,0.0,0.0,0,0.0,0.0,0,0.0,0.0,0.0,0.0,1390.862472038107,1390.862472038107,1390.862472038107,0.39086247203810687,2767,2001-01-02,2011-12-30,30,1.0,3.0,0,0,3
multi_scale_sma100_recovery_or_trend_break__mr_30m__ema_distance_50__entry_m0p04__exit_0p01__shared_hours_3,mr_30m__ema_distance_50__entry_m0p04__exit_0p01__shared_hours_3,100,daily_sessions,17,recovery_or_trend_break,multi_scale_sma100_recovery_or_trend_break,6709,2,0,0,0,EMA_DISTANCE,50,daily_sessions,-0.04,0.01,3.0,3.0,3.0,7,7,0.0016110063693271356,0.030244766442596438,-0.07129376075869431,0.021897605626950378,0.0042659857696679074,3.9992002599200243,0.363625924705864,2,0.18184932040044216,0.18184932040044216,4,205.5,0.46220449818363746,1.3866145139063115,0.002222223254051414,1387.778686059442,1390.0009093134934,1390.862472038107,0.3877786860594419,2767,2001-01-02,2011-12-30,30,1.0,3.0,0,0,3
multi_scale_sma100_recovery_or_trend_break__mr_30m__rsi_14__entry_20__exit_50__shared_hours_3,mr_30m__rsi_14__entry_20__exit_50__shared_hours_3,100,daily_sessions,17,recovery_or_trend_break,multi_scale_sma100_recovery_or_trend_break,28,0,0,0,0,RSI,14,daily_sessions,20.0,50.0,3.0,3.0,3.0,7,7,,0.030452711148542644,0.0,0.0011514930333371037,0.0,0.0,0.0,0,0.0,0.0,0,0.0,0.0,0.0,0.0,1390.862472038107,1390.862472038107,1390.862472038107,0.39086247203810687,2767,2001-01-02,2011-12-30,30,1.0,3.0,0,0,3
multi_scale_sma100_recovery_or_trend_break__mr_30m__rsi_14__entry_20__exit_60__shared_hours_3,mr_30m__rsi_14__entry_20__exit_60__shared_hours_3,100,daily_sessions,17,recovery_or_trend_break,multi_scale_sma100_recovery_or_trend_break,28,0,0,0,0,RSI,14,daily_sessions,20.0,60.0,3.0,3.0,3.0,7,7,,0.030452711148542644,0.0,0.0011514930333371037,0.0,0.0,0.0,0,0.0,0.0,0,0.0,0.0,0.0,0.0,1390.862472038107,1390.862472038107,1390.862472038107,0.39086247203810687,2767,2001-01-02,2011-12-30,30,1.0,3.0,0,0,3
multi_scale_sma100_recovery_or_trend_break__mr_30m__rsi_14__entry_20__exit_70__shared_hours_3,mr_30m__rsi_14__entry_20__exit_70__shared_hours_3,100,daily_sessions,17,recovery_or_trend_break,multi_scale_sma100_recovery_or_trend_break,28,0,0,0,0,RSI,14,daily_sessions,20.0,70.0,3.0,3.0,3.0,7,7,,0.030452711148542644,0.0,0.0011514930333371037,0.0,0.0,0.0,0,0.0,0.0,0,0.0,0.0,0.0,0.0,1390.862472038107,1390.862472038107,1390.862472038107,0.39086247203810687,2767,2001-01-02,2011-12-30,30,1.0,3.0,0,0,3
multi_scale_sma100_recovery_or_trend_break__mr_30m__rsi_2__entry_10__exit_50__shared_hours_3,mr_30m__rsi_2__entry_10__exit_50__shared_hours_3,100,daily_sessions,17,recovery_or_trend_break,multi_scale_sma100_recovery_or_trend_break,2207,19,0,0,0,RSI,2,daily_sessions,10.0,50.0,3.0,3.0,3.0,7,7,0.3793096450151014,0.051001230847287804,-0.0728805156172535,0.05632505136159554,0.05271761976677202,129.97400844740093,11.817842552940593,65,5.91010291301437,5.91010291301437,130,78.13846153846154,17.970392585785074,53.91121275186843,0.09224412592739759,1728.203100790642,1820.4472267180397,1390.862472038107,0.7282031007906422,2767,2001-01-02,2011-12-30,30,1.0,3.0,0,0,3
multi_scale_sma100_recovery_or_trend_break__mr_30m__rsi_2__entry_10__exit_60__shared_hours_3,mr_30m__rsi_2__entry_10__exit_60__shared_hours_3,100,daily_sessions,17,recovery_or_trend_break,multi_scale_sma100_recovery_or_trend_break,2207,19,0,0,0,RSI,2,daily_sessions,10.0,60.0,3.0,3.0,3.0,7,7,0.3664520279661953,0.05168636150083672,-0.0728805156172535,0.06081381676016311,0.06511596527010126,127.97440831744092,11.636029590587661,64,5.819178252814149,5.819178252814149,128,98.0234375,17.73479151607583,53.20441113378011,0.09144138233697004,1740.6338987907204,1832.0752811276905,1390.862472038107,0.7406338987907204,2767,2001-01-02,2011-12-30,30,1.0,3.0,0,0,3
multi_scale_sma100_recovery_or_trend_break__mr_30m__rsi_2__entry_10__exit_70__shared_hours_3,mr_30m__rsi_2__entry_10__exit_70__shared_hours_3,100,daily_sessions,17,recovery_or_trend_break,multi_scale_sma100_recovery_or_trend_break,2207,19,0,0,0,RSI,2,daily_sessions,10.0,70.0,3.0,3.0,3.0,7,7,0.3356380561086558,0.05135131088751921,-0.0728805156172535,0.06653359169765397,0.0866171563208727,121.97560792756087,11.090590703528864,61,5.546404272213485,5.546404272213485,122,136.80327868852459,16.916769999417628,50.75034655481723,0.08674515213424001,1734.5447249979122,1821.2898771321522,1390.862472038107,0.7345447249979122,2767,2001-01-02,2011-12-30,30,1.0,3.0,0,0,3
multi_scale_sma100_recovery_or_trend_break__mr_30m__rsi_2__entry_20__exit_50__shared_hours_3,mr_30m__rsi_2__entry_20__exit_50__shared_hours_3,100,daily_sessions,17,recovery_or_trend_break,multi_scale_sma100_recovery_or_trend_break,3871,30,0,0,0,RSI,2,daily_sessions,20.0,50.0,3.0,3.0,3.0,7,7,0.40698683515698436,0.05925985610237494,-0.10195550081919291,0.07474846954853884,0.10882934499992215,251.94961637496186,22.908433256469465,126,11.456507185227856,11.456507185227856,252,83.21428571428571,34.63482433400178,103.90453046793749,0.19976223511689864,1883.5647604479375,2083.326995564836,1390.862472038107,0.8835647604479375,2767,2001-01-02,2011-12-30,30,1.0,3.0,0,0,3
multi_scale_sma100_recovery_or_trend_break__mr_30m__rsi_2__entry_20__exit_60__shared_hours_3,mr_30m__rsi_2__entry_20__exit_60__shared_hours_3,100,daily_sessions,17,recovery_or_trend_break,multi_scale_sma100_recovery_or_trend_break,3871,30,0,0,0,RSI,2,daily_sessions,20.0,60.0,3.0,3.0,3.0,7,7,0.3092660862471469,0.05258416320997261,-0.08755401467139567,0.07895178560468132,0.12625657153829786,233.95321520532173,21.272116595293074,117,10.638185243425866,10.638185243425866,234,103.96581196581197,31.277391288119613,93.83222025278305,0.17240211475088518,1757.0463752340163,1929.4484899849015,1390.862472038107,0.7570463752340162,2767,2001-01-02,2011-12-30,30,1.0,3.0,0,0,3
multi_scale_sma100_recovery_or_trend_break__mr_30m__rsi_2__entry_20__exit_70__shared_hours_3,mr_30m__rsi_2__entry_20__exit_70__shared_hours_3,100,daily_sessions,17,recovery_or_trend_break,multi_scale_sma100_recovery_or_trend_break,3871,30,0,0,0,RSI,2,daily_sessions,20.0,70.0,3.0,3.0,3.0,7,7,0.32916512283138555,0.056297596539604644,-0.08223649113012799,0.08689084509237988,0.1570630089212038,211.95761377576156,19.27217400941082,106,9.638013981223434,9.638013981223434,212,142.75471698113208,29.42842523538508,88.28532793401732,0.1616383736501682,1826.4357731754885,1988.0741468256567,1390.862472038107,0.8264357731754886,2767,2001-01-02,2011-12-30,30,1.0,3.0,0,0,3
multi_scale_sma100_recovery_or_trend_break__mr_30m__rsi_2__entry_30__exit_50__shared_hours_3,mr_30m__rsi_2__entry_30__exit_50__shared_hours_3,100,daily_sessions,17,recovery_or_trend_break,multi_scale_sma100_recovery_or_trend_break,5372,42,2,0,0,RSI,2,daily_sessions,30.0,50.0,3.0,3.0,3.0,7,7,0.4994138489103856,0.07348875547075373,-0.13628208654480956,0.09026930306908218,0.15601467665177204,373.9252243025228,33.99902395999833,187,17.002911457441343,17.002911457441343,374,80.37967914438502,54.711955693838064,164.13595821025731,0.3519947824386627,2181.295419387858,2533.290201826521,1390.862472038107,1.1812954193878582,2767,2001-01-02,2011-12-30,30,1.0,3.0,0,0,3
multi_scale_sma100_recovery_or_trend_break__mr_30m__rsi_2__entry_30__exit_60__shared_hours_3,mr_30m__rsi_2__entry_30__exit_60__shared_hours_3,100,daily_sessions,17,recovery_or_trend_break,multi_scale_sma100_recovery_or_trend_break,5372,42,2,0,0,RSI,2,daily_sessions,30.0,60.0,3.0,3.0,3.0,7,7,0.4481393825479764,0.07026602453800179,-0.10959885637273259,0.09482928825602918,0.17762485274045473,347.9304226130426,31.635455449410212,174,15.820890874838467,15.820890874838467,348,98.35057471264368,50.02543436929993,150.07638762203027,0.31518845195007905,2110.345583083799,2425.534035033878,1390.862472038107,1.1103455830837987,2767,2001-01-02,2011-12-30,30,1.0,3.0,0,0,3
multi_scale_sma100_recovery_or_trend_break__mr_30m__rsi_2__entry_30__exit_70__shared_hours_3,mr_30m__rsi_2__entry_30__exit_70__shared_hours_3,100,daily_sessions,17,recovery_or_trend_break,multi_scale_sma100_recovery_or_trend_break,5366,43,1,0,0,RSI,2,daily_sessions,30.0,70.0,3.0,3.0,3.0,7,7,0.44602769021366473,0.0731855006862705,-0.12311296355843748,0.10326483543869738,0.2100349271097687,307.9384200138423,27.999196202351566,154,14.002397670834046,14.002397670834046,308,131.39935064935065,47.307760820947095,141.92337136162564,0.2851037087639938,2174.5278964657837,2459.6316052297775,1390.862472038107,1.1745278964657837,2767,2001-01-02,2011-12-30,30,1.0,3.0,0,0,3
multi_scale_sma100_recovery_or_trend_break__mr_30m__rsi_5__entry_10__exit_50__shared_hours_3,mr_30m__rsi_5__entry_10__exit_50__shared_hours_3,100,daily_sessions,17,recovery_or_trend_break,multi_scale_sma100_recovery_or_trend_break,139,0,0,0,0,RSI,5,daily_sessions,10.0,50.0,3.0,3.0,3.0,7,7,,0.030452711148542644,0.0,0.0011514930333371037,0.0,0.0,0.0,0,0.0,0.0,0,0.0,0.0,0.0,0.0,1390.862472038107,1390.862472038107,1390.862472038107,0.39086247203810687,2767,2001-01-02,2011-12-30,30,1.0,3.0,0,0,3
multi_scale_sma100_recovery_or_trend_break__mr_30m__rsi_5__entry_10__exit_60__shared_hours_3,mr_30m__rsi_5__entry_10__exit_60__shared_hours_3,100,daily_sessions,17,recovery_or_trend_break,multi_scale_sma100_recovery_or_trend_break,139,0,0,0,0,RSI,5,daily_sessions,10.0,60.0,3.0,3.0,3.0,7,7,,0.030452711148542644,0.0,0.0011514930333371037,0.0,0.0,0.0,0,0.0,0.0,0,0.0,0.0,0.0,0.0,1390.862472038107,1390.862472038107,1390.862472038107,0.39086247203810687,2767,2001-01-02,2011-12-30,30,1.0,3.0,0,0,3
multi_scale_sma100_recovery_or_trend_break__mr_30m__rsi_5__entry_10__exit_70__shared_hours_3,mr_30m__rsi_5__entry_10__exit_70__shared_hours_3,100,daily_sessions,17,recovery_or_trend_break,multi_scale_sma100_recovery_or_trend_break,139,0,0,0,0,RSI,5,daily_sessions,10.0,70.0,3.0,3.0,3.0,7,7,,0.030452711148542644,0.0,0.0011514930333371037,0.0,0.0,0.0,0,0.0,0.0,0,0.0,0.0,0.0,0.0,1390.862472038107,1390.862472038107,1390.862472038107,0.39086247203810687,2767,2001-01-02,2011-12-30,30,1.0,3.0,0,0,3
multi_scale_sma100_recovery_or_trend_break__mr_30m__rsi_5__entry_20__exit_50__shared_hours_3,mr_30m__rsi_5__entry_20__exit_50__shared_hours_3,100,daily_sessions,17,recovery_or_trend_break,multi_scale_sma100_recovery_or_trend_break,1201,4,0,0,0,RSI,5,daily_sessions,20.0,50.0,3.0,3.0,3.0,7,7,0.5416169355305261,0.044867179620372344,-0.037466294466795946,0.026376224314215956,0.011682158111341191,19.99600129960012,1.81812962352932,10,0.9092466020022107,0.9092466020022107,20,112.55,2.6778601082475633,8.033601519016058,0.013015606066585634,1620.4515943919794,1633.467200458565,1390.862472038107,0.6204515943919793,2767,2001-01-02,2011-12-30,30,1.0,3.0,0,0,3
multi_scale_sma100_recovery_or_trend_break__mr_30m__rsi_5__entry_30__exit_50__shared_hours_3,mr_30m__rsi_5__entry_30__exit_50__shared_hours_3,100,daily_sessions,17,recovery_or_trend_break,multi_scale_sma100_recovery_or_trend_break,3617,17,0,0,0,RSI,5,daily_sessions,30.0,50.0,3.0,3.0,3.0,7,7,0.307662081714386,0.04682385537527689,-0.07642009120797477,0.05657814561422477,0.06626809281373419,87.98240571824061,7.999770343529016,44,4.000685048809728,4.000685048809728,88,145.10227272727272,12.298928564404513,36.896812066629344,0.05926263595867181,1654.1400886785711,1713.402724637243,1390.862472038107,0.6541400886785711,2767,2001-01-02,2011-12-30,30,1.0,3.0,0,0,3
multi_scale_sma100_recovery_or_trend_break__mr_30m__sma_distance_10__entry_m0p02__exit_0__shared_hours_3,mr_30m__sma_distance_10__entry_m0p02__exit_0__shared_hours_3,100,daily_sessions,17,recovery_or_trend_break,multi_scale_sma100_recovery_or_trend_break,4923,19,0,0,0,SMA_DISTANCE,10,daily_sessions,-0.02,0.0,3.0,3.0,3.0,7,7,0.3012689363784709,0.049495364313603574,-0.12014197708545371,0.06876714321744232,0.06761743137834934,87.98240571824061,7.999770343529016,44,4.000685048809728,4.000685048809728,88,148.0568181818182,12.383742593665621,37.151257015998745,0.06094736447100513,1701.1642705386648,1762.11163500967,1390.862472038107,0.7011642705386649,2767,2001-01-02,2011-12-30,30,1.0,3.0,0,0,3
multi_scale_sma100_recovery_or_trend_break__mr_30m__sma_distance_10__entry_m0p02__exit_0p01__shared_hours_3,mr_30m__sma_distance_10__entry_m0p02__exit_0p01__shared_hours_3,100,daily_sessions,17,recovery_or_trend_break,multi_scale_sma100_recovery_or_trend_break,4923,19,0,0,0,SMA_DISTANCE,10,daily_sessions,-0.02,0.01,3.0,3.0,3.0,7,7,0.2352233652273433,0.04610916244670693,-0.10099210108148304,0.07677903822018534,0.08333203589240581,79.98400519840055,7.2725184941172865,40,3.636986408008843,3.636986408008843,80,200.7125,10.9924428636655,32.97735376127237,0.05338600474318286,1641.7619671789555,1695.1479719221384,1390.862472038107,0.6417619671789554,2767,2001-01-02,2011-12-30,30,1.0,3.0,0,0,3
multi_scale_sma100_recovery_or_trend_break__mr_30m__sma_distance_10__entry_m0p04__exit_0__shared_hours_3,mr_30m__sma_distance_10__entry_m0p04__exit_0__shared_hours_3,100,daily_sessions,17,recovery_or_trend_break,multi_scale_sma100_recovery_or_trend_break,2289,4,0,0,0,SMA_DISTANCE,10,daily_sessions,-0.04,0.0,3.0,3.0,3.0,7,7,-0.012961370640939279,0.02955739959199999,-0.0712937607586942,0.030789531790798633,0.009227399876483624,9.99800064980006,0.90906481176466,5,0.4546233010011054,0.4546233010011054,10,177.8,1.1052606564134304,3.3157826259240335,0.00552155317625261,1377.6293257760012,1383.1508789522538,1390.862472038107,0.3776293257760013,2767,2001-01-02,2011-12-30,30,1.0,3.0,0,0,3
multi_scale_sma100_recovery_or_trend_break__mr_30m__sma_distance_10__entry_m0p04__exit_0p01__shared_hours_3,mr_30m__sma_distance_10__entry_m0p04__exit_0p01__shared_hours_3,100,daily_sessions,17,recovery_or_trend_break,multi_scale_sma100_recovery_or_trend_break,2289,4,0,0,0,SMA_DISTANCE,10,daily_sessions,-0.04,0.01,3.0,3.0,3.0,7,7,-0.06266142999322073,0.02753482915354666,-0.09235514140919232,0.03541417075708748,0.013425918717920773,9.99800064980006,0.90906481176466,5,0.4546233010011054,0.4546233010011054,10,258.7,1.0882686900715357,3.264804805246463,0.005403420022540559,1348.155065244849,1353.5584852673896,1390.862472038107,0.34815506524484907,2767,2001-01-02,2011-12-30,30,1.0,3.0,0,0,3
multi_scale_sma100_recovery_or_trend_break__mr_30m__sma_distance_10__entry_m0p06__exit_0__shared_hours_3,mr_30m__sma_distance_10__entry_m0p06__exit_0__shared_hours_3,100,daily_sessions,17,recovery_or_trend_break,multi_scale_sma100_recovery_or_trend_break,923,0,1,0,0,SMA_DISTANCE,10,daily_sessions,-0.06,0.0,3.0,3.0,3.0,7,7,,0.030452711148542644,0.0,0.0011514930333371037,0.0,0.0,0.0,0,0.0,0.0,0,0.0,0.0,0.0,0.0,1390.862472038107,1390.862472038107,1390.862472038107,0.39086247203810687,2767,2001-01-02,2011-12-30,30,1.0,3.0,0,0,3
multi_scale_sma100_recovery_or_trend_break__mr_30m__sma_distance_10__entry_m0p06__exit_0p01__shared_hours_3,mr_30m__sma_distance_10__entry_m0p06__exit_0p01__shared_hours_3,100,daily_sessions,17,recovery_or_trend_break,multi_scale_sma100_recovery_or_trend_break,923,0,1,0,0,SMA_DISTANCE,10,daily_sessions,-0.06,0.01,3.0,3.0,3.0,7,7,,0.030452711148542644,0.0,0.0011514930333371037,0.0,0.0,0.0,0,0.0,0.0,0,0.0,0.0,0.0,0.0,1390.862472038107,1390.862472038107,1390.862472038107,0.39086247203810687,2767,2001-01-02,2011-12-30,30,1.0,3.0,0,0,3
multi_scale_sma100_recovery_or_trend_break__mr_30m__zscore_10__entry_m1p5__exit_0__shared_hours_3,mr_30m__zscore_10__entry_m1p5__exit_0__shared_hours_3,100,daily_sessions,17,recovery_or_trend_break,multi_scale_sma100_recovery_or_trend_break,1787,22,0,0,0,ZSCORE,10,daily_sessions,-1.5,0.0,3.0,3.0,3.0,7,7,0.1562678325491466,0.03893353467953231,-0.11378878580938812,0.0669157647259452,0.08525743822883744,109.97800714780078,9.99971292941127,55,5.000856311012159,5.000856311012159,110,149.34545454545454,13.917517326438588,41.75257137189131,0.06846622216521586,1522.0683910863374,1590.5346132515533,1390.862472038107,0.5220683910863375,2767,2001-01-02,2011-12-30,30,1.0,3.0,0,0,3
multi_scale_sma100_recovery_or_trend_break__mr_30m__zscore_10__entry_m1p5__exit_m0p5__shared_hours_3,mr_30m__zscore_10__entry_m1p5__exit_m0p5__shared_hours_3,100,daily_sessions,17,recovery_or_trend_break,multi_scale_sma100_recovery_or_trend_break,1789,20,0,0,0,ZSCORE,10,daily_sessions,-1.5,-0.5,3.0,3.0,3.0,7,7,0.2346600673180603,0.04334243645076863,-0.11170641074867937,0.06104684609075898,0.06612796919356262,121.97560792756087,11.090590703528864,61,5.546404272213485,5.546404272213485,122,104.44262295081967,16.231960409793203,48.69590536219213,0.07974814591346785,1594.6335030744062,1674.381648987874,1390.862472038107,0.5946335030744063,2767,2001-01-02,2011-12-30,30,1.0,3.0,0,0,3
multi_scale_sma100_recovery_or_trend_break__mr_30m__zscore_10__entry_m2__exit_0__shared_hours_3,mr_30m__zscore_10__entry_m2__exit_0__shared_hours_3,100,daily_sessions,17,recovery_or_trend_break,multi_scale_sma100_recovery_or_trend_break,155,8,0,0,0,ZSCORE,10,daily_sessions,-2.0,0.0,3.0,3.0,3.0,7,7,0.17063329827204934,0.03668111680990016,-0.06303321966732489,0.04011542317333616,0.029545324801361794,37.99240246924023,3.4544462847057082,19,1.7275685438042006,1.7275685438042006,38,149.81578947368422,4.849131877332488,14.547407144877464,0.022762293317504827,1486.1669477311377,1508.9292410486426,1390.862472038107,0.48616694773113767,2767,2001-01-02,2011-12-30,30,1.0,3.0,0,0,3
multi_scale_sma100_recovery_or_trend_break__mr_30m__zscore_50__entry_m2p5__exit_0__shared_hours_3,mr_30m__zscore_50__entry_m2p5__exit_0__shared_hours_3,100,daily_sessions,17,recovery_or_trend_break,multi_scale_sma100_recovery_or_trend_break,384,0,0,0,0,ZSCORE,50,daily_sessions,-2.5,0.0,3.0,3.0,3.0,7,7,,0.030452711148542644,0.0,0.0011514930333371037,0.0,0.0,0.0,0,0.0,0.0,0,0.0,0.0,0.0,0.0,1390.862472038107,1390.862472038107,1390.862472038107,0.39086247203810687,2767,2001-01-02,2011-12-30,30,1.0,3.0,0,0,3
multi_scale_sma100_recovery_or_trend_break__mr_30m__zscore_50__entry_m2p5__exit_0p5__shared_hours_3,mr_30m__zscore_50__entry_m2p5__exit_0p5__shared_hours_3,100,daily_sessions,17,recovery_or_trend_break,multi_scale_sma100_recovery_or_trend_break,384,0,0,0,0,ZSCORE,50,daily_sessions,-2.5,0.5,3.0,3.0,3.0,7,7,,0.030452711148542644,0.0,0.0011514930333371037,0.0,0.0,0.0,0,0.0,0.0,0,0.0,0.0,0.0,0.0,1390.862472038107,1390.862472038107,1390.862472038107,0.39086247203810687,2767,2001-01-02,2011-12-30,30,1.0,3.0,0,0,3
multi_scale_sma200_recovery_or_trend_break__mr_30m__ema_distance_10__entry_m0p04__exit_0__shared_hours_3,mr_30m__ema_distance_10__entry_m0p04__exit_0__shared_hours_3,200,daily_sessions,17,recovery_or_trend_break,multi_scale_sma200_recovery_or_trend_break,1777,0,0,0,0,EMA_DISTANCE,10,daily_sessions,-0.04,0.0,3.0,3.0,3.0,7,7,0.40476084906856763,0.04139099396482959,-0.03746629446679561,0.02703162249114401,0.007239720375531302,5.998800389880037,0.5454388870587961,3,0.2727739806006632,0.2727739806006632,6,232.5,0.7955209271007337,2.3865775205512554,0.0037536288268374845,1562.1359110024005,1565.889539829238,1390.862472038107,0.5621359110024005,2767,2001-01-02,2011-12-30,30,1.0,3.0,0,0,3
multi_scale_sma200_recovery_or_trend_break__mr_30m__ema_distance_10__entry_m0p06__exit_0__shared_hours_3,mr_30m__ema_distance_10__entry_m0p06__exit_0__shared_hours_3,200,daily_sessions,17,recovery_or_trend_break,multi_scale_sma200_recovery_or_trend_break,641,0,0,0,0,EMA_DISTANCE,10,daily_sessions,-0.06,0.0,3.0,3.0,3.0,7,7,,0.030452711148542644,0.0,0.0011514930333371037,0.0,0.0,0.0,0,0.0,0.0,0,0.0,0.0,0.0,0.0,1390.862472038107,1390.862472038107,1390.862472038107,0.39086247203810687,2767,2001-01-02,2011-12-30,30,1.0,3.0,0,0,3
multi_scale_sma200_recovery_or_trend_break__mr_30m__ema_distance_10__entry_m0p06__exit_0p01__shared_hours_3,mr_30m__ema_distance_10__entry_m0p06__exit_0p01__shared_hours_3,200,daily_sessions,17,recovery_or_trend_break,multi_scale_sma200_recovery_or_trend_break,641,0,0,0,0,EMA_DISTANCE,10,daily_sessions,-0.06,0.01,3.0,3.0,3.0,7,7,,0.030452711148542644,0.0,0.0011514930333371037,0.0,0.0,0.0,0,0.0,0.0,0,0.0,0.0,0.0,0.0,1390.862472038107,1390.862472038107,1390.862472038107,0.39086247203810687,2767,2001-01-02,2011-12-30,30,1.0,3.0,0,0,3
multi_scale_sma200_recovery_or_trend_break__mr_30m__ema_distance_50__entry_m0p04__exit_0p01__shared_hours_3,mr_30m__ema_distance_50__entry_m0p04__exit_0p01__shared_hours_3,200,daily_sessions,17,recovery_or_trend_break,multi_scale_sma200_recovery_or_trend_break,6552,5,1,0,0,EMA_DISTANCE,50,daily_sessions,-0.04,0.01,3.0,3.0,3.0,7,7,0.5541993706934233,0.044869126022801575,-0.030290456431535273,0.025725301484902926,0.0069335243166378634,13.997200909720084,1.272690736470524,7,0.6364726214015476,0.6364726214015476,14,95.42857142857143,2.0202316030812653,6.060714593271715,0.009100171756592772,1620.484793771749,1629.5849655283419,1390.862472038107,0.620484793771749,2767,2001-01-02,2011-12-30,30,1.0,3.0,0,0,3
multi_scale_sma200_recovery_or_trend_break__mr_30m__rsi_14__entry_20__exit_50__shared_hours_3,mr_30m__rsi_14__entry_20__exit_50__shared_hours_3,200,daily_sessions,17,recovery_or_trend_break,multi_scale_sma200_recovery_or_trend_break,28,0,0,0,0,RSI,14,daily_sessions,20.0,50.0,3.0,3.0,3.0,7,7,,0.030452711148542644,0.0,0.0011514930333371037,0.0,0.0,0.0,0,0.0,0.0,0,0.0,0.0,0.0,0.0,1390.862472038107,1390.862472038107,1390.862472038107,0.39086247203810687,2767,2001-01-02,2011-12-30,30,1.0,3.0,0,0,3
multi_scale_sma200_recovery_or_trend_break__mr_30m__rsi_14__entry_20__exit_60__shared_hours_3,mr_30m__rsi_14__entry_20__exit_60__shared_hours_3,200,daily_sessions,17,recovery_or_trend_break,multi_scale_sma200_recovery_or_trend_break,28,0,0,0,0,RSI,14,daily_sessions,20.0,60.0,3.0,3.0,3.0,7,7,,0.030452711148542644,0.0,0.0011514930333371037,0.0,0.0,0.0,0,0.0,0.0,0,0.0,0.0,0.0,0.0,1390.862472038107,1390.862472038107,1390.862472038107,0.39086247203810687,2767,2001-01-02,2011-12-30,30,1.0,3.0,0,0,3
multi_scale_sma200_recovery_or_trend_break__mr_30m__rsi_14__entry_20__exit_70__shared_hours_3,mr_30m__rsi_14__entry_20__exit_70__shared_hours_3,200,daily_sessions,17,recovery_or_trend_break,multi_scale_sma200_recovery_or_trend_break,28,0,0,0,0,RSI,14,daily_sessions,20.0,70.0,3.0,3.0,3.0,7,7,,0.030452711148542644,0.0,0.0011514930333371037,0.0,0.0,0.0,0,0.0,0.0,0,0.0,0.0,0.0,0.0,1390.862472038107,1390.862472038107,1390.862472038107,0.39086247203810687,2767,2001-01-02,2011-12-30,30,1.0,3.0,0,0,3
multi_scale_sma200_recovery_or_trend_break__mr_30m__rsi_2__entry_10__exit_50__shared_hours_3,mr_30m__rsi_2__entry_10__exit_50__shared_hours_3,200,daily_sessions,17,recovery_or_trend_break,multi_scale_sma200_recovery_or_trend_break,1970,17,0,0,0,RSI,2,daily_sessions,10.0,50.0,3.0,3.0,3.0,7,7,0.23916395858642864,0.04297925529710711,-0.08489059874748173,0.057598118768050745,0.06389637079823755,135.97280883728098,12.36328143999939,68,6.182876893615033,6.182876893615033,136,90.52941176470588,18.64300708227971,55.929044889498016,0.08881027642196773,1588.5392564276924,1677.3495328496601,1390.862472038107,0.5885392564276923,2767,2001-01-02,2011-12-30,30,1.0,3.0,0,0,3
multi_scale_sma200_recovery_or_trend_break__mr_30m__rsi_2__entry_10__exit_60__shared_hours_3,mr_30m__rsi_2__entry_10__exit_60__shared_hours_3,200,daily_sessions,17,recovery_or_trend_break,multi_scale_sma200_recovery_or_trend_break,1970,17,0,0,0,RSI,2,daily_sessions,10.0,60.0,3.0,3.0,3.0,7,7,0.30011673305633213,0.04760519732848101,-0.08489059874748162,0.06144273160223086,0.07902453201305744,135.97280883728098,12.36328143999939,68,6.182876893615033,6.182876893615033,136,111.96323529411765,19.465133338297758,58.39543036413413,0.09323979597715105,1667.7695660729698,1761.009362050121,1390.862472038107,0.6677695660729699,2767,2001-01-02,2011-12-30,30,1.0,3.0,0,0,3
multi_scale_sma200_recovery_or_trend_break__mr_30m__rsi_2__entry_10__exit_70__shared_hours_3,mr_30m__rsi_2__entry_10__exit_70__shared_hours_3,200,daily_sessions,17,recovery_or_trend_break,multi_scale_sma200_recovery_or_trend_break,1970,17,0,0,0,RSI,2,daily_sessions,10.0,70.0,3.0,3.0,3.0,7,7,0.34321874269755526,0.051602746758058204,-0.08489059874748306,0.06561086472289289,0.09675795461032659,129.97400844740093,11.817842552940593,65,5.91010291301437,5.91010291301437,130,143.41538461538462,18.797942319456904,56.39386389558254,0.09282642197258315,1739.1124765445402,1831.9388985171233,1390.862472038107,0.7391124765445403,2767,2001-01-02,2011-12-30,30,1.0,3.0,0,0,3
multi_scale_sma200_recovery_or_trend_break__mr_30m__rsi_2__entry_20__exit_50__shared_hours_3,mr_30m__rsi_2__entry_20__exit_50__shared_hours_3,200,daily_sessions,17,recovery_or_trend_break,multi_scale_sma200_recovery_or_trend_break,3619,23,1,0,0,RSI,2,daily_sessions,20.0,50.0,3.0,3.0,3.0,7,7,0.2428812521589601,0.046299013471133854,-0.11260668866046764,0.07442092725855877,0.11961886375313333,241.9516157251618,21.999368444704803,121,11.00188388422675,11.00188388422675,242,95.24380165289256,32.31952645210961,96.95861610607356,0.16720209664474692,1645.0418512205665,1812.2439478653134,1390.862472038107,0.6450418512205665,2767,2001-01-02,2011-12-30,30,1.0,3.0,0,0,3
multi_scale_sma200_recovery_or_trend_break__mr_30m__rsi_2__entry_20__exit_60__shared_hours_3,mr_30m__rsi_2__entry_20__exit_60__shared_hours_3,200,daily_sessions,17,recovery_or_trend_break,multi_scale_sma200_recovery_or_trend_break,3619,23,1,0,0,RSI,2,daily_sessions,20.0,60.0,3.0,3.0,3.0,7,7,0.1919990740244743,0.04283822222482536,-0.12116266391996655,0.07845365120412374,0.14112524456761483,227.95441481544168,20.726677708234277,114,10.365411262825203,10.365411262825203,228,119.26754385964912,30.67770057987457,92.03313315803136,0.15146113599880823,1586.1784085339061,1737.6395445327144,1390.862472038107,0.5861784085339061,2767,2001-01-02,2011-12-30,30,1.0,3.0,0,0,3
multi_scale_sma200_recovery_or_trend_break__mr_30m__rsi_2__entry_20__exit_70__shared_hours_3,mr_30m__rsi_2__entry_20__exit_70__shared_hours_3,200,daily_sessions,17,recovery_or_trend_break,multi_scale_sma200_recovery_or_trend_break,3619,23,1,0,0,RSI,2,daily_sessions,20.0,70.0,3.0,3.0,3.0,7,7,0.33325846555540684,0.05610032067938864,-0.09679336494141577,0.08474318266083246,0.16888529065271657,211.95761377576156,19.27217400941082,106,9.638013981223434,9.638013981223434,212,153.5,30.922511775835396,92.76758691167718,0.16130667400563425,1822.6877269474473,1983.9944009530816,1390.862472038107,0.8226877269474473,2767,2001-01-02,2011-12-30,30,1.0,3.0,0,0,3
multi_scale_sma200_recovery_or_trend_break__mr_30m__rsi_2__entry_30__exit_50__shared_hours_3,mr_30m__rsi_2__entry_30__exit_50__shared_hours_3,200,daily_sessions,17,recovery_or_trend_break,multi_scale_sma200_recovery_or_trend_break,5103,33,0,0,0,RSI,2,daily_sessions,30.0,50.0,3.0,3.0,3.0,7,7,0.3579927728077633,0.0597721037410488,-0.11781769308894607,0.0898661474894783,0.167317982012279,369.92602404260276,33.63539803529247,185,16.8210621370409,16.8210621370409,370,87.13513513513513,52.82714131369654,158.48149039708866,0.30205472961359303,1893.606905261646,2195.661634875239,1390.862472038107,0.893606905261646,2767,2001-01-02,2011-12-30,30,1.0,3.0,0,0,3
multi_scale_sma200_recovery_or_trend_break__mr_30m__rsi_2__entry_30__exit_60__shared_hours_3,mr_30m__rsi_2__entry_30__exit_60__shared_hours_3,200,daily_sessions,17,recovery_or_trend_break,multi_scale_sma200_recovery_or_trend_break,5097,34,0,0,0,RSI,2,daily_sessions,30.0,60.0,3.0,3.0,3.0,7,7,0.3531573146294852,0.060641552935587484,-0.14220036973464367,0.09468222481271502,0.19530118793691323,347.9304226130426,31.635455449410212,174,15.820890874838467,15.820890874838467,348,108.13793103448276,50.8067403890072,152.42028886929035,0.2853800241376882,1910.763131432048,2196.1431555697363,1390.862472038107,0.9107631314320481,2767,2001-01-02,2011-12-30,30,1.0,3.0,0,0,3
multi_scale_sma200_recovery_or_trend_break__mr_30m__rsi_2__entry_30__exit_70__shared_hours_3,mr_30m__rsi_2__entry_30__exit_70__shared_hours_3,200,daily_sessions,17,recovery_or_trend_break,multi_scale_sma200_recovery_or_trend_break,5090,35,0,0,0,RSI,2,daily_sessions,30.0,70.0,3.0,3.0,3.0,7,7,0.4137458235981608,0.06881269321966133,-0.11383562227401112,0.10085671527002674,0.22857795284580693,311.9376202737623,28.36282212705743,156,14.184246991234488,14.184246991234488,312,141.16666666666666,47.94605115410893,143.8382352894046,0.2763500632379387,2079.041667091626,2355.391730329565,1390.862472038107,1.079041667091626,2767,2001-01-02,2011-12-30,30,1.0,3.0,0,0,3
multi_scale_sma200_recovery_or_trend_break__mr_30m__rsi_5__entry_10__exit_50__shared_hours_3,mr_30m__rsi_5__entry_10__exit_50__shared_hours_3,200,daily_sessions,17,recovery_or_trend_break,multi_scale_sma200_recovery_or_trend_break,139,0,0,0,0,RSI,5,daily_sessions,10.0,50.0,3.0,3.0,3.0,7,7,,0.030452711148542644,0.0,0.0011514930333371037,0.0,0.0,0.0,0,0.0,0.0,0,0.0,0.0,0.0,0.0,1390.862472038107,1390.862472038107,1390.862472038107,0.39086247203810687,2767,2001-01-02,2011-12-30,30,1.0,3.0,0,0,3
multi_scale_sma200_recovery_or_trend_break__mr_30m__rsi_5__entry_10__exit_60__shared_hours_3,mr_30m__rsi_5__entry_10__exit_60__shared_hours_3,200,daily_sessions,17,recovery_or_trend_break,multi_scale_sma200_recovery_or_trend_break,139,0,0,0,0,RSI,5,daily_sessions,10.0,60.0,3.0,3.0,3.0,7,7,,0.030452711148542644,0.0,0.0011514930333371037,0.0,0.0,0.0,0,0.0,0.0,0,0.0,0.0,0.0,0.0,1390.862472038107,1390.862472038107,1390.862472038107,0.39086247203810687,2767,2001-01-02,2011-12-30,30,1.0,3.0,0,0,3
multi_scale_sma200_recovery_or_trend_break__mr_30m__rsi_5__entry_10__exit_70__shared_hours_3,mr_30m__rsi_5__entry_10__exit_70__shared_hours_3,200,daily_sessions,17,recovery_or_trend_break,multi_scale_sma200_recovery_or_trend_break,139,0,0,0,0,RSI,5,daily_sessions,10.0,70.0,3.0,3.0,3.0,7,7,,0.030452711148542644,0.0,0.0011514930333371037,0.0,0.0,0.0,0,0.0,0.0,0,0.0,0.0,0.0,0.0,1390.862472038107,1390.862472038107,1390.862472038107,0.39086247203810687,2767,2001-01-02,2011-12-30,30,1.0,3.0,0,0,3
multi_scale_sma200_recovery_or_trend_break__mr_30m__rsi_5__entry_20__exit_50__shared_hours_3,mr_30m__rsi_5__entry_20__exit_50__shared_hours_3,200,daily_sessions,17,recovery_or_trend_break,multi_scale_sma200_recovery_or_trend_break,1027,7,0,0,0,RSI,5,daily_sessions,20.0,50.0,3.0,3.0,3.0,7,7,0.5206547313660191,0.050823362173730624,-0.052284086115765405,0.03915893665690713,0.026317291773705544,37.99240246924023,3.4544462847057082,19,1.7275685438042006,1.7275685438042006,38,133.44736842105263,5.370797813041708,16.112424137004794,0.026420119626458016,1724.9891298844143,1751.4092495108723,1390.862472038107,0.7249891298844142,2767,2001-01-02,2011-12-30,30,1.0,3.0,0,0,3
multi_scale_sma200_recovery_or_trend_break__mr_30m__rsi_5__entry_30__exit_50__shared_hours_3,mr_30m__rsi_5__entry_30__exit_50__shared_hours_3,200,daily_sessions,17,recovery_or_trend_break,multi_scale_sma200_recovery_or_trend_break,3233,16,0,0,0,RSI,5,daily_sessions,30.0,50.0,3.0,3.0,3.0,7,7,0.24628212177828132,0.04432212756999876,-0.08941951800873382,0.06231819143696689,0.08293761385044139,97.98040636804069,8.908835155293676,49,4.455308349810833,4.455308349810833,98,163.07142857142858,13.672474610607356,41.017448298917564,0.06441245629482614,1611.1790476326473,1675.5915039274735,1390.862472038107,0.6111790476326473,2767,2001-01-02,2011-12-30,30,1.0,3.0,0,0,3
multi_scale_sma200_recovery_or_trend_break__mr_30m__sma_distance_10__entry_m0p02__exit_0__shared_hours_3,mr_30m__sma_distance_10__entry_m0p02__exit_0__shared_hours_3,200,daily_sessions,17,recovery_or_trend_break,multi_scale_sma200_recovery_or_trend_break,4807,19,0,0,0,SMA_DISTANCE,10,daily_sessions,-0.02,0.0,3.0,3.0,3.0,7,7,0.5251969071822846,0.06465175928218136,-0.0739865143340912,0.06650431927029982,0.07624281866446621,97.98040636804069,8.908835155293676,49,4.455308349810833,4.455308349810833,98,149.90816326530611,15.929736513018163,47.7892625075977,0.07962659504242402,1991.7374518289412,2071.364046871365,1390.862472038107,0.9917374518289412,2767,2001-01-02,2011-12-30,30,1.0,3.0,0,0,3
multi_scale_sma200_recovery_or_trend_break__mr_30m__sma_distance_10__entry_m0p02__exit_0p01__shared_hours_3,mr_30m__sma_distance_10__entry_m0p02__exit_0p01__shared_hours_3,200,daily_sessions,17,recovery_or_trend_break,multi_scale_sma200_recovery_or_trend_break,4807,19,0,0,0,SMA_DISTANCE,10,daily_sessions,-0.02,0.01,3.0,3.0,3.0,7,7,0.5158521741176717,0.06648545551847174,-0.11960489629587623,0.07175343662996911,0.0944173711770903,89.98200584820063,8.181583305881947,45,4.091609709009949,4.091609709009949,90,202.14444444444445,15.021966772543514,45.065956234131896,0.07440376557730406,2029.792541503526,2104.19630708083,1390.862472038107,1.029792541503526,2767,2001-01-02,2011-12-30,30,1.0,3.0,0,0,3
multi_scale_sma200_recovery_or_trend_break__mr_30m__sma_distance_10__entry_m0p04__exit_0__shared_hours_3,mr_30m__sma_distance_10__entry_m0p04__exit_0__shared_hours_3,200,daily_sessions,17,recovery_or_trend_break,multi_scale_sma200_recovery_or_trend_break,2280,5,0,0,0,SMA_DISTANCE,10,daily_sessions,-0.04,0.0,3.0,3.0,3.0,7,7,0.41723053947431243,0.04312943710800954,-0.03670683784837758,0.03046114073271245,0.009445369952306071,15.996801039680095,1.4545036988234559,8,0.7273972816017686,0.7273972816017686,16,113.75,2.2977108879391306,6.893150365212857,0.010215417988998752,1591.05676276196,1601.2721807509588,1390.862472038107,0.5910567627619601,2767,2001-01-02,2011-12-30,30,1.0,3.0,0,0,3
multi_scale_sma200_recovery_or_trend_break__mr_30m__sma_distance_10__entry_m0p04__exit_0p01__shared_hours_3,mr_30m__sma_distance_10__entry_m0p04__exit_0p01__shared_hours_3,200,daily_sessions,17,recovery_or_trend_break,multi_scale_sma200_recovery_or_trend_break,2280,5,0,0,0,SMA_DISTANCE,10,daily_sessions,-0.04,0.01,3.0,3.0,3.0,7,7,0.15806918512120055,0.035360828821031864,-0.08782394076511701,0.03368520650027926,0.011458998271808685,13.997200909720084,1.272690736470524,7,0.6364726214015476,0.6364726214015476,14,157.71428571428572,1.9106965000010963,5.732096415719901,0.008229723317153685,1465.4823940755027,1473.7121173926564,1390.862472038107,0.4654823940755026,2767,2001-01-02,2011-12-30,30,1.0,3.0,0,0,3
multi_scale_sma200_recovery_or_trend_break__mr_30m__sma_distance_10__entry_m0p06__exit_0__shared_hours_3,mr_30m__sma_distance_10__entry_m0p06__exit_0__shared_hours_3,200,daily_sessions,17,recovery_or_trend_break,multi_scale_sma200_recovery_or_trend_break,928,0,0,0,0,SMA_DISTANCE,10,daily_sessions,-0.06,0.0,3.0,3.0,3.0,7,7,0.2122940581704965,0.033821022012114454,-0.03468663776113523,0.016005280937529134,0.003767768453502312,1.9996001299600121,0.181812962352932,1,0.09092466020022108,0.09092466020022108,2,363.0,0.2503899195352073,0.7511740324321863,0.0011538131031365991,1441.6895156459354,1442.843328749072,1390.862472038107,0.4416895156459355,2767,2001-01-02,2011-12-30,30,1.0,3.0,0,0,3
multi_scale_sma200_recovery_or_trend_break__mr_30m__sma_distance_10__entry_m0p06__exit_0p01__shared_hours_3,mr_30m__sma_distance_10__entry_m0p06__exit_0p01__shared_hours_3,200,daily_sessions,17,recovery_or_trend_break,multi_scale_sma200_recovery_or_trend_break,928,0,0,0,0,SMA_DISTANCE,10,daily_sessions,-0.06,0.01,3.0,3.0,3.0,7,7,0.21005149472797519,0.03376590394692913,-0.03468663776113523,0.015915296031708322,0.0037729582172123704,1.9996001299600121,0.181812962352932,1,0.09092466020022108,0.09092466020022108,2,363.5,0.25031537774989676,0.7509503399685612,0.001153136729538346,1440.8443868266352,1441.9975235561735,1390.862472038107,0.4408443868266352,2767,2001-01-02,2011-12-30,30,1.0,3.0,0,0,3
multi_scale_sma200_recovery_or_trend_break__mr_30m__zscore_10__entry_m1p5__exit_0__shared_hours_3,mr_30m__zscore_10__entry_m1p5__exit_0__shared_hours_3,200,daily_sessions,17,recovery_or_trend_break,multi_scale_sma200_recovery_or_trend_break,1694,19,0,0,0,ZSCORE,10,daily_sessions,-1.5,0.0,3.0,3.0,3.0,7,7,0.5469094389487256,0.06618908908532894,-0.09926854713647726,0.06651747120892107,0.09573038139573506,119.97600779760086,10.908777741175932,60,5.4554796120132645,5.4554796120132645,120,153.71666666666667,18.46899799893921,55.40705453071035,0.09950161995958205,2023.597548683436,2123.099168643018,1390.862472038107,1.023597548683436,2767,2001-01-02,2011-12-30,30,1.0,3.0,0,0,3
multi_scale_sma200_recovery_or_trend_break__mr_30m__zscore_10__entry_m1p5__exit_m0p5__shared_hours_3,mr_30m__zscore_10__entry_m1p5__exit_m0p5__shared_hours_3,200,daily_sessions,17,recovery_or_trend_break,multi_scale_sma200_recovery_or_trend_break,1694,19,0,0,0,ZSCORE,10,daily_sessions,-1.5,-0.5,3.0,3.0,3.0,7,7,0.47996376749295927,0.05820543522320443,-0.09846772211921895,0.05915831990530112,0.07230897777224203,129.97400844740093,11.817842552940593,65,5.91010291301437,5.91010291301437,130,107.17692307692307,19.005928429160274,57.01783203023291,0.09944146807738298,1863.0460395256855,1962.4875076030685,1390.862472038107,0.8630460395256856,2767,2001-01-02,2011-12-30,30,1.0,3.0,0,0,3
multi_scale_sma200_recovery_or_trend_break__mr_30m__zscore_10__entry_m2__exit_0__shared_hours_3,mr_30m__zscore_10__entry_m2__exit_0__shared_hours_3,200,daily_sessions,17,recovery_or_trend_break,multi_scale_sma200_recovery_or_trend_break,127,5,1,0,0,ZSCORE,10,daily_sessions,-2.0,0.0,3.0,3.0,3.0,7,7,0.19598344795403083,0.03847283861619233,-0.06303321966732478,0.04472321288093008,0.03675390659463275,37.99240246924023,3.4544462847057082,19,1.7275685438042006,1.7275685438042006,38,186.3684210526316,4.807088901655756,14.421280892997949,0.023198723981797228,1514.6618282436173,1537.8605522254145,1390.862472038107,0.5146618282436173,2767,2001-01-02,2011-12-30,30,1.0,3.0,0,0,3
multi_scale_sma200_recovery_or_trend_break__mr_30m__zscore_50__entry_m2p5__exit_0__shared_hours_3,mr_30m__zscore_50__entry_m2p5__exit_0__shared_hours_3,200,daily_sessions,17,recovery_or_trend_break,multi_scale_sma200_recovery_or_trend_break,316,3,0,0,0,ZSCORE,50,daily_sessions,-2.5,0.0,3.0,3.0,3.0,7,7,0.3703639791052648,0.037374796155903445,-0.03226652675760744,0.018585850115725083,0.011448618744388569,7.9984005198400485,0.727251849411728,4,0.3636986408008843,0.3636986408008843,8,275.75,1.0234686012462513,3.0704151423692068,0.0047985236974714095,1497.1406382224732,1501.9391619199446,1390.862472038107,0.49714063822247323,2767,2001-01-02,2011-12-30,30,1.0,3.0,0,0,3
multi_scale_sma200_recovery_or_trend_break__mr_30m__zscore_50__entry_m2p5__exit_0p5__shared_hours_3,mr_30m__zscore_50__entry_m2p5__exit_0p5__shared_hours_3,200,daily_sessions,17,recovery_or_trend_break,multi_scale_sma200_recovery_or_trend_break,316,4,0,0,0,ZSCORE,50,daily_sessions,-2.5,0.5,3.0,3.0,3.0,7,7,0.15751526895450146,0.03343182578778481,-0.042235047219307376,0.01959453906242307,0.014930950193837675,7.9984005198400485,0.727251849411728,4,0.3636986408008843,0.3636986408008843,8,359.625,0.9862501854637599,2.958755459421208,0.004601699941936659,1435.731575445121,1440.3332753870577,1390.862472038107,0.435731575445121,2767,2001-01-02,2011-12-30,30,1.0,3.0,0,0,3
multi_scale_sma100_entry_only__mr_30m__ema_distance_10__entry_m0p04__exit_0__shared_hours_3,mr_30m__ema_distance_10__entry_m0p04__exit_0__shared_hours_3,100,daily_sessions,17,entry_only,multi_scale_sma100_entry_only,1774,0,0,0,0,EMA_DISTANCE,10,daily_sessions,-0.04,0.0,3.0,3.0,3.0,7,7,0.14881512985850076,0.035044240462253295,-0.09884763124199747,0.033711227965372764,0.011484947090358976,5.99670332667033,0.5452482122990351,3,0.2727739806006632,0.2727739806006632,6,368.8333333333333,0.7157688302021032,7.157772285243314,0.009671590396241526,1460.561563952,1470.2331543482414,1390.862472038107,0.460561563952,2767,2001-01-02,2011-12-30,30,1.0,10.0,0,0,10
multi_scale_sma100_entry_only__mr_30m__ema_distance_10__entry_m0p06__exit_0__shared_hours_3,mr_30m__ema_distance_10__entry_m0p06__exit_0__shared_hours_3,100,daily_sessions,17,entry_only,multi_scale_sma100_entry_only,641,0,0,0,0,EMA_DISTANCE,10,daily_sessions,-0.06,0.0,3.0,3.0,3.0,7,7,,0.030452711148542644,0.0,0.0011514930333371037,0.0,0.0,0.0,0,0.0,0.0,0,0.0,0.0,0.0,0.0,1390.862472038107,1390.862472038107,1390.862472038107,0.39086247203810687,2767,2001-01-02,2011-12-30,30,1.0,10.0,0,0,10
multi_scale_sma100_entry_only__mr_30m__ema_distance_10__entry_m0p06__exit_0p01__shared_hours_3,mr_30m__ema_distance_10__entry_m0p06__exit_0p01__shared_hours_3,100,daily_sessions,17,entry_only,multi_scale_sma100_entry_only,641,0,0,0,0,EMA_DISTANCE,10,daily_sessions,-0.06,0.01,3.0,3.0,3.0,7,7,,0.030452711148542644,0.0,0.0011514930333371037,0.0,0.0,0.0,0,0.0,0.0,0,0.0,0.0,0.0,0.0,1390.862472038107,1390.862472038107,1390.862472038107,0.39086247203810687,2767,2001-01-02,2011-12-30,30,1.0,10.0,0,0,10
multi_scale_sma100_entry_only__mr_30m__ema_distance_50__entry_m0p04__exit_0p01__shared_hours_3,mr_30m__ema_distance_50__entry_m0p04__exit_0p01__shared_hours_3,100,daily_sessions,17,entry_only,multi_scale_sma100_entry_only,6516,0,0,0,0,EMA_DISTANCE,50,daily_sessions,-0.04,0.01,3.0,3.0,3.0,7,7,0.14181326489467544,0.03569962393875259,-0.1426376440460949,0.04210573180857363,0.012201134482347019,3.9978022177802197,0.3634988081993567,2,0.18184932040044216,0.18184932040044216,4,587.75,0.47924756163628035,4.792561246672952,0.006485626237919632,1470.7650809887482,1477.2507072266678,1390.862472038107,0.47076508098874825,2767,2001-01-02,2011-12-30,30,1.0,10.0,0,0,10
multi_scale_sma100_entry_only__mr_30m__rsi_14__entry_20__exit_50__shared_hours_3,mr_30m__rsi_14__entry_20__exit_50__shared_hours_3,100,daily_sessions,17,entry_only,multi_scale_sma100_entry_only,28,0,0,0,0,RSI,14,daily_sessions,20.0,50.0,3.0,3.0,3.0,7,7,,0.030452711148542644,0.0,0.0011514930333371037,0.0,0.0,0.0,0,0.0,0.0,0,0.0,0.0,0.0,0.0,1390.862472038107,1390.862472038107,1390.862472038107,0.39086247203810687,2767,2001-01-02,2011-12-30,30,1.0,10.0,0,0,10
multi_scale_sma100_entry_only__mr_30m__rsi_14__entry_20__exit_60__shared_hours_3,mr_30m__rsi_14__entry_20__exit_60__shared_hours_3,100,daily_sessions,17,entry_only,multi_scale_sma100_entry_only,28,0,0,0,0,RSI,14,daily_sessions,20.0,60.0,3.0,3.0,3.0,7,7,,0.030452711148542644,0.0,0.0011514930333371037,0.0,0.0,0.0,0,0.0,0.0,0,0.0,0.0,0.0,0.0,1390.862472038107,1390.862472038107,1390.862472038107,0.39086247203810687,2767,2001-01-02,2011-12-30,30,1.0,10.0,0,0,10
multi_scale_sma100_entry_only__mr_30m__rsi_14__entry_20__exit_70__shared_hours_3,mr_30m__rsi_14__entry_20__exit_70__shared_hours_3,100,daily_sessions,17,entry_only,multi_scale_sma100_entry_only,28,0,0,0,0,RSI,14,daily_sessions,20.0,70.0,3.0,3.0,3.0,7,7,,0.030452711148542644,0.0,0.0011514930333371037,0.0,0.0,0.0,0,0.0,0.0,0,0.0,0.0,0.0,0.0,1390.862472038107,1390.862472038107,1390.862472038107,0.39086247203810687,2767,2001-01-02,2011-12-30,30,1.0,10.0,0,0,10
multi_scale_sma100_entry_only__mr_30m__rsi_2__entry_10__exit_50__shared_hours_3,mr_30m__rsi_2__entry_10__exit_50__shared_hours_3,100,daily_sessions,17,entry_only,multi_scale_sma100_entry_only,1893,0,0,0,0,RSI,2,daily_sessions,10.0,50.0,3.0,3.0,3.0,7,7,0.09157522273959784,0.034589818211767875,-0.12367919625844437,0.07294909386374097,0.07857821233399244,129.92857207785713,11.81371126647909,65,5.91010291301437,5.91010291301437,130,116.46923076923076,16.50716406585256,165.07190578820195,0.22345011981435095,1453.5245908804586,1676.9747106948096,1390.862472038107,0.4535245908804586,2767,2001-01-02,2011-12-30,30,1.0,10.0,0,0,10
multi_scale_sma100_entry_only__mr_30m__rsi_2__entry_10__exit_60__shared_hours_3,mr_30m__rsi_2__entry_10__exit_60__shared_hours_3,100,daily_sessions,17,entry_only,multi_scale_sma100_entry_only,1853,0,0,0,0,RSI,2,daily_sessions,10.0,60.0,3.0,3.0,3.0,7,7,0.05218622536167671,0.03146697325623493,-0.16633899172145672,0.07930221829673251,0.09979915614442074,127.92967096896702,11.631961862379413,64,5.819178252814149,5.819178252814149,128,150.234375,16.040378887281715,160.4040149297598,0.2125783626679788,1405.9932980868857,1618.5716607548645,1390.862472038107,0.40599329808688567,2767,2001-01-02,2011-12-30,30,1.0,10.0,0,0,10
multi_scale_sma100_entry_only__mr_30m__rsi_2__entry_10__exit_70__shared_hours_3,mr_30m__rsi_2__entry_10__exit_70__shared_hours_3,100,daily_sessions,17,entry_only,multi_scale_sma100_entry_only,1853,0,0,0,0,RSI,2,daily_sessions,10.0,70.0,3.0,3.0,3.0,7,7,0.17397046461734364,0.04206155247651888,-0.1309758988542078,0.08558411964786541,0.12465293455188985,121.93296764229669,11.086713650080378,61,5.546404272213485,5.546404272213485,122,196.87704918032787,16.263888182915924,162.63926836449755,0.22595037076732366,1573.2342606555212,1799.1846314228449,1390.862472038107,0.5732342606555212,2767,2001-01-02,2011-12-30,30,1.0,10.0,0,0,10
multi_scale_sma100_entry_only__mr_30m__rsi_2__entry_20__exit_50__shared_hours_3,mr_30m__rsi_2__entry_20__exit_50__shared_hours_3,100,daily_sessions,17,entry_only,multi_scale_sma100_entry_only,3283,0,0,0,0,RSI,2,daily_sessions,20.0,50.0,3.0,3.0,3.0,7,7,0.1248329986860695,0.03794379738010778,-0.1546505364151075,0.09251501374526643,0.14767472636970838,251.86153972015467,22.900424916559547,126,11.456507185227856,11.456507185227856,252,112.91666666666667,31.675660264551055,316.75711890539145,0.48112499440387,1506.1969127222596,1987.3219071261296,1390.862472038107,0.5061969127222596,2767,2001-01-02,2011-12-30,30,1.0,10.0,0,0,10
multi_scale_sma100_entry_only__mr_30m__rsi_2__entry_20__exit_60__shared_hours_3,mr_30m__rsi_2__entry_20__exit_60__shared_hours_3,100,daily_sessions,17,entry_only,multi_scale_sma100_entry_only,3203,0,0,0,0,RSI,2,daily_sessions,20.0,60.0,3.0,3.0,3.0,7,7,0.04331684876831195,0.0298379092970944,-0.20670603886807737,0.09845727104576031,0.17613020079195793,233.87142974014355,21.264680279662432,117,10.638185243425866,10.638185243425866,234,145.03418803418805,28.694539614494186,286.9457736501953,0.40563387818937235,1381.7630321143129,1787.3969103036852,1390.862472038107,0.38176303211431284,2767,2001-01-02,2011-12-30,30,1.0,10.0,0,0,10
multi_scale_sma100_entry_only__mr_30m__rsi_2__entry_20__exit_70__shared_hours_3,mr_30m__rsi_2__entry_20__exit_70__shared_hours_3,100,daily_sessions,17,entry_only,multi_scale_sma100_entry_only,3163,0,0,0,0,RSI,2,daily_sessions,20.0,70.0,3.0,3.0,3.0,7,7,0.21377658926940257,0.04839745864405409,-0.14423857090830028,0.10846442649613172,0.21702034906350715,211.8835175423522,19.265436834565953,106,9.638013981223434,9.638013981223434,212,197.25,29.421287334457215,294.21354103915706,0.4416700568577519,1681.6936833132593,2123.363740171011,1390.862472038107,0.6816936833132592,2767,2001-01-02,2011-12-30,30,1.0,10.0,0,0,10
multi_scale_sma100_entry_only__mr_30m__rsi_2__entry_30__exit_50__shared_hours_3,mr_30m__rsi_2__entry_30__exit_50__shared_hours_3,100,daily_sessions,17,entry_only,multi_scale_sma100_entry_only,4444,0,1,0,0,RSI,2,daily_sessions,30.0,50.0,3.0,3.0,3.0,7,7,0.18705158597223778,0.045444184702793766,-0.2707153999803823,0.1095592014627636,0.20509946182150326,373.79450736245053,33.98713856663985,187,17.002911457441343,17.002911457441343,374,105.66844919786097,48.61730193149125,486.1738582938981,0.8297174115364166,1630.3205723640283,2460.037983900445,1390.862472038107,0.6303205723640284,2767,2001-01-02,2011-12-30,30,1.0,10.0,0,0,10
multi_scale_sma100_entry_only__mr_30m__rsi_2__entry_30__exit_60__shared_hours_3,mr_30m__rsi_2__entry_30__exit_60__shared_hours_3,100,daily_sessions,17,entry_only,multi_scale_sma100_entry_only,4316,0,1,0,0,RSI,2,daily_sessions,30.0,60.0,3.0,3.0,3.0,7,7,0.16940275134705077,0.043777539896188156,-0.29955679964411186,0.11550959731307218,0.23919620939658617,347.8087929468793,31.62439631334405,174,15.820890874838467,15.820890874838467,348,132.44252873563218,45.61994633367858,456.2002534943931,0.7471311572330087,1601.9625994344779,2349.0937566674866,1390.862472038107,0.6019625994344779,2767,2001-01-02,2011-12-30,30,1.0,10.0,0,0,10
multi_scale_sma100_entry_only__mr_30m__rsi_2__entry_30__exit_70__shared_hours_3,mr_30m__rsi_2__entry_30__exit_70__shared_hours_3,100,daily_sessions,17,entry_only,multi_scale_sma100_entry_only,4197,0,0,0,0,RSI,2,daily_sessions,30.0,70.0,3.0,3.0,3.0,7,7,0.3117354443757364,0.06322558863417038,-0.26240635342110197,0.12623144335155753,0.2866617882887792,305.8318696601873,27.807658827250833,153,13.911473010633825,13.911473010633825,306,180.50980392156862,46.692019747935284,466.9213377963129,0.7853871503096675,1962.5895035417534,2747.976653851421,1390.862472038107,0.9625895035417533,2767,2001-01-02,2011-12-30,30,1.0,10.0,0,0,10
multi_scale_sma100_entry_only__mr_30m__rsi_5__entry_10__exit_50__shared_hours_3,mr_30m__rsi_5__entry_10__exit_50__shared_hours_3,100,daily_sessions,17,entry_only,multi_scale_sma100_entry_only,139,0,0,0,0,RSI,5,daily_sessions,10.0,50.0,3.0,3.0,3.0,7,7,,0.030452711148542644,0.0,0.0011514930333371037,0.0,0.0,0.0,0,0.0,0.0,0,0.0,0.0,0.0,0.0,1390.862472038107,1390.862472038107,1390.862472038107,0.39086247203810687,2767,2001-01-02,2011-12-30,30,1.0,10.0,0,0,10
multi_scale_sma100_entry_only__mr_30m__rsi_5__entry_10__exit_60__shared_hours_3,mr_30m__rsi_5__entry_10__exit_60__shared_hours_3,100,daily_sessions,17,entry_only,multi_scale_sma100_entry_only,139,0,0,0,0,RSI,5,daily_sessions,10.0,60.0,3.0,3.0,3.0,7,7,,0.030452711148542644,0.0,0.0011514930333371037,0.0,0.0,0.0,0,0.0,0.0,0,0.0,0.0,0.0,0.0,1390.862472038107,1390.862472038107,1390.862472038107,0.39086247203810687,2767,2001-01-02,2011-12-30,30,1.0,10.0,0,0,10
multi_scale_sma100_entry_only__mr_30m__rsi_5__entry_10__exit_70__shared_hours_3,mr_30m__rsi_5__entry_10__exit_70__shared_hours_3,100,daily_sessions,17,entry_only,multi_scale_sma100_entry_only,139,0,0,0,0,RSI,5,daily_sessions,10.0,70.0,3.0,3.0,3.0,7,7,,0.030452711148542644,0.0,0.0011514930333371037,0.0,0.0,0.0,0,0.0,0.0,0,0.0,0.0,0.0,0.0,1390.862472038107,1390.862472038107,1390.862472038107,0.39086247203810687,2767,2001-01-02,2011-12-30,30,1.0,10.0,0,0,10
multi_scale_sma100_entry_only__mr_30m__rsi_5__entry_20__exit_50__shared_hours_3,mr_30m__rsi_5__entry_20__exit_50__shared_hours_3,100,daily_sessions,17,entry_only,multi_scale_sma100_entry_only,1201,0,0,0,0,RSI,5,daily_sessions,20.0,50.0,3.0,3.0,3.0,7,7,0.5902519106787254,0.05025189542794206,-0.03813939496017538,0.03326301481625344,0.019404526511907914,19.989011088901098,1.8174940409967835,10,0.9092466020022107,0.9092466020022107,20,186.95,2.772341533076932,27.723760039935698,0.03814142528869479,1714.6998363540677,1752.8412616427624,1390.862472038107,0.7146998363540678,2767,2001-01-02,2011-12-30,30,1.0,10.0,0,0,10
multi_scale_sma100_entry_only__mr_30m__rsi_5__entry_30__exit_50__shared_hours_3,mr_30m__rsi_5__entry_30__exit_50__shared_hours_3,100,daily_sessions,17,entry_only,multi_scale_sma100_entry_only,3004,0,0,0,0,RSI,5,daily_sessions,30.0,50.0,3.0,3.0,3.0,7,7,0.27294986055134396,0.04955914023157959,-0.12900516435014142,0.07884676904762462,0.1128150835292469,87.95164879116483,7.996973780385847,44,4.000685048809728,4.000685048809728,88,247.02272727272728,12.380127292641333,123.80172067826167,0.17302202621395918,1702.3015644010025,1875.3235906149616,1390.862472038107,0.7023015644010024,2767,2001-01-02,2011-12-30,30,1.0,10.0,0,0,10
multi_scale_sma100_entry_only__mr_30m__sma_distance_10__entry_m0p02__exit_0__shared_hours_3,mr_30m__sma_distance_10__entry_m0p02__exit_0__shared_hours_3,100,daily_sessions,17,entry_only,multi_scale_sma100_entry_only,4352,0,0,0,0,SMA_DISTANCE,10,daily_sessions,-0.02,0.0,3.0,3.0,3.0,7,7,0.4102092375769735,0.06466431450069243,-0.14744098443743459,0.08954822410407524,0.10768240721999928,85.95274768227472,7.815224376286168,43,3.9097603886095063,3.9097603886095063,86,241.2674418604651,13.109762722823515,131.09832992166002,0.1976440518173465,1991.995792453739,2189.6398442710856,1390.862472038107,0.991995792453739,2767,2001-01-02,2011-12-30,30,1.0,10.0,0,0,10
multi_scale_sma100_entry_only__mr_30m__sma_distance_10__entry_m0p02__exit_0p01__shared_hours_3,mr_30m__sma_distance_10__entry_m0p02__exit_0p01__shared_hours_3,100,daily_sessions,17,entry_only,multi_scale_sma100_entry_only,4178,0,0,0,0,SMA_DISTANCE,10,daily_sessions,-0.02,0.01,3.0,3.0,3.0,7,7,0.2555270061454561,0.052308606275994096,-0.17371200427905265,0.10311733430599083,0.14970392398034119,75.95824213782417,6.906477355787777,38,3.455137087608401,3.455137087608401,76,379.55263157894734,11.130082270424207,111.30130260981706,0.15276329713491987,1751.994091180401,1904.757388315321,1390.862472038107,0.7519940911804011,2767,2001-01-02,2011-12-30,30,1.0,10.0,0,0,10
multi_scale_sma100_entry_only__mr_30m__sma_distance_10__entry_m0p04__exit_0__shared_hours_3,mr_30m__sma_distance_10__entry_m0p04__exit_0__shared_hours_3,100,daily_sessions,17,entry_only,multi_scale_sma100_entry_only,2257,0,0,0,0,SMA_DISTANCE,10,daily_sessions,-0.04,0.0,3.0,3.0,3.0,7,7,0.15698065846353979,0.0361608201339747,-0.09884763124199747,0.040440153341011774,0.019669204461120884,9.99450554445055,0.9087470204983918,5,0.4546233010011054,0.4546233010011054,10,379.0,1.1401192161843972,11.401297463413917,0.016347577320997515,1477.9841386154153,1494.3317159364128,1390.862472038107,0.47798413861541533,2767,2001-01-02,2011-12-30,30,1.0,10.0,0,0,10
multi_scale_sma100_entry_only__mr_30m__sma_distance_10__entry_m0p04__exit_0p01__shared_hours_3,mr_30m__sma_distance_10__entry_m0p04__exit_0p01__shared_hours_3,100,daily_sessions,17,entry_only,multi_scale_sma100_entry_only,2223,0,0,0,0,SMA_DISTANCE,10,daily_sessions,-0.04,0.01,3.0,3.0,3.0,7,7,0.011336404317385031,0.029813392952454443,-0.09884763124199747,0.048577703173292096,0.02937925236263993,9.99450554445055,0.9087470204983918,5,0.4546233010011054,0.4546233010011054,10,566.1,1.1292294115270203,11.292312499849228,0.01527930102457026,1381.4013000205678,1396.680601045138,1390.862472038107,0.3814013000205678,2767,2001-01-02,2011-12-30,30,1.0,10.0,0,0,10
multi_scale_sma100_entry_only__mr_30m__sma_distance_10__entry_m0p06__exit_0__shared_hours_3,mr_30m__sma_distance_10__entry_m0p06__exit_0__shared_hours_3,100,daily_sessions,17,entry_only,multi_scale_sma100_entry_only,923,0,1,0,0,SMA_DISTANCE,10,daily_sessions,-0.06,0.0,3.0,3.0,3.0,7,7,,0.030452711148542644,0.0,0.0011514930333371037,0.0,0.0,0.0,0,0.0,0.0,0,0.0,0.0,0.0,0.0,1390.862472038107,1390.862472038107,1390.862472038107,0.39086247203810687,2767,2001-01-02,2011-12-30,30,1.0,10.0,0,0,10
multi_scale_sma100_entry_only__mr_30m__sma_distance_10__entry_m0p06__exit_0p01__shared_hours_3,mr_30m__sma_distance_10__entry_m0p06__exit_0p01__shared_hours_3,100,daily_sessions,17,entry_only,multi_scale_sma100_entry_only,923,0,1,0,0,SMA_DISTANCE,10,daily_sessions,-0.06,0.01,3.0,3.0,3.0,7,7,,0.030452711148542644,0.0,0.0011514930333371037,0.0,0.0,0.0,0,0.0,0.0,0,0.0,0.0,0.0,0.0,1390.862472038107,1390.862472038107,1390.862472038107,0.39086247203810687,2767,2001-01-02,2011-12-30,30,1.0,10.0,0,0,10
multi_scale_sma100_entry_only__mr_30m__zscore_10__entry_m1p5__exit_0__shared_hours_3,mr_30m__zscore_10__entry_m1p5__exit_0__shared_hours_3,100,daily_sessions,17,entry_only,multi_scale_sma100_entry_only,1551,0,0,0,0,ZSCORE,10,daily_sessions,-1.5,0.0,3.0,3.0,3.0,7,7,0.26966672887530757,0.05104977565551394,-0.12428266640611496,0.08784259082394859,0.13256732420972872,107.94065988006592,9.81446782138263,54,4.909931650811938,4.909931650811938,108,236.5185185185185,14.586475309696539,145.86528154128683,0.21811444445201983,1729.0812189133005,1947.1956633653203,1390.862472038107,0.7290812189133005,2767,2001-01-02,2011-12-30,30,1.0,10.0,0,0,10
multi_scale_sma100_entry_only__mr_30m__zscore_10__entry_m1p5__exit_m0p5__shared_hours_3,mr_30m__zscore_10__entry_m1p5__exit_m0p5__shared_hours_3,100,daily_sessions,17,entry_only,multi_scale_sma100_entry_only,1619,0,0,0,0,ZSCORE,10,daily_sessions,-1.5,-0.5,3.0,3.0,3.0,7,7,0.24193632671017806,0.04670489139199474,-0.12367919625844426,0.0771065734457747,0.0952529231344097,121.93296764229669,11.086713650080378,61,5.546404272213485,5.546404272213485,122,150.44262295081967,16.52747765659953,165.27522739519895,0.23727343256706762,1652.0738248409916,1889.3472574080592,1390.862472038107,0.6520738248409916,2767,2001-01-02,2011-12-30,30,1.0,10.0,0,0,10
multi_scale_sma100_entry_only__mr_30m__zscore_10__entry_m2__exit_0__shared_hours_3,mr_30m__zscore_10__entry_m2__exit_0__shared_hours_3,100,daily_sessions,17,entry_only,multi_scale_sma100_entry_only,150,0,0,0,0,ZSCORE,10,daily_sessions,-2.0,0.0,3.0,3.0,3.0,7,7,0.17960169556635708,0.038360286098672036,-0.06368844119203276,0.049426577829511015,0.04897580013182,37.979121068912086,3.4532386778938884,19,1.7275685438042006,1.7275685438042006,38,248.3421052631579,4.751418053044904,47.514381474335686,0.06457772762752438,1512.8573204068325,1577.435048034357,1390.862472038107,0.5128573204068325,2767,2001-01-02,2011-12-30,30,1.0,10.0,0,0,10
multi_scale_sma100_entry_only__mr_30m__zscore_50__entry_m2p5__exit_0__shared_hours_3,mr_30m__zscore_50__entry_m2p5__exit_0__shared_hours_3,100,daily_sessions,17,entry_only,multi_scale_sma100_entry_only,384,0,0,0,0,ZSCORE,50,daily_sessions,-2.5,0.0,3.0,3.0,3.0,7,7,,0.030452711148542644,0.0,0.0011514930333371037,0.0,0.0,0.0,0,0.0,0.0,0,0.0,0.0,0.0,0.0,1390.862472038107,1390.862472038107,1390.862472038107,0.39086247203810687,2767,2001-01-02,2011-12-30,30,1.0,10.0,0,0,10
multi_scale_sma100_entry_only__mr_30m__zscore_50__entry_m2p5__exit_0p5__shared_hours_3,mr_30m__zscore_50__entry_m2p5__exit_0p5__shared_hours_3,100,daily_sessions,17,entry_only,multi_scale_sma100_entry_only,384,0,0,0,0,ZSCORE,50,daily_sessions,-2.5,0.5,3.0,3.0,3.0,7,7,,0.030452711148542644,0.0,0.0011514930333371037,0.0,0.0,0.0,0,0.0,0.0,0,0.0,0.0,0.0,0.0,1390.862472038107,1390.862472038107,1390.862472038107,0.39086247203810687,2767,2001-01-02,2011-12-30,30,1.0,10.0,0,0,10
multi_scale_sma200_entry_only__mr_30m__ema_distance_10__entry_m0p04__exit_0__shared_hours_3,mr_30m__ema_distance_10__entry_m0p04__exit_0__shared_hours_3,200,daily_sessions,17,entry_only,multi_scale_sma200_entry_only,1777,0,0,0,0,EMA_DISTANCE,10,daily_sessions,-0.04,0.0,3.0,3.0,3.0,7,7,0.39212348740979486,0.040993379593132984,-0.03813939496017549,0.026919839529869743,0.007239720375531302,5.99670332667033,0.5452482122990351,3,0.2727739806006632,0.2727739806006632,6,232.5,0.7937869906679422,7.938033279546606,0.01030084391049877,1555.5886959187392,1565.889539829238,1390.862472038107,0.5555886959187393,2767,2001-01-02,2011-12-30,30,1.0,10.0,0,0,10
multi_scale_sma200_entry_only__mr_30m__ema_distance_10__entry_m0p06__exit_0__shared_hours_3,mr_30m__ema_distance_10__entry_m0p06__exit_0__shared_hours_3,200,daily_sessions,17,entry_only,multi_scale_sma200_entry_only,641,0,0,0,0,EMA_DISTANCE,10,daily_sessions,-0.06,0.0,3.0,3.0,3.0,7,7,,0.030452711148542644,0.0,0.0011514930333371037,0.0,0.0,0.0,0,0.0,0.0,0,0.0,0.0,0.0,0.0,1390.862472038107,1390.862472038107,1390.862472038107,0.39086247203810687,2767,2001-01-02,2011-12-30,30,1.0,10.0,0,0,10
multi_scale_sma200_entry_only__mr_30m__ema_distance_10__entry_m0p06__exit_0p01__shared_hours_3,mr_30m__ema_distance_10__entry_m0p06__exit_0p01__shared_hours_3,200,daily_sessions,17,entry_only,multi_scale_sma200_entry_only,641,0,0,0,0,EMA_DISTANCE,10,daily_sessions,-0.06,0.01,3.0,3.0,3.0,7,7,,0.030452711148542644,0.0,0.0011514930333371037,0.0,0.0,0.0,0,0.0,0.0,0,0.0,0.0,0.0,0.0,1390.862472038107,1390.862472038107,1390.862472038107,0.39086247203810687,2767,2001-01-02,2011-12-30,30,1.0,10.0,0,0,10
multi_scale_sma200_entry_only__mr_30m__ema_distance_50__entry_m0p04__exit_0p01__shared_hours_3,mr_30m__ema_distance_50__entry_m0p04__exit_0p01__shared_hours_3,200,daily_sessions,17,entry_only,multi_scale_sma200_entry_only,6424,0,1,0,0,EMA_DISTANCE,50,daily_sessions,-0.04,0.01,3.0,3.0,3.0,7,7,0.817282784472282,0.0642443295388162,-0.06146926536731612,0.040555365766366536,0.025336426432504527,11.99340665334066,1.0904964245980702,6,0.5455479612013264,0.5455479612013264,12,406.8333333333333,1.8874908117130127,18.87548484520309,0.026354053294455525,1983.3705460984231,2009.7245993928786,1390.862472038107,0.9833705460984232,2767,2001-01-02,2011-12-30,30,1.0,10.0,0,0,10
multi_scale_sma200_entry_only__mr_30m__rsi_14__entry_20__exit_50__shared_hours_3,mr_30m__rsi_14__entry_20__exit_50__shared_hours_3,200,daily_sessions,17,entry_only,multi_scale_sma200_entry_only,28,0,0,0,0,RSI,14,daily_sessions,20.0,50.0,3.0,3.0,3.0,7,7,,0.030452711148542644,0.0,0.0011514930333371037,0.0,0.0,0.0,0,0.0,0.0,0,0.0,0.0,0.0,0.0,1390.862472038107,1390.862472038107,1390.862472038107,0.39086247203810687,2767,2001-01-02,2011-12-30,30,1.0,10.0,0,0,10
multi_scale_sma200_entry_only__mr_30m__rsi_14__entry_20__exit_60__shared_hours_3,mr_30m__rsi_14__entry_20__exit_60__shared_hours_3,200,daily_sessions,17,entry_only,multi_scale_sma200_entry_only,28,0,0,0,0,RSI,14,daily_sessions,20.0,60.0,3.0,3.0,3.0,7,7,,0.030452711148542644,0.0,0.0011514930333371037,0.0,0.0,0.0,0,0.0,0.0,0,0.0,0.0,0.0,0.0,1390.862472038107,1390.862472038107,1390.862472038107,0.39086247203810687,2767,2001-01-02,2011-12-30,30,1.0,10.0,0,0,10
multi_scale_sma200_entry_only__mr_30m__rsi_14__entry_20__exit_70__shared_hours_3,mr_30m__rsi_14__entry_20__exit_70__shared_hours_3,200,daily_sessions,17,entry_only,multi_scale_sma200_entry_only,28,0,0,0,0,RSI,14,daily_sessions,20.0,70.0,3.0,3.0,3.0,7,7,,0.030452711148542644,0.0,0.0011514930333371037,0.0,0.0,0.0,0,0.0,0.0,0,0.0,0.0,0.0,0.0,1390.862472038107,1390.862472038107,1390.862472038107,0.39086247203810687,2767,2001-01-02,2011-12-30,30,1.0,10.0,0,0,10
multi_scale_sma200_entry_only__mr_30m__rsi_2__entry_10__exit_50__shared_hours_3,mr_30m__rsi_2__entry_10__exit_50__shared_hours_3,200,daily_sessions,17,entry_only,multi_scale_sma200_entry_only,1776,0,0,0,0,RSI,2,daily_sessions,10.0,50.0,3.0,3.0,3.0,7,7,-0.017621364805714978,0.026617151797563077,-0.12367919625844437,0.07047768141471447,0.08402746422955362,135.9252754045275,12.35895947877813,68,6.182876893615033,6.182876893615033,136,119.05147058823529,16.875263606157077,168.75279859138567,0.21542398462506934,1334.9720867264352,1550.3960713515046,1390.862472038107,0.3349720867264352,2767,2001-01-02,2011-12-30,30,1.0,10.0,0,0,10
multi_scale_sma200_entry_only__mr_30m__rsi_2__entry_10__exit_60__shared_hours_3,mr_30m__rsi_2__entry_10__exit_60__shared_hours_3,200,daily_sessions,17,entry_only,multi_scale_sma200_entry_only,1736,0,0,0,0,RSI,2,daily_sessions,10.0,60.0,3.0,3.0,3.0,7,7,0.0239041202969463,0.029337146696375882,-0.16633899172145594,0.0760572160745825,0.10489550410769798,135.9252754045275,12.35895947877813,68,6.182876893615033,6.182876893615033,136,148.61764705882354,17.62083608139819,176.20856676306903,0.22178507707219183,1374.3914711218752,1596.176548194067,1390.862472038107,0.3743914711218752,2767,2001-01-02,2011-12-30,30,1.0,10.0,0,0,10
multi_scale_sma200_entry_only__mr_30m__rsi_2__entry_10__exit_70__shared_hours_3,mr_30m__rsi_2__entry_10__exit_70__shared_hours_3,200,daily_sessions,17,entry_only,multi_scale_sma200_entry_only,1713,0,0,0,0,RSI,2,daily_sessions,10.0,70.0,3.0,3.0,3.0,7,7,0.11641839436010167,0.036812339732533284,-0.1313741256013179,0.08162351107557025,0.1313269706830248,129.92857207785713,11.81371126647909,65,5.91010291301437,5.91010291301437,130,194.65384615384616,17.260003564431877,172.6003546909259,0.22878648552581013,1488.2372094909051,1717.0236950167152,1390.862472038107,0.4882372094909051,2767,2001-01-02,2011-12-30,30,1.0,10.0,0,0,10
multi_scale_sma200_entry_only__mr_30m__rsi_2__entry_20__exit_50__shared_hours_3,mr_30m__rsi_2__entry_20__exit_50__shared_hours_3,200,daily_sessions,17,entry_only,multi_scale_sma200_entry_only,3310,0,1,0,0,RSI,2,daily_sessions,20.0,50.0,3.0,3.0,3.0,7,7,-0.015779674340133415,0.025294409926311934,-0.14263688207547276,0.08560202110020158,0.14420796421138946,239.86813306681393,21.809928491961468,120,10.910959224026529,10.910959224026529,240,115.77916666666667,28.754766746151933,287.54797656667387,0.3976540946590551,1316.176253273219,1713.830347932274,1390.862472038107,0.31617625327321885,2767,2001-01-02,2011-12-30,30,1.0,10.0,0,0,10
multi_scale_sma200_entry_only__mr_30m__rsi_2__entry_20__exit_60__shared_hours_3,mr_30m__rsi_2__entry_20__exit_60__shared_hours_3,200,daily_sessions,17,entry_only,multi_scale_sma200_entry_only,3230,0,1,0,0,RSI,2,daily_sessions,20.0,60.0,3.0,3.0,3.0,7,7,-0.061021900878434135,0.020436444149960042,-0.19750198377267447,0.09151858258322929,0.17274647485299993,223.87692419569294,20.355933259164033,112,10.183561942424761,10.183561942424761,224,148.59821428571428,27.284368436782028,272.8439164450831,0.34903825901173535,1249.1914961380853,1598.2297551498207,1390.862472038107,0.24919149613808522,2767,2001-01-02,2011-12-30,30,1.0,10.0,0,0,10
multi_scale_sma200_entry_only__mr_30m__rsi_2__entry_20__exit_70__shared_hours_3,mr_30m__rsi_2__entry_20__exit_70__shared_hours_3,200,daily_sessions,17,entry_only,multi_scale_sma200_entry_only,3190,0,1,0,0,RSI,2,daily_sessions,20.0,70.0,3.0,3.0,3.0,7,7,0.11983240719356579,0.03762172313934253,-0.14636422833669893,0.09875244146087833,0.20920456491615938,207.88571532457195,18.901938026366597,104,9.456164660822992,9.456164660822992,208,193.8028846153846,27.912254487597952,279.12302371638447,0.38590973680429647,1501.064652799109,1886.9743896034054,1390.862472038107,0.501064652799109,2767,2001-01-02,2011-12-30,30,1.0,10.0,0,0,10
multi_scale_sma200_entry_only__mr_30m__rsi_2__entry_30__exit_50__shared_hours_3,mr_30m__rsi_2__entry_30__exit_50__shared_hours_3,200,daily_sessions,17,entry_only,multi_scale_sma200_entry_only,4461,0,0,0,0,RSI,2,daily_sessions,30.0,50.0,3.0,3.0,3.0,7,7,0.0022243644945831955,0.025022905327727107,-0.2530143554038051,0.10488311666284306,0.20270179098745633,367.79780403578025,33.44189035434082,184,16.730137476840678,16.730137476840678,368,106.13586956521739,43.767004239868115,437.6705373301961,0.6548654608464215,1312.3481281095123,1967.2135889559338,1390.862472038107,0.3123481281095124,2767,2001-01-02,2011-12-30,30,1.0,10.0,0,0,10
multi_scale_sma200_entry_only__mr_30m__rsi_2__entry_30__exit_60__shared_hours_3,mr_30m__rsi_2__entry_30__exit_60__shared_hours_3,200,daily_sessions,17,entry_only,multi_scale_sma200_entry_only,4319,0,0,0,0,RSI,2,daily_sessions,30.0,60.0,3.0,3.0,3.0,7,7,0.029636317471483584,0.027396034778660816,-0.28506487296593186,0.11196251259806028,0.24069605110879302,343.8109907290991,31.260897505144694,172,15.639041554438025,15.639041554438025,344,134.82267441860466,42.60336984873714,426.0342186427904,0.6191592892604734,1346.1536360161508,1965.3129252766241,1390.862472038107,0.3461536360161508,2767,2001-01-02,2011-12-30,30,1.0,10.0,0,0,10
multi_scale_sma200_entry_only__mr_30m__rsi_2__entry_30__exit_70__shared_hours_3,mr_30m__rsi_2__entry_30__exit_70__shared_hours_3,200,daily_sessions,17,entry_only,multi_scale_sma200_entry_only,4138,0,0,0,0,RSI,2,daily_sessions,30.0,70.0,3.0,3.0,3.0,7,7,0.11732220455577963,0.03752159878418038,-0.2624063534211031,0.12175093681203872,0.29183598270770733,303.8329685512972,27.625909423151153,152,13.820548350433604,13.820548350433604,304,184.97697368421052,40.05940861917953,400.59473719325314,0.595443514943184,1499.4724114292223,2094.9159263724064,1390.862472038107,0.4994724114292224,2767,2001-01-02,2011-12-30,30,1.0,10.0,0,0,10
multi_scale_sma200_entry_only__mr_30m__rsi_5__entry_10__exit_50__shared_hours_3,mr_30m__rsi_5__entry_10__exit_50__shared_hours_3,200,daily_sessions,17,entry_only,multi_scale_sma200_entry_only,139,0,0,0,0,RSI,5,daily_sessions,10.0,50.0,3.0,3.0,3.0,7,7,,0.030452711148542644,0.0,0.0011514930333371037,0.0,0.0,0.0,0,0.0,0.0,0,0.0,0.0,0.0,0.0,1390.862472038107,1390.862472038107,1390.862472038107,0.39086247203810687,2767,2001-01-02,2011-12-30,30,1.0,10.0,0,0,10
multi_scale_sma200_entry_only__mr_30m__rsi_5__entry_10__exit_60__shared_hours_3,mr_30m__rsi_5__entry_10__exit_60__shared_hours_3,200,daily_sessions,17,entry_only,multi_scale_sma200_entry_only,139,0,0,0,0,RSI,5,daily_sessions,10.0,60.0,3.0,3.0,3.0,7,7,,0.030452711148542644,0.0,0.0011514930333371037,0.0,0.0,0.0,0,0.0,0.0,0,0.0,0.0,0.0,0.0,1390.862472038107,1390.862472038107,1390.862472038107,0.39086247203810687,2767,2001-01-02,2011-12-30,30,1.0,10.0,0,0,10
multi_scale_sma200_entry_only__mr_30m__rsi_5__entry_10__exit_70__shared_hours_3,mr_30m__rsi_5__entry_10__exit_70__shared_hours_3,200,daily_sessions,17,entry_only,multi_scale_sma200_entry_only,139,0,0,0,0,RSI,5,daily_sessions,10.0,70.0,3.0,3.0,3.0,7,7,,0.030452711148542644,0.0,0.0011514930333371037,0.0,0.0,0.0,0,0.0,0.0,0,0.0,0.0,0.0,0.0,1390.862472038107,1390.862472038107,1390.862472038107,0.39086247203810687,2767,2001-01-02,2011-12-30,30,1.0,10.0,0,0,10
multi_scale_sma200_entry_only__mr_30m__rsi_5__entry_20__exit_50__shared_hours_3,mr_30m__rsi_5__entry_20__exit_50__shared_hours_3,200,daily_sessions,17,entry_only,multi_scale_sma200_entry_only,838,0,0,0,0,RSI,5,daily_sessions,20.0,50.0,3.0,3.0,3.0,7,7,0.2852314281553492,0.04554297122454054,-0.10948776623833822,0.056686440645140994,0.046982930867157616,37.979121068912086,3.4532386778938884,19,1.7275685438042006,1.7275685438042006,38,238.23684210526315,5.2335283396045975,52.33558471792906,0.06966411283342767,1632.0156645576003,1701.679777391028,1390.862472038107,0.6320156645576003,2767,2001-01-02,2011-12-30,30,1.0,10.0,0,0,10
multi_scale_sma200_entry_only__mr_30m__rsi_5__entry_30__exit_50__shared_hours_3,mr_30m__rsi_5__entry_30__exit_50__shared_hours_3,200,daily_sessions,17,entry_only,multi_scale_sma200_entry_only,2670,0,0,0,0,RSI,5,daily_sessions,30.0,50.0,3.0,3.0,3.0,7,7,0.11292641508958487,0.03642679717080144,-0.13961768704319277,0.07890428049825848,0.12332954480582499,95.94725322672527,8.72397139678456,48,4.364383689610611,4.364383689610611,96,247.54166666666666,12.875030711595867,128.75056711993085,0.16507916966082167,1482.162080893726,1647.2412505545476,1390.862472038107,0.4821620808937259,2767,2001-01-02,2011-12-30,30,1.0,10.0,0,0,10
multi_scale_sma200_entry_only__mr_30m__sma_distance_10__entry_m0p02__exit_0__shared_hours_3,mr_30m__sma_distance_10__entry_m0p02__exit_0__shared_hours_3,200,daily_sessions,17,entry_only,multi_scale_sma200_entry_only,3967,0,0,0,0,SMA_DISTANCE,10,daily_sessions,-0.02,0.0,3.0,3.0,3.0,7,7,0.28153818232889294,0.05241429670007225,-0.12380965993327508,0.08914516608322777,0.12522380855999626,93.94835211783516,8.542221992684881,47,4.2734590294103905,4.2734590294103905,94,256.6914893617021,13.657676289488478,136.57726915503747,0.19106427743431026,1753.9303416409348,1944.994619075245,1390.862472038107,0.7539303416409349,2767,2001-01-02,2011-12-30,30,1.0,10.0,0,0,10
multi_scale_sma200_entry_only__mr_30m__sma_distance_10__entry_m0p02__exit_0p01__shared_hours_3,mr_30m__sma_distance_10__entry_m0p02__exit_0p01__shared_hours_3,200,daily_sessions,17,entry_only,multi_scale_sma200_entry_only,3760,0,0,0,0,SMA_DISTANCE,10,daily_sessions,-0.02,0.01,3.0,3.0,3.0,7,7,0.23980402100218534,0.05064307675983759,-0.17371200427905353,0.10331696596977284,0.1696793245003555,85.95274768227472,7.815224376286168,43,3.9097603886095063,3.9097603886095063,86,380.1744186046512,12.876559804214427,128.76607455265298,0.17082921822007893,1721.737035816051,1892.56625403613,1390.862472038107,0.7217370358160511,2767,2001-01-02,2011-12-30,30,1.0,10.0,0,0,10
multi_scale_sma200_entry_only__mr_30m__sma_distance_10__entry_m0p04__exit_0__shared_hours_3,mr_30m__sma_distance_10__entry_m0p04__exit_0__shared_hours_3,200,daily_sessions,17,entry_only,multi_scale_sma200_entry_only,2132,0,0,0,0,SMA_DISTANCE,10,daily_sessions,-0.04,0.0,3.0,3.0,3.0,7,7,0.10331168348995703,0.03444162124894601,-0.10353268969296636,0.04904807947974153,0.02113790759106738,13.99230776223077,1.2722458286977485,7,0.6364726214015476,0.6364726214015476,14,290.92857142857144,1.889119791006327,18.891284784482114,0.022522021149438843,1451.2363547727102,1473.758375922149,1390.862472038107,0.4512363547727103,2767,2001-01-02,2011-12-30,30,1.0,10.0,0,0,10
multi_scale_sma200_entry_only__mr_30m__sma_distance_10__entry_m0p04__exit_0p01__shared_hours_3,mr_30m__sma_distance_10__entry_m0p04__exit_0p01__shared_hours_3,200,daily_sessions,17,entry_only,multi_scale_sma200_entry_only,2126,0,0,0,0,SMA_DISTANCE,10,daily_sessions,-0.04,0.01,3.0,3.0,3.0,7,7,-0.04063668978111586,0.026491696644593832,-0.1086552921947006,0.05616356690334795,0.027702958684291103,11.99340665334066,1.0904964245980702,6,0.5455479612013264,0.5455479612013264,12,444.8333333333333,1.5599835274661467,15.599807757214288,0.017714627285370852,1333.1789839057208,1350.8936111910916,1390.862472038107,0.33317898390572087,2767,2001-01-02,2011-12-30,30,1.0,10.0,0,0,10
multi_scale_sma200_entry_only__mr_30m__sma_distance_10__entry_m0p06__exit_0__shared_hours_3,mr_30m__sma_distance_10__entry_m0p06__exit_0__shared_hours_3,200,daily_sessions,17,entry_only,multi_scale_sma200_entry_only,928,0,0,0,0,SMA_DISTANCE,10,daily_sessions,-0.06,0.0,3.0,3.0,3.0,7,7,0.2069100444905815,0.03368943057156781,-0.03468663776113512,0.01578947055023895,0.003767768453502312,1.9989011088901103,0.18174940409967838,1,0.09092466020022108,0.09092466020022108,2,363.0,0.2502114999265645,2.5021624530200333,0.003170767162290531,1439.6725615867815,1442.843328749072,1390.862472038107,0.4396725615867816,2767,2001-01-02,2011-12-30,30,1.0,10.0,0,0,10
multi_scale_sma200_entry_only__mr_30m__sma_distance_10__entry_m0p06__exit_0p01__shared_hours_3,mr_30m__sma_distance_10__entry_m0p06__exit_0p01__shared_hours_3,200,daily_sessions,17,entry_only,multi_scale_sma200_entry_only,928,0,0,0,0,SMA_DISTANCE,10,daily_sessions,-0.06,0.01,3.0,3.0,3.0,7,7,0.2045907300061903,0.03363431952216822,-0.03468663776113512,0.015700818920256338,0.0037729582172123704,1.9989011088901103,0.18174940409967838,1,0.09092466020022108,0.09092466020022108,2,363.5,0.2501370624267848,2.5014173329020943,0.0031689084356250987,1438.8286151205484,1441.9975235561735,1390.862472038107,0.4388286151205485,2767,2001-01-02,2011-12-30,30,1.0,10.0,0,0,10
multi_scale_sma200_entry_only__mr_30m__zscore_10__entry_m1p5__exit_0__shared_hours_3,mr_30m__zscore_10__entry_m1p5__exit_0__shared_hours_3,200,daily_sessions,17,entry_only,multi_scale_sma200_entry_only,1386,0,0,0,0,ZSCORE,10,daily_sessions,-1.5,0.0,3.0,3.0,3.0,7,7,0.21666965648375627,0.04644961497976374,-0.12428266640611563,0.08985392582022038,0.1500101200392346,115.93626431562636,10.541465437781342,58,5.273630291612823,5.273630291612823,116,249.18103448275863,15.254454497196168,152.5450149951354,0.2242424336878157,1647.647892500316,1871.8903261881317,1390.862472038107,0.647647892500316,2767,2001-01-02,2011-12-30,30,1.0,10.0,0,0,10
multi_scale_sma200_entry_only__mr_30m__zscore_10__entry_m1p5__exit_m0p5__shared_hours_3,mr_30m__zscore_10__entry_m1p5__exit_m0p5__shared_hours_3,200,daily_sessions,17,entry_only,multi_scale_sma200_entry_only,1497,0,0,0,0,ZSCORE,10,daily_sessions,-1.5,-0.5,3.0,3.0,3.0,7,7,0.19514248887567257,0.042898345942061544,-0.12367919625844437,0.07673809707520679,0.10571029701017713,129.92857207785713,11.81371126647909,65,5.91010291301437,5.91010291301437,130,156.6846153846154,17.618042642434965,176.1808292242367,0.24399763317157955,1587.1844697429478,1831.1821029145274,1390.862472038107,0.5871844697429478,2767,2001-01-02,2011-12-30,30,1.0,10.0,0,0,10
multi_scale_sma200_entry_only__mr_30m__zscore_10__entry_m2__exit_0__shared_hours_3,mr_30m__zscore_10__entry_m2__exit_0__shared_hours_3,200,daily_sessions,17,entry_only,multi_scale_sma200_entry_only,120,0,1,0,0,ZSCORE,10,daily_sessions,-2.0,0.0,3.0,3.0,3.0,7,7,-0.05018829577349141,0.026228456769271657,-0.10841802722100502,0.05351620282655119,0.05519313705646982,37.979121068912086,3.4532386778938884,19,1.7275685438042006,1.7275685438042006,38,279.86842105263156,4.398984696621124,43.9898774411655,0.05674769091841654,1329.4236693690502,1386.1713602874668,1390.862472038107,0.3294236693690502,2767,2001-01-02,2011-12-30,30,1.0,10.0,0,0,10
multi_scale_sma200_entry_only__mr_30m__zscore_50__entry_m2p5__exit_0__shared_hours_3,mr_30m__zscore_50__entry_m2p5__exit_0__shared_hours_3,200,daily_sessions,17,entry_only,multi_scale_sma200_entry_only,310,0,0,0,0,ZSCORE,50,daily_sessions,-2.5,0.0,3.0,3.0,3.0,7,7,0.2562552694263585,0.03879942806865344,-0.09638297872340418,0.03374279165963606,0.02717360278586516,5.99670332667033,0.5452482122990351,3,0.2727739806006632,0.2727739806006632,6,872.6666666666666,0.7579109133264217,7.579240419266122,0.010064578918267444,1519.908983226011,1529.9735621442785,1390.862472038107,0.5199089832260111,2767,2001-01-02,2011-12-30,30,1.0,10.0,0,0,10
multi_scale_sma200_entry_only__mr_30m__zscore_50__entry_m2p5__exit_0p5__shared_hours_3,mr_30m__zscore_50__entry_m2p5__exit_0p5__shared_hours_3,200,daily_sessions,17,entry_only,multi_scale_sma200_entry_only,283,0,0,0,0,ZSCORE,50,daily_sessions,-2.5,0.5,3.0,3.0,3.0,7,7,0.16079182003266296,0.03645817824617925,-0.09638297872340418,0.041578994933940155,0.048498341870494635,5.99670332667033,0.5452482122990351,3,0.2727739806006632,0.2727739806006632,6,1557.5,0.7383303859941058,7.383414090721769,0.009817894137151825,1482.6557192949415,1492.4736134320933,1390.862472038107,0.48265571929494144,2767,2001-01-02,2011-12-30,30,1.0,10.0,0,0,10
multi_scale_sma100_recovery_or_trend_break__mr_30m__ema_distance_10__entry_m0p04__exit_0__shared_hours_3,mr_30m__ema_distance_10__entry_m0p04__exit_0__shared_hours_3,100,daily_sessions,17,recovery_or_trend_break,multi_scale_sma100_recovery_or_trend_break,1786,3,0,0,0,EMA_DISTANCE,10,daily_sessions,-0.04,0.0,3.0,3.0,3.0,7,7,-0.03559220730791746,0.029245263798382437,-0.07194405021299954,0.024589429895215963,0.005485580241531603,5.99670332667033,0.5452482122990351,3,0.2727739806006632,0.2727739806006632,6,176.16666666666666,0.6930452754578922,6.930457742614019,0.009092055896144985,1373.042781505591,1382.134837401736,1390.862472038107,0.373042781505591,2767,2001-01-02,2011-12-30,30,1.0,10.0,0,0,10
multi_scale_sma100_recovery_or_trend_break__mr_30m__ema_distance_10__entry_m0p06__exit_0__shared_hours_3,mr_30m__ema_distance_10__entry_m0p06__exit_0__shared_hours_3,100,daily_sessions,17,recovery_or_trend_break,multi_scale_sma100_recovery_or_trend_break,641,0,0,0,0,EMA_DISTANCE,10,daily_sessions,-0.06,0.0,3.0,3.0,3.0,7,7,,0.030452711148542644,0.0,0.0011514930333371037,0.0,0.0,0.0,0,0.0,0.0,0,0.0,0.0,0.0,0.0,1390.862472038107,1390.862472038107,1390.862472038107,0.39086247203810687,2767,2001-01-02,2011-12-30,30,1.0,10.0,0,0,10
multi_scale_sma100_recovery_or_trend_break__mr_30m__ema_distance_10__entry_m0p06__exit_0p01__shared_hours_3,mr_30m__ema_distance_10__entry_m0p06__exit_0p01__shared_hours_3,100,daily_sessions,17,recovery_or_trend_break,multi_scale_sma100_recovery_or_trend_break,641,0,0,0,0,EMA_DISTANCE,10,daily_sessions,-0.06,0.01,3.0,3.0,3.0,7,7,,0.030452711148542644,0.0,0.0011514930333371037,0.0,0.0,0.0,0,0.0,0.0,0,0.0,0.0,0.0,0.0,1390.862472038107,1390.862472038107,1390.862472038107,0.39086247203810687,2767,2001-01-02,2011-12-30,30,1.0,10.0,0,0,10
multi_scale_sma100_recovery_or_trend_break__mr_30m__ema_distance_50__entry_m0p04__exit_0p01__shared_hours_3,mr_30m__ema_distance_50__entry_m0p04__exit_0p01__shared_hours_3,100,daily_sessions,17,recovery_or_trend_break,multi_scale_sma100_recovery_or_trend_break,6709,2,0,0,0,EMA_DISTANCE,50,daily_sessions,-0.04,0.01,3.0,3.0,3.0,7,7,-0.010301929469304034,0.029982510671352713,-0.07194405021299954,0.021727078886929596,0.0042659857696679074,3.9978022177802197,0.3634988081993567,2,0.18184932040044216,0.18184932040044216,4,205.5,0.4615176784804208,4.61518803584136,0.006102570351798249,1383.8983389616951,1390.0009093134934,1390.862472038107,0.383898338961695,2767,2001-01-02,2011-12-30,30,1.0,10.0,0,0,10
multi_scale_sma100_recovery_or_trend_break__mr_30m__rsi_14__entry_20__exit_50__shared_hours_3,mr_30m__rsi_14__entry_20__exit_50__shared_hours_3,100,daily_sessions,17,recovery_or_trend_break,multi_scale_sma100_recovery_or_trend_break,28,0,0,0,0,RSI,14,daily_sessions,20.0,50.0,3.0,3.0,3.0,7,7,,0.030452711148542644,0.0,0.0011514930333371037,0.0,0.0,0.0,0,0.0,0.0,0,0.0,0.0,0.0,0.0,1390.862472038107,1390.862472038107,1390.862472038107,0.39086247203810687,2767,2001-01-02,2011-12-30,30,1.0,10.0,0,0,10
multi_scale_sma100_recovery_or_trend_break__mr_30m__rsi_14__entry_20__exit_60__shared_hours_3,mr_30m__rsi_14__entry_20__exit_60__shared_hours_3,100,daily_sessions,17,recovery_or_trend_break,multi_scale_sma100_recovery_or_trend_break,28,0,0,0,0,RSI,14,daily_sessions,20.0,60.0,3.0,3.0,3.0,7,7,,0.030452711148542644,0.0,0.0011514930333371037,0.0,0.0,0.0,0,0.0,0.0,0,0.0,0.0,0.0,0.0,1390.862472038107,1390.862472038107,1390.862472038107,0.39086247203810687,2767,2001-01-02,2011-12-30,30,1.0,10.0,0,0,10
multi_scale_sma100_recovery_or_trend_break__mr_30m__rsi_14__entry_20__exit_70__shared_hours_3,mr_30m__rsi_14__entry_20__exit_70__shared_hours_3,100,daily_sessions,17,recovery_or_trend_break,multi_scale_sma100_recovery_or_trend_break,28,0,0,0,0,RSI,14,daily_sessions,20.0,70.0,3.0,3.0,3.0,7,7,,0.030452711148542644,0.0,0.0011514930333371037,0.0,0.0,0.0,0,0.0,0.0,0,0.0,0.0,0.0,0.0,1390.862472038107,1390.862472038107,1390.862472038107,0.39086247203810687,2767,2001-01-02,2011-12-30,30,1.0,10.0,0,0,10
multi_scale_sma100_recovery_or_trend_break__mr_30m__rsi_2__entry_10__exit_50__shared_hours_3,mr_30m__rsi_2__entry_10__exit_50__shared_hours_3,100,daily_sessions,17,recovery_or_trend_break,multi_scale_sma100_recovery_or_trend_break,2207,19,0,0,0,RSI,2,daily_sessions,10.0,50.0,3.0,3.0,3.0,7,7,0.2342133248218837,0.042340968760229414,-0.0728805156172535,0.05568112228680663,0.05271761976677202,129.92857207785713,11.81371126647909,65,5.91010291301437,5.91010291301437,130,78.13846153846154,17.104724490731698,171.04761690306395,0.24256725419387498,1577.8799725241647,1820.4472267180397,1390.862472038107,0.5778799725241648,2767,2001-01-02,2011-12-30,30,1.0,10.0,0,0,10
multi_scale_sma100_recovery_or_trend_break__mr_30m__rsi_2__entry_10__exit_60__shared_hours_3,mr_30m__rsi_2__entry_10__exit_60__shared_hours_3,100,daily_sessions,17,recovery_or_trend_break,multi_scale_sma100_recovery_or_trend_break,2207,19,0,0,0,RSI,2,daily_sessions,10.0,60.0,3.0,3.0,3.0,7,7,0.23388474761993008,0.04315323323428499,-0.0728805156172535,0.060242769081443014,0.06511596527010126,127.92967096896702,11.631961862379413,64,5.819178252814149,5.819178252814149,128,98.0234375,16.88901506940395,168.89053949538607,0.2406192898279769,1591.4559912997136,1832.0752811276905,1390.862472038107,0.5914559912997135,2767,2001-01-02,2011-12-30,30,1.0,10.0,0,0,10
multi_scale_sma100_recovery_or_trend_break__mr_30m__rsi_2__entry_10__exit_70__shared_hours_3,mr_30m__rsi_2__entry_10__exit_70__shared_hours_3,100,daily_sessions,17,recovery_or_trend_break,multi_scale_sma100_recovery_or_trend_break,2207,19,0,0,0,RSI,2,daily_sessions,10.0,70.0,3.0,3.0,3.0,7,7,0.21996895760450413,0.04321921354619884,-0.0728805156172535,0.06599353345791109,0.0866171563208727,121.93296764229669,11.086713650080378,61,5.546404272213485,5.546404272213485,122,136.80327868852459,16.146906667068677,161.46945636012805,0.22872645520953053,1592.5634219226217,1821.2898771321522,1390.862472038107,0.5925634219226217,2767,2001-01-02,2011-12-30,30,1.0,10.0,0,0,10
multi_scale_sma100_recovery_or_trend_break__mr_30m__rsi_2__entry_20__exit_50__shared_hours_3,mr_30m__rsi_2__entry_20__exit_50__shared_hours_3,100,daily_sessions,17,recovery_or_trend_break,multi_scale_sma100_recovery_or_trend_break,3871,30,0,0,0,RSI,2,daily_sessions,20.0,50.0,3.0,3.0,3.0,7,7,0.19334140068883332,0.042405786331902284,-0.11071335737985599,0.0739248331550735,0.10882934499992215,251.86153972015467,22.900424916559547,126,11.456507185227856,11.456507185227856,252,83.21428571428571,31.469507667863773,314.69564939063457,0.5043675538866675,1578.9594416781686,2083.326995564836,1390.862472038107,0.5789594416781685,2767,2001-01-02,2011-12-30,30,1.0,10.0,0,0,10
multi_scale_sma100_recovery_or_trend_break__mr_30m__rsi_2__entry_20__exit_60__shared_hours_3,mr_30m__rsi_2__entry_20__exit_60__shared_hours_3,100,daily_sessions,17,recovery_or_trend_break,multi_scale_sma100_recovery_or_trend_break,3871,30,0,0,0,RSI,2,daily_sessions,20.0,60.0,3.0,3.0,3.0,7,7,0.12064076676295997,0.03702369876298128,-0.09771952718494048,0.07824802506178404,0.12625657153829786,233.87142974014355,21.264680279662432,117,10.638185243425866,10.638185243425866,234,103.96581196581197,28.62583861129023,286.2588533661329,0.43787122448713606,1491.5772654977654,1929.4484899849015,1390.862472038107,0.4915772654977655,2767,2001-01-02,2011-12-30,30,1.0,10.0,0,0,10
multi_scale_sma100_recovery_or_trend_break__mr_30m__rsi_2__entry_20__exit_70__shared_hours_3,mr_30m__rsi_2__entry_20__exit_70__shared_hours_3,100,daily_sessions,17,recovery_or_trend_break,multi_scale_sma100_recovery_or_trend_break,3871,30,0,0,0,RSI,2,daily_sessions,20.0,70.0,3.0,3.0,3.0,7,7,0.1742036685492657,0.04214046203206223,-0.107577452077951,0.08625749470710803,0.1570630089212038,211.8835175423522,19.265436834565953,106,9.638013981223434,9.638013981223434,212,142.75471698113208,27.123488420603156,271.2354183550239,0.4135291588784432,1574.5449879472135,1988.0741468256567,1390.862472038107,0.5745449879472135,2767,2001-01-02,2011-12-30,30,1.0,10.0,0,0,10
multi_scale_sma100_recovery_or_trend_break__mr_30m__rsi_2__entry_30__exit_50__shared_hours_3,mr_30m__rsi_2__entry_30__exit_50__shared_hours_3,100,daily_sessions,17,recovery_or_trend_break,multi_scale_sma100_recovery_or_trend_break,5372,42,2,0,0,RSI,2,daily_sessions,30.0,50.0,3.0,3.0,3.0,7,7,0.23702611087502423,0.0482370746335572,-0.16130575444686313,0.08915561082379012,0.15601467665177204,373.79450736245053,33.98713856663985,187,17.002911457441343,17.002911457441343,374,80.37967914438502,47.369402776281625,473.6948885356028,0.8544237945453785,1678.8664072811423,2533.290201826521,1390.862472038107,0.6788664072811423,2767,2001-01-02,2011-12-30,30,1.0,10.0,0,0,10
multi_scale_sma100_recovery_or_trend_break__mr_30m__rsi_2__entry_30__exit_60__shared_hours_3,mr_30m__rsi_2__entry_30__exit_60__shared_hours_3,100,daily_sessions,17,recovery_or_trend_break,multi_scale_sma100_recovery_or_trend_break,5372,42,2,0,0,RSI,2,daily_sessions,30.0,60.0,3.0,3.0,3.0,7,7,0.2153444791179348,0.046821029873832076,-0.11889875974490272,0.09385854456825776,0.17762485274045473,347.8087929468793,31.62439631334405,174,15.820890874838467,15.820890874838467,348,98.35057471264368,43.73626040739155,437.3634111423854,0.7714430492011529,1654.090985832725,2425.534035033878,1390.862472038107,0.6540909858327251,2767,2001-01-02,2011-12-30,30,1.0,10.0,0,0,10
multi_scale_sma100_recovery_or_trend_break__mr_30m__rsi_2__entry_30__exit_70__shared_hours_3,mr_30m__rsi_2__entry_30__exit_70__shared_hours_3,100,daily_sessions,17,recovery_or_trend_break,multi_scale_sma100_recovery_or_trend_break,5366,43,1,0,0,RSI,2,daily_sessions,30.0,70.0,3.0,3.0,3.0,7,7,0.25701746549469656,0.0523523201157281,-0.1267881674835446,0.10245270612471552,0.2100349271097687,307.8307707690774,27.98940823135051,154,14.002397670834046,14.002397670834046,308,131.39935064935065,41.977042215993606,419.7712998604518,0.7068369114909249,1752.7946937388526,2459.6316052297775,1390.862472038107,0.7527946937388525,2767,2001-01-02,2011-12-30,30,1.0,10.0,0,0,10
multi_scale_sma100_recovery_or_trend_break__mr_30m__rsi_5__entry_10__exit_50__shared_hours_3,mr_30m__rsi_5__entry_10__exit_50__shared_hours_3,100,daily_sessions,17,recovery_or_trend_break,multi_scale_sma100_recovery_or_trend_break,139,0,0,0,0,RSI,5,daily_sessions,10.0,50.0,3.0,3.0,3.0,7,7,,0.030452711148542644,0.0,0.0011514930333371037,0.0,0.0,0.0,0,0.0,0.0,0,0.0,0.0,0.0,0.0,1390.862472038107,1390.862472038107,1390.862472038107,0.39086247203810687,2767,2001-01-02,2011-12-30,30,1.0,10.0,0,0,10
multi_scale_sma100_recovery_or_trend_break__mr_30m__rsi_5__entry_10__exit_60__shared_hours_3,mr_30m__rsi_5__entry_10__exit_60__shared_hours_3,100,daily_sessions,17,recovery_or_trend_break,multi_scale_sma100_recovery_or_trend_break,139,0,0,0,0,RSI,5,daily_sessions,10.0,60.0,3.0,3.0,3.0,7,7,,0.030452711148542644,0.0,0.0011514930333371037,0.0,0.0,0.0,0,0.0,0.0,0,0.0,0.0,0.0,0.0,1390.862472038107,1390.862472038107,1390.862472038107,0.39086247203810687,2767,2001-01-02,2011-12-30,30,1.0,10.0,0,0,10
multi_scale_sma100_recovery_or_trend_break__mr_30m__rsi_5__entry_10__exit_70__shared_hours_3,mr_30m__rsi_5__entry_10__exit_70__shared_hours_3,100,daily_sessions,17,recovery_or_trend_break,multi_scale_sma100_recovery_or_trend_break,139,0,0,0,0,RSI,5,daily_sessions,10.0,70.0,3.0,3.0,3.0,7,7,,0.030452711148542644,0.0,0.0011514930333371037,0.0,0.0,0.0,0,0.0,0.0,0,0.0,0.0,0.0,0.0,1390.862472038107,1390.862472038107,1390.862472038107,0.39086247203810687,2767,2001-01-02,2011-12-30,30,1.0,10.0,0,0,10
multi_scale_sma100_recovery_or_trend_break__mr_30m__rsi_5__entry_20__exit_50__shared_hours_3,mr_30m__rsi_5__entry_20__exit_50__shared_hours_3,100,daily_sessions,17,recovery_or_trend_break,multi_scale_sma100_recovery_or_trend_break,1201,4,0,0,0,RSI,5,daily_sessions,20.0,50.0,3.0,3.0,3.0,7,7,0.49926690259924467,0.04353796648609909,-0.03813939496017538,0.026038734744857742,0.011682158111341191,19.989011088901098,1.8174940409967835,10,0.9092466020022107,0.9092466020022107,20,112.55,2.6579659321033375,26.579892558503243,0.035543872997007384,1597.9233274615576,1633.467200458565,1390.862472038107,0.5979233274615576,2767,2001-01-02,2011-12-30,30,1.0,10.0,0,0,10
multi_scale_sma100_recovery_or_trend_break__mr_30m__rsi_5__entry_30__exit_50__shared_hours_3,mr_30m__rsi_5__entry_30__exit_50__shared_hours_3,100,daily_sessions,17,recovery_or_trend_break,multi_scale_sma100_recovery_or_trend_break,3617,17,0,0,0,RSI,5,daily_sessions,30.0,50.0,3.0,3.0,3.0,7,7,0.20941897574843907,0.04097702431620731,-0.0777121989924664,0.056200597260207506,0.06626809281373419,87.95164879116483,7.996973780385847,44,4.000685048809728,4.000685048809728,88,145.10227272727272,11.89617060156439,118.96199370731193,0.1580828037469496,1555.3199208902934,1713.402724637243,1390.862472038107,0.5553199208902933,2767,2001-01-02,2011-12-30,30,1.0,10.0,0,0,10
multi_scale_sma100_recovery_or_trend_break__mr_30m__sma_distance_10__entry_m0p02__exit_0__shared_hours_3,mr_30m__sma_distance_10__entry_m0p02__exit_0__shared_hours_3,100,daily_sessions,17,recovery_or_trend_break,multi_scale_sma100_recovery_or_trend_break,4923,19,0,0,0,SMA_DISTANCE,10,daily_sessions,-0.02,0.0,3.0,3.0,3.0,7,7,0.2203800901313413,0.04363361206090799,-0.12198814055399398,0.06844108160133498,0.06761743137834934,87.95164879116483,7.996973780385847,44,4.000685048809728,4.000685048809728,88,148.0568181818182,11.971034256622337,119.71066101682801,0.1625768091599573,1599.5348258497127,1762.11163500967,1390.862472038107,0.5995348258497126,2767,2001-01-02,2011-12-30,30,1.0,10.0,0,0,10
multi_scale_sma100_recovery_or_trend_break__mr_30m__sma_distance_10__entry_m0p02__exit_0p01__shared_hours_3,mr_30m__sma_distance_10__entry_m0p02__exit_0p01__shared_hours_3,100,daily_sessions,17,recovery_or_trend_break,multi_scale_sma100_recovery_or_trend_break,4923,19,0,0,0,SMA_DISTANCE,10,daily_sessions,-0.02,0.01,3.0,3.0,3.0,7,7,0.1691609909115389,0.04079613911229685,-0.10441930160256663,0.07646898426784539,0.08333203589240581,79.95604435560439,7.269976163987134,40,3.636986408008843,3.636986408008843,80,200.7125,10.661407299943303,106.61434758140918,0.142797820416356,1552.3501515057824,1695.1479719221384,1390.862472038107,0.5523501515057825,2767,2001-01-02,2011-12-30,30,1.0,10.0,0,0,10
multi_scale_sma100_recovery_or_trend_break__mr_30m__sma_distance_10__entry_m0p04__exit_0__shared_hours_3,mr_30m__sma_distance_10__entry_m0p04__exit_0__shared_hours_3,100,daily_sessions,17,recovery_or_trend_break,multi_scale_sma100_recovery_or_trend_break,2289,4,0,0,0,SMA_DISTANCE,10,daily_sessions,-0.04,0.0,3.0,3.0,3.0,7,7,-0.03383905634228516,0.028902322682854642,-0.07194405021299954,0.0307110375259514,0.009227399876483624,9.99450554445055,0.9087470204983918,5,0.4546233010011054,0.4546233010011054,10,177.8,1.1012099886690683,11.012106935976536,0.015131289591963878,1368.01958936029,1383.1508789522538,1390.862472038107,0.36801958936029,2767,2001-01-02,2011-12-30,30,1.0,10.0,0,0,10
multi_scale_sma100_recovery_or_trend_break__mr_30m__sma_distance_10__entry_m0p04__exit_0p01__shared_hours_3,mr_30m__sma_distance_10__entry_m0p04__exit_0p01__shared_hours_3,100,daily_sessions,17,recovery_or_trend_break,multi_scale_sma100_recovery_or_trend_break,2289,4,0,0,0,SMA_DISTANCE,10,daily_sessions,-0.04,0.01,3.0,3.0,3.0,7,7,-0.08088161516032019,0.026881039146121832,-0.0936249557221428,0.03535066036314769,0.013425918717920773,9.99450554445055,0.9087470204983918,5,0.4546233010011054,0.4546233010011054,10,258.7,1.0842982687541889,10.8429684337606,0.014807556957023507,1338.7509283103661,1353.5584852673896,1390.862472038107,0.33875092831036624,2767,2001-01-02,2011-12-30,30,1.0,10.0,0,0,10
multi_scale_sma100_recovery_or_trend_break__mr_30m__sma_distance_10__entry_m0p06__exit_0__shared_hours_3,mr_30m__sma_distance_10__entry_m0p06__exit_0__shared_hours_3,100,daily_sessions,17,recovery_or_trend_break,multi_scale_sma100_recovery_or_trend_break,923,0,1,0,0,SMA_DISTANCE,10,daily_sessions,-0.06,0.0,3.0,3.0,3.0,7,7,,0.030452711148542644,0.0,0.0011514930333371037,0.0,0.0,0.0,0,0.0,0.0,0,0.0,0.0,0.0,0.0,1390.862472038107,1390.862472038107,1390.862472038107,0.39086247203810687,2767,2001-01-02,2011-12-30,30,1.0,10.0,0,0,10
multi_scale_sma100_recovery_or_trend_break__mr_30m__sma_distance_10__entry_m0p06__exit_0p01__shared_hours_3,mr_30m__sma_distance_10__entry_m0p06__exit_0p01__shared_hours_3,100,daily_sessions,17,recovery_or_trend_break,multi_scale_sma100_recovery_or_trend_break,923,0,1,0,0,SMA_DISTANCE,10,daily_sessions,-0.06,0.01,3.0,3.0,3.0,7,7,,0.030452711148542644,0.0,0.0011514930333371037,0.0,0.0,0.0,0,0.0,0.0,0,0.0,0.0,0.0,0.0,1390.862472038107,1390.862472038107,1390.862472038107,0.39086247203810687,2767,2001-01-02,2011-12-30,30,1.0,10.0,0,0,10
multi_scale_sma100_recovery_or_trend_break__mr_30m__zscore_10__entry_m1p5__exit_0__shared_hours_3,mr_30m__zscore_10__entry_m1p5__exit_0__shared_hours_3,100,daily_sessions,17,recovery_or_trend_break,multi_scale_sma100_recovery_or_trend_break,1787,22,0,0,0,ZSCORE,10,daily_sessions,-1.5,0.0,3.0,3.0,3.0,7,7,0.051367843920432414,0.031685154351676514,-0.11502861400147069,0.0666365465851215,0.08525743822883744,109.93956098895603,9.996217225482308,55,5.000856311012159,5.000856311012159,110,149.34545454545454,13.349818794478706,133.49839411527634,0.18126698372757483,1409.2676295239785,1590.5346132515533,1390.862472038107,0.40926762952397855,2767,2001-01-02,2011-12-30,30,1.0,10.0,0,0,10
multi_scale_sma100_recovery_or_trend_break__mr_30m__zscore_10__entry_m1p5__exit_m0p5__shared_hours_3,mr_30m__zscore_10__entry_m1p5__exit_m0p5__shared_hours_3,100,daily_sessions,17,recovery_or_trend_break,multi_scale_sma100_recovery_or_trend_break,1789,20,0,0,0,ZSCORE,10,daily_sessions,-1.5,-0.5,3.0,3.0,3.0,7,7,0.10754738187508493,0.03527228695299178,-0.11294915222741764,0.06058525372341527,0.06612796919356262,121.93296764229669,11.086713650080378,61,5.546404272213485,5.546404272213485,122,104.44262295081967,15.502442586857416,155.0246841724123,0.2102770042536579,1464.1046447342162,1674.381648987874,1390.862472038107,0.4641046447342163,2767,2001-01-02,2011-12-30,30,1.0,10.0,0,0,10
multi_scale_sma100_recovery_or_trend_break__mr_30m__zscore_10__entry_m2__exit_0__shared_hours_3,mr_30m__zscore_10__entry_m2__exit_0__shared_hours_3,100,daily_sessions,17,recovery_or_trend_break,multi_scale_sma100_recovery_or_trend_break,155,8,0,0,0,ZSCORE,10,daily_sessions,-2.0,0.0,3.0,3.0,3.0,7,7,0.11073205676441242,0.03417683253395776,-0.06368844119203299,0.03981828887875755,0.029545324801361794,37.979121068912086,3.4532386778938884,19,1.7275685438042006,1.7275685438042006,38,149.81578947368422,4.7816334160319265,47.81645962707064,0.061773206864588474,1447.156034184054,1508.9292410486426,1390.862472038107,0.44715603418405414,2767,2001-01-02,2011-12-30,30,1.0,10.0,0,0,10
multi_scale_sma100_recovery_or_trend_break__mr_30m__zscore_50__entry_m2p5__exit_0__shared_hours_3,mr_30m__zscore_50__entry_m2p5__exit_0__shared_hours_3,100,daily_sessions,17,recovery_or_trend_break,multi_scale_sma100_recovery_or_trend_break,384,0,0,0,0,ZSCORE,50,daily_sessions,-2.5,0.0,3.0,3.0,3.0,7,7,,0.030452711148542644,0.0,0.0011514930333371037,0.0,0.0,0.0,0,0.0,0.0,0,0.0,0.0,0.0,0.0,1390.862472038107,1390.862472038107,1390.862472038107,0.39086247203810687,2767,2001-01-02,2011-12-30,30,1.0,10.0,0,0,10
multi_scale_sma100_recovery_or_trend_break__mr_30m__zscore_50__entry_m2p5__exit_0p5__shared_hours_3,mr_30m__zscore_50__entry_m2p5__exit_0p5__shared_hours_3,100,daily_sessions,17,recovery_or_trend_break,multi_scale_sma100_recovery_or_trend_break,384,0,0,0,0,ZSCORE,50,daily_sessions,-2.5,0.5,3.0,3.0,3.0,7,7,,0.030452711148542644,0.0,0.0011514930333371037,0.0,0.0,0.0,0,0.0,0.0,0,0.0,0.0,0.0,0.0,1390.862472038107,1390.862472038107,1390.862472038107,0.39086247203810687,2767,2001-01-02,2011-12-30,30,1.0,10.0,0,0,10
multi_scale_sma200_recovery_or_trend_break__mr_30m__ema_distance_10__entry_m0p04__exit_0__shared_hours_3,mr_30m__ema_distance_10__entry_m0p04__exit_0__shared_hours_3,200,daily_sessions,17,recovery_or_trend_break,multi_scale_sma200_recovery_or_trend_break,1777,0,0,0,0,EMA_DISTANCE,10,daily_sessions,-0.04,0.0,3.0,3.0,3.0,7,7,0.39212348740979486,0.040993379593132984,-0.03813939496017549,0.026919839529869743,0.007239720375531302,5.99670332667033,0.5452482122990351,3,0.2727739806006632,0.2727739806006632,6,232.5,0.7937869906679422,7.938033279546606,0.01030084391049877,1555.5886959187392,1565.889539829238,1390.862472038107,0.5555886959187393,2767,2001-01-02,2011-12-30,30,1.0,10.0,0,0,10
multi_scale_sma200_recovery_or_trend_break__mr_30m__ema_distance_10__entry_m0p06__exit_0__shared_hours_3,mr_30m__ema_distance_10__entry_m0p06__exit_0__shared_hours_3,200,daily_sessions,17,recovery_or_trend_break,multi_scale_sma200_recovery_or_trend_break,641,0,0,0,0,EMA_DISTANCE,10,daily_sessions,-0.06,0.0,3.0,3.0,3.0,7,7,,0.030452711148542644,0.0,0.0011514930333371037,0.0,0.0,0.0,0,0.0,0.0,0,0.0,0.0,0.0,0.0,1390.862472038107,1390.862472038107,1390.862472038107,0.39086247203810687,2767,2001-01-02,2011-12-30,30,1.0,10.0,0,0,10
multi_scale_sma200_recovery_or_trend_break__mr_30m__ema_distance_10__entry_m0p06__exit_0p01__shared_hours_3,mr_30m__ema_distance_10__entry_m0p06__exit_0p01__shared_hours_3,200,daily_sessions,17,recovery_or_trend_break,multi_scale_sma200_recovery_or_trend_break,641,0,0,0,0,EMA_DISTANCE,10,daily_sessions,-0.06,0.01,3.0,3.0,3.0,7,7,,0.030452711148542644,0.0,0.0011514930333371037,0.0,0.0,0.0,0,0.0,0.0,0,0.0,0.0,0.0,0.0,1390.862472038107,1390.862472038107,1390.862472038107,0.39086247203810687,2767,2001-01-02,2011-12-30,30,1.0,10.0,0,0,10
multi_scale_sma200_recovery_or_trend_break__mr_30m__ema_distance_50__entry_m0p04__exit_0p01__shared_hours_3,mr_30m__ema_distance_50__entry_m0p04__exit_0p01__shared_hours_3,200,daily_sessions,17,recovery_or_trend_break,multi_scale_sma200_recovery_or_trend_break,6552,5,1,0,0,EMA_DISTANCE,50,daily_sessions,-0.04,0.01,3.0,3.0,3.0,7,7,0.5217509078308807,0.04393849744858658,-0.030290456431535273,0.025607710979895372,0.0069335243166378634,13.99230776223077,1.2722458286977485,7,0.6364726214015476,0.6364726214015476,14,95.42857142857143,2.009770400616014,20.097923198540684,0.02490336791840241,1604.6815976099394,1629.5849655283419,1390.862472038107,0.6046815976099393,2767,2001-01-02,2011-12-30,30,1.0,10.0,0,0,10
multi_scale_sma200_recovery_or_trend_break__mr_30m__rsi_14__entry_20__exit_50__shared_hours_3,mr_30m__rsi_14__entry_20__exit_50__shared_hours_3,200,daily_sessions,17,recovery_or_trend_break,multi_scale_sma200_recovery_or_trend_break,28,0,0,0,0,RSI,14,daily_sessions,20.0,50.0,3.0,3.0,3.0,7,7,,0.030452711148542644,0.0,0.0011514930333371037,0.0,0.0,0.0,0,0.0,0.0,0,0.0,0.0,0.0,0.0,1390.862472038107,1390.862472038107,1390.862472038107,0.39086247203810687,2767,2001-01-02,2011-12-30,30,1.0,10.0,0,0,10
multi_scale_sma200_recovery_or_trend_break__mr_30m__rsi_14__entry_20__exit_60__shared_hours_3,mr_30m__rsi_14__entry_20__exit_60__shared_hours_3,200,daily_sessions,17,recovery_or_trend_break,multi_scale_sma200_recovery_or_trend_break,28,0,0,0,0,RSI,14,daily_sessions,20.0,60.0,3.0,3.0,3.0,7,7,,0.030452711148542644,0.0,0.0011514930333371037,0.0,0.0,0.0,0,0.0,0.0,0,0.0,0.0,0.0,0.0,1390.862472038107,1390.862472038107,1390.862472038107,0.39086247203810687,2767,2001-01-02,2011-12-30,30,1.0,10.0,0,0,10
multi_scale_sma200_recovery_or_trend_break__mr_30m__rsi_14__entry_20__exit_70__shared_hours_3,mr_30m__rsi_14__entry_20__exit_70__shared_hours_3,200,daily_sessions,17,recovery_or_trend_break,multi_scale_sma200_recovery_or_trend_break,28,0,0,0,0,RSI,14,daily_sessions,20.0,70.0,3.0,3.0,3.0,7,7,,0.030452711148542644,0.0,0.0011514930333371037,0.0,0.0,0.0,0,0.0,0.0,0,0.0,0.0,0.0,0.0,1390.862472038107,1390.862472038107,1390.862472038107,0.39086247203810687,2767,2001-01-02,2011-12-30,30,1.0,10.0,0,0,10
multi_scale_sma200_recovery_or_trend_break__mr_30m__rsi_2__entry_10__exit_50__shared_hours_3,mr_30m__rsi_2__entry_10__exit_50__shared_hours_3,200,daily_sessions,17,recovery_or_trend_break,multi_scale_sma200_recovery_or_trend_break,1970,17,0,0,0,RSI,2,daily_sessions,10.0,50.0,3.0,3.0,3.0,7,7,0.0889109911524928,0.03399015493647317,-0.08680989747251722,0.056908979238348804,0.06389637079823755,135.9252754045275,12.35895947877813,68,6.182876893615033,6.182876893615033,136,90.52941176470588,17.73113899507709,177.31164535651254,0.23306387745199414,1444.285655397666,1677.3495328496601,1390.862472038107,0.44428565539766596,2767,2001-01-02,2011-12-30,30,1.0,10.0,0,0,10
multi_scale_sma200_recovery_or_trend_break__mr_30m__rsi_2__entry_10__exit_60__shared_hours_3,mr_30m__rsi_2__entry_10__exit_60__shared_hours_3,200,daily_sessions,17,recovery_or_trend_break,multi_scale_sma200_recovery_or_trend_break,1970,17,0,0,0,RSI,2,daily_sessions,10.0,60.0,3.0,3.0,3.0,7,7,0.15997990842855472,0.03857622747190881,-0.08680989747251777,0.06078053952518996,0.07902453201305744,135.9252754045275,12.35895947877813,68,6.182876893615033,6.182876893615033,136,111.96323529411765,18.506655807880467,185.06688661890354,0.2446882191878783,1516.3211428622426,1761.009362050121,1390.862472038107,0.5163211428622425,2767,2001-01-02,2011-12-30,30,1.0,10.0,0,0,10
multi_scale_sma200_recovery_or_trend_break__mr_30m__rsi_2__entry_10__exit_70__shared_hours_3,mr_30m__rsi_2__entry_10__exit_70__shared_hours_3,200,daily_sessions,17,recovery_or_trend_break,multi_scale_sma200_recovery_or_trend_break,1970,17,0,0,0,RSI,2,daily_sessions,10.0,70.0,3.0,3.0,3.0,7,7,0.21824445365659054,0.04293752817305885,-0.08680989747251999,0.065003054065853,0.09675795461032659,129.92857207785713,11.81371126647909,65,5.91010291301437,5.91010291301437,130,143.41538461538462,17.899410928006013,178.9945064673363,0.24409847313475597,1587.8404253823674,1831.9388985171233,1390.862472038107,0.5878404253823672,2767,2001-01-02,2011-12-30,30,1.0,10.0,0,0,10
multi_scale_sma200_recovery_or_trend_break__mr_30m__rsi_2__entry_20__exit_50__shared_hours_3,mr_30m__rsi_2__entry_20__exit_50__shared_hours_3,200,daily_sessions,17,recovery_or_trend_break,multi_scale_sma200_recovery_or_trend_break,3619,23,1,0,0,RSI,2,daily_sessions,20.0,50.0,3.0,3.0,3.0,7,7,0.03495424071636819,0.03030671962537701,-0.12126067333571855,0.07351404364803883,0.11961886375313333,241.86703417570405,21.991677896061148,121,11.00188388422675,11.00188388422675,242,95.24380165289256,29.561281189839868,295.6131858421224,0.42354715693443906,1388.6967909308744,1812.2439478653134,1390.862472038107,0.3886967909308743,2767,2001-01-02,2011-12-30,30,1.0,10.0,0,0,10
multi_scale_sma200_recovery_or_trend_break__mr_30m__rsi_2__entry_20__exit_60__shared_hours_3,mr_30m__rsi_2__entry_20__exit_60__shared_hours_3,200,daily_sessions,17,recovery_or_trend_break,multi_scale_sma200_recovery_or_trend_break,3619,23,1,0,0,RSI,2,daily_sessions,20.0,60.0,3.0,3.0,3.0,7,7,0.005886777108866349,0.02781426369637785,-0.13088300278279408,0.07767194643671105,0.14112524456761483,227.87472641347318,20.719432067363392,114,10.365411262825203,10.365411262825203,228,119.26754385964912,28.21603593890621,282.16068637779074,0.385446796522059,1352.1927480106554,1737.6395445327144,1390.862472038107,0.35219274801065525,2767,2001-01-02,2011-12-30,30,1.0,10.0,0,0,10
multi_scale_sma200_recovery_or_trend_break__mr_30m__rsi_2__entry_20__exit_70__shared_hours_3,mr_30m__rsi_2__entry_20__exit_70__shared_hours_3,200,daily_sessions,17,recovery_or_trend_break,multi_scale_sma200_recovery_or_trend_break,3619,23,1,0,0,RSI,2,daily_sessions,20.0,70.0,3.0,3.0,3.0,7,7,0.17440419569989027,0.041945830181353116,-0.12541337683655518,0.0840381431988193,0.16888529065271657,211.8835175423522,19.265436834565953,106,9.638013981223434,9.638013981223434,212,153.5,28.55313550881043,285.53189134300476,0.4126805517568998,1571.3138491961818,1983.9944009530816,1390.862472038107,0.5713138491961818,2767,2001-01-02,2011-12-30,30,1.0,10.0,0,0,10
multi_scale_sma200_recovery_or_trend_break__mr_30m__rsi_2__entry_30__exit_50__shared_hours_3,mr_30m__rsi_2__entry_30__exit_50__shared_hours_3,200,daily_sessions,17,recovery_or_trend_break,multi_scale_sma200_recovery_or_trend_break,5103,33,0,0,0,RSI,2,daily_sessions,30.0,50.0,3.0,3.0,3.0,7,7,0.09544419070862961,0.035106573141379105,-0.14216140391001053,0.0886968013254925,0.167317982012279,369.79670514467034,33.6236397584405,185,16.8210621370409,16.8210621370409,370,87.13513513513513,45.984781539420474,459.8484578116301,0.7341324041882039,1461.5292306870351,2195.661634875239,1390.862472038107,0.4615292306870351,2767,2001-01-02,2011-12-30,30,1.0,10.0,0,0,10
multi_scale_sma200_recovery_or_trend_break__mr_30m__rsi_2__entry_30__exit_60__shared_hours_3,mr_30m__rsi_2__entry_30__exit_60__shared_hours_3,200,daily_sessions,17,recovery_or_trend_break,multi_scale_sma200_recovery_or_trend_break,5097,34,0,0,0,RSI,2,daily_sessions,30.0,60.0,3.0,3.0,3.0,7,7,0.11897846619524945,0.037407389672388325,-0.15353319203570048,0.09365924268196678,0.19530118793691323,347.8087929468793,31.62439631334405,174,15.820890874838467,15.820890874838467,348,108.13793103448276,44.5797245515078,445.79791077255317,0.6984850956301907,1497.6580599395456,2196.1431555697363,1390.862472038107,0.4976580599395457,2767,2001-01-02,2011-12-30,30,1.0,10.0,0,0,10
multi_scale_sma200_recovery_or_trend_break__mr_30m__rsi_2__entry_30__exit_70__shared_hours_3,mr_30m__rsi_2__entry_30__exit_70__shared_hours_3,200,daily_sessions,17,recovery_or_trend_break,multi_scale_sma200_recovery_or_trend_break,5090,35,0,0,0,RSI,2,daily_sessions,30.0,70.0,3.0,3.0,3.0,7,7,0.21739821126632652,0.04779760776039854,-0.15190643828366934,0.10000879940492796,0.22857795284580693,311.8285729868576,28.352907039549862,156,14.184246991234488,14.184246991234488,312,141.16666666666666,42.56704011343318,425.67121422632835,0.6842501910350909,1671.141539294474,2355.391730329565,1390.862472038107,0.671141539294474,2767,2001-01-02,2011-12-30,30,1.0,10.0,0,0,10
multi_scale_sma200_recovery_or_trend_break__mr_30m__rsi_5__entry_10__exit_50__shared_hours_3,mr_30m__rsi_5__entry_10__exit_50__shared_hours_3,200,daily_sessions,17,recovery_or_trend_break,multi_scale_sma200_recovery_or_trend_break,139,0,0,0,0,RSI,5,daily_sessions,10.0,50.0,3.0,3.0,3.0,7,7,,0.030452711148542644,0.0,0.0011514930333371037,0.0,0.0,0.0,0,0.0,0.0,0,0.0,0.0,0.0,0.0,1390.862472038107,1390.862472038107,1390.862472038107,0.39086247203810687,2767,2001-01-02,2011-12-30,30,1.0,10.0,0,0,10
multi_scale_sma200_recovery_or_trend_break__mr_30m__rsi_5__entry_10__exit_60__shared_hours_3,mr_30m__rsi_5__entry_10__exit_60__shared_hours_3,200,daily_sessions,17,recovery_or_trend_break,multi_scale_sma200_recovery_or_trend_break,139,0,0,0,0,RSI,5,daily_sessions,10.0,60.0,3.0,3.0,3.0,7,7,,0.030452711148542644,0.0,0.0011514930333371037,0.0,0.0,0.0,0,0.0,0.0,0,0.0,0.0,0.0,0.0,1390.862472038107,1390.862472038107,1390.862472038107,0.39086247203810687,2767,2001-01-02,2011-12-30,30,1.0,10.0,0,0,10
multi_scale_sma200_recovery_or_trend_break__mr_30m__rsi_5__entry_10__exit_70__shared_hours_3,mr_30m__rsi_5__entry_10__exit_70__shared_hours_3,200,daily_sessions,17,recovery_or_trend_break,multi_scale_sma200_recovery_or_trend_break,139,0,0,0,0,RSI,5,daily_sessions,10.0,70.0,3.0,3.0,3.0,7,7,,0.030452711148542644,0.0,0.0011514930333371037,0.0,0.0,0.0,0,0.0,0.0,0,0.0,0.0,0.0,0.0,1390.862472038107,1390.862472038107,1390.862472038107,0.39086247203810687,2767,2001-01-02,2011-12-30,30,1.0,10.0,0,0,10
multi_scale_sma200_recovery_or_trend_break__mr_30m__rsi_5__entry_20__exit_50__shared_hours_3,mr_30m__rsi_5__entry_20__exit_50__shared_hours_3,200,daily_sessions,17,recovery_or_trend_break,multi_scale_sma200_recovery_or_trend_break,1027,7,0,0,0,RSI,5,daily_sessions,20.0,50.0,3.0,3.0,3.0,7,7,0.4607603826141012,0.048284914834413994,-0.0536099606807704,0.038970974153240155,0.026317291773705544,37.979121068912086,3.4532386778938884,19,1.7275685438042006,1.7275685438042006,38,133.44736842105263,5.2936234237704785,52.936570628831205,0.0716999597671254,1679.709289743747,1751.4092495108723,1390.862472038107,0.6797092897437469,2767,2001-01-02,2011-12-30,30,1.0,10.0,0,0,10
multi_scale_sma200_recovery_or_trend_break__mr_30m__rsi_5__entry_30__exit_50__shared_hours_3,mr_30m__rsi_5__entry_30__exit_50__shared_hours_3,200,daily_sessions,17,recovery_or_trend_break,multi_scale_sma200_recovery_or_trend_break,3233,16,0,0,0,RSI,5,daily_sessions,30.0,50.0,3.0,3.0,3.0,7,7,0.14652508190614963,0.03782850943141747,-0.0919655783900254,0.06189774746396459,0.08293761385044139,97.94615433561538,8.905720800884238,49,4.455308349810833,4.455308349810833,98,163.07142857142858,13.181347967687467,131.81374667845685,0.17123353733132468,1504.3579665961488,1675.5915039274735,1390.862472038107,0.5043579665961488,2767,2001-01-02,2011-12-30,30,1.0,10.0,0,0,10
multi_scale_sma200_recovery_or_trend_break__mr_30m__sma_distance_10__entry_m0p02__exit_0__shared_hours_3,mr_30m__sma_distance_10__entry_m0p02__exit_0__shared_hours_3,200,daily_sessions,17,recovery_or_trend_break,multi_scale_sma200_recovery_or_trend_break,4807,19,0,0,0,SMA_DISTANCE,10,daily_sessions,-0.02,0.0,3.0,3.0,3.0,7,7,0.43326458713555055,0.05803173104297077,-0.07770753684224263,0.06613170806143567,0.07624281866446621,97.94615433561538,8.905720800884238,49,4.455308349810833,4.455308349810833,98,149.90816326530611,15.336863976095,153.36921693440232,0.2116786770613792,1859.685369809986,2071.364046871365,1390.862472038107,0.859685369809986,2767,2001-01-02,2011-12-30,30,1.0,10.0,0,0,10
multi_scale_sma200_recovery_or_trend_break__mr_30m__sma_distance_10__entry_m0p02__exit_0p01__shared_hours_3,mr_30m__sma_distance_10__entry_m0p02__exit_0p01__shared_hours_3,200,daily_sessions,17,recovery_or_trend_break,multi_scale_sma200_recovery_or_trend_break,4807,19,0,0,0,SMA_DISTANCE,10,daily_sessions,-0.02,0.01,3.0,3.0,3.0,7,7,0.43749113347354074,0.060393817434856834,-0.12083658762663463,0.07143279508350467,0.0944173711770903,89.95054990005494,8.178723184485525,45,4.091609709009949,4.091609709009949,90,202.14444444444445,14.505327933838423,145.05389098509053,0.1983359029252972,1905.860404155533,2104.19630708083,1390.862472038107,0.9058604041555329,2767,2001-01-02,2011-12-30,30,1.0,10.0,0,0,10
multi_scale_sma200_recovery_or_trend_break__mr_30m__sma_distance_10__entry_m0p04__exit_0__shared_hours_3,mr_30m__sma_distance_10__entry_m0p04__exit_0__shared_hours_3,200,daily_sessions,17,recovery_or_trend_break,multi_scale_sma200_recovery_or_trend_break,2280,5,0,0,0,SMA_DISTANCE,10,daily_sessions,-0.04,0.0,3.0,3.0,3.0,7,7,0.38534227967486784,0.042067699997433206,-0.0373804694303016,0.030324204113562795,0.009445369952306071,15.991208871120879,1.4539952327974268,8,0.7273972816017686,0.7273972816017686,16,113.75,2.284300730831041,22.843203388417603,0.027935842328897023,1573.3363384220618,1601.2721807509588,1390.862472038107,0.5733363384220618,2767,2001-01-02,2011-12-30,30,1.0,10.0,0,0,10
multi_scale_sma200_recovery_or_trend_break__mr_30m__sma_distance_10__entry_m0p04__exit_0p01__shared_hours_3,mr_30m__sma_distance_10__entry_m0p04__exit_0p01__shared_hours_3,200,daily_sessions,17,recovery_or_trend_break,multi_scale_sma200_recovery_or_trend_break,2280,5,0,0,0,SMA_DISTANCE,10,daily_sessions,-0.04,0.01,3.0,3.0,3.0,7,7,0.13188246335666662,0.03443866895629255,-0.08782394076511713,0.033575722023869124,0.011458998271808685,13.99230776223077,1.2722458286977485,7,0.6364726214015476,0.6364726214015476,14,157.71428571428572,1.9010973031283172,19.0110498691504,0.02252131422516777,1451.1908031674886,1473.7121173926564,1390.862472038107,0.4511908031674887,2767,2001-01-02,2011-12-30,30,1.0,10.0,0,0,10
multi_scale_sma200_recovery_or_trend_break__mr_30m__sma_distance_10__entry_m0p06__exit_0__shared_hours_3,mr_30m__sma_distance_10__entry_m0p06__exit_0__shared_hours_3,200,daily_sessions,17,recovery_or_trend_break,multi_scale_sma200_recovery_or_trend_break,928,0,0,0,0,SMA_DISTANCE,10,daily_sessions,-0.06,0.0,3.0,3.0,3.0,7,7,0.2069100444905815,0.03368943057156781,-0.03468663776113512,0.01578947055023895,0.003767768453502312,1.9989011088901103,0.18174940409967838,1,0.09092466020022108,0.09092466020022108,2,363.0,0.2502114999265645,2.5021624530200333,0.003170767162290531,1439.6725615867815,1442.843328749072,1390.862472038107,0.4396725615867816,2767,2001-01-02,2011-12-30,30,1.0,10.0,0,0,10
multi_scale_sma200_recovery_or_trend_break__mr_30m__sma_distance_10__entry_m0p06__exit_0p01__shared_hours_3,mr_30m__sma_distance_10__entry_m0p06__exit_0p01__shared_hours_3,200,daily_sessions,17,recovery_or_trend_break,multi_scale_sma200_recovery_or_trend_break,928,0,0,0,0,SMA_DISTANCE,10,daily_sessions,-0.06,0.01,3.0,3.0,3.0,7,7,0.2045907300061903,0.03363431952216822,-0.03468663776113512,0.015700818920256338,0.0037729582172123704,1.9989011088901103,0.18174940409967838,1,0.09092466020022108,0.09092466020022108,2,363.5,0.2501370624267848,2.5014173329020943,0.0031689084356250987,1438.8286151205484,1441.9975235561735,1390.862472038107,0.4388286151205485,2767,2001-01-02,2011-12-30,30,1.0,10.0,0,0,10
multi_scale_sma200_recovery_or_trend_break__mr_30m__zscore_10__entry_m1p5__exit_0__shared_hours_3,mr_30m__zscore_10__entry_m1p5__exit_0__shared_hours_3,200,daily_sessions,17,recovery_or_trend_break,multi_scale_sma200_recovery_or_trend_break,1694,19,0,0,0,ZSCORE,10,daily_sessions,-1.5,0.0,3.0,3.0,3.0,7,7,0.43409702994752347,0.058076901898358235,-0.10052868944891158,0.06610721681322687,0.09573038139573506,119.93406653340658,10.9049642459807,60,5.4554796120132645,5.4554796120132645,120,153.71666666666667,17.626731684711547,176.26796295997056,0.2625404050390048,1860.5587636040132,2123.099168643018,1390.862472038107,0.8605587636040131,2767,2001-01-02,2011-12-30,30,1.0,10.0,0,0,10
multi_scale_sma200_recovery_or_trend_break__mr_30m__zscore_10__entry_m1p5__exit_m0p5__shared_hours_3,mr_30m__zscore_10__entry_m1p5__exit_m0p5__shared_hours_3,200,daily_sessions,17,recovery_or_trend_break,multi_scale_sma200_recovery_or_trend_break,1694,19,0,0,0,ZSCORE,10,daily_sessions,-1.5,-0.5,3.0,3.0,3.0,7,7,0.34219932137218273,0.049485810410210274,-0.09972898480275438,0.058645439968244596,0.07230897777224203,129.92857207785713,11.81371126647909,65,5.91010291301437,5.91010291301437,130,107.17692307692307,18.08292117233389,180.82970935043144,0.26149354901501803,1700.9939585880504,1962.4875076030685,1390.862472038107,0.7009939585880505,2767,2001-01-02,2011-12-30,30,1.0,10.0,0,0,10
multi_scale_sma200_recovery_or_trend_break__mr_30m__zscore_10__entry_m2__exit_0__shared_hours_3,mr_30m__zscore_10__entry_m2__exit_0__shared_hours_3,200,daily_sessions,17,recovery_or_trend_break,multi_scale_sma200_recovery_or_trend_break,127,5,1,0,0,ZSCORE,10,daily_sessions,-2.0,0.0,3.0,3.0,3.0,7,7,0.14234423681202568,0.03596422612333283,-0.06368844119203276,0.04447525512669704,0.03675390659463275,37.979121068912086,3.4532386778938884,19,1.7275685438042006,1.7275685438042006,38,186.3684210526316,4.740401097415004,47.404165268797385,0.06295760956656159,1474.902942658853,1537.8605522254145,1390.862472038107,0.4749029426588529,2767,2001-01-02,2011-12-30,30,1.0,10.0,0,0,10
multi_scale_sma200_recovery_or_trend_break__mr_30m__zscore_50__entry_m2p5__exit_0__shared_hours_3,mr_30m__zscore_50__entry_m2p5__exit_0__shared_hours_3,200,daily_sessions,17,recovery_or_trend_break,multi_scale_sma200_recovery_or_trend_break,316,3,0,0,0,ZSCORE,50,daily_sessions,-2.5,0.0,3.0,3.0,3.0,7,7,0.34659644646215015,0.03684672183986715,-0.03226652675760733,0.01837681199817584,0.011448618744388569,7.99560443556044,0.7269976163987135,4,0.3636986408008843,0.3636986408008843,8,275.75,1.0204683407959723,10.204786856273783,0.0131590837282356,1488.780078191709,1501.9391619199446,1390.862472038107,0.4887800781917089,2767,2001-01-02,2011-12-30,30,1.0,10.0,0,0,10
multi_scale_sma200_recovery_or_trend_break__mr_30m__zscore_50__entry_m2p5__exit_0p5__shared_hours_3,mr_30m__zscore_50__entry_m2p5__exit_0p5__shared_hours_3,200,daily_sessions,17,recovery_or_trend_break,multi_scale_sma200_recovery_or_trend_break,316,4,0,0,0,ZSCORE,50,daily_sessions,-2.5,0.5,3.0,3.0,3.0,7,7,0.13233814152810738,0.03290575863578349,-0.042235047219307265,0.01944131382361531,0.014930950193837675,7.99560443556044,0.7269976163987135,4,0.3636986408008843,0.3636986408008843,8,359.625,0.9833728082598785,9.833782290838847,0.012619330161896414,1427.7139452251613,1440.3332753870577,1390.862472038107,0.42771394522516126,2767,2001-01-02,2011-12-30,30,1.0,10.0,0,0,10
multi_scale_sma100_entry_only__mr_30m__ema_distance_10__entry_m0p04__exit_0__shared_hours_3,mr_30m__ema_distance_10__entry_m0p04__exit_0__shared_hours_3,100,daily_sessions,17,entry_only,multi_scale_sma100_entry_only,1774,0,0,0,0,EMA_DISTANCE,10,daily_sessions,-0.04,0.0,3.0,3.0,3.0,7,7,0.12482621844881515,0.03419758476363044,-0.09884763124199747,0.03358981297677734,0.011484947090358976,5.992219481293766,0.5448405201817806,3,0.2727739806006632,0.2727739806006632,6,368.8333333333333,0.712351273436913,17.809302419249416,0.022757711126941787,1447.4754432212997,1470.2331543482414,1390.862472038107,0.44747544322129973,2767,2001-01-02,2011-12-30,30,1.0,25.0,0,0,25
multi_scale_sma100_entry_only__mr_30m__ema_distance_10__entry_m0p06__exit_0__shared_hours_3,mr_30m__ema_distance_10__entry_m0p06__exit_0__shared_hours_3,100,daily_sessions,17,entry_only,multi_scale_sma100_entry_only,641,0,0,0,0,EMA_DISTANCE,10,daily_sessions,-0.06,0.0,3.0,3.0,3.0,7,7,,0.030452711148542644,0.0,0.0011514930333371037,0.0,0.0,0.0,0,0.0,0.0,0,0.0,0.0,0.0,0.0,1390.862472038107,1390.862472038107,1390.862472038107,0.39086247203810687,2767,2001-01-02,2011-12-30,30,1.0,25.0,0,0,25
multi_scale_sma100_entry_only__mr_30m__ema_distance_10__entry_m0p06__exit_0p01__shared_hours_3,mr_30m__ema_distance_10__entry_m0p06__exit_0p01__shared_hours_3,100,daily_sessions,17,entry_only,multi_scale_sma100_entry_only,641,0,0,0,0,EMA_DISTANCE,10,daily_sessions,-0.06,0.01,3.0,3.0,3.0,7,7,,0.030452711148542644,0.0,0.0011514930333371037,0.0,0.0,0.0,0,0.0,0.0,0,0.0,0.0,0.0,0.0,1390.862472038107,1390.862472038107,1390.862472038107,0.39086247203810687,2767,2001-01-02,2011-12-30,30,1.0,25.0,0,0,25
multi_scale_sma100_entry_only__mr_30m__ema_distance_50__entry_m0p04__exit_0p01__shared_hours_3,mr_30m__ema_distance_50__entry_m0p04__exit_0p01__shared_hours_3,100,daily_sessions,17,entry_only,multi_scale_sma100_entry_only,6516,0,0,0,0,EMA_DISTANCE,50,daily_sessions,-0.04,0.01,3.0,3.0,3.0,7,7,0.12889842523092107,0.035134752380934664,-0.1426376440460948,0.042070618517715236,0.012201134482347019,3.994812987529177,0.3632270134545204,2,0.18184932040044216,0.18184932040044216,4,587.75,0.47770286079066676,11.943104420365541,0.0152838243290862,1461.9668828975816,1477.2507072266678,1390.862472038107,0.4619668828975816,2767,2001-01-02,2011-12-30,30,1.0,25.0,0,0,25
multi_scale_sma100_entry_only__mr_30m__rsi_14__entry_20__exit_50__shared_hours_3,mr_30m__rsi_14__entry_20__exit_50__shared_hours_3,100,daily_sessions,17,entry_only,multi_scale_sma100_entry_only,28,0,0,0,0,RSI,14,daily_sessions,20.0,50.0,3.0,3.0,3.0,7,7,,0.030452711148542644,0.0,0.0011514930333371037,0.0,0.0,0.0,0,0.0,0.0,0,0.0,0.0,0.0,0.0,1390.862472038107,1390.862472038107,1390.862472038107,0.39086247203810687,2767,2001-01-02,2011-12-30,30,1.0,25.0,0,0,25
multi_scale_sma100_entry_only__mr_30m__rsi_14__entry_20__exit_60__shared_hours_3,mr_30m__rsi_14__entry_20__exit_60__shared_hours_3,100,daily_sessions,17,entry_only,multi_scale_sma100_entry_only,28,0,0,0,0,RSI,14,daily_sessions,20.0,60.0,3.0,3.0,3.0,7,7,,0.030452711148542644,0.0,0.0011514930333371037,0.0,0.0,0.0,0,0.0,0.0,0,0.0,0.0,0.0,0.0,1390.862472038107,1390.862472038107,1390.862472038107,0.39086247203810687,2767,2001-01-02,2011-12-30,30,1.0,25.0,0,0,25
multi_scale_sma100_entry_only__mr_30m__rsi_14__entry_20__exit_70__shared_hours_3,mr_30m__rsi_14__entry_20__exit_70__shared_hours_3,100,daily_sessions,17,entry_only,multi_scale_sma100_entry_only,28,0,0,0,0,RSI,14,daily_sessions,20.0,70.0,3.0,3.0,3.0,7,7,,0.030452711148542644,0.0,0.0011514930333371037,0.0,0.0,0.0,0,0.0,0.0,0,0.0,0.0,0.0,0.0,1390.862472038107,1390.862472038107,1390.862472038107,0.39086247203810687,2767,2001-01-02,2011-12-30,30,1.0,25.0,0,0,25
multi_scale_sma100_entry_only__mr_30m__rsi_2__entry_10__exit_50__shared_hours_3,mr_30m__rsi_2__entry_10__exit_50__shared_hours_3,100,daily_sessions,17,entry_only,multi_scale_sma100_entry_only,1893,0,0,0,0,RSI,2,daily_sessions,10.0,50.0,3.0,3.0,3.0,7,7,-0.15569562705439044,0.01640782471666813,-0.13899093526702078,0.07171516561325535,0.07857821233399244,129.83142209469818,11.804877937271907,65,5.91010291301437,5.91010291301437,130,116.46923076923076,14.914851277012136,372.8728096339164,0.4809650589560206,1196.009651738789,1676.9747106948096,1390.862472038107,0.19600965173878904,2767,2001-01-02,2011-12-30,30,1.0,25.0,0,0,25
multi_scale_sma100_entry_only__mr_30m__rsi_2__entry_10__exit_60__shared_hours_3,mr_30m__rsi_2__entry_10__exit_60__shared_hours_3,100,daily_sessions,17,entry_only,multi_scale_sma100_entry_only,1853,0,0,0,0,RSI,2,daily_sessions,10.0,60.0,3.0,3.0,3.0,7,7,-0.17183515458414453,0.013616312325239521,-0.18395777895245824,0.07817673420850636,0.09979915614442074,127.83401560093358,11.623264430544646,64,5.819178252814149,5.819178252814149,128,150.234375,14.527950879746566,363.20008518521985,0.4581964588676938,1160.3752018871708,1618.5716607548645,1390.862472038107,0.1603752018871707,2767,2001-01-02,2011-12-30,30,1.0,25.0,0,0,25
multi_scale_sma100_entry_only__mr_30m__rsi_2__entry_10__exit_70__shared_hours_3,mr_30m__rsi_2__entry_10__exit_70__shared_hours_3,100,daily_sessions,17,entry_only,multi_scale_sma100_entry_only,1853,0,0,0,0,RSI,2,daily_sessions,10.0,70.0,3.0,3.0,3.0,7,7,-0.021987842868866226,0.02486587069255619,-0.1309758988542079,0.08459631447697935,0.12465293455188985,121.84179611963982,11.078423910362867,61,5.546404272213485,5.546404272213485,122,196.87704918032787,14.766522487970198,369.16529394905325,0.4890460168426059,1310.138614580239,1799.1846314228449,1390.862472038107,0.31013861458023895,2767,2001-01-02,2011-12-30,30,1.0,25.0,0,0,25
multi_scale_sma100_entry_only__mr_30m__rsi_2__entry_20__exit_50__shared_hours_3,mr_30m__rsi_2__entry_20__exit_50__shared_hours_3,100,daily_sessions,17,entry_only,multi_scale_sma100_entry_only,3283,0,0,0,0,RSI,2,daily_sessions,20.0,50.0,3.0,3.0,3.0,7,7,-0.2535190869492889,0.0028761330720541434,-0.2754590956485151,0.09084547833614483,0.14767472636970838,251.67321821433882,22.883301847634847,126,11.456507185227856,11.456507185227856,252,112.91666666666667,26.123558617911854,653.0916214511439,0.955231110449437,1032.0907966766927,1987.3219071261296,1390.862472038107,0.03209079667669257,2767,2001-01-02,2011-12-30,30,1.0,25.0,0,0,25
multi_scale_sma100_entry_only__mr_30m__rsi_2__entry_20__exit_60__shared_hours_3,mr_30m__rsi_2__entry_20__exit_60__shared_hours_3,100,daily_sessions,17,entry_only,multi_scale_sma100_entry_only,3203,0,0,0,0,RSI,2,daily_sessions,20.0,60.0,3.0,3.0,3.0,7,7,-0.2871167074373911,-0.0025100836682528938,-0.2896342230138389,0.09698816364030792,0.17613020079195793,233.6965597704574,21.248780287089495,117,10.638185243425866,10.638185243425866,234,145.03418803418805,24.048776373364934,601.2214290146134,0.8146592936723906,972.7376166312946,1787.3969103036852,1390.862472038107,-0.027262383368705345,2767,2001-01-02,2011-12-30,30,1.0,25.0,0,0,25
multi_scale_sma100_entry_only__mr_30m__rsi_2__entry_20__exit_70__shared_hours_3,mr_30m__rsi_2__entry_20__exit_70__shared_hours_3,100,daily_sessions,17,entry_only,multi_scale_sma100_entry_only,3163,0,0,0,0,RSI,2,daily_sessions,20.0,70.0,3.0,3.0,3.0,7,7,-0.05526461382179215,0.018518002994014182,-0.17019639201430825,0.10713693714493083,0.21702034906350715,211.7250883390468,19.25103171308962,106,9.638013981223434,9.638013981223434,212,197.25,24.87804147889469,621.9546513654295,0.8997599915332114,1223.6037486377998,2123.363740171011,1390.862472038107,0.22360374863779975,2767,2001-01-02,2011-12-30,30,1.0,25.0,0,0,25
multi_scale_sma100_entry_only__mr_30m__rsi_2__entry_30__exit_50__shared_hours_3,mr_30m__rsi_2__entry_30__exit_50__shared_hours_3,100,daily_sessions,17,entry_only,multi_scale_sma100_entry_only,4444,0,1,0,0,RSI,2,daily_sessions,30.0,50.0,3.0,3.0,3.0,7,7,-0.2871760451829134,-0.006545531979260999,-0.39159766489997583,0.10737445550357728,0.20509946182150326,373.5150143339778,33.961725757997634,187,17.002911457441343,17.002911457441343,374,105.66844919786097,36.576735864833516,914.4223285621333,1.5297165806198227,930.3214032806223,2460.037983900445,1390.862472038107,-0.0696785967193777,2767,2001-01-02,2011-12-30,30,1.0,25.0,0,0,25
multi_scale_sma100_entry_only__mr_30m__rsi_2__entry_30__exit_60__shared_hours_3,mr_30m__rsi_2__entry_30__exit_60__shared_hours_3,100,daily_sessions,17,entry_only,multi_scale_sma100_entry_only,4316,0,1,0,0,RSI,2,daily_sessions,30.0,60.0,3.0,3.0,3.0,7,7,-0.24828626743121393,-0.004605805113081729,-0.3562951117628457,0.11356328133604045,0.23919620939658617,347.54872991503834,31.60075017054327,174,15.820890874838467,15.820890874838467,348,132.44252873563218,35.00731848176014,875.1867955628957,1.3985985825815224,950.4951740859641,2349.0937566674866,1390.862472038107,-0.04950482591403593,2767,2001-01-02,2011-12-30,30,1.0,25.0,0,0,25
multi_scale_sma100_entry_only__mr_30m__rsi_2__entry_30__exit_70__shared_hours_3,mr_30m__rsi_2__entry_30__exit_70__shared_hours_3,100,daily_sessions,17,entry_only,multi_scale_sma100_entry_only,4197,0,0,0,0,RSI,2,daily_sessions,30.0,70.0,3.0,3.0,3.0,7,7,-0.02135809518432964,0.019765542950695103,-0.2861639256537851,0.12459407117737746,0.2866617882887792,305.6031935459823,27.78686652927084,153,13.911473010633825,13.911473010633825,306,180.50980392156862,36.64369701907771,916.0981954383119,1.5077882771433957,1240.1883767080253,2747.976653851421,1390.862472038107,0.2401883767080253,2767,2001-01-02,2011-12-30,30,1.0,25.0,0,0,25
multi_scale_sma100_entry_only__mr_30m__rsi_5__entry_10__exit_50__shared_hours_3,mr_30m__rsi_5__entry_10__exit_50__shared_hours_3,100,daily_sessions,17,entry_only,multi_scale_sma100_entry_only,139,0,0,0,0,RSI,5,daily_sessions,10.0,50.0,3.0,3.0,3.0,7,7,,0.030452711148542644,0.0,0.0011514930333371037,0.0,0.0,0.0,0,0.0,0.0,0,0.0,0.0,0.0,0.0,1390.862472038107,1390.862472038107,1390.862472038107,0.39086247203810687,2767,2001-01-02,2011-12-30,30,1.0,25.0,0,0,25
multi_scale_sma100_entry_only__mr_30m__rsi_5__entry_10__exit_60__shared_hours_3,mr_30m__rsi_5__entry_10__exit_60__shared_hours_3,100,daily_sessions,17,entry_only,multi_scale_sma100_entry_only,139,0,0,0,0,RSI,5,daily_sessions,10.0,60.0,3.0,3.0,3.0,7,7,,0.030452711148542644,0.0,0.0011514930333371037,0.0,0.0,0.0,0,0.0,0.0,0,0.0,0.0,0.0,0.0,1390.862472038107,1390.862472038107,1390.862472038107,0.39086247203810687,2767,2001-01-02,2011-12-30,30,1.0,25.0,0,0,25
multi_scale_sma100_entry_only__mr_30m__rsi_5__entry_10__exit_70__shared_hours_3,mr_30m__rsi_5__entry_10__exit_70__shared_hours_3,100,daily_sessions,17,entry_only,multi_scale_sma100_entry_only,139,0,0,0,0,RSI,5,daily_sessions,10.0,70.0,3.0,3.0,3.0,7,7,,0.030452711148542644,0.0,0.0011514930333371037,0.0,0.0,0.0,0,0.0,0.0,0,0.0,0.0,0.0,0.0,1390.862472038107,1390.862472038107,1390.862472038107,0.39086247203810687,2767,2001-01-02,2011-12-30,30,1.0,25.0,0,0,25
multi_scale_sma100_entry_only__mr_30m__rsi_5__entry_20__exit_50__shared_hours_3,mr_30m__rsi_5__entry_20__exit_50__shared_hours_3,100,daily_sessions,17,entry_only,multi_scale_sma100_entry_only,1201,0,0,0,0,RSI,5,daily_sessions,20.0,50.0,3.0,3.0,3.0,7,7,0.513918744470746,0.04739097592437225,-0.03957858788542201,0.032855591284385914,0.019404526511907914,19.97406493764589,1.8161350672726024,10,0.9092466020022107,0.9092466020022107,20,186.95,2.7279806036221155,68.20162944475115,0.08881862631942318,1664.0226353233393,1752.8412616427624,1390.862472038107,0.6640226353233394,2767,2001-01-02,2011-12-30,30,1.0,25.0,0,0,25
multi_scale_sma100_entry_only__mr_30m__rsi_5__entry_30__exit_50__shared_hours_3,mr_30m__rsi_5__entry_30__exit_50__shared_hours_3,100,daily_sessions,17,entry_only,multi_scale_sma100_entry_only,3004,0,0,0,0,RSI,5,daily_sessions,30.0,50.0,3.0,3.0,3.0,7,7,0.12080427928436908,0.037037525720720055,-0.13161424176366487,0.07811637989042229,0.1128150835292469,87.88588572564186,7.990994295999446,44,4.000685048809728,4.000685048809728,88,247.02272727272728,11.53122971238125,288.28339399454353,0.3835275837257659,1491.7960068891957,1875.3235906149616,1390.862472038107,0.4917960068891958,2767,2001-01-02,2011-12-30,30,1.0,25.0,0,0,25
multi_scale_sma100_entry_only__mr_30m__sma_distance_10__entry_m0p02__exit_0__shared_hours_3,mr_30m__sma_distance_10__entry_m0p02__exit_0__shared_hours_3,100,daily_sessions,17,entry_only,multi_scale_sma100_entry_only,4352,0,0,0,0,SMA_DISTANCE,10,daily_sessions,-0.02,0.0,3.0,3.0,3.0,7,7,0.28063179473612293,0.05224947794686341,-0.149994837089775,0.08878210241047566,0.10768240721999928,85.88847923187726,7.8093807892721845,43,3.9097603886095063,3.9097603886095063,86,241.2674418604651,12.195734839778629,304.8975092070843,0.4387281373006929,1750.9117069703927,2189.6398442710856,1390.862472038107,0.7509117069703928,2767,2001-01-02,2011-12-30,30,1.0,25.0,0,0,25
multi_scale_sma100_entry_only__mr_30m__sma_distance_10__entry_m0p02__exit_0p01__shared_hours_3,mr_30m__sma_distance_10__entry_m0p02__exit_0p01__shared_hours_3,100,daily_sessions,17,entry_only,multi_scale_sma100_entry_only,4178,0,0,0,0,SMA_DISTANCE,10,daily_sessions,-0.02,0.01,3.0,3.0,3.0,7,7,0.15516646463046924,0.041457295834605334,-0.1761871617179499,0.10246630543703603,0.14970392398034119,75.90144676305432,6.901313255635884,38,3.455137087608401,3.455137087608401,76,379.55263157894734,10.455774790565204,261.3972572462815,0.34152730097980155,1563.2300873355193,1904.757388315321,1390.862472038107,0.5632300873355194,2767,2001-01-02,2011-12-30,30,1.0,25.0,0,0,25
multi_scale_sma100_entry_only__mr_30m__sma_distance_10__entry_m0p04__exit_0__shared_hours_3,mr_30m__sma_distance_10__entry_m0p04__exit_0__shared_hours_3,100,daily_sessions,17,entry_only,multi_scale_sma100_entry_only,2257,0,0,0,0,SMA_DISTANCE,10,daily_sessions,-0.04,0.0,3.0,3.0,3.0,7,7,0.12339848563031336,0.03474859025479948,-0.09884763124199747,0.04033519234570904,0.019669204461120884,9.987032468822944,0.9080675336363012,5,0.4546233010011054,0.4546233010011054,10,379.0,1.1310804769362286,28.27766108104367,0.038351965421715706,1455.9797505146971,1494.3317159364128,1390.862472038107,0.4559797505146972,2767,2001-01-02,2011-12-30,30,1.0,25.0,0,0,25
multi_scale_sma100_entry_only__mr_30m__sma_distance_10__entry_m0p04__exit_0p01__shared_hours_3,mr_30m__sma_distance_10__entry_m0p04__exit_0p01__shared_hours_3,100,daily_sessions,17,entry_only,multi_scale_sma100_entry_only,2223,0,0,0,0,SMA_DISTANCE,10,daily_sessions,-0.04,0.01,3.0,3.0,3.0,7,7,-0.016880965934538972,0.028409814265400568,-0.09884763124199747,0.04851581315701127,0.02937925236263993,9.987032468822942,0.908067533636301,5,0.4546233010011054,0.4546233010011054,10,566.1,1.1203589334605955,28.009086455351987,0.035845753352620705,1360.8348476925173,1396.680601045138,1390.862472038107,0.3608348476925174,2767,2001-01-02,2011-12-30,30,1.0,25.0,0,0,25
multi_scale_sma100_entry_only__mr_30m__sma_distance_10__entry_m0p06__exit_0__shared_hours_3,mr_30m__sma_distance_10__entry_m0p06__exit_0__shared_hours_3,100,daily_sessions,17,entry_only,multi_scale_sma100_entry_only,923,0,1,0,0,SMA_DISTANCE,10,daily_sessions,-0.06,0.0,3.0,3.0,3.0,7,7,,0.030452711148542644,0.0,0.0011514930333371037,0.0,0.0,0.0,0,0.0,0.0,0,0.0,0.0,0.0,0.0,1390.862472038107,1390.862472038107,1390.862472038107,0.39086247203810687,2767,2001-01-02,2011-12-30,30,1.0,25.0,0,0,25
multi_scale_sma100_entry_only__mr_30m__sma_distance_10__entry_m0p06__exit_0p01__shared_hours_3,mr_30m__sma_distance_10__entry_m0p06__exit_0p01__shared_hours_3,100,daily_sessions,17,entry_only,multi_scale_sma100_entry_only,923,0,1,0,0,SMA_DISTANCE,10,daily_sessions,-0.06,0.01,3.0,3.0,3.0,7,7,,0.030452711148542644,0.0,0.0011514930333371037,0.0,0.0,0.0,0,0.0,0.0,0,0.0,0.0,0.0,0.0,1390.862472038107,1390.862472038107,1390.862472038107,0.39086247203810687,2767,2001-01-02,2011-12-30,30,1.0,25.0,0,0,25
multi_scale_sma100_entry_only__mr_30m__zscore_10__entry_m1p5__exit_0__shared_hours_3,mr_30m__zscore_10__entry_m1p5__exit_0__shared_hours_3,100,daily_sessions,17,entry_only,multi_scale_sma100_entry_only,1551,0,0,0,0,ZSCORE,10,daily_sessions,-1.5,0.0,3.0,3.0,3.0,7,7,0.10179598247120268,0.03568144209737434,-0.1269058901293718,0.08719196965923359,0.13256732420972872,107.8599506632877,9.807129363272045,54,4.909931650811938,4.909931650811938,108,236.5185185185185,13.351714681218684,333.7958789007064,0.47671452301639394,1470.4811403489264,1947.1956633653203,1390.862472038107,0.4704811403489264,2767,2001-01-02,2011-12-30,30,1.0,25.0,0,0,25
multi_scale_sma100_entry_only__mr_30m__zscore_10__entry_m1p5__exit_m0p5__shared_hours_3,mr_30m__zscore_10__entry_m1p5__exit_m0p5__shared_hours_3,100,daily_sessions,17,entry_only,multi_scale_sma100_entry_only,1619,0,0,0,0,ZSCORE,10,daily_sessions,-1.5,-0.5,3.0,3.0,3.0,7,7,0.02520070049050202,0.029432587091621887,-0.12367919625844448,0.07628792761415544,0.0952529231344097,121.84179611963982,11.078423910362867,61,5.546404272213485,5.546404272213485,122,150.44262295081967,14.979124649713617,374.4806961535387,0.5135536034104636,1375.7936539975956,1889.3472574080592,1390.862472038107,0.3757936539975957,2767,2001-01-02,2011-12-30,30,1.0,25.0,0,0,25
multi_scale_sma100_entry_only__mr_30m__zscore_10__entry_m2__exit_0__shared_hours_3,mr_30m__zscore_10__entry_m2__exit_0__shared_hours_3,100,daily_sessions,17,entry_only,multi_scale_sma100_entry_only,150,0,0,0,0,ZSCORE,10,daily_sessions,-2.0,0.0,3.0,3.0,3.0,7,7,0.0748429544917963,0.032992674342295025,-0.06508940611793035,0.04886905498922116,0.04897580013182,37.95072338152719,3.4506566278179447,19,1.7275685438042006,1.7275685438042006,38,248.3421052631579,4.610473878073755,115.26304436225892,0.1483992601102841,1429.0357879240728,1577.435048034357,1390.862472038107,0.4290357879240727,2767,2001-01-02,2011-12-30,30,1.0,25.0,0,0,25
multi_scale_sma100_entry_only__mr_30m__zscore_50__entry_m2p5__exit_0__shared_hours_3,mr_30m__zscore_50__entry_m2p5__exit_0__shared_hours_3,100,daily_sessions,17,entry_only,multi_scale_sma100_entry_only,384,0,0,0,0,ZSCORE,50,daily_sessions,-2.5,0.0,3.0,3.0,3.0,7,7,,0.030452711148542644,0.0,0.0011514930333371037,0.0,0.0,0.0,0,0.0,0.0,0,0.0,0.0,0.0,0.0,1390.862472038107,1390.862472038107,1390.862472038107,0.39086247203810687,2767,2001-01-02,2011-12-30,30,1.0,25.0,0,0,25
multi_scale_sma100_entry_only__mr_30m__zscore_50__entry_m2p5__exit_0p5__shared_hours_3,mr_30m__zscore_50__entry_m2p5__exit_0p5__shared_hours_3,100,daily_sessions,17,entry_only,multi_scale_sma100_entry_only,384,0,0,0,0,ZSCORE,50,daily_sessions,-2.5,0.5,3.0,3.0,3.0,7,7,,0.030452711148542644,0.0,0.0011514930333371037,0.0,0.0,0.0,0,0.0,0.0,0,0.0,0.0,0.0,0.0,1390.862472038107,1390.862472038107,1390.862472038107,0.39086247203810687,2767,2001-01-02,2011-12-30,30,1.0,25.0,0,0,25
multi_scale_sma200_entry_only__mr_30m__ema_distance_10__entry_m0p04__exit_0__shared_hours_3,mr_30m__ema_distance_10__entry_m0p04__exit_0__shared_hours_3,200,daily_sessions,17,entry_only,multi_scale_sma200_entry_only,1777,0,0,0,0,EMA_DISTANCE,10,daily_sessions,-0.04,0.0,3.0,3.0,3.0,7,7,0.36427298789113854,0.040141857558992244,-0.039578587885422345,0.02671291223205837,0.007239720375531302,5.992219481293766,0.5448405201817806,3,0.2727739806006632,0.2727739806006632,6,232.5,0.7900889528920289,19.75323961904904,0.02423837450461383,1541.6511653246241,1565.889539829238,1390.862472038107,0.5416511653246241,2767,2001-01-02,2011-12-30,30,1.0,25.0,0,0,25
multi_scale_sma200_entry_only__mr_30m__ema_distance_10__entry_m0p06__exit_0__shared_hours_3,mr_30m__ema_distance_10__entry_m0p06__exit_0__shared_hours_3,200,daily_sessions,17,entry_only,multi_scale_sma200_entry_only,641,0,0,0,0,EMA_DISTANCE,10,daily_sessions,-0.06,0.0,3.0,3.0,3.0,7,7,,0.030452711148542644,0.0,0.0011514930333371037,0.0,0.0,0.0,0,0.0,0.0,0,0.0,0.0,0.0,0.0,1390.862472038107,1390.862472038107,1390.862472038107,0.39086247203810687,2767,2001-01-02,2011-12-30,30,1.0,25.0,0,0,25
multi_scale_sma200_entry_only__mr_30m__ema_distance_10__entry_m0p06__exit_0p01__shared_hours_3,mr_30m__ema_distance_10__entry_m0p06__exit_0p01__shared_hours_3,200,daily_sessions,17,entry_only,multi_scale_sma200_entry_only,641,0,0,0,0,EMA_DISTANCE,10,daily_sessions,-0.06,0.01,3.0,3.0,3.0,7,7,,0.030452711148542644,0.0,0.0011514930333371037,0.0,0.0,0.0,0,0.0,0.0,0,0.0,0.0,0.0,0.0,1390.862472038107,1390.862472038107,1390.862472038107,0.39086247203810687,2767,2001-01-02,2011-12-30,30,1.0,25.0,0,0,25
multi_scale_sma200_entry_only__mr_30m__ema_distance_50__entry_m0p04__exit_0p01__shared_hours_3,mr_30m__ema_distance_50__entry_m0p04__exit_0p01__shared_hours_3,200,daily_sessions,17,entry_only,multi_scale_sma200_entry_only,6424,0,1,0,0,EMA_DISTANCE,50,daily_sessions,-0.04,0.01,3.0,3.0,3.0,7,7,0.778111900395079,0.06250395948149556,-0.06146926536731634,0.04048617944665607,0.025336426432504527,11.984438962587532,1.0896810403635613,6,0.5455479612013264,0.5455479612013264,12,406.8333333333333,1.8689917042967368,46.72836482834169,0.06173545024562986,1947.9891491472488,2009.7245993928786,1390.862472038107,0.9479891491472487,2767,2001-01-02,2011-12-30,30,1.0,25.0,0,0,25
multi_scale_sma200_entry_only__mr_30m__rsi_14__entry_20__exit_50__shared_hours_3,mr_30m__rsi_14__entry_20__exit_50__shared_hours_3,200,daily_sessions,17,entry_only,multi_scale_sma200_entry_only,28,0,0,0,0,RSI,14,daily_sessions,20.0,50.0,3.0,3.0,3.0,7,7,,0.030452711148542644,0.0,0.0011514930333371037,0.0,0.0,0.0,0,0.0,0.0,0,0.0,0.0,0.0,0.0,1390.862472038107,1390.862472038107,1390.862472038107,0.39086247203810687,2767,2001-01-02,2011-12-30,30,1.0,25.0,0,0,25
multi_scale_sma200_entry_only__mr_30m__rsi_14__entry_20__exit_60__shared_hours_3,mr_30m__rsi_14__entry_20__exit_60__shared_hours_3,200,daily_sessions,17,entry_only,multi_scale_sma200_entry_only,28,0,0,0,0,RSI,14,daily_sessions,20.0,60.0,3.0,3.0,3.0,7,7,,0.030452711148542644,0.0,0.0011514930333371037,0.0,0.0,0.0,0,0.0,0.0,0,0.0,0.0,0.0,0.0,1390.862472038107,1390.862472038107,1390.862472038107,0.39086247203810687,2767,2001-01-02,2011-12-30,30,1.0,25.0,0,0,25
multi_scale_sma200_entry_only__mr_30m__rsi_14__entry_20__exit_70__shared_hours_3,mr_30m__rsi_14__entry_20__exit_70__shared_hours_3,200,daily_sessions,17,entry_only,multi_scale_sma200_entry_only,28,0,0,0,0,RSI,14,daily_sessions,20.0,70.0,3.0,3.0,3.0,7,7,,0.030452711148542644,0.0,0.0011514930333371037,0.0,0.0,0.0,0,0.0,0.0,0,0.0,0.0,0.0,0.0,1390.862472038107,1390.862472038107,1390.862472038107,0.39086247203810687,2767,2001-01-02,2011-12-30,30,1.0,25.0,0,0,25
multi_scale_sma200_entry_only__mr_30m__rsi_2__entry_10__exit_50__shared_hours_3,mr_30m__rsi_2__entry_10__exit_50__shared_hours_3,200,daily_sessions,17,entry_only,multi_scale_sma200_entry_only,1776,0,0,0,0,RSI,2,daily_sessions,10.0,50.0,3.0,3.0,3.0,7,7,-0.2871234651221642,0.007750266455634147,-0.1334886379990009,0.06931898039205421,0.08402746422955362,135.82364157599199,12.349718457453692,68,6.182876893615033,6.182876893615033,136,119.05147058823529,15.202446822931117,380.0621408176796,0.4617772897980781,1088.6187815534265,1550.3960713515046,1390.862472038107,0.0886187815534265,2767,2001-01-02,2011-12-30,30,1.0,25.0,0,0,25
multi_scale_sma200_entry_only__mr_30m__rsi_2__entry_10__exit_60__shared_hours_3,mr_30m__rsi_2__entry_10__exit_60__shared_hours_3,200,daily_sessions,17,entry_only,multi_scale_sma200_entry_only,1736,0,0,0,0,RSI,2,daily_sessions,10.0,60.0,3.0,3.0,3.0,7,7,-0.22461140222967602,0.010420274042432398,-0.17132599799901904,0.0749819866481962,0.10489550410769798,135.82364157599199,12.349718457453692,68,6.182876893615033,6.182876893615033,136,148.61764705882354,15.879658124472186,396.9927105505352,0.4754127632830189,1120.763784911048,1596.176548194067,1390.862472038107,0.12076378491104811,2767,2001-01-02,2011-12-30,30,1.0,25.0,0,0,25
multi_scale_sma200_entry_only__mr_30m__rsi_2__entry_10__exit_70__shared_hours_3,mr_30m__rsi_2__entry_10__exit_70__shared_hours_3,200,daily_sessions,17,entry_only,multi_scale_sma200_entry_only,1713,0,0,0,0,RSI,2,daily_sessions,10.0,70.0,3.0,3.0,3.0,7,7,-0.10331263748511402,0.01859128740356164,-0.14047741163126537,0.08066680363858335,0.1313269706830248,129.83142209469818,11.804877937271907,65,5.91010291301437,5.91010291301437,130,194.65384615384616,15.58718114243543,389.68140276792997,0.49245131571509976,1224.5723793016155,1717.0236950167152,1390.862472038107,0.22457237930161544,2767,2001-01-02,2011-12-30,30,1.0,25.0,0,0,25
multi_scale_sma200_entry_only__mr_30m__rsi_2__entry_20__exit_50__shared_hours_3,mr_30m__rsi_2__entry_20__exit_50__shared_hours_3,200,daily_sessions,17,entry_only,multi_scale_sma200_entry_only,3310,0,1,0,0,RSI,2,daily_sessions,20.0,50.0,3.0,3.0,3.0,7,7,-0.4079078319251525,-0.007723205108765452,-0.27334538682579224,0.0840339883112577,0.14420796421138946,239.68877925175119,21.793620807271278,120,10.910959224026529,10.910959224026529,240,115.77916666666667,23.997196339408408,599.931546636543,0.7955664094603745,918.2639384718995,1713.830347932274,1390.862472038107,-0.08173606152810053,2767,2001-01-02,2011-12-30,30,1.0,25.0,0,0,25
multi_scale_sma200_entry_only__mr_30m__rsi_2__entry_20__exit_60__shared_hours_3,mr_30m__rsi_2__entry_20__exit_60__shared_hours_3,200,daily_sessions,17,entry_only,multi_scale_sma200_entry_only,3230,0,1,0,0,RSI,2,daily_sessions,20.0,60.0,3.0,3.0,3.0,7,7,-0.40265652442974925,-0.010267290703352971,-0.3021947534219197,0.09018048445615504,0.17274647485299993,223.7095273016344,20.34071275345319,112,10.183561942424761,10.183561942424761,224,148.59821428571428,23.097970342763734,577.4506069580854,0.7055296232535333,892.7001318962874,1598.2297551498207,1390.862472038107,-0.10729986810371261,2767,2001-01-02,2011-12-30,30,1.0,25.0,0,0,25
multi_scale_sma200_entry_only__mr_30m__rsi_2__entry_20__exit_70__shared_hours_3,mr_30m__rsi_2__entry_20__exit_70__shared_hours_3,200,daily_sessions,17,entry_only,multi_scale_sma200_entry_only,3190,0,1,0,0,RSI,2,daily_sessions,20.0,70.0,3.0,3.0,3.0,7,7,-0.17123511668721686,0.008599468374869801,-0.1839027288197076,0.09755884487877334,0.20920456491615938,207.7302753515176,18.887804699635097,104,9.456164660822992,9.456164660822992,208,193.8028846153846,23.771261398802864,594.2842091149282,0.7882239052159935,1098.750484387412,1886.9743896034054,1390.862472038107,0.09875048438741185,2767,2001-01-02,2011-12-30,30,1.0,25.0,0,0,25
multi_scale_sma200_entry_only__mr_30m__rsi_2__entry_30__exit_50__shared_hours_3,mr_30m__rsi_2__entry_30__exit_50__shared_hours_3,200,daily_sessions,17,entry_only,multi_scale_sma200_entry_only,4461,0,0,0,0,RSI,2,daily_sessions,30.0,50.0,3.0,3.0,3.0,7,7,-0.48921744824804225,-0.025153851209901323,-0.4084205093125106,0.10274276717024303,0.20270179098745633,367.52279485268406,33.416885237815855,184,16.730137476840678,16.730137476840678,368,106.13586956521739,33.34673196002316,833.6706974196964,1.2115687456217878,755.6448433341459,1967.2135889559338,1390.862472038107,-0.24435515666585406,2767,2001-01-02,2011-12-30,30,1.0,25.0,0,0,25
multi_scale_sma200_entry_only__mr_30m__rsi_2__entry_30__exit_60__shared_hours_3,mr_30m__rsi_2__entry_30__exit_60__shared_hours_3,200,daily_sessions,17,entry_only,multi_scale_sma200_entry_only,4319,0,0,0,0,RSI,2,daily_sessions,30.0,60.0,3.0,3.0,3.0,7,7,-0.39888479850453795,-0.019693300468045294,-0.3724177982760428,0.1100357771013073,0.24069605110879302,343.5539169275092,31.237523157088752,172,15.639041554438025,15.639041554438025,344,134.82267441860466,33.037231035976305,825.9334259333848,1.161790600391085,803.5223248855391,1965.3129252766241,1390.862472038107,-0.1964776751144609,2767,2001-01-02,2011-12-30,30,1.0,25.0,0,0,25
multi_scale_sma200_entry_only__mr_30m__rsi_2__entry_30__exit_70__shared_hours_3,mr_30m__rsi_2__entry_30__exit_70__shared_hours_3,200,daily_sessions,17,entry_only,multi_scale_sma200_entry_only,4138,0,0,0,0,RSI,2,daily_sessions,30.0,70.0,3.0,3.0,3.0,7,7,-0.22814544092789885,-0.004616300769097026,-0.32035674676649073,0.12024209430353819,0.29183598270770733,303.60578705221775,27.60525302254358,152,13.820548350433604,13.820548350433604,304,184.97697368421052,31.82026240165976,795.5099228656828,1.1445309721381804,950.3849542342259,2094.9159263724064,1390.862472038107,-0.049615045765774135,2767,2001-01-02,2011-12-30,30,1.0,25.0,0,0,25
multi_scale_sma200_entry_only__mr_30m__rsi_5__entry_10__exit_50__shared_hours_3,mr_30m__rsi_5__entry_10__exit_50__shared_hours_3,200,daily_sessions,17,entry_only,multi_scale_sma200_entry_only,139,0,0,0,0,RSI,5,daily_sessions,10.0,50.0,3.0,3.0,3.0,7,7,,0.030452711148542644,0.0,0.0011514930333371037,0.0,0.0,0.0,0,0.0,0.0,0,0.0,0.0,0.0,0.0,1390.862472038107,1390.862472038107,1390.862472038107,0.39086247203810687,2767,2001-01-02,2011-12-30,30,1.0,25.0,0,0,25
multi_scale_sma200_entry_only__mr_30m__rsi_5__entry_10__exit_60__shared_hours_3,mr_30m__rsi_5__entry_10__exit_60__shared_hours_3,200,daily_sessions,17,entry_only,multi_scale_sma200_entry_only,139,0,0,0,0,RSI,5,daily_sessions,10.0,60.0,3.0,3.0,3.0,7,7,,0.030452711148542644,0.0,0.0011514930333371037,0.0,0.0,0.0,0,0.0,0.0,0,0.0,0.0,0.0,0.0,1390.862472038107,1390.862472038107,1390.862472038107,0.39086247203810687,2767,2001-01-02,2011-12-30,30,1.0,25.0,0,0,25
multi_scale_sma200_entry_only__mr_30m__rsi_5__entry_10__exit_70__shared_hours_3,mr_30m__rsi_5__entry_10__exit_70__shared_hours_3,200,daily_sessions,17,entry_only,multi_scale_sma200_entry_only,139,0,0,0,0,RSI,5,daily_sessions,10.0,70.0,3.0,3.0,3.0,7,7,,0.030452711148542644,0.0,0.0011514930333371037,0.0,0.0,0.0,0,0.0,0.0,0,0.0,0.0,0.0,0.0,1390.862472038107,1390.862472038107,1390.862472038107,0.39086247203810687,2767,2001-01-02,2011-12-30,30,1.0,25.0,0,0,25
multi_scale_sma200_entry_only__mr_30m__rsi_5__entry_20__exit_50__shared_hours_3,mr_30m__rsi_5__entry_20__exit_50__shared_hours_3,200,daily_sessions,17,entry_only,multi_scale_sma200_entry_only,838,0,0,0,0,RSI,5,daily_sessions,20.0,50.0,3.0,3.0,3.0,7,7,0.19437922745348304,0.04013822990375271,-0.10948776623833822,0.05638749877412254,0.046982930867157616,37.95072338152719,3.4506566278179447,19,1.7275685438042006,1.7275685438042006,38,238.23684210526315,5.076548988581474,126.91555507470409,0.1600877451177355,1541.5920322732925,1701.679777391028,1390.862472038107,0.5415920322732926,2767,2001-01-02,2011-12-30,30,1.0,25.0,0,0,25
multi_scale_sma200_entry_only__mr_30m__rsi_5__entry_30__exit_50__shared_hours_3,mr_30m__rsi_5__entry_30__exit_50__shared_hours_3,200,daily_sessions,17,entry_only,multi_scale_sma200_entry_only,2670,0,0,0,0,RSI,5,daily_sessions,30.0,50.0,3.0,3.0,3.0,7,7,-0.054512377325275196,0.022945112195037032,-0.14476454164381614,0.07818700871224511,0.12332954480582499,95.8755117007002,8.717448322908487,48,4.364383689610611,4.364383689610611,96,247.54166666666666,11.94354816692154,298.590277408504,0.3638558646976039,1283.3853858569437,1647.2412505545476,1390.862472038107,0.28338538585694373,2767,2001-01-02,2011-12-30,30,1.0,25.0,0,0,25
multi_scale_sma200_entry_only__mr_30m__sma_distance_10__entry_m0p02__exit_0__shared_hours_3,mr_30m__sma_distance_10__entry_m0p02__exit_0__shared_hours_3,200,daily_sessions,17,entry_only,multi_scale_sma200_entry_only,3967,0,0,0,0,SMA_DISTANCE,10,daily_sessions,-0.02,0.0,3.0,3.0,3.0,7,7,0.13778956137545514,0.03900802534362158,-0.12747018666693444,0.08858627512167275,0.12522380855999626,93.8781052069356,8.535834816181225,47,4.2734590294103905,4.2734590294103905,94,256.6914893617021,12.651018922583123,316.2784761109723,0.4217255619388338,1523.2690571364112,1944.994619075245,1390.862472038107,0.5232690571364111,2767,2001-01-02,2011-12-30,30,1.0,25.0,0,0,25
multi_scale_sma200_entry_only__mr_30m__sma_distance_10__entry_m0p02__exit_0p01__shared_hours_3,mr_30m__sma_distance_10__entry_m0p02__exit_0p01__shared_hours_3,200,daily_sessions,17,entry_only,multi_scale_sma200_entry_only,3760,0,0,0,0,SMA_DISTANCE,10,daily_sessions,-0.02,0.01,3.0,3.0,3.0,7,7,0.12620887735276662,0.038391739040770645,-0.17618716171795135,0.1028280840714067,0.1696793245003555,85.88847923187727,7.809380789272185,43,3.9097603886095063,3.9097603886095063,86,380.1744186046512,12.013526907259502,300.34106230749626,0.37920485851762303,1513.361395518507,1892.56625403613,1390.862472038107,0.513361395518507,2767,2001-01-02,2011-12-30,30,1.0,25.0,0,0,25
multi_scale_sma200_entry_only__mr_30m__sma_distance_10__entry_m0p04__exit_0__shared_hours_3,mr_30m__sma_distance_10__entry_m0p04__exit_0__shared_hours_3,200,daily_sessions,17,entry_only,multi_scale_sma200_entry_only,2132,0,0,0,0,SMA_DISTANCE,10,daily_sessions,-0.04,0.0,3.0,3.0,3.0,7,7,0.06433988349575316,0.03246831805433814,-0.104874037289436,0.04901597703131363,0.02113790759106738,13.981845456352119,1.2712945470908215,7,0.6364726214015476,0.6364726214015476,14,290.92857142857144,1.8688497792671006,46.72178558950886,0.05268031224503716,1421.078063677112,1473.758375922149,1390.862472038107,0.42107806367711187,2767,2001-01-02,2011-12-30,30,1.0,25.0,0,0,25
multi_scale_sma200_entry_only__mr_30m__sma_distance_10__entry_m0p04__exit_0p01__shared_hours_3,mr_30m__sma_distance_10__entry_m0p04__exit_0p01__shared_hours_3,200,daily_sessions,17,entry_only,multi_scale_sma200_entry_only,2126,0,0,0,0,SMA_DISTANCE,10,daily_sessions,-0.04,0.01,3.0,3.0,3.0,7,7,-0.06998438788189272,0.024813063868883267,-0.11398736555444056,0.056090938385571686,0.027702958684291103,11.98443896258753,1.0896810403635613,6,0.5455479612013264,0.5455479612013264,12,444.8333333333333,1.5458722013969535,38.64663925494326,0.04149724063984672,1309.396370551245,1350.8936111910916,1390.862472038107,0.3093963705512448,2767,2001-01-02,2011-12-30,30,1.0,25.0,0,0,25
multi_scale_sma200_entry_only__mr_30m__sma_distance_10__entry_m0p06__exit_0__shared_hours_3,mr_30m__sma_distance_10__entry_m0p06__exit_0__shared_hours_3,200,daily_sessions,17,entry_only,multi_scale_sma200_entry_only,928,0,0,0,0,SMA_DISTANCE,10,daily_sessions,-0.06,0.0,3.0,3.0,3.0,7,7,0.194742706744978,0.033407504527418475,-0.03468663776113523,0.015337920739611053,0.003767768453502312,1.9974064937645886,0.1816135067272602,1,0.09092466020022108,0.09092466020022108,2,363.0,0.24983001121721188,6.246046422626067,0.007483326789011471,1435.3600019600606,1442.843328749072,1390.862472038107,0.4353600019600605,2767,2001-01-02,2011-12-30,30,1.0,25.0,0,0,25
multi_scale_sma200_entry_only__mr_30m__sma_distance_10__entry_m0p06__exit_0p01__shared_hours_3,mr_30m__sma_distance_10__entry_m0p06__exit_0p01__shared_hours_3,200,daily_sessions,17,entry_only,multi_scale_sma200_entry_only,928,0,0,0,0,SMA_DISTANCE,10,daily_sessions,-0.06,0.01,3.0,3.0,3.0,7,7,0.19225079512415968,0.03335240850887877,-0.03468663776113523,0.01525230193707156,0.0037729582172123704,1.9974064937645886,0.1816135067272602,1,0.09092466020022108,0.09092466020022108,2,363.5,0.2497557966960211,6.244186409563669,0.007478940008691552,1434.518583547482,1441.9975235561735,1390.862472038107,0.4345185835474821,2767,2001-01-02,2011-12-30,30,1.0,25.0,0,0,25
multi_scale_sma200_entry_only__mr_30m__zscore_10__entry_m1p5__exit_0__shared_hours_3,mr_30m__zscore_10__entry_m1p5__exit_0__shared_hours_3,200,daily_sessions,17,entry_only,multi_scale_sma200_entry_only,1386,0,0,0,0,ZSCORE,10,daily_sessions,-1.5,0.0,3.0,3.0,3.0,7,7,0.03997718355850219,0.030024072400384183,-0.12690589012937115,0.08926874255179633,0.1500101200392346,115.84957663834606,10.533583390181086,58,5.273630291612823,5.273630291612823,116,249.18103448275863,13.890042752196916,347.2537306846343,0.48737769663191355,1384.5126295562181,1871.8903261881317,1390.862472038107,0.38451262955621823,2767,2001-01-02,2011-12-30,30,1.0,25.0,0,0,25
multi_scale_sma200_entry_only__mr_30m__zscore_10__entry_m1p5__exit_m0p5__shared_hours_3,mr_30m__zscore_10__entry_m1p5__exit_m0p5__shared_hours_3,200,daily_sessions,17,entry_only,multi_scale_sma200_entry_only,1497,0,0,0,0,ZSCORE,10,daily_sessions,-1.5,-0.5,3.0,3.0,3.0,7,7,-0.037524516054379335,0.02457033748094628,-0.12367919625844437,0.07592896434932064,0.10571029701017713,129.83142209469818,11.804877937271907,65,5.91010291301437,5.91010291301437,130,156.6846153846154,15.892370713796465,397.311594183933,0.5251925401561843,1305.989562758343,1831.1821029145274,1390.862472038107,0.3059895627583431,2767,2001-01-02,2011-12-30,30,1.0,25.0,0,0,25
multi_scale_sma200_entry_only__mr_30m__zscore_10__entry_m2__exit_0__shared_hours_3,mr_30m__zscore_10__entry_m2__exit_0__shared_hours_3,200,daily_sessions,17,entry_only,multi_scale_sma200_entry_only,120,0,1,0,0,ZSCORE,10,daily_sessions,-2.0,0.0,3.0,3.0,3.0,7,7,-0.14881097909269145,0.020923558264362763,-0.11108877369649517,0.05309145414285706,0.05519313705646982,37.95072338152719,3.4506566278179447,19,1.7275685438042006,1.7275685438042006,38,279.86842105263156,4.272515944899862,106.81306135295445,0.13040587915745322,1255.7654811300135,1386.1713602874668,1390.862472038107,0.2557654811300136,2767,2001-01-02,2011-12-30,30,1.0,25.0,0,0,25
multi_scale_sma200_entry_only__mr_30m__zscore_50__entry_m2p5__exit_0__shared_hours_3,mr_30m__zscore_50__entry_m2p5__exit_0__shared_hours_3,200,daily_sessions,17,entry_only,multi_scale_sma200_entry_only,310,0,0,0,0,ZSCORE,50,daily_sessions,-2.5,0.0,3.0,3.0,3.0,7,7,0.2323158791108333,0.03794970066462744,-0.09638297872340429,0.03368233863206208,0.02717360278586516,5.992219481293767,0.5448405201817808,3,0.2727739806006632,0.2727739806006632,6,872.6666666666666,0.7543224554194589,18.858878101063436,0.023682431766828133,1506.2911303774504,1529.9735621442785,1390.862472038107,0.5062911303774504,2767,2001-01-02,2011-12-30,30,1.0,25.0,0,0,25
multi_scale_sma200_entry_only__mr_30m__zscore_50__entry_m2p5__exit_0p5__shared_hours_3,mr_30m__zscore_50__entry_m2p5__exit_0p5__shared_hours_3,200,daily_sessions,17,entry_only,multi_scale_sma200_entry_only,283,0,0,0,0,ZSCORE,50,daily_sessions,-2.5,0.5,3.0,3.0,3.0,7,7,0.14099904577781308,0.03561036596077627,-0.09638297872340418,0.04160840143633845,0.048498341870494635,5.992219481293767,0.5448405201817808,3,0.2727739806006632,0.2727739806006632,6,1557.5,0.7348464089040068,18.37184507896026,0.023101970771571133,1469.3716426605222,1492.4736134320933,1390.862472038107,0.4693716426605221,2767,2001-01-02,2011-12-30,30,1.0,25.0,0,0,25
multi_scale_sma100_recovery_or_trend_break__mr_30m__ema_distance_10__entry_m0p04__exit_0__shared_hours_3,mr_30m__ema_distance_10__entry_m0p04__exit_0__shared_hours_3,100,daily_sessions,17,recovery_or_trend_break,multi_scale_sma100_recovery_or_trend_break,1786,3,0,0,0,EMA_DISTANCE,10,daily_sessions,-0.04,0.0,3.0,3.0,3.0,7,7,-0.06987733967130795,0.028403351603897953,-0.07333752761508205,0.0243454533142798,0.005485580241531603,5.992219481293766,0.5448405201817806,3,0.2727739806006632,0.2727739806006632,6,176.16666666666666,0.689778513092709,17.244492123146607,0.021394038948878234,1360.7407984528577,1382.134837401736,1390.862472038107,0.36074079845285767,2767,2001-01-02,2011-12-30,30,1.0,25.0,0,0,25
multi_scale_sma100_recovery_or_trend_break__mr_30m__ema_distance_10__entry_m0p06__exit_0__shared_hours_3,mr_30m__ema_distance_10__entry_m0p06__exit_0__shared_hours_3,100,daily_sessions,17,recovery_or_trend_break,multi_scale_sma100_recovery_or_trend_break,641,0,0,0,0,EMA_DISTANCE,10,daily_sessions,-0.06,0.0,3.0,3.0,3.0,7,7,,0.030452711148542644,0.0,0.0011514930333371037,0.0,0.0,0.0,0,0.0,0.0,0,0.0,0.0,0.0,0.0,1390.862472038107,1390.862472038107,1390.862472038107,0.39086247203810687,2767,2001-01-02,2011-12-30,30,1.0,25.0,0,0,25
multi_scale_sma100_recovery_or_trend_break__mr_30m__ema_distance_10__entry_m0p06__exit_0p01__shared_hours_3,mr_30m__ema_distance_10__entry_m0p06__exit_0p01__shared_hours_3,100,daily_sessions,17,recovery_or_trend_break,multi_scale_sma100_recovery_or_trend_break,641,0,0,0,0,EMA_DISTANCE,10,daily_sessions,-0.06,0.01,3.0,3.0,3.0,7,7,,0.030452711148542644,0.0,0.0011514930333371037,0.0,0.0,0.0,0,0.0,0.0,0,0.0,0.0,0.0,0.0,1390.862472038107,1390.862472038107,1390.862472038107,0.39086247203810687,2767,2001-01-02,2011-12-30,30,1.0,25.0,0,0,25
multi_scale_sma100_recovery_or_trend_break__mr_30m__ema_distance_50__entry_m0p04__exit_0p01__shared_hours_3,mr_30m__ema_distance_50__entry_m0p04__exit_0p01__shared_hours_3,100,daily_sessions,17,recovery_or_trend_break,multi_scale_sma100_recovery_or_trend_break,6709,2,0,0,0,EMA_DISTANCE,50,daily_sessions,-0.04,0.01,3.0,3.0,3.0,7,7,-0.036402511254896616,0.029420757232536232,-0.07333752761508205,0.02138608193619197,0.0042659857696679074,3.994812987529177,0.3632270134545204,2,0.18184932040044216,0.18184932040044216,4,205.5,0.4600508869167085,11.501341489778046,0.014381126785870266,1375.619782527623,1390.0009093134934,1390.862472038107,0.37561978252762307,2767,2001-01-02,2011-12-30,30,1.0,25.0,0,0,25
multi_scale_sma100_recovery_or_trend_break__mr_30m__rsi_14__entry_20__exit_50__shared_hours_3,mr_30m__rsi_14__entry_20__exit_50__shared_hours_3,100,daily_sessions,17,recovery_or_trend_break,multi_scale_sma100_recovery_or_trend_break,28,0,0,0,0,RSI,14,daily_sessions,20.0,50.0,3.0,3.0,3.0,7,7,,0.030452711148542644,0.0,0.0011514930333371037,0.0,0.0,0.0,0,0.0,0.0,0,0.0,0.0,0.0,0.0,1390.862472038107,1390.862472038107,1390.862472038107,0.39086247203810687,2767,2001-01-02,2011-12-30,30,1.0,25.0,0,0,25
multi_scale_sma100_recovery_or_trend_break__mr_30m__rsi_14__entry_20__exit_60__shared_hours_3,mr_30m__rsi_14__entry_20__exit_60__shared_hours_3,100,daily_sessions,17,recovery_or_trend_break,multi_scale_sma100_recovery_or_trend_break,28,0,0,0,0,RSI,14,daily_sessions,20.0,60.0,3.0,3.0,3.0,7,7,,0.030452711148542644,0.0,0.0011514930333371037,0.0,0.0,0.0,0,0.0,0.0,0,0.0,0.0,0.0,0.0,1390.862472038107,1390.862472038107,1390.862472038107,0.39086247203810687,2767,2001-01-02,2011-12-30,30,1.0,25.0,0,0,25
multi_scale_sma100_recovery_or_trend_break__mr_30m__rsi_14__entry_20__exit_70__shared_hours_3,mr_30m__rsi_14__entry_20__exit_70__shared_hours_3,100,daily_sessions,17,recovery_or_trend_break,multi_scale_sma100_recovery_or_trend_break,28,0,0,0,0,RSI,14,daily_sessions,20.0,70.0,3.0,3.0,3.0,7,7,,0.030452711148542644,0.0,0.0011514930333371037,0.0,0.0,0.0,0,0.0,0.0,0,0.0,0.0,0.0,0.0,1390.862472038107,1390.862472038107,1390.862472038107,0.39086247203810687,2767,2001-01-02,2011-12-30,30,1.0,25.0,0,0,25
multi_scale_sma100_recovery_or_trend_break__mr_30m__rsi_2__entry_10__exit_50__shared_hours_3,mr_30m__rsi_2__entry_10__exit_50__shared_hours_3,100,daily_sessions,17,recovery_or_trend_break,multi_scale_sma100_recovery_or_trend_break,2207,19,0,0,0,RSI,2,daily_sessions,10.0,50.0,3.0,3.0,3.0,7,7,-0.08740078893033876,0.024022755706063492,-0.07288051561725362,0.0546254450170627,0.05271761976677202,129.83142209469818,11.804877937271907,65,5.91010291301437,5.91010291301437,130,78.13846153846154,15.423091326461373,385.5794014486098,0.5221137218950371,1298.3335048230026,1820.4472267180397,1390.862472038107,0.2983335048230027,2767,2001-01-02,2011-12-30,30,1.0,25.0,0,0,25
multi_scale_sma100_recovery_or_trend_break__mr_30m__rsi_2__entry_10__exit_60__shared_hours_3,mr_30m__rsi_2__entry_10__exit_60__shared_hours_3,100,daily_sessions,17,recovery_or_trend_break,multi_scale_sma100_recovery_or_trend_break,2207,19,0,0,0,RSI,2,daily_sessions,10.0,60.0,3.0,3.0,3.0,7,7,-0.058193499146533566,0.02510032882886959,-0.0736696136426449,0.059317812748789854,0.06511596527010126,127.83401560093358,11.623264430544646,64,5.819178252814149,5.819178252814149,128,98.0234375,15.243917724572128,381.1001547313338,0.5186365401950763,1313.438740932614,1832.0752811276905,1390.862472038107,0.31343874093261404,2767,2001-01-02,2011-12-30,30,1.0,25.0,0,0,25
multi_scale_sma100_recovery_or_trend_break__mr_30m__rsi_2__entry_10__exit_70__shared_hours_3,mr_30m__rsi_2__entry_10__exit_70__shared_hours_3,100,daily_sessions,17,recovery_or_trend_break,multi_scale_sma100_recovery_or_trend_break,2207,19,0,0,0,RSI,2,daily_sessions,10.0,70.0,3.0,3.0,3.0,7,7,-0.03396014774569154,0.026004428503586974,-0.07566774254464204,0.06509286819053235,0.0866171563208727,121.84179611963982,11.078423910362867,61,5.546404272213485,5.546404272213485,122,136.80327868852459,14.642909388930295,366.0749656539013,0.49505456214508603,1326.2353149870662,1821.2898771321522,1390.862472038107,0.32623531498706626,2767,2001-01-02,2011-12-30,30,1.0,25.0,0,0,25
multi_scale_sma100_recovery_or_trend_break__mr_30m__rsi_2__entry_20__exit_50__shared_hours_3,mr_30m__rsi_2__entry_20__exit_50__shared_hours_3,100,daily_sessions,17,recovery_or_trend_break,multi_scale_sma100_recovery_or_trend_break,3871,30,0,0,0,RSI,2,daily_sessions,20.0,50.0,3.0,3.0,3.0,7,7,-0.2786140797704722,0.007187370575551411,-0.18739343068099223,0.07261053233037032,0.10882934499992215,251.6732182143388,22.883301847634844,126,11.456507185227856,11.456507185227856,252,83.21428571428571,25.85455904439025,646.3668344624592,1.0013771559940674,1081.9498395707687,2083.326995564836,1390.862472038107,0.08194983957076873,2767,2001-01-02,2011-12-30,30,1.0,25.0,0,0,25
multi_scale_sma100_recovery_or_trend_break__mr_30m__rsi_2__entry_20__exit_60__shared_hours_3,mr_30m__rsi_2__entry_20__exit_60__shared_hours_3,100,daily_sessions,17,recovery_or_trend_break,multi_scale_sma100_recovery_or_trend_break,3871,30,0,0,0,RSI,2,daily_sessions,20.0,60.0,3.0,3.0,3.0,7,7,-0.29319814476226363,0.004449994678443758,-0.1658455429533251,0.07714268592170663,0.12625657153829786,233.6965597704574,21.248780287089495,117,10.638185243425866,10.638185243425866,234,103.96581196581197,23.85626931394774,596.409112984167,0.8794035252982935,1050.044964686608,1929.4484899849015,1390.862472038107,0.05004496468660791,2767,2001-01-02,2011-12-30,30,1.0,25.0,0,0,25
multi_scale_sma100_recovery_or_trend_break__mr_30m__rsi_2__entry_20__exit_70__shared_hours_3,mr_30m__rsi_2__entry_20__exit_70__shared_hours_3,100,daily_sessions,17,recovery_or_trend_break,multi_scale_sma100_recovery_or_trend_break,3871,30,0,0,0,RSI,2,daily_sessions,20.0,70.0,3.0,3.0,3.0,7,7,-0.16461724884048876,0.012439331549857435,-0.15954825928486482,0.08523207502570775,0.1570630089212038,211.7250883390468,19.25103171308962,106,9.638013981223434,9.638013981223434,212,142.75471698113208,22.916641346684766,572.9188379325947,0.8424320071374921,1145.6421396881647,1988.0741468256567,1390.862472038107,0.14564213968816464,2767,2001-01-02,2011-12-30,30,1.0,25.0,0,0,25
multi_scale_sma100_recovery_or_trend_break__mr_30m__rsi_2__entry_30__exit_50__shared_hours_3,mr_30m__rsi_2__entry_30__exit_50__shared_hours_3,100,daily_sessions,17,recovery_or_trend_break,multi_scale_sma100_recovery_or_trend_break,5372,42,2,0,0,RSI,2,daily_sessions,30.0,50.0,3.0,3.0,3.0,7,7,-0.34516339816715713,-0.003891531870020004,-0.28113471748604824,0.08729388627422639,0.15601467665177204,373.5150143339778,33.961725757997634,187,17.002911457441343,17.002911457441343,374,80.37967914438502,35.46932927394644,886.7371037307188,1.5752667440977839,958.023457728737,2533.290201826521,1390.862472038107,-0.04197654227126302,2767,2001-01-02,2011-12-30,30,1.0,25.0,0,0,25
multi_scale_sma100_recovery_or_trend_break__mr_30m__rsi_2__entry_30__exit_60__shared_hours_3,mr_30m__rsi_2__entry_30__exit_60__shared_hours_3,100,daily_sessions,17,recovery_or_trend_break,multi_scale_sma100_recovery_or_trend_break,5372,42,2,0,0,RSI,2,daily_sessions,30.0,60.0,3.0,3.0,3.0,7,7,-0.29796944075543763,-0.0017033933058250295,-0.21534374401095457,0.09225056386323949,0.17762485274045473,347.54872991503834,31.60075017054327,174,15.820890874838467,15.820890874838467,348,98.35057471264368,33.346830183510356,833.6744529936068,1.4441094374258368,981.424597608041,2425.534035033878,1390.862472038107,-0.018575402391958984,2767,2001-01-02,2011-12-30,30,1.0,25.0,0,0,25
multi_scale_sma100_recovery_or_trend_break__mr_30m__rsi_2__entry_30__exit_70__shared_hours_3,mr_30m__rsi_2__entry_30__exit_70__shared_hours_3,100,daily_sessions,17,recovery_or_trend_break,multi_scale_sma100_recovery_or_trend_break,5366,43,1,0,0,RSI,2,daily_sessions,30.0,70.0,3.0,3.0,3.0,7,7,-0.15720061409127087,0.009061442294616029,-0.2148915439051876,0.10110074043486611,0.2100349271097687,307.6006000397469,27.968480035998095,154,14.002397670834046,14.002397670834046,308,131.39935064935065,32.918391387373276,822.9640965361693,1.3553334489541642,1104.2981562756133,2459.6316052297775,1390.862472038107,0.10429815627561334,2767,2001-01-02,2011-12-30,30,1.0,25.0,0,0,25
multi_scale_sma100_recovery_or_trend_break__mr_30m__rsi_5__entry_10__exit_50__shared_hours_3,mr_30m__rsi_5__entry_10__exit_50__shared_hours_3,100,daily_sessions,17,recovery_or_trend_break,multi_scale_sma100_recovery_or_trend_break,139,0,0,0,0,RSI,5,daily_sessions,10.0,50.0,3.0,3.0,3.0,7,7,,0.030452711148542644,0.0,0.0011514930333371037,0.0,0.0,0.0,0,0.0,0.0,0,0.0,0.0,0.0,0.0,1390.862472038107,1390.862472038107,1390.862472038107,0.39086247203810687,2767,2001-01-02,2011-12-30,30,1.0,25.0,0,0,25
multi_scale_sma100_recovery_or_trend_break__mr_30m__rsi_5__entry_10__exit_60__shared_hours_3,mr_30m__rsi_5__entry_10__exit_60__shared_hours_3,100,daily_sessions,17,recovery_or_trend_break,multi_scale_sma100_recovery_or_trend_break,139,0,0,0,0,RSI,5,daily_sessions,10.0,60.0,3.0,3.0,3.0,7,7,,0.030452711148542644,0.0,0.0011514930333371037,0.0,0.0,0.0,0,0.0,0.0,0,0.0,0.0,0.0,0.0,1390.862472038107,1390.862472038107,1390.862472038107,0.39086247203810687,2767,2001-01-02,2011-12-30,30,1.0,25.0,0,0,25
multi_scale_sma100_recovery_or_trend_break__mr_30m__rsi_5__entry_10__exit_70__shared_hours_3,mr_30m__rsi_5__entry_10__exit_70__shared_hours_3,100,daily_sessions,17,recovery_or_trend_break,multi_scale_sma100_recovery_or_trend_break,139,0,0,0,0,RSI,5,daily_sessions,10.0,70.0,3.0,3.0,3.0,7,7,,0.030452711148542644,0.0,0.0011514930333371037,0.0,0.0,0.0,0,0.0,0.0,0,0.0,0.0,0.0,0.0,1390.862472038107,1390.862472038107,1390.862472038107,0.39086247203810687,2767,2001-01-02,2011-12-30,30,1.0,25.0,0,0,25
multi_scale_sma100_recovery_or_trend_break__mr_30m__rsi_5__entry_20__exit_50__shared_hours_3,mr_30m__rsi_5__entry_20__exit_50__shared_hours_3,100,daily_sessions,17,recovery_or_trend_break,multi_scale_sma100_recovery_or_trend_break,1201,4,0,0,0,RSI,5,daily_sessions,20.0,50.0,3.0,3.0,3.0,7,7,0.40316247756902357,0.040695335938099486,-0.0395785878854219,0.025419158001632285,0.011682158111341191,19.97406493764589,1.8161350672726024,10,0.9092466020022107,0.9092466020022107,20,112.55,2.6159767827680804,65.40084760513574,0.08276979556413448,1550.6974048944305,1633.467200458565,1390.862472038107,0.5506974048944304,2767,2001-01-02,2011-12-30,30,1.0,25.0,0,0,25
multi_scale_sma100_recovery_or_trend_break__mr_30m__rsi_5__entry_30__exit_50__shared_hours_3,mr_30m__rsi_5__entry_30__exit_50__shared_hours_3,100,daily_sessions,17,recovery_or_trend_break,multi_scale_sma100_recovery_or_trend_break,3617,17,0,0,0,RSI,5,daily_sessions,30.0,50.0,3.0,3.0,3.0,7,7,-0.005332264738924535,0.028557797506105542,-0.08047492521297461,0.05561474087495926,0.06626809281373419,87.88588572564186,7.990994295999446,44,4.000685048809728,4.000685048809728,88,145.10227272727272,11.088517454879911,277.214664746072,0.35041270222265986,1362.990022414583,1713.402724637243,1390.862472038107,0.362990022414583,2767,2001-01-02,2011-12-30,30,1.0,25.0,0,0,25
multi_scale_sma100_recovery_or_trend_break__mr_30m__sma_distance_10__entry_m0p02__exit_0__shared_hours_3,mr_30m__sma_distance_10__entry_m0p02__exit_0__shared_hours_3,100,daily_sessions,17,recovery_or_trend_break,multi_scale_sma100_recovery_or_trend_break,4923,19,0,0,0,SMA_DISTANCE,10,daily_sessions,-0.02,0.0,3.0,3.0,3.0,7,7,0.044501808493119376,0.031182691212447544,-0.12593262459274945,0.06792709315026976,0.06761743137834934,87.88588572564184,7.990994295999444,44,4.000685048809728,4.000685048809728,88,148.0568181818182,11.143692390801736,278.59421649551643,0.36037429540823335,1401.7373396014366,1762.11163500967,1390.862472038107,0.40173733960143654,2767,2001-01-02,2011-12-30,30,1.0,25.0,0,0,25
multi_scale_sma100_recovery_or_trend_break__mr_30m__sma_distance_10__entry_m0p02__exit_0p01__shared_hours_3,mr_30m__sma_distance_10__entry_m0p02__exit_0p01__shared_hours_3,100,daily_sessions,17,recovery_or_trend_break,multi_scale_sma100_recovery_or_trend_break,4923,19,0,0,0,SMA_DISTANCE,10,daily_sessions,-0.02,0.01,3.0,3.0,3.0,7,7,0.02588505515399837,0.029501746548493024,-0.1143720367154385,0.07595541190220606,0.08333203589240581,79.89625975058351,7.264540269090405,40,3.636986408008843,3.636986408008843,80,200.7125,9.99369672719073,249.8440677819866,0.3183374345690481,1376.8105373530902,1695.1479719221384,1390.862472038107,0.37681053735309034,2767,2001-01-02,2011-12-30,30,1.0,25.0,0,0,25
multi_scale_sma100_recovery_or_trend_break__mr_30m__sma_distance_10__entry_m0p04__exit_0__shared_hours_3,mr_30m__sma_distance_10__entry_m0p04__exit_0__shared_hours_3,100,daily_sessions,17,recovery_or_trend_break,multi_scale_sma100_recovery_or_trend_break,2289,4,0,0,0,SMA_DISTANCE,10,daily_sessions,-0.04,0.0,3.0,3.0,3.0,7,7,-0.07876347578837044,0.027499985734177335,-0.07333752761508194,0.03059107253870494,0.009227399876483624,9.987032468822944,0.9080675336363012,5,0.4546233010011054,0.4546233010011054,10,177.8,1.092596532104129,27.314954087697128,0.03549851356087038,1347.6523653913835,1383.1508789522538,1390.862472038107,0.34765236539138344,2767,2001-01-02,2011-12-30,30,1.0,25.0,0,0,25
multi_scale_sma100_recovery_or_trend_break__mr_30m__sma_distance_10__entry_m0p04__exit_0p01__shared_hours_3,mr_30m__sma_distance_10__entry_m0p04__exit_0p01__shared_hours_3,100,daily_sessions,17,recovery_or_trend_break,multi_scale_sma100_recovery_or_trend_break,2289,4,0,0,0,SMA_DISTANCE,10,daily_sessions,-0.04,0.01,3.0,3.0,3.0,7,7,-0.11995956759858144,0.025481457095088755,-0.09634001505362988,0.03525659323978612,0.013425918717920773,9.987032468822942,0.908067533636301,5,0.4546233010011054,0.4546233010011054,10,258.7,1.075855377097441,26.8962927166072,0.03473902592690342,1318.8194593404862,1353.5584852673896,1390.862472038107,0.3188194593404863,2767,2001-01-02,2011-12-30,30,1.0,25.0,0,0,25
multi_scale_sma100_recovery_or_trend_break__mr_30m__sma_distance_10__entry_m0p06__exit_0__shared_hours_3,mr_30m__sma_distance_10__entry_m0p06__exit_0__shared_hours_3,100,daily_sessions,17,recovery_or_trend_break,multi_scale_sma100_recovery_or_trend_break,923,0,1,0,0,SMA_DISTANCE,10,daily_sessions,-0.06,0.0,3.0,3.0,3.0,7,7,,0.030452711148542644,0.0,0.0011514930333371037,0.0,0.0,0.0,0,0.0,0.0,0,0.0,0.0,0.0,0.0,1390.862472038107,1390.862472038107,1390.862472038107,0.39086247203810687,2767,2001-01-02,2011-12-30,30,1.0,25.0,0,0,25
multi_scale_sma100_recovery_or_trend_break__mr_30m__sma_distance_10__entry_m0p06__exit_0p01__shared_hours_3,mr_30m__sma_distance_10__entry_m0p06__exit_0p01__shared_hours_3,100,daily_sessions,17,recovery_or_trend_break,multi_scale_sma100_recovery_or_trend_break,923,0,1,0,0,SMA_DISTANCE,10,daily_sessions,-0.06,0.01,3.0,3.0,3.0,7,7,,0.030452711148542644,0.0,0.0011514930333371037,0.0,0.0,0.0,0,0.0,0.0,0,0.0,0.0,0.0,0.0,1390.862472038107,1390.862472038107,1390.862472038107,0.39086247203810687,2767,2001-01-02,2011-12-30,30,1.0,25.0,0,0,25
multi_scale_sma100_recovery_or_trend_break__mr_30m__zscore_10__entry_m1p5__exit_0__shared_hours_3,mr_30m__zscore_10__entry_m1p5__exit_0__shared_hours_3,100,daily_sessions,17,recovery_or_trend_break,multi_scale_sma100_recovery_or_trend_break,1787,22,0,0,0,ZSCORE,10,daily_sessions,-1.5,0.0,3.0,3.0,3.0,7,7,-0.17551738812012485,0.016322703040202224,-0.11767955837027666,0.06627464958495387,0.08525743822883744,109.85735715705229,9.988742869999305,55,5.000856311012159,5.000856311012159,110,149.34545454545454,12.230274229000104,305.7580269030404,0.39562610357566835,1194.908509675885,1590.5346132515533,1390.862472038107,0.1949085096758849,2767,2001-01-02,2011-12-30,30,1.0,25.0,0,0,25
multi_scale_sma100_recovery_or_trend_break__mr_30m__zscore_10__entry_m1p5__exit_m0p5__shared_hours_3,mr_30m__zscore_10__entry_m1p5__exit_m0p5__shared_hours_3,100,daily_sessions,17,recovery_or_trend_break,multi_scale_sma100_recovery_or_trend_break,1789,20,0,0,0,ZSCORE,10,daily_sessions,-1.5,-0.5,3.0,3.0,3.0,7,7,-0.17033556734202915,0.01818863890562672,-0.11560632565352946,0.05987870430698057,0.06612796919356262,121.84179611963982,11.078423910362867,61,5.546404272213485,5.546404272213485,122,104.44262295081967,14.076255217144135,351.9078716901947,0.4551226493438437,1219.2589996440304,1674.381648987874,1390.862472038107,0.2192589996440304,2767,2001-01-02,2011-12-30,30,1.0,25.0,0,0,25
multi_scale_sma100_recovery_or_trend_break__mr_30m__zscore_10__entry_m2__exit_0__shared_hours_3,mr_30m__zscore_10__entry_m2__exit_0__shared_hours_3,100,daily_sessions,17,recovery_or_trend_break,multi_scale_sma100_recovery_or_trend_break,155,8,0,0,0,ZSCORE,10,daily_sessions,-2.0,0.0,3.0,3.0,3.0,7,7,-0.020478461730856334,0.02883084636827138,-0.06508940611792968,0.039318578597117806,0.029545324801361794,37.95072338152718,3.4506566278179442,19,1.7275685438042006,1.7275685438042006,38,149.81578947368422,4.641068437811225,116.02746321095177,0.14195448694349966,1366.974754105143,1508.9292410486426,1390.862472038107,0.3669747541051429,2767,2001-01-02,2011-12-30,30,1.0,25.0,0,0,25
multi_scale_sma100_recovery_or_trend_break__mr_30m__zscore_50__entry_m2p5__exit_0__shared_hours_3,mr_30m__zscore_50__entry_m2p5__exit_0__shared_hours_3,100,daily_sessions,17,recovery_or_trend_break,multi_scale_sma100_recovery_or_trend_break,384,0,0,0,0,ZSCORE,50,daily_sessions,-2.5,0.0,3.0,3.0,3.0,7,7,,0.030452711148542644,0.0,0.0011514930333371037,0.0,0.0,0.0,0,0.0,0.0,0,0.0,0.0,0.0,0.0,1390.862472038107,1390.862472038107,1390.862472038107,0.39086247203810687,2767,2001-01-02,2011-12-30,30,1.0,25.0,0,0,25
multi_scale_sma100_recovery_or_trend_break__mr_30m__zscore_50__entry_m2p5__exit_0p5__shared_hours_3,mr_30m__zscore_50__entry_m2p5__exit_0p5__shared_hours_3,100,daily_sessions,17,recovery_or_trend_break,multi_scale_sma100_recovery_or_trend_break,384,0,0,0,0,ZSCORE,50,daily_sessions,-2.5,0.5,3.0,3.0,3.0,7,7,,0.030452711148542644,0.0,0.0011514930333371037,0.0,0.0,0.0,0,0.0,0.0,0,0.0,0.0,0.0,0.0,1390.862472038107,1390.862472038107,1390.862472038107,0.39086247203810687,2767,2001-01-02,2011-12-30,30,1.0,25.0,0,0,25
multi_scale_sma200_recovery_or_trend_break__mr_30m__ema_distance_10__entry_m0p04__exit_0__shared_hours_3,mr_30m__ema_distance_10__entry_m0p04__exit_0__shared_hours_3,200,daily_sessions,17,recovery_or_trend_break,multi_scale_sma200_recovery_or_trend_break,1777,0,0,0,0,EMA_DISTANCE,10,daily_sessions,-0.04,0.0,3.0,3.0,3.0,7,7,0.36427298789113854,0.040141857558992244,-0.039578587885422345,0.02671291223205837,0.007239720375531302,5.992219481293766,0.5448405201817806,3,0.2727739806006632,0.2727739806006632,6,232.5,0.7900889528920289,19.75323961904904,0.02423837450461383,1541.6511653246241,1565.889539829238,1390.862472038107,0.5416511653246241,2767,2001-01-02,2011-12-30,30,1.0,25.0,0,0,25
multi_scale_sma200_recovery_or_trend_break__mr_30m__ema_distance_10__entry_m0p06__exit_0__shared_hours_3,mr_30m__ema_distance_10__entry_m0p06__exit_0__shared_hours_3,200,daily_sessions,17,recovery_or_trend_break,multi_scale_sma200_recovery_or_trend_break,641,0,0,0,0,EMA_DISTANCE,10,daily_sessions,-0.06,0.0,3.0,3.0,3.0,7,7,,0.030452711148542644,0.0,0.0011514930333371037,0.0,0.0,0.0,0,0.0,0.0,0,0.0,0.0,0.0,0.0,1390.862472038107,1390.862472038107,1390.862472038107,0.39086247203810687,2767,2001-01-02,2011-12-30,30,1.0,25.0,0,0,25
multi_scale_sma200_recovery_or_trend_break__mr_30m__ema_distance_10__entry_m0p06__exit_0p01__shared_hours_3,mr_30m__ema_distance_10__entry_m0p06__exit_0p01__shared_hours_3,200,daily_sessions,17,recovery_or_trend_break,multi_scale_sma200_recovery_or_trend_break,641,0,0,0,0,EMA_DISTANCE,10,daily_sessions,-0.06,0.01,3.0,3.0,3.0,7,7,,0.030452711148542644,0.0,0.0011514930333371037,0.0,0.0,0.0,0,0.0,0.0,0,0.0,0.0,0.0,0.0,1390.862472038107,1390.862472038107,1390.862472038107,0.39086247203810687,2767,2001-01-02,2011-12-30,30,1.0,25.0,0,0,25
multi_scale_sma200_recovery_or_trend_break__mr_30m__ema_distance_50__entry_m0p04__exit_0p01__shared_hours_3,mr_30m__ema_distance_50__entry_m0p04__exit_0p01__shared_hours_3,200,daily_sessions,17,recovery_or_trend_break,multi_scale_sma200_recovery_or_trend_break,6552,5,1,0,0,EMA_DISTANCE,50,daily_sessions,-0.04,0.01,3.0,3.0,3.0,7,7,0.449844150790897,0.04194707799129338,-0.030290456431535162,0.025436582807769555,0.0069335243166378634,13.98184545635212,1.2712945470908215,7,0.6364726214015476,0.6364726214015476,14,95.42857142857143,1.9875882260997944,49.691067209966874,0.05825042029709107,1571.3345452312508,1629.5849655283419,1390.862472038107,0.5713345452312508,2767,2001-01-02,2011-12-30,30,1.0,25.0,0,0,25
multi_scale_sma200_recovery_or_trend_break__mr_30m__rsi_14__entry_20__exit_50__shared_hours_3,mr_30m__rsi_14__entry_20__exit_50__shared_hours_3,200,daily_sessions,17,recovery_or_trend_break,multi_scale_sma200_recovery_or_trend_break,28,0,0,0,0,RSI,14,daily_sessions,20.0,50.0,3.0,3.0,3.0,7,7,,0.030452711148542644,0.0,0.0011514930333371037,0.0,0.0,0.0,0,0.0,0.0,0,0.0,0.0,0.0,0.0,1390.862472038107,1390.862472038107,1390.862472038107,0.39086247203810687,2767,2001-01-02,2011-12-30,30,1.0,25.0,0,0,25
multi_scale_sma200_recovery_or_trend_break__mr_30m__rsi_14__entry_20__exit_60__shared_hours_3,mr_30m__rsi_14__entry_20__exit_60__shared_hours_3,200,daily_sessions,17,recovery_or_trend_break,multi_scale_sma200_recovery_or_trend_break,28,0,0,0,0,RSI,14,daily_sessions,20.0,60.0,3.0,3.0,3.0,7,7,,0.030452711148542644,0.0,0.0011514930333371037,0.0,0.0,0.0,0,0.0,0.0,0,0.0,0.0,0.0,0.0,1390.862472038107,1390.862472038107,1390.862472038107,0.39086247203810687,2767,2001-01-02,2011-12-30,30,1.0,25.0,0,0,25
multi_scale_sma200_recovery_or_trend_break__mr_30m__rsi_14__entry_20__exit_70__shared_hours_3,mr_30m__rsi_14__entry_20__exit_70__shared_hours_3,200,daily_sessions,17,recovery_or_trend_break,multi_scale_sma200_recovery_or_trend_break,28,0,0,0,0,RSI,14,daily_sessions,20.0,70.0,3.0,3.0,3.0,7,7,,0.030452711148542644,0.0,0.0011514930333371037,0.0,0.0,0.0,0,0.0,0.0,0,0.0,0.0,0.0,0.0,1390.862472038107,1390.862472038107,1390.862472038107,0.39086247203810687,2767,2001-01-02,2011-12-30,30,1.0,25.0,0,0,25
multi_scale_sma200_recovery_or_trend_break__mr_30m__rsi_2__entry_10__exit_50__shared_hours_3,mr_30m__rsi_2__entry_10__exit_50__shared_hours_3,200,daily_sessions,17,recovery_or_trend_break,multi_scale_sma200_recovery_or_trend_break,1970,17,0,0,0,RSI,2,daily_sessions,10.0,50.0,3.0,3.0,3.0,7,7,-0.24380358879468567,0.014987770587339577,-0.09240134656786991,0.0557610939300055,0.06389637079823755,135.82364157599199,12.349718457453692,68,6.182876893615033,6.182876893615033,136,90.52941176470588,15.964841163636514,399.1225349401603,0.4995897084854175,1177.7598243642426,1677.3495328496601,1390.862472038107,0.17775982436424265,2767,2001-01-02,2011-12-30,30,1.0,25.0,0,0,25
multi_scale_sma200_recovery_or_trend_break__mr_30m__rsi_2__entry_10__exit_60__shared_hours_3,mr_30m__rsi_2__entry_10__exit_60__shared_hours_3,200,daily_sessions,17,recovery_or_trend_break,multi_scale_sma200_recovery_or_trend_break,1970,17,0,0,0,RSI,2,daily_sessions,10.0,60.0,3.0,3.0,3.0,7,7,-0.14969636663066788,0.019489561553404755,-0.0924013465678678,0.05967084840674067,0.07902453201305744,135.82364157599199,12.349718457453692,68,6.182876893615033,6.182876893615033,136,111.96323529411765,16.650384981816647,416.26156926062134,0.5245073472146262,1236.5020148354947,1761.009362050121,1390.862472038107,0.23650201483549482,2767,2001-01-02,2011-12-30,30,1.0,25.0,0,0,25
multi_scale_sma200_recovery_or_trend_break__mr_30m__rsi_2__entry_10__exit_70__shared_hours_3,mr_30m__rsi_2__entry_10__exit_70__shared_hours_3,200,daily_sessions,17,recovery_or_trend_break,multi_scale_sma200_recovery_or_trend_break,1970,17,0,0,0,RSI,2,daily_sessions,10.0,70.0,3.0,3.0,3.0,7,7,-0.05702806217998657,0.02460883111917167,-0.09240134656786891,0.0639749972556535,0.09675795461032659,129.83142209469818,11.804877937271907,65,5.91010291301437,5.91010291301437,130,143.41538461538462,16.15318835577502,403.832026184501,0.5254095930666024,1306.529305450521,1831.9388985171233,1390.862472038107,0.30652930545052093,2767,2001-01-02,2011-12-30,30,1.0,25.0,0,0,25
multi_scale_sma200_recovery_or_trend_break__mr_30m__rsi_2__entry_20__exit_50__shared_hours_3,mr_30m__rsi_2__entry_20__exit_50__shared_hours_3,200,daily_sessions,17,recovery_or_trend_break,multi_scale_sma200_recovery_or_trend_break,3619,23,1,0,0,RSI,2,daily_sessions,20.0,50.0,3.0,3.0,3.0,7,7,-0.42529000737209754,-0.0031442613892128657,-0.23674803932306054,0.07199710101313557,0.11961886375313333,241.6861857455158,21.975234313998538,121,11.00188388422675,11.00188388422675,242,95.24380165289256,24.617650710813994,615.443223966344,0.8462864394436435,965.95750842167,1812.2439478653134,1390.862472038107,-0.03404249157832995,2767,2001-01-02,2011-12-30,30,1.0,25.0,0,0,25
multi_scale_sma200_recovery_or_trend_break__mr_30m__rsi_2__entry_20__exit_60__shared_hours_3,mr_30m__rsi_2__entry_20__exit_60__shared_hours_3,200,daily_sessions,17,recovery_or_trend_break,multi_scale_sma200_recovery_or_trend_break,3619,23,1,0,0,RSI,2,daily_sessions,20.0,60.0,3.0,3.0,3.0,7,7,-0.4032962364838088,-0.003655165042485642,-0.2244302362741859,0.07638467369472915,0.14112524456761483,227.70434028916358,20.70393976690771,114,10.365411262825203,10.365411262825203,228,119.26754385964912,23.755017492051284,593.8772285170832,0.7771129211927621,960.5266233399523,1737.6395445327144,1390.862472038107,-0.03947337666004769,2767,2001-01-02,2011-12-30,30,1.0,25.0,0,0,25
multi_scale_sma200_recovery_or_trend_break__mr_30m__rsi_2__entry_20__exit_70__shared_hours_3,mr_30m__rsi_2__entry_20__exit_70__shared_hours_3,200,daily_sessions,17,recovery_or_trend_break,multi_scale_sma200_recovery_or_trend_break,3619,23,1,0,0,RSI,2,daily_sessions,20.0,70.0,3.0,3.0,3.0,7,7,-0.17403356167634845,0.012250246730669101,-0.18372515361243924,0.08286484500218402,0.16888529065271657,211.72508833904678,19.251031713089617,106,9.638013981223434,9.638013981223434,212,153.5,24.218388351684563,605.4626339884454,0.840703244400193,1143.2911565528887,1983.9944009530816,1390.862472038107,0.1432911565528887,2767,2001-01-02,2011-12-30,30,1.0,25.0,0,0,25
multi_scale_sma200_recovery_or_trend_break__mr_30m__rsi_2__entry_30__exit_50__shared_hours_3,mr_30m__rsi_2__entry_30__exit_50__shared_hours_3,200,daily_sessions,17,recovery_or_trend_break,multi_scale_sma200_recovery_or_trend_break,5103,33,0,0,0,RSI,2,daily_sessions,30.0,50.0,3.0,3.0,3.0,7,7,-0.48755432433929147,-0.015832290316207698,-0.29621193387120204,0.08670952609797682,0.167317982012279,369.52020134644863,33.598498744543114,185,16.8210621370409,16.8210621370409,370,87.13513513513513,34.810391798784394,870.2628394701007,1.3566397580031528,839.0218768720863,2195.661634875239,1390.862472038107,-0.1609781231279137,2767,2001-01-02,2011-12-30,30,1.0,25.0,0,0,25
multi_scale_sma200_recovery_or_trend_break__mr_30m__rsi_2__entry_30__exit_60__shared_hours_3,mr_30m__rsi_2__entry_30__exit_60__shared_hours_3,200,daily_sessions,17,recovery_or_trend_break,multi_scale_sma200_recovery_or_trend_break,5097,34,0,0,0,RSI,2,daily_sessions,30.0,60.0,3.0,3.0,3.0,7,7,-0.3978563619148408,-0.010680672899525678,-0.2800579490437102,0.09193400833752595,0.19530118793691323,347.54872991503834,31.60075017054327,174,15.820890874838467,15.820890874838467,348,108.13793103448276,34.24548790099266,856.1404531566255,1.3075351700237583,888.6079855459781,2196.1431555697363,1390.862472038107,-0.11139201445402191,2767,2001-01-02,2011-12-30,30,1.0,25.0,0,0,25
multi_scale_sma200_recovery_or_trend_break__mr_30m__rsi_2__entry_30__exit_70__shared_hours_3,mr_30m__rsi_2__entry_30__exit_70__shared_hours_3,200,daily_sessions,17,recovery_or_trend_break,multi_scale_sma200_recovery_or_trend_break,5090,35,0,0,0,RSI,2,daily_sessions,30.0,70.0,3.0,3.0,3.0,7,7,-0.2133999402513609,0.004146137153922869,-0.22953775730637394,0.0985956671537561,0.22857795284580693,311.59541302727604,28.331707049452614,156,14.184246991234488,14.184246991234488,312,141.16666666666666,33.42751003402485,835.6918110802455,1.308835044636144,1046.5566856934206,2355.391730329565,1390.862472038107,0.04655668569342053,2767,2001-01-02,2011-12-30,30,1.0,25.0,0,0,25
multi_scale_sma200_recovery_or_trend_break__mr_30m__rsi_5__entry_10__exit_50__shared_hours_3,mr_30m__rsi_5__entry_10__exit_50__shared_hours_3,200,daily_sessions,17,recovery_or_trend_break,multi_scale_sma200_recovery_or_trend_break,139,0,0,0,0,RSI,5,daily_sessions,10.0,50.0,3.0,3.0,3.0,7,7,,0.030452711148542644,0.0,0.0011514930333371037,0.0,0.0,0.0,0,0.0,0.0,0,0.0,0.0,0.0,0.0,1390.862472038107,1390.862472038107,1390.862472038107,0.39086247203810687,2767,2001-01-02,2011-12-30,30,1.0,25.0,0,0,25
multi_scale_sma200_recovery_or_trend_break__mr_30m__rsi_5__entry_10__exit_60__shared_hours_3,mr_30m__rsi_5__entry_10__exit_60__shared_hours_3,200,daily_sessions,17,recovery_or_trend_break,multi_scale_sma200_recovery_or_trend_break,139,0,0,0,0,RSI,5,daily_sessions,10.0,60.0,3.0,3.0,3.0,7,7,,0.030452711148542644,0.0,0.0011514930333371037,0.0,0.0,0.0,0,0.0,0.0,0,0.0,0.0,0.0,0.0,1390.862472038107,1390.862472038107,1390.862472038107,0.39086247203810687,2767,2001-01-02,2011-12-30,30,1.0,25.0,0,0,25
multi_scale_sma200_recovery_or_trend_break__mr_30m__rsi_5__entry_10__exit_70__shared_hours_3,mr_30m__rsi_5__entry_10__exit_70__shared_hours_3,200,daily_sessions,17,recovery_or_trend_break,multi_scale_sma200_recovery_or_trend_break,139,0,0,0,0,RSI,5,daily_sessions,10.0,70.0,3.0,3.0,3.0,7,7,,0.030452711148542644,0.0,0.0011514930333371037,0.0,0.0,0.0,0,0.0,0.0,0,0.0,0.0,0.0,0.0,1390.862472038107,1390.862472038107,1390.862472038107,0.39086247203810687,2767,2001-01-02,2011-12-30,30,1.0,25.0,0,0,25
multi_scale_sma200_recovery_or_trend_break__mr_30m__rsi_5__entry_20__exit_50__shared_hours_3,mr_30m__rsi_5__entry_20__exit_50__shared_hours_3,200,daily_sessions,17,recovery_or_trend_break,multi_scale_sma200_recovery_or_trend_break,1027,7,0,0,0,RSI,5,daily_sessions,20.0,50.0,3.0,3.0,3.0,7,7,0.32937312428349824,0.042865999542460065,-0.05644488549881277,0.03871120480322132,0.026317291773705544,37.95072338152718,3.4506566278179442,19,1.7275685438042006,1.7275685438042006,38,133.44736842105263,5.132978768372656,128.32651021767416,0.16476611008590247,1586.6431394249698,1751.4092495108723,1390.862472038107,0.5866431394249698,2767,2001-01-02,2011-12-30,30,1.0,25.0,0,0,25
multi_scale_sma200_recovery_or_trend_break__mr_30m__rsi_5__entry_30__exit_50__shared_hours_3,mr_30m__rsi_5__entry_30__exit_50__shared_hours_3,200,daily_sessions,17,recovery_or_trend_break,multi_scale_sma200_recovery_or_trend_break,3233,16,0,0,0,RSI,5,daily_sessions,30.0,50.0,3.0,3.0,3.0,7,7,-0.07136244661414053,0.024049218201276812,-0.09739749054117652,0.0612209454258573,0.08293761385044139,97.87291819446479,8.899061829635746,49,4.455308349810833,4.455308349810833,98,163.07142857142858,12.203668994643529,305.0933304054794,0.37688895194449107,1298.7025519829824,1675.5915039274735,1390.862472038107,0.29870255198298246,2767,2001-01-02,2011-12-30,30,1.0,25.0,0,0,25
multi_scale_sma200_recovery_or_trend_break__mr_30m__sma_distance_10__entry_m0p02__exit_0__shared_hours_3,mr_30m__sma_distance_10__entry_m0p02__exit_0__shared_hours_3,200,daily_sessions,17,recovery_or_trend_break,multi_scale_sma200_recovery_or_trend_break,4807,19,0,0,0,SMA_DISTANCE,10,daily_sessions,-0.02,0.0,3.0,3.0,3.0,7,7,0.23221322127314684,0.0439842008197362,-0.08597095470821237,0.06554419661021203,0.07624281866446621,97.87291819446477,8.899061829635745,49,4.455308349810833,4.455308349810833,98,149.90816326530611,14.157491070798855,353.9407371849377,0.46590963423423365,1605.4544126371316,2071.364046871365,1390.862472038107,0.6054544126371315,2767,2001-01-02,2011-12-30,30,1.0,25.0,0,0,25
multi_scale_sma200_recovery_or_trend_break__mr_30m__sma_distance_10__entry_m0p02__exit_0p01__shared_hours_3,mr_30m__sma_distance_10__entry_m0p02__exit_0p01__shared_hours_3,200,daily_sessions,17,recovery_or_trend_break,multi_scale_sma200_recovery_or_trend_break,4807,19,0,0,0,SMA_DISTANCE,10,daily_sessions,-0.02,0.01,3.0,3.0,3.0,7,7,0.26669023320742063,0.047457182398561004,-0.12347013412786922,0.07092635789336549,0.0944173711770903,89.88329221940643,8.172607802726704,45,4.091609709009949,4.091609709009949,90,202.14444444444445,13.471506328176602,336.7913543298707,0.43901647711466196,1665.1798299661682,2104.19630708083,1390.862472038107,0.6651798299661682,2767,2001-01-02,2011-12-30,30,1.0,25.0,0,0,25
multi_scale_sma200_recovery_or_trend_break__mr_30m__sma_distance_10__entry_m0p04__exit_0__shared_hours_3,mr_30m__sma_distance_10__entry_m0p04__exit_0__shared_hours_3,200,daily_sessions,17,recovery_or_trend_break,multi_scale_sma200_recovery_or_trend_break,2280,5,0,0,0,SMA_DISTANCE,10,daily_sessions,-0.04,0.0,3.0,3.0,3.0,7,7,0.315287571196803,0.039796180325581965,-0.03882079790496962,0.030108424471121276,0.009445369952306071,15.979251950116707,1.4529080538180816,8,0.7273972816017686,0.7273972816017686,16,113.75,2.255908083763011,56.398919579266654,0.06524651671713923,1536.0256640338196,1601.2721807509588,1390.862472038107,0.5360256640338195,2767,2001-01-02,2011-12-30,30,1.0,25.0,0,0,25
multi_scale_sma200_recovery_or_trend_break__mr_30m__sma_distance_10__entry_m0p04__exit_0p01__shared_hours_3,mr_30m__sma_distance_10__entry_m0p04__exit_0p01__shared_hours_3,200,daily_sessions,17,recovery_or_trend_break,multi_scale_sma200_recovery_or_trend_break,2280,5,0,0,0,SMA_DISTANCE,10,daily_sessions,-0.04,0.01,3.0,3.0,3.0,7,7,0.07510811831594125,0.03246537139348615,-0.08782394076511713,0.033402887633419504,0.011458998271808685,13.981845456352119,1.2712945470908215,7,0.6364726214015476,0.6364726214015476,14,157.71428571428572,1.8807419140471362,47.019028026700475,0.05267865870818082,1421.0334586844756,1473.7121173926564,1390.862472038107,0.4210334586844755,2767,2001-01-02,2011-12-30,30,1.0,25.0,0,0,25
multi_scale_sma200_recovery_or_trend_break__mr_30m__sma_distance_10__entry_m0p06__exit_0__shared_hours_3,mr_30m__sma_distance_10__entry_m0p06__exit_0__shared_hours_3,200,daily_sessions,17,recovery_or_trend_break,multi_scale_sma200_recovery_or_trend_break,928,0,0,0,0,SMA_DISTANCE,10,daily_sessions,-0.06,0.0,3.0,3.0,3.0,7,7,0.194742706744978,0.033407504527418475,-0.03468663776113523,0.015337920739611053,0.003767768453502312,1.9974064937645886,0.1816135067272602,1,0.09092466020022108,0.09092466020022108,2,363.0,0.24983001121721188,6.246046422626067,0.007483326789011471,1435.3600019600606,1442.843328749072,1390.862472038107,0.4353600019600605,2767,2001-01-02,2011-12-30,30,1.0,25.0,0,0,25
multi_scale_sma200_recovery_or_trend_break__mr_30m__sma_distance_10__entry_m0p06__exit_0p01__shared_hours_3,mr_30m__sma_distance_10__entry_m0p06__exit_0p01__shared_hours_3,200,daily_sessions,17,recovery_or_trend_break,multi_scale_sma200_recovery_or_trend_break,928,0,0,0,0,SMA_DISTANCE,10,daily_sessions,-0.06,0.01,3.0,3.0,3.0,7,7,0.19225079512415968,0.03335240850887877,-0.03468663776113523,0.01525230193707156,0.0037729582172123704,1.9974064937645886,0.1816135067272602,1,0.09092466020022108,0.09092466020022108,2,363.5,0.2497557966960211,6.244186409563669,0.007478940008691552,1434.518583547482,1441.9975235561735,1390.862472038107,0.4345185835474821,2767,2001-01-02,2011-12-30,30,1.0,25.0,0,0,25
multi_scale_sma200_recovery_or_trend_break__mr_30m__zscore_10__entry_m1p5__exit_0__shared_hours_3,mr_30m__zscore_10__entry_m1p5__exit_0__shared_hours_3,200,daily_sessions,17,recovery_or_trend_break,multi_scale_sma200_recovery_or_trend_break,1694,19,0,0,0,ZSCORE,10,daily_sessions,-1.5,0.0,3.0,3.0,3.0,7,7,0.18712669590122286,0.04090083410728029,-0.103223068547864,0.06548442799046694,0.09573038139573506,119.84438962587524,10.896810403635605,60,5.4554796120132645,5.4554796120132645,120,153.71666666666667,15.98010825789333,399.5064167164282,0.5690307659582441,1554.068402684774,2123.099168643018,1390.862472038107,0.554068402684774,2767,2001-01-02,2011-12-30,30,1.0,25.0,0,0,25
multi_scale_sma200_recovery_or_trend_break__mr_30m__zscore_10__entry_m1p5__exit_m0p5__shared_hours_3,mr_30m__zscore_10__entry_m1p5__exit_m0p5__shared_hours_3,200,daily_sessions,17,recovery_or_trend_break,multi_scale_sma200_recovery_or_trend_break,1694,19,0,0,0,ZSCORE,10,daily_sessions,-1.5,-0.5,3.0,3.0,3.0,7,7,0.038856793910913394,0.031042033135212588,-0.10242575942834375,0.057855046181800186,0.07230897777224203,129.83142209469818,11.804877937271907,65,5.91010291301437,5.91010291301437,130,107.17692307692307,16.29061877411533,407.2683122647743,0.56285161235595,1399.6358952471185,1962.4875076030685,1390.862472038107,0.3996358952471184,2767,2001-01-02,2011-12-30,30,1.0,25.0,0,0,25
multi_scale_sma200_recovery_or_trend_break__mr_30m__zscore_10__entry_m2__exit_0__shared_hours_3,mr_30m__zscore_10__entry_m2__exit_0__shared_hours_3,200,daily_sessions,17,recovery_or_trend_break,multi_scale_sma200_recovery_or_trend_break,127,5,1,0,0,ZSCORE,10,daily_sessions,-2.0,0.0,3.0,3.0,3.0,7,7,0.02542218721547016,0.030609000356545346,-0.0650894061179298,0.044067930984877574,0.03675390659463275,37.95072338152719,3.4506566278179447,19,1.7275685438042006,1.7275685438042006,38,186.3684210526316,4.60151892559514,115.03889411142521,0.1446762377870498,1393.1843144383647,1537.8605522254145,1390.862472038107,0.39318431443836466,2767,2001-01-02,2011-12-30,30,1.0,25.0,0,0,25
multi_scale_sma200_recovery_or_trend_break__mr_30m__zscore_50__entry_m2p5__exit_0__shared_hours_3,mr_30m__zscore_50__entry_m2p5__exit_0__shared_hours_3,200,daily_sessions,17,recovery_or_trend_break,multi_scale_sma200_recovery_or_trend_break,316,3,0,0,0,ZSCORE,50,daily_sessions,-2.5,0.0,3.0,3.0,3.0,7,7,0.2928896596127246,0.035716035890366316,-0.03226652675760744,0.017988459402199855,0.011448618744388569,7.989625975058356,0.726454026909041,4,0.3636986408008843,0.3636986408008843,8,275.75,1.0140787517371432,25.352611165663262,0.030917737356411408,1471.0214245635332,1501.9391619199446,1390.862472038107,0.47102142456353313,2767,2001-01-02,2011-12-30,30,1.0,25.0,0,0,25
multi_scale_sma200_recovery_or_trend_break__mr_30m__zscore_50__entry_m2p5__exit_0p5__shared_hours_3,mr_30m__zscore_50__entry_m2p5__exit_0p5__shared_hours_3,200,daily_sessions,17,recovery_or_trend_break,multi_scale_sma200_recovery_or_trend_break,316,4,0,0,0,ZSCORE,50,daily_sessions,-2.5,0.5,3.0,3.0,3.0,7,7,0.07684918052202543,0.03177937032413802,-0.04223504721930749,0.019172218095675493,0.014930950193837675,7.989625975058356,0.726454026909041,4,0.3636986408008843,0.3636986408008843,8,359.625,0.9772449194362888,24.431458199915618,0.029649567068461693,1410.683708318596,1440.3332753870577,1390.862472038107,0.4106837083185959,2767,2001-01-02,2011-12-30,30,1.0,25.0,0,0,25
