name,family,source_segment,tax_timing,year,tax_payment_timestamp,tax_paid_pct_initial_capital,cash_interest_earned_pct_initial_capital,positive_tax_payment
preferred_q110_best_robustness_bear_filter_macd_slow24,current_preferred,official_start,annual_net_eoy,2002,2002-12-31 15:00:00,0.006169100610435654,0.025704585876815202,True
preferred_q110_best_robustness_bear_filter_macd_slow24,current_preferred,official_start,annual_net_eoy,2003,2003-12-31 15:00:00,0.0016356587152117294,0.006815244646715542,True
preferred_q110_best_robustness_bear_filter_macd_slow24,current_preferred,official_start,annual_net_eoy,2004,2004-12-31 15:00:00,0.19032206963418638,0.019913218736166197,True
preferred_q110_best_robustness_bear_filter_macd_slow24,current_preferred,official_start,annual_net_eoy,2005,2005-12-30 15:00:00,0.0026160670677117656,0.010900279448799033,True
preferred_q110_best_robustness_bear_filter_macd_slow24,current_preferred,official_start,annual_net_eoy,2006,2006-12-29 15:00:00,0.0034485890239388767,0.01436912093307864,True
preferred_q110_best_robustness_bear_filter_macd_slow24,current_preferred,official_start,annual_net_eoy,2007,2007-12-31 15:00:00,0.011937106216034188,0.0007369591550589311,True
preferred_q110_best_robustness_bear_filter_macd_slow24,current_preferred,official_start,annual_net_eoy,2008,2008-12-31 15:00:00,0.011238644040781955,0.04682768350325819,True
preferred_q110_best_robustness_bear_filter_macd_slow24,current_preferred,official_start,annual_net_eoy,2009,2009-12-31 15:00:00,0.0047883859806501575,0.01995160825270898,True
preferred_q110_best_robustness_bear_filter_macd_slow24,current_preferred,official_start,annual_net_eoy,2010,2010-12-31 15:00:00,0.03835276252147853,0.009960153008613313,True
preferred_q110_best_robustness_bear_filter_macd_slow24,current_preferred,official_start,annual_net_eoy,2011,2011-12-30 15:00:00,0.16254877457199768,0.02869110720706529,True
preferred_q110_best_robustness_bear_filter_macd_slow24,current_preferred,official_start,annual_net_eoy,2012,2012-12-31 15:00:00,0.09843142548334262,0.012009401723045402,True
preferred_q110_best_robustness_bear_filter_macd_slow24,current_preferred,official_start,annual_net_eoy,2013,2013-12-31 15:00:00,0.600997688316515,0.005277757317912638,True
preferred_q110_best_robustness_bear_filter_macd_slow24,current_preferred,official_start,annual_net_eoy,2014,2014-12-31 15:00:00,0.00018226166496427635,0.000759423604017818,True
preferred_q110_best_robustness_bear_filter_macd_slow24,current_preferred,official_start,annual_net_eoy,2015,2015-12-31 15:00:00,1.1256470914576857,0.0795365047250756,True
preferred_q110_best_robustness_bear_filter_macd_slow24,current_preferred,official_start,annual_net_eoy,2016,2016-12-30 15:00:00,0.02525281354927029,0.10522005645529288,True
preferred_q110_best_robustness_bear_filter_macd_slow24,current_preferred,official_start,annual_net_eoy,2017,2017-12-29 15:00:00,2.07066936096494,0.024666235697602134,True
preferred_q110_best_robustness_bear_filter_macd_slow24,current_preferred,official_start,annual_net_eoy,2018,2018-12-31 15:00:00,2.9634114845823265,0.31291328242265787,True
preferred_q110_best_robustness_bear_filter_macd_slow24,current_preferred,official_start,annual_net_eoy,2019,2019-12-31 15:00:00,0.029350882641985748,0.12229534434160724,True
preferred_q110_best_robustness_bear_filter_macd_slow24,current_preferred,official_start,annual_net_eoy,2020,2020-12-31 15:00:00,12.011980111600831,0.2741960693673412,True
preferred_q110_best_robustness_bear_filter_macd_slow24,current_preferred,official_start,annual_net_eoy,2021,2021-12-31 15:00:00,8.032110742581164,1.3150594660718553,True
preferred_q110_best_robustness_bear_filter_macd_slow24,current_preferred,official_start,annual_net_eoy,2022,2022-12-30 15:00:00,6.21762127293781,3.3989422136308303,True
preferred_q110_best_robustness_bear_filter_macd_slow24,current_preferred,official_start,annual_net_eoy,2023,2023-12-29 15:00:00,15.550172871136079,0.45505253395987144,True
preferred_q110_best_robustness_bear_filter_macd_slow24,current_preferred,official_start,annual_net_eoy,2024,2024-12-31 15:00:00,43.49097076228415,2.1335324491002337,True
preferred_q110_best_robustness_bear_filter_macd_slow24,current_preferred,official_start,annual_net_eoy,2025,2025-12-31 15:00:00,29.30344300363713,3.9932233484262434,True
preferred_q110_best_robustness_bear_filter_macd_slow24,current_preferred,official_start,annual_net_eoy,2026,2026-06-01 15:00:00,169.37777977027028,0.9791636086109441,True
macd_standard_12_26_9,retained_macd_option,official_start,annual_net_eoy,2002,2002-12-31 15:00:00,0.006169100610435654,0.025704585876815202,True
macd_standard_12_26_9,retained_macd_option,official_start,annual_net_eoy,2003,2003-12-31 15:00:00,0.0016356587152117294,0.006815244646715542,True
macd_standard_12_26_9,retained_macd_option,official_start,annual_net_eoy,2004,2004-12-31 15:00:00,0.19115531840618394,0.01955599845932625,True
macd_standard_12_26_9,retained_macd_option,official_start,annual_net_eoy,2005,2005-12-30 15:00:00,0.002708379693908784,0.011284915391286603,True
macd_standard_12_26_9,retained_macd_option,official_start,annual_net_eoy,2006,2006-12-29 15:00:00,0.0035502874680799195,0.014792864450333003,True
macd_standard_12_26_9,retained_macd_option,official_start,annual_net_eoy,2007,2007-12-31 15:00:00,0.022827372418210857,0.0009311674939333741,True
macd_standard_12_26_9,retained_macd_option,official_start,annual_net_eoy,2008,2008-12-31 15:00:00,0.011603182938183838,0.04834659557576603,True
macd_standard_12_26_9,retained_macd_option,official_start,annual_net_eoy,2009,2009-12-31 15:00:00,0.004872711758009018,0.020302965658370947,True
macd_standard_12_26_9,retained_macd_option,official_start,annual_net_eoy,2010,2010-12-31 15:00:00,0.03563516939670598,0.010277836051362814,True
macd_standard_12_26_9,retained_macd_option,official_start,annual_net_eoy,2011,2011-12-30 15:00:00,0.1407059269379739,0.02879257162459838,True
macd_standard_12_26_9,retained_macd_option,official_start,annual_net_eoy,2012,2012-12-31 15:00:00,0.06852872784846074,0.01068634820635851,True
macd_standard_12_26_9,retained_macd_option,official_start,annual_net_eoy,2013,2013-12-31 15:00:00,0.5646965650471041,0.007424667508249127,True
macd_standard_12_26_9,retained_macd_option,official_start,annual_net_eoy,2014,2014-12-31 15:00:00,0.30455995033822325,0.007020027634164088,True
macd_standard_12_26_9,retained_macd_option,official_start,annual_net_eoy,2015,2015-12-31 15:00:00,0.7233073243388923,0.08018523324610309,True
macd_standard_12_26_9,retained_macd_option,official_start,annual_net_eoy,2016,2016-12-30 15:00:00,0.023853908711380663,0.0993912862974195,True
macd_standard_12_26_9,retained_macd_option,official_start,annual_net_eoy,2017,2017-12-29 15:00:00,1.6949913681404838,0.021682139033173554,True
macd_standard_12_26_9,retained_macd_option,official_start,annual_net_eoy,2018,2018-12-31 15:00:00,2.62182753448128,0.2767954146929296,True
macd_standard_12_26_9,retained_macd_option,official_start,annual_net_eoy,2019,2019-12-31 15:00:00,0.026123391524107493,0.10884746468378129,True
macd_standard_12_26_9,retained_macd_option,official_start,annual_net_eoy,2020,2020-12-31 15:00:00,10.625445086005945,0.24254740321481635,True
macd_standard_12_26_9,retained_macd_option,official_start,annual_net_eoy,2021,2021-12-31 15:00:00,7.105022417929738,1.1632716837204164,True
macd_standard_12_26_9,retained_macd_option,official_start,annual_net_eoy,2022,2022-12-30 15:00:00,5.499966315980324,3.0066269501326826,True
macd_standard_12_26_9,retained_macd_option,official_start,annual_net_eoy,2023,2023-12-29 15:00:00,13.755329127421886,0.4025291182777724,True
macd_standard_12_26_9,retained_macd_option,official_start,annual_net_eoy,2024,2024-12-31 15:00:00,38.47112323855435,1.887274262775709,True
macd_standard_12_26_9,retained_macd_option,official_start,annual_net_eoy,2025,2025-12-31 15:00:00,25.921158975014475,3.532314521008641,True
macd_standard_12_26_9,retained_macd_option,official_start,annual_net_eoy,2026,2026-06-01 15:00:00,149.82773033582586,0.8661458504450464,True
macd_signal_8d,retained_macd_option,official_start,annual_net_eoy,2002,2002-12-31 15:00:00,0.006169100610435654,0.025704585876815202,True
macd_signal_8d,retained_macd_option,official_start,annual_net_eoy,2003,2003-12-31 15:00:00,0.0016356587152117294,0.006815244646715542,True
macd_signal_8d,retained_macd_option,official_start,annual_net_eoy,2004,2004-12-31 15:00:00,0.1911383194311773,0.019485169396798497,True
macd_signal_8d,retained_macd_option,official_start,annual_net_eoy,2005,2005-12-30 15:00:00,0.0027188778656433007,0.011328657773513755,True
macd_signal_8d,retained_macd_option,official_start,annual_net_eoy,2006,2006-12-29 15:00:00,0.0035841177317709884,0.014933823882379104,True
macd_signal_8d,retained_macd_option,official_start,annual_net_eoy,2007,2007-12-31 15:00:00,0.02666277587550858,0.0009052153143345603,True
macd_signal_8d,retained_macd_option,official_start,annual_net_eoy,2008,2008-12-31 15:00:00,0.011460078253658315,0.047750326056909695,True
macd_signal_8d,retained_macd_option,official_start,annual_net_eoy,2009,2009-12-31 15:00:00,0.004797746217398448,0.019990609239160195,True
macd_signal_8d,retained_macd_option,official_start,annual_net_eoy,2010,2010-12-31 15:00:00,0.03141351193009974,0.010176138265591281,True
macd_signal_8d,retained_macd_option,official_start,annual_net_eoy,2011,2011-12-30 15:00:00,0.15477325416477206,0.028592650076533638,True
macd_signal_8d,retained_macd_option,official_start,annual_net_eoy,2012,2012-12-31 15:00:00,0.09867435165853536,0.012039040611363905,True
macd_signal_8d,retained_macd_option,official_start,annual_net_eoy,2013,2013-12-31 15:00:00,0.5966706919007488,0.007419969601453144,True
macd_signal_8d,retained_macd_option,official_start,annual_net_eoy,2014,2014-12-31 15:00:00,0.00018247218115314284,0.0007603007548047618,True
macd_signal_8d,retained_macd_option,official_start,annual_net_eoy,2015,2015-12-31 15:00:00,1.1108452118506271,0.07803067430993987,True
macd_signal_8d,retained_macd_option,official_start,annual_net_eoy,2016,2016-12-30 15:00:00,0.025124779521990565,0.1046865813416273,True
macd_signal_8d,retained_macd_option,official_start,annual_net_eoy,2017,2017-12-29 15:00:00,2.042188623614127,0.024393765947539246,True
macd_signal_8d,retained_macd_option,official_start,annual_net_eoy,2018,2018-12-31 15:00:00,3.1348071588102377,0.2735563544026431,True
macd_signal_8d,retained_macd_option,official_start,annual_net_eoy,2019,2019-12-31 15:00:00,0.029334287975430355,0.12222619989762647,True
macd_signal_8d,retained_macd_option,official_start,annual_net_eoy,2020,2020-12-31 15:00:00,11.922777725047526,0.2741824500882076,True
macd_signal_8d,retained_macd_option,official_start,annual_net_eoy,2021,2021-12-31 15:00:00,8.03913236440362,1.3162090829709177,True
macd_signal_8d,retained_macd_option,official_start,annual_net_eoy,2022,2022-12-30 15:00:00,6.223056679222967,3.4019135480142113,True
macd_signal_8d,retained_macd_option,official_start,annual_net_eoy,2023,2023-12-29 15:00:00,15.563766736643547,0.4554503380869854,True
macd_signal_8d,retained_macd_option,official_start,annual_net_eoy,2024,2024-12-31 15:00:00,43.52899030150291,2.135397570048358,True
macd_signal_8d,retained_macd_option,official_start,annual_net_eoy,2025,2025-12-31 15:00:00,29.329059893326907,3.996714199723508,True
macd_signal_8d,retained_macd_option,official_start,annual_net_eoy,2026,2026-06-01 15:00:00,168.27529472776854,0.9679111165611359,True
macd_slow_24d,retained_macd_option,official_start,annual_net_eoy,2002,2002-12-31 15:00:00,0.006169100610435654,0.025704585876815202,True
macd_slow_24d,retained_macd_option,official_start,annual_net_eoy,2003,2003-12-31 15:00:00,0.0016356587152117294,0.006815244646715542,True
macd_slow_24d,retained_macd_option,official_start,annual_net_eoy,2004,2004-12-31 15:00:00,0.19032206963418638,0.019913218736166197,True
macd_slow_24d,retained_macd_option,official_start,annual_net_eoy,2005,2005-12-30 15:00:00,0.0026160670677117656,0.010900279448799033,True
macd_slow_24d,retained_macd_option,official_start,annual_net_eoy,2006,2006-12-29 15:00:00,0.0034485890239388767,0.01436912093307864,True
macd_slow_24d,retained_macd_option,official_start,annual_net_eoy,2007,2007-12-31 15:00:00,0.011937106216034188,0.0007369591550589311,True
macd_slow_24d,retained_macd_option,official_start,annual_net_eoy,2008,2008-12-31 15:00:00,0.011238644040781955,0.04682768350325819,True
macd_slow_24d,retained_macd_option,official_start,annual_net_eoy,2009,2009-12-31 15:00:00,0.0047883859806501575,0.01995160825270898,True
macd_slow_24d,retained_macd_option,official_start,annual_net_eoy,2010,2010-12-31 15:00:00,0.03835276252147853,0.009960153008613313,True
macd_slow_24d,retained_macd_option,official_start,annual_net_eoy,2011,2011-12-30 15:00:00,0.16254877457199768,0.02869110720706529,True
macd_slow_24d,retained_macd_option,official_start,annual_net_eoy,2012,2012-12-31 15:00:00,0.09843142548334262,0.012009401723045402,True
macd_slow_24d,retained_macd_option,official_start,annual_net_eoy,2013,2013-12-31 15:00:00,0.600997688316515,0.005277757317912638,True
macd_slow_24d,retained_macd_option,official_start,annual_net_eoy,2014,2014-12-31 15:00:00,0.00018226166496427635,0.000759423604017818,True
macd_slow_24d,retained_macd_option,official_start,annual_net_eoy,2015,2015-12-31 15:00:00,1.1256470914576857,0.0795365047250756,True
macd_slow_24d,retained_macd_option,official_start,annual_net_eoy,2016,2016-12-30 15:00:00,0.02525281354927029,0.10522005645529288,True
macd_slow_24d,retained_macd_option,official_start,annual_net_eoy,2017,2017-12-29 15:00:00,2.07066936096494,0.024666235697602134,True
macd_slow_24d,retained_macd_option,official_start,annual_net_eoy,2018,2018-12-31 15:00:00,2.9634114845823265,0.31291328242265787,True
macd_slow_24d,retained_macd_option,official_start,annual_net_eoy,2019,2019-12-31 15:00:00,0.029350882641985748,0.12229534434160724,True
macd_slow_24d,retained_macd_option,official_start,annual_net_eoy,2020,2020-12-31 15:00:00,12.011980111600831,0.2741960693673412,True
macd_slow_24d,retained_macd_option,official_start,annual_net_eoy,2021,2021-12-31 15:00:00,8.032110742581164,1.3150594660718553,True
macd_slow_24d,retained_macd_option,official_start,annual_net_eoy,2022,2022-12-30 15:00:00,6.21762127293781,3.3989422136308303,True
macd_slow_24d,retained_macd_option,official_start,annual_net_eoy,2023,2023-12-29 15:00:00,15.550172871136079,0.45505253395987144,True
macd_slow_24d,retained_macd_option,official_start,annual_net_eoy,2024,2024-12-31 15:00:00,43.49097076228415,2.1335324491002337,True
macd_slow_24d,retained_macd_option,official_start,annual_net_eoy,2025,2025-12-31 15:00:00,29.30344300363713,3.9932233484262434,True
macd_slow_24d,retained_macd_option,official_start,annual_net_eoy,2026,2026-06-01 15:00:00,169.37777977027028,0.9791636086109441,True
long_ma_150d,trend_gate_long_ma,official_start,annual_net_eoy,2002,2002-12-31 15:00:00,0.0045998597715290945,0.019166082381371217,True
long_ma_150d,trend_gate_long_ma,official_start,annual_net_eoy,2003,2003-12-31 15:00:00,0.0007316083522744045,0.0030483681344766855,True
long_ma_150d,trend_gate_long_ma,official_start,annual_net_eoy,2004,2004-12-31 15:00:00,0.0027721955161196486,0.011550814650498528,True
long_ma_150d,trend_gate_long_ma,official_start,annual_net_eoy,2005,2005-12-30 15:00:00,0.0021376552899406718,0.008906897041419466,True
long_ma_150d,trend_gate_long_ma,official_start,annual_net_eoy,2006,2006-12-29 15:00:00,0.014411716931136426,0.011698699419246705,True
long_ma_150d,trend_gate_long_ma,official_start,annual_net_eoy,2007,2007-12-31 15:00:00,0.08368773663573657,0.0006660087119342938,True
long_ma_150d,trend_gate_long_ma,official_start,annual_net_eoy,2008,2008-12-31 15:00:00,0.007627894674009967,0.031782894475041575,True
long_ma_150d,trend_gate_long_ma,official_start,annual_net_eoy,2009,2009-12-31 15:00:00,0.0023365492229632263,0.009735621762346781,True
long_ma_150d,trend_gate_long_ma,official_start,annual_net_eoy,2010,2010-12-31 15:00:00,0.1665510059847722,0.015400147087351575,True
long_ma_150d,trend_gate_long_ma,official_start,annual_net_eoy,2011,2011-12-30 15:00:00,0.2818156828291111,0.04119155667330102,True
long_ma_150d,trend_gate_long_ma,official_start,annual_net_eoy,2012,2012-12-31 15:00:00,0.005844434044379306,0.022690188390504254,True
long_ma_150d,trend_gate_long_ma,official_start,annual_net_eoy,2013,2013-12-31 15:00:00,0.6372398589697311,0.0056595535305043,True
long_ma_150d,trend_gate_long_ma,official_start,annual_net_eoy,2014,2014-12-31 15:00:00,0.273947368036341,0.010923483417642148,True
long_ma_150d,trend_gate_long_ma,official_start,annual_net_eoy,2015,2015-12-31 15:00:00,0.24892241623179678,0.0402075762059765,True
long_ma_150d,trend_gate_long_ma,official_start,annual_net_eoy,2016,2016-12-30 15:00:00,0.01596361806882912,0.06651507528678795,True
long_ma_150d,trend_gate_long_ma,official_start,annual_net_eoy,2017,2017-12-29 15:00:00,0.5257949425366442,0.00790503153147709,True
long_ma_150d,trend_gate_long_ma,official_start,annual_net_eoy,2018,2018-12-31 15:00:00,1.9043016884256365,0.14715373813150637,True
long_ma_150d,trend_gate_long_ma,official_start,annual_net_eoy,2019,2019-12-31 15:00:00,0.02184482779181598,0.0910201157992333,True
long_ma_150d,trend_gate_long_ma,official_start,annual_net_eoy,2020,2020-12-31 15:00:00,1.4105939678645205,0.050479706546799605,True
long_ma_150d,trend_gate_long_ma,official_start,annual_net_eoy,2021,2021-12-31 15:00:00,4.461330016880866,0.35253267242079733,True
long_ma_150d,trend_gate_long_ma,official_start,annual_net_eoy,2022,2022-12-30 15:00:00,1.6088687714847563,1.2884859179489527,True
long_ma_150d,trend_gate_long_ma,official_start,annual_net_eoy,2023,2023-12-29 15:00:00,6.664541322533067,0.23078246827894636,True
long_ma_150d,trend_gate_long_ma,official_start,annual_net_eoy,2024,2024-12-31 15:00:00,6.820508733292754,0.23581626858798083,True
long_ma_150d,trend_gate_long_ma,official_start,annual_net_eoy,2025,2025-12-31 15:00:00,0.8643826978018897,0.5650357068825109,True
long_ma_150d,trend_gate_long_ma,official_start,annual_net_eoy,2026,2026-06-01 15:00:00,27.17610477921274,0.3193791400354865,True
long_ma_200d,trend_gate_long_ma,official_start,annual_net_eoy,2002,2002-12-31 15:00:00,0.006169100610435654,0.025704585876815202,True
long_ma_200d,trend_gate_long_ma,official_start,annual_net_eoy,2003,2003-12-31 15:00:00,0.0016356587152117294,0.006815244646715542,True
long_ma_200d,trend_gate_long_ma,official_start,annual_net_eoy,2004,2004-12-31 15:00:00,0.19032206963418638,0.019913218736166197,True
long_ma_200d,trend_gate_long_ma,official_start,annual_net_eoy,2005,2005-12-30 15:00:00,0.0026160670677117656,0.010900279448799033,True
long_ma_200d,trend_gate_long_ma,official_start,annual_net_eoy,2006,2006-12-29 15:00:00,0.0034485890239388767,0.01436912093307864,True
long_ma_200d,trend_gate_long_ma,official_start,annual_net_eoy,2007,2007-12-31 15:00:00,0.011937106216034188,0.0007369591550589311,True
long_ma_200d,trend_gate_long_ma,official_start,annual_net_eoy,2008,2008-12-31 15:00:00,0.011238644040781955,0.04682768350325819,True
long_ma_200d,trend_gate_long_ma,official_start,annual_net_eoy,2009,2009-12-31 15:00:00,0.0047883859806501575,0.01995160825270898,True
long_ma_200d,trend_gate_long_ma,official_start,annual_net_eoy,2010,2010-12-31 15:00:00,0.03835276252147853,0.009960153008613313,True
long_ma_200d,trend_gate_long_ma,official_start,annual_net_eoy,2011,2011-12-30 15:00:00,0.16254877457199768,0.02869110720706529,True
long_ma_200d,trend_gate_long_ma,official_start,annual_net_eoy,2012,2012-12-31 15:00:00,0.09843142548334262,0.012009401723045402,True
long_ma_200d,trend_gate_long_ma,official_start,annual_net_eoy,2013,2013-12-31 15:00:00,0.600997688316515,0.005277757317912638,True
long_ma_200d,trend_gate_long_ma,official_start,annual_net_eoy,2014,2014-12-31 15:00:00,0.00018226166496427635,0.000759423604017818,True
long_ma_200d,trend_gate_long_ma,official_start,annual_net_eoy,2015,2015-12-31 15:00:00,1.1256470914576857,0.0795365047250756,True
long_ma_200d,trend_gate_long_ma,official_start,annual_net_eoy,2016,2016-12-30 15:00:00,0.02525281354927029,0.10522005645529288,True
long_ma_200d,trend_gate_long_ma,official_start,annual_net_eoy,2017,2017-12-29 15:00:00,2.07066936096494,0.024666235697602134,True
long_ma_200d,trend_gate_long_ma,official_start,annual_net_eoy,2018,2018-12-31 15:00:00,2.9634114845823265,0.31291328242265787,True
long_ma_200d,trend_gate_long_ma,official_start,annual_net_eoy,2019,2019-12-31 15:00:00,0.029350882641985748,0.12229534434160724,True
long_ma_200d,trend_gate_long_ma,official_start,annual_net_eoy,2020,2020-12-31 15:00:00,12.011980111600831,0.2741960693673412,True
long_ma_200d,trend_gate_long_ma,official_start,annual_net_eoy,2021,2021-12-31 15:00:00,8.032110742581164,1.3150594660718553,True
long_ma_200d,trend_gate_long_ma,official_start,annual_net_eoy,2022,2022-12-30 15:00:00,6.21762127293781,3.3989422136308303,True
long_ma_200d,trend_gate_long_ma,official_start,annual_net_eoy,2023,2023-12-29 15:00:00,15.550172871136079,0.45505253395987144,True
long_ma_200d,trend_gate_long_ma,official_start,annual_net_eoy,2024,2024-12-31 15:00:00,43.49097076228415,2.1335324491002337,True
long_ma_200d,trend_gate_long_ma,official_start,annual_net_eoy,2025,2025-12-31 15:00:00,29.30344300363713,3.9932233484262434,True
long_ma_200d,trend_gate_long_ma,official_start,annual_net_eoy,2026,2026-06-01 15:00:00,169.37777977027028,0.9791636086109441,True
long_ma_250d,trend_gate_long_ma,official_start,annual_net_eoy,2002,2002-12-31 15:00:00,0.006977798964589875,0.02907416235245786,True
long_ma_250d,trend_gate_long_ma,official_start,annual_net_eoy,2003,2003-12-31 15:00:00,0.0022207389931435213,0.009253079138098006,True
long_ma_250d,trend_gate_long_ma,official_start,annual_net_eoy,2004,2004-12-31 15:00:00,0.160353509912087,0.014478407432755823,True
long_ma_250d,trend_gate_long_ma,official_start,annual_net_eoy,2005,2005-12-30 15:00:00,0.0015452519829190295,0.006438549928829288,True
long_ma_250d,trend_gate_long_ma,official_start,annual_net_eoy,2006,2006-12-29 15:00:00,0.003726399399169812,0.015526664163207547,True
long_ma_250d,trend_gate_long_ma,official_start,annual_net_eoy,2007,2007-12-31 15:00:00,0.1987065442503869,0.0038871408837942013,True
long_ma_250d,trend_gate_long_ma,official_start,annual_net_eoy,2008,2008-12-31 15:00:00,0.013550376855468773,0.05645990356445318,True
long_ma_250d,trend_gate_long_ma,official_start,annual_net_eoy,2009,2009-12-31 15:00:00,0.0060863981678335646,0.025359992365973215,True
long_ma_250d,trend_gate_long_ma,official_start,annual_net_eoy,2010,2010-12-31 15:00:00,0.25325884418911315,0.009716805053794133,True
long_ma_250d,trend_gate_long_ma,official_start,annual_net_eoy,2011,2011-12-30 15:00:00,0.007571676882153889,0.03154865367564121,True
long_ma_250d,trend_gate_long_ma,official_start,annual_net_eoy,2012,2012-12-31 15:00:00,0.15801773547846232,0.005398947499633586,True
long_ma_250d,trend_gate_long_ma,official_start,annual_net_eoy,2013,2013-12-31 15:00:00,0.8258630193983806,0.007334782815854969,True
long_ma_250d,trend_gate_long_ma,official_start,annual_net_eoy,2014,2014-12-31 15:00:00,0.00025045399445032274,0.0010435583102096782,True
long_ma_250d,trend_gate_long_ma,official_start,annual_net_eoy,2015,2015-12-31 15:00:00,1.371480895157883,0.09714328856927838,True
long_ma_250d,trend_gate_long_ma,official_start,annual_net_eoy,2016,2016-12-30 15:00:00,0.029574003188836004,0.12322501328681669,True
long_ma_250d,trend_gate_long_ma,official_start,annual_net_eoy,2017,2017-12-29 15:00:00,1.550280166646615,0.01589482323940491,True
long_ma_250d,trend_gate_long_ma,official_start,annual_net_eoy,2018,2018-12-31 15:00:00,3.5376483047086853,0.3330254238164695,True
long_ma_250d,trend_gate_long_ma,official_start,annual_net_eoy,2019,2019-12-31 15:00:00,0.026623384446456785,0.1109307685269033,True
long_ma_250d,trend_gate_long_ma,official_start,annual_net_eoy,2020,2020-12-31 15:00:00,21.94619052705859,0.5442860474588902,True
long_ma_250d,trend_gate_long_ma,official_start,annual_net_eoy,2021,2021-12-31 15:00:00,9.799383111159443,1.7943392771323685,True
long_ma_250d,trend_gate_long_ma,official_start,annual_net_eoy,2022,2022-12-30 15:00:00,0.7644274178036763,3.1851142408486486,True
long_ma_250d,trend_gate_long_ma,official_start,annual_net_eoy,2023,2023-12-29 15:00:00,1.0496465807685813,0.5964067744027498,True
long_ma_250d,trend_gate_long_ma,official_start,annual_net_eoy,2024,2024-12-31 15:00:00,36.190361199008635,1.5360174022701965,True
long_ma_250d,trend_gate_long_ma,official_start,annual_net_eoy,2025,2025-12-31 15:00:00,4.711223019686259,2.3743440953693358,True
long_ma_250d,trend_gate_long_ma,official_start,annual_net_eoy,2026,2026-06-01 15:00:00,109.8049434955167,0.3549750741167838,True
entry_confirm_1bar,entry_confirmation,official_start,annual_net_eoy,2002,2002-12-31 15:00:00,0.006169100610435654,0.025704585876815202,True
entry_confirm_1bar,entry_confirmation,official_start,annual_net_eoy,2003,2003-12-31 15:00:00,0.0016356587152117294,0.006815244646715542,True
entry_confirm_1bar,entry_confirmation,official_start,annual_net_eoy,2004,2004-12-31 15:00:00,0.1887603138711691,0.019460307464627284,True
entry_confirm_1bar,entry_confirmation,official_start,annual_net_eoy,2005,2005-12-30 15:00:00,0.002565489355646749,0.010689538981861445,True
entry_confirm_1bar,entry_confirmation,official_start,annual_net_eoy,2006,2006-12-29 15:00:00,0.003421416080574362,0.014255900335726504,True
entry_confirm_1bar,entry_confirmation,official_start,annual_net_eoy,2007,2007-12-31 15:00:00,0.020353713622070318,0.0007147585421767162,True
entry_confirm_1bar,entry_confirmation,official_start,annual_net_eoy,2008,2008-12-31 15:00:00,0.011288541025172643,0.047035587604886124,True
entry_confirm_1bar,entry_confirmation,official_start,annual_net_eoy,2009,2009-12-31 15:00:00,0.004757775161964713,0.019824063174852993,True
entry_confirm_1bar,entry_confirmation,official_start,annual_net_eoy,2010,2010-12-31 15:00:00,0.06132148292567087,0.009866057346550628,True
entry_confirm_1bar,entry_confirmation,official_start,annual_net_eoy,2011,2011-12-30 15:00:00,0.15188251974937403,0.029484205759409535,True
entry_confirm_1bar,entry_confirmation,official_start,annual_net_eoy,2012,2012-12-31 15:00:00,0.10458803327440161,0.01189162631873168,True
entry_confirm_1bar,entry_confirmation,official_start,annual_net_eoy,2013,2013-12-31 15:00:00,0.6118153399851196,0.005352534704857791,True
entry_confirm_1bar,entry_confirmation,official_start,annual_net_eoy,2014,2014-12-31 15:00:00,0.0001865944581844343,0.0007774769091018097,True
entry_confirm_1bar,entry_confirmation,official_start,annual_net_eoy,2015,2015-12-31 15:00:00,1.1543507133271298,0.07941165381475239,True
entry_confirm_1bar,entry_confirmation,official_start,annual_net_eoy,2016,2016-12-30 15:00:00,0.025570180592939088,0.10654241913724628,True
entry_confirm_1bar,entry_confirmation,official_start,annual_net_eoy,2017,2017-12-29 15:00:00,2.06587294301136,0.028725215483120122,True
entry_confirm_1bar,entry_confirmation,official_start,annual_net_eoy,2018,2018-12-31 15:00:00,2.7618282553691356,0.31120439868387073,True
entry_confirm_1bar,entry_confirmation,official_start,annual_net_eoy,2019,2019-12-31 15:00:00,0.028444138692749532,0.1185172445531231,True
entry_confirm_1bar,entry_confirmation,official_start,annual_net_eoy,2020,2020-12-31 15:00:00,11.419038164659085,0.26164167462997867,True
entry_confirm_1bar,entry_confirmation,official_start,annual_net_eoy,2021,2021-12-31 15:00:00,7.550178813884241,1.2540180271896135,True
entry_confirm_1bar,entry_confirmation,official_start,annual_net_eoy,2022,2022-12-30 15:00:00,3.6054119956575206,2.998584189621014,True
entry_confirm_1bar,entry_confirmation,official_start,annual_net_eoy,2023,2023-12-29 15:00:00,13.8342053607361,0.4048373131857179,True
entry_confirm_1bar,entry_confirmation,official_start,annual_net_eoy,2024,2024-12-31 15:00:00,37.49845796994641,1.8817453267230384,True
entry_confirm_1bar,entry_confirmation,official_start,annual_net_eoy,2025,2025-12-31 15:00:00,26.708863496720937,3.486776580698998,True
entry_confirm_1bar,entry_confirmation,official_start,annual_net_eoy,2026,2026-06-01 15:00:00,148.69837146296328,0.8553056287102675,True
entry_confirm_2bar,entry_confirmation,official_start,annual_net_eoy,2002,2002-12-31 15:00:00,0.006169100610435654,0.025704585876815202,True
entry_confirm_2bar,entry_confirmation,official_start,annual_net_eoy,2003,2003-12-31 15:00:00,0.0016356587152117294,0.006815244646715542,True
entry_confirm_2bar,entry_confirmation,official_start,annual_net_eoy,2004,2004-12-31 15:00:00,0.19032206963418638,0.019913218736166197,True
entry_confirm_2bar,entry_confirmation,official_start,annual_net_eoy,2005,2005-12-30 15:00:00,0.0026160670677117656,0.010900279448799033,True
entry_confirm_2bar,entry_confirmation,official_start,annual_net_eoy,2006,2006-12-29 15:00:00,0.0034485890239388767,0.01436912093307864,True
entry_confirm_2bar,entry_confirmation,official_start,annual_net_eoy,2007,2007-12-31 15:00:00,0.011937106216034188,0.0007369591550589311,True
entry_confirm_2bar,entry_confirmation,official_start,annual_net_eoy,2008,2008-12-31 15:00:00,0.011238644040781955,0.04682768350325819,True
entry_confirm_2bar,entry_confirmation,official_start,annual_net_eoy,2009,2009-12-31 15:00:00,0.0047883859806501575,0.01995160825270898,True
entry_confirm_2bar,entry_confirmation,official_start,annual_net_eoy,2010,2010-12-31 15:00:00,0.03835276252147853,0.009960153008613313,True
entry_confirm_2bar,entry_confirmation,official_start,annual_net_eoy,2011,2011-12-30 15:00:00,0.16254877457199768,0.02869110720706529,True
entry_confirm_2bar,entry_confirmation,official_start,annual_net_eoy,2012,2012-12-31 15:00:00,0.09843142548334262,0.012009401723045402,True
entry_confirm_2bar,entry_confirmation,official_start,annual_net_eoy,2013,2013-12-31 15:00:00,0.600997688316515,0.005277757317912638,True
entry_confirm_2bar,entry_confirmation,official_start,annual_net_eoy,2014,2014-12-31 15:00:00,0.00018226166496427635,0.000759423604017818,True
entry_confirm_2bar,entry_confirmation,official_start,annual_net_eoy,2015,2015-12-31 15:00:00,1.1256470914576857,0.0795365047250756,True
entry_confirm_2bar,entry_confirmation,official_start,annual_net_eoy,2016,2016-12-30 15:00:00,0.02525281354927029,0.10522005645529288,True
entry_confirm_2bar,entry_confirmation,official_start,annual_net_eoy,2017,2017-12-29 15:00:00,2.07066936096494,0.024666235697602134,True
entry_confirm_2bar,entry_confirmation,official_start,annual_net_eoy,2018,2018-12-31 15:00:00,2.9634114845823265,0.31291328242265787,True
entry_confirm_2bar,entry_confirmation,official_start,annual_net_eoy,2019,2019-12-31 15:00:00,0.029350882641985748,0.12229534434160724,True
entry_confirm_2bar,entry_confirmation,official_start,annual_net_eoy,2020,2020-12-31 15:00:00,12.011980111600831,0.2741960693673412,True
entry_confirm_2bar,entry_confirmation,official_start,annual_net_eoy,2021,2021-12-31 15:00:00,8.032110742581164,1.3150594660718553,True
entry_confirm_2bar,entry_confirmation,official_start,annual_net_eoy,2022,2022-12-30 15:00:00,6.21762127293781,3.3989422136308303,True
entry_confirm_2bar,entry_confirmation,official_start,annual_net_eoy,2023,2023-12-29 15:00:00,15.550172871136079,0.45505253395987144,True
entry_confirm_2bar,entry_confirmation,official_start,annual_net_eoy,2024,2024-12-31 15:00:00,43.49097076228415,2.1335324491002337,True
entry_confirm_2bar,entry_confirmation,official_start,annual_net_eoy,2025,2025-12-31 15:00:00,29.30344300363713,3.9932233484262434,True
entry_confirm_2bar,entry_confirmation,official_start,annual_net_eoy,2026,2026-06-01 15:00:00,169.37777977027028,0.9791636086109441,True
entry_confirm_3bar,entry_confirmation,official_start,annual_net_eoy,2002,2002-12-31 15:00:00,0.006294352451047848,0.026226468546032652,True
entry_confirm_3bar,entry_confirmation,official_start,annual_net_eoy,2003,2003-12-31 15:00:00,0.0016676145859925615,0.006948394108302339,True
entry_confirm_3bar,entry_confirmation,official_start,annual_net_eoy,2004,2004-12-31 15:00:00,0.18573999874317898,0.019991280130738618,True
entry_confirm_3bar,entry_confirmation,official_start,annual_net_eoy,2005,2005-12-30 15:00:00,0.002747744284407676,0.01144893451836532,True
entry_confirm_3bar,entry_confirmation,official_start,annual_net_eoy,2006,2006-12-29 15:00:00,0.0035681981962549496,0.014867492484395632,True
entry_confirm_3bar,entry_confirmation,official_start,annual_net_eoy,2007,2007-12-31 15:00:00,0.028850546208991735,0.0007971872548085375,True
entry_confirm_3bar,entry_confirmation,official_start,annual_net_eoy,2008,2008-12-31 15:00:00,0.011443951634668012,0.04768313181111673,True
entry_confirm_3bar,entry_confirmation,official_start,annual_net_eoy,2009,2009-12-31 15:00:00,0.0048834278571015625,0.020347616071256527,True
entry_confirm_3bar,entry_confirmation,official_start,annual_net_eoy,2010,2010-12-31 15:00:00,0.031772070698763755,0.010232140291113703,True
entry_confirm_3bar,entry_confirmation,official_start,annual_net_eoy,2011,2011-12-30 15:00:00,0.14072939223537068,0.028283110685946047,True
entry_confirm_3bar,entry_confirmation,official_start,annual_net_eoy,2012,2012-12-31 15:00:00,0.10931280287022814,0.012042957124490083,True
entry_confirm_3bar,entry_confirmation,official_start,annual_net_eoy,2013,2013-12-31 15:00:00,0.6032039274052907,0.005325814852115739,True
entry_confirm_3bar,entry_confirmation,official_start,annual_net_eoy,2014,2014-12-31 15:00:00,0.00018219907719870408,0.000759162821661267,True
entry_confirm_3bar,entry_confirmation,official_start,annual_net_eoy,2015,2015-12-31 15:00:00,1.111154162697691,0.07936449624520069,True
entry_confirm_3bar,entry_confirmation,official_start,annual_net_eoy,2016,2016-12-30 15:00:00,0.024896949416131155,0.1037372892338798,True
entry_confirm_3bar,entry_confirmation,official_start,annual_net_eoy,2017,2017-12-29 15:00:00,2.006256519927481,0.024183403423180292,True
entry_confirm_3bar,entry_confirmation,official_start,annual_net_eoy,2018,2018-12-31 15:00:00,3.0193492376851805,0.3126743898775705,True
entry_confirm_3bar,entry_confirmation,official_start,annual_net_eoy,2019,2019-12-31 15:00:00,0.029609561809389343,0.12337317420578892,True
entry_confirm_3bar,entry_confirmation,official_start,annual_net_eoy,2020,2020-12-31 15:00:00,13.126432628720869,0.26548893181998034,True
entry_confirm_3bar,entry_confirmation,official_start,annual_net_eoy,2021,2021-12-31 15:00:00,8.64681854357253,1.3979184056796674,True
entry_confirm_3bar,entry_confirmation,official_start,annual_net_eoy,2022,2022-12-30 15:00:00,7.083852345468554,3.6717386275291517,True
entry_confirm_3bar,entry_confirmation,official_start,annual_net_eoy,2023,2023-12-29 15:00:00,16.449160643048277,0.48576275026635507,True
entry_confirm_3bar,entry_confirmation,official_start,annual_net_eoy,2024,2024-12-31 15:00:00,47.073601147002286,2.3231081757739673,True
entry_confirm_3bar,entry_confirmation,official_start,annual_net_eoy,2025,2025-12-31 15:00:00,31.58398429776572,4.2998753658601,True
entry_confirm_3bar,entry_confirmation,official_start,annual_net_eoy,2026,2026-06-01 15:00:00,177.24963848887498,1.067341520359262,True
exit_confirm_1bar,exit_confirmation,official_start,annual_net_eoy,2002,2002-12-31 15:00:00,0.006184335993121318,0.025768066638005488,True
exit_confirm_1bar,exit_confirmation,official_start,annual_net_eoy,2003,2003-12-31 15:00:00,0.0017521448144519182,0.007300603393549654,True
exit_confirm_1bar,exit_confirmation,official_start,annual_net_eoy,2004,2004-12-31 15:00:00,0.19534229915133733,0.02217344644031382,True
exit_confirm_1bar,exit_confirmation,official_start,annual_net_eoy,2005,2005-12-30 15:00:00,0.002903667830458989,0.012098615960245784,True
exit_confirm_1bar,exit_confirmation,official_start,annual_net_eoy,2006,2006-12-29 15:00:00,0.0036560192130159134,0.0152334133875663,True
exit_confirm_1bar,exit_confirmation,official_start,annual_net_eoy,2007,2007-12-31 15:00:00,0.01706310204850481,0.0008215188056990767,True
exit_confirm_1bar,exit_confirmation,official_start,annual_net_eoy,2008,2008-12-31 15:00:00,0.01124609539354673,0.046858730806444725,True
exit_confirm_1bar,exit_confirmation,official_start,annual_net_eoy,2009,2009-12-31 15:00:00,0.004807361540224144,0.02003067308426728,True
exit_confirm_1bar,exit_confirmation,official_start,annual_net_eoy,2010,2010-12-31 15:00:00,0.10154507643367805,0.013322427776799676,True
exit_confirm_1bar,exit_confirmation,official_start,annual_net_eoy,2011,2011-12-30 15:00:00,0.10591105325386362,0.02972793756821018,True
exit_confirm_1bar,exit_confirmation,official_start,annual_net_eoy,2012,2012-12-31 15:00:00,0.08470031340138189,0.013300041740681215,True
exit_confirm_1bar,exit_confirmation,official_start,annual_net_eoy,2013,2013-12-31 15:00:00,0.6048444872193989,0.005311538597699409,True
exit_confirm_1bar,exit_confirmation,official_start,annual_net_eoy,2014,2014-12-31 15:00:00,0.3876221852932981,0.0063154731001395506,True
exit_confirm_1bar,exit_confirmation,official_start,annual_net_eoy,2015,2015-12-31 15:00:00,0.24182986700381287,0.03013819333595598,True
exit_confirm_1bar,exit_confirmation,official_start,annual_net_eoy,2016,2016-12-30 15:00:00,0.02068022067272981,0.08616758613637428,True
exit_confirm_1bar,exit_confirmation,official_start,annual_net_eoy,2017,2017-12-29 15:00:00,1.5940472414550817,0.019459549895063044,True
exit_confirm_1bar,exit_confirmation,official_start,annual_net_eoy,2018,2018-12-31 15:00:00,2.4065517300866643,0.2671022932007565,True
exit_confirm_1bar,exit_confirmation,official_start,annual_net_eoy,2019,2019-12-31 15:00:00,0.030447661634143443,0.12686525680893107,True
exit_confirm_1bar,exit_confirmation,official_start,annual_net_eoy,2020,2020-12-31 15:00:00,10.01314762709433,0.2135277291461953,True
exit_confirm_1bar,exit_confirmation,official_start,annual_net_eoy,2021,2021-12-31 15:00:00,6.6787195845548295,1.0838659739344814,True
exit_confirm_1bar,exit_confirmation,official_start,annual_net_eoy,2022,2022-12-30 15:00:00,5.516876850734788,2.847101220831787,True
exit_confirm_1bar,exit_confirmation,official_start,annual_net_eoy,2023,2023-12-29 15:00:00,11.417850436178163,0.368284732498605,True
exit_confirm_1bar,exit_confirmation,official_start,annual_net_eoy,2024,2024-12-31 15:00:00,35.66362159882716,1.6939253801708922,True
exit_confirm_1bar,exit_confirmation,official_start,annual_net_eoy,2025,2025-12-31 15:00:00,24.517660914083855,3.3061170792735317,True
exit_confirm_1bar,exit_confirmation,official_start,annual_net_eoy,2026,2026-06-01 15:00:00,138.87811735937245,0.8212327923643311,True
exit_confirm_2bar,exit_confirmation,official_start,annual_net_eoy,2002,2002-12-31 15:00:00,0.006117191754700826,0.025488298977920106,True
exit_confirm_2bar,exit_confirmation,official_start,annual_net_eoy,2003,2003-12-31 15:00:00,0.0017343052668578696,0.0072262719452411235,True
exit_confirm_2bar,exit_confirmation,official_start,annual_net_eoy,2004,2004-12-31 15:00:00,0.17031895449508871,0.02034302294547886,True
exit_confirm_2bar,exit_confirmation,official_start,annual_net_eoy,2005,2005-12-30 15:00:00,0.0027713333563627986,0.011547222318178339,True
exit_confirm_2bar,exit_confirmation,official_start,annual_net_eoy,2006,2006-12-29 15:00:00,0.0034941681119342147,0.014559033799725889,True
exit_confirm_2bar,exit_confirmation,official_start,annual_net_eoy,2007,2007-12-31 15:00:00,0.03335479928861941,0.0007797983008988068,True
exit_confirm_2bar,exit_confirmation,official_start,annual_net_eoy,2008,2008-12-31 15:00:00,0.010744057334902118,0.04476690556209215,True
exit_confirm_2bar,exit_confirmation,official_start,annual_net_eoy,2009,2009-12-31 15:00:00,0.00461660818080831,0.01923586742003463,True
exit_confirm_2bar,exit_confirmation,official_start,annual_net_eoy,2010,2010-12-31 15:00:00,0.04578690102487044,0.010298794192585637,True
exit_confirm_2bar,exit_confirmation,official_start,annual_net_eoy,2011,2011-12-30 15:00:00,0.11686282788836903,0.026553916237831966,True
exit_confirm_2bar,exit_confirmation,official_start,annual_net_eoy,2012,2012-12-31 15:00:00,0.08713189688184463,0.01155271362923199,True
exit_confirm_2bar,exit_confirmation,official_start,annual_net_eoy,2013,2013-12-31 15:00:00,0.5666487309712142,0.004976116455533219,True
exit_confirm_2bar,exit_confirmation,official_start,annual_net_eoy,2014,2014-12-31 15:00:00,0.4070985710963802,0.005958507086905673,True
exit_confirm_2bar,exit_confirmation,official_start,annual_net_eoy,2015,2015-12-31 15:00:00,0.17735157558555942,0.027917859217361483,True
exit_confirm_2bar,exit_confirmation,official_start,annual_net_eoy,2016,2016-12-30 15:00:00,0.019465575289148097,0.08110656370478374,True
exit_confirm_2bar,exit_confirmation,official_start,annual_net_eoy,2017,2017-12-29 15:00:00,1.601140311050814,0.01886864393263406,True
exit_confirm_2bar,exit_confirmation,official_start,annual_net_eoy,2018,2018-12-31 15:00:00,2.469370729644141,0.2596432087924423,True
exit_confirm_2bar,exit_confirmation,official_start,annual_net_eoy,2019,2019-12-31 15:00:00,0.02335785527281916,0.09732439697007983,True
exit_confirm_2bar,exit_confirmation,official_start,annual_net_eoy,2020,2020-12-31 15:00:00,9.34852855265275,0.2155835632991003,True
exit_confirm_2bar,exit_confirmation,official_start,annual_net_eoy,2021,2021-12-31 15:00:00,6.287020205645967,1.0293440541088539,True
exit_confirm_2bar,exit_confirmation,official_start,annual_net_eoy,2022,2022-12-30 15:00:00,5.12336851056566,2.6893636464658504,True
exit_confirm_2bar,exit_confirmation,official_start,annual_net_eoy,2023,2023-12-29 15:00:00,12.282235788716932,0.3594212466102243,True
exit_confirm_2bar,exit_confirmation,official_start,annual_net_eoy,2024,2024-12-31 15:00:00,34.01019930059022,1.6717648884462986,True
exit_confirm_2bar,exit_confirmation,official_start,annual_net_eoy,2025,2025-12-31 15:00:00,22.849605459493844,3.136892916450768,True
exit_confirm_2bar,exit_confirmation,official_start,annual_net_eoy,2026,2026-06-01 15:00:00,132.9876740927884,0.7780753012925593,True
exit_confirm_3bar,exit_confirmation,official_start,annual_net_eoy,2002,2002-12-31 15:00:00,0.006169100610435654,0.025704585876815202,True
exit_confirm_3bar,exit_confirmation,official_start,annual_net_eoy,2003,2003-12-31 15:00:00,0.0016356587152117294,0.006815244646715542,True
exit_confirm_3bar,exit_confirmation,official_start,annual_net_eoy,2004,2004-12-31 15:00:00,0.19032206963418638,0.019913218736166197,True
exit_confirm_3bar,exit_confirmation,official_start,annual_net_eoy,2005,2005-12-30 15:00:00,0.0026160670677117656,0.010900279448799033,True
exit_confirm_3bar,exit_confirmation,official_start,annual_net_eoy,2006,2006-12-29 15:00:00,0.0034485890239388767,0.01436912093307864,True
exit_confirm_3bar,exit_confirmation,official_start,annual_net_eoy,2007,2007-12-31 15:00:00,0.011937106216034188,0.0007369591550589311,True
exit_confirm_3bar,exit_confirmation,official_start,annual_net_eoy,2008,2008-12-31 15:00:00,0.011238644040781955,0.04682768350325819,True
exit_confirm_3bar,exit_confirmation,official_start,annual_net_eoy,2009,2009-12-31 15:00:00,0.0047883859806501575,0.01995160825270898,True
exit_confirm_3bar,exit_confirmation,official_start,annual_net_eoy,2010,2010-12-31 15:00:00,0.03835276252147853,0.009960153008613313,True
exit_confirm_3bar,exit_confirmation,official_start,annual_net_eoy,2011,2011-12-30 15:00:00,0.16254877457199768,0.02869110720706529,True
exit_confirm_3bar,exit_confirmation,official_start,annual_net_eoy,2012,2012-12-31 15:00:00,0.09843142548334262,0.012009401723045402,True
exit_confirm_3bar,exit_confirmation,official_start,annual_net_eoy,2013,2013-12-31 15:00:00,0.600997688316515,0.005277757317912638,True
exit_confirm_3bar,exit_confirmation,official_start,annual_net_eoy,2014,2014-12-31 15:00:00,0.00018226166496427635,0.000759423604017818,True
exit_confirm_3bar,exit_confirmation,official_start,annual_net_eoy,2015,2015-12-31 15:00:00,1.1256470914576857,0.0795365047250756,True
exit_confirm_3bar,exit_confirmation,official_start,annual_net_eoy,2016,2016-12-30 15:00:00,0.02525281354927029,0.10522005645529288,True
exit_confirm_3bar,exit_confirmation,official_start,annual_net_eoy,2017,2017-12-29 15:00:00,2.07066936096494,0.024666235697602134,True
exit_confirm_3bar,exit_confirmation,official_start,annual_net_eoy,2018,2018-12-31 15:00:00,2.9634114845823265,0.31291328242265787,True
exit_confirm_3bar,exit_confirmation,official_start,annual_net_eoy,2019,2019-12-31 15:00:00,0.029350882641985748,0.12229534434160724,True
exit_confirm_3bar,exit_confirmation,official_start,annual_net_eoy,2020,2020-12-31 15:00:00,12.011980111600831,0.2741960693673412,True
exit_confirm_3bar,exit_confirmation,official_start,annual_net_eoy,2021,2021-12-31 15:00:00,8.032110742581164,1.3150594660718553,True
exit_confirm_3bar,exit_confirmation,official_start,annual_net_eoy,2022,2022-12-30 15:00:00,6.21762127293781,3.3989422136308303,True
exit_confirm_3bar,exit_confirmation,official_start,annual_net_eoy,2023,2023-12-29 15:00:00,15.550172871136079,0.45505253395987144,True
exit_confirm_3bar,exit_confirmation,official_start,annual_net_eoy,2024,2024-12-31 15:00:00,43.49097076228415,2.1335324491002337,True
exit_confirm_3bar,exit_confirmation,official_start,annual_net_eoy,2025,2025-12-31 15:00:00,29.30344300363713,3.9932233484262434,True
exit_confirm_3bar,exit_confirmation,official_start,annual_net_eoy,2026,2026-06-01 15:00:00,169.37777977027028,0.9791636086109441,True
exit_confirm_4bar,exit_confirmation,official_start,annual_net_eoy,2002,2002-12-31 15:00:00,0.006221784531561951,0.025924102214841482,True
exit_confirm_4bar,exit_confirmation,official_start,annual_net_eoy,2003,2003-12-31 15:00:00,0.0016319740670453049,0.006799891946022104,True
exit_confirm_4bar,exit_confirmation,official_start,annual_net_eoy,2004,2004-12-31 15:00:00,0.20362040172126825,0.020244903894022875,True
exit_confirm_4bar,exit_confirmation,official_start,annual_net_eoy,2005,2005-12-30 15:00:00,0.0026797697163882524,0.011165707151617717,True
exit_confirm_4bar,exit_confirmation,official_start,annual_net_eoy,2006,2006-12-29 15:00:00,0.003532181382021627,0.014717422425090112,True
exit_confirm_4bar,exit_confirmation,official_start,annual_net_eoy,2007,2007-12-31 15:00:00,0.028364489657484906,0.0007499230272527813,True
exit_confirm_4bar,exit_confirmation,official_start,annual_net_eoy,2008,2008-12-31 15:00:00,0.01108331355144347,0.04618047313101444,True
exit_confirm_4bar,exit_confirmation,official_start,annual_net_eoy,2009,2009-12-31 15:00:00,0.004886960496448314,0.020362335401867982,True
exit_confirm_4bar,exit_confirmation,official_start,annual_net_eoy,2010,2010-12-31 15:00:00,0.030388846464508294,0.010152640910466458,True
exit_confirm_4bar,exit_confirmation,official_start,annual_net_eoy,2011,2011-12-30 15:00:00,0.1287270156581486,0.028625794370791855,True
exit_confirm_4bar,exit_confirmation,official_start,annual_net_eoy,2012,2012-12-31 15:00:00,0.09578671010578367,0.01164529465208864,True
exit_confirm_4bar,exit_confirmation,official_start,annual_net_eoy,2013,2013-12-31 15:00:00,0.5907975764909439,0.005188183404605699,True
exit_confirm_4bar,exit_confirmation,official_start,annual_net_eoy,2014,2014-12-31 15:00:00,0.00017916832633703818,0.0007465346930709923,True
exit_confirm_4bar,exit_confirmation,official_start,annual_net_eoy,2015,2015-12-31 15:00:00,1.0839933190498128,0.07726565470156506,True
exit_confirm_4bar,exit_confirmation,official_start,annual_net_eoy,2016,2016-12-30 15:00:00,0.02332537636337256,0.09718906818071904,True
exit_confirm_4bar,exit_confirmation,official_start,annual_net_eoy,2017,2017-12-29 15:00:00,1.7296300451653643,0.022289164052239765,True
exit_confirm_4bar,exit_confirmation,official_start,annual_net_eoy,2018,2018-12-31 15:00:00,2.531627998952245,0.27762658502349025,True
exit_confirm_4bar,exit_confirmation,official_start,annual_net_eoy,2019,2019-12-31 15:00:00,0.02581997280014427,0.1075832200006012,True
exit_confirm_4bar,exit_confirmation,official_start,annual_net_eoy,2020,2020-12-31 15:00:00,11.124689411904289,0.22855690107769341,True
exit_confirm_4bar,exit_confirmation,official_start,annual_net_eoy,2021,2021-12-31 15:00:00,7.475334643836878,1.2078051557359697,True
exit_confirm_4bar,exit_confirmation,official_start,annual_net_eoy,2022,2022-12-30 15:00:00,5.237688969271079,3.071392591094549,True
exit_confirm_4bar,exit_confirmation,official_start,annual_net_eoy,2023,2023-12-29 15:00:00,14.071930579302256,0.4117939858858332,True
exit_confirm_4bar,exit_confirmation,official_start,annual_net_eoy,2024,2024-12-31 15:00:00,39.35659921371743,1.9307129741403133,True
exit_confirm_4bar,exit_confirmation,official_start,annual_net_eoy,2025,2025-12-31 15:00:00,26.107516817086793,3.599664139654214,True
exit_confirm_4bar,exit_confirmation,official_start,annual_net_eoy,2026,2026-06-01 15:00:00,154.37063884464857,0.8778007832055392,True
macd_fast_10d,macd_entry,official_start,annual_net_eoy,2002,2002-12-31 15:00:00,0.006169100610435654,0.025704585876815202,True
macd_fast_10d,macd_entry,official_start,annual_net_eoy,2003,2003-12-31 15:00:00,0.0016356587152117294,0.006815244646715542,True
macd_fast_10d,macd_entry,official_start,annual_net_eoy,2004,2004-12-31 15:00:00,0.17261960838689244,0.018424250495553872,True
macd_fast_10d,macd_entry,official_start,annual_net_eoy,2005,2005-12-30 15:00:00,0.002638515473543764,0.010993814473099021,True
macd_fast_10d,macd_entry,official_start,annual_net_eoy,2006,2006-12-29 15:00:00,0.0036219588893388476,0.015091495372245212,True
macd_fast_10d,macd_entry,official_start,annual_net_eoy,2007,2007-12-31 15:00:00,0.04653792800653188,0.0011611369695806175,True
macd_fast_10d,macd_entry,official_start,annual_net_eoy,2008,2008-12-31 15:00:00,0.010808833258201709,0.04503680524250715,True
macd_fast_10d,macd_entry,official_start,annual_net_eoy,2009,2009-12-31 15:00:00,0.004261760859387013,0.01775733691411257,True
macd_fast_10d,macd_entry,official_start,annual_net_eoy,2010,2010-12-31 15:00:00,0.002100005757788756,0.00875002399078649,True
macd_fast_10d,macd_entry,official_start,annual_net_eoy,2011,2011-12-30 15:00:00,0.02669196036400219,0.02246367804795199,True
macd_fast_10d,macd_entry,official_start,annual_net_eoy,2012,2012-12-31 15:00:00,0.077290331167884,0.009430023305508347,True
macd_fast_10d,macd_entry,official_start,annual_net_eoy,2013,2013-12-31 15:00:00,0.4725030839118347,0.006088713761678164,True
macd_fast_10d,macd_entry,official_start,annual_net_eoy,2014,2014-12-31 15:00:00,0.25349908440450036,0.0058385960438212,True
macd_fast_10d,macd_entry,official_start,annual_net_eoy,2015,2015-12-31 15:00:00,0.590064172456592,0.06516104896964586,True
macd_fast_10d,macd_entry,official_start,annual_net_eoy,2016,2016-12-30 15:00:00,0.019582425676413027,0.08159344031838758,True
macd_fast_10d,macd_entry,official_start,annual_net_eoy,2017,2017-12-29 15:00:00,1.5952194481843505,0.021998647807457358,True
macd_fast_10d,macd_entry,official_start,annual_net_eoy,2018,2018-12-31 15:00:00,2.2948257483242265,0.24220311049454252,True
macd_fast_10d,macd_entry,official_start,annual_net_eoy,2019,2019-12-31 15:00:00,0.022241895175509077,0.09267456323128787,True
macd_fast_10d,macd_entry,official_start,annual_net_eoy,2020,2020-12-31 15:00:00,9.29262062554136,0.2120644895677901,True
macd_fast_10d,macd_entry,official_start,annual_net_eoy,2021,2021-12-31 15:00:00,6.211861641052071,1.0170386981453696,True
macd_fast_10d,macd_entry,official_start,annual_net_eoy,2022,2022-12-30 15:00:00,4.8085745231570325,2.6286687813047966,True
macd_fast_10d,macd_entry,official_start,annual_net_eoy,2023,2023-12-29 15:00:00,12.026169143541653,0.351927839513389,True
macd_fast_10d,macd_entry,official_start,annual_net_eoy,2024,2024-12-31 15:00:00,33.63498109882055,1.6500280941403789,True
macd_fast_10d,macd_entry,official_start,annual_net_eoy,2025,2025-12-31 15:00:00,22.662652368579433,3.0882730252634936,True
macd_fast_10d,macd_entry,official_start,annual_net_eoy,2026,2026-06-01 15:00:00,133.10372175362292,0.7385517481942615,True
macd_fast_12d,macd_entry,official_start,annual_net_eoy,2002,2002-12-31 15:00:00,0.006169100610435654,0.025704585876815202,True
macd_fast_12d,macd_entry,official_start,annual_net_eoy,2003,2003-12-31 15:00:00,0.0016356587152117294,0.006815244646715542,True
macd_fast_12d,macd_entry,official_start,annual_net_eoy,2004,2004-12-31 15:00:00,0.19032206963418638,0.019913218736166197,True
macd_fast_12d,macd_entry,official_start,annual_net_eoy,2005,2005-12-30 15:00:00,0.0026160670677117656,0.010900279448799033,True
macd_fast_12d,macd_entry,official_start,annual_net_eoy,2006,2006-12-29 15:00:00,0.0034485890239388767,0.01436912093307864,True
macd_fast_12d,macd_entry,official_start,annual_net_eoy,2007,2007-12-31 15:00:00,0.011937106216034188,0.0007369591550589311,True
macd_fast_12d,macd_entry,official_start,annual_net_eoy,2008,2008-12-31 15:00:00,0.011238644040781955,0.04682768350325819,True
macd_fast_12d,macd_entry,official_start,annual_net_eoy,2009,2009-12-31 15:00:00,0.0047883859806501575,0.01995160825270898,True
macd_fast_12d,macd_entry,official_start,annual_net_eoy,2010,2010-12-31 15:00:00,0.03835276252147853,0.009960153008613313,True
macd_fast_12d,macd_entry,official_start,annual_net_eoy,2011,2011-12-30 15:00:00,0.16254877457199768,0.02869110720706529,True
macd_fast_12d,macd_entry,official_start,annual_net_eoy,2012,2012-12-31 15:00:00,0.09843142548334262,0.012009401723045402,True
macd_fast_12d,macd_entry,official_start,annual_net_eoy,2013,2013-12-31 15:00:00,0.600997688316515,0.005277757317912638,True
macd_fast_12d,macd_entry,official_start,annual_net_eoy,2014,2014-12-31 15:00:00,0.00018226166496427635,0.000759423604017818,True
macd_fast_12d,macd_entry,official_start,annual_net_eoy,2015,2015-12-31 15:00:00,1.1256470914576857,0.0795365047250756,True
macd_fast_12d,macd_entry,official_start,annual_net_eoy,2016,2016-12-30 15:00:00,0.02525281354927029,0.10522005645529288,True
macd_fast_12d,macd_entry,official_start,annual_net_eoy,2017,2017-12-29 15:00:00,2.07066936096494,0.024666235697602134,True
macd_fast_12d,macd_entry,official_start,annual_net_eoy,2018,2018-12-31 15:00:00,2.9634114845823265,0.31291328242265787,True
macd_fast_12d,macd_entry,official_start,annual_net_eoy,2019,2019-12-31 15:00:00,0.029350882641985748,0.12229534434160724,True
macd_fast_12d,macd_entry,official_start,annual_net_eoy,2020,2020-12-31 15:00:00,12.011980111600831,0.2741960693673412,True
macd_fast_12d,macd_entry,official_start,annual_net_eoy,2021,2021-12-31 15:00:00,8.032110742581164,1.3150594660718553,True
macd_fast_12d,macd_entry,official_start,annual_net_eoy,2022,2022-12-30 15:00:00,6.21762127293781,3.3989422136308303,True
macd_fast_12d,macd_entry,official_start,annual_net_eoy,2023,2023-12-29 15:00:00,15.550172871136079,0.45505253395987144,True
macd_fast_12d,macd_entry,official_start,annual_net_eoy,2024,2024-12-31 15:00:00,43.49097076228415,2.1335324491002337,True
macd_fast_12d,macd_entry,official_start,annual_net_eoy,2025,2025-12-31 15:00:00,29.30344300363713,3.9932233484262434,True
macd_fast_12d,macd_entry,official_start,annual_net_eoy,2026,2026-06-01 15:00:00,169.37777977027028,0.9791636086109441,True
macd_fast_14d,macd_entry,official_start,annual_net_eoy,2002,2002-12-31 15:00:00,0.006487108387213742,0.027029618280057236,True
macd_fast_14d,macd_entry,official_start,annual_net_eoy,2003,2003-12-31 15:00:00,0.0017135614455660363,0.007139839356525151,True
macd_fast_14d,macd_entry,official_start,annual_net_eoy,2004,2004-12-31 15:00:00,0.21089002775332463,0.021269535317483344,True
macd_fast_14d,macd_entry,official_start,annual_net_eoy,2005,2005-12-30 15:00:00,0.0026989628031600346,0.011245678346500152,True
macd_fast_14d,macd_entry,official_start,annual_net_eoy,2006,2006-12-29 15:00:00,0.003784712386177859,0.015769634942407774,True
macd_fast_14d,macd_entry,official_start,annual_net_eoy,2007,2007-12-31 15:00:00,0.035444785859841746,0.0008823317555988301,True
macd_fast_14d,macd_entry,official_start,annual_net_eoy,2008,2008-12-31 15:00:00,0.012115132018787013,0.050479716744945814,True
macd_fast_14d,macd_entry,official_start,annual_net_eoy,2009,2009-12-31 15:00:00,0.005282823375659155,0.022011764065246478,True
macd_fast_14d,macd_entry,official_start,annual_net_eoy,2010,2010-12-31 15:00:00,0.06777605504543362,0.010547917110656065,True
macd_fast_14d,macd_entry,official_start,annual_net_eoy,2011,2011-12-30 15:00:00,0.12467953112011802,0.0318361393998948,True
macd_fast_14d,macd_entry,official_start,annual_net_eoy,2012,2012-12-31 15:00:00,0.07350673323511306,0.011462616796263442,True
macd_fast_14d,macd_entry,official_start,annual_net_eoy,2013,2013-12-31 15:00:00,0.6075517750754675,0.007655064497454319,True
macd_fast_14d,macd_entry,official_start,annual_net_eoy,2014,2014-12-31 15:00:00,0.000185641118502651,0.0007735046604277128,True
macd_fast_14d,macd_entry,official_start,annual_net_eoy,2015,2015-12-31 15:00:00,1.1313820413163695,0.08031694055363871,True
macd_fast_14d,macd_entry,official_start,annual_net_eoy,2016,2016-12-30 15:00:00,0.025716395838252915,0.10715164932605384,True
macd_fast_14d,macd_entry,official_start,annual_net_eoy,2017,2017-12-29 15:00:00,2.1035736432855034,0.02500433952407894,True
macd_fast_14d,macd_entry,official_start,annual_net_eoy,2018,2018-12-31 15:00:00,3.003971255327633,0.31713965102916736,True
macd_fast_14d,macd_entry,official_start,annual_net_eoy,2019,2019-12-31 15:00:00,0.029464721435165035,0.12276967264652099,True
macd_fast_14d,macd_entry,official_start,annual_net_eoy,2020,2020-12-31 15:00:00,12.476244627517337,0.29746617952779764,True
macd_fast_14d,macd_entry,official_start,annual_net_eoy,2021,2021-12-31 15:00:00,8.267509056002208,1.3536001174999563,True
macd_fast_14d,macd_entry,official_start,annual_net_eoy,2022,2022-12-30 15:00:00,6.399842062472159,3.498555539460956,True
macd_fast_14d,macd_entry,official_start,annual_net_eoy,2023,2023-12-29 15:00:00,16.005904195639165,0.4683888290440842,True
macd_fast_14d,macd_entry,official_start,annual_net_eoy,2024,2024-12-31 15:00:00,44.76556737761887,2.1960602149943047,True
macd_fast_14d,macd_entry,official_start,annual_net_eoy,2025,2025-12-31 15:00:00,30.162243545805726,4.110253363506835,True
macd_fast_14d,macd_entry,official_start,annual_net_eoy,2026,2026-06-01 15:00:00,169.72446636487072,1.0576723419103227,True
macd_slow_26d,macd_entry,official_start,annual_net_eoy,2002,2002-12-31 15:00:00,0.006169100610435654,0.025704585876815202,True
macd_slow_26d,macd_entry,official_start,annual_net_eoy,2003,2003-12-31 15:00:00,0.0016356587152117294,0.006815244646715542,True
macd_slow_26d,macd_entry,official_start,annual_net_eoy,2004,2004-12-31 15:00:00,0.19115531840618394,0.01955599845932625,True
macd_slow_26d,macd_entry,official_start,annual_net_eoy,2005,2005-12-30 15:00:00,0.002708379693908784,0.011284915391286603,True
macd_slow_26d,macd_entry,official_start,annual_net_eoy,2006,2006-12-29 15:00:00,0.0035502874680799195,0.014792864450333003,True
macd_slow_26d,macd_entry,official_start,annual_net_eoy,2007,2007-12-31 15:00:00,0.022827372418210857,0.0009311674939333741,True
macd_slow_26d,macd_entry,official_start,annual_net_eoy,2008,2008-12-31 15:00:00,0.011603182938183838,0.04834659557576603,True
macd_slow_26d,macd_entry,official_start,annual_net_eoy,2009,2009-12-31 15:00:00,0.004872711758009018,0.020302965658370947,True
macd_slow_26d,macd_entry,official_start,annual_net_eoy,2010,2010-12-31 15:00:00,0.03563516939670598,0.010277836051362814,True
macd_slow_26d,macd_entry,official_start,annual_net_eoy,2011,2011-12-30 15:00:00,0.1407059269379739,0.02879257162459838,True
macd_slow_26d,macd_entry,official_start,annual_net_eoy,2012,2012-12-31 15:00:00,0.06852872784846074,0.01068634820635851,True
macd_slow_26d,macd_entry,official_start,annual_net_eoy,2013,2013-12-31 15:00:00,0.5646965650471041,0.007424667508249127,True
macd_slow_26d,macd_entry,official_start,annual_net_eoy,2014,2014-12-31 15:00:00,0.30455995033822325,0.007020027634164088,True
macd_slow_26d,macd_entry,official_start,annual_net_eoy,2015,2015-12-31 15:00:00,0.7233073243388923,0.08018523324610309,True
macd_slow_26d,macd_entry,official_start,annual_net_eoy,2016,2016-12-30 15:00:00,0.023853908711380663,0.0993912862974195,True
macd_slow_26d,macd_entry,official_start,annual_net_eoy,2017,2017-12-29 15:00:00,1.6949913681404838,0.021682139033173554,True
macd_slow_26d,macd_entry,official_start,annual_net_eoy,2018,2018-12-31 15:00:00,2.62182753448128,0.2767954146929296,True
macd_slow_26d,macd_entry,official_start,annual_net_eoy,2019,2019-12-31 15:00:00,0.026123391524107493,0.10884746468378129,True
macd_slow_26d,macd_entry,official_start,annual_net_eoy,2020,2020-12-31 15:00:00,10.625445086005945,0.24254740321481635,True
macd_slow_26d,macd_entry,official_start,annual_net_eoy,2021,2021-12-31 15:00:00,7.105022417929738,1.1632716837204164,True
macd_slow_26d,macd_entry,official_start,annual_net_eoy,2022,2022-12-30 15:00:00,5.499966315980324,3.0066269501326826,True
macd_slow_26d,macd_entry,official_start,annual_net_eoy,2023,2023-12-29 15:00:00,13.755329127421886,0.4025291182777724,True
macd_slow_26d,macd_entry,official_start,annual_net_eoy,2024,2024-12-31 15:00:00,38.47112323855435,1.887274262775709,True
macd_slow_26d,macd_entry,official_start,annual_net_eoy,2025,2025-12-31 15:00:00,25.921158975014475,3.532314521008641,True
macd_slow_26d,macd_entry,official_start,annual_net_eoy,2026,2026-06-01 15:00:00,149.82773033582586,0.8661458504450464,True
macd_slow_30d,macd_entry,official_start,annual_net_eoy,2002,2002-12-31 15:00:00,0.006169100610435654,0.025704585876815202,True
macd_slow_30d,macd_entry,official_start,annual_net_eoy,2003,2003-12-31 15:00:00,0.0016356587152117294,0.006815244646715542,True
macd_slow_30d,macd_entry,official_start,annual_net_eoy,2004,2004-12-31 15:00:00,0.1790399896658826,0.019404264054921728,True
macd_slow_30d,macd_entry,official_start,annual_net_eoy,2005,2005-12-30 15:00:00,0.002683468702494768,0.011181119593728191,True
macd_slow_30d,macd_entry,official_start,annual_net_eoy,2006,2006-12-29 15:00:00,0.0034518902979481427,0.014382876241450591,True
macd_slow_30d,macd_entry,official_start,annual_net_eoy,2007,2007-12-31 15:00:00,0.0003497847495648903,0.0014574364565203767,True
macd_slow_30d,macd_entry,official_start,annual_net_eoy,2008,2008-12-31 15:00:00,0.010757742161190062,0.044823925671625256,True
macd_slow_30d,macd_entry,official_start,annual_net_eoy,2009,2009-12-31 15:00:00,0.00451793838576436,0.018824743274018164,True
macd_slow_30d,macd_entry,official_start,annual_net_eoy,2010,2010-12-31 15:00:00,0.0700330388858397,0.010832378763707877,True
macd_slow_30d,macd_entry,official_start,annual_net_eoy,2011,2011-12-30 15:00:00,0.08931402642598985,0.025502505091663265,True
macd_slow_30d,macd_entry,official_start,annual_net_eoy,2012,2012-12-31 15:00:00,0.06387195112367078,0.009960171912667213,True
macd_slow_30d,macd_entry,official_start,annual_net_eoy,2013,2013-12-31 15:00:00,0.5122190852627321,0.005586846364296639,True
macd_slow_30d,macd_entry,official_start,annual_net_eoy,2014,2014-12-31 15:00:00,0.0001584373360228455,0.0006601555667618561,True
macd_slow_30d,macd_entry,official_start,annual_net_eoy,2015,2015-12-31 15:00:00,0.9736836007416201,0.06813717184151077,True
macd_slow_30d,macd_entry,official_start,annual_net_eoy,2016,2016-12-30 15:00:00,0.025084078551501198,0.1045169939645882,True
macd_slow_30d,macd_entry,official_start,annual_net_eoy,2017,2017-12-29 15:00:00,0.826873227256583,0.00484031241571698,True
macd_slow_30d,macd_entry,official_start,annual_net_eoy,2018,2018-12-31 15:00:00,3.50596353271532,0.22308797898294097,True
macd_slow_30d,macd_entry,official_start,annual_net_eoy,2019,2019-12-31 15:00:00,0.03514877883821582,0.14645324515923264,True
macd_slow_30d,macd_entry,official_start,annual_net_eoy,2020,2020-12-31 15:00:00,9.795083544022924,0.21998246282642184,True
macd_slow_30d,macd_entry,official_start,annual_net_eoy,2021,2021-12-31 15:00:00,6.684923902931241,1.0944909427001628,True
macd_slow_30d,macd_entry,official_start,annual_net_eoy,2022,2022-12-30 15:00:00,5.17476992025121,2.8288541800260427,True
macd_slow_30d,macd_entry,official_start,annual_net_eoy,2023,2023-12-29 15:00:00,12.942018063805461,0.3787287873449094,True
macd_slow_30d,macd_entry,official_start,annual_net_eoy,2024,2024-12-31 15:00:00,36.19644192269335,1.775685436090782,True
macd_slow_30d,macd_entry,official_start,annual_net_eoy,2025,2025-12-31 15:00:00,24.388519139148254,3.32345943266459,True
macd_slow_30d,macd_entry,official_start,annual_net_eoy,2026,2026-06-01 15:00:00,136.06906115883982,0.8451407652915802,True
macd_signal_9d,macd_entry,official_start,annual_net_eoy,2002,2002-12-31 15:00:00,0.006169100610435654,0.025704585876815202,True
macd_signal_9d,macd_entry,official_start,annual_net_eoy,2003,2003-12-31 15:00:00,0.0016356587152117294,0.006815244646715542,True
macd_signal_9d,macd_entry,official_start,annual_net_eoy,2004,2004-12-31 15:00:00,0.19032206963418638,0.019913218736166197,True
macd_signal_9d,macd_entry,official_start,annual_net_eoy,2005,2005-12-30 15:00:00,0.0026160670677117656,0.010900279448799033,True
macd_signal_9d,macd_entry,official_start,annual_net_eoy,2006,2006-12-29 15:00:00,0.0034485890239388767,0.01436912093307864,True
macd_signal_9d,macd_entry,official_start,annual_net_eoy,2007,2007-12-31 15:00:00,0.011937106216034188,0.0007369591550589311,True
macd_signal_9d,macd_entry,official_start,annual_net_eoy,2008,2008-12-31 15:00:00,0.011238644040781955,0.04682768350325819,True
macd_signal_9d,macd_entry,official_start,annual_net_eoy,2009,2009-12-31 15:00:00,0.0047883859806501575,0.01995160825270898,True
macd_signal_9d,macd_entry,official_start,annual_net_eoy,2010,2010-12-31 15:00:00,0.03835276252147853,0.009960153008613313,True
macd_signal_9d,macd_entry,official_start,annual_net_eoy,2011,2011-12-30 15:00:00,0.16254877457199768,0.02869110720706529,True
macd_signal_9d,macd_entry,official_start,annual_net_eoy,2012,2012-12-31 15:00:00,0.09843142548334262,0.012009401723045402,True
macd_signal_9d,macd_entry,official_start,annual_net_eoy,2013,2013-12-31 15:00:00,0.600997688316515,0.005277757317912638,True
macd_signal_9d,macd_entry,official_start,annual_net_eoy,2014,2014-12-31 15:00:00,0.00018226166496427635,0.000759423604017818,True
macd_signal_9d,macd_entry,official_start,annual_net_eoy,2015,2015-12-31 15:00:00,1.1256470914576857,0.0795365047250756,True
macd_signal_9d,macd_entry,official_start,annual_net_eoy,2016,2016-12-30 15:00:00,0.02525281354927029,0.10522005645529288,True
macd_signal_9d,macd_entry,official_start,annual_net_eoy,2017,2017-12-29 15:00:00,2.07066936096494,0.024666235697602134,True
macd_signal_9d,macd_entry,official_start,annual_net_eoy,2018,2018-12-31 15:00:00,2.9634114845823265,0.31291328242265787,True
macd_signal_9d,macd_entry,official_start,annual_net_eoy,2019,2019-12-31 15:00:00,0.029350882641985748,0.12229534434160724,True
macd_signal_9d,macd_entry,official_start,annual_net_eoy,2020,2020-12-31 15:00:00,12.011980111600831,0.2741960693673412,True
macd_signal_9d,macd_entry,official_start,annual_net_eoy,2021,2021-12-31 15:00:00,8.032110742581164,1.3150594660718553,True
macd_signal_9d,macd_entry,official_start,annual_net_eoy,2022,2022-12-30 15:00:00,6.21762127293781,3.3989422136308303,True
macd_signal_9d,macd_entry,official_start,annual_net_eoy,2023,2023-12-29 15:00:00,15.550172871136079,0.45505253395987144,True
macd_signal_9d,macd_entry,official_start,annual_net_eoy,2024,2024-12-31 15:00:00,43.49097076228415,2.1335324491002337,True
macd_signal_9d,macd_entry,official_start,annual_net_eoy,2025,2025-12-31 15:00:00,29.30344300363713,3.9932233484262434,True
macd_signal_9d,macd_entry,official_start,annual_net_eoy,2026,2026-06-01 15:00:00,169.37777977027028,0.9791636086109441,True
macd_signal_12d,macd_entry,official_start,annual_net_eoy,2002,2002-12-31 15:00:00,0.006384202066450882,0.02660084194354536,True
macd_signal_12d,macd_entry,official_start,annual_net_eoy,2003,2003-12-31 15:00:00,0.0016876777296000527,0.007031990540000222,True
macd_signal_12d,macd_entry,official_start,annual_net_eoy,2004,2004-12-31 15:00:00,0.20402377495440643,0.020692595735308735,True
macd_signal_12d,macd_entry,official_start,annual_net_eoy,2005,2005-12-30 15:00:00,0.002720792212022064,0.0113366342167586,True
macd_signal_12d,macd_entry,official_start,annual_net_eoy,2006,2006-12-29 15:00:00,0.003514085831524548,0.01464202429801895,True
macd_signal_12d,macd_entry,official_start,annual_net_eoy,2007,2007-12-31 15:00:00,0.008712162988158948,0.0008875278516619299,True
macd_signal_12d,macd_entry,official_start,annual_net_eoy,2008,2008-12-31 15:00:00,0.011331765292650158,0.04721568871937571,True
macd_signal_12d,macd_entry,official_start,annual_net_eoy,2009,2009-12-31 15:00:00,0.004865530275310964,0.020273042813795685,True
macd_signal_12d,macd_entry,official_start,annual_net_eoy,2010,2010-12-31 15:00:00,0.034713510064005366,0.01049968057697015,True
macd_signal_12d,macd_entry,official_start,annual_net_eoy,2011,2011-12-30 15:00:00,0.08452167096783166,0.025478336412962328,True
macd_signal_12d,macd_entry,official_start,annual_net_eoy,2012,2012-12-31 15:00:00,0.06307917882539163,0.009836547250518288,True
macd_signal_12d,macd_entry,official_start,annual_net_eoy,2013,2013-12-31 15:00:00,0.5299031960999878,0.0068482216813315795,True
macd_signal_12d,macd_entry,official_start,annual_net_eoy,2014,2014-12-31 15:00:00,0.28343837247213116,0.006525319082900696,True
macd_signal_12d,macd_entry,official_start,annual_net_eoy,2015,2015-12-31 15:00:00,0.6732947423093889,0.07453133157513632,True
macd_signal_12d,macd_entry,official_start,annual_net_eoy,2016,2016-12-30 15:00:00,0.02236366987761521,0.09318195782339667,True
macd_signal_12d,macd_entry,official_start,annual_net_eoy,2017,2017-12-29 15:00:00,0.7512079372949457,0.008455705001293431,True
macd_signal_12d,macd_entry,official_start,annual_net_eoy,2018,2018-12-31 15:00:00,3.4349553754749573,0.2172682686875693,True
macd_signal_12d,macd_entry,official_start,annual_net_eoy,2019,2019-12-31 15:00:00,0.025174858035155612,0.10489524181314837,True
macd_signal_12d,macd_entry,official_start,annual_net_eoy,2020,2020-12-31 15:00:00,9.581296113675343,0.22007661982700033,True
macd_signal_12d,macd_entry,official_start,annual_net_eoy,2021,2021-12-31 15:00:00,6.530532507689596,1.0692131704806884,True
macd_signal_12d,macd_entry,official_start,annual_net_eoy,2022,2022-12-30 15:00:00,5.055256226506427,2.763520490348912,True
macd_signal_12d,macd_entry,official_start,annual_net_eoy,2023,2023-12-29 15:00:00,12.643116198185526,0.369981871636458,True
macd_signal_12d,macd_entry,official_start,annual_net_eoy,2024,2024-12-31 15:00:00,35.360468431839145,1.7346751634281252,True
macd_signal_12d,macd_entry,official_start,annual_net_eoy,2025,2025-12-31 15:00:00,23.82525506128492,3.246702606964136,True
macd_signal_12d,macd_entry,official_start,annual_net_eoy,2026,2026-06-01 15:00:00,132.92648354590372,0.8256218502188529,True
q100_activation_90,q100_activation,official_start,annual_net_eoy,2002,2002-12-31 15:00:00,0.006169100610435654,0.025704585876815202,True
q100_activation_90,q100_activation,official_start,annual_net_eoy,2003,2003-12-31 15:00:00,0.0016356587152117294,0.006815244646715542,True
q100_activation_90,q100_activation,official_start,annual_net_eoy,2004,2004-12-31 15:00:00,0.19032206963418638,0.019913218736166197,True
q100_activation_90,q100_activation,official_start,annual_net_eoy,2005,2005-12-30 15:00:00,0.0026160670677117656,0.010900279448799033,True
q100_activation_90,q100_activation,official_start,annual_net_eoy,2006,2006-12-29 15:00:00,0.0034485890239388767,0.01436912093307864,True
q100_activation_90,q100_activation,official_start,annual_net_eoy,2007,2007-12-31 15:00:00,0.03808453235533834,0.0014853312109759749,True
q100_activation_90,q100_activation,official_start,annual_net_eoy,2008,2008-12-31 15:00:00,0.0118056265538542,0.04919011064105924,True
q100_activation_90,q100_activation,official_start,annual_net_eoy,2009,2009-12-31 15:00:00,0.005029957037355689,0.020958154322315355,True
q100_activation_90,q100_activation,official_start,annual_net_eoy,2010,2010-12-31 15:00:00,0.04028763523377118,0.010462636454384455,True
q100_activation_90,q100_activation,official_start,annual_net_eoy,2011,2011-12-30 15:00:00,0.17205405957975542,0.03374012038233776,True
q100_activation_90,q100_activation,official_start,annual_net_eoy,2012,2012-12-31 15:00:00,0.10348626055999789,0.012626131032625063,True
q100_activation_90,q100_activation,official_start,annual_net_eoy,2013,2013-12-31 15:00:00,0.6881299351694399,0.01030814976186161,True
q100_activation_90,q100_activation,official_start,annual_net_eoy,2014,2014-12-31 15:00:00,0.11802819282573863,0.0029031459317076435,True
q100_activation_90,q100_activation,official_start,annual_net_eoy,2015,2015-12-31 15:00:00,1.011853654564853,0.08244307528295955,True
q100_activation_90,q100_activation,official_start,annual_net_eoy,2016,2016-12-30 15:00:00,0.026594203670125455,0.11080918195885614,True
q100_activation_90,q100_activation,official_start,annual_net_eoy,2017,2017-12-29 15:00:00,2.1006312324832916,0.034828905089021665,True
q100_activation_90,q100_activation,official_start,annual_net_eoy,2018,2018-12-31 15:00:00,2.8867362124329192,0.3235074106144906,True
q100_activation_90,q100_activation,official_start,annual_net_eoy,2019,2019-12-31 15:00:00,0.02971365134047498,0.12380688058531232,True
q100_activation_90,q100_activation,official_start,annual_net_eoy,2020,2020-12-31 15:00:00,14.356534226303408,0.4822450781417707,True
q100_activation_90,q100_activation,official_start,annual_net_eoy,2021,2021-12-31 15:00:00,8.691224773932959,1.3614936929836996,True
q100_activation_90,q100_activation,official_start,annual_net_eoy,2022,2022-12-30 15:00:00,2.843616946588166,3.2075540185145317,True
q100_activation_90,q100_activation,official_start,annual_net_eoy,2023,2023-12-29 15:00:00,21.188994336218958,0.5382488368654736,True
q100_activation_90,q100_activation,official_start,annual_net_eoy,2024,2024-12-31 15:00:00,39.47323118767726,2.0634331732322817,True
q100_activation_90,q100_activation,official_start,annual_net_eoy,2025,2025-12-31 15:00:00,67.93441181857797,4.217983578040833,True
q100_activation_90,q100_activation,official_start,annual_net_eoy,2026,2026-06-01 15:00:00,129.61729013148098,0.9429509712025318,True
q100_activation_100,q100_activation,official_start,annual_net_eoy,2002,2002-12-31 15:00:00,0.006169100610435654,0.025704585876815202,True
q100_activation_100,q100_activation,official_start,annual_net_eoy,2003,2003-12-31 15:00:00,0.0016356587152117294,0.006815244646715542,True
q100_activation_100,q100_activation,official_start,annual_net_eoy,2004,2004-12-31 15:00:00,0.19032206963418638,0.019913218736166197,True
q100_activation_100,q100_activation,official_start,annual_net_eoy,2005,2005-12-30 15:00:00,0.0026160670677117656,0.010900279448799033,True
q100_activation_100,q100_activation,official_start,annual_net_eoy,2006,2006-12-29 15:00:00,0.0034485890239388767,0.01436912093307864,True
q100_activation_100,q100_activation,official_start,annual_net_eoy,2007,2007-12-31 15:00:00,0.011937106216034188,0.0007369591550589311,True
q100_activation_100,q100_activation,official_start,annual_net_eoy,2008,2008-12-31 15:00:00,0.011238644040781955,0.04682768350325819,True
q100_activation_100,q100_activation,official_start,annual_net_eoy,2009,2009-12-31 15:00:00,0.0047883859806501575,0.01995160825270898,True
q100_activation_100,q100_activation,official_start,annual_net_eoy,2010,2010-12-31 15:00:00,0.03835276252147853,0.009960153008613313,True
q100_activation_100,q100_activation,official_start,annual_net_eoy,2011,2011-12-30 15:00:00,0.14885488869820432,0.02918352077329571,True
q100_activation_100,q100_activation,official_start,annual_net_eoy,2012,2012-12-31 15:00:00,0.09665027718583953,0.011792087736907302,True
q100_activation_100,q100_activation,official_start,annual_net_eoy,2013,2013-12-31 15:00:00,0.5753414607662235,0.007111388154785669,True
q100_activation_100,q100_activation,official_start,annual_net_eoy,2014,2014-12-31 15:00:00,0.13910128115144635,0.0025753978978392575,True
q100_activation_100,q100_activation,official_start,annual_net_eoy,2015,2015-12-31 15:00:00,0.977351266971388,0.07738629752420269,True
q100_activation_100,q100_activation,official_start,annual_net_eoy,2016,2016-12-30 15:00:00,0.024888546340803428,0.10370227642001414,True
q100_activation_100,q100_activation,official_start,annual_net_eoy,2017,2017-12-29 15:00:00,1.9659042407548892,0.03259510339395191,True
q100_activation_100,q100_activation,official_start,annual_net_eoy,2018,2018-12-31 15:00:00,2.7015912522893433,0.3027587996446321,True
q100_activation_100,q100_activation,official_start,annual_net_eoy,2019,2019-12-31 15:00:00,0.027807923768465113,0.1158663490352714,True
q100_activation_100,q100_activation,official_start,annual_net_eoy,2020,2020-12-31 15:00:00,13.458782924431729,0.3724346584935177,True
q100_activation_100,q100_activation,official_start,annual_net_eoy,2021,2021-12-31 15:00:00,8.168043188037103,1.243892194279423,True
q100_activation_100,q100_activation,official_start,annual_net_eoy,2022,2022-12-30 15:00:00,3.6744997217396227,3.145666748032872,True
q100_activation_100,q100_activation,official_start,annual_net_eoy,2023,2023-12-29 15:00:00,14.67528707792947,0.42945031072908413,True
q100_activation_100,q100_activation,official_start,annual_net_eoy,2024,2024-12-31 15:00:00,41.04407626355387,2.0134953765524504,True
q100_activation_100,q100_activation,official_start,annual_net_eoy,2025,2025-12-31 15:00:00,27.654768986416975,3.768556111245627,True
q100_activation_100,q100_activation,official_start,annual_net_eoy,2026,2026-06-01 15:00:00,159.84822569817723,0.9240737817969453,True
q100_activation_110,q100_activation,official_start,annual_net_eoy,2002,2002-12-31 15:00:00,0.006169100610435654,0.025704585876815202,True
q100_activation_110,q100_activation,official_start,annual_net_eoy,2003,2003-12-31 15:00:00,0.0016356587152117294,0.006815244646715542,True
q100_activation_110,q100_activation,official_start,annual_net_eoy,2004,2004-12-31 15:00:00,0.19032206963418638,0.019913218736166197,True
q100_activation_110,q100_activation,official_start,annual_net_eoy,2005,2005-12-30 15:00:00,0.0026160670677117656,0.010900279448799033,True
q100_activation_110,q100_activation,official_start,annual_net_eoy,2006,2006-12-29 15:00:00,0.0034485890239388767,0.01436912093307864,True
q100_activation_110,q100_activation,official_start,annual_net_eoy,2007,2007-12-31 15:00:00,0.011937106216034188,0.0007369591550589311,True
q100_activation_110,q100_activation,official_start,annual_net_eoy,2008,2008-12-31 15:00:00,0.011238644040781955,0.04682768350325819,True
q100_activation_110,q100_activation,official_start,annual_net_eoy,2009,2009-12-31 15:00:00,0.0047883859806501575,0.01995160825270898,True
q100_activation_110,q100_activation,official_start,annual_net_eoy,2010,2010-12-31 15:00:00,0.03835276252147853,0.009960153008613313,True
q100_activation_110,q100_activation,official_start,annual_net_eoy,2011,2011-12-30 15:00:00,0.16254877457199768,0.02869110720706529,True
q100_activation_110,q100_activation,official_start,annual_net_eoy,2012,2012-12-31 15:00:00,0.09843142548334262,0.012009401723045402,True
q100_activation_110,q100_activation,official_start,annual_net_eoy,2013,2013-12-31 15:00:00,0.600997688316515,0.005277757317912638,True
q100_activation_110,q100_activation,official_start,annual_net_eoy,2014,2014-12-31 15:00:00,0.00018226166496427635,0.000759423604017818,True
q100_activation_110,q100_activation,official_start,annual_net_eoy,2015,2015-12-31 15:00:00,1.1256470914576857,0.0795365047250756,True
q100_activation_110,q100_activation,official_start,annual_net_eoy,2016,2016-12-30 15:00:00,0.02525281354927029,0.10522005645529288,True
q100_activation_110,q100_activation,official_start,annual_net_eoy,2017,2017-12-29 15:00:00,2.07066936096494,0.024666235697602134,True
q100_activation_110,q100_activation,official_start,annual_net_eoy,2018,2018-12-31 15:00:00,2.9634114845823265,0.31291328242265787,True
q100_activation_110,q100_activation,official_start,annual_net_eoy,2019,2019-12-31 15:00:00,0.029350882641985748,0.12229534434160724,True
q100_activation_110,q100_activation,official_start,annual_net_eoy,2020,2020-12-31 15:00:00,12.011980111600831,0.2741960693673412,True
q100_activation_110,q100_activation,official_start,annual_net_eoy,2021,2021-12-31 15:00:00,8.032110742581164,1.3150594660718553,True
q100_activation_110,q100_activation,official_start,annual_net_eoy,2022,2022-12-30 15:00:00,6.21762127293781,3.3989422136308303,True
q100_activation_110,q100_activation,official_start,annual_net_eoy,2023,2023-12-29 15:00:00,15.550172871136079,0.45505253395987144,True
q100_activation_110,q100_activation,official_start,annual_net_eoy,2024,2024-12-31 15:00:00,43.49097076228415,2.1335324491002337,True
q100_activation_110,q100_activation,official_start,annual_net_eoy,2025,2025-12-31 15:00:00,29.30344300363713,3.9932233484262434,True
q100_activation_110,q100_activation,official_start,annual_net_eoy,2026,2026-06-01 15:00:00,169.37777977027028,0.9791636086109441,True
q100_activation_120,q100_activation,official_start,annual_net_eoy,2002,2002-12-31 15:00:00,0.006169100610435654,0.025704585876815202,True
q100_activation_120,q100_activation,official_start,annual_net_eoy,2003,2003-12-31 15:00:00,0.0016356587152117294,0.006815244646715542,True
q100_activation_120,q100_activation,official_start,annual_net_eoy,2004,2004-12-31 15:00:00,0.19032206963418638,0.019913218736166197,True
q100_activation_120,q100_activation,official_start,annual_net_eoy,2005,2005-12-30 15:00:00,0.0026160670677117656,0.010900279448799033,True
q100_activation_120,q100_activation,official_start,annual_net_eoy,2006,2006-12-29 15:00:00,0.0034485890239388767,0.01436912093307864,True
q100_activation_120,q100_activation,official_start,annual_net_eoy,2007,2007-12-31 15:00:00,0.011937106216034188,0.0007369591550589311,True
q100_activation_120,q100_activation,official_start,annual_net_eoy,2008,2008-12-31 15:00:00,0.011238644040781955,0.04682768350325819,True
q100_activation_120,q100_activation,official_start,annual_net_eoy,2009,2009-12-31 15:00:00,0.0047883859806501575,0.01995160825270898,True
q100_activation_120,q100_activation,official_start,annual_net_eoy,2010,2010-12-31 15:00:00,0.03835276252147853,0.009960153008613313,True
q100_activation_120,q100_activation,official_start,annual_net_eoy,2011,2011-12-30 15:00:00,0.1347459486351249,0.02666885926007609,True
q100_activation_120,q100_activation,official_start,annual_net_eoy,2012,2012-12-31 15:00:00,0.09488303673774001,0.011576470616884531,True
q100_activation_120,q100_activation,official_start,annual_net_eoy,2013,2013-12-31 15:00:00,0.3823494310418217,0.0025400335286879247,True
q100_activation_120,q100_activation,official_start,annual_net_eoy,2014,2014-12-31 15:00:00,0.00017679063330069573,0.0007366276387528991,True
q100_activation_120,q100_activation,official_start,annual_net_eoy,2015,2015-12-31 15:00:00,1.2417494663173436,0.07703828345004742,True
q100_activation_120,q100_activation,official_start,annual_net_eoy,2016,2016-12-30 15:00:00,0.024050449419152825,0.10021020591313677,True
q100_activation_120,q100_activation,official_start,annual_net_eoy,2017,2017-12-29 15:00:00,0.9060855798677715,0.009646716492433823,True
q100_activation_120,q100_activation,official_start,annual_net_eoy,2018,2018-12-31 15:00:00,3.641143040370745,0.2939604207228733,True
q100_activation_120,q100_activation,official_start,annual_net_eoy,2019,2019-12-31 15:00:00,0.026832849334369805,0.11180353889320747,True
q100_activation_120,q100_activation,official_start,annual_net_eoy,2020,2020-12-31 15:00:00,11.05981280662285,0.20597429309092133,True
q100_activation_120,q100_activation,official_start,annual_net_eoy,2021,2021-12-31 15:00:00,7.3267729258786645,1.2036694457891368,True
q100_activation_120,q100_activation,official_start,annual_net_eoy,2022,2022-12-30 15:00:00,5.67068279385178,3.111624724038776,True
q100_activation_120,q100_activation,official_start,annual_net_eoy,2023,2023-12-29 15:00:00,15.064055760077219,0.37934791499256565,True
q100_activation_120,q100_activation,official_start,annual_net_eoy,2024,2024-12-31 15:00:00,40.27049278689568,1.9803449101570265,True
q100_activation_120,q100_activation,official_start,annual_net_eoy,2025,2025-12-31 15:00:00,27.123576115124425,3.707337309027115,True
q100_activation_120,q100_activation,official_start,annual_net_eoy,2026,2026-06-01 15:00:00,157.27113218196558,0.9091757462312157,True
q100_activation_130,q100_activation,official_start,annual_net_eoy,2002,2002-12-31 15:00:00,0.006169100610435654,0.025704585876815202,True
q100_activation_130,q100_activation,official_start,annual_net_eoy,2003,2003-12-31 15:00:00,0.0016356587152117294,0.006815244646715542,True
q100_activation_130,q100_activation,official_start,annual_net_eoy,2004,2004-12-31 15:00:00,0.19032206963418638,0.019913218736166197,True
q100_activation_130,q100_activation,official_start,annual_net_eoy,2005,2005-12-30 15:00:00,0.0026160670677117656,0.010900279448799033,True
q100_activation_130,q100_activation,official_start,annual_net_eoy,2006,2006-12-29 15:00:00,0.0034485890239388767,0.01436912093307864,True
q100_activation_130,q100_activation,official_start,annual_net_eoy,2007,2007-12-31 15:00:00,0.011937106216034188,0.0007369591550589311,True
q100_activation_130,q100_activation,official_start,annual_net_eoy,2008,2008-12-31 15:00:00,0.011238644040781955,0.04682768350325819,True
q100_activation_130,q100_activation,official_start,annual_net_eoy,2009,2009-12-31 15:00:00,0.0047883859806501575,0.01995160825270898,True
q100_activation_130,q100_activation,official_start,annual_net_eoy,2010,2010-12-31 15:00:00,0.03835276252147853,0.009960153008613313,True
q100_activation_130,q100_activation,official_start,annual_net_eoy,2011,2011-12-30 15:00:00,0.1347459486351249,0.02666885926007609,True
q100_activation_130,q100_activation,official_start,annual_net_eoy,2012,2012-12-31 15:00:00,0.09488303673774001,0.011576470616884531,True
q100_activation_130,q100_activation,official_start,annual_net_eoy,2013,2013-12-31 15:00:00,0.00021780963998569225,0.000907540166607051,True
q100_activation_130,q100_activation,official_start,annual_net_eoy,2014,2014-12-31 15:00:00,0.0,0.0,False
q100_activation_130,q100_activation,official_start,annual_net_eoy,2015,2015-12-31 15:00:00,1.664488459892226,0.08081843492872724,True
q100_activation_130,q100_activation,official_start,annual_net_eoy,2016,2016-12-30 15:00:00,0.024253109698671248,0.10105462374446346,True
q100_activation_130,q100_activation,official_start,annual_net_eoy,2017,2017-12-29 15:00:00,1.0019499436541934,0.00500118982704034,True
q100_activation_130,q100_activation,official_start,annual_net_eoy,2018,2018-12-31 15:00:00,3.6717158817080247,0.28874942292868877,True
q100_activation_130,q100_activation,official_start,annual_net_eoy,2019,2019-12-31 15:00:00,0.027447279921054682,0.1143636663377279,True
q100_activation_130,q100_activation,official_start,annual_net_eoy,2020,2020-12-31 15:00:00,7.841489640226259,0.12590164956249764,True
q100_activation_130,q100_activation,official_start,annual_net_eoy,2021,2021-12-31 15:00:00,7.98274728786839,1.156254875454424,True
q100_activation_130,q100_activation,official_start,annual_net_eoy,2022,2022-12-30 15:00:00,6.208207458528899,2.9669596856983045,True
q100_activation_130,q100_activation,official_start,annual_net_eoy,2023,2023-12-29 15:00:00,0.05608666826101149,0.2336944510875479,True
q100_activation_130,q100_activation,official_start,annual_net_eoy,2024,2024-12-31 15:00:00,44.68086073477203,1.8812876402937841,True
q100_activation_130,q100_activation,official_start,annual_net_eoy,2025,2025-12-31 15:00:00,30.668389077321407,3.4675687073288533,True
q100_activation_130,q100_activation,official_start,annual_net_eoy,2026,2026-06-01 15:00:00,145.83359639235226,0.8430559822777396,True
q100_trim_to_50,q100_trim_weight,official_start,annual_net_eoy,2002,2002-12-31 15:00:00,0.006169100610435654,0.025704585876815202,True
q100_trim_to_50,q100_trim_weight,official_start,annual_net_eoy,2003,2003-12-31 15:00:00,0.0016356587152117294,0.006815244646715542,True
q100_trim_to_50,q100_trim_weight,official_start,annual_net_eoy,2004,2004-12-31 15:00:00,0.19032206963418638,0.019913218736166197,True
q100_trim_to_50,q100_trim_weight,official_start,annual_net_eoy,2005,2005-12-30 15:00:00,0.0026160670677117656,0.010900279448799033,True
q100_trim_to_50,q100_trim_weight,official_start,annual_net_eoy,2006,2006-12-29 15:00:00,0.0034485890239388767,0.01436912093307864,True
q100_trim_to_50,q100_trim_weight,official_start,annual_net_eoy,2007,2007-12-31 15:00:00,0.011937106216034188,0.0007369591550589311,True
q100_trim_to_50,q100_trim_weight,official_start,annual_net_eoy,2008,2008-12-31 15:00:00,0.011238644040781955,0.04682768350325819,True
q100_trim_to_50,q100_trim_weight,official_start,annual_net_eoy,2009,2009-12-31 15:00:00,0.0047883859806501575,0.01995160825270898,True
q100_trim_to_50,q100_trim_weight,official_start,annual_net_eoy,2010,2010-12-31 15:00:00,0.03835276252147853,0.009960153008613313,True
q100_trim_to_50,q100_trim_weight,official_start,annual_net_eoy,2011,2011-12-30 15:00:00,0.16254877457199768,0.02869110720706529,True
q100_trim_to_50,q100_trim_weight,official_start,annual_net_eoy,2012,2012-12-31 15:00:00,0.09843142548334262,0.012009401723045402,True
q100_trim_to_50,q100_trim_weight,official_start,annual_net_eoy,2013,2013-12-31 15:00:00,0.600997688316515,0.005277757317912638,True
q100_trim_to_50,q100_trim_weight,official_start,annual_net_eoy,2014,2014-12-31 15:00:00,0.00018226166496427635,0.000759423604017818,True
q100_trim_to_50,q100_trim_weight,official_start,annual_net_eoy,2015,2015-12-31 15:00:00,1.1256470914576857,0.0795365047250756,True
q100_trim_to_50,q100_trim_weight,official_start,annual_net_eoy,2016,2016-12-30 15:00:00,0.02525281354927029,0.10522005645529288,True
q100_trim_to_50,q100_trim_weight,official_start,annual_net_eoy,2017,2017-12-29 15:00:00,2.07066936096494,0.024666235697602134,True
q100_trim_to_50,q100_trim_weight,official_start,annual_net_eoy,2018,2018-12-31 15:00:00,2.9634114845823265,0.31291328242265787,True
q100_trim_to_50,q100_trim_weight,official_start,annual_net_eoy,2019,2019-12-31 15:00:00,0.029350882641985748,0.12229534434160724,True
q100_trim_to_50,q100_trim_weight,official_start,annual_net_eoy,2020,2020-12-31 15:00:00,12.011980111600831,0.2741960693673412,True
q100_trim_to_50,q100_trim_weight,official_start,annual_net_eoy,2021,2021-12-31 15:00:00,8.032110742581164,1.3150594660718553,True
q100_trim_to_50,q100_trim_weight,official_start,annual_net_eoy,2022,2022-12-30 15:00:00,6.21762127293781,3.3989422136308303,True
q100_trim_to_50,q100_trim_weight,official_start,annual_net_eoy,2023,2023-12-29 15:00:00,15.550172871136079,0.45505253395987144,True
q100_trim_to_50,q100_trim_weight,official_start,annual_net_eoy,2024,2024-12-31 15:00:00,43.49097076228415,2.1335324491002337,True
q100_trim_to_50,q100_trim_weight,official_start,annual_net_eoy,2025,2025-12-31 15:00:00,29.30344300363713,3.9932233484262434,True
q100_trim_to_50,q100_trim_weight,official_start,annual_net_eoy,2026,2026-06-01 15:00:00,169.37777977027028,0.9791636086109441,True
q100_trim_to_60,q100_trim_weight,official_start,annual_net_eoy,2002,2002-12-31 15:00:00,0.006169100610435654,0.025704585876815202,True
q100_trim_to_60,q100_trim_weight,official_start,annual_net_eoy,2003,2003-12-31 15:00:00,0.0016356587152117294,0.006815244646715542,True
q100_trim_to_60,q100_trim_weight,official_start,annual_net_eoy,2004,2004-12-31 15:00:00,0.19032206963418638,0.019913218736166197,True
q100_trim_to_60,q100_trim_weight,official_start,annual_net_eoy,2005,2005-12-30 15:00:00,0.0026160670677117656,0.010900279448799033,True
q100_trim_to_60,q100_trim_weight,official_start,annual_net_eoy,2006,2006-12-29 15:00:00,0.0034485890239388767,0.01436912093307864,True
q100_trim_to_60,q100_trim_weight,official_start,annual_net_eoy,2007,2007-12-31 15:00:00,0.011937106216034188,0.0007369591550589311,True
q100_trim_to_60,q100_trim_weight,official_start,annual_net_eoy,2008,2008-12-31 15:00:00,0.011238644040781955,0.04682768350325819,True
q100_trim_to_60,q100_trim_weight,official_start,annual_net_eoy,2009,2009-12-31 15:00:00,0.0047883859806501575,0.01995160825270898,True
q100_trim_to_60,q100_trim_weight,official_start,annual_net_eoy,2010,2010-12-31 15:00:00,0.03835276252147853,0.009960153008613313,True
q100_trim_to_60,q100_trim_weight,official_start,annual_net_eoy,2011,2011-12-30 15:00:00,0.15696644805534254,0.028286755098844842,True
q100_trim_to_60,q100_trim_weight,official_start,annual_net_eoy,2012,2012-12-31 15:00:00,0.0977228759042346,0.011922953147355092,True
q100_trim_to_60,q100_trim_weight,official_start,annual_net_eoy,2013,2013-12-31 15:00:00,0.5030419473204556,0.004369527762483433,True
q100_trim_to_60,q100_trim_weight,official_start,annual_net_eoy,2014,2014-12-31 15:00:00,0.00014627064347608708,0.0006094610144836961,True
q100_trim_to_60,q100_trim_weight,official_start,annual_net_eoy,2015,2015-12-31 15:00:00,1.1997518957752773,0.07949046737572583,True
q100_trim_to_60,q100_trim_weight,official_start,annual_net_eoy,2016,2016-12-30 15:00:00,0.025036235443709875,0.10431764768212447,True
q100_trim_to_60,q100_trim_weight,official_start,annual_net_eoy,2017,2017-12-29 15:00:00,1.7715441418448623,0.019467857120580023,True
q100_trim_to_60,q100_trim_weight,official_start,annual_net_eoy,2018,2018-12-31 15:00:00,3.0186644136492347,0.2969676546661663,True
q100_trim_to_60,q100_trim_weight,official_start,annual_net_eoy,2019,2019-12-31 15:00:00,0.028346663805483265,0.1181110991895136,True
q100_trim_to_60,q100_trim_weight,official_start,annual_net_eoy,2020,2020-12-31 15:00:00,10.180498772490534,0.22199483971768363,True
q100_trim_to_60,q100_trim_weight,official_start,annual_net_eoy,2021,2021-12-31 15:00:00,7.9087644767275505,1.235974323715622,True
q100_trim_to_60,q100_trim_weight,official_start,annual_net_eoy,2022,2022-12-30 15:00:00,6.134796212389445,3.186123635435256,True
q100_trim_to_60,q100_trim_weight,official_start,annual_net_eoy,2023,2023-12-29 15:00:00,11.639867625886058,0.3907206749044738,True
q100_trim_to_60,q100_trim_weight,official_start,annual_net_eoy,2024,2024-12-31 15:00:00,42.10823738157025,2.001447974212635,True
q100_trim_to_60,q100_trim_weight,official_start,annual_net_eoy,2025,2025-12-31 15:00:00,28.50172161516946,3.7349325374773086,True
q100_trim_to_60,q100_trim_weight,official_start,annual_net_eoy,2026,2026-06-01 15:00:00,158.16070555004296,0.9143183208380627,True
q100_trim_to_75,q100_trim_weight,official_start,annual_net_eoy,2002,2002-12-31 15:00:00,0.006169100610435654,0.025704585876815202,True
q100_trim_to_75,q100_trim_weight,official_start,annual_net_eoy,2003,2003-12-31 15:00:00,0.0016356587152117294,0.006815244646715542,True
q100_trim_to_75,q100_trim_weight,official_start,annual_net_eoy,2004,2004-12-31 15:00:00,0.19032206963418638,0.019913218736166197,True
q100_trim_to_75,q100_trim_weight,official_start,annual_net_eoy,2005,2005-12-30 15:00:00,0.0026160670677117656,0.010900279448799033,True
q100_trim_to_75,q100_trim_weight,official_start,annual_net_eoy,2006,2006-12-29 15:00:00,0.0034485890239388767,0.01436912093307864,True
q100_trim_to_75,q100_trim_weight,official_start,annual_net_eoy,2007,2007-12-31 15:00:00,0.011937106216034188,0.0007369591550589311,True
q100_trim_to_75,q100_trim_weight,official_start,annual_net_eoy,2008,2008-12-31 15:00:00,0.011238644040781955,0.04682768350325819,True
q100_trim_to_75,q100_trim_weight,official_start,annual_net_eoy,2009,2009-12-31 15:00:00,0.0047883859806501575,0.01995160825270898,True
q100_trim_to_75,q100_trim_weight,official_start,annual_net_eoy,2010,2010-12-31 15:00:00,0.03835276252147853,0.009960153008613313,True
q100_trim_to_75,q100_trim_weight,official_start,annual_net_eoy,2011,2011-12-30 15:00:00,0.14861311742275565,0.027680135547910333,True
q100_trim_to_75,q100_trim_weight,official_start,annual_net_eoy,2012,2012-12-31 15:00:00,0.09665900390099995,0.011793152464229626,True
q100_trim_to_75,q100_trim_weight,official_start,annual_net_eoy,2013,2013-12-31 15:00:00,0.33486330486248944,0.0030393642322390376,True
q100_trim_to_75,q100_trim_weight,official_start,annual_net_eoy,2014,2014-12-31 15:00:00,9.219557115123982e-05,0.0003841482131301659,True
q100_trim_to_75,q100_trim_weight,official_start,annual_net_eoy,2015,2015-12-31 15:00:00,1.3409801549482603,0.07971527196468624,True
q100_trim_to_75,q100_trim_weight,official_start,annual_net_eoy,2016,2016-12-30 15:00:00,0.02473466479719965,0.10306110332166522,True
q100_trim_to_75,q100_trim_weight,official_start,annual_net_eoy,2017,2017-12-29 15:00:00,1.200883535681443,0.011932281208550884,True
q100_trim_to_75,q100_trim_weight,official_start,annual_net_eoy,2018,2018-12-31 15:00:00,3.2561147306114475,0.28533350652949485,True
q100_trim_to_75,q100_trim_weight,official_start,annual_net_eoy,2019,2019-12-31 15:00:00,0.026896818819918372,0.1120700784163266,True
q100_trim_to_75,q100_trim_weight,official_start,annual_net_eoy,2020,2020-12-31 15:00:00,7.043489568688809,0.1523367791816959,True
q100_trim_to_75,q100_trim_weight,official_start,annual_net_eoy,2021,2021-12-31 15:00:00,8.101669966715948,1.1341646403811747,True
q100_trim_to_75,q100_trim_weight,official_start,annual_net_eoy,2022,2022-12-30 15:00:00,6.306032999506192,2.9039274365691483,True
q100_trim_to_75,q100_trim_weight,official_start,annual_net_eoy,2023,2023-12-29 15:00:00,6.602298835768688,0.30650957981999066,True
q100_trim_to_75,q100_trim_weight,official_start,annual_net_eoy,2024,2024-12-31 15:00:00,40.12133002200892,1.820573934066075,True
q100_trim_to_75,q100_trim_weight,official_start,annual_net_eoy,2025,2025-12-31 15:00:00,27.32027217510436,3.3820238054912886,True
q100_trim_to_75,q100_trim_weight,official_start,annual_net_eoy,2026,2026-06-01 15:00:00,142.85511517539982,0.8258375465388424,True
q100_reentry_ma20,q100_reentry,official_start,annual_net_eoy,2002,2002-12-31 15:00:00,0.006169100610435654,0.025704585876815202,True
q100_reentry_ma20,q100_reentry,official_start,annual_net_eoy,2003,2003-12-31 15:00:00,0.0016356587152117294,0.006815244646715542,True
q100_reentry_ma20,q100_reentry,official_start,annual_net_eoy,2004,2004-12-31 15:00:00,0.19032206963418638,0.019913218736166197,True
q100_reentry_ma20,q100_reentry,official_start,annual_net_eoy,2005,2005-12-30 15:00:00,0.0026160670677117656,0.010900279448799033,True
q100_reentry_ma20,q100_reentry,official_start,annual_net_eoy,2006,2006-12-29 15:00:00,0.0034485890239388767,0.01436912093307864,True
q100_reentry_ma20,q100_reentry,official_start,annual_net_eoy,2007,2007-12-31 15:00:00,0.011937106216034188,0.0007369591550589311,True
q100_reentry_ma20,q100_reentry,official_start,annual_net_eoy,2008,2008-12-31 15:00:00,0.011238644040781955,0.04682768350325819,True
q100_reentry_ma20,q100_reentry,official_start,annual_net_eoy,2009,2009-12-31 15:00:00,0.0047883859806501575,0.01995160825270898,True
q100_reentry_ma20,q100_reentry,official_start,annual_net_eoy,2010,2010-12-31 15:00:00,0.03835276252147853,0.009960153008613313,True
q100_reentry_ma20,q100_reentry,official_start,annual_net_eoy,2011,2011-12-30 15:00:00,0.16254877457199768,0.02869110720706529,True
q100_reentry_ma20,q100_reentry,official_start,annual_net_eoy,2012,2012-12-31 15:00:00,0.09843142548334262,0.012009401723045402,True
q100_reentry_ma20,q100_reentry,official_start,annual_net_eoy,2013,2013-12-31 15:00:00,0.600997688316515,0.005277757317912638,True
q100_reentry_ma20,q100_reentry,official_start,annual_net_eoy,2014,2014-12-31 15:00:00,0.00018226166496427635,0.000759423604017818,True
q100_reentry_ma20,q100_reentry,official_start,annual_net_eoy,2015,2015-12-31 15:00:00,1.1256470914576857,0.0795365047250756,True
q100_reentry_ma20,q100_reentry,official_start,annual_net_eoy,2016,2016-12-30 15:00:00,0.02525281354927029,0.10522005645529288,True
q100_reentry_ma20,q100_reentry,official_start,annual_net_eoy,2017,2017-12-29 15:00:00,2.07066936096494,0.024666235697602134,True
q100_reentry_ma20,q100_reentry,official_start,annual_net_eoy,2018,2018-12-31 15:00:00,2.9634114845823265,0.31291328242265787,True
q100_reentry_ma20,q100_reentry,official_start,annual_net_eoy,2019,2019-12-31 15:00:00,0.029350882641985748,0.12229534434160724,True
q100_reentry_ma20,q100_reentry,official_start,annual_net_eoy,2020,2020-12-31 15:00:00,12.011980111600831,0.2741960693673412,True
q100_reentry_ma20,q100_reentry,official_start,annual_net_eoy,2021,2021-12-31 15:00:00,8.032110742581164,1.3150594660718553,True
q100_reentry_ma20,q100_reentry,official_start,annual_net_eoy,2022,2022-12-30 15:00:00,6.21762127293781,3.3989422136308303,True
q100_reentry_ma20,q100_reentry,official_start,annual_net_eoy,2023,2023-12-29 15:00:00,15.550172871136079,0.45505253395987144,True
q100_reentry_ma20,q100_reentry,official_start,annual_net_eoy,2024,2024-12-31 15:00:00,43.49097076228415,2.1335324491002337,True
q100_reentry_ma20,q100_reentry,official_start,annual_net_eoy,2025,2025-12-31 15:00:00,29.30344300363713,3.9932233484262434,True
q100_reentry_ma20,q100_reentry,official_start,annual_net_eoy,2026,2026-06-01 15:00:00,169.37777977027028,0.9791636086109441,True
q100_reentry_ma50,q100_reentry,official_start,annual_net_eoy,2002,2002-12-31 15:00:00,0.006169100610435654,0.025704585876815202,True
q100_reentry_ma50,q100_reentry,official_start,annual_net_eoy,2003,2003-12-31 15:00:00,0.0016356587152117294,0.006815244646715542,True
q100_reentry_ma50,q100_reentry,official_start,annual_net_eoy,2004,2004-12-31 15:00:00,0.19032206963418638,0.019913218736166197,True
q100_reentry_ma50,q100_reentry,official_start,annual_net_eoy,2005,2005-12-30 15:00:00,0.0026160670677117656,0.010900279448799033,True
q100_reentry_ma50,q100_reentry,official_start,annual_net_eoy,2006,2006-12-29 15:00:00,0.0034485890239388767,0.01436912093307864,True
q100_reentry_ma50,q100_reentry,official_start,annual_net_eoy,2007,2007-12-31 15:00:00,0.011937106216034188,0.0007369591550589311,True
q100_reentry_ma50,q100_reentry,official_start,annual_net_eoy,2008,2008-12-31 15:00:00,0.011238644040781955,0.04682768350325819,True
q100_reentry_ma50,q100_reentry,official_start,annual_net_eoy,2009,2009-12-31 15:00:00,0.0047883859806501575,0.01995160825270898,True
q100_reentry_ma50,q100_reentry,official_start,annual_net_eoy,2010,2010-12-31 15:00:00,0.03835276252147853,0.009960153008613313,True
q100_reentry_ma50,q100_reentry,official_start,annual_net_eoy,2011,2011-12-30 15:00:00,0.17118128294444715,0.029588125763584907,True
q100_reentry_ma50,q100_reentry,official_start,annual_net_eoy,2012,2012-12-31 15:00:00,0.09955560123168068,0.012146559933472566,True
q100_reentry_ma50,q100_reentry,official_start,annual_net_eoy,2013,2013-12-31 15:00:00,0.3732062200418056,0.006286904185804626,True
q100_reentry_ma50,q100_reentry,official_start,annual_net_eoy,2014,2014-12-31 15:00:00,0.0012667869065969015,0.005278278777487103,True
q100_reentry_ma50,q100_reentry,official_start,annual_net_eoy,2015,2015-12-31 15:00:00,1.318193373698566,0.08060606031561873,True
q100_reentry_ma50,q100_reentry,official_start,annual_net_eoy,2016,2016-12-30 15:00:00,0.025113109288064768,0.10463795536693657,True
q100_reentry_ma50,q100_reentry,official_start,annual_net_eoy,2017,2017-12-29 15:00:00,1.6584632834937594,0.04097060258685895,True
q100_reentry_ma50,q100_reentry,official_start,annual_net_eoy,2018,2018-12-31 15:00:00,3.273974108603893,0.3212082474011451,True
q100_reentry_ma50,q100_reentry,official_start,annual_net_eoy,2019,2019-12-31 15:00:00,0.02888161033557439,0.12034004306489332,True
q100_reentry_ma50,q100_reentry,official_start,annual_net_eoy,2020,2020-12-31 15:00:00,8.878844939702079,0.3047924245144531,True
q100_reentry_ma50,q100_reentry,official_start,annual_net_eoy,2021,2021-12-31 15:00:00,8.885412640947807,1.2783667266052674,True
q100_reentry_ma50,q100_reentry,official_start,annual_net_eoy,2022,2022-12-30 15:00:00,6.9114744086994975,3.2789055286605917,True
q100_reentry_ma50,q100_reentry,official_start,annual_net_eoy,2023,2023-12-29 15:00:00,14.893259090199672,0.5058299378735901,True
q100_reentry_ma50,q100_reentry,official_start,annual_net_eoy,2024,2024-12-31 15:00:00,43.23662901859565,2.0959595105223476,True
q100_reentry_ma50,q100_reentry,official_start,annual_net_eoy,2025,2025-12-31 15:00:00,29.183618660469065,3.9185742649013493,True
q100_reentry_ma50,q100_reentry,official_start,annual_net_eoy,2026,2026-06-01 15:00:00,166.10917954574154,0.9602680108808452,True
bear_buf005bp_slope20,bear_filter,official_start,annual_net_eoy,2002,2002-12-31 15:00:00,0.006150204323626702,0.02562585134844457,True
bear_buf005bp_slope20,bear_filter,official_start,annual_net_eoy,2003,2003-12-31 15:00:00,0.0011714838183058758,0.004881182576274482,True
bear_buf005bp_slope20,bear_filter,official_start,annual_net_eoy,2004,2004-12-31 15:00:00,0.08621521882460469,0.01512759392962527,True
bear_buf005bp_slope20,bear_filter,official_start,annual_net_eoy,2005,2005-12-30 15:00:00,0.0020084463930050535,0.00836852663752105,True
bear_buf005bp_slope20,bear_filter,official_start,annual_net_eoy,2006,2006-12-29 15:00:00,0.0026808722217804425,0.011170300924085191,True
bear_buf005bp_slope20,bear_filter,official_start,annual_net_eoy,2007,2007-12-31 15:00:00,0.007220178954544021,0.0005768172519982343,True
bear_buf005bp_slope20,bear_filter,official_start,annual_net_eoy,2008,2008-12-31 15:00:00,0.008850168420498721,0.036875701752078,True
bear_buf005bp_slope20,bear_filter,official_start,annual_net_eoy,2009,2009-12-31 15:00:00,0.0037656577424141457,0.015690240593392264,True
bear_buf005bp_slope20,bear_filter,official_start,annual_net_eoy,2010,2010-12-31 15:00:00,0.03769282388694215,0.007972710321339798,True
bear_buf005bp_slope20,bear_filter,official_start,annual_net_eoy,2011,2011-12-30 15:00:00,0.07792737263633555,0.02153562865922518,True
bear_buf005bp_slope20,bear_filter,official_start,annual_net_eoy,2012,2012-12-31 15:00:00,0.08659858965743839,0.008015600096167289,True
bear_buf005bp_slope20,bear_filter,official_start,annual_net_eoy,2013,2013-12-31 15:00:00,0.44821894371123766,0.00393610633815487,True
bear_buf005bp_slope20,bear_filter,official_start,annual_net_eoy,2014,2014-12-31 15:00:00,0.00013592919330218095,0.0005663716387590873,True
bear_buf005bp_slope20,bear_filter,official_start,annual_net_eoy,2015,2015-12-31 15:00:00,0.8394979883168545,0.059317646019933536,True
bear_buf005bp_slope20,bear_filter,official_start,annual_net_eoy,2016,2016-12-30 15:00:00,0.015858176436137728,0.06607573515057384,True
bear_buf005bp_slope20,bear_filter,official_start,annual_net_eoy,2017,2017-12-29 15:00:00,1.564117869404941,0.01850107977611004,True
bear_buf005bp_slope20,bear_filter,official_start,annual_net_eoy,2018,2018-12-31 15:00:00,2.2212808993260373,0.2345500451108731,True
bear_buf005bp_slope20,bear_filter,official_start,annual_net_eoy,2019,2019-12-31 15:00:00,0.02200050695969825,0.09166877899874265,True
bear_buf005bp_slope20,bear_filter,official_start,annual_net_eoy,2020,2020-12-31 15:00:00,9.00380595938197,0.2055288287585883,True
bear_buf005bp_slope20,bear_filter,official_start,annual_net_eoy,2021,2021-12-31 15:00:00,6.020619906007324,0.9857275942476935,True
bear_buf005bp_slope20,bear_filter,official_start,annual_net_eoy,2022,2022-12-30 15:00:00,4.660535144941765,2.5477411612701775,True
bear_buf005bp_slope20,bear_filter,official_start,annual_net_eoy,2023,2023-12-29 15:00:00,11.467312463121592,0.309800146704988,True
bear_buf005bp_slope20,bear_filter,official_start,annual_net_eoy,2024,2024-12-31 15:00:00,32.29619952996984,1.5863734250490837,True
bear_buf005bp_slope20,bear_filter,official_start,annual_net_eoy,2025,2025-12-31 15:00:00,21.72705395829089,2.8471645390742424,True
bear_buf005bp_slope20,bear_filter,official_start,annual_net_eoy,2026,2026-06-01 15:00:00,116.63858202178801,0.6939225684793683,True
bear_buf005bp_slope20_20gt50,bear_filter,official_start,annual_net_eoy,2002,2002-12-31 15:00:00,0.006150204323626702,0.02562585134844457,True
bear_buf005bp_slope20_20gt50,bear_filter,official_start,annual_net_eoy,2003,2003-12-31 15:00:00,0.0015033280399005641,0.006263866832919019,True
bear_buf005bp_slope20_20gt50,bear_filter,official_start,annual_net_eoy,2004,2004-12-31 15:00:00,0.1456910002597696,0.017867779677114226,True
bear_buf005bp_slope20_20gt50,bear_filter,official_start,annual_net_eoy,2005,2005-12-30 15:00:00,0.0023176617344344785,0.009656923893476995,True
bear_buf005bp_slope20_20gt50,bear_filter,official_start,annual_net_eoy,2006,2006-12-29 15:00:00,0.0030936125479716814,0.012890052283215332,True
bear_buf005bp_slope20_20gt50,bear_filter,official_start,annual_net_eoy,2007,2007-12-31 15:00:00,0.008331779497324367,0.0006656225814012012,True
bear_buf005bp_slope20_20gt50,bear_filter,official_start,annual_net_eoy,2008,2008-12-31 15:00:00,0.01021271803067669,0.04255299179448616,True
bear_buf005bp_slope20_20gt50,bear_filter,official_start,annual_net_eoy,2009,2009-12-31 15:00:00,0.004345408911567691,0.01810587046486541,True
bear_buf005bp_slope20_20gt50,bear_filter,official_start,annual_net_eoy,2010,2010-12-31 15:00:00,0.04349591599247907,0.009200168695492575,True
bear_buf005bp_slope20_20gt50,bear_filter,official_start,annual_net_eoy,2011,2011-12-30 15:00:00,0.14972952728739458,0.0264284116000092,True
bear_buf005bp_slope20_20gt50,bear_filter,official_start,annual_net_eoy,2012,2012-12-31 15:00:00,0.11695206487708708,0.010504218054160387,True
bear_buf005bp_slope20_20gt50,bear_filter,official_start,annual_net_eoy,2013,2013-12-31 15:00:00,0.5721905192895578,0.0050247825559526635,True
bear_buf005bp_slope20_20gt50,bear_filter,official_start,annual_net_eoy,2014,2014-12-31 15:00:00,0.0001735254540073462,0.0007230227250306091,True
bear_buf005bp_slope20_20gt50,bear_filter,official_start,annual_net_eoy,2015,2015-12-31 15:00:00,1.0716922981885861,0.07572414141658,True
bear_buf005bp_slope20_20gt50,bear_filter,official_start,annual_net_eoy,2016,2016-12-30 15:00:00,0.022789310255731086,0.09495545939887963,True
bear_buf005bp_slope20_20gt50,bear_filter,official_start,annual_net_eoy,2017,2017-12-29 15:00:00,1.9070154592868584,0.023089327451753065,True
bear_buf005bp_slope20_20gt50,bear_filter,official_start,annual_net_eoy,2018,2018-12-31 15:00:00,2.778074006621903,0.2933430813600438,True
bear_buf005bp_slope20_20gt50,bear_filter,official_start,annual_net_eoy,2019,2019-12-31 15:00:00,0.02751522175146147,0.11464675729775618,True
bear_buf005bp_slope20_20gt50,bear_filter,official_start,annual_net_eoy,2020,2020-12-31 15:00:00,11.260727674746347,0.2570473175900059,True
bear_buf005bp_slope20_20gt50,bear_filter,official_start,annual_net_eoy,2021,2021-12-31 15:00:00,7.5297670230289535,1.2328131070772335,True
bear_buf005bp_slope20_20gt50,bear_filter,official_start,annual_net_eoy,2022,2022-12-30 15:00:00,5.828759229433281,3.186365802664954,True
bear_buf005bp_slope20_20gt50,bear_filter,official_start,annual_net_eoy,2023,2023-12-29 15:00:00,14.424247242322608,0.42143627682662094,True
bear_buf005bp_slope20_20gt50,bear_filter,official_start,annual_net_eoy,2024,2024-12-31 15:00:00,40.51872523430573,1.9894542178503303,True
bear_buf005bp_slope20_20gt50,bear_filter,official_start,annual_net_eoy,2025,2025-12-31 15:00:00,27.260392481549342,3.570466110640609,True
bear_buf005bp_slope20_20gt50,bear_filter,official_start,annual_net_eoy,2026,2026-06-01 15:00:00,146.26658110962566,0.8701896052485242,True
bear_buf005bp_slope30,bear_filter,official_start,annual_net_eoy,2002,2002-12-31 15:00:00,0.006150204323626702,0.02562585134844457,True
bear_buf005bp_slope30,bear_filter,official_start,annual_net_eoy,2003,2003-12-31 15:00:00,0.0012404658881825733,0.005168607867427388,True
bear_buf005bp_slope30,bear_filter,official_start,annual_net_eoy,2004,2004-12-31 15:00:00,0.11257430609799354,0.01633516027554493,True
bear_buf005bp_slope30,bear_filter,official_start,annual_net_eoy,2005,2005-12-30 15:00:00,0.0022016562619141923,0.009173567757975804,True
bear_buf005bp_slope30,bear_filter,official_start,annual_net_eoy,2006,2006-12-29 15:00:00,0.0028970689139568894,0.012071120474820375,True
bear_buf005bp_slope30,bear_filter,official_start,annual_net_eoy,2007,2007-12-31 15:00:00,0.011787983543169754,0.0006233341955732266,True
bear_buf005bp_slope30,bear_filter,official_start,annual_net_eoy,2008,2008-12-31 15:00:00,0.009541915544853225,0.03975798143688849,True
bear_buf005bp_slope30,bear_filter,official_start,annual_net_eoy,2009,2009-12-31 15:00:00,0.004059989193619627,0.016916621640081772,True
bear_buf005bp_slope30,bear_filter,official_start,annual_net_eoy,2010,2010-12-31 15:00:00,0.040638971496088805,0.008595873539943013,True
bear_buf005bp_slope30,bear_filter,official_start,annual_net_eoy,2011,2011-12-30 15:00:00,0.08401833422807754,0.023218897099821438,True
bear_buf005bp_slope30,bear_filter,official_start,annual_net_eoy,2012,2012-12-31 15:00:00,0.09336731116899258,0.008642115666611959,True
bear_buf005bp_slope30,bear_filter,official_start,annual_net_eoy,2013,2013-12-31 15:00:00,0.4832526459711129,0.0042437603975133366,True
bear_buf005bp_slope30,bear_filter,official_start,annual_net_eoy,2014,2014-12-31 15:00:00,0.00014655369490656128,0.0006106403954440053,True
bear_buf005bp_slope30,bear_filter,official_start,annual_net_eoy,2015,2015-12-31 15:00:00,0.9051148547681862,0.06395403361259595,True
bear_buf005bp_slope30,bear_filter,official_start,annual_net_eoy,2016,2016-12-30 15:00:00,0.018119062025513406,0.07549609177297252,True
bear_buf005bp_slope30,bear_filter,official_start,annual_net_eoy,2017,2017-12-29 15:00:00,1.7420661695278175,0.020288102584988973,True
bear_buf005bp_slope30,bear_filter,official_start,annual_net_eoy,2018,2018-12-31 15:00:00,2.4323013952236177,0.25683217379037154,True
bear_buf005bp_slope30,bear_filter,official_start,annual_net_eoy,2019,2019-12-31 15:00:00,0.024090543339177352,0.10037726391323898,True
bear_buf005bp_slope30,bear_filter,official_start,annual_net_eoy,2020,2020-12-31 15:00:00,9.859162703812936,0.22505395742603546,True
bear_buf005bp_slope30,bear_filter,official_start,annual_net_eoy,2021,2021-12-31 15:00:00,6.592575572920933,1.0793711878252463,True
bear_buf005bp_slope30,bear_filter,official_start,annual_net_eoy,2022,2022-12-30 15:00:00,5.103283487905549,2.7897752072267274,True
bear_buf005bp_slope30,bear_filter,official_start,annual_net_eoy,2023,2023-12-29 15:00:00,12.55670100615296,0.3392309947380587,True
bear_buf005bp_slope30,bear_filter,official_start,annual_net_eoy,2024,2024-12-31 15:00:00,35.36432119008429,1.7370780508954358,True
bear_buf005bp_slope30,bear_filter,official_start,annual_net_eoy,2025,2025-12-31 15:00:00,23.823257552017203,3.2515815744992413,True
bear_buf005bp_slope30,bear_filter,official_start,annual_net_eoy,2026,2026-06-01 15:00:00,137.9291083485289,0.7973605725982058,True
bear_buf005bp_slope30_20gt50,bear_filter,official_start,annual_net_eoy,2002,2002-12-31 15:00:00,0.006150204323626702,0.02562585134844457,True
bear_buf005bp_slope30_20gt50,bear_filter,official_start,annual_net_eoy,2003,2003-12-31 15:00:00,0.0015848102696009417,0.006603376123337259,True
bear_buf005bp_slope30_20gt50,bear_filter,official_start,annual_net_eoy,2004,2004-12-31 15:00:00,0.17682571597069036,0.019294167701604466,True
bear_buf005bp_slope30_20gt50,bear_filter,official_start,annual_net_eoy,2005,2005-12-30 15:00:00,0.0025444260304050693,0.01060177512668779,True
bear_buf005bp_slope30_20gt50,bear_filter,official_start,annual_net_eoy,2006,2006-12-29 15:00:00,0.0033481055531077086,0.01395043980461545,True
bear_buf005bp_slope30_20gt50,bear_filter,official_start,annual_net_eoy,2007,2007-12-31 15:00:00,0.013623222067895367,0.0007203793708828907,True
bear_buf005bp_slope30_20gt50,bear_filter,official_start,annual_net_eoy,2008,2008-12-31 15:00:00,0.011027469960793351,0.045947791503305656,True
bear_buf005bp_slope30_20gt50,bear_filter,official_start,annual_net_eoy,2009,2009-12-31 15:00:00,0.0046920776717558664,0.019550323632316097,True
bear_buf005bp_slope30_20gt50,bear_filter,official_start,annual_net_eoy,2010,2010-12-31 15:00:00,0.046965940465945134,0.00993414129510177,True
bear_buf005bp_slope30_20gt50,bear_filter,official_start,annual_net_eoy,2011,2011-12-30 15:00:00,0.16167467460140483,0.028536821848519668,True
bear_buf005bp_slope30_20gt50,bear_filter,official_start,annual_net_eoy,2012,2012-12-31 15:00:00,0.09790211416526666,0.011944821613348493,True
bear_buf005bp_slope30_20gt50,bear_filter,official_start,annual_net_eoy,2013,2013-12-31 15:00:00,0.5977658456707168,0.005249376374847811,True
bear_buf005bp_slope30_20gt50,bear_filter,official_start,annual_net_eoy,2014,2014-12-31 15:00:00,0.0001812815596610833,0.0007553398319211937,True
bear_buf005bp_slope30_20gt50,bear_filter,official_start,annual_net_eoy,2015,2015-12-31 15:00:00,1.1195939662210883,0.07910880013841061,True
bear_buf005bp_slope30_20gt50,bear_filter,official_start,annual_net_eoy,2016,2016-12-30 15:00:00,0.025117017486587553,0.10465423952744815,True
bear_buf005bp_slope30_20gt50,bear_filter,official_start,annual_net_eoy,2017,2017-12-29 15:00:00,2.059534413732712,0.024533593935431718,True
bear_buf005bp_slope30_20gt50,bear_filter,official_start,annual_net_eoy,2018,2018-12-31 15:00:00,2.9474758498884235,0.3112306029211765,True
bear_buf005bp_slope30_20gt50,bear_filter,official_start,annual_net_eoy,2019,2019-12-31 15:00:00,0.029193049365655414,0.12163770569023089,True
bear_buf005bp_slope30_20gt50,bear_filter,official_start,annual_net_eoy,2020,2020-12-31 15:00:00,11.947386136715863,0.27272159023453235,True
bear_buf005bp_slope30_20gt50,bear_filter,official_start,annual_net_eoy,2021,2021-12-31 15:00:00,7.9889183667397745,1.3079877828577255,True
bear_buf005bp_slope30_20gt50,bear_filter,official_start,annual_net_eoy,2022,2022-12-30 15:00:00,6.1841862465210875,3.3806645286910553,True
bear_buf005bp_slope30_20gt50,bear_filter,official_start,annual_net_eoy,2023,2023-12-29 15:00:00,15.30381130892317,0.44713468584799243,True
bear_buf005bp_slope30_20gt50,bear_filter,official_start,annual_net_eoy,2024,2024-12-31 15:00:00,42.98948257379364,2.1107674768905453,True
bear_buf005bp_slope30_20gt50,bear_filter,official_start,annual_net_eoy,2025,2025-12-31 15:00:00,28.96173994854944,3.950931871073855,True
bear_buf005bp_slope30_20gt50,bear_filter,official_start,annual_net_eoy,2026,2026-06-01 15:00:00,167.59142387958724,0.9688367836722935,True
bear_buf005bp_slope40,bear_filter,official_start,annual_net_eoy,2002,2002-12-31 15:00:00,0.006150204323626702,0.02562585134844457,True
bear_buf005bp_slope40,bear_filter,official_start,annual_net_eoy,2003,2003-12-31 15:00:00,0.0013324860454659593,0.005552025189441496,True
bear_buf005bp_slope40,bear_filter,official_start,annual_net_eoy,2004,2004-12-31 15:00:00,0.09801951404004436,0.015837312363016047,True
bear_buf005bp_slope40,bear_filter,official_start,annual_net_eoy,2005,2005-12-30 15:00:00,0.001817095315774648,0.0075712304823943736,True
bear_buf005bp_slope40,bear_filter,official_start,annual_net_eoy,2006,2006-12-29 15:00:00,0.0030700003590688326,0.012791668162786814,True
bear_buf005bp_slope40,bear_filter,official_start,annual_net_eoy,2007,2007-12-31 15:00:00,0.04380612925700352,0.0006605421759249763,True
bear_buf005bp_slope40,bear_filter,official_start,annual_net_eoy,2008,2008-12-31 15:00:00,0.010043124258937814,0.04184635107890756,True
bear_buf005bp_slope40,bear_filter,official_start,annual_net_eoy,2009,2009-12-31 15:00:00,0.004156791388355036,0.017319964118145993,True
bear_buf005bp_slope40,bear_filter,official_start,annual_net_eoy,2010,2010-12-31 15:00:00,0.03527390693272297,0.008800824682582073,True
bear_buf005bp_slope40,bear_filter,official_start,annual_net_eoy,2011,2011-12-30 15:00:00,0.08621786472900524,0.02382674862220824,True
bear_buf005bp_slope40,bear_filter,official_start,annual_net_eoy,2012,2012-12-31 15:00:00,0.0958115901539594,0.008868359107116848,True
bear_buf005bp_slope40,bear_filter,official_start,annual_net_eoy,2013,2013-12-31 15:00:00,0.49590380055817895,0.004354858534827239,True
bear_buf005bp_slope40,bear_filter,official_start,annual_net_eoy,2014,2014-12-31 15:00:00,0.00015039034942884044,0.0006266264559535019,True
bear_buf005bp_slope40,bear_filter,official_start,annual_net_eoy,2015,2015-12-31 15:00:00,0.9288100130713715,0.06562829731801932,True
bear_buf005bp_slope40,bear_filter,official_start,annual_net_eoy,2016,2016-12-30 15:00:00,0.019407681720062853,0.08086534050026184,True
bear_buf005bp_slope40,bear_filter,official_start,annual_net_eoy,2017,2017-12-29 15:00:00,1.646438303264857,0.019971376696710938,True
bear_buf005bp_slope40,bear_filter,official_start,annual_net_eoy,2018,2018-12-31 15:00:00,2.403328673852269,0.25377287899037854,True
bear_buf005bp_slope40,bear_filter,official_start,annual_net_eoy,2019,2019-12-31 15:00:00,0.025723477149477182,0.1071811547894883,True
bear_buf005bp_slope40,bear_filter,official_start,annual_net_eoy,2020,2020-12-31 15:00:00,9.793580356242344,0.22318830589178815,True
bear_buf005bp_slope40,bear_filter,official_start,annual_net_eoy,2021,2021-12-31 15:00:00,6.536572086851441,1.070202002184136,True
bear_buf005bp_slope40,bear_filter,official_start,annual_net_eoy,2022,2022-12-30 15:00:00,5.059931437927143,2.766076254484095,True
bear_buf005bp_slope40,bear_filter,official_start,annual_net_eoy,2023,2023-12-29 15:00:00,12.450032675680562,0.3363492502547367,True
bear_buf005bp_slope40,bear_filter,official_start,annual_net_eoy,2024,2024-12-31 15:00:00,35.06390366021002,1.7223216896904863,True
bear_buf005bp_slope40,bear_filter,official_start,annual_net_eoy,2025,2025-12-31 15:00:00,23.64437281349739,3.3218439077747095,True
bear_buf005bp_slope40,bear_filter,official_start,annual_net_eoy,2026,2026-06-01 15:00:00,128.76247028418695,0.7613600256619781,True
bear_buf005bp_slope40_20gt50,bear_filter,official_start,annual_net_eoy,2002,2002-12-31 15:00:00,0.006150204323626702,0.02562585134844457,True
bear_buf005bp_slope40_20gt50,bear_filter,official_start,annual_net_eoy,2003,2003-12-31 15:00:00,0.0016935052914556364,0.007056272047731821,True
bear_buf005bp_slope40_20gt50,bear_filter,official_start,annual_net_eoy,2004,2004-12-31 15:00:00,0.15963340978904778,0.018706046672019774,True
bear_buf005bp_slope40_20gt50,bear_filter,official_start,annual_net_eoy,2005,2005-12-30 15:00:00,0.0025214213179901484,0.010505922158292274,True
bear_buf005bp_slope40_20gt50,bear_filter,official_start,annual_net_eoy,2006,2006-12-29 15:00:00,0.003085171396437748,0.012854880818490613,True
bear_buf005bp_slope40_20gt50,bear_filter,official_start,annual_net_eoy,2007,2007-12-31 15:00:00,0.00015931353138389328,0.0006638063807662222,True
bear_buf005bp_slope40_20gt50,bear_filter,official_start,annual_net_eoy,2008,2008-12-31 15:00:00,0.010337053245295682,0.04307105518873204,True
bear_buf005bp_slope40_20gt50,bear_filter,official_start,annual_net_eoy,2009,2009-12-31 15:00:00,0.004278446905879174,0.01782686210782988,True
bear_buf005bp_slope40_20gt50,bear_filter,official_start,annual_net_eoy,2010,2010-12-31 15:00:00,0.031515370765770344,0.009058395674573151,True
bear_buf005bp_slope40_20gt50,bear_filter,official_start,annual_net_eoy,2011,2011-12-30 15:00:00,0.08888964020312388,0.024565107462303847,True
bear_buf005bp_slope40_20gt50,bear_filter,official_start,annual_net_eoy,2012,2012-12-31 15:00:00,0.08176490324618514,0.009975956002948953,True
bear_buf005bp_slope40_20gt50,bear_filter,official_start,annual_net_eoy,2013,2013-12-31 15:00:00,0.4992360681060827,0.004384121375230922,True
bear_buf005bp_slope40_20gt50,bear_filter,official_start,annual_net_eoy,2014,2014-12-31 15:00:00,0.00015140091010684993,0.0006308371254452212,True
bear_buf005bp_slope40_20gt50,bear_filter,official_start,annual_net_eoy,2015,2015-12-31 15:00:00,0.9350512305438855,0.0660692922148742,True
bear_buf005bp_slope40_20gt50,bear_filter,official_start,annual_net_eoy,2016,2016-12-30 15:00:00,0.021705162082746716,0.09043817534477812,True
bear_buf005bp_slope40_20gt50,bear_filter,official_start,annual_net_eoy,2017,2017-12-29 15:00:00,1.5811064246657434,0.01965520115028713,True
bear_buf005bp_slope40_20gt50,bear_filter,official_start,annual_net_eoy,2018,2018-12-31 15:00:00,2.3704441542752384,0.2503005286214601,True
bear_buf005bp_slope40_20gt50,bear_filter,official_start,annual_net_eoy,2019,2019-12-31 15:00:00,0.025371505237722025,0.1057146051571751,True
bear_buf005bp_slope40_20gt50,bear_filter,official_start,annual_net_eoy,2020,2020-12-31 15:00:00,9.65957571989849,0.2201344413520271,True
bear_buf005bp_slope40_20gt50,bear_filter,official_start,annual_net_eoy,2021,2021-12-31 15:00:00,6.447132787476569,1.055558529123161,True
bear_buf005bp_slope40_20gt50,bear_filter,official_start,annual_net_eoy,2022,2022-12-30 15:00:00,4.99069687328377,2.728228293973393,True
bear_buf005bp_slope40_20gt50,bear_filter,official_start,annual_net_eoy,2023,2023-12-29 15:00:00,12.350320673432904,0.36084192643028207,True
bear_buf005bp_slope40_20gt50,bear_filter,official_start,annual_net_eoy,2024,2024-12-31 15:00:00,34.692919603742,1.7034093455825192,True
bear_buf005bp_slope40_20gt50,bear_filter,official_start,annual_net_eoy,2025,2025-12-31 15:00:00,23.39563184902309,3.2852452943872215,True
bear_buf005bp_slope40_20gt50,bear_filter,official_start,annual_net_eoy,2026,2026-06-01 15:00:00,127.34107426150203,0.7529554485369895,True
bear_buf010bp_slope20,bear_filter,official_start,annual_net_eoy,2002,2002-12-31 15:00:00,0.006169100610435654,0.025704585876815202,True
bear_buf010bp_slope20,bear_filter,official_start,annual_net_eoy,2003,2003-12-31 15:00:00,0.0012090707347725649,0.005037794728219022,True
bear_buf010bp_slope20,bear_filter,official_start,annual_net_eoy,2004,2004-12-31 15:00:00,0.09680434565831608,0.0156129609492031,True
bear_buf010bp_slope20,bear_filter,official_start,annual_net_eoy,2005,2005-12-30 15:00:00,0.002063149975434847,0.008596458230978534,True
bear_buf010bp_slope20,bear_filter,official_start,annual_net_eoy,2006,2006-12-29 15:00:00,0.002758861672619211,0.011495256969246696,True
bear_buf010bp_slope20,bear_filter,official_start,annual_net_eoy,2007,2007-12-31 15:00:00,0.005761085205095786,0.0005895652839652348,True
bear_buf010bp_slope20,bear_filter,official_start,annual_net_eoy,2008,2008-12-31 15:00:00,0.009011666537781817,0.03754861057409082,True
bear_buf010bp_slope20,bear_filter,official_start,annual_net_eoy,2009,2009-12-31 15:00:00,0.0038395501766248807,0.015998125735937004,True
bear_buf010bp_slope20,bear_filter,official_start,annual_net_eoy,2010,2010-12-31 15:00:00,0.030753025488850845,0.00798651307517183,True
bear_buf010bp_slope20,bear_filter,official_start,annual_net_eoy,2011,2011-12-30 15:00:00,0.07827936302404409,0.02163290300615688,True
bear_buf010bp_slope20,bear_filter,official_start,annual_net_eoy,2012,2012-12-31 15:00:00,0.08698974709181992,0.00805180578474776,True
bear_buf010bp_slope20,bear_filter,official_start,annual_net_eoy,2013,2013-12-31 15:00:00,0.45024350522842804,0.003953885348907547,True
bear_buf010bp_slope20,bear_filter,official_start,annual_net_eoy,2014,2014-12-31 15:00:00,0.00013654317229098425,0.0005689298845457677,True
bear_buf010bp_slope20,bear_filter,official_start,annual_net_eoy,2015,2015-12-31 15:00:00,0.8432899193468866,0.05958557807659312,True
bear_buf010bp_slope20,bear_filter,official_start,annual_net_eoy,2016,2016-12-30 15:00:00,0.015929806281765404,0.06637419284068914,True
bear_buf010bp_slope20,bear_filter,official_start,annual_net_eoy,2017,2017-12-29 15:00:00,1.5711828381912516,0.01858464735991429,True
bear_buf010bp_slope20,bear_filter,official_start,annual_net_eoy,2018,2018-12-31 15:00:00,2.2313142098113423,0.23560948492672626,True
bear_buf010bp_slope20,bear_filter,official_start,annual_net_eoy,2019,2019-12-31 15:00:00,0.02209988111684679,0.09208283798686173,True
bear_buf010bp_slope20,bear_filter,official_start,annual_net_eoy,2020,2020-12-31 15:00:00,9.0444752780473,0.20645718255357257,True
bear_buf010bp_slope20,bear_filter,official_start,annual_net_eoy,2021,2021-12-31 15:00:00,6.0478144624676835,0.9901800302318247,True
bear_buf010bp_slope20,bear_filter,official_start,annual_net_eoy,2022,2022-12-30 15:00:00,4.681586330386666,2.5592490611107457,True
bear_buf010bp_slope20,bear_filter,official_start,annual_net_eoy,2023,2023-12-29 15:00:00,10.953547876307603,0.31096853410484765,True
bear_buf010bp_slope20,bear_filter,official_start,annual_net_eoy,2024,2024-12-31 15:00:00,31.506622189982938,1.5541228468566268,True
bear_buf010bp_slope20,bear_filter,official_start,annual_net_eoy,2025,2025-12-31 15:00:00,21.182127873183635,2.7903607314135317,True
bear_buf010bp_slope20,bear_filter,official_start,annual_net_eoy,2026,2026-06-01 15:00:00,114.3374010517232,0.6802320607451023,True
bear_buf010bp_slope20_20gt50,bear_filter,official_start,annual_net_eoy,2002,2002-12-31 15:00:00,0.006169100610435654,0.025704585876815202,True
bear_buf010bp_slope20_20gt50,bear_filter,official_start,annual_net_eoy,2003,2003-12-31 15:00:00,0.0015515621380373108,0.006464842241822132,True
bear_buf010bp_slope20_20gt50,bear_filter,official_start,annual_net_eoy,2004,2004-12-31 15:00:00,0.1581884003394813,0.018441065224617647,True
bear_buf010bp_slope20_20gt50,bear_filter,official_start,annual_net_eoy,2005,2005-12-30 15:00:00,0.0023822864536541455,0.009926193556892261,True
bear_buf010bp_slope20_20gt50,bear_filter,official_start,annual_net_eoy,2006,2006-12-29 15:00:00,0.003185613682205091,0.013273390342521221,True
bear_buf010bp_slope20_20gt50,bear_filter,official_start,annual_net_eoy,2007,2007-12-31 15:00:00,0.006652233432306992,0.0006807616539069652,True
bear_buf010bp_slope20_20gt50,bear_filter,official_start,annual_net_eoy,2008,2008-12-31 15:00:00,0.010405627983143179,0.043356783263096554,True
bear_buf010bp_slope20_20gt50,bear_filter,official_start,annual_net_eoy,2009,2009-12-31 15:00:00,0.0044334675049355,0.01847278127056457,True
bear_buf010bp_slope20_20gt50,bear_filter,official_start,annual_net_eoy,2010,2010-12-31 15:00:00,0.03551002927721358,0.009221899589196633,True
bear_buf010bp_slope20_20gt50,bear_filter,official_start,annual_net_eoy,2011,2011-12-30 15:00:00,0.15050054714557282,0.026564502526981587,True
bear_buf010bp_slope20_20gt50,bear_filter,official_start,annual_net_eoy,2012,2012-12-31 15:00:00,0.11755429989451278,0.010558308659140618,True
bear_buf010bp_slope20_20gt50,bear_filter,official_start,annual_net_eoy,2013,2013-12-31 15:00:00,0.5751369672015094,0.005050657259518828,True
bear_buf010bp_slope20_20gt50,bear_filter,official_start,annual_net_eoy,2014,2014-12-31 15:00:00,0.00017441900902860885,0.0007267458709525368,True
bear_buf010bp_slope20_20gt50,bear_filter,official_start,annual_net_eoy,2015,2015-12-31 15:00:00,1.0772108893357664,0.07611407664066949,True
bear_buf010bp_slope20_20gt50,bear_filter,official_start,annual_net_eoy,2016,2016-12-30 15:00:00,0.0229066619303118,0.09544442470963249,True
bear_buf010bp_slope20_20gt50,bear_filter,official_start,annual_net_eoy,2017,2017-12-29 15:00:00,1.916835478194301,0.023208224040153543,True
bear_buf010bp_slope20_20gt50,bear_filter,official_start,annual_net_eoy,2018,2018-12-31 15:00:00,2.7923794697152373,0.294853627376486,True
bear_buf010bp_slope20_20gt50,bear_filter,official_start,annual_net_eoy,2019,2019-12-31 15:00:00,0.02765690911772044,0.11523712132383518,True
bear_buf010bp_slope20_20gt50,bear_filter,official_start,annual_net_eoy,2020,2020-12-31 15:00:00,11.318713863656853,0.2583709615628674,True
bear_buf010bp_slope20_20gt50,bear_filter,official_start,annual_net_eoy,2021,2021-12-31 15:00:00,7.568540937616026,1.239161376548184,True
bear_buf010bp_slope20_20gt50,bear_filter,official_start,annual_net_eoy,2022,2022-12-30 15:00:00,5.858773944605673,3.2027737307054727,True
bear_buf010bp_slope20_20gt50,bear_filter,official_start,annual_net_eoy,2023,2023-12-29 15:00:00,14.652701355108391,0.42878937335647554,True
bear_buf010bp_slope20_20gt50,bear_filter,official_start,annual_net_eoy,2024,2024-12-31 15:00:00,40.980908154813676,2.010396544602194,True
bear_buf010bp_slope20_20gt50,bear_filter,official_start,annual_net_eoy,2025,2025-12-31 15:00:00,27.575008867580863,3.607762144439029,True
bear_buf010bp_slope20_20gt50,bear_filter,official_start,annual_net_eoy,2026,2026-06-01 15:00:00,147.7875050879974,0.8792380989393734,True
bear_buf010bp_slope30,bear_filter,official_start,annual_net_eoy,2002,2002-12-31 15:00:00,0.006169100610435654,0.025704585876815202,True
bear_buf010bp_slope30,bear_filter,official_start,annual_net_eoy,2003,2003-12-31 15:00:00,0.0012802660860088844,0.0053344420250370185,True
bear_buf010bp_slope30,bear_filter,official_start,annual_net_eoy,2004,2004-12-31 15:00:00,0.12400916105530665,0.01685927191511916,True
bear_buf010bp_slope30,bear_filter,official_start,annual_net_eoy,2005,2005-12-30 15:00:00,0.0022622995727015517,0.009426248219589796,True
bear_buf010bp_slope30,bear_filter,official_start,annual_net_eoy,2006,2006-12-29 15:00:00,0.0029822406204991587,0.01242600258541316,True
bear_buf010bp_slope30,bear_filter,official_start,annual_net_eoy,2007,2007-12-31 15:00:00,0.010322866192971854,0.0006373010853451109,True
bear_buf010bp_slope30,bear_filter,official_start,annual_net_eoy,2008,2008-12-31 15:00:00,0.009718856188746273,0.04049523411977609,True
bear_buf010bp_slope30,bear_filter,official_start,annual_net_eoy,2009,2009-12-31 15:00:00,0.004140858501548345,0.017253577089784776,True
bear_buf010bp_slope30,bear_filter,official_start,annual_net_eoy,2010,2010-12-31 15:00:00,0.03316636615901282,0.008613253908332334,True
bear_buf010bp_slope30,bear_filter,official_start,annual_net_eoy,2011,2011-12-30 15:00:00,0.08442232838817508,0.023330542955674806,True
bear_buf010bp_slope30,bear_filter,official_start,annual_net_eoy,2012,2012-12-31 15:00:00,0.09381625899452002,0.008683670456912018,True
bear_buf010bp_slope30,bear_filter,official_start,annual_net_eoy,2013,2013-12-31 15:00:00,0.485576320305033,0.004264166115303445,True
bear_buf010bp_slope30,bear_filter,official_start,annual_net_eoy,2014,2014-12-31 15:00:00,0.00014725838439400582,0.0006135766016416909,True
bear_buf010bp_slope30,bear_filter,official_start,annual_net_eoy,2015,2015-12-31 15:00:00,0.9094670133643391,0.06426155049366288,True
bear_buf010bp_slope30,bear_filter,official_start,annual_net_eoy,2016,2016-12-30 15:00:00,0.018206185810006766,0.07585910754169484,True
bear_buf010bp_slope30,bear_filter,official_start,annual_net_eoy,2017,2017-12-29 15:00:00,1.7504427288283746,0.02038565599448143,True
bear_buf010bp_slope30,bear_filter,official_start,annual_net_eoy,2018,2018-12-31 15:00:00,2.443996884884282,0.2580671268430607,True
bear_buf010bp_slope30,bear_filter,official_start,annual_net_eoy,2019,2019-12-31 15:00:00,0.02420638042297645,0.10085991842906854,True
bear_buf010bp_slope30,bear_filter,official_start,annual_net_eoy,2020,2020-12-31 15:00:00,9.906569548906923,0.22613610795118697,True
bear_buf010bp_slope30,bear_filter,official_start,annual_net_eoy,2021,2021-12-31 15:00:00,6.624275344833099,1.0845612414066077,True
bear_buf010bp_slope30,bear_filter,official_start,annual_net_eoy,2022,2022-12-30 15:00:00,5.127822140633948,2.803189575674553,True
bear_buf010bp_slope30,bear_filter,official_start,annual_net_eoy,2023,2023-12-29 15:00:00,11.997609646554436,0.3406091913489561,True
bear_buf010bp_slope30,bear_filter,official_start,annual_net_eoy,2024,2024-12-31 15:00:00,34.509745936702615,1.7022575214838132,True
bear_buf010bp_slope30,bear_filter,official_start,annual_net_eoy,2025,2025-12-31 15:00:00,23.232662406124273,3.18763399281068,True
bear_buf010bp_slope30,bear_filter,official_start,annual_net_eoy,2026,2026-06-01 15:00:00,135.24567919542255,0.7818478165768934,True
bear_buf010bp_slope30_20gt50,bear_filter,official_start,annual_net_eoy,2002,2002-12-31 15:00:00,0.006169100610435654,0.025704585876815202,True
bear_buf010bp_slope30_20gt50,bear_filter,official_start,annual_net_eoy,2003,2003-12-31 15:00:00,0.0016356587152117294,0.006815244646715542,True
bear_buf010bp_slope30_20gt50,bear_filter,official_start,annual_net_eoy,2004,2004-12-31 15:00:00,0.19032206963418638,0.019913218736166197,True
bear_buf010bp_slope30_20gt50,bear_filter,official_start,annual_net_eoy,2005,2005-12-30 15:00:00,0.0026160670677117656,0.010900279448799033,True
bear_buf010bp_slope30_20gt50,bear_filter,official_start,annual_net_eoy,2006,2006-12-29 15:00:00,0.0034485890239388767,0.01436912093307864,True
bear_buf010bp_slope30_20gt50,bear_filter,official_start,annual_net_eoy,2007,2007-12-31 15:00:00,0.011937106216034188,0.0007369591550589311,True
bear_buf010bp_slope30_20gt50,bear_filter,official_start,annual_net_eoy,2008,2008-12-31 15:00:00,0.011238644040781955,0.04682768350325819,True
bear_buf010bp_slope30_20gt50,bear_filter,official_start,annual_net_eoy,2009,2009-12-31 15:00:00,0.0047883859806501575,0.01995160825270898,True
bear_buf010bp_slope30_20gt50,bear_filter,official_start,annual_net_eoy,2010,2010-12-31 15:00:00,0.03835276252147853,0.009960153008613313,True
bear_buf010bp_slope30_20gt50,bear_filter,official_start,annual_net_eoy,2011,2011-12-30 15:00:00,0.16254877457199768,0.02869110720706529,True
bear_buf010bp_slope30_20gt50,bear_filter,official_start,annual_net_eoy,2012,2012-12-31 15:00:00,0.09843142548334262,0.012009401723045402,True
bear_buf010bp_slope30_20gt50,bear_filter,official_start,annual_net_eoy,2013,2013-12-31 15:00:00,0.600997688316515,0.005277757317912638,True
bear_buf010bp_slope30_20gt50,bear_filter,official_start,annual_net_eoy,2014,2014-12-31 15:00:00,0.00018226166496427635,0.000759423604017818,True
bear_buf010bp_slope30_20gt50,bear_filter,official_start,annual_net_eoy,2015,2015-12-31 15:00:00,1.1256470914576857,0.0795365047250756,True
bear_buf010bp_slope30_20gt50,bear_filter,official_start,annual_net_eoy,2016,2016-12-30 15:00:00,0.02525281354927029,0.10522005645529288,True
bear_buf010bp_slope30_20gt50,bear_filter,official_start,annual_net_eoy,2017,2017-12-29 15:00:00,2.07066936096494,0.024666235697602134,True
bear_buf010bp_slope30_20gt50,bear_filter,official_start,annual_net_eoy,2018,2018-12-31 15:00:00,2.9634114845823265,0.31291328242265787,True
bear_buf010bp_slope30_20gt50,bear_filter,official_start,annual_net_eoy,2019,2019-12-31 15:00:00,0.029350882641985748,0.12229534434160724,True
bear_buf010bp_slope30_20gt50,bear_filter,official_start,annual_net_eoy,2020,2020-12-31 15:00:00,12.011980111600831,0.2741960693673412,True
bear_buf010bp_slope30_20gt50,bear_filter,official_start,annual_net_eoy,2021,2021-12-31 15:00:00,8.032110742581164,1.3150594660718553,True
bear_buf010bp_slope30_20gt50,bear_filter,official_start,annual_net_eoy,2022,2022-12-30 15:00:00,6.21762127293781,3.3989422136308303,True
bear_buf010bp_slope30_20gt50,bear_filter,official_start,annual_net_eoy,2023,2023-12-29 15:00:00,15.550172871136079,0.45505253395987144,True
bear_buf010bp_slope30_20gt50,bear_filter,official_start,annual_net_eoy,2024,2024-12-31 15:00:00,43.49097076228415,2.1335324491002337,True
bear_buf010bp_slope30_20gt50,bear_filter,official_start,annual_net_eoy,2025,2025-12-31 15:00:00,29.30344300363713,3.9932233484262434,True
bear_buf010bp_slope30_20gt50,bear_filter,official_start,annual_net_eoy,2026,2026-06-01 15:00:00,169.37777977027028,0.9791636086109441,True
bear_buf010bp_slope40,bear_filter,official_start,annual_net_eoy,2002,2002-12-31 15:00:00,0.006169100610435654,0.025704585876815202,True
bear_buf010bp_slope40,bear_filter,official_start,annual_net_eoy,2003,2003-12-31 15:00:00,0.001375238698896876,0.0057301612454036515,True
bear_buf010bp_slope40,bear_filter,official_start,annual_net_eoy,2004,2004-12-31 15:00:00,0.1089873802564765,0.016345450612596332,True
bear_buf010bp_slope40,bear_filter,official_start,annual_net_eoy,2005,2005-12-30 15:00:00,0.0018668613054614173,0.007778588772755905,True
bear_buf010bp_slope40,bear_filter,official_start,annual_net_eoy,2006,2006-12-29 15:00:00,0.003159774050745226,0.013165725211438451,True
bear_buf010bp_slope40,bear_filter,official_start,annual_net_eoy,2007,2007-12-31 15:00:00,0.043109518519816294,0.0006752397570281223,True
bear_buf010bp_slope40,bear_filter,official_start,annual_net_eoy,2008,2008-12-31 15:00:00,0.010436288740817859,0.043484536420074486,True
bear_buf010bp_slope40,bear_filter,official_start,annual_net_eoy,2009,2009-12-31 15:00:00,0.00438421826704127,0.01826757611267196,True
bear_buf010bp_slope40,bear_filter,official_start,annual_net_eoy,2010,2010-12-31 15:00:00,0.04114645448554405,0.009119457984245346,True
bear_buf010bp_slope40,bear_filter,official_start,annual_net_eoy,2011,2011-12-30 15:00:00,0.08919696907611008,0.024650039370835982,True
bear_buf010bp_slope40,bear_filter,official_start,annual_net_eoy,2012,2012-12-31 15:00:00,0.09912218855056694,0.009174789418871279,True
bear_buf010bp_slope40,bear_filter,official_start,annual_net_eoy,2013,2013-12-31 15:00:00,0.513038870797193,0.004505332894554355,True
bear_buf010bp_slope40,bear_filter,official_start,annual_net_eoy,2014,2014-12-31 15:00:00,0.00015558681938497408,0.000648278414104072,True
bear_buf010bp_slope40,bear_filter,official_start,annual_net_eoy,2015,2015-12-31 15:00:00,0.9609033843961429,0.06789596593226563,True
bear_buf010bp_slope40,bear_filter,official_start,annual_net_eoy,2016,2016-12-30 15:00:00,0.02007827950349462,0.08365949793122748,True
bear_buf010bp_slope40,bear_filter,official_start,annual_net_eoy,2017,2017-12-29 15:00:00,1.7033280386104792,0.020661451953409394,True
bear_buf010bp_slope40,bear_filter,official_start,annual_net_eoy,2018,2018-12-31 15:00:00,2.4863714042922256,0.2625415476341005,True
bear_buf010bp_slope40,bear_filter,official_start,annual_net_eoy,2019,2019-12-31 15:00:00,0.02661230596517055,0.11088460818821068,True
bear_buf010bp_slope40,bear_filter,official_start,annual_net_eoy,2020,2020-12-31 15:00:00,10.131980035992205,0.23090017923028153,True
bear_buf010bp_slope40,bear_filter,official_start,annual_net_eoy,2021,2021-12-31 15:00:00,6.7624316622459375,1.107180921193666,True
bear_buf010bp_slope40,bear_filter,official_start,annual_net_eoy,2022,2022-12-30 15:00:00,5.234768332695634,2.8616530797750213,True
bear_buf010bp_slope40,bear_filter,official_start,annual_net_eoy,2023,2023-12-29 15:00:00,12.247832573627898,0.3477129587958278,True
bear_buf010bp_slope40,bear_filter,official_start,annual_net_eoy,2024,2024-12-31 15:00:00,35.229483442358166,1.7377599150610825,True
bear_buf010bp_slope40,bear_filter,official_start,annual_net_eoy,2025,2025-12-31 15:00:00,23.740916295077053,3.3529153731577055,True
bear_buf010bp_slope40,bear_filter,official_start,annual_net_eoy,2026,2026-06-01 15:00:00,129.99598567027923,0.7686536827651432,True
bear_buf010bp_slope40_20gt50,bear_filter,official_start,annual_net_eoy,2002,2002-12-31 15:00:00,0.006169100610435654,0.025704585876815202,True
bear_buf010bp_slope40_20gt50,bear_filter,official_start,annual_net_eoy,2003,2003-12-31 15:00:00,0.0017478412036818023,0.007282671682007514,True
bear_buf010bp_slope40_20gt50,bear_filter,official_start,annual_net_eoy,2004,2004-12-31 15:00:00,0.17257815039035612,0.01930622791455719,True
bear_buf010bp_slope40_20gt50,bear_filter,official_start,annual_net_eoy,2005,2005-12-30 15:00:00,0.0025920648092063016,0.010800270038359596,True
bear_buf010bp_slope40_20gt50,bear_filter,official_start,annual_net_eoy,2006,2006-12-29 15:00:00,0.0031773348658286,0.013238895274285825,True
bear_buf010bp_slope40_20gt50,bear_filter,official_start,annual_net_eoy,2007,2007-12-31 15:00:00,0.0001629581954919656,0.0006789924812165232,True
bear_buf010bp_slope40_20gt50,bear_filter,official_start,annual_net_eoy,2008,2008-12-31 15:00:00,0.010738571270679445,0.04474404696116438,True
bear_buf010bp_slope40_20gt50,bear_filter,official_start,annual_net_eoy,2009,2009-12-31 15:00:00,0.004511205227841153,0.018796688449338152,True
bear_buf010bp_slope40_20gt50,bear_filter,official_start,annual_net_eoy,2010,2010-12-31 15:00:00,0.03550705056515768,0.009383599088320203,True
bear_buf010bp_slope40_20gt50,bear_filter,official_start,annual_net_eoy,2011,2011-12-30 15:00:00,0.0919922110704609,0.025422518816331157,True
bear_buf010bp_slope40_20gt50,bear_filter,official_start,annual_net_eoy,2012,2012-12-31 15:00:00,0.08461879495058003,0.010324153052659844,True
bear_buf010bp_slope40_20gt50,bear_filter,official_start,annual_net_eoy,2013,2013-12-31 15:00:00,0.5166612177330828,0.004537143113496254,True
bear_buf010bp_slope40_20gt50,bear_filter,official_start,annual_net_eoy,2014,2014-12-31 15:00:00,0.00015668535103733922,0.0006528556293222468,True
bear_buf010bp_slope40_20gt50,bear_filter,official_start,annual_net_eoy,2015,2015-12-31 15:00:00,0.9676879101470836,0.06837535016249367,True
bear_buf010bp_slope40_20gt50,bear_filter,official_start,annual_net_eoy,2016,2016-12-30 15:00:00,0.022462750969312942,0.0935947957054707,True
bear_buf010bp_slope40_20gt50,bear_filter,official_start,annual_net_eoy,2017,2017-12-29 15:00:00,1.636292773942412,0.020341238964605872,True
bear_buf010bp_slope40_20gt50,bear_filter,official_start,annual_net_eoy,2018,2018-12-31 15:00:00,2.45318125343435,0.2590369249709718,True
bear_buf010bp_slope40_20gt50,bear_filter,official_start,annual_net_eoy,2019,2019-12-31 15:00:00,0.026257062799111244,0.10940442832963014,True
bear_buf010bp_slope40_20gt50,bear_filter,official_start,annual_net_eoy,2020,2020-12-31 15:00:00,9.996729950142923,0.22781793183613247,True
bear_buf010bp_slope40_20gt50,bear_filter,official_start,annual_net_eoy,2021,2021-12-31 15:00:00,6.672161107071173,1.0924013505559258,True
bear_buf010bp_slope40_20gt50,bear_filter,official_start,annual_net_eoy,2022,2022-12-30 15:00:00,5.16489029662738,2.8234533573776726,True
bear_buf010bp_slope40_20gt50,bear_filter,official_start,annual_net_eoy,2023,2023-12-29 15:00:00,12.91730928073413,0.37800572179182274,True
bear_buf010bp_slope40_20gt50,bear_filter,official_start,annual_net_eoy,2024,2024-12-31 15:00:00,36.12733600528427,1.7722953136209316,True
bear_buf010bp_slope40_20gt50,bear_filter,official_start,annual_net_eoy,2025,2025-12-31 15:00:00,24.36612782877506,3.417826932293443,True
bear_buf010bp_slope40_20gt50,bear_filter,official_start,annual_net_eoy,2026,2026-06-01 15:00:00,132.47398898651022,0.7833058765625486,True
bear_buf015bp_slope20,bear_filter,official_start,annual_net_eoy,2002,2002-12-31 15:00:00,0.0062215278010733744,0.025923032504472372,True
bear_buf015bp_slope20,bear_filter,official_start,annual_net_eoy,2003,2003-12-31 15:00:00,0.001300194043402277,0.005417475180842823,True
bear_buf015bp_slope20,bear_filter,official_start,annual_net_eoy,2004,2004-12-31 15:00:00,0.11499882360550447,0.01646050231840081,True
bear_buf015bp_slope20,bear_filter,official_start,annual_net_eoy,2005,2005-12-30 15:00:00,0.002159041207602432,0.00899600503167681,True
bear_buf015bp_slope20,bear_filter,official_start,annual_net_eoy,2006,2006-12-29 15:00:00,0.0029131008396358245,0.012137920165149266,True
bear_buf015bp_slope20,bear_filter,official_start,annual_net_eoy,2007,2007-12-31 15:00:00,0.0020095862594750906,0.0006097951205659939,True
bear_buf015bp_slope20,bear_filter,official_start,annual_net_eoy,2008,2008-12-31 15:00:00,0.009319796178663577,0.03883248407776487,True
bear_buf015bp_slope20,bear_filter,official_start,annual_net_eoy,2009,2009-12-31 15:00:00,0.0038990725781861343,0.016246135742442214,True
bear_buf015bp_slope20,bear_filter,official_start,annual_net_eoy,2010,2010-12-31 15:00:00,0.024157904015391897,0.0081103235259972,True
bear_buf015bp_slope20,bear_filter,official_start,annual_net_eoy,2011,2011-12-30 15:00:00,0.07807055076292083,0.022100409774779867,True
bear_buf015bp_slope20,bear_filter,official_start,annual_net_eoy,2012,2012-12-31 15:00:00,0.08832201070095946,0.008175120637285056,True
bear_buf015bp_slope20,bear_filter,official_start,annual_net_eoy,2013,2013-12-31 15:00:00,0.4571390654216827,0.0040144398135561485,True
bear_buf015bp_slope20,bear_filter,official_start,annual_net_eoy,2014,2014-12-31 15:00:00,0.0001386343555120118,0.0005776431479667159,True
bear_buf015bp_slope20,bear_filter,official_start,annual_net_eoy,2015,2015-12-31 15:00:00,0.8562050560044892,0.060498141912619076,True
bear_buf015bp_slope20,bear_filter,official_start,annual_net_eoy,2016,2016-12-30 15:00:00,0.01627010540253722,0.0677921058439051,True
bear_buf015bp_slope20,bear_filter,official_start,annual_net_eoy,2017,2017-12-29 15:00:00,1.5219692785626462,0.018427529681474798,True
bear_buf015bp_slope20,bear_filter,official_start,annual_net_eoy,2018,2018-12-31 15:00:00,2.2171752567947047,0.23411652108371087,True
bear_buf015bp_slope20,bear_filter,official_start,annual_net_eoy,2019,2019-12-31 15:00:00,0.021959842936921034,0.09149934557050432,True
bear_buf015bp_slope20,bear_filter,official_start,annual_net_eoy,2020,2020-12-31 15:00:00,8.987164026026287,0.20514894528638786,True
bear_buf015bp_slope20,bear_filter,official_start,annual_net_eoy,2021,2021-12-31 15:00:00,6.0094918613018296,0.9839056521707189,True
bear_buf015bp_slope20,bear_filter,official_start,annual_net_eoy,2022,2022-12-30 15:00:00,4.651920974930359,2.543032115028553,True
bear_buf015bp_slope20,bear_filter,official_start,annual_net_eoy,2023,2023-12-29 15:00:00,10.727038153636936,0.30966964823693754,True
bear_buf015bp_slope20,bear_filter,official_start,annual_net_eoy,2024,2024-12-31 15:00:00,31.046861001706873,1.5333191893799112,True
bear_buf015bp_slope20,bear_filter,official_start,annual_net_eoy,2025,2025-12-31 15:00:00,20.869067119663175,2.7533168302490063,True
bear_buf015bp_slope20,bear_filter,official_start,annual_net_eoy,2026,2026-06-01 15:00:00,112.8268916248599,0.6712455267609577,True
bear_buf015bp_slope20_20gt50,bear_filter,official_start,annual_net_eoy,2002,2002-12-31 15:00:00,0.0062215278010733744,0.025923032504472372,True
bear_buf015bp_slope20_20gt50,bear_filter,official_start,annual_net_eoy,2003,2003-12-31 15:00:00,0.0016821516669038457,0.007008965278766024,True
bear_buf015bp_slope20_20gt50,bear_filter,official_start,annual_net_eoy,2004,2004-12-31 15:00:00,0.1917573496562096,0.019993184833907857,True
bear_buf015bp_slope20_20gt50,bear_filter,official_start,annual_net_eoy,2005,2005-12-30 15:00:00,0.002557584028689965,0.010656600119541506,True
bear_buf015bp_slope20_20gt50,bear_filter,official_start,annual_net_eoy,2006,2006-12-29 15:00:00,0.0034508374157848952,0.014378489232437057,True
bear_buf015bp_slope20_20gt50,bear_filter,official_start,annual_net_eoy,2007,2007-12-31 15:00:00,0.0023805408175665644,0.0007223587283285565,True
bear_buf015bp_slope20_20gt50,bear_filter,official_start,annual_net_eoy,2008,2008-12-31 15:00:00,0.01104016068487409,0.046000669520308665,True
bear_buf015bp_slope20_20gt50,bear_filter,official_start,annual_net_eoy,2009,2009-12-31 15:00:00,0.004618812145667958,0.019245050606949834,True
bear_buf015bp_slope20_20gt50,bear_filter,official_start,annual_net_eoy,2010,2010-12-31 15:00:00,0.028617271990376746,0.009607428447664119,True
bear_buf015bp_slope20_20gt50,bear_filter,official_start,annual_net_eoy,2011,2011-12-30 15:00:00,0.15722459374992973,0.02775134839831397,True
bear_buf015bp_slope20_20gt50,bear_filter,official_start,annual_net_eoy,2012,2012-12-31 15:00:00,0.12280637775087243,0.01103003159193885,True
bear_buf015bp_slope20_20gt50,bear_filter,official_start,annual_net_eoy,2013,2013-12-31 15:00:00,0.600832872264304,0.005276309959391004,True
bear_buf015bp_slope20_20gt50,bear_filter,official_start,annual_net_eoy,2014,2014-12-31 15:00:00,0.0001822116819964999,0.000759215341652083,True
bear_buf015bp_slope20_20gt50,bear_filter,official_start,annual_net_eoy,2015,2015-12-31 15:00:00,1.1253383969095998,0.07951469283965543,True
bear_buf015bp_slope20_20gt50,bear_filter,official_start,annual_net_eoy,2016,2016-12-30 15:00:00,0.023930083208778558,0.09970868003657737,True
bear_buf015bp_slope20_20gt50,bear_filter,official_start,annual_net_eoy,2017,2017-12-29 15:00:00,2.0024756391951466,0.024245118476818938,True
bear_buf015bp_slope20_20gt50,bear_filter,official_start,annual_net_eoy,2018,2018-12-31 15:00:00,2.917137087195876,0.3080270647462881,True
bear_buf015bp_slope20_20gt50,bear_filter,official_start,annual_net_eoy,2019,2019-12-31 15:00:00,0.028892561408473405,0.12038567253530587,True
bear_buf015bp_slope20_20gt50,bear_filter,official_start,annual_net_eoy,2020,2020-12-31 15:00:00,11.824410095093043,0.2699144304718581,True
bear_buf015bp_slope20_20gt50,bear_filter,official_start,annual_net_eoy,2021,2021-12-31 15:00:00,7.906687362707,1.2945244898674255,True
bear_buf015bp_slope20_20gt50,bear_filter,official_start,annual_net_eoy,2022,2022-12-30 15:00:00,6.120531591305889,3.3458668970555068,True
bear_buf015bp_slope20_20gt50,bear_filter,official_start,annual_net_eoy,2023,2023-12-29 15:00:00,13.115631698957328,0.4450176565741278,True
bear_buf015bp_slope20_20gt50,bear_filter,official_start,annual_net_eoy,2024,2024-12-31 15:00:00,39.18630550094993,1.9474864347987808,True
bear_buf015bp_slope20_20gt50,bear_filter,official_start,annual_net_eoy,2025,2025-12-31 15:00:00,26.31436395478895,3.499019464729643,True
bear_buf015bp_slope20_20gt50,bear_filter,official_start,annual_net_eoy,2026,2026-06-01 15:00:00,143.4327175918959,0.8533299879858947,True
bear_buf015bp_slope30,bear_filter,official_start,annual_net_eoy,2002,2002-12-31 15:00:00,0.0062215278010733744,0.025923032504472372,True
bear_buf015bp_slope30,bear_filter,official_start,annual_net_eoy,2003,2003-12-31 15:00:00,0.001375255234146453,0.005730230142276893,True
bear_buf015bp_slope30,bear_filter,official_start,annual_net_eoy,2004,2004-12-31 15:00:00,0.14368064895161387,0.01777448677826618,True
bear_buf015bp_slope30,bear_filter,official_start,annual_net_eoy,2005,2005-12-30 15:00:00,0.0023685748349797434,0.009869061812415605,True
bear_buf015bp_slope30,bear_filter,official_start,annual_net_eoy,2006,2006-12-29 15:00:00,0.003150468479924446,0.013126951999685206,True
bear_buf015bp_slope30,bear_filter,official_start,annual_net_eoy,2007,2007-12-31 15:00:00,0.00646103597446429,0.0006594829401082638,True
bear_buf015bp_slope30,bear_filter,official_start,annual_net_eoy,2008,2008-12-31 15:00:00,0.010055736175183697,0.04189890072993215,True
bear_buf015bp_slope30,bear_filter,official_start,annual_net_eoy,2009,2009-12-31 15:00:00,0.004206963802909641,0.01752901584545682,True
bear_buf015bp_slope30,bear_filter,official_start,annual_net_eoy,2010,2010-12-31 15:00:00,0.02606553884518742,0.008750757217150702,True
bear_buf015bp_slope30,bear_filter,official_start,annual_net_eoy,2011,2011-12-30 15:00:00,0.08423541099756163,0.023845574066031324,True
bear_buf015bp_slope30,bear_filter,official_start,annual_net_eoy,2012,2012-12-31 15:00:00,0.09529637998992871,0.00882067104826177,True
bear_buf015bp_slope30,bear_filter,official_start,annual_net_eoy,2013,2013-12-31 15:00:00,0.49323716411034996,0.00433144104038368,True
bear_buf015bp_slope30,bear_filter,official_start,annual_net_eoy,2014,2014-12-31 15:00:00,0.00014958165147827557,0.0006232568811594815,True
bear_buf015bp_slope30,bear_filter,official_start,annual_net_eoy,2015,2015-12-31 15:00:00,0.9238154987498907,0.06527539256221744,True
bear_buf015bp_slope30,bear_filter,official_start,annual_net_eoy,2016,2016-12-30 15:00:00,0.018599145194700708,0.07749643831125301,True
bear_buf015bp_slope30,bear_filter,official_start,annual_net_eoy,2017,2017-12-29 15:00:00,1.697637905049729,0.02022246000050784,True
bear_buf015bp_slope30,bear_filter,official_start,annual_net_eoy,2018,2018-12-31 15:00:00,2.4295328397692884,0.2565398357943516,True
bear_buf015bp_slope30,bear_filter,official_start,annual_net_eoy,2019,2019-12-31 15:00:00,0.02406312239319981,0.1002630099716658,True
bear_buf015bp_slope30,bear_filter,official_start,annual_net_eoy,2020,2020-12-31 15:00:00,9.84794055892069,0.22479779083312243,True
bear_buf015bp_slope30,bear_filter,official_start,annual_net_eoy,2021,2021-12-31 15:00:00,6.585071605239796,1.0781425987222788,True
bear_buf015bp_slope30,bear_filter,official_start,annual_net_eoy,2022,2022-12-30 15:00:00,5.097474699832158,2.786599758912019,True
bear_buf015bp_slope30,bear_filter,official_start,annual_net_eoy,2023,2023-12-29 15:00:00,11.754457112874116,0.3393293234559608,True
bear_buf015bp_slope30,bear_filter,official_start,annual_net_eoy,2024,2024-12-31 15:00:00,34.02048085474538,1.6801781063678245,True
bear_buf015bp_slope30,bear_filter,official_start,annual_net_eoy,2025,2025-12-31 15:00:00,22.898981427929957,3.1466404491412323,True
bear_buf015bp_slope30,bear_filter,official_start,annual_net_eoy,2026,2026-06-01 15:00:00,133.5147358805262,0.7718413286844813,True
bear_buf015bp_slope30_20gt50,bear_filter,official_start,annual_net_eoy,2002,2002-12-31 15:00:00,0.0062215278010733744,0.025923032504472372,True
bear_buf015bp_slope30_20gt50,bear_filter,official_start,annual_net_eoy,2003,2003-12-31 15:00:00,0.0017733263572412906,0.007388859821838712,True
bear_buf015bp_slope30_20gt50,bear_filter,official_start,annual_net_eoy,2004,2004-12-31 15:00:00,0.2265955968927653,0.021589244329483184,True
bear_buf015bp_slope30_20gt50,bear_filter,official_start,annual_net_eoy,2005,2005-12-30 15:00:00,0.0028103695410318995,0.01170987308763291,True
bear_buf015bp_slope30_20gt50,bear_filter,official_start,annual_net_eoy,2006,2006-12-29 15:00:00,0.0037381046717218903,0.015575436132174558,True
bear_buf015bp_slope30_20gt50,bear_filter,official_start,annual_net_eoy,2007,2007-12-31 15:00:00,0.007666170575647014,0.0007824919611316667,True
bear_buf015bp_slope30_20gt50,bear_filter,official_start,annual_net_eoy,2008,2008-12-31 15:00:00,0.011931366593122807,0.049714027471345075,True
bear_buf015bp_slope30_20gt50,bear_filter,official_start,annual_net_eoy,2009,2009-12-31 15:00:00,0.0049916611277439175,0.02079858803226633,True
bear_buf015bp_slope30_20gt50,bear_filter,official_start,annual_net_eoy,2010,2010-12-31 15:00:00,0.030927372595230575,0.010382978481765235,True
bear_buf015bp_slope30_20gt50,bear_filter,official_start,annual_net_eoy,2011,2011-12-30 15:00:00,0.16991639153000573,0.029991548188914263,True
bear_buf015bp_slope30_20gt50,bear_filter,official_start,annual_net_eoy,2012,2012-12-31 15:00:00,0.10289288661401905,0.012553734782603684,True
bear_buf015bp_slope30_20gt50,bear_filter,official_start,annual_net_eoy,2013,2013-12-31 15:00:00,0.6282382551668193,0.005516974712310616,True
bear_buf015bp_slope30_20gt50,bear_filter,official_start,annual_net_eoy,2014,2014-12-31 15:00:00,0.00019052278004878635,0.0007938449168699432,True
bear_buf015bp_slope30_20gt50,bear_filter,official_start,annual_net_eoy,2015,2015-12-31 15:00:00,1.1766676950986088,0.08314154267467595,True
bear_buf015bp_slope30_20gt50,bear_filter,official_start,annual_net_eoy,2016,2016-12-30 15:00:00,0.026397411888032907,0.1099892162001371,True
bear_buf015bp_slope30_20gt50,bear_filter,official_start,annual_net_eoy,2017,2017-12-29 15:00:00,2.164523644015935,0.02578424705692724,True
bear_buf015bp_slope30_20gt50,bear_filter,official_start,annual_net_eoy,2018,2018-12-31 15:00:00,3.097729819278206,0.3270962574222136,True
bear_buf015bp_slope30_20gt50,bear_filter,official_start,annual_net_eoy,2019,2019-12-31 15:00:00,0.030681228325950365,0.12783845135812644,True
bear_buf015bp_slope30_20gt50,bear_filter,official_start,annual_net_eoy,2020,2020-12-31 15:00:00,12.556430038107571,0.2866241643548871,True
bear_buf015bp_slope30_20gt50,bear_filter,official_start,annual_net_eoy,2021,2021-12-31 15:00:00,8.396170794534546,1.3746652948363713,True
bear_buf015bp_slope30_20gt50,bear_filter,official_start,annual_net_eoy,2022,2022-12-30 15:00:00,6.499438543166901,3.55300122981458,True
bear_buf015bp_slope30_20gt50,bear_filter,official_start,annual_net_eoy,2023,2023-12-29 15:00:00,13.9275879734487,0.472567597500233,True
bear_buf015bp_slope30_20gt50,bear_filter,official_start,annual_net_eoy,2024,2024-12-31 15:00:00,41.61223262027928,2.068050496562388,True
bear_buf015bp_slope30_20gt50,bear_filter,official_start,annual_net_eoy,2025,2025-12-31 15:00:00,27.98173186959628,3.8752634943291397,True
bear_buf015bp_slope30_20gt50,bear_filter,official_start,annual_net_eoy,2026,2026-06-01 15:00:00,164.48333839554638,0.9508691128092529,True
bear_buf015bp_slope40,bear_filter,official_start,annual_net_eoy,2002,2002-12-31 15:00:00,0.0062215278010733744,0.025923032504472372,True
bear_buf015bp_slope40,bear_filter,official_start,annual_net_eoy,2003,2003-12-31 15:00:00,0.0014753847691184186,0.006147436537993417,True
bear_buf015bp_slope40,bear_filter,official_start,annual_net_eoy,2004,2004-12-31 15:00:00,0.12784318759674448,0.017232752968346466,True
bear_buf015bp_slope40,bear_filter,official_start,annual_net_eoy,2005,2005-12-30 15:00:00,0.001954084885672412,0.008142020356968385,True
bear_buf015bp_slope40,bear_filter,official_start,annual_net_eoy,2006,2006-12-29 15:00:00,0.0033372048023063454,0.013905020009609775,True
bear_buf015bp_slope40,bear_filter,official_start,annual_net_eoy,2007,2007-12-31 15:00:00,0.0405192757018775,0.0006985721802305379,True
bear_buf015bp_slope40,bear_filter,official_start,annual_net_eoy,2008,2008-12-31 15:00:00,0.010661182836423347,0.04442159515176398,True
bear_buf015bp_slope40,bear_filter,official_start,annual_net_eoy,2009,2009-12-31 15:00:00,0.004391499379290605,0.018297914080377533,True
bear_buf015bp_slope40,bear_filter,official_start,annual_net_eoy,2010,2010-12-31 15:00:00,0.02815225997063493,0.009134603169359767,True
bear_buf015bp_slope40,bear_filter,official_start,annual_net_eoy,2011,2011-12-30 15:00:00,0.0897498962434477,0.02480284362624132,True
bear_buf015bp_slope40,bear_filter,official_start,annual_net_eoy,2012,2012-12-31 15:00:00,0.09973664161442533,0.009231663440229233,True
bear_buf015bp_slope40,bear_filter,official_start,annual_net_eoy,2013,2013-12-31 15:00:00,0.5162191708959772,0.004533261208499352,True
bear_buf015bp_slope40,bear_filter,official_start,annual_net_eoy,2014,2014-12-31 15:00:00,0.0001565512936289837,0.0006522970567874321,True
bear_buf015bp_slope40,bear_filter,official_start,annual_net_eoy,2015,2015-12-31 15:00:00,0.9668599722928247,0.06831684933789517,True
bear_buf015bp_slope40,bear_filter,official_start,annual_net_eoy,2016,2016-12-30 15:00:00,0.020308907936347344,0.08462044973478067,True
bear_buf015bp_slope40,bear_filter,official_start,annual_net_eoy,2017,2017-12-29 15:00:00,1.6331306861433765,0.020302695266882023,True
bear_buf015bp_slope40,bear_filter,official_start,annual_net_eoy,2018,2018-12-31 15:00:00,2.44854092475331,0.25854694223092506,True
bear_buf015bp_slope40,bear_filter,official_start,annual_net_eoy,2019,2019-12-31 15:00:00,0.026207396105541104,0.10919748377308786,True
bear_buf015bp_slope40,bear_filter,official_start,annual_net_eoy,2020,2020-12-31 15:00:00,9.977820579855232,0.22738700155665542,True
bear_buf015bp_slope40,bear_filter,official_start,annual_net_eoy,2021,2021-12-31 15:00:00,6.659540343519283,1.0903350126890963,True
bear_buf015bp_slope40,bear_filter,official_start,annual_net_eoy,2022,2022-12-30 15:00:00,5.1551206195828385,2.818112638433476,True
bear_buf015bp_slope40,bear_filter,official_start,annual_net_eoy,2023,2023-12-29 15:00:00,11.887384990174617,0.3431667041397021,True
bear_buf015bp_slope40,bear_filter,official_start,annual_net_eoy,2024,2024-12-31 15:00:00,34.40520898479326,1.6991787719895204,True
bear_buf015bp_slope40,bear_filter,official_start,annual_net_eoy,2025,2025-12-31 15:00:00,23.18112774388677,3.278842100345141,True
bear_buf015bp_slope40,bear_filter,official_start,annual_net_eoy,2026,2026-06-01 15:00:00,127.13233492640911,0.7517211930495638,True
bear_buf015bp_slope40_20gt50,bear_filter,official_start,annual_net_eoy,2002,2002-12-31 15:00:00,0.0062215278010733744,0.025923032504472372,True
bear_buf015bp_slope40_20gt50,bear_filter,official_start,annual_net_eoy,2003,2003-12-31 15:00:00,0.001894950851259987,0.007895628546916614,True
bear_buf015bp_slope40_20gt50,bear_filter,official_start,annual_net_eoy,2004,2004-12-31 15:00:00,0.20735823436523335,0.02093116522499012,True
bear_buf015bp_slope40_20gt50,bear_filter,official_start,annual_net_eoy,2005,2005-12-30 15:00:00,0.0027836753585198672,0.011598647327166117,True
bear_buf015bp_slope40_20gt50,bear_filter,official_start,annual_net_eoy,2006,2006-12-29 15:00:00,0.0034429536625037007,0.0143456402604321,True
bear_buf015bp_slope40_20gt50,bear_filter,official_start,annual_net_eoy,2007,2007-12-31 15:00:00,0.0001729700241197585,0.0007207084338323272,True
bear_buf015bp_slope40_20gt50,bear_filter,official_start,annual_net_eoy,2008,2008-12-31 15:00:00,0.011231037627615336,0.04679599011506387,True
bear_buf015bp_slope40_20gt50,bear_filter,official_start,annual_net_eoy,2009,2009-12-31 15:00:00,0.004626231022130053,0.019275962592208568,True
bear_buf015bp_slope40_20gt50,bear_filter,official_start,annual_net_eoy,2010,2010-12-31 15:00:00,0.017572591347043042,0.009622860191264758,True
bear_buf015bp_slope40_20gt50,bear_filter,official_start,annual_net_eoy,2011,2011-12-30 15:00:00,0.09492163401426852,0.02623207985463382,True
bear_buf015bp_slope40_20gt50,bear_filter,official_start,annual_net_eoy,2012,2012-12-31 15:00:00,0.08731341699000235,0.010652917960861522,True
bear_buf015bp_slope40_20gt50,bear_filter,official_start,annual_net_eoy,2013,2013-12-31 15:00:00,0.5331139065834939,0.004681625031925616,True
bear_buf015bp_slope40_20gt50,bear_filter,official_start,annual_net_eoy,2014,2014-12-31 15:00:00,0.0001616748784869612,0.0006736453270290051,True
bear_buf015bp_slope40_20gt50,bear_filter,official_start,annual_net_eoy,2015,2015-12-31 15:00:00,0.9985032056318259,0.07055271188938529,True
bear_buf015bp_slope40_20gt50,bear_filter,official_start,annual_net_eoy,2016,2016-12-30 15:00:00,0.023178060421111705,0.09657525175463216,True
bear_buf015bp_slope40_20gt50,bear_filter,official_start,annual_net_eoy,2017,2017-12-29 15:00:00,1.6883992896897555,0.020988990458292334,True
bear_buf015bp_slope40_20gt50,bear_filter,official_start,annual_net_eoy,2018,2018-12-31 15:00:00,2.531300969935422,0.2672857615026037,True
bear_buf015bp_slope40_20gt50,bear_filter,official_start,annual_net_eoy,2019,2019-12-31 15:00:00,0.027093199264423825,0.11288833026843255,True
bear_buf015bp_slope40_20gt50,bear_filter,official_start,annual_net_eoy,2020,2020-12-31 15:00:00,10.315068315296267,0.23507262295363043,True
bear_buf015bp_slope40_20gt50,bear_filter,official_start,annual_net_eoy,2021,2021-12-31 15:00:00,6.884631071695376,1.1271880519834552,True
bear_buf015bp_slope40_20gt50,bear_filter,official_start,annual_net_eoy,2022,2022-12-30 15:00:00,5.3293623531323036,2.913364111229881,True
bear_buf015bp_slope40_20gt50,bear_filter,official_start,annual_net_eoy,2023,2023-12-29 15:00:00,11.42024230595607,0.38749254211745876,True
bear_buf015bp_slope40_20gt50,bear_filter,official_start,annual_net_eoy,2024,2024-12-31 15:00:00,34.12089590253171,1.6957450074427367,True
bear_buf015bp_slope40_20gt50,bear_filter,official_start,annual_net_eoy,2025,2025-12-31 15:00:00,22.96741151323452,3.2740874466427083,True
bear_buf015bp_slope40_20gt50,bear_filter,official_start,annual_net_eoy,2026,2026-06-01 15:00:00,126.9900540512693,0.7508799000042498,True
bear_buf020bp_slope20,bear_filter,official_start,annual_net_eoy,2002,2002-12-31 15:00:00,0.0062215278010733744,0.025923032504472372,True
bear_buf020bp_slope20,bear_filter,official_start,annual_net_eoy,2003,2003-12-31 15:00:00,0.001300194043402277,0.005417475180842823,True
bear_buf020bp_slope20,bear_filter,official_start,annual_net_eoy,2004,2004-12-31 15:00:00,0.11499882360550447,0.01646050231840081,True
bear_buf020bp_slope20,bear_filter,official_start,annual_net_eoy,2005,2005-12-30 15:00:00,0.002159041207602432,0.00899600503167681,True
bear_buf020bp_slope20,bear_filter,official_start,annual_net_eoy,2006,2006-12-29 15:00:00,0.0029287096182449746,0.012202956742687392,True
bear_buf020bp_slope20,bear_filter,official_start,annual_net_eoy,2007,2007-12-31 15:00:00,0.00014454385703705424,0.0006022660709877261,True
bear_buf020bp_slope20,bear_filter,official_start,annual_net_eoy,2008,2008-12-31 15:00:00,0.009328936308185423,0.03887056795077257,True
bear_buf020bp_slope20,bear_filter,official_start,annual_net_eoy,2009,2009-12-31 15:00:00,0.0038437372388556972,0.01601557182856541,True
bear_buf020bp_slope20,bear_filter,official_start,annual_net_eoy,2010,2010-12-31 15:00:00,0.0037400745839841565,0.007634254431805124,True
bear_buf020bp_slope20,bear_filter,official_start,annual_net_eoy,2011,2011-12-30 15:00:00,0.12591415221770752,0.022224814980471207,True
bear_buf020bp_slope20,bear_filter,official_start,annual_net_eoy,2012,2012-12-31 15:00:00,0.09211484525027484,0.008526186920217423,True
bear_buf020bp_slope20,bear_filter,official_start,annual_net_eoy,2013,2013-12-31 15:00:00,0.4767701044731179,0.004186832922591515,True
bear_buf020bp_slope20,bear_filter,official_start,annual_net_eoy,2014,2014-12-31 15:00:00,0.0001445877658695727,0.0006024490244565662,True
bear_buf020bp_slope20,bear_filter,official_start,annual_net_eoy,2015,2015-12-31 15:00:00,0.8929732872974214,0.06309612899414409,True
bear_buf020bp_slope20,bear_filter,official_start,annual_net_eoy,2016,2016-12-30 15:00:00,0.016968796673285505,0.07070331947202303,True
bear_buf020bp_slope20,bear_filter,official_start,annual_net_eoy,2017,2017-12-29 15:00:00,1.587327592044304,0.019218867771263266,True
bear_buf020bp_slope20,bear_filter,official_start,annual_net_eoy,2018,2018-12-31 15:00:00,2.3123879772605536,0.2441702463406868,True
bear_buf020bp_slope20,bear_filter,official_start,annual_net_eoy,2019,2019-12-31 15:00:00,0.02290287005244526,0.09542862521852188,True
bear_buf020bp_slope20,bear_filter,official_start,annual_net_eoy,2020,2020-12-31 15:00:00,9.373102094552115,0.2139587085748576,True
bear_buf020bp_slope20,bear_filter,official_start,annual_net_eoy,2021,2021-12-31 15:00:00,6.267558997392418,1.0261577626152147,True
bear_buf020bp_slope20,bear_filter,official_start,annual_net_eoy,2022,2022-12-30 15:00:00,4.8516895994709355,2.652238189362033,True
bear_buf020bp_slope20,bear_filter,official_start,annual_net_eoy,2023,2023-12-29 15:00:00,11.368759066218749,0.3275978839834198,True
bear_buf020bp_slope20,bear_filter,official_start,annual_net_eoy,2024,2024-12-31 15:00:00,32.67841636778217,1.6117419423400101,True
bear_buf020bp_slope20,bear_filter,official_start,annual_net_eoy,2025,2025-12-31 15:00:00,21.97031717301168,2.8937834518278818,True
bear_buf020bp_slope20,bear_filter,official_start,annual_net_eoy,2026,2026-06-01 15:00:00,118.57451767670197,0.7054401076913759,True
bear_buf020bp_slope20_20gt50,bear_filter,official_start,annual_net_eoy,2002,2002-12-31 15:00:00,0.0062215278010733744,0.025923032504472372,True
bear_buf020bp_slope20_20gt50,bear_filter,official_start,annual_net_eoy,2003,2003-12-31 15:00:00,0.0016821516669038457,0.007008965278766024,True
bear_buf020bp_slope20_20gt50,bear_filter,official_start,annual_net_eoy,2004,2004-12-31 15:00:00,0.1917573496562096,0.019993184833907857,True
bear_buf020bp_slope20_20gt50,bear_filter,official_start,annual_net_eoy,2005,2005-12-30 15:00:00,0.002557584028689965,0.010656600119541506,True
bear_buf020bp_slope20_20gt50,bear_filter,official_start,annual_net_eoy,2006,2006-12-29 15:00:00,0.003469327457909868,0.014455531074624441,True
bear_buf020bp_slope20_20gt50,bear_filter,official_start,annual_net_eoy,2007,2007-12-31 15:00:00,0.00017122556943400752,0.0007134398726416981,True
bear_buf020bp_slope20_20gt50,bear_filter,official_start,annual_net_eoy,2008,2008-12-31 15:00:00,0.011050988013784254,0.046045783390767786,True
bear_buf020bp_slope20_20gt50,bear_filter,official_start,annual_net_eoy,2009,2009-12-31 15:00:00,0.004553262317533474,0.01897192632305615,True
bear_buf020bp_slope20_20gt50,bear_filter,official_start,annual_net_eoy,2010,2010-12-31 15:00:00,0.004430464313709798,0.009043480567664875,True
bear_buf020bp_slope20_20gt50,bear_filter,official_start,annual_net_eoy,2011,2011-12-30 15:00:00,0.14915696076762447,0.026327349211534422,True
bear_buf020bp_slope20_20gt50,bear_filter,official_start,annual_net_eoy,2012,2012-12-31 15:00:00,0.1165048395503292,0.010464049867676854,True
bear_buf020bp_slope20_20gt50,bear_filter,official_start,annual_net_eoy,2013,2013-12-31 15:00:00,0.5700024596582361,0.005005567760362367,True
bear_buf020bp_slope20_20gt50,bear_filter,official_start,annual_net_eoy,2014,2014-12-31 15:00:00,0.00017286189173547936,0.0007202578822311773,True
bear_buf020bp_slope20_20gt50,bear_filter,official_start,annual_net_eoy,2015,2015-12-31 15:00:00,1.0675941410611844,0.07543457189145802,True
bear_buf020bp_slope20_20gt50,bear_filter,official_start,annual_net_eoy,2016,2016-12-30 15:00:00,0.02270216381042112,0.09459234921008801,True
bear_buf020bp_slope20_20gt50,bear_filter,official_start,annual_net_eoy,2017,2017-12-29 15:00:00,1.8997230218869086,0.02300103373906765,True
bear_buf020bp_slope20_20gt50,bear_filter,official_start,annual_net_eoy,2018,2018-12-31 15:00:00,2.767450636639718,0.29222133583506116,True
bear_buf020bp_slope20_20gt50,bear_filter,official_start,annual_net_eoy,2019,2019-12-31 15:00:00,0.027410003395107185,0.11420834747961324,True
bear_buf020bp_slope20_20gt50,bear_filter,official_start,annual_net_eoy,2020,2020-12-31 15:00:00,11.217666591394346,0.2560643672614069,True
bear_buf020bp_slope20_20gt50,bear_filter,official_start,annual_net_eoy,2021,2021-12-31 15:00:00,7.500973153328367,1.2280988231077876,True
bear_buf020bp_slope20_20gt50,bear_filter,official_start,annual_net_eoy,2022,2022-12-30 15:00:00,5.8064700227081385,3.1741811226529855,True
bear_buf020bp_slope20_20gt50,bear_filter,official_start,annual_net_eoy,2023,2023-12-29 15:00:00,12.442632008803608,0.4221825578261886,True
bear_buf020bp_slope20_20gt50,bear_filter,official_start,annual_net_eoy,2024,2024-12-31 15:00:00,37.175546731129955,1.847555467135033,True
bear_buf020bp_slope20_20gt50,bear_filter,official_start,annual_net_eoy,2025,2025-12-31 15:00:00,24.96410045283561,3.3194750043746026,True
bear_buf020bp_slope20_20gt50,bear_filter,official_start,annual_net_eoy,2026,2026-06-01 15:00:00,136.0727842914714,0.809543243230089,True
bear_buf020bp_slope30,bear_filter,official_start,annual_net_eoy,2002,2002-12-31 15:00:00,0.0062215278010733744,0.025923032504472372,True
bear_buf020bp_slope30,bear_filter,official_start,annual_net_eoy,2003,2003-12-31 15:00:00,0.001375255234146453,0.005730230142276893,True
bear_buf020bp_slope30,bear_filter,official_start,annual_net_eoy,2004,2004-12-31 15:00:00,0.14368064895161387,0.01777448677826618,True
bear_buf020bp_slope30,bear_filter,official_start,annual_net_eoy,2005,2005-12-30 15:00:00,0.0023685748349797434,0.009869061812415605,True
bear_buf020bp_slope30,bear_filter,official_start,annual_net_eoy,2006,2006-12-29 15:00:00,0.0031673491056649528,0.01319728794027065,True
bear_buf020bp_slope30,bear_filter,official_start,annual_net_eoy,2007,2007-12-31 15:00:00,0.0019082364178401288,0.0006513404024187421,True
bear_buf020bp_slope30,bear_filter,official_start,annual_net_eoy,2008,2008-12-31 15:00:00,0.010079378666320206,0.0419974111096675,True
bear_buf020bp_slope30,bear_filter,official_start,annual_net_eoy,2009,2009-12-31 15:00:00,0.004152936824133847,0.017303903433891068,True
bear_buf020bp_slope30,bear_filter,official_start,annual_net_eoy,2010,2010-12-31 15:00:00,0.006574284154059468,0.008248372452246322,True
bear_buf020bp_slope30,bear_filter,official_start,annual_net_eoy,2011,2011-12-30 15:00:00,0.1359122774641641,0.023989560879485363,True
bear_buf020bp_slope30,bear_filter,official_start,annual_net_eoy,2012,2012-12-31 15:00:00,0.0994291601517285,0.00920320283305641,True
bear_buf020bp_slope30,bear_filter,official_start,annual_net_eoy,2013,2013-12-31 15:00:00,0.514627701370136,0.004519285464333394,True
bear_buf020bp_slope30,bear_filter,official_start,annual_net_eoy,2014,2014-12-31 15:00:00,0.00015606865635573198,0.0006502860681488965,True
bear_buf020bp_slope30,bear_filter,official_start,annual_net_eoy,2015,2015-12-31 15:00:00,0.9638792070124823,0.06810623301453418,True
bear_buf020bp_slope30,bear_filter,official_start,annual_net_eoy,2016,2016-12-30 15:00:00,0.019405746434907483,0.08085727681211458,True
bear_buf020bp_slope30,bear_filter,official_start,annual_net_eoy,2017,2017-12-29 15:00:00,1.7712604734689195,0.021099460590894657,True
bear_buf020bp_slope30,bear_filter,official_start,annual_net_eoy,2018,2018-12-31 15:00:00,2.5348959723846063,0.26766536589522594,True
bear_buf020bp_slope30,bear_filter,official_start,annual_net_eoy,2019,2019-12-31 15:00:00,0.02510668349035888,0.10461118120982871,True
bear_buf020bp_slope30,bear_filter,official_start,annual_net_eoy,2020,2020-12-31 15:00:00,10.275022609474917,0.23454674300181766,True
bear_buf020bp_slope30,bear_filter,official_start,annual_net_eoy,2021,2021-12-31 15:00:00,6.870650693312641,1.1248991108170912,True
bear_buf020bp_slope30,bear_filter,official_start,annual_net_eoy,2022,2022-12-30 15:00:00,5.31854020428225,2.907448045108459,True
bear_buf020bp_slope30,bear_filter,official_start,annual_net_eoy,2023,2023-12-29 15:00:00,12.462710345912628,0.3591207724817384,True
bear_buf020bp_slope30,bear_filter,official_start,annual_net_eoy,2024,2024-12-31 15:00:00,35.82287524809461,1.766830738759158,True
bear_buf020bp_slope30,bear_filter,official_start,annual_net_eoy,2025,2025-12-31 15:00:00,24.11710431728465,3.3085191186952216,True
bear_buf020bp_slope30,bear_filter,official_start,annual_net_eoy,2026,2026-06-01 15:00:00,140.3738124349544,0.8114932721677542,True
bear_buf020bp_slope30_20gt50,bear_filter,official_start,annual_net_eoy,2002,2002-12-31 15:00:00,0.0062215278010733744,0.025923032504472372,True
bear_buf020bp_slope30_20gt50,bear_filter,official_start,annual_net_eoy,2003,2003-12-31 15:00:00,0.0017733263572412906,0.007388859821838712,True
bear_buf020bp_slope30_20gt50,bear_filter,official_start,annual_net_eoy,2004,2004-12-31 15:00:00,0.2265955968927653,0.021589244329483184,True
bear_buf020bp_slope30_20gt50,bear_filter,official_start,annual_net_eoy,2005,2005-12-30 15:00:00,0.0028103695410318995,0.01170987308763291,True
bear_buf020bp_slope30_20gt50,bear_filter,official_start,annual_net_eoy,2006,2006-12-29 15:00:00,0.003758133929701862,0.015658891373757772,True
bear_buf020bp_slope30_20gt50,bear_filter,official_start,annual_net_eoy,2007,2007-12-31 15:00:00,0.0022641672226622147,0.0007728306493709495,True
bear_buf020bp_slope30_20gt50,bear_filter,official_start,annual_net_eoy,2008,2008-12-31 15:00:00,0.011959418962835944,0.0498309123451498,True
bear_buf020bp_slope30_20gt50,bear_filter,official_start,annual_net_eoy,2009,2009-12-31 15:00:00,0.004927556851491777,0.020531486881215734,True
bear_buf020bp_slope30_20gt50,bear_filter,official_start,annual_net_eoy,2010,2010-12-31 15:00:00,0.007800542194315538,0.009786887186563264,True
bear_buf020bp_slope30_20gt50,bear_filter,official_start,annual_net_eoy,2011,2011-12-30 15:00:00,0.16126310184361076,0.028464176095585273,True
bear_buf020bp_slope30_20gt50,bear_filter,official_start,annual_net_eoy,2012,2012-12-31 15:00:00,0.09765288624370036,0.011914413862815679,True
bear_buf020bp_slope30_20gt50,bear_filter,official_start,annual_net_eoy,2013,2013-12-31 15:00:00,0.5962441222577943,0.005236013117326997,True
bear_buf020bp_slope30_20gt50,bear_filter,official_start,annual_net_eoy,2014,2014-12-31 15:00:00,0.00018082007395448912,0.0007534169748103712,True
bear_buf020bp_slope30_20gt50,bear_filter,official_start,annual_net_eoy,2015,2015-12-31 15:00:00,1.116743832905992,0.07890741407025213,True
bear_buf020bp_slope30_20gt50,bear_filter,official_start,annual_net_eoy,2016,2016-12-30 15:00:00,0.02505307747755386,0.1043878228231411,True
bear_buf020bp_slope30_20gt50,bear_filter,official_start,annual_net_eoy,2017,2017-12-29 15:00:00,2.0542914883300765,0.024471139138850267,True
bear_buf020bp_slope30_20gt50,bear_filter,official_start,annual_net_eoy,2018,2018-12-31 15:00:00,2.9399725054897616,0.3104383079134998,True
bear_buf020bp_slope30_20gt50,bear_filter,official_start,annual_net_eoy,2019,2019-12-31 15:00:00,0.029118733064320713,0.12132805443466954,True
bear_buf020bp_slope30_20gt50,bear_filter,official_start,annual_net_eoy,2020,2020-12-31 15:00:00,11.916971857714756,0.27202732703418914,True
bear_buf020bp_slope30_20gt50,bear_filter,official_start,annual_net_eoy,2021,2021-12-31 15:00:00,7.968581098876945,1.3046580582717262,True
bear_buf020bp_slope30_20gt50,bear_filter,official_start,annual_net_eoy,2022,2022-12-30 15:00:00,6.1684432577414245,3.372058422467642,True
bear_buf020bp_slope30_20gt50,bear_filter,official_start,annual_net_eoy,2023,2023-12-29 15:00:00,13.218301174913368,0.4485012653426861,True
bear_buf020bp_slope30_20gt50,bear_filter,official_start,annual_net_eoy,2024,2024-12-31 15:00:00,39.49305682965307,1.9627314047919673,True
bear_buf020bp_slope30_20gt50,bear_filter,official_start,annual_net_eoy,2025,2025-12-31 15:00:00,26.556713190619096,3.677908917024457,True
bear_buf020bp_slope30_20gt50,bear_filter,official_start,annual_net_eoy,2026,2026-06-01 15:00:00,156.1067364508736,0.9024444386922112,True
bear_buf020bp_slope40,bear_filter,official_start,annual_net_eoy,2002,2002-12-31 15:00:00,0.0062215278010733744,0.025923032504472372,True
bear_buf020bp_slope40,bear_filter,official_start,annual_net_eoy,2003,2003-12-31 15:00:00,0.0014753847691184186,0.006147436537993417,True
bear_buf020bp_slope40,bear_filter,official_start,annual_net_eoy,2004,2004-12-31 15:00:00,0.12784318759674448,0.017232752968346466,True
bear_buf020bp_slope40,bear_filter,official_start,annual_net_eoy,2005,2005-12-30 15:00:00,0.001954084885672412,0.008142020356968385,True
bear_buf020bp_slope40,bear_filter,official_start,annual_net_eoy,2006,2006-12-29 15:00:00,0.0033550859858973345,0.013979524941238898,True
bear_buf020bp_slope40,bear_filter,official_start,annual_net_eoy,2007,2007-12-31 15:00:00,0.03569662007427181,0.0006899470135121328,True
bear_buf020bp_slope40,bear_filter,official_start,annual_net_eoy,2008,2008-12-31 15:00:00,0.010490248697121883,0.04370936957134114,True
bear_buf020bp_slope40,bear_filter,official_start,annual_net_eoy,2009,2009-12-31 15:00:00,0.004322224767105085,0.01800926986293784,True
bear_buf020bp_slope40,bear_filter,official_start,annual_net_eoy,2010,2010-12-31 15:00:00,0.006842274515599173,0.008584604392300613,True
bear_buf020bp_slope40,bear_filter,official_start,annual_net_eoy,2011,2011-12-30 15:00:00,0.08495385667241093,0.023477433520105347,True
bear_buf020bp_slope40,bear_filter,official_start,annual_net_eoy,2012,2012-12-31 15:00:00,0.09440693205612516,0.008738343391749795,True
bear_buf020bp_slope40,bear_filter,official_start,annual_net_eoy,2013,2013-12-31 15:00:00,0.4886335393290095,0.004291013573105566,True
bear_buf020bp_slope40,bear_filter,official_start,annual_net_eoy,2014,2014-12-31 15:00:00,0.0001481855324351757,0.0006174397184798988,True
bear_buf020bp_slope40,bear_filter,official_start,annual_net_eoy,2015,2015-12-31 15:00:00,0.9151930748271164,0.06466614525346502,True
bear_buf020bp_slope40,bear_filter,official_start,annual_net_eoy,2016,2016-12-30 15:00:00,0.01922364399528304,0.08009851664701269,True
bear_buf020bp_slope40,bear_filter,official_start,annual_net_eoy,2017,2017-12-29 15:00:00,1.545859728479282,0.019217763317383684,True
bear_buf020bp_slope40,bear_filter,official_start,annual_net_eoy,2018,2018-12-31 15:00:00,2.3176962145313857,0.24473075505064446,True
bear_buf020bp_slope40,bear_filter,official_start,annual_net_eoy,2019,2019-12-31 15:00:00,0.024806929764776924,0.10336220735323719,True
bear_buf020bp_slope40,bear_filter,official_start,annual_net_eoy,2020,2020-12-31 15:00:00,9.444627514050541,0.21523593394486562,True
bear_buf020bp_slope40,bear_filter,official_start,annual_net_eoy,2021,2021-12-31 15:00:00,6.303668968183064,1.0320698771800811,True
bear_buf020bp_slope40,bear_filter,official_start,annual_net_eoy,2022,2022-12-30 15:00:00,4.87964216757521,2.6675188183258114,True
bear_buf020bp_slope40,bear_filter,official_start,annual_net_eoy,2023,2023-12-29 15:00:00,11.434259136976435,0.3294853093792792,True
bear_buf020bp_slope40,bear_filter,official_start,annual_net_eoy,2024,2024-12-31 15:00:00,32.86669008981923,1.6210278468658723,True
bear_buf020bp_slope40,bear_filter,official_start,annual_net_eoy,2025,2025-12-31 15:00:00,22.149024922874336,3.127654750409104,True
bear_buf020bp_slope40,bear_filter,official_start,annual_net_eoy,2026,2026-06-01 15:00:00,121.26167332987788,0.7170085391689479,True
bear_buf020bp_slope40_20gt50,bear_filter,official_start,annual_net_eoy,2002,2002-12-31 15:00:00,0.0062215278010733744,0.025923032504472372,True
bear_buf020bp_slope40_20gt50,bear_filter,official_start,annual_net_eoy,2003,2003-12-31 15:00:00,0.001894950851259987,0.007895628546916614,True
bear_buf020bp_slope40_20gt50,bear_filter,official_start,annual_net_eoy,2004,2004-12-31 15:00:00,0.20735823436523335,0.02093116522499012,True
bear_buf020bp_slope40_20gt50,bear_filter,official_start,annual_net_eoy,2005,2005-12-30 15:00:00,0.0027836753585198672,0.011598647327166117,True
bear_buf020bp_slope40_20gt50,bear_filter,official_start,annual_net_eoy,2006,2006-12-29 15:00:00,0.0034614014624385295,0.014422506093493886,True
bear_buf020bp_slope40_20gt50,bear_filter,official_start,annual_net_eoy,2007,2007-12-31 15:00:00,0.0001708343889806272,0.0007118099540859465,True
bear_buf020bp_slope40_20gt50,bear_filter,official_start,annual_net_eoy,2008,2008-12-31 15:00:00,0.011025741022252485,0.04594058759271864,True
bear_buf020bp_slope40_20gt50,bear_filter,official_start,annual_net_eoy,2009,2009-12-31 15:00:00,0.004542859973867048,0.018928583224446065,True
bear_buf020bp_slope40_20gt50,bear_filter,official_start,annual_net_eoy,2010,2010-12-31 15:00:00,0.0021654767784630015,0.00902281991026251,True
bear_buf020bp_slope40_20gt50,bear_filter,official_start,annual_net_eoy,2011,2011-12-30 15:00:00,0.07741450904384195,0.024718921397274985,True
bear_buf020bp_slope40_20gt50,bear_filter,official_start,annual_net_eoy,2012,2012-12-31 15:00:00,0.08277507075255758,0.010099204318535254,True
bear_buf020bp_slope40_20gt50,bear_filter,official_start,annual_net_eoy,2013,2013-12-31 15:00:00,0.5054038984830219,0.004438285164111245,True
bear_buf020bp_slope40_20gt50,bear_filter,official_start,annual_net_eoy,2014,2014-12-31 15:00:00,0.00015327139822281469,0.0006386308259284076,True
bear_buf020bp_slope40_20gt50,bear_filter,official_start,annual_net_eoy,2015,2015-12-31 15:00:00,0.9466033553845906,0.06688554771710944,True
bear_buf020bp_slope40_20gt50,bear_filter,official_start,annual_net_eoy,2016,2016-12-30 15:00:00,0.02197331930651911,0.09155549711049618,True
bear_buf020bp_slope40_20gt50,bear_filter,official_start,annual_net_eoy,2017,2017-12-29 15:00:00,1.6006402621791633,0.01989803205627406,True
bear_buf020bp_slope40_20gt50,bear_filter,official_start,annual_net_eoy,2018,2018-12-31 15:00:00,2.39972989381931,0.25339287571419156,True
bear_buf020bp_slope40_20gt50,bear_filter,official_start,annual_net_eoy,2019,2019-12-31 15:00:00,0.025684958432935757,0.10702066013723244,True
bear_buf020bp_slope40_20gt50,bear_filter,official_start,annual_net_eoy,2020,2020-12-31 15:00:00,9.778915303633932,0.22285410040937767,True
bear_buf020bp_slope40_20gt50,bear_filter,official_start,annual_net_eoy,2021,2021-12-31 15:00:00,6.52678412677501,1.0685994658192166,True
bear_buf020bp_slope40_20gt50,bear_filter,official_start,annual_net_eoy,2022,2022-12-30 15:00:00,5.052354621478736,2.761934290839005,True
bear_buf020bp_slope40_20gt50,bear_filter,official_start,annual_net_eoy,2023,2023-12-29 15:00:00,10.826644947306274,0.3673515903464554,True
bear_buf020bp_slope40_20gt50,bear_filter,official_start,annual_net_eoy,2024,2024-12-31 15:00:00,32.34737191417092,1.6076041667850403,True
bear_buf020bp_slope40_20gt50,bear_filter,official_start,annual_net_eoy,2025,2025-12-31 15:00:00,21.773619433869648,3.103908074940424,True
bear_buf020bp_slope40_20gt50,bear_filter,official_start,annual_net_eoy,2026,2026-06-01 15:00:00,120.3894094554619,0.7118509272938155,True
peak_stop_35,peak_stop,official_start,annual_net_eoy,2002,2002-12-31 15:00:00,0.006169100610435654,0.025704585876815202,True
peak_stop_35,peak_stop,official_start,annual_net_eoy,2003,2003-12-31 15:00:00,0.0016356587152117294,0.006815244646715542,True
peak_stop_35,peak_stop,official_start,annual_net_eoy,2004,2004-12-31 15:00:00,0.19032206963418638,0.019913218736166197,True
peak_stop_35,peak_stop,official_start,annual_net_eoy,2005,2005-12-30 15:00:00,0.0026160670677117656,0.010900279448799033,True
peak_stop_35,peak_stop,official_start,annual_net_eoy,2006,2006-12-29 15:00:00,0.0034485890239388767,0.01436912093307864,True
peak_stop_35,peak_stop,official_start,annual_net_eoy,2007,2007-12-31 15:00:00,0.011937106216034188,0.0007369591550589311,True
peak_stop_35,peak_stop,official_start,annual_net_eoy,2008,2008-12-31 15:00:00,0.011238644040781955,0.04682768350325819,True
peak_stop_35,peak_stop,official_start,annual_net_eoy,2009,2009-12-31 15:00:00,0.0047883859806501575,0.01995160825270898,True
peak_stop_35,peak_stop,official_start,annual_net_eoy,2010,2010-12-31 15:00:00,0.04522775934107032,0.010209758205016926,True
peak_stop_35,peak_stop,official_start,annual_net_eoy,2011,2011-12-30 15:00:00,0.16466191714188694,0.029064093101152374,True
peak_stop_35,peak_stop,official_start,annual_net_eoy,2012,2012-12-31 15:00:00,0.09971103916207741,0.012165524573474092,True
peak_stop_35,peak_stop,official_start,annual_net_eoy,2013,2013-12-31 15:00:00,0.6088106896936762,0.0053463684390447,True
peak_stop_35,peak_stop,official_start,annual_net_eoy,2014,2014-12-31 15:00:00,0.00018463107614014688,0.0007692961505839585,True
peak_stop_35,peak_stop,official_start,annual_net_eoy,2015,2015-12-31 15:00:00,1.1402805625121284,0.08057048344584686,True
peak_stop_35,peak_stop,official_start,annual_net_eoy,2016,2016-12-30 15:00:00,0.025581101446001515,0.10658792269167305,True
peak_stop_35,peak_stop,official_start,annual_net_eoy,2017,2017-12-29 15:00:00,2.097588170942723,0.024986898051586777,True
peak_stop_35,peak_stop,official_start,annual_net_eoy,2018,2018-12-31 15:00:00,3.0019359888529196,0.3169811714578896,True
peak_stop_35,peak_stop,official_start,annual_net_eoy,2019,2019-12-31 15:00:00,0.029732445651230115,0.12388519021345877,True
peak_stop_35,peak_stop,official_start,annual_net_eoy,2020,2020-12-31 15:00:00,10.284525863773526,0.8391002762546605,True
peak_stop_35,peak_stop,official_start,annual_net_eoy,2021,2021-12-31 15:00:00,0.4140633529125097,1.7252639704687922,True
peak_stop_35,peak_stop,official_start,annual_net_eoy,2022,2022-12-30 15:00:00,0.40270379625356906,1.6779324843898702,True
peak_stop_35,peak_stop,official_start,annual_net_eoy,2023,2023-12-29 15:00:00,7.206495380622828,0.2290988281362859,True
peak_stop_35,peak_stop,official_start,annual_net_eoy,2024,2024-12-31 15:00:00,24.415369936322644,2.486192778085585,True
peak_stop_35,peak_stop,official_start,annual_net_eoy,2025,2025-12-31 15:00:00,0.442624838982142,1.8442701624255915,True
peak_stop_35,peak_stop,official_start,annual_net_eoy,2026,2026-06-01 15:00:00,65.48368107896,0.378557550803703,True
peak_stop_40,peak_stop,official_start,annual_net_eoy,2002,2002-12-31 15:00:00,0.006169100610435654,0.025704585876815202,True
peak_stop_40,peak_stop,official_start,annual_net_eoy,2003,2003-12-31 15:00:00,0.0016356587152117294,0.006815244646715542,True
peak_stop_40,peak_stop,official_start,annual_net_eoy,2004,2004-12-31 15:00:00,0.19032206963418638,0.019913218736166197,True
peak_stop_40,peak_stop,official_start,annual_net_eoy,2005,2005-12-30 15:00:00,0.0026160670677117656,0.010900279448799033,True
peak_stop_40,peak_stop,official_start,annual_net_eoy,2006,2006-12-29 15:00:00,0.0034485890239388767,0.01436912093307864,True
peak_stop_40,peak_stop,official_start,annual_net_eoy,2007,2007-12-31 15:00:00,0.011937106216034188,0.0007369591550589311,True
peak_stop_40,peak_stop,official_start,annual_net_eoy,2008,2008-12-31 15:00:00,0.011238644040781955,0.04682768350325819,True
peak_stop_40,peak_stop,official_start,annual_net_eoy,2009,2009-12-31 15:00:00,0.0047883859806501575,0.01995160825270898,True
peak_stop_40,peak_stop,official_start,annual_net_eoy,2010,2010-12-31 15:00:00,0.03835276252147853,0.009960153008613313,True
peak_stop_40,peak_stop,official_start,annual_net_eoy,2011,2011-12-30 15:00:00,0.16254877457199768,0.02869110720706529,True
peak_stop_40,peak_stop,official_start,annual_net_eoy,2012,2012-12-31 15:00:00,0.09843142548334262,0.012009401723045402,True
peak_stop_40,peak_stop,official_start,annual_net_eoy,2013,2013-12-31 15:00:00,0.600997688316515,0.005277757317912638,True
peak_stop_40,peak_stop,official_start,annual_net_eoy,2014,2014-12-31 15:00:00,0.00018226166496427635,0.000759423604017818,True
peak_stop_40,peak_stop,official_start,annual_net_eoy,2015,2015-12-31 15:00:00,1.1256470914576857,0.0795365047250756,True
peak_stop_40,peak_stop,official_start,annual_net_eoy,2016,2016-12-30 15:00:00,0.02525281354927029,0.10522005645529288,True
peak_stop_40,peak_stop,official_start,annual_net_eoy,2017,2017-12-29 15:00:00,2.07066936096494,0.024666235697602134,True
peak_stop_40,peak_stop,official_start,annual_net_eoy,2018,2018-12-31 15:00:00,2.9634114845823265,0.31291328242265787,True
peak_stop_40,peak_stop,official_start,annual_net_eoy,2019,2019-12-31 15:00:00,0.029350882641985748,0.12229534434160724,True
peak_stop_40,peak_stop,official_start,annual_net_eoy,2020,2020-12-31 15:00:00,12.011980111600831,0.2741960693673412,True
peak_stop_40,peak_stop,official_start,annual_net_eoy,2021,2021-12-31 15:00:00,8.032110742581164,1.3150594660718553,True
peak_stop_40,peak_stop,official_start,annual_net_eoy,2022,2022-12-30 15:00:00,6.21762127293781,3.3989422136308303,True
peak_stop_40,peak_stop,official_start,annual_net_eoy,2023,2023-12-29 15:00:00,15.550172871136079,0.45505253395987144,True
peak_stop_40,peak_stop,official_start,annual_net_eoy,2024,2024-12-31 15:00:00,43.49097076228415,2.1335324491002337,True
peak_stop_40,peak_stop,official_start,annual_net_eoy,2025,2025-12-31 15:00:00,29.30344300363713,3.9932233484262434,True
peak_stop_40,peak_stop,official_start,annual_net_eoy,2026,2026-06-01 15:00:00,169.37777977027028,0.9791636086109441,True
peak_stop_45,peak_stop,official_start,annual_net_eoy,2002,2002-12-31 15:00:00,0.006169100610435654,0.025704585876815202,True
peak_stop_45,peak_stop,official_start,annual_net_eoy,2003,2003-12-31 15:00:00,0.0016356587152117294,0.006815244646715542,True
peak_stop_45,peak_stop,official_start,annual_net_eoy,2004,2004-12-31 15:00:00,0.19032206963418638,0.019913218736166197,True
peak_stop_45,peak_stop,official_start,annual_net_eoy,2005,2005-12-30 15:00:00,0.0026160670677117656,0.010900279448799033,True
peak_stop_45,peak_stop,official_start,annual_net_eoy,2006,2006-12-29 15:00:00,0.0034485890239388767,0.01436912093307864,True
peak_stop_45,peak_stop,official_start,annual_net_eoy,2007,2007-12-31 15:00:00,0.011937106216034188,0.0007369591550589311,True
peak_stop_45,peak_stop,official_start,annual_net_eoy,2008,2008-12-31 15:00:00,0.011238644040781955,0.04682768350325819,True
peak_stop_45,peak_stop,official_start,annual_net_eoy,2009,2009-12-31 15:00:00,0.0047883859806501575,0.01995160825270898,True
peak_stop_45,peak_stop,official_start,annual_net_eoy,2010,2010-12-31 15:00:00,0.03835276252147853,0.009960153008613313,True
peak_stop_45,peak_stop,official_start,annual_net_eoy,2011,2011-12-30 15:00:00,0.16254877457199768,0.02869110720706529,True
peak_stop_45,peak_stop,official_start,annual_net_eoy,2012,2012-12-31 15:00:00,0.09843142548334262,0.012009401723045402,True
peak_stop_45,peak_stop,official_start,annual_net_eoy,2013,2013-12-31 15:00:00,0.600997688316515,0.005277757317912638,True
peak_stop_45,peak_stop,official_start,annual_net_eoy,2014,2014-12-31 15:00:00,0.00018226166496427635,0.000759423604017818,True
peak_stop_45,peak_stop,official_start,annual_net_eoy,2015,2015-12-31 15:00:00,1.1256470914576857,0.0795365047250756,True
peak_stop_45,peak_stop,official_start,annual_net_eoy,2016,2016-12-30 15:00:00,0.02525281354927029,0.10522005645529288,True
peak_stop_45,peak_stop,official_start,annual_net_eoy,2017,2017-12-29 15:00:00,2.07066936096494,0.024666235697602134,True
peak_stop_45,peak_stop,official_start,annual_net_eoy,2018,2018-12-31 15:00:00,2.9634114845823265,0.31291328242265787,True
peak_stop_45,peak_stop,official_start,annual_net_eoy,2019,2019-12-31 15:00:00,0.029350882641985748,0.12229534434160724,True
peak_stop_45,peak_stop,official_start,annual_net_eoy,2020,2020-12-31 15:00:00,12.011980111600831,0.2741960693673412,True
peak_stop_45,peak_stop,official_start,annual_net_eoy,2021,2021-12-31 15:00:00,8.032110742581164,1.3150594660718553,True
peak_stop_45,peak_stop,official_start,annual_net_eoy,2022,2022-12-30 15:00:00,6.21762127293781,3.3989422136308303,True
peak_stop_45,peak_stop,official_start,annual_net_eoy,2023,2023-12-29 15:00:00,15.550172871136079,0.45505253395987144,True
peak_stop_45,peak_stop,official_start,annual_net_eoy,2024,2024-12-31 15:00:00,43.49097076228415,2.1335324491002337,True
peak_stop_45,peak_stop,official_start,annual_net_eoy,2025,2025-12-31 15:00:00,29.30344300363713,3.9932233484262434,True
peak_stop_45,peak_stop,official_start,annual_net_eoy,2026,2026-06-01 15:00:00,169.37777977027028,0.9791636086109441,True
peak_stop_50,peak_stop,official_start,annual_net_eoy,2002,2002-12-31 15:00:00,0.006169100610435654,0.025704585876815202,True
peak_stop_50,peak_stop,official_start,annual_net_eoy,2003,2003-12-31 15:00:00,0.0016356587152117294,0.006815244646715542,True
peak_stop_50,peak_stop,official_start,annual_net_eoy,2004,2004-12-31 15:00:00,0.19032206963418638,0.019913218736166197,True
peak_stop_50,peak_stop,official_start,annual_net_eoy,2005,2005-12-30 15:00:00,0.0026160670677117656,0.010900279448799033,True
peak_stop_50,peak_stop,official_start,annual_net_eoy,2006,2006-12-29 15:00:00,0.0034485890239388767,0.01436912093307864,True
peak_stop_50,peak_stop,official_start,annual_net_eoy,2007,2007-12-31 15:00:00,0.011937106216034188,0.0007369591550589311,True
peak_stop_50,peak_stop,official_start,annual_net_eoy,2008,2008-12-31 15:00:00,0.011238644040781955,0.04682768350325819,True
peak_stop_50,peak_stop,official_start,annual_net_eoy,2009,2009-12-31 15:00:00,0.0047883859806501575,0.01995160825270898,True
peak_stop_50,peak_stop,official_start,annual_net_eoy,2010,2010-12-31 15:00:00,0.03835276252147853,0.009960153008613313,True
peak_stop_50,peak_stop,official_start,annual_net_eoy,2011,2011-12-30 15:00:00,0.16254877457199768,0.02869110720706529,True
peak_stop_50,peak_stop,official_start,annual_net_eoy,2012,2012-12-31 15:00:00,0.09843142548334262,0.012009401723045402,True
peak_stop_50,peak_stop,official_start,annual_net_eoy,2013,2013-12-31 15:00:00,0.600997688316515,0.005277757317912638,True
peak_stop_50,peak_stop,official_start,annual_net_eoy,2014,2014-12-31 15:00:00,0.00018226166496427635,0.000759423604017818,True
peak_stop_50,peak_stop,official_start,annual_net_eoy,2015,2015-12-31 15:00:00,1.1256470914576857,0.0795365047250756,True
peak_stop_50,peak_stop,official_start,annual_net_eoy,2016,2016-12-30 15:00:00,0.02525281354927029,0.10522005645529288,True
peak_stop_50,peak_stop,official_start,annual_net_eoy,2017,2017-12-29 15:00:00,2.07066936096494,0.024666235697602134,True
peak_stop_50,peak_stop,official_start,annual_net_eoy,2018,2018-12-31 15:00:00,2.9634114845823265,0.31291328242265787,True
peak_stop_50,peak_stop,official_start,annual_net_eoy,2019,2019-12-31 15:00:00,0.029350882641985748,0.12229534434160724,True
peak_stop_50,peak_stop,official_start,annual_net_eoy,2020,2020-12-31 15:00:00,10.139027877309053,0.24540649700317435,True
peak_stop_50,peak_stop,official_start,annual_net_eoy,2021,2021-12-31 15:00:00,7.247119839704188,1.1865366218665354,True
peak_stop_50,peak_stop,official_start,annual_net_eoy,2022,2022-12-30 15:00:00,5.609963299434574,3.0667582083780305,True
peak_stop_50,peak_stop,official_start,annual_net_eoy,2023,2023-12-29 15:00:00,14.030429850501049,0.41057952917472956,True
peak_stop_50,peak_stop,official_start,annual_net_eoy,2024,2024-12-31 15:00:00,39.24052931546855,1.9250189440936765,True
peak_stop_50,peak_stop,official_start,annual_net_eoy,2025,2025-12-31 15:00:00,26.439571112668126,3.602959306740103,True
peak_stop_50,peak_stop,official_start,annual_net_eoy,2026,2026-06-01 15:00:00,152.82422111920687,0.8834683984947626,True
profit_lock_none,profit_lock,official_start,annual_net_eoy,2002,2002-12-31 15:00:00,0.006169100610435654,0.025704585876815202,True
profit_lock_none,profit_lock,official_start,annual_net_eoy,2003,2003-12-31 15:00:00,0.0016356587152117294,0.006815244646715542,True
profit_lock_none,profit_lock,official_start,annual_net_eoy,2004,2004-12-31 15:00:00,0.19032206963418638,0.019913218736166197,True
profit_lock_none,profit_lock,official_start,annual_net_eoy,2005,2005-12-30 15:00:00,0.0026160670677117656,0.010900279448799033,True
profit_lock_none,profit_lock,official_start,annual_net_eoy,2006,2006-12-29 15:00:00,0.0034485890239388767,0.01436912093307864,True
profit_lock_none,profit_lock,official_start,annual_net_eoy,2007,2007-12-31 15:00:00,0.011937106216034188,0.0007369591550589311,True
profit_lock_none,profit_lock,official_start,annual_net_eoy,2008,2008-12-31 15:00:00,0.011238644040781955,0.04682768350325819,True
profit_lock_none,profit_lock,official_start,annual_net_eoy,2009,2009-12-31 15:00:00,0.0047883859806501575,0.01995160825270898,True
profit_lock_none,profit_lock,official_start,annual_net_eoy,2010,2010-12-31 15:00:00,0.03835276252147853,0.009960153008613313,True
profit_lock_none,profit_lock,official_start,annual_net_eoy,2011,2011-12-30 15:00:00,0.16254877457199768,0.02869110720706529,True
profit_lock_none,profit_lock,official_start,annual_net_eoy,2012,2012-12-31 15:00:00,0.09843142548334262,0.012009401723045402,True
profit_lock_none,profit_lock,official_start,annual_net_eoy,2013,2013-12-31 15:00:00,0.600997688316515,0.005277757317912638,True
profit_lock_none,profit_lock,official_start,annual_net_eoy,2014,2014-12-31 15:00:00,0.00018226166496427635,0.000759423604017818,True
profit_lock_none,profit_lock,official_start,annual_net_eoy,2015,2015-12-31 15:00:00,1.060424735116419,0.039088545153659754,True
profit_lock_none,profit_lock,official_start,annual_net_eoy,2016,2016-12-30 15:00:00,0.02460581004390742,0.10252420851628095,True
profit_lock_none,profit_lock,official_start,annual_net_eoy,2017,2017-12-29 15:00:00,2.0176166453783164,0.02403426093054042,True
profit_lock_none,profit_lock,official_start,annual_net_eoy,2018,2018-12-31 15:00:00,2.9332500697669017,0.17837267765662623,True
profit_lock_none,profit_lock,official_start,annual_net_eoy,2019,2019-12-31 15:00:00,0.028759690135824002,0.11983204223260001,True
profit_lock_none,profit_lock,official_start,annual_net_eoy,2020,2020-12-31 15:00:00,11.770031931957892,0.26867314648266144,True
profit_lock_none,profit_lock,official_start,annual_net_eoy,2021,2021-12-31 15:00:00,0.0,0.0,False
profit_lock_none,profit_lock,official_start,annual_net_eoy,2022,2022-12-30 15:00:00,14.09054884932584,3.3842984148119357,True
profit_lock_none,profit_lock,official_start,annual_net_eoy,2023,2023-12-29 15:00:00,14.913433529178965,0.4364193101731847,True
profit_lock_none,profit_lock,official_start,annual_net_eoy,2024,2024-12-31 15:00:00,0.0,0.0,False
profit_lock_none,profit_lock,official_start,annual_net_eoy,2025,2025-12-31 15:00:00,62.78859709544554,2.6265278091847417,True
profit_lock_none,profit_lock,official_start,annual_net_eoy,2026,2026-06-01 15:00:00,153.76615067916944,0.88891364136098,True
profit_lock_300_400,profit_lock,official_start,annual_net_eoy,2002,2002-12-31 15:00:00,0.006169100610435654,0.025704585876815202,True
profit_lock_300_400,profit_lock,official_start,annual_net_eoy,2003,2003-12-31 15:00:00,0.0016356587152117294,0.006815244646715542,True
profit_lock_300_400,profit_lock,official_start,annual_net_eoy,2004,2004-12-31 15:00:00,0.19032206963418638,0.019913218736166197,True
profit_lock_300_400,profit_lock,official_start,annual_net_eoy,2005,2005-12-30 15:00:00,0.0026160670677117656,0.010900279448799033,True
profit_lock_300_400,profit_lock,official_start,annual_net_eoy,2006,2006-12-29 15:00:00,0.0034485890239388767,0.01436912093307864,True
profit_lock_300_400,profit_lock,official_start,annual_net_eoy,2007,2007-12-31 15:00:00,0.011937106216034188,0.0007369591550589311,True
profit_lock_300_400,profit_lock,official_start,annual_net_eoy,2008,2008-12-31 15:00:00,0.011238644040781955,0.04682768350325819,True
profit_lock_300_400,profit_lock,official_start,annual_net_eoy,2009,2009-12-31 15:00:00,0.0047883859806501575,0.01995160825270898,True
profit_lock_300_400,profit_lock,official_start,annual_net_eoy,2010,2010-12-31 15:00:00,0.03835276252147853,0.009960153008613313,True
profit_lock_300_400,profit_lock,official_start,annual_net_eoy,2011,2011-12-30 15:00:00,0.16254877457199768,0.02869110720706529,True
profit_lock_300_400,profit_lock,official_start,annual_net_eoy,2012,2012-12-31 15:00:00,0.09843142548334262,0.012009401723045402,True
profit_lock_300_400,profit_lock,official_start,annual_net_eoy,2013,2013-12-31 15:00:00,0.600997688316515,0.005277757317912638,True
profit_lock_300_400,profit_lock,official_start,annual_net_eoy,2014,2014-12-31 15:00:00,0.00018226166496427635,0.000759423604017818,True
profit_lock_300_400,profit_lock,official_start,annual_net_eoy,2015,2015-12-31 15:00:00,1.1256470914576857,0.0795365047250756,True
profit_lock_300_400,profit_lock,official_start,annual_net_eoy,2016,2016-12-30 15:00:00,0.02525281354927029,0.10522005645529288,True
profit_lock_300_400,profit_lock,official_start,annual_net_eoy,2017,2017-12-29 15:00:00,2.07066936096494,0.024666235697602134,True
profit_lock_300_400,profit_lock,official_start,annual_net_eoy,2018,2018-12-31 15:00:00,2.9634114845823265,0.31291328242265787,True
profit_lock_300_400,profit_lock,official_start,annual_net_eoy,2019,2019-12-31 15:00:00,0.029350882641985748,0.12229534434160724,True
profit_lock_300_400,profit_lock,official_start,annual_net_eoy,2020,2020-12-31 15:00:00,12.011980111600831,0.2741960693673412,True
profit_lock_300_400,profit_lock,official_start,annual_net_eoy,2021,2021-12-31 15:00:00,8.032110742581164,1.3150594660718553,True
profit_lock_300_400,profit_lock,official_start,annual_net_eoy,2022,2022-12-30 15:00:00,6.21762127293781,3.3989422136308303,True
profit_lock_300_400,profit_lock,official_start,annual_net_eoy,2023,2023-12-29 15:00:00,15.550172871136079,0.45505253395987144,True
profit_lock_300_400,profit_lock,official_start,annual_net_eoy,2024,2024-12-31 15:00:00,43.49097076228415,2.1335324491002337,True
profit_lock_300_400,profit_lock,official_start,annual_net_eoy,2025,2025-12-31 15:00:00,29.30344300363713,3.9932233484262434,True
profit_lock_300_400,profit_lock,official_start,annual_net_eoy,2026,2026-06-01 15:00:00,169.37777977027028,0.9791636086109441,True
profit_lock_300_500,profit_lock,official_start,annual_net_eoy,2002,2002-12-31 15:00:00,0.006169100610435654,0.025704585876815202,True
profit_lock_300_500,profit_lock,official_start,annual_net_eoy,2003,2003-12-31 15:00:00,0.0016356587152117294,0.006815244646715542,True
profit_lock_300_500,profit_lock,official_start,annual_net_eoy,2004,2004-12-31 15:00:00,0.19032206963418638,0.019913218736166197,True
profit_lock_300_500,profit_lock,official_start,annual_net_eoy,2005,2005-12-30 15:00:00,0.0026160670677117656,0.010900279448799033,True
profit_lock_300_500,profit_lock,official_start,annual_net_eoy,2006,2006-12-29 15:00:00,0.0034485890239388767,0.01436912093307864,True
profit_lock_300_500,profit_lock,official_start,annual_net_eoy,2007,2007-12-31 15:00:00,0.011937106216034188,0.0007369591550589311,True
profit_lock_300_500,profit_lock,official_start,annual_net_eoy,2008,2008-12-31 15:00:00,0.011238644040781955,0.04682768350325819,True
profit_lock_300_500,profit_lock,official_start,annual_net_eoy,2009,2009-12-31 15:00:00,0.0047883859806501575,0.01995160825270898,True
profit_lock_300_500,profit_lock,official_start,annual_net_eoy,2010,2010-12-31 15:00:00,0.03835276252147853,0.009960153008613313,True
profit_lock_300_500,profit_lock,official_start,annual_net_eoy,2011,2011-12-30 15:00:00,0.16254877457199768,0.02869110720706529,True
profit_lock_300_500,profit_lock,official_start,annual_net_eoy,2012,2012-12-31 15:00:00,0.09843142548334262,0.012009401723045402,True
profit_lock_300_500,profit_lock,official_start,annual_net_eoy,2013,2013-12-31 15:00:00,0.600997688316515,0.005277757317912638,True
profit_lock_300_500,profit_lock,official_start,annual_net_eoy,2014,2014-12-31 15:00:00,0.00018226166496427635,0.000759423604017818,True
profit_lock_300_500,profit_lock,official_start,annual_net_eoy,2015,2015-12-31 15:00:00,1.1256470914576857,0.0795365047250756,True
profit_lock_300_500,profit_lock,official_start,annual_net_eoy,2016,2016-12-30 15:00:00,0.02525281354927029,0.10522005645529288,True
profit_lock_300_500,profit_lock,official_start,annual_net_eoy,2017,2017-12-29 15:00:00,2.07066936096494,0.024666235697602134,True
profit_lock_300_500,profit_lock,official_start,annual_net_eoy,2018,2018-12-31 15:00:00,2.9634114845823265,0.31291328242265787,True
profit_lock_300_500,profit_lock,official_start,annual_net_eoy,2019,2019-12-31 15:00:00,0.029350882641985748,0.12229534434160724,True
profit_lock_300_500,profit_lock,official_start,annual_net_eoy,2020,2020-12-31 15:00:00,12.011980111600831,0.2741960693673412,True
profit_lock_300_500,profit_lock,official_start,annual_net_eoy,2021,2021-12-31 15:00:00,10.2266455697093,1.0000541178126507,True
profit_lock_300_500,profit_lock,official_start,annual_net_eoy,2022,2022-12-30 15:00:00,5.896397908656643,3.5797421562912133,True
profit_lock_300_500,profit_lock,official_start,annual_net_eoy,2023,2023-12-29 15:00:00,16.42435377882557,0.48063412977105424,True
profit_lock_300_500,profit_lock,official_start,annual_net_eoy,2024,2024-12-31 15:00:00,18.676494603499734,1.9461349961971623,True
profit_lock_300_500,profit_lock,official_start,annual_net_eoy,2025,2025-12-31 15:00:00,50.35101592740945,3.4314729330906886,True
profit_lock_300_500,profit_lock,official_start,annual_net_eoy,2026,2026-06-01 15:00:00,170.0517076157203,0.9830595483380381,True
profit_lock_400_600,profit_lock,official_start,annual_net_eoy,2002,2002-12-31 15:00:00,0.006169100610435654,0.025704585876815202,True
profit_lock_400_600,profit_lock,official_start,annual_net_eoy,2003,2003-12-31 15:00:00,0.0016356587152117294,0.006815244646715542,True
profit_lock_400_600,profit_lock,official_start,annual_net_eoy,2004,2004-12-31 15:00:00,0.19032206963418638,0.019913218736166197,True
profit_lock_400_600,profit_lock,official_start,annual_net_eoy,2005,2005-12-30 15:00:00,0.0026160670677117656,0.010900279448799033,True
profit_lock_400_600,profit_lock,official_start,annual_net_eoy,2006,2006-12-29 15:00:00,0.0034485890239388767,0.01436912093307864,True
profit_lock_400_600,profit_lock,official_start,annual_net_eoy,2007,2007-12-31 15:00:00,0.011937106216034188,0.0007369591550589311,True
profit_lock_400_600,profit_lock,official_start,annual_net_eoy,2008,2008-12-31 15:00:00,0.011238644040781955,0.04682768350325819,True
profit_lock_400_600,profit_lock,official_start,annual_net_eoy,2009,2009-12-31 15:00:00,0.0047883859806501575,0.01995160825270898,True
profit_lock_400_600,profit_lock,official_start,annual_net_eoy,2010,2010-12-31 15:00:00,0.03835276252147853,0.009960153008613313,True
profit_lock_400_600,profit_lock,official_start,annual_net_eoy,2011,2011-12-30 15:00:00,0.16254877457199768,0.02869110720706529,True
profit_lock_400_600,profit_lock,official_start,annual_net_eoy,2012,2012-12-31 15:00:00,0.09843142548334262,0.012009401723045402,True
profit_lock_400_600,profit_lock,official_start,annual_net_eoy,2013,2013-12-31 15:00:00,0.600997688316515,0.005277757317912638,True
profit_lock_400_600,profit_lock,official_start,annual_net_eoy,2014,2014-12-31 15:00:00,0.00018226166496427635,0.000759423604017818,True
profit_lock_400_600,profit_lock,official_start,annual_net_eoy,2015,2015-12-31 15:00:00,1.060424735116419,0.039088545153659754,True
profit_lock_400_600,profit_lock,official_start,annual_net_eoy,2016,2016-12-30 15:00:00,0.02460581004390742,0.10252420851628095,True
profit_lock_400_600,profit_lock,official_start,annual_net_eoy,2017,2017-12-29 15:00:00,2.0176166453783164,0.02403426093054042,True
profit_lock_400_600,profit_lock,official_start,annual_net_eoy,2018,2018-12-31 15:00:00,2.9332500697669017,0.17837267765662623,True
profit_lock_400_600,profit_lock,official_start,annual_net_eoy,2019,2019-12-31 15:00:00,0.028759690135824002,0.11983204223260001,True
profit_lock_400_600,profit_lock,official_start,annual_net_eoy,2020,2020-12-31 15:00:00,11.770031931957892,0.26867314648266144,True
profit_lock_400_600,profit_lock,official_start,annual_net_eoy,2021,2021-12-31 15:00:00,4.574985525534128,0.4969831951409965,True
profit_lock_400_600,profit_lock,official_start,annual_net_eoy,2022,2022-12-30 15:00:00,10.148772735353516,3.4481516716966336,True
profit_lock_400_600,profit_lock,official_start,annual_net_eoy,2023,2023-12-29 15:00:00,15.49827577115895,0.4535338430073351,True
profit_lock_400_600,profit_lock,official_start,annual_net_eoy,2024,2024-12-31 15:00:00,23.625701006141256,0.2664093128537648,True
profit_lock_400_600,profit_lock,official_start,annual_net_eoy,2025,2025-12-31 15:00:00,47.09714976097682,3.475736593068652,True
profit_lock_400_600,profit_lock,official_start,annual_net_eoy,2026,2026-06-01 15:00:00,168.4455790420569,0.9737746075848036,True
QQQ_BH,benchmark,official_start,annual_net_eoy,2002,2002-12-31 15:00:00,0.0,0.0,False
QQQ_BH,benchmark,official_start,annual_net_eoy,2003,2003-12-31 15:00:00,0.0,0.0,False
QQQ_BH,benchmark,official_start,annual_net_eoy,2004,2004-12-31 15:00:00,0.0,0.0,False
QQQ_BH,benchmark,official_start,annual_net_eoy,2005,2005-12-30 15:00:00,0.0,0.0,False
QQQ_BH,benchmark,official_start,annual_net_eoy,2006,2006-12-29 15:00:00,0.0,0.0,False
QQQ_BH,benchmark,official_start,annual_net_eoy,2007,2007-12-31 15:00:00,0.0,0.0,False
QQQ_BH,benchmark,official_start,annual_net_eoy,2008,2008-12-31 15:00:00,0.0,0.0,False
QQQ_BH,benchmark,official_start,annual_net_eoy,2009,2009-12-31 15:00:00,0.0,0.0,False
QQQ_BH,benchmark,official_start,annual_net_eoy,2010,2010-12-31 15:00:00,0.0,0.0,False
QQQ_BH,benchmark,official_start,annual_net_eoy,2011,2011-12-30 15:00:00,0.0,0.0,False
QQQ_BH,benchmark,official_start,annual_net_eoy,2012,2012-12-31 15:00:00,0.0,0.0,False
QQQ_BH,benchmark,official_start,annual_net_eoy,2013,2013-12-31 15:00:00,0.0,0.0,False
QQQ_BH,benchmark,official_start,annual_net_eoy,2014,2014-12-31 15:00:00,0.0,0.0,False
QQQ_BH,benchmark,official_start,annual_net_eoy,2015,2015-12-31 15:00:00,0.0,0.0,False
QQQ_BH,benchmark,official_start,annual_net_eoy,2016,2016-12-30 15:00:00,0.0,0.0,False
QQQ_BH,benchmark,official_start,annual_net_eoy,2017,2017-12-29 15:00:00,0.0,0.0,False
QQQ_BH,benchmark,official_start,annual_net_eoy,2018,2018-12-31 15:00:00,0.0,0.0,False
QQQ_BH,benchmark,official_start,annual_net_eoy,2019,2019-12-31 15:00:00,0.0,0.0,False
QQQ_BH,benchmark,official_start,annual_net_eoy,2020,2020-12-31 15:00:00,0.0,0.0,False
QQQ_BH,benchmark,official_start,annual_net_eoy,2021,2021-12-31 15:00:00,0.0,0.0,False
QQQ_BH,benchmark,official_start,annual_net_eoy,2022,2022-12-30 15:00:00,0.0,0.0,False
QQQ_BH,benchmark,official_start,annual_net_eoy,2023,2023-12-29 15:00:00,0.0,0.0,False
QQQ_BH,benchmark,official_start,annual_net_eoy,2024,2024-12-31 15:00:00,0.0,0.0,False
QQQ_BH,benchmark,official_start,annual_net_eoy,2025,2025-12-31 15:00:00,0.0,0.0,False
QQQ_BH,benchmark,official_start,annual_net_eoy,2026,2026-06-01 15:00:00,4.841080578798781,0.0,True
