cumulative_return,annualized_return,annualized_volatility,sharpe_ratio,max_drawdown,calmar_ratio,hit_rate,average_daily_turnover,number_of_trades,exposure_percentage,observations,drawdown_episodes_gt_20pct,drawdown_episodes_gt_30pct,drawdown_episodes_gt_40pct,drawdown_episodes_gt_50pct,dd_episodes_gt_20_30_40_50pct,name,family,segment,start_date,end_date,bars,parameters,tax_timing,final_return,average_cash_weight,tax_paid_pct_initial_capital,cash_interest_pct_initial_capital,trades_per_year
959.4879930433176,0.3261566236497664,0.4073372062163306,0.897462668870009,-0.5279067864595443,0.6178299503159752,0.6545237059591127,0.002819373625643381,124,0.6858008916920401,36784,22,7,4,2,22/7/4/2,preferred_q110_best_robustness_bear_filter_macd_slow24,current_preferred,start_date_cv_fast_slice,2002-01-10 15:00:00,2026-06-01 15:00:00,36784,"{""average_type"": ""sma"", ""bear_filter_buffer"": 0.01, ""bear_filter_require_20gt50"": true, ""bear_filter_slope_days"": 30, ""entry_confirm_bars"": 2, ""exit_confirm_bars"": 3, ""long_ma_days"": 200.0, ""macd_fast_days"": 12.0, ""macd_signal_days"": 9.0, ""macd_slow_days"": 24.0, ""peak_stop_drawdown"": 0.4, ""profit_lock_scheme"": [[3.0, 0.75], [4.0, 0.5]], ""q100_activation_gain"": 1.1, ""q100_distance_quantile"": 1.0, ""q100_reentry_rule"": ""ma20"", ""q100_trim_weight"": 0.5}",annual_net_eoy,959.4879930433176,0.3134134351970943,304.79796016905505,14.014936440207977,5.096998695084819
1133.409010726081,0.3513810963541517,0.41522209069931576,0.9336324713692902,-0.5279067864595445,0.6656120083447334,0.6405798742850671,0.0028231451227608054,120,0.7138711138796081,35318,22,7,4,2,22/7/4/2,preferred_q110_best_robustness_bear_filter_macd_slow24,current_preferred,start_date_cv_fast_slice,2003-01-01 00:00:00,2026-06-01 15:00:00,35318,"{""average_type"": ""sma"", ""bear_filter_buffer"": 0.01, ""bear_filter_require_20gt50"": true, ""bear_filter_slope_days"": 30, ""entry_confirm_bars"": 2, ""exit_confirm_bars"": 3, ""long_ma_days"": 200.0, ""macd_fast_days"": 12.0, ""macd_signal_days"": 9.0, ""macd_slow_days"": 24.0, ""peak_stop_drawdown"": 0.4, ""profit_lock_scheme"": [[3.0, 0.75], [4.0, 0.5]], ""q100_activation_gain"": 1.1, ""q100_distance_quantile"": 1.0, ""q100_reentry_rule"": ""ma20"", ""q100_trim_weight"": 0.5}",annual_net_eoy,1133.409010726081,0.2853106008349826,304.79130324410005,13.988037682249807,5.13732374426638
429.8620543028554,0.31160162770972555,0.407726875293079,0.8700537824939563,-0.5279067864595439,0.5902588026941478,0.6398911629007453,0.0029193138366753256,119,0.7132526913521826,33812,21,7,4,2,21/7/4/2,preferred_q110_best_robustness_bear_filter_macd_slow24,current_preferred,start_date_cv_fast_slice,2004-01-01 00:00:00,2026-06-01 15:00:00,33812,"{""average_type"": ""sma"", ""bear_filter_buffer"": 0.01, ""bear_filter_require_20gt50"": true, ""bear_filter_slope_days"": 30, ""entry_confirm_bars"": 2, ""exit_confirm_bars"": 3, ""long_ma_days"": 200.0, ""macd_fast_days"": 12.0, ""macd_signal_days"": 9.0, ""macd_slow_days"": 24.0, ""peak_stop_drawdown"": 0.4, ""profit_lock_scheme"": [[3.0, 0.75], [4.0, 0.5]], ""q100_activation_gain"": 1.1, ""q100_distance_quantile"": 1.0, ""q100_reentry_rule"": ""ma20"", ""q100_trim_weight"": 0.5}",annual_net_eoy,429.8620543028554,0.285892576608598,304.7895919853302,13.980907437375606,5.321424346385898
468.2685613919287,0.3335869396857032,0.407821846676039,0.9107227936804192,-0.5279067864595444,0.6319050033869328,0.6378915438900582,0.0028695010352131393,113,0.71664912715117,32308,23,9,4,1,23/9/4/1,preferred_q110_best_robustness_bear_filter_macd_slow24,current_preferred,start_date_cv_fast_slice,2005-01-01 00:00:00,2026-06-01 15:00:00,32308,"{""average_type"": ""sma"", ""bear_filter_buffer"": 0.01, ""bear_filter_require_20gt50"": true, ""bear_filter_slope_days"": 30, ""entry_confirm_bars"": 2, ""exit_confirm_bars"": 3, ""long_ma_days"": 200.0, ""macd_fast_days"": 12.0, ""macd_signal_days"": 9.0, ""macd_slow_days"": 24.0, ""peak_stop_drawdown"": 0.4, ""profit_lock_scheme"": [[3.0, 0.75], [4.0, 0.5]], ""q100_activation_gain"": 1.1, ""q100_distance_quantile"": 1.0, ""q100_reentry_rule"": ""ma20"", ""q100_trim_weight"": 0.5}",annual_net_eoy,468.2685613919287,0.2824563513770557,304.590482960438,13.960073830780019,5.2883496347653836
609.0195623501876,0.3923703639138352,0.4157497585442943,1.0050767247633299,-0.5279067864595445,0.7432569043965189,0.6368446204259968,0.002754909866386746,101,0.7202519115237576,29296,23,8,4,1,23/8/4/1,preferred_q110_best_robustness_bear_filter_macd_slow24,current_preferred,start_date_cv_fast_slice,2007-01-01 00:00:00,2026-06-01 15:00:00,29296,"{""average_type"": ""sma"", ""bear_filter_buffer"": 0.01, ""bear_filter_require_20gt50"": true, ""bear_filter_slope_days"": 30, ""entry_confirm_bars"": 2, ""exit_confirm_bars"": 3, ""long_ma_days"": 200.0, ""macd_fast_days"": 12.0, ""macd_signal_days"": 9.0, ""macd_slow_days"": 24.0, ""peak_stop_drawdown"": 0.4, ""profit_lock_scheme"": [[3.0, 0.75], [4.0, 0.5]], ""q100_activation_gain"": 1.1, ""q100_distance_quantile"": 1.0, ""q100_reentry_rule"": ""ma20"", ""q100_trim_weight"": 0.5}",annual_net_eoy,609.0195623501876,0.27876159886298185,304.5841379674853,13.93363636014356,5.212725286728563
563.1993814418164,0.43995793660826576,0.4193120051207676,1.0803042919330597,-0.5279067864595446,0.8334007970590492,0.6250380633373934,0.002881693036147462,96,0.7423302375152253,26272,21,6,3,1,21/6/3/1,preferred_q110_best_robustness_bear_filter_macd_slow24,current_preferred,start_date_cv_fast_slice,2009-01-01 00:00:00,2026-06-01 15:00:00,26272,"{""average_type"": ""sma"", ""bear_filter_buffer"": 0.01, ""bear_filter_require_20gt50"": true, ""bear_filter_slope_days"": 30, ""entry_confirm_bars"": 2, ""exit_confirm_bars"": 3, ""long_ma_days"": 200.0, ""macd_fast_days"": 12.0, ""macd_signal_days"": 9.0, ""macd_slow_days"": 24.0, ""peak_stop_drawdown"": 0.4, ""profit_lock_scheme"": [[3.0, 0.75], [4.0, 0.5]], ""q100_activation_gain"": 1.1, ""q100_distance_quantile"": 1.0, ""q100_reentry_rule"": ""ma20"", ""q100_trim_weight"": 0.5}",annual_net_eoy,563.1993814418164,0.25656972443247245,304.55989092530643,13.883873056519032,5.524969549330085
317.23849896414856,0.42178421327585935,0.4179756788641114,1.0520481797743837,-0.5279067864595433,0.7989747889103587,0.6196688206785137,0.00293650401638393,93,0.7509087237479806,24760,20,6,3,1,20/6/3/1,preferred_q110_best_robustness_bear_filter_macd_slow24,current_preferred,start_date_cv_fast_slice,2010-01-01 00:00:00,2026-06-01 15:00:00,24760,"{""average_type"": ""sma"", ""bear_filter_buffer"": 0.01, ""bear_filter_require_20gt50"": true, ""bear_filter_slope_days"": 30, ""entry_confirm_bars"": 2, ""exit_confirm_bars"": 3, ""long_ma_days"": 200.0, ""macd_fast_days"": 12.0, ""macd_signal_days"": 9.0, ""macd_slow_days"": 24.0, ""peak_stop_drawdown"": 0.4, ""profit_lock_scheme"": [[3.0, 0.75], [4.0, 0.5]], ""q100_activation_gain"": 1.1, ""q100_distance_quantile"": 1.0, ""q100_reentry_rule"": ""ma20"", ""q100_trim_weight"": 0.5}",annual_net_eoy,317.23849896414856,0.24792406301655562,304.5548811976577,13.86299919131606,5.679159935379644
303.95663588325704,0.4506729428055545,0.4111727329356514,1.1115112899844457,-0.4574899957258237,0.985099012035326,0.6201823812801102,0.0027833723092595547,85,0.7455480041293875,23248,18,5,2,0,18/5/2/0,preferred_q110_best_robustness_bear_filter_macd_slow24,current_preferred,start_date_cv_fast_slice,2011-01-01 00:00:00,2026-06-01 15:00:00,23248,"{""average_type"": ""sma"", ""bear_filter_buffer"": 0.01, ""bear_filter_require_20gt50"": true, ""bear_filter_slope_days"": 30, ""entry_confirm_bars"": 2, ""exit_confirm_bars"": 3, ""long_ma_days"": 200.0, ""macd_fast_days"": 12.0, ""macd_signal_days"": 9.0, ""macd_slow_days"": 24.0, ""peak_stop_drawdown"": 0.4, ""profit_lock_scheme"": [[3.0, 0.75], [4.0, 0.5]], ""q100_activation_gain"": 1.1, ""q100_distance_quantile"": 1.0, ""q100_reentry_rule"": ""ma20"", ""q100_trim_weight"": 0.5}",annual_net_eoy,303.95663588325704,0.25320886959264954,304.51475559049385,13.852578633300418,5.528217481073641
358.13811271167066,0.5520847127791157,0.4086026812255113,1.2813762778015387,-0.4574899957258246,1.206768930330844,0.6190640905272521,0.0024057519270833687,68,0.7437120126500963,20237,16,4,1,0,16/4/1/0,preferred_q110_best_robustness_bear_filter_macd_slow24,current_preferred,start_date_cv_fast_slice,2013-01-01 00:00:00,2026-06-01 15:00:00,20237,"{""average_type"": ""sma"", ""bear_filter_buffer"": 0.01, ""bear_filter_require_20gt50"": true, ""bear_filter_slope_days"": 30, ""entry_confirm_bars"": 2, ""exit_confirm_bars"": 3, ""long_ma_days"": 200.0, ""macd_fast_days"": 12.0, ""macd_signal_days"": 9.0, ""macd_slow_days"": 24.0, ""peak_stop_drawdown"": 0.4, ""profit_lock_scheme"": [[3.0, 0.75], [4.0, 0.5]], ""q100_activation_gain"": 1.1, ""q100_distance_quantile"": 1.0, ""q100_reentry_rule"": ""ma20"", ""q100_trim_weight"": 0.5}",annual_net_eoy,358.13811271167066,0.2548565816830313,304.24171166102224,13.809996755872865,5.080594949844344
101.7776766490085,0.5621858794183769,0.41801262496681235,1.277490133170296,-0.4574899957258234,1.2288484659133365,0.6390268755572539,0.002654581586955475,58,0.6997675455356006,15702,13,3,1,0,13/3/1/0,preferred_q110_best_robustness_bear_filter_macd_slow24,current_preferred,start_date_cv_fast_slice,2016-01-01 00:00:00,2026-06-01 15:00:00,15702,"{""average_type"": ""sma"", ""bear_filter_buffer"": 0.01, ""bear_filter_require_20gt50"": true, ""bear_filter_slope_days"": 30, ""entry_confirm_bars"": 2, ""exit_confirm_bars"": 3, ""long_ma_days"": 200.0, ""macd_fast_days"": 12.0, ""macd_signal_days"": 9.0, ""macd_slow_days"": 24.0, ""peak_stop_drawdown"": 0.4, ""profit_lock_scheme"": [[3.0, 0.75], [4.0, 0.5]], ""q100_activation_gain"": 1.1, ""q100_distance_quantile"": 1.0, ""q100_reentry_rule"": ""ma20"", ""q100_trim_weight"": 0.5}",annual_net_eoy,101.7776766490085,0.2985862551352034,302.4350625711199,13.7204674529469,5.585021016431028
41.63143583370339,0.564128558279289,0.44272850355362914,1.2330986189024031,-0.45748999572582316,1.2330948513623345,0.6364711447492905,0.0025735364565918936,46,0.6850165562913907,12684,13,3,1,0,13/3/1/0,preferred_q110_best_robustness_bear_filter_macd_slow24,current_preferred,start_date_cv_fast_slice,2018-01-01 00:00:00,2026-06-01 15:00:00,12684,"{""average_type"": ""sma"", ""bear_filter_buffer"": 0.01, ""bear_filter_require_20gt50"": true, ""bear_filter_slope_days"": 30, ""entry_confirm_bars"": 2, ""exit_confirm_bars"": 3, ""long_ma_days"": 200.0, ""macd_fast_days"": 12.0, ""macd_signal_days"": 9.0, ""macd_slow_days"": 24.0, ""peak_stop_drawdown"": 0.4, ""profit_lock_scheme"": [[3.0, 0.75], [4.0, 0.5]], ""q100_activation_gain"": 1.1, ""q100_distance_quantile"": 1.0, ""q100_reentry_rule"": ""ma20"", ""q100_trim_weight"": 0.5}",annual_net_eoy,41.63143583370339,0.3129299914954741,300.24225703922565,13.584577206918986,5.483443708609271
27.989685397053176,0.6932879865500554,0.4529767497056562,1.3904705730746523,-0.3946167679357776,1.7568639826853112,0.6425615559693773,0.0020790796559799606,30,0.6710376577695013,9666,10,2,0,0,10/2/0/0,preferred_q110_best_robustness_bear_filter_macd_slow24,current_preferred,start_date_cv_fast_slice,2020-01-01 00:00:00,2026-06-01 15:00:00,9666,"{""average_type"": ""sma"", ""bear_filter_buffer"": 0.01, ""bear_filter_require_20gt50"": true, ""bear_filter_slope_days"": 30, ""entry_confirm_bars"": 2, ""exit_confirm_bars"": 3, ""long_ma_days"": 200.0, ""macd_fast_days"": 12.0, ""macd_signal_days"": 9.0, ""macd_slow_days"": 24.0, ""peak_stop_drawdown"": 0.4, ""profit_lock_scheme"": [[3.0, 0.75], [4.0, 0.5]], ""q100_activation_gain"": 1.1, ""q100_distance_quantile"": 1.0, ""q100_reentry_rule"": ""ma20"", ""q100_trim_weight"": 0.5}",annual_net_eoy,27.989685397053176,0.3279380041326581,297.1111551527659,13.12925119534227,4.692737430167598
5.61081161684006,0.5377774727569544,0.40479019635634367,1.2667236311479384,-0.28926220617910237,1.8591349345651431,0.6735985533453888,0.0015761699610767396,14,0.6433845690174804,6636,6,0,0,0,6/0/0/0,preferred_q110_best_robustness_bear_filter_macd_slow24,current_preferred,start_date_cv_fast_slice,2022-01-01 00:00:00,2026-06-01 15:00:00,6636,"{""average_type"": ""sma"", ""bear_filter_buffer"": 0.01, ""bear_filter_require_20gt50"": true, ""bear_filter_slope_days"": 30, ""entry_confirm_bars"": 2, ""exit_confirm_bars"": 3, ""long_ma_days"": 200.0, ""macd_fast_days"": 12.0, ""macd_signal_days"": 9.0, ""macd_slow_days"": 24.0, ""peak_stop_drawdown"": 0.4, ""profit_lock_scheme"": [[3.0, 0.75], [4.0, 0.5]], ""q100_activation_gain"": 1.1, ""q100_distance_quantile"": 1.0, ""q100_reentry_rule"": ""ma20"", ""q100_trim_weight"": 0.5}",annual_net_eoy,5.61081161684006,0.3575138120008946,276.1405323685362,11.466532811959418,3.1898734177215187
848.625702669855,0.319487860352468,0.405859713320952,0.886779403218886,-0.5214743527254799,0.612662652885359,0.6543877772944758,0.0029281295288255166,128,0.6829531861678991,36784,23,8,5,3,23/8/5/3,macd_standard_12_26_9,retained_macd_option,start_date_cv_fast_slice,2002-01-10 15:00:00,2026-06-01 15:00:00,36784,"{""average_type"": ""sma"", ""bear_filter_buffer"": 0.01, ""bear_filter_require_20gt50"": true, ""bear_filter_slope_days"": 30, ""entry_confirm_bars"": 2, ""exit_confirm_bars"": 3, ""long_ma_days"": 200.0, ""macd_fast_days"": 12.0, ""macd_signal_days"": 9.0, ""macd_slow_days"": 26.0, ""peak_stop_drawdown"": 0.4, ""profit_lock_scheme"": [[3.0, 0.75], [4.0, 0.5]], ""q100_activation_gain"": 1.1, ""q100_distance_quantile"": 1.0, ""q100_reentry_rule"": ""ma20"", ""q100_trim_weight"": 0.5}",annual_net_eoy,848.625702669855,0.3162846379522738,269.5646815783944,12.449604082505807,5.261418007829491
1002.4722555971113,0.3443041521047365,0.41371269149846635,0.9227850998985387,-0.52147435272548,0.6602513629006578,0.6404383034146894,0.002936415328963073,124,0.7109052041451951,35318,23,8,5,3,23/8/5/3,macd_standard_12_26_9,retained_macd_option,start_date_cv_fast_slice,2003-01-01 00:00:00,2026-06-01 15:00:00,35318,"{""average_type"": ""sma"", ""bear_filter_buffer"": 0.01, ""bear_filter_require_20gt50"": true, ""bear_filter_slope_days"": 30, ""entry_confirm_bars"": 2, ""exit_confirm_bars"": 3, ""long_ma_days"": 200.0, ""macd_fast_days"": 12.0, ""macd_signal_days"": 9.0, ""macd_slow_days"": 26.0, ""peak_stop_drawdown"": 0.4, ""profit_lock_scheme"": [[3.0, 0.75], [4.0, 0.5]], ""q100_activation_gain"": 1.1, ""q100_distance_quantile"": 1.0, ""q100_reentry_rule"": ""ma20"", ""q100_trim_weight"": 0.5}",annual_net_eoy,1002.4722555971113,0.2883009831371096,269.55802465343936,12.422705324547637,5.308567869075259
380.1307151075713,0.30442790829104815,0.4061206882039266,0.8583279544705559,-0.5214743527254808,0.583783088659986,0.6397432864071927,0.0030376291431538443,123,0.710154678812256,33812,22,8,5,3,22/8/5/3,macd_standard_12_26_9,retained_macd_option,start_date_cv_fast_slice,2004-01-01 00:00:00,2026-06-01 15:00:00,33812,"{""average_type"": ""sma"", ""bear_filter_buffer"": 0.01, ""bear_filter_require_20gt50"": true, ""bear_filter_slope_days"": 30, ""entry_confirm_bars"": 2, ""exit_confirm_bars"": 3, ""long_ma_days"": 200.0, ""macd_fast_days"": 12.0, ""macd_signal_days"": 9.0, ""macd_slow_days"": 26.0, ""peak_stop_drawdown"": 0.4, ""profit_lock_scheme"": [[3.0, 0.75], [4.0, 0.5]], ""q100_activation_gain"": 1.1, ""q100_distance_quantile"": 1.0, ""q100_reentry_rule"": ""ma20"", ""q100_trim_weight"": 0.5}",annual_net_eoy,380.1307151075713,0.2890161517341902,269.5563133946696,12.415575079673438,5.500295752987105
400.8464126740626,0.3239416711301295,0.4060991039509692,0.8949319878319292,-0.5214743527254788,0.621203457920898,0.6378915438900582,0.0029314199761148263,115,0.7130973752630927,32308,23,9,4,2,23/9/4/2,macd_standard_12_26_9,retained_macd_option,start_date_cv_fast_slice,2005-01-01 00:00:00,2026-06-01 15:00:00,32308,"{""average_type"": ""sma"", ""bear_filter_buffer"": 0.01, ""bear_filter_require_20gt50"": true, ""bear_filter_slope_days"": 30, ""entry_confirm_bars"": 2, ""exit_confirm_bars"": 3, ""long_ma_days"": 200.0, ""macd_fast_days"": 12.0, ""macd_signal_days"": 9.0, ""macd_slow_days"": 26.0, ""peak_stop_drawdown"": 0.4, ""profit_lock_scheme"": [[3.0, 0.75], [4.0, 0.5]], ""q100_activation_gain"": 1.1, ""q100_distance_quantile"": 1.0, ""q100_reentry_rule"": ""ma20"", ""q100_trim_weight"": 0.5}",annual_net_eoy,400.8464126740626,0.2860348558386913,269.3563326082936,12.395115204055964,5.381948743345301
523.152243953477,0.3815108595505119,0.41390337685344486,0.9887343830532069,-0.5214743527254793,0.7316004278188373,0.6367763517203714,0.002823194858967702,103,0.7164373975969416,29296,23,8,4,2,23/8/4/2,macd_standard_12_26_9,retained_macd_option,start_date_cv_fast_slice,2007-01-01 00:00:00,2026-06-01 15:00:00,29296,"{""average_type"": ""sma"", ""bear_filter_buffer"": 0.01, ""bear_filter_require_20gt50"": true, ""bear_filter_slope_days"": 30, ""entry_confirm_bars"": 2, ""exit_confirm_bars"": 3, ""long_ma_days"": 200.0, ""macd_fast_days"": 12.0, ""macd_signal_days"": 9.0, ""macd_slow_days"": 26.0, ""peak_stop_drawdown"": 0.4, ""profit_lock_scheme"": [[3.0, 0.75], [4.0, 0.5]], ""q100_activation_gain"": 1.1, ""q100_distance_quantile"": 1.0, ""q100_reentry_rule"": ""ma20"", ""q100_trim_weight"": 0.5}",annual_net_eoy,523.152243953477,0.282605615866891,269.3497846371175,12.367831990822587,5.31594756963408
482.39833167034624,0.4272054717661833,0.4172915802563449,1.0621269032497447,-0.5214743527254794,0.8192262371742716,0.6248477466504263,0.0029578378725760427,98,0.7382669762484775,26272,21,6,3,1,21/6/3/1,macd_standard_12_26_9,retained_macd_option,start_date_cv_fast_slice,2009-01-01 00:00:00,2026-06-01 15:00:00,26272,"{""average_type"": ""sma"", ""bear_filter_buffer"": 0.01, ""bear_filter_require_20gt50"": true, ""bear_filter_slope_days"": 30, ""entry_confirm_bars"": 2, ""exit_confirm_bars"": 3, ""long_ma_days"": 200.0, ""macd_fast_days"": 12.0, ""macd_signal_days"": 9.0, ""macd_slow_days"": 26.0, ""peak_stop_drawdown"": 0.4, ""profit_lock_scheme"": [[3.0, 0.75], [4.0, 0.5]], ""q100_activation_gain"": 1.1, ""q100_distance_quantile"": 1.0, ""q100_reentry_rule"": ""ma20"", ""q100_trim_weight"": 0.5}",annual_net_eoy,482.39833167034624,0.26066588468470003,269.3137625451589,12.316276385795632,5.640073081607795
279.68330073551664,0.41092318743025347,0.41566816293440545,1.0370573970589545,-0.52147435272548,0.7880026798682771,0.6196688206785137,0.0030172987313537075,95,0.746314620355412,24760,20,6,3,1,20/6/3/1,macd_standard_12_26_9,retained_macd_option,start_date_cv_fast_slice,2010-01-01 00:00:00,2026-06-01 15:00:00,24760,"{""average_type"": ""sma"", ""bear_filter_buffer"": 0.01, ""bear_filter_require_20gt50"": true, ""bear_filter_slope_days"": 30, ""entry_confirm_bars"": 2, ""exit_confirm_bars"": 3, ""long_ma_days"": 200.0, ""macd_fast_days"": 12.0, ""macd_signal_days"": 9.0, ""macd_slow_days"": 26.0, ""peak_stop_drawdown"": 0.4, ""profit_lock_scheme"": [[3.0, 0.75], [4.0, 0.5]], ""q100_activation_gain"": 1.1, ""q100_distance_quantile"": 1.0, ""q100_reentry_rule"": ""ma20"", ""q100_trim_weight"": 0.5}",annual_net_eoy,279.68330073551664,0.2525530744118109,269.30866459453864,12.295034924877891,5.801292407108239
262.64481536747434,0.4370037201617021,0.40870639275167964,1.092505157512544,-0.4650247220963182,0.9397429843981235,0.6200963523743978,0.00286942173900197,87,0.740827167928424,23248,18,5,2,0,18/5/2/0,macd_standard_12_26_9,retained_macd_option,start_date_cv_fast_slice,2011-01-01 00:00:00,2026-06-01 15:00:00,23248,"{""average_type"": ""sma"", ""bear_filter_buffer"": 0.01, ""bear_filter_require_20gt50"": true, ""bear_filter_slope_days"": 30, ""entry_confirm_bars"": 2, ""exit_confirm_bars"": 3, ""long_ma_days"": 200.0, ""macd_fast_days"": 12.0, ""macd_signal_days"": 9.0, ""macd_slow_days"": 26.0, ""peak_stop_drawdown"": 0.4, ""profit_lock_scheme"": [[3.0, 0.75], [4.0, 0.5]], ""q100_activation_gain"": 1.1, ""q100_distance_quantile"": 1.0, ""q100_reentry_rule"": ""ma20"", ""q100_trim_weight"": 0.5}",annual_net_eoy,262.64481536747434,0.2579668841378372,269.2713822058091,12.284282000577198,5.658293186510668
333.408864751389,0.5438335852721299,0.4056357255401126,1.2745487236436548,-0.45748639320234785,1.1887426453612366,0.6198547215496368,0.002405775504819776,68,0.737152245886248,20237,16,4,1,0,16/4/1/0,macd_standard_12_26_9,retained_macd_option,start_date_cv_fast_slice,2013-01-01 00:00:00,2026-06-01 15:00:00,20237,"{""average_type"": ""sma"", ""bear_filter_buffer"": 0.01, ""bear_filter_require_20gt50"": true, ""bear_filter_slope_days"": 30, ""entry_confirm_bars"": 2, ""exit_confirm_bars"": 3, ""long_ma_days"": 200.0, ""macd_fast_days"": 12.0, ""macd_signal_days"": 9.0, ""macd_slow_days"": 26.0, ""peak_stop_drawdown"": 0.4, ""profit_lock_scheme"": [[3.0, 0.75], [4.0, 0.5]], ""q100_activation_gain"": 1.1, ""q100_distance_quantile"": 1.0, ""q100_reentry_rule"": ""ma20"", ""q100_trim_weight"": 0.5}",annual_net_eoy,333.408864751389,0.2614590584407781,269.05247577523795,12.242978185815627,5.080594949844344
95.64411362651437,0.5529569625338744,0.41777073747845983,1.26379045856022,-0.4574863932023491,1.208685046703232,0.6394726786396637,0.002654581586955475,58,0.6983664501337409,15702,13,3,1,0,13/3/1/0,macd_standard_12_26_9,retained_macd_option,start_date_cv_fast_slice,2016-01-01 00:00:00,2026-06-01 15:00:00,15702,"{""average_type"": ""sma"", ""bear_filter_buffer"": 0.01, ""bear_filter_require_20gt50"": true, ""bear_filter_slope_days"": 30, ""entry_confirm_bars"": 2, ""exit_confirm_bars"": 3, ""long_ma_days"": 200.0, ""macd_fast_days"": 12.0, ""macd_signal_days"": 9.0, ""macd_slow_days"": 26.0, ""peak_stop_drawdown"": 0.4, ""profit_lock_scheme"": [[3.0, 0.75], [4.0, 0.5]], ""q100_activation_gain"": 1.1, ""q100_distance_quantile"": 1.0, ""q100_reentry_rule"": ""ma20"", ""q100_trim_weight"": 0.5}",annual_net_eoy,95.64411362651437,0.29998735053706305,267.3862964037251,12.143974032465017,5.585021016431028
41.63152140579252,0.5641289325361705,0.4427294251100489,1.2330980520732717,-0.45748639320234863,1.2331053795662361,0.6366288237149165,0.0025735364565918936,46,0.6848588773257648,12684,13,3,1,0,13/3/1/0,macd_standard_12_26_9,retained_macd_option,start_date_cv_fast_slice,2018-01-01 00:00:00,2026-06-01 15:00:00,12684,"{""average_type"": ""sma"", ""bear_filter_buffer"": 0.01, ""bear_filter_require_20gt50"": true, ""bear_filter_slope_days"": 30, ""entry_confirm_bars"": 2, ""exit_confirm_bars"": 3, ""long_ma_days"": 200.0, ""macd_fast_days"": 12.0, ""macd_signal_days"": 9.0, ""macd_slow_days"": 26.0, ""peak_stop_drawdown"": 0.4, ""profit_lock_scheme"": [[3.0, 0.75], [4.0, 0.5]], ""q100_activation_gain"": 1.1, ""q100_distance_quantile"": 1.0, ""q100_reentry_rule"": ""ma20"", ""q100_trim_weight"": 0.5}",annual_net_eoy,41.63152140579252,0.3130876704611001,265.58799829367325,12.017304043675638,5.483443708609271
27.98970945606908,0.6932882063714871,0.45297672262902683,1.3904709126419401,-0.3946167679357777,1.756864539735719,0.6425615559693773,0.00207907965597996,30,0.6710376577695013,9666,10,2,0,0,10/2/0/0,macd_standard_12_26_9,retained_macd_option,start_date_cv_fast_slice,2020-01-01 00:00:00,2026-06-01 15:00:00,9666,"{""average_type"": ""sma"", ""bear_filter_buffer"": 0.01, ""bear_filter_require_20gt50"": true, ""bear_filter_slope_days"": 30, ""entry_confirm_bars"": 2, ""exit_confirm_bars"": 3, ""long_ma_days"": 200.0, ""macd_fast_days"": 12.0, ""macd_signal_days"": 9.0, ""macd_slow_days"": 26.0, ""peak_stop_drawdown"": 0.4, ""profit_lock_scheme"": [[3.0, 0.75], [4.0, 0.5]], ""q100_activation_gain"": 1.1, ""q100_distance_quantile"": 1.0, ""q100_reentry_rule"": ""ma20"", ""q100_trim_weight"": 0.5}",annual_net_eoy,27.98970945606908,0.3279380041326581,262.81764705271286,11.613834999383148,4.692737430167598
5.610811616840069,0.5377774727569549,0.4047901963563436,1.2667236311479402,-0.28926220617910314,1.8591349345651398,0.6735985533453888,0.0015761699610767393,14,0.6433845690174804,6636,6,0,0,0,6/0/0/0,macd_standard_12_26_9,retained_macd_option,start_date_cv_fast_slice,2022-01-01 00:00:00,2026-06-01 15:00:00,6636,"{""average_type"": ""sma"", ""bear_filter_buffer"": 0.01, ""bear_filter_require_20gt50"": true, ""bear_filter_slope_days"": 30, ""entry_confirm_bars"": 2, ""exit_confirm_bars"": 3, ""long_ma_days"": 200.0, ""macd_fast_days"": 12.0, ""macd_signal_days"": 9.0, ""macd_slow_days"": 26.0, ""peak_stop_drawdown"": 0.4, ""profit_lock_scheme"": [[3.0, 0.75], [4.0, 0.5]], ""q100_activation_gain"": 1.1, ""q100_distance_quantile"": 1.0, ""q100_reentry_rule"": ""ma20"", ""q100_trim_weight"": 0.5}",annual_net_eoy,5.610811616840069,0.35751381200089466,244.26759683466133,10.143032571057145,3.1898734177215187
953.5133144360532,0.3258165219208735,0.4092410275435279,0.8945636941217935,-0.5214743527254805,0.624798746511687,0.6540071770334929,0.0029138845729924463,128,0.688431111352762,36784,23,8,5,3,23/8/5/3,macd_signal_8d,retained_macd_option,start_date_cv_fast_slice,2002-01-10 15:00:00,2026-06-01 15:00:00,36784,"{""average_type"": ""sma"", ""bear_filter_buffer"": 0.01, ""bear_filter_require_20gt50"": true, ""bear_filter_slope_days"": 30, ""entry_confirm_bars"": 2, ""exit_confirm_bars"": 3, ""long_ma_days"": 200.0, ""macd_fast_days"": 12.0, ""macd_signal_days"": 8.0, ""macd_slow_days"": 26.0, ""peak_stop_drawdown"": 0.4, ""profit_lock_scheme"": [[3.0, 0.75], [4.0, 0.5]], ""q100_activation_gain"": 1.1, ""q100_distance_quantile"": 1.0, ""q100_reentry_rule"": ""ma20"", ""q100_trim_weight"": 0.5}",annual_net_eoy,953.5133144360532,0.3109291744096335,312.66197382432017,14.382533052189332,5.261418007829491
1125.6558082243325,0.3509843896059577,0.41716845780044953,0.9305180373960029,-0.5214743527254811,0.6730616525463636,0.6400419049776318,0.0029498932593282224,125,0.7166105102214169,35318,23,8,5,3,23/8/5/3,macd_signal_8d,retained_macd_option,start_date_cv_fast_slice,2003-01-01 00:00:00,2026-06-01 15:00:00,35318,"{""average_type"": ""sma"", ""bear_filter_buffer"": 0.01, ""bear_filter_require_20gt50"": true, ""bear_filter_slope_days"": 30, ""entry_confirm_bars"": 2, ""exit_confirm_bars"": 3, ""long_ma_days"": 200.0, ""macd_fast_days"": 12.0, ""macd_signal_days"": 8.0, ""macd_slow_days"": 26.0, ""peak_stop_drawdown"": 0.4, ""profit_lock_scheme"": [[3.0, 0.75], [4.0, 0.5]], ""q100_activation_gain"": 1.1, ""q100_distance_quantile"": 1.0, ""q100_reentry_rule"": ""ma20"", ""q100_trim_weight"": 0.5}",annual_net_eoy,1125.6558082243325,0.28272322191188515,312.655114194613,14.354748776511354,5.351378900277479
426.9172956437313,0.3111994517582566,0.4097969345193422,0.8669789782740948,-0.5214743527254797,0.5967684702646952,0.6393292322252455,0.0030517073859267167,124,0.7161141015024252,33812,22,8,5,3,22/8/5/3,macd_signal_8d,retained_macd_option,start_date_cv_fast_slice,2004-01-01 00:00:00,2026-06-01 15:00:00,33812,"{""average_type"": ""sma"", ""bear_filter_buffer"": 0.01, ""bear_filter_require_20gt50"": true, ""bear_filter_slope_days"": 30, ""entry_confirm_bars"": 2, ""exit_confirm_bars"": 3, ""long_ma_days"": 200.0, ""macd_fast_days"": 12.0, ""macd_signal_days"": 8.0, ""macd_slow_days"": 26.0, ""peak_stop_drawdown"": 0.4, ""profit_lock_scheme"": [[3.0, 0.75], [4.0, 0.5]], ""q100_activation_gain"": 1.1, ""q100_distance_quantile"": 1.0, ""q100_reentry_rule"": ""ma20"", ""q100_trim_weight"": 0.5}",annual_net_eoy,426.9172956437313,0.2831899547936814,312.65334656877,14.34738366883231,5.545013604637407
449.057293024622,0.3309806774089141,0.4099145509160038,0.903391562022964,-0.5214743527254799,0.6347017368717125,0.6374891667698402,0.002946153588366787,116,0.719272316454129,32308,23,9,4,2,23/9/4/2,macd_signal_8d,retained_macd_option,start_date_cv_fast_slice,2005-01-01 00:00:00,2026-06-01 15:00:00,32308,"{""average_type"": ""sma"", ""bear_filter_buffer"": 0.01, ""bear_filter_require_20gt50"": true, ""bear_filter_slope_days"": 30, ""entry_confirm_bars"": 2, ""exit_confirm_bars"": 3, ""long_ma_days"": 200.0, ""macd_fast_days"": 12.0, ""macd_signal_days"": 8.0, ""macd_slow_days"": 26.0, ""peak_stop_drawdown"": 0.4, ""profit_lock_scheme"": [[3.0, 0.75], [4.0, 0.5]], ""q100_activation_gain"": 1.1, ""q100_distance_quantile"": 1.0, ""q100_reentry_rule"": ""ma20"", ""q100_trim_weight"": 0.5}",annual_net_eoy,449.057293024622,0.27999934231410045,312.4385233968305,14.326326409967656,5.428748297635261
584.046123927518,0.389369753282804,0.41801334650980343,0.9967339118371371,-0.5214743527254789,0.7466709556237388,0.636400873839432,0.002839443273243929,104,0.7231447979246314,29296,23,8,4,2,23/8/4/2,macd_signal_8d,retained_macd_option,start_date_cv_fast_slice,2007-01-01 00:00:00,2026-06-01 15:00:00,29296,"{""average_type"": ""sma"", ""bear_filter_buffer"": 0.01, ""bear_filter_require_20gt50"": true, ""bear_filter_slope_days"": 30, ""entry_confirm_bars"": 2, ""exit_confirm_bars"": 3, ""long_ma_days"": 200.0, ""macd_fast_days"": 12.0, ""macd_signal_days"": 8.0, ""macd_slow_days"": 26.0, ""peak_stop_drawdown"": 0.4, ""profit_lock_scheme"": [[3.0, 0.75], [4.0, 0.5]], ""q100_activation_gain"": 1.1, ""q100_distance_quantile"": 1.0, ""q100_reentry_rule"": ""ma20"", ""q100_trim_weight"": 0.5}",annual_net_eoy,584.046123927518,0.2760519781363994,312.43173634683916,14.29804703500383,5.367558711086837
550.5007508562504,0.43807262928308077,0.421797989522699,1.0733134092109415,-0.5214743527254796,0.8400655314945008,0.6244671132764921,0.002975956536729375,99,0.7457083587088916,26272,21,6,3,1,21/6/3/1,macd_signal_8d,retained_macd_option,start_date_cv_fast_slice,2009-01-01 00:00:00,2026-06-01 15:00:00,26272,"{""average_type"": ""sma"", ""bear_filter_buffer"": 0.01, ""bear_filter_require_20gt50"": true, ""bear_filter_slope_days"": 30, ""entry_confirm_bars"": 2, ""exit_confirm_bars"": 3, ""long_ma_days"": 200.0, ""macd_fast_days"": 12.0, ""macd_signal_days"": 8.0, ""macd_slow_days"": 26.0, ""peak_stop_drawdown"": 0.4, ""profit_lock_scheme"": [[3.0, 0.75], [4.0, 0.5]], ""q100_activation_gain"": 1.1, ""q100_distance_quantile"": 1.0, ""q100_reentry_rule"": ""ma20"", ""q100_trim_weight"": 0.5}",annual_net_eoy,550.5007508562504,0.25339596343955384,312.3906857522786,14.245654869003147,5.69762484774665
316.09001776592874,0.42147034826256435,0.42046316691210495,1.0477830348495545,-0.5214743527254799,0.808228335793993,0.619264943457189,0.003036523834125774,96,0.7541296445880452,24760,20,6,3,1,20/6/3/1,macd_signal_8d,retained_macd_option,start_date_cv_fast_slice,2010-01-01 00:00:00,2026-06-01 15:00:00,24760,"{""average_type"": ""sma"", ""bear_filter_buffer"": 0.01, ""bear_filter_require_20gt50"": true, ""bear_filter_slope_days"": 30, ""entry_confirm_bars"": 2, ""exit_confirm_bars"": 3, ""long_ma_days"": 200.0, ""macd_fast_days"": 12.0, ""macd_signal_days"": 8.0, ""macd_slow_days"": 26.0, ""peak_stop_drawdown"": 0.4, ""profit_lock_scheme"": [[3.0, 0.75], [4.0, 0.5]], ""q100_activation_gain"": 1.1, ""q100_distance_quantile"": 1.0, ""q100_reentry_rule"": ""ma20"", ""q100_trim_weight"": 0.5}",annual_net_eoy,316.09001776592874,0.24491998188545872,312.3855195510779,14.224129030667047,5.862358642972536
298.07166664027216,0.44883559582863564,0.4138874032226146,1.1038682226795025,-0.46470393418030476,0.9658527996332559,0.6197092222986924,0.0028898972011766237,88,0.7490644356503785,23248,18,5,2,0,18/5/2/0,macd_signal_8d,retained_macd_option,start_date_cv_fast_slice,2011-01-01 00:00:00,2026-06-01 15:00:00,23248,"{""average_type"": ""sma"", ""bear_filter_buffer"": 0.01, ""bear_filter_require_20gt50"": true, ""bear_filter_slope_days"": 30, ""entry_confirm_bars"": 2, ""exit_confirm_bars"": 3, ""long_ma_days"": 200.0, ""macd_fast_days"": 12.0, ""macd_signal_days"": 8.0, ""macd_slow_days"": 26.0, ""peak_stop_drawdown"": 0.4, ""profit_lock_scheme"": [[3.0, 0.75], [4.0, 0.5]], ""q100_activation_gain"": 1.1, ""q100_distance_quantile"": 1.0, ""q100_reentry_rule"": ""ma20"", ""q100_trim_weight"": 0.5}",annual_net_eoy,298.07166664027216,0.2499233805696816,312.3516935595193,14.21317139027849,5.723331039229182
356.09038665768685,0.55142176434317,0.41164442491114617,1.27390692629903,-0.464703934180303,1.1866087712724656,0.6187181894549587,0.0025281263248344197,71,0.747356327518901,20237,16,4,1,0,16/4/1/0,macd_signal_8d,retained_macd_option,start_date_cv_fast_slice,2013-01-01 00:00:00,2026-06-01 15:00:00,20237,"{""average_type"": ""sma"", ""bear_filter_buffer"": 0.01, ""bear_filter_require_20gt50"": true, ""bear_filter_slope_days"": 30, ""entry_confirm_bars"": 2, ""exit_confirm_bars"": 3, ""long_ma_days"": 200.0, ""macd_fast_days"": 12.0, ""macd_signal_days"": 8.0, ""macd_slow_days"": 26.0, ""peak_stop_drawdown"": 0.4, ""profit_lock_scheme"": [[3.0, 0.75], [4.0, 0.5]], ""q100_activation_gain"": 1.1, ""q100_distance_quantile"": 1.0, ""q100_reentry_rule"": ""ma20"", ""q100_trim_weight"": 0.5}",annual_net_eoy,356.09038665768685,0.2514775705249566,312.0787818075884,14.169419286747956,5.3047388446904185
102.261895258607,0.5628930911300829,0.4218874976493367,1.2706983774865723,-0.4647039341803043,1.2112940083517376,0.6387084447841039,0.00268498536868693,59,0.7055789071455866,15702,13,3,1,0,13/3/1/0,macd_signal_8d,retained_macd_option,start_date_cv_fast_slice,2016-01-01 00:00:00,2026-06-01 15:00:00,15702,"{""average_type"": ""sma"", ""bear_filter_buffer"": 0.01, ""bear_filter_require_20gt50"": true, ""bear_filter_slope_days"": 30, ""entry_confirm_bars"": 2, ""exit_confirm_bars"": 3, ""long_ma_days"": 200.0, ""macd_fast_days"": 12.0, ""macd_signal_days"": 8.0, ""macd_slow_days"": 26.0, ""peak_stop_drawdown"": 0.4, ""profit_lock_scheme"": [[3.0, 0.75], [4.0, 0.5]], ""q100_activation_gain"": 1.1, ""q100_distance_quantile"": 1.0, ""q100_reentry_rule"": ""ma20"", ""q100_trim_weight"": 0.5}",annual_net_eoy,102.261895258607,0.2933270089138481,310.2399364413784,14.076587555834434,5.6813144822315635
41.956797018342534,0.565546794559372,0.44726143047330075,1.2271521155704592,-0.46470393418030487,1.217004533342169,0.6359981078524125,0.00261117443993684,47,0.6923683380637023,12684,13,3,1,0,13/3/1/0,macd_signal_8d,retained_macd_option,start_date_cv_fast_slice,2018-01-01 00:00:00,2026-06-01 15:00:00,12684,"{""average_type"": ""sma"", ""bear_filter_buffer"": 0.01, ""bear_filter_require_20gt50"": true, ""bear_filter_slope_days"": 30, ""entry_confirm_bars"": 2, ""exit_confirm_bars"": 3, ""long_ma_days"": 200.0, ""macd_fast_days"": 12.0, ""macd_signal_days"": 8.0, ""macd_slow_days"": 26.0, ""peak_stop_drawdown"": 0.4, ""profit_lock_scheme"": [[3.0, 0.75], [4.0, 0.5]], ""q100_activation_gain"": 1.1, ""q100_distance_quantile"": 1.0, ""q100_reentry_rule"": ""ma20"", ""q100_trim_weight"": 0.5}",annual_net_eoy,41.956797018342534,0.3062616940997218,308.01385850780605,13.937594158741199,5.602649006622516
27.896965778065077,0.6924396843405007,0.45293360640942115,1.389445473524527,-0.39461676793577694,1.7547142965125948,0.6424581005586593,0.0020790796559799606,30,0.6711411131802193,9666,10,2,0,0,10/2/0/0,macd_signal_8d,retained_macd_option,start_date_cv_fast_slice,2020-01-01 00:00:00,2026-06-01 15:00:00,9666,"{""average_type"": ""sma"", ""bear_filter_buffer"": 0.01, ""bear_filter_require_20gt50"": true, ""bear_filter_slope_days"": 30, ""entry_confirm_bars"": 2, ""exit_confirm_bars"": 3, ""long_ma_days"": 200.0, ""macd_fast_days"": 12.0, ""macd_signal_days"": 8.0, ""macd_slow_days"": 26.0, ""peak_stop_drawdown"": 0.4, ""profit_lock_scheme"": [[3.0, 0.75], [4.0, 0.5]], ""q100_activation_gain"": 1.1, ""q100_distance_quantile"": 1.0, ""q100_reentry_rule"": ""ma20"", ""q100_trim_weight"": 0.5}",annual_net_eoy,27.896965778065077,0.32783454872194007,304.60671886332534,13.51141648810636,4.692737430167598
5.583585185368189,0.5363321443789553,0.40476863432531157,1.2644390108357724,-0.28926220617910336,1.854138331666021,0.6734478601567209,0.0015761699610767396,14,0.6435352622061483,6636,6,0,0,0,6/0/0/0,macd_signal_8d,retained_macd_option,start_date_cv_fast_slice,2022-01-01 00:00:00,2026-06-01 15:00:00,6636,"{""average_type"": ""sma"", ""bear_filter_buffer"": 0.01, ""bear_filter_require_20gt50"": true, ""bear_filter_slope_days"": 30, ""entry_confirm_bars"": 2, ""exit_confirm_bars"": 3, ""long_ma_days"": 200.0, ""macd_fast_days"": 12.0, ""macd_signal_days"": 8.0, ""macd_slow_days"": 26.0, ""peak_stop_drawdown"": 0.4, ""profit_lock_scheme"": [[3.0, 0.75], [4.0, 0.5]], ""q100_activation_gain"": 1.1, ""q100_distance_quantile"": 1.0, ""q100_reentry_rule"": ""ma20"", ""q100_trim_weight"": 0.5}",annual_net_eoy,5.583585185368189,0.35736311881222677,283.111783700291,11.798886838701218,3.1898734177215187
959.4879930433176,0.3261566236497664,0.4073372062163306,0.897462668870009,-0.5279067864595443,0.6178299503159752,0.6545237059591127,0.002819373625643381,124,0.6858008916920401,36784,22,7,4,2,22/7/4/2,macd_slow_24d,retained_macd_option,start_date_cv_fast_slice,2002-01-10 15:00:00,2026-06-01 15:00:00,36784,"{""average_type"": ""sma"", ""bear_filter_buffer"": 0.01, ""bear_filter_require_20gt50"": true, ""bear_filter_slope_days"": 30, ""entry_confirm_bars"": 2, ""exit_confirm_bars"": 3, ""long_ma_days"": 200.0, ""macd_fast_days"": 12.0, ""macd_signal_days"": 9.0, ""macd_slow_days"": 24.0, ""peak_stop_drawdown"": 0.4, ""profit_lock_scheme"": [[3.0, 0.75], [4.0, 0.5]], ""q100_activation_gain"": 1.1, ""q100_distance_quantile"": 1.0, ""q100_reentry_rule"": ""ma20"", ""q100_trim_weight"": 0.5}",annual_net_eoy,959.4879930433176,0.3134134351970943,304.79796016905505,14.014936440207977,5.096998695084819
1133.409010726081,0.3513810963541517,0.41522209069931576,0.9336324713692902,-0.5279067864595445,0.6656120083447334,0.6405798742850671,0.0028231451227608054,120,0.7138711138796081,35318,22,7,4,2,22/7/4/2,macd_slow_24d,retained_macd_option,start_date_cv_fast_slice,2003-01-01 00:00:00,2026-06-01 15:00:00,35318,"{""average_type"": ""sma"", ""bear_filter_buffer"": 0.01, ""bear_filter_require_20gt50"": true, ""bear_filter_slope_days"": 30, ""entry_confirm_bars"": 2, ""exit_confirm_bars"": 3, ""long_ma_days"": 200.0, ""macd_fast_days"": 12.0, ""macd_signal_days"": 9.0, ""macd_slow_days"": 24.0, ""peak_stop_drawdown"": 0.4, ""profit_lock_scheme"": [[3.0, 0.75], [4.0, 0.5]], ""q100_activation_gain"": 1.1, ""q100_distance_quantile"": 1.0, ""q100_reentry_rule"": ""ma20"", ""q100_trim_weight"": 0.5}",annual_net_eoy,1133.409010726081,0.2853106008349826,304.79130324410005,13.988037682249807,5.13732374426638
429.8620543028554,0.31160162770972555,0.407726875293079,0.8700537824939563,-0.5279067864595439,0.5902588026941478,0.6398911629007453,0.0029193138366753256,119,0.7132526913521826,33812,21,7,4,2,21/7/4/2,macd_slow_24d,retained_macd_option,start_date_cv_fast_slice,2004-01-01 00:00:00,2026-06-01 15:00:00,33812,"{""average_type"": ""sma"", ""bear_filter_buffer"": 0.01, ""bear_filter_require_20gt50"": true, ""bear_filter_slope_days"": 30, ""entry_confirm_bars"": 2, ""exit_confirm_bars"": 3, ""long_ma_days"": 200.0, ""macd_fast_days"": 12.0, ""macd_signal_days"": 9.0, ""macd_slow_days"": 24.0, ""peak_stop_drawdown"": 0.4, ""profit_lock_scheme"": [[3.0, 0.75], [4.0, 0.5]], ""q100_activation_gain"": 1.1, ""q100_distance_quantile"": 1.0, ""q100_reentry_rule"": ""ma20"", ""q100_trim_weight"": 0.5}",annual_net_eoy,429.8620543028554,0.285892576608598,304.7895919853302,13.980907437375606,5.321424346385898
468.2685613919287,0.3335869396857032,0.407821846676039,0.9107227936804192,-0.5279067864595444,0.6319050033869328,0.6378915438900582,0.0028695010352131393,113,0.71664912715117,32308,23,9,4,1,23/9/4/1,macd_slow_24d,retained_macd_option,start_date_cv_fast_slice,2005-01-01 00:00:00,2026-06-01 15:00:00,32308,"{""average_type"": ""sma"", ""bear_filter_buffer"": 0.01, ""bear_filter_require_20gt50"": true, ""bear_filter_slope_days"": 30, ""entry_confirm_bars"": 2, ""exit_confirm_bars"": 3, ""long_ma_days"": 200.0, ""macd_fast_days"": 12.0, ""macd_signal_days"": 9.0, ""macd_slow_days"": 24.0, ""peak_stop_drawdown"": 0.4, ""profit_lock_scheme"": [[3.0, 0.75], [4.0, 0.5]], ""q100_activation_gain"": 1.1, ""q100_distance_quantile"": 1.0, ""q100_reentry_rule"": ""ma20"", ""q100_trim_weight"": 0.5}",annual_net_eoy,468.2685613919287,0.2824563513770557,304.590482960438,13.960073830780019,5.2883496347653836
609.0195623501876,0.3923703639138352,0.4157497585442943,1.0050767247633299,-0.5279067864595445,0.7432569043965189,0.6368446204259968,0.002754909866386746,101,0.7202519115237576,29296,23,8,4,1,23/8/4/1,macd_slow_24d,retained_macd_option,start_date_cv_fast_slice,2007-01-01 00:00:00,2026-06-01 15:00:00,29296,"{""average_type"": ""sma"", ""bear_filter_buffer"": 0.01, ""bear_filter_require_20gt50"": true, ""bear_filter_slope_days"": 30, ""entry_confirm_bars"": 2, ""exit_confirm_bars"": 3, ""long_ma_days"": 200.0, ""macd_fast_days"": 12.0, ""macd_signal_days"": 9.0, ""macd_slow_days"": 24.0, ""peak_stop_drawdown"": 0.4, ""profit_lock_scheme"": [[3.0, 0.75], [4.0, 0.5]], ""q100_activation_gain"": 1.1, ""q100_distance_quantile"": 1.0, ""q100_reentry_rule"": ""ma20"", ""q100_trim_weight"": 0.5}",annual_net_eoy,609.0195623501876,0.27876159886298185,304.5841379674853,13.93363636014356,5.212725286728563
563.1993814418164,0.43995793660826576,0.4193120051207676,1.0803042919330597,-0.5279067864595446,0.8334007970590492,0.6250380633373934,0.002881693036147462,96,0.7423302375152253,26272,21,6,3,1,21/6/3/1,macd_slow_24d,retained_macd_option,start_date_cv_fast_slice,2009-01-01 00:00:00,2026-06-01 15:00:00,26272,"{""average_type"": ""sma"", ""bear_filter_buffer"": 0.01, ""bear_filter_require_20gt50"": true, ""bear_filter_slope_days"": 30, ""entry_confirm_bars"": 2, ""exit_confirm_bars"": 3, ""long_ma_days"": 200.0, ""macd_fast_days"": 12.0, ""macd_signal_days"": 9.0, ""macd_slow_days"": 24.0, ""peak_stop_drawdown"": 0.4, ""profit_lock_scheme"": [[3.0, 0.75], [4.0, 0.5]], ""q100_activation_gain"": 1.1, ""q100_distance_quantile"": 1.0, ""q100_reentry_rule"": ""ma20"", ""q100_trim_weight"": 0.5}",annual_net_eoy,563.1993814418164,0.25656972443247245,304.55989092530643,13.883873056519032,5.524969549330085
317.23849896414856,0.42178421327585935,0.4179756788641114,1.0520481797743837,-0.5279067864595433,0.7989747889103587,0.6196688206785137,0.00293650401638393,93,0.7509087237479806,24760,20,6,3,1,20/6/3/1,macd_slow_24d,retained_macd_option,start_date_cv_fast_slice,2010-01-01 00:00:00,2026-06-01 15:00:00,24760,"{""average_type"": ""sma"", ""bear_filter_buffer"": 0.01, ""bear_filter_require_20gt50"": true, ""bear_filter_slope_days"": 30, ""entry_confirm_bars"": 2, ""exit_confirm_bars"": 3, ""long_ma_days"": 200.0, ""macd_fast_days"": 12.0, ""macd_signal_days"": 9.0, ""macd_slow_days"": 24.0, ""peak_stop_drawdown"": 0.4, ""profit_lock_scheme"": [[3.0, 0.75], [4.0, 0.5]], ""q100_activation_gain"": 1.1, ""q100_distance_quantile"": 1.0, ""q100_reentry_rule"": ""ma20"", ""q100_trim_weight"": 0.5}",annual_net_eoy,317.23849896414856,0.24792406301655562,304.5548811976577,13.86299919131606,5.679159935379644
303.95663588325704,0.4506729428055545,0.4111727329356514,1.1115112899844457,-0.4574899957258237,0.985099012035326,0.6201823812801102,0.0027833723092595547,85,0.7455480041293875,23248,18,5,2,0,18/5/2/0,macd_slow_24d,retained_macd_option,start_date_cv_fast_slice,2011-01-01 00:00:00,2026-06-01 15:00:00,23248,"{""average_type"": ""sma"", ""bear_filter_buffer"": 0.01, ""bear_filter_require_20gt50"": true, ""bear_filter_slope_days"": 30, ""entry_confirm_bars"": 2, ""exit_confirm_bars"": 3, ""long_ma_days"": 200.0, ""macd_fast_days"": 12.0, ""macd_signal_days"": 9.0, ""macd_slow_days"": 24.0, ""peak_stop_drawdown"": 0.4, ""profit_lock_scheme"": [[3.0, 0.75], [4.0, 0.5]], ""q100_activation_gain"": 1.1, ""q100_distance_quantile"": 1.0, ""q100_reentry_rule"": ""ma20"", ""q100_trim_weight"": 0.5}",annual_net_eoy,303.95663588325704,0.25320886959264954,304.51475559049385,13.852578633300418,5.528217481073641
358.13811271167066,0.5520847127791157,0.4086026812255113,1.2813762778015387,-0.4574899957258246,1.206768930330844,0.6190640905272521,0.0024057519270833687,68,0.7437120126500963,20237,16,4,1,0,16/4/1/0,macd_slow_24d,retained_macd_option,start_date_cv_fast_slice,2013-01-01 00:00:00,2026-06-01 15:00:00,20237,"{""average_type"": ""sma"", ""bear_filter_buffer"": 0.01, ""bear_filter_require_20gt50"": true, ""bear_filter_slope_days"": 30, ""entry_confirm_bars"": 2, ""exit_confirm_bars"": 3, ""long_ma_days"": 200.0, ""macd_fast_days"": 12.0, ""macd_signal_days"": 9.0, ""macd_slow_days"": 24.0, ""peak_stop_drawdown"": 0.4, ""profit_lock_scheme"": [[3.0, 0.75], [4.0, 0.5]], ""q100_activation_gain"": 1.1, ""q100_distance_quantile"": 1.0, ""q100_reentry_rule"": ""ma20"", ""q100_trim_weight"": 0.5}",annual_net_eoy,358.13811271167066,0.2548565816830313,304.24171166102224,13.809996755872865,5.080594949844344
101.7776766490085,0.5621858794183769,0.41801262496681235,1.277490133170296,-0.4574899957258234,1.2288484659133365,0.6390268755572539,0.002654581586955475,58,0.6997675455356006,15702,13,3,1,0,13/3/1/0,macd_slow_24d,retained_macd_option,start_date_cv_fast_slice,2016-01-01 00:00:00,2026-06-01 15:00:00,15702,"{""average_type"": ""sma"", ""bear_filter_buffer"": 0.01, ""bear_filter_require_20gt50"": true, ""bear_filter_slope_days"": 30, ""entry_confirm_bars"": 2, ""exit_confirm_bars"": 3, ""long_ma_days"": 200.0, ""macd_fast_days"": 12.0, ""macd_signal_days"": 9.0, ""macd_slow_days"": 24.0, ""peak_stop_drawdown"": 0.4, ""profit_lock_scheme"": [[3.0, 0.75], [4.0, 0.5]], ""q100_activation_gain"": 1.1, ""q100_distance_quantile"": 1.0, ""q100_reentry_rule"": ""ma20"", ""q100_trim_weight"": 0.5}",annual_net_eoy,101.7776766490085,0.2985862551352034,302.4350625711199,13.7204674529469,5.585021016431028
41.63143583370339,0.564128558279289,0.44272850355362914,1.2330986189024031,-0.45748999572582316,1.2330948513623345,0.6364711447492905,0.0025735364565918936,46,0.6850165562913907,12684,13,3,1,0,13/3/1/0,macd_slow_24d,retained_macd_option,start_date_cv_fast_slice,2018-01-01 00:00:00,2026-06-01 15:00:00,12684,"{""average_type"": ""sma"", ""bear_filter_buffer"": 0.01, ""bear_filter_require_20gt50"": true, ""bear_filter_slope_days"": 30, ""entry_confirm_bars"": 2, ""exit_confirm_bars"": 3, ""long_ma_days"": 200.0, ""macd_fast_days"": 12.0, ""macd_signal_days"": 9.0, ""macd_slow_days"": 24.0, ""peak_stop_drawdown"": 0.4, ""profit_lock_scheme"": [[3.0, 0.75], [4.0, 0.5]], ""q100_activation_gain"": 1.1, ""q100_distance_quantile"": 1.0, ""q100_reentry_rule"": ""ma20"", ""q100_trim_weight"": 0.5}",annual_net_eoy,41.63143583370339,0.3129299914954741,300.24225703922565,13.584577206918986,5.483443708609271
27.989685397053176,0.6932879865500554,0.4529767497056562,1.3904705730746523,-0.3946167679357776,1.7568639826853112,0.6425615559693773,0.0020790796559799606,30,0.6710376577695013,9666,10,2,0,0,10/2/0/0,macd_slow_24d,retained_macd_option,start_date_cv_fast_slice,2020-01-01 00:00:00,2026-06-01 15:00:00,9666,"{""average_type"": ""sma"", ""bear_filter_buffer"": 0.01, ""bear_filter_require_20gt50"": true, ""bear_filter_slope_days"": 30, ""entry_confirm_bars"": 2, ""exit_confirm_bars"": 3, ""long_ma_days"": 200.0, ""macd_fast_days"": 12.0, ""macd_signal_days"": 9.0, ""macd_slow_days"": 24.0, ""peak_stop_drawdown"": 0.4, ""profit_lock_scheme"": [[3.0, 0.75], [4.0, 0.5]], ""q100_activation_gain"": 1.1, ""q100_distance_quantile"": 1.0, ""q100_reentry_rule"": ""ma20"", ""q100_trim_weight"": 0.5}",annual_net_eoy,27.989685397053176,0.3279380041326581,297.1111551527659,13.12925119534227,4.692737430167598
5.61081161684006,0.5377774727569544,0.40479019635634367,1.2667236311479384,-0.28926220617910237,1.8591349345651431,0.6735985533453888,0.0015761699610767396,14,0.6433845690174804,6636,6,0,0,0,6/0/0/0,macd_slow_24d,retained_macd_option,start_date_cv_fast_slice,2022-01-01 00:00:00,2026-06-01 15:00:00,6636,"{""average_type"": ""sma"", ""bear_filter_buffer"": 0.01, ""bear_filter_require_20gt50"": true, ""bear_filter_slope_days"": 30, ""entry_confirm_bars"": 2, ""exit_confirm_bars"": 3, ""long_ma_days"": 200.0, ""macd_fast_days"": 12.0, ""macd_signal_days"": 9.0, ""macd_slow_days"": 24.0, ""peak_stop_drawdown"": 0.4, ""profit_lock_scheme"": [[3.0, 0.75], [4.0, 0.5]], ""q100_activation_gain"": 1.1, ""q100_distance_quantile"": 1.0, ""q100_reentry_rule"": ""ma20"", ""q100_trim_weight"": 0.5}",annual_net_eoy,5.61081161684006,0.3575138120008946,276.1405323685362,11.466532811959418,3.1898734177215187
174.47335185851202,0.23665316871245312,0.4223646579483451,0.7149209445649335,-0.5696210273950858,0.4154572203815641,0.6610210961287516,0.003061776620859802,125,0.7007190626359286,36784,23,11,8,3,23/11/8/3,long_ma_150d,trend_gate_long_ma,start_date_cv_fast_slice,2002-01-10 15:00:00,2026-06-01 15:00:00,36784,"{""average_type"": ""sma"", ""bear_filter_buffer"": 0.01, ""bear_filter_require_20gt50"": true, ""bear_filter_slope_days"": 30, ""entry_confirm_bars"": 2, ""exit_confirm_bars"": 3, ""long_ma_days"": 150.0, ""macd_fast_days"": 12.0, ""macd_signal_days"": 9.0, ""macd_slow_days"": 24.0, ""peak_stop_drawdown"": 0.4, ""profit_lock_scheme"": [[3.0, 0.75], [4.0, 0.5]], ""q100_activation_gain"": 1.1, ""q100_distance_quantile"": 1.0, ""q100_reentry_rule"": ""ma20"", ""q100_trim_weight"": 0.5}",annual_net_eoy,174.47335185851202,0.29913485321735056,52.4347198199739,3.5361568901902842,5.1381035232709875
352.4440801608515,0.28557150469265014,0.42626839260493865,0.8032341888614188,-0.5085505921866695,0.5615400101389081,0.6497819808596184,0.003075609921901211,121,0.7251897049663061,35318,24,10,7,2,24/10/7/2,long_ma_150d,trend_gate_long_ma,start_date_cv_fast_slice,2003-01-01 00:00:00,2026-06-01 15:00:00,35318,"{""average_type"": ""sma"", ""bear_filter_buffer"": 0.01, ""bear_filter_require_20gt50"": true, ""bear_filter_slope_days"": 30, ""entry_confirm_bars"": 2, ""exit_confirm_bars"": 3, ""long_ma_days"": 150.0, ""macd_fast_days"": 12.0, ""macd_signal_days"": 9.0, ""macd_slow_days"": 24.0, ""peak_stop_drawdown"": 0.4, ""profit_lock_scheme"": [[3.0, 0.75], [4.0, 0.5]], ""q100_activation_gain"": 1.1, ""q100_distance_quantile"": 1.0, ""q100_reentry_rule"": ""ma20"", ""q100_trim_weight"": 0.5}",annual_net_eoy,352.4440801608515,0.2746581471415998,52.430047596542686,3.517470449155209,5.1801347754686
154.30400524295106,0.2530978387842293,0.416308728979255,0.7510408049631014,-0.5085505921866698,0.49768468009437816,0.6509818999171891,0.0031830235189195246,120,0.7222066130367917,33812,22,10,7,2,22/10/7/2,long_ma_150d,trend_gate_long_ma,start_date_cv_fast_slice,2004-01-01 00:00:00,2026-06-01 15:00:00,33812,"{""average_type"": ""sma"", ""bear_filter_buffer"": 0.01, ""bear_filter_require_20gt50"": true, ""bear_filter_slope_days"": 30, ""entry_confirm_bars"": 2, ""exit_confirm_bars"": 3, ""long_ma_days"": 150.0, ""macd_fast_days"": 12.0, ""macd_signal_days"": 9.0, ""macd_slow_days"": 24.0, ""peak_stop_drawdown"": 0.4, ""profit_lock_scheme"": [[3.0, 0.75], [4.0, 0.5]], ""q100_activation_gain"": 1.1, ""q100_distance_quantile"": 1.0, ""q100_reentry_rule"": ""ma20"", ""q100_trim_weight"": 0.5}",annual_net_eoy,154.30400524295106,0.27763446234316286,52.429334573241746,3.5144995187346475,5.3661421980362
133.30971318714518,0.2577504425734911,0.4185549823450034,0.7581457081870292,-0.50855059218667,0.5068334331599412,0.6480747802401882,0.0031454869141298433,114,0.7282793735297759,32308,22,10,7,2,22/10/7/2,long_ma_150d,trend_gate_long_ma,start_date_cv_fast_slice,2005-01-01 00:00:00,2026-06-01 15:00:00,32308,"{""average_type"": ""sma"", ""bear_filter_buffer"": 0.01, ""bear_filter_require_20gt50"": true, ""bear_filter_slope_days"": 30, ""entry_confirm_bars"": 2, ""exit_confirm_bars"": 3, ""long_ma_days"": 150.0, ""macd_fast_days"": 12.0, ""macd_signal_days"": 9.0, ""macd_slow_days"": 24.0, ""peak_stop_drawdown"": 0.4, ""profit_lock_scheme"": [[3.0, 0.75], [4.0, 0.5]], ""q100_activation_gain"": 1.1, ""q100_distance_quantile"": 1.0, ""q100_reentry_rule"": ""ma20"", ""q100_trim_weight"": 0.5}",annual_net_eoy,133.30971318714518,0.27155430360118304,52.42663279982487,3.5032421294976643,5.335149189055342
128.04265668296406,0.2851012756432103,0.42759618679341416,0.8014868971918682,-0.5085505921866701,0.560615364574308,0.6466753140360458,0.003195808001833253,106,0.7349211496450028,29296,21,9,7,2,21/9/7/2,long_ma_150d,trend_gate_long_ma,start_date_cv_fast_slice,2007-01-01 00:00:00,2026-06-01 15:00:00,29296,"{""average_type"": ""sma"", ""bear_filter_buffer"": 0.01, ""bear_filter_require_20gt50"": true, ""bear_filter_slope_days"": 30, ""entry_confirm_bars"": 2, ""exit_confirm_bars"": 3, ""long_ma_days"": 150.0, ""macd_fast_days"": 12.0, ""macd_signal_days"": 9.0, ""macd_slow_days"": 24.0, ""peak_stop_drawdown"": 0.4, ""profit_lock_scheme"": [[3.0, 0.75], [4.0, 0.5]], ""q100_activation_gain"": 1.1, ""q100_distance_quantile"": 1.0, ""q100_reentry_rule"": ""ma20"", ""q100_trim_weight"": 0.5}",annual_net_eoy,128.04265668296406,0.26489542738759636,52.421813083255884,3.4831599771268853,5.470780993992354
144.56294896063892,0.3319483874614986,0.4292178374726348,0.8835202642411132,-0.5085505921866698,0.6527342462314012,0.6386266747868453,0.0033733401043585173,101,0.7536635962241169,26272,19,7,6,2,19/7/6/2,long_ma_150d,trend_gate_long_ma,start_date_cv_fast_slice,2009-01-01 00:00:00,2026-06-01 15:00:00,26272,"{""average_type"": ""sma"", ""bear_filter_buffer"": 0.01, ""bear_filter_require_20gt50"": true, ""bear_filter_slope_days"": 30, ""entry_confirm_bars"": 2, ""exit_confirm_bars"": 3, ""long_ma_days"": 150.0, ""macd_fast_days"": 12.0, ""macd_signal_days"": 9.0, ""macd_slow_days"": 24.0, ""peak_stop_drawdown"": 0.4, ""profit_lock_scheme"": [[3.0, 0.75], [4.0, 0.5]], ""q100_activation_gain"": 1.1, ""q100_distance_quantile"": 1.0, ""q100_reentry_rule"": ""ma20"", ""q100_trim_weight"": 0.5}",annual_net_eoy,144.56294896063892,0.24613186817703345,52.33659225418084,3.4511739704112463,5.81272838002436
55.021496992615525,0.2786905072774517,0.4220210864272708,0.79466796320881,-0.50855059218667,0.5480094046870263,0.6374798061389337,0.003538949564689296,100,0.7554220516962843,24760,18,7,6,2,18/7/6/2,long_ma_150d,trend_gate_long_ma,start_date_cv_fast_slice,2010-01-01 00:00:00,2026-06-01 15:00:00,24760,"{""average_type"": ""sma"", ""bear_filter_buffer"": 0.01, ""bear_filter_require_20gt50"": true, ""bear_filter_slope_days"": 30, ""entry_confirm_bars"": 2, ""exit_confirm_bars"": 3, ""long_ma_days"": 150.0, ""macd_fast_days"": 12.0, ""macd_signal_days"": 9.0, ""macd_slow_days"": 24.0, ""peak_stop_drawdown"": 0.4, ""profit_lock_scheme"": [[3.0, 0.75], [4.0, 0.5]], ""q100_activation_gain"": 1.1, ""q100_distance_quantile"": 1.0, ""q100_reentry_rule"": ""ma20"", ""q100_trim_weight"": 0.5}",annual_net_eoy,55.021496992615525,0.24436092248574404,52.334288901990135,3.441576669616619,6.106623586429725
54.12281256192332,0.29793353365808906,0.4179565919158422,0.8340803675001686,-0.5085505921866703,0.5858483663877606,0.6376032346868548,0.00325294181098189,88,0.754054112181693,23248,18,7,5,1,18/7/5/1,long_ma_150d,trend_gate_long_ma,start_date_cv_fast_slice,2011-01-01 00:00:00,2026-06-01 15:00:00,23248,"{""average_type"": ""sma"", ""bear_filter_buffer"": 0.01, ""bear_filter_require_20gt50"": true, ""bear_filter_slope_days"": 30, ""entry_confirm_bars"": 2, ""exit_confirm_bars"": 3, ""long_ma_days"": 150.0, ""macd_fast_days"": 12.0, ""macd_signal_days"": 9.0, ""macd_slow_days"": 24.0, ""peak_stop_drawdown"": 0.4, ""profit_lock_scheme"": [[3.0, 0.75], [4.0, 0.5]], ""q100_activation_gain"": 1.1, ""q100_distance_quantile"": 1.0, ""q100_reentry_rule"": ""ma20"", ""q100_trim_weight"": 0.5}",annual_net_eoy,54.12281256192332,0.24571474710714997,52.170104205716726,3.4263953234749236,5.723331039229182
60.188835849280835,0.3598485876405475,0.42410260244776243,0.9380834657713231,-0.5085505921866695,0.7075964381307038,0.6304294114740328,0.0029957202758169182,73,0.769741068340169,20237,15,5,4,1,15/5/4/1,long_ma_150d,trend_gate_long_ma,start_date_cv_fast_slice,2013-01-01 00:00:00,2026-06-01 15:00:00,20237,"{""average_type"": ""sma"", ""bear_filter_buffer"": 0.01, ""bear_filter_require_20gt50"": true, ""bear_filter_slope_days"": 30, ""entry_confirm_bars"": 2, ""exit_confirm_bars"": 3, ""long_ma_days"": 150.0, ""macd_fast_days"": 12.0, ""macd_signal_days"": 9.0, ""macd_slow_days"": 24.0, ""peak_stop_drawdown"": 0.4, ""profit_lock_scheme"": [[3.0, 0.75], [4.0, 0.5]], ""q100_activation_gain"": 1.1, ""q100_distance_quantile"": 1.0, ""q100_reentry_rule"": ""ma20"", ""q100_trim_weight"": 0.5}",annual_net_eoy,60.188835849280835,0.22999340024445433,51.88653108263895,3.3634211922248562,5.454168107921134
27.100005212049915,0.37879900149805623,0.43828899995676746,0.9534799877115737,-0.5085505921866711,0.7448600145548792,0.650235638772131,0.003286180935522574,62,0.7320245828556872,15702,12,4,3,1,12/4/3/1,long_ma_150d,trend_gate_long_ma,start_date_cv_fast_slice,2016-01-01 00:00:00,2026-06-01 15:00:00,15702,"{""average_type"": ""sma"", ""bear_filter_buffer"": 0.01, ""bear_filter_require_20gt50"": true, ""bear_filter_slope_days"": 30, ""entry_confirm_bars"": 2, ""exit_confirm_bars"": 3, ""long_ma_days"": 150.0, ""macd_fast_days"": 12.0, ""macd_signal_days"": 9.0, ""macd_slow_days"": 24.0, ""peak_stop_drawdown"": 0.4, ""profit_lock_scheme"": [[3.0, 0.75], [4.0, 0.5]], ""q100_activation_gain"": 1.1, ""q100_distance_quantile"": 1.0, ""q100_reentry_rule"": ""ma20"", ""q100_trim_weight"": 0.5}",annual_net_eoy,27.100005212049915,0.26761557007184406,50.74290394996184,3.307437444082606,5.970194879633168
11.82698538755314,0.35548377403287135,0.4668352327260708,0.8865036004989505,-0.5085505921866693,0.6990135878209477,0.651529485966572,0.003278212713084858,50,0.7210067801955219,12684,12,4,3,1,12/4/3/1,long_ma_150d,trend_gate_long_ma,start_date_cv_fast_slice,2018-01-01 00:00:00,2026-06-01 15:00:00,12684,"{""average_type"": ""sma"", ""bear_filter_buffer"": 0.01, ""bear_filter_require_20gt50"": true, ""bear_filter_slope_days"": 30, ""entry_confirm_bars"": 2, ""exit_confirm_bars"": 3, ""long_ma_days"": 150.0, ""macd_fast_days"": 12.0, ""macd_signal_days"": 9.0, ""macd_slow_days"": 24.0, ""peak_stop_drawdown"": 0.4, ""profit_lock_scheme"": [[3.0, 0.75], [4.0, 0.5]], ""q100_activation_gain"": 1.1, ""q100_distance_quantile"": 1.0, ""q100_reentry_rule"": ""ma20"", ""q100_trim_weight"": 0.5}",annual_net_eoy,11.82698538755314,0.2785830562868622,50.20884254216311,3.2340746771491653,5.960264900662251
10.289059145741584,0.4610381198685607,0.48309609278922344,1.0278422490213701,-0.46676017486678534,0.9877409099868948,0.6537347403269191,0.002801948693256039,32,0.7163769915166563,9666,10,4,3,0,10/4/3/0,long_ma_150d,trend_gate_long_ma,start_date_cv_fast_slice,2020-01-01 00:00:00,2026-06-01 15:00:00,9666,"{""average_type"": ""sma"", ""bear_filter_buffer"": 0.01, ""bear_filter_require_20gt50"": true, ""bear_filter_slope_days"": 30, ""entry_confirm_bars"": 2, ""exit_confirm_bars"": 3, ""long_ma_days"": 150.0, ""macd_fast_days"": 12.0, ""macd_signal_days"": 9.0, ""macd_slow_days"": 24.0, ""peak_stop_drawdown"": 0.4, ""profit_lock_scheme"": [[3.0, 0.75], [4.0, 0.5]], ""q100_activation_gain"": 1.1, ""q100_distance_quantile"": 1.0, ""q100_reentry_rule"": ""ma20"", ""q100_trim_weight"": 0.5}",annual_net_eoy,10.289059145741584,0.28312225583923917,48.31006217230963,2.99928473014963,5.005586592178771
2.0935445457673856,0.29344972727188856,0.4256562005271265,0.8187960668949184,-0.4467485326561903,0.6568566113181221,0.6891199517781796,0.0035463658763065955,26,0.6624472573839663,6636,5,2,1,0,5/2/1/0,long_ma_150d,trend_gate_long_ma,start_date_cv_fast_slice,2022-01-01 00:00:00,2026-06-01 15:00:00,6636,"{""average_type"": ""sma"", ""bear_filter_buffer"": 0.01, ""bear_filter_require_20gt50"": true, ""bear_filter_slope_days"": 30, ""entry_confirm_bars"": 2, ""exit_confirm_bars"": 3, ""long_ma_days"": 150.0, ""macd_fast_days"": 12.0, ""macd_signal_days"": 9.0, ""macd_slow_days"": 24.0, ""peak_stop_drawdown"": 0.4, ""profit_lock_scheme"": [[3.0, 0.75], [4.0, 0.5]], ""q100_activation_gain"": 1.1, ""q100_distance_quantile"": 1.0, ""q100_reentry_rule"": ""ma20"", ""q100_trim_weight"": 0.5}",annual_net_eoy,2.0935445457673856,0.33766714888182464,42.52156482715362,2.6019982373783677,5.924050632911392
959.4879930433176,0.3261566236497664,0.4073372062163306,0.897462668870009,-0.5279067864595443,0.6178299503159752,0.6545237059591127,0.002819373625643381,124,0.6858008916920401,36784,22,7,4,2,22/7/4/2,long_ma_200d,trend_gate_long_ma,start_date_cv_fast_slice,2002-01-10 15:00:00,2026-06-01 15:00:00,36784,"{""average_type"": ""sma"", ""bear_filter_buffer"": 0.01, ""bear_filter_require_20gt50"": true, ""bear_filter_slope_days"": 30, ""entry_confirm_bars"": 2, ""exit_confirm_bars"": 3, ""long_ma_days"": 200.0, ""macd_fast_days"": 12.0, ""macd_signal_days"": 9.0, ""macd_slow_days"": 24.0, ""peak_stop_drawdown"": 0.4, ""profit_lock_scheme"": [[3.0, 0.75], [4.0, 0.5]], ""q100_activation_gain"": 1.1, ""q100_distance_quantile"": 1.0, ""q100_reentry_rule"": ""ma20"", ""q100_trim_weight"": 0.5}",annual_net_eoy,959.4879930433176,0.3134134351970943,304.79796016905505,14.014936440207977,5.096998695084819
1133.409010726081,0.3513810963541517,0.41522209069931576,0.9336324713692902,-0.5279067864595445,0.6656120083447334,0.6405798742850671,0.0028231451227608054,120,0.7138711138796081,35318,22,7,4,2,22/7/4/2,long_ma_200d,trend_gate_long_ma,start_date_cv_fast_slice,2003-01-01 00:00:00,2026-06-01 15:00:00,35318,"{""average_type"": ""sma"", ""bear_filter_buffer"": 0.01, ""bear_filter_require_20gt50"": true, ""bear_filter_slope_days"": 30, ""entry_confirm_bars"": 2, ""exit_confirm_bars"": 3, ""long_ma_days"": 200.0, ""macd_fast_days"": 12.0, ""macd_signal_days"": 9.0, ""macd_slow_days"": 24.0, ""peak_stop_drawdown"": 0.4, ""profit_lock_scheme"": [[3.0, 0.75], [4.0, 0.5]], ""q100_activation_gain"": 1.1, ""q100_distance_quantile"": 1.0, ""q100_reentry_rule"": ""ma20"", ""q100_trim_weight"": 0.5}",annual_net_eoy,1133.409010726081,0.2853106008349826,304.79130324410005,13.988037682249807,5.13732374426638
429.8620543028554,0.31160162770972555,0.407726875293079,0.8700537824939563,-0.5279067864595439,0.5902588026941478,0.6398911629007453,0.0029193138366753256,119,0.7132526913521826,33812,21,7,4,2,21/7/4/2,long_ma_200d,trend_gate_long_ma,start_date_cv_fast_slice,2004-01-01 00:00:00,2026-06-01 15:00:00,33812,"{""average_type"": ""sma"", ""bear_filter_buffer"": 0.01, ""bear_filter_require_20gt50"": true, ""bear_filter_slope_days"": 30, ""entry_confirm_bars"": 2, ""exit_confirm_bars"": 3, ""long_ma_days"": 200.0, ""macd_fast_days"": 12.0, ""macd_signal_days"": 9.0, ""macd_slow_days"": 24.0, ""peak_stop_drawdown"": 0.4, ""profit_lock_scheme"": [[3.0, 0.75], [4.0, 0.5]], ""q100_activation_gain"": 1.1, ""q100_distance_quantile"": 1.0, ""q100_reentry_rule"": ""ma20"", ""q100_trim_weight"": 0.5}",annual_net_eoy,429.8620543028554,0.285892576608598,304.7895919853302,13.980907437375606,5.321424346385898
468.2685613919287,0.3335869396857032,0.407821846676039,0.9107227936804192,-0.5279067864595444,0.6319050033869328,0.6378915438900582,0.0028695010352131393,113,0.71664912715117,32308,23,9,4,1,23/9/4/1,long_ma_200d,trend_gate_long_ma,start_date_cv_fast_slice,2005-01-01 00:00:00,2026-06-01 15:00:00,32308,"{""average_type"": ""sma"", ""bear_filter_buffer"": 0.01, ""bear_filter_require_20gt50"": true, ""bear_filter_slope_days"": 30, ""entry_confirm_bars"": 2, ""exit_confirm_bars"": 3, ""long_ma_days"": 200.0, ""macd_fast_days"": 12.0, ""macd_signal_days"": 9.0, ""macd_slow_days"": 24.0, ""peak_stop_drawdown"": 0.4, ""profit_lock_scheme"": [[3.0, 0.75], [4.0, 0.5]], ""q100_activation_gain"": 1.1, ""q100_distance_quantile"": 1.0, ""q100_reentry_rule"": ""ma20"", ""q100_trim_weight"": 0.5}",annual_net_eoy,468.2685613919287,0.2824563513770557,304.590482960438,13.960073830780019,5.2883496347653836
609.0195623501876,0.3923703639138352,0.4157497585442943,1.0050767247633299,-0.5279067864595445,0.7432569043965189,0.6368446204259968,0.002754909866386746,101,0.7202519115237576,29296,23,8,4,1,23/8/4/1,long_ma_200d,trend_gate_long_ma,start_date_cv_fast_slice,2007-01-01 00:00:00,2026-06-01 15:00:00,29296,"{""average_type"": ""sma"", ""bear_filter_buffer"": 0.01, ""bear_filter_require_20gt50"": true, ""bear_filter_slope_days"": 30, ""entry_confirm_bars"": 2, ""exit_confirm_bars"": 3, ""long_ma_days"": 200.0, ""macd_fast_days"": 12.0, ""macd_signal_days"": 9.0, ""macd_slow_days"": 24.0, ""peak_stop_drawdown"": 0.4, ""profit_lock_scheme"": [[3.0, 0.75], [4.0, 0.5]], ""q100_activation_gain"": 1.1, ""q100_distance_quantile"": 1.0, ""q100_reentry_rule"": ""ma20"", ""q100_trim_weight"": 0.5}",annual_net_eoy,609.0195623501876,0.27876159886298185,304.5841379674853,13.93363636014356,5.212725286728563
563.1993814418164,0.43995793660826576,0.4193120051207676,1.0803042919330597,-0.5279067864595446,0.8334007970590492,0.6250380633373934,0.002881693036147462,96,0.7423302375152253,26272,21,6,3,1,21/6/3/1,long_ma_200d,trend_gate_long_ma,start_date_cv_fast_slice,2009-01-01 00:00:00,2026-06-01 15:00:00,26272,"{""average_type"": ""sma"", ""bear_filter_buffer"": 0.01, ""bear_filter_require_20gt50"": true, ""bear_filter_slope_days"": 30, ""entry_confirm_bars"": 2, ""exit_confirm_bars"": 3, ""long_ma_days"": 200.0, ""macd_fast_days"": 12.0, ""macd_signal_days"": 9.0, ""macd_slow_days"": 24.0, ""peak_stop_drawdown"": 0.4, ""profit_lock_scheme"": [[3.0, 0.75], [4.0, 0.5]], ""q100_activation_gain"": 1.1, ""q100_distance_quantile"": 1.0, ""q100_reentry_rule"": ""ma20"", ""q100_trim_weight"": 0.5}",annual_net_eoy,563.1993814418164,0.25656972443247245,304.55989092530643,13.883873056519032,5.524969549330085
317.23849896414856,0.42178421327585935,0.4179756788641114,1.0520481797743837,-0.5279067864595433,0.7989747889103587,0.6196688206785137,0.00293650401638393,93,0.7509087237479806,24760,20,6,3,1,20/6/3/1,long_ma_200d,trend_gate_long_ma,start_date_cv_fast_slice,2010-01-01 00:00:00,2026-06-01 15:00:00,24760,"{""average_type"": ""sma"", ""bear_filter_buffer"": 0.01, ""bear_filter_require_20gt50"": true, ""bear_filter_slope_days"": 30, ""entry_confirm_bars"": 2, ""exit_confirm_bars"": 3, ""long_ma_days"": 200.0, ""macd_fast_days"": 12.0, ""macd_signal_days"": 9.0, ""macd_slow_days"": 24.0, ""peak_stop_drawdown"": 0.4, ""profit_lock_scheme"": [[3.0, 0.75], [4.0, 0.5]], ""q100_activation_gain"": 1.1, ""q100_distance_quantile"": 1.0, ""q100_reentry_rule"": ""ma20"", ""q100_trim_weight"": 0.5}",annual_net_eoy,317.23849896414856,0.24792406301655562,304.5548811976577,13.86299919131606,5.679159935379644
303.95663588325704,0.4506729428055545,0.4111727329356514,1.1115112899844457,-0.4574899957258237,0.985099012035326,0.6201823812801102,0.0027833723092595547,85,0.7455480041293875,23248,18,5,2,0,18/5/2/0,long_ma_200d,trend_gate_long_ma,start_date_cv_fast_slice,2011-01-01 00:00:00,2026-06-01 15:00:00,23248,"{""average_type"": ""sma"", ""bear_filter_buffer"": 0.01, ""bear_filter_require_20gt50"": true, ""bear_filter_slope_days"": 30, ""entry_confirm_bars"": 2, ""exit_confirm_bars"": 3, ""long_ma_days"": 200.0, ""macd_fast_days"": 12.0, ""macd_signal_days"": 9.0, ""macd_slow_days"": 24.0, ""peak_stop_drawdown"": 0.4, ""profit_lock_scheme"": [[3.0, 0.75], [4.0, 0.5]], ""q100_activation_gain"": 1.1, ""q100_distance_quantile"": 1.0, ""q100_reentry_rule"": ""ma20"", ""q100_trim_weight"": 0.5}",annual_net_eoy,303.95663588325704,0.25320886959264954,304.51475559049385,13.852578633300418,5.528217481073641
358.13811271167066,0.5520847127791157,0.4086026812255113,1.2813762778015387,-0.4574899957258246,1.206768930330844,0.6190640905272521,0.0024057519270833687,68,0.7437120126500963,20237,16,4,1,0,16/4/1/0,long_ma_200d,trend_gate_long_ma,start_date_cv_fast_slice,2013-01-01 00:00:00,2026-06-01 15:00:00,20237,"{""average_type"": ""sma"", ""bear_filter_buffer"": 0.01, ""bear_filter_require_20gt50"": true, ""bear_filter_slope_days"": 30, ""entry_confirm_bars"": 2, ""exit_confirm_bars"": 3, ""long_ma_days"": 200.0, ""macd_fast_days"": 12.0, ""macd_signal_days"": 9.0, ""macd_slow_days"": 24.0, ""peak_stop_drawdown"": 0.4, ""profit_lock_scheme"": [[3.0, 0.75], [4.0, 0.5]], ""q100_activation_gain"": 1.1, ""q100_distance_quantile"": 1.0, ""q100_reentry_rule"": ""ma20"", ""q100_trim_weight"": 0.5}",annual_net_eoy,358.13811271167066,0.2548565816830313,304.24171166102224,13.809996755872865,5.080594949844344
101.7776766490085,0.5621858794183769,0.41801262496681235,1.277490133170296,-0.4574899957258234,1.2288484659133365,0.6390268755572539,0.002654581586955475,58,0.6997675455356006,15702,13,3,1,0,13/3/1/0,long_ma_200d,trend_gate_long_ma,start_date_cv_fast_slice,2016-01-01 00:00:00,2026-06-01 15:00:00,15702,"{""average_type"": ""sma"", ""bear_filter_buffer"": 0.01, ""bear_filter_require_20gt50"": true, ""bear_filter_slope_days"": 30, ""entry_confirm_bars"": 2, ""exit_confirm_bars"": 3, ""long_ma_days"": 200.0, ""macd_fast_days"": 12.0, ""macd_signal_days"": 9.0, ""macd_slow_days"": 24.0, ""peak_stop_drawdown"": 0.4, ""profit_lock_scheme"": [[3.0, 0.75], [4.0, 0.5]], ""q100_activation_gain"": 1.1, ""q100_distance_quantile"": 1.0, ""q100_reentry_rule"": ""ma20"", ""q100_trim_weight"": 0.5}",annual_net_eoy,101.7776766490085,0.2985862551352034,302.4350625711199,13.7204674529469,5.585021016431028
41.63143583370339,0.564128558279289,0.44272850355362914,1.2330986189024031,-0.45748999572582316,1.2330948513623345,0.6364711447492905,0.0025735364565918936,46,0.6850165562913907,12684,13,3,1,0,13/3/1/0,long_ma_200d,trend_gate_long_ma,start_date_cv_fast_slice,2018-01-01 00:00:00,2026-06-01 15:00:00,12684,"{""average_type"": ""sma"", ""bear_filter_buffer"": 0.01, ""bear_filter_require_20gt50"": true, ""bear_filter_slope_days"": 30, ""entry_confirm_bars"": 2, ""exit_confirm_bars"": 3, ""long_ma_days"": 200.0, ""macd_fast_days"": 12.0, ""macd_signal_days"": 9.0, ""macd_slow_days"": 24.0, ""peak_stop_drawdown"": 0.4, ""profit_lock_scheme"": [[3.0, 0.75], [4.0, 0.5]], ""q100_activation_gain"": 1.1, ""q100_distance_quantile"": 1.0, ""q100_reentry_rule"": ""ma20"", ""q100_trim_weight"": 0.5}",annual_net_eoy,41.63143583370339,0.3129299914954741,300.24225703922565,13.584577206918986,5.483443708609271
27.989685397053176,0.6932879865500554,0.4529767497056562,1.3904705730746523,-0.3946167679357776,1.7568639826853112,0.6425615559693773,0.0020790796559799606,30,0.6710376577695013,9666,10,2,0,0,10/2/0/0,long_ma_200d,trend_gate_long_ma,start_date_cv_fast_slice,2020-01-01 00:00:00,2026-06-01 15:00:00,9666,"{""average_type"": ""sma"", ""bear_filter_buffer"": 0.01, ""bear_filter_require_20gt50"": true, ""bear_filter_slope_days"": 30, ""entry_confirm_bars"": 2, ""exit_confirm_bars"": 3, ""long_ma_days"": 200.0, ""macd_fast_days"": 12.0, ""macd_signal_days"": 9.0, ""macd_slow_days"": 24.0, ""peak_stop_drawdown"": 0.4, ""profit_lock_scheme"": [[3.0, 0.75], [4.0, 0.5]], ""q100_activation_gain"": 1.1, ""q100_distance_quantile"": 1.0, ""q100_reentry_rule"": ""ma20"", ""q100_trim_weight"": 0.5}",annual_net_eoy,27.989685397053176,0.3279380041326581,297.1111551527659,13.12925119534227,4.692737430167598
5.61081161684006,0.5377774727569544,0.40479019635634367,1.2667236311479384,-0.28926220617910237,1.8591349345651431,0.6735985533453888,0.0015761699610767396,14,0.6433845690174804,6636,6,0,0,0,6/0/0/0,long_ma_200d,trend_gate_long_ma,start_date_cv_fast_slice,2022-01-01 00:00:00,2026-06-01 15:00:00,6636,"{""average_type"": ""sma"", ""bear_filter_buffer"": 0.01, ""bear_filter_require_20gt50"": true, ""bear_filter_slope_days"": 30, ""entry_confirm_bars"": 2, ""exit_confirm_bars"": 3, ""long_ma_days"": 200.0, ""macd_fast_days"": 12.0, ""macd_signal_days"": 9.0, ""macd_slow_days"": 24.0, ""peak_stop_drawdown"": 0.4, ""profit_lock_scheme"": [[3.0, 0.75], [4.0, 0.5]], ""q100_activation_gain"": 1.1, ""q100_distance_quantile"": 1.0, ""q100_reentry_rule"": ""ma20"", ""q100_trim_weight"": 0.5}",annual_net_eoy,5.61081161684006,0.3575138120008946,276.1405323685362,11.466532811959418,3.1898734177215187
626.2532555452574,0.30313200361663495,0.41598208522163144,0.8453342051338846,-0.5684956585528402,0.5332177986869526,0.642833840800348,0.00273671069052714,127,0.7045862331448456,36784,24,11,6,2,24/11/6/2,long_ma_250d,trend_gate_long_ma,start_date_cv_fast_slice,2002-01-10 15:00:00,2026-06-01 15:00:00,36784,"{""average_type"": ""sma"", ""bear_filter_buffer"": 0.01, ""bear_filter_require_20gt50"": true, ""bear_filter_slope_days"": 30, ""entry_confirm_bars"": 2, ""exit_confirm_bars"": 3, ""long_ma_days"": 250.0, ""macd_fast_days"": 12.0, ""macd_signal_days"": 9.0, ""macd_slow_days"": 24.0, ""peak_stop_drawdown"": 0.4, ""profit_lock_scheme"": [[3.0, 0.75], [4.0, 0.5]], ""q100_activation_gain"": 1.1, ""q100_distance_quantile"": 1.0, ""q100_reentry_rule"": ""ma20"", ""q100_trim_weight"": 0.5}",annual_net_eoy,626.2532555452574,0.2944077696884735,201.3215888028485,11.803105608251867,5.220313179643323
612.8083521901958,0.3163111465354178,0.42452162287896283,0.8605249771819401,-0.5684956585528411,0.556400285167731,0.6280366951696019,0.002850307662957991,127,0.7338326066028654,35318,24,11,6,2,24/11/6/2,long_ma_250d,trend_gate_long_ma,start_date_cv_fast_slice,2003-01-01 00:00:00,2026-06-01 15:00:00,35318,"{""average_type"": ""sma"", ""bear_filter_buffer"": 0.01, ""bear_filter_require_20gt50"": true, ""bear_filter_slope_days"": 30, ""entry_confirm_bars"": 2, ""exit_confirm_bars"": 3, ""long_ma_days"": 250.0, ""macd_fast_days"": 12.0, ""macd_signal_days"": 9.0, ""macd_slow_days"": 24.0, ""peak_stop_drawdown"": 0.4, ""profit_lock_scheme"": [[3.0, 0.75], [4.0, 0.5]], ""q100_activation_gain"": 1.1, ""q100_distance_quantile"": 1.0, ""q100_reentry_rule"": ""ma20"", ""q100_trim_weight"": 0.5}",annual_net_eoy,612.8083521901958,0.2651196387173907,201.31408560939516,11.772680731550754,5.4370009626819185
294.98788674015054,0.28976343763838286,0.4181240333458754,0.8186242076478362,-0.5684956585528395,0.5097021116678422,0.6262273748964865,0.0029476862072740544,126,0.7356116171773335,33812,23,11,6,2,23/11/6/2,long_ma_250d,trend_gate_long_ma,start_date_cv_fast_slice,2004-01-01 00:00:00,2026-06-01 15:00:00,33812,"{""average_type"": ""sma"", ""bear_filter_buffer"": 0.01, ""bear_filter_require_20gt50"": true, ""bear_filter_slope_days"": 30, ""entry_confirm_bars"": 2, ""exit_confirm_bars"": 3, ""long_ma_days"": 250.0, ""macd_fast_days"": 12.0, ""macd_signal_days"": 9.0, ""macd_slow_days"": 24.0, ""peak_stop_drawdown"": 0.4, ""profit_lock_scheme"": [[3.0, 0.75], [4.0, 0.5]], ""q100_activation_gain"": 1.1, ""q100_distance_quantile"": 1.0, ""q100_reentry_rule"": ""ma20"", ""q100_trim_weight"": 0.5}",annual_net_eoy,294.98788674015054,0.26329396073053374,201.31176213751266,11.762999598707005,5.634449307938009
324.24971046891176,0.3109032255528792,0.41700469950029107,0.8587177876799861,-0.5684956585528402,0.5468875986569764,0.6254797573356444,0.0028372900222963455,118,0.7362417976971648,32308,25,11,5,2,25/11/5/2,long_ma_250d,trend_gate_long_ma,start_date_cv_fast_slice,2005-01-01 00:00:00,2026-06-01 15:00:00,32308,"{""average_type"": ""sma"", ""bear_filter_buffer"": 0.01, ""bear_filter_require_20gt50"": true, ""bear_filter_slope_days"": 30, ""entry_confirm_bars"": 2, ""exit_confirm_bars"": 3, ""long_ma_days"": 250.0, ""macd_fast_days"": 12.0, ""macd_signal_days"": 9.0, ""macd_slow_days"": 24.0, ""peak_stop_drawdown"": 0.4, ""profit_lock_scheme"": [[3.0, 0.75], [4.0, 0.5]], ""q100_activation_gain"": 1.1, ""q100_distance_quantile"": 1.0, ""q100_reentry_rule"": ""ma20"", ""q100_trim_weight"": 0.5}",annual_net_eoy,324.24971046891176,0.2626128327417608,201.143990565666,11.74785141034392,5.522347406215179
348.64950765183545,0.35294392990498014,0.42441557946938374,0.9255708738244582,-0.5684956585528402,0.6208383909270873,0.6259898962315674,0.0027876558588322744,108,0.7357830420535226,29296,23,10,5,2,23/10/5/2,long_ma_250d,trend_gate_long_ma,start_date_cv_fast_slice,2007-01-01 00:00:00,2026-06-01 15:00:00,29296,"{""average_type"": ""sma"", ""bear_filter_buffer"": 0.01, ""bear_filter_require_20gt50"": true, ""bear_filter_slope_days"": 30, ""entry_confirm_bars"": 2, ""exit_confirm_bars"": 3, ""long_ma_days"": 250.0, ""macd_fast_days"": 12.0, ""macd_signal_days"": 9.0, ""macd_slow_days"": 24.0, ""peak_stop_drawdown"": 0.4, ""profit_lock_scheme"": [[3.0, 0.75], [4.0, 0.5]], ""q100_activation_gain"": 1.1, ""q100_distance_quantile"": 1.0, ""q100_reentry_rule"": ""ma20"", ""q100_trim_weight"": 0.5}",annual_net_eoy,348.64950765183545,0.2629538298819227,201.13847504412183,11.724870070576612,5.574003276897869
300.67330247957995,0.3889983393730201,0.42920428387859594,0.9813360137084924,-0.5684956585528396,0.6842591205766686,0.6133526187576127,0.002955534671687291,103,0.7605245127892813,26272,21,8,4,2,21/8/4/2,long_ma_250d,trend_gate_long_ma,start_date_cv_fast_slice,2009-01-01 00:00:00,2026-06-01 15:00:00,26272,"{""average_type"": ""sma"", ""bear_filter_buffer"": 0.01, ""bear_filter_require_20gt50"": true, ""bear_filter_slope_days"": 30, ""entry_confirm_bars"": 2, ""exit_confirm_bars"": 3, ""long_ma_days"": 250.0, ""macd_fast_days"": 12.0, ""macd_signal_days"": 9.0, ""macd_slow_days"": 24.0, ""peak_stop_drawdown"": 0.4, ""profit_lock_scheme"": [[3.0, 0.75], [4.0, 0.5]], ""q100_activation_gain"": 1.1, ""q100_distance_quantile"": 1.0, ""q100_reentry_rule"": ""ma20"", ""q100_trim_weight"": 0.5}",annual_net_eoy,300.67330247957995,0.23804769905788717,200.9163989741388,11.661731330994707,5.927831912302071
155.37016624783413,0.36140932018486804,0.4291784570234137,0.9346600406378723,-0.5684956585528397,0.6357292527173738,0.6068659127625202,0.0030956303269211835,102,0.7709410339256866,24760,20,8,4,2,20/8/4/2,long_ma_250d,trend_gate_long_ma,start_date_cv_fast_slice,2010-01-01 00:00:00,2026-06-01 15:00:00,24760,"{""average_type"": ""sma"", ""bear_filter_buffer"": 0.01, ""bear_filter_require_20gt50"": true, ""bear_filter_slope_days"": 30, ""entry_confirm_bars"": 2, ""exit_confirm_bars"": 3, ""long_ma_days"": 250.0, ""macd_fast_days"": 12.0, ""macd_signal_days"": 9.0, ""macd_slow_days"": 24.0, ""peak_stop_drawdown"": 0.4, ""profit_lock_scheme"": [[3.0, 0.75], [4.0, 0.5]], ""q100_activation_gain"": 1.1, ""q100_distance_quantile"": 1.0, ""q100_reentry_rule"": ""ma20"", ""q100_trim_weight"": 0.5}",annual_net_eoy,155.37016624783413,0.22754398827337688,200.91003101507096,11.635198168212105,6.22875605815832
116.34234602124603,0.3633045819214713,0.4199196157156243,0.9492631461696173,-0.5684956585528413,0.6390630719085824,0.6084824501032347,0.0031249056647698085,98,0.7625387130075706,23248,18,7,4,2,18/7/4/2,long_ma_250d,trend_gate_long_ma,start_date_cv_fast_slice,2011-01-01 00:00:00,2026-06-01 15:00:00,23248,"{""average_type"": ""sma"", ""bear_filter_buffer"": 0.01, ""bear_filter_require_20gt50"": true, ""bear_filter_slope_days"": 30, ""entry_confirm_bars"": 2, ""exit_confirm_bars"": 3, ""long_ma_days"": 250.0, ""macd_fast_days"": 12.0, ""macd_signal_days"": 9.0, ""macd_slow_days"": 24.0, ""peak_stop_drawdown"": 0.4, ""profit_lock_scheme"": [[3.0, 0.75], [4.0, 0.5]], ""q100_activation_gain"": 1.1, ""q100_distance_quantile"": 1.0, ""q100_reentry_rule"": ""ma20"", ""q100_trim_weight"": 0.5}",annual_net_eoy,116.34234602124603,0.2358477782884038,200.64505624528277,11.625031857177838,6.373709566414315
169.67611076824952,0.4681687092631315,0.41223624416862586,1.1390158934860195,-0.5371136675832698,0.8716380489248122,0.6119978257646884,0.002896929841245664,83,0.7508276918515591,20237,15,6,3,1,15/6/3/1,long_ma_250d,trend_gate_long_ma,start_date_cv_fast_slice,2013-01-01 00:00:00,2026-06-01 15:00:00,20237,"{""average_type"": ""sma"", ""bear_filter_buffer"": 0.01, ""bear_filter_require_20gt50"": true, ""bear_filter_slope_days"": 30, ""entry_confirm_bars"": 2, ""exit_confirm_bars"": 3, ""long_ma_days"": 250.0, ""macd_fast_days"": 12.0, ""macd_signal_days"": 9.0, ""macd_slow_days"": 24.0, ""peak_stop_drawdown"": 0.4, ""profit_lock_scheme"": [[3.0, 0.75], [4.0, 0.5]], ""q100_activation_gain"": 1.1, ""q100_distance_quantile"": 1.0, ""q100_reentry_rule"": ""ma20"", ""q100_trim_weight"": 0.5}",annual_net_eoy,169.67611076824952,0.24731541201158277,200.4718065545954,11.586375034957117,6.201314424074715
47.855235210698716,0.4542233177739925,0.42169851091957644,1.100379183912247,-0.5371136675832718,0.8456744729989051,0.6311934785377659,0.003288474274523241,73,0.7065182779263788,15702,13,5,2,1,13/5/2/1,long_ma_250d,trend_gate_long_ma,start_date_cv_fast_slice,2016-01-01 00:00:00,2026-06-01 15:00:00,15702,"{""average_type"": ""sma"", ""bear_filter_buffer"": 0.01, ""bear_filter_require_20gt50"": true, ""bear_filter_slope_days"": 30, ""entry_confirm_bars"": 2, ""exit_confirm_bars"": 3, ""long_ma_days"": 250.0, ""macd_fast_days"": 12.0, ""macd_signal_days"": 9.0, ""macd_slow_days"": 24.0, ""peak_stop_drawdown"": 0.4, ""profit_lock_scheme"": [[3.0, 0.75], [4.0, 0.5]], ""q100_activation_gain"": 1.1, ""q100_distance_quantile"": 1.0, ""q100_reentry_rule"": ""ma20"", ""q100_trim_weight"": 0.5}",annual_net_eoy,47.855235210698716,0.2912839752460197,198.17254998269186,11.475971903229492,7.029423003439053
22.48666524353504,0.4568309805958821,0.4462196750363833,1.0679572310966678,-0.5371136675832711,0.8505294282519028,0.6283506780195522,0.0034387306891955857,63,0.6883278145695364,12684,12,5,2,1,12/5/2/1,long_ma_250d,trend_gate_long_ma,start_date_cv_fast_slice,2018-01-01 00:00:00,2026-06-01 15:00:00,12684,"{""average_type"": ""sma"", ""bear_filter_buffer"": 0.01, ""bear_filter_require_20gt50"": true, ""bear_filter_slope_days"": 30, ""entry_confirm_bars"": 2, ""exit_confirm_bars"": 3, ""long_ma_days"": 250.0, ""macd_fast_days"": 12.0, ""macd_signal_days"": 9.0, ""macd_slow_days"": 24.0, ""peak_stop_drawdown"": 0.4, ""profit_lock_scheme"": [[3.0, 0.75], [4.0, 0.5]], ""q100_activation_gain"": 1.1, ""q100_distance_quantile"": 1.0, ""q100_reentry_rule"": ""ma20"", ""q100_trim_weight"": 0.5}",annual_net_eoy,22.48666524353504,0.3089868167760539,196.51961068933224,11.3304162888756,7.509933774834437
13.657132268157664,0.5219441910257134,0.4508885866598728,1.158451525351878,-0.5371136675832706,0.9717574184514577,0.6364576867370163,0.003422722822135386,49,0.6656838402648458,9666,9,4,1,1,9/4/1/1,long_ma_250d,trend_gate_long_ma,start_date_cv_fast_slice,2020-01-01 00:00:00,2026-06-01 15:00:00,9666,"{""average_type"": ""sma"", ""bear_filter_buffer"": 0.01, ""bear_filter_require_20gt50"": true, ""bear_filter_slope_days"": 30, ""entry_confirm_bars"": 2, ""exit_confirm_bars"": 3, ""long_ma_days"": 250.0, ""macd_fast_days"": 12.0, ""macd_signal_days"": 9.0, ""macd_slow_days"": 24.0, ""peak_stop_drawdown"": 0.4, ""profit_lock_scheme"": [[3.0, 0.75], [4.0, 0.5]], ""q100_activation_gain"": 1.1, ""q100_distance_quantile"": 1.0, ""q100_reentry_rule"": ""ma20"", ""q100_trim_weight"": 0.5}",annual_net_eoy,13.657132268157664,0.3324556486841747,192.79045337867524,10.865922382497445,7.664804469273743
2.4688536130640717,0.32764005992201395,0.4064516273811225,0.9016446213389593,-0.49766302452791955,0.6583572493311344,0.6647076552139843,0.003074702970490733,24,0.658039481615431,6636,6,3,1,0,6/3/1/0,long_ma_250d,trend_gate_long_ma,start_date_cv_fast_slice,2022-01-01 00:00:00,2026-06-01 15:00:00,6636,"{""average_type"": ""sma"", ""bear_filter_buffer"": 0.01, ""bear_filter_require_20gt50"": true, ""bear_filter_slope_days"": 30, ""entry_confirm_bars"": 2, ""exit_confirm_bars"": 3, ""long_ma_days"": 250.0, ""macd_fast_days"": 12.0, ""macd_signal_days"": 9.0, ""macd_slow_days"": 24.0, ""peak_stop_drawdown"": 0.4, ""profit_lock_scheme"": [[3.0, 0.75], [4.0, 0.5]], ""q100_activation_gain"": 1.1, ""q100_distance_quantile"": 1.0, ""q100_reentry_rule"": ""ma20"", ""q100_trim_weight"": 0.5}",annual_net_eoy,2.4688536130640717,0.3439638393601477,159.57630801086722,8.419110667043075,5.468354430379747
844.8679104388754,0.3192474650459003,0.40815605306957675,0.8836549557546639,-0.5187801910299092,0.6153809851762337,0.6533003479773815,0.0031186720870118004,135,0.6873572749021314,36784,22,7,5,2,22/7/5/2,entry_confirm_1bar,entry_confirmation,start_date_cv_fast_slice,2002-01-10 15:00:00,2026-06-01 15:00:00,36784,"{""average_type"": ""sma"", ""bear_filter_buffer"": 0.01, ""bear_filter_require_20gt50"": true, ""bear_filter_slope_days"": 30, ""entry_confirm_bars"": 1, ""exit_confirm_bars"": 3, ""long_ma_days"": 200.0, ""macd_fast_days"": 12.0, ""macd_signal_days"": 9.0, ""macd_slow_days"": 24.0, ""peak_stop_drawdown"": 0.4, ""profit_lock_scheme"": [[3.0, 0.75], [4.0, 0.5]], ""q100_activation_gain"": 1.1, ""q100_distance_quantile"": 1.0, ""q100_reentry_rule"": ""ma20"", ""q100_trim_weight"": 0.5}",annual_net_eoy,844.8679104388754,0.31158327964917265,269.89596836893634,12.614332881837274,5.5491518051326665
997.4276583683317,0.3440141364581226,0.41606010639977553,0.9194226688714293,-0.518780191029909,0.6631211877523082,0.6393057364516677,0.003163181212091343,132,0.7154921003454329,35318,22,7,5,2,22/7/5/2,entry_confirm_1bar,entry_confirmation,start_date_cv_fast_slice,2003-01-01 00:00:00,2026-06-01 15:00:00,35318,"{""average_type"": ""sma"", ""bear_filter_buffer"": 0.01, ""bear_filter_require_20gt50"": true, ""bear_filter_slope_days"": 30, ""entry_confirm_bars"": 1, ""exit_confirm_bars"": 3, ""long_ma_days"": 200.0, ""macd_fast_days"": 12.0, ""macd_signal_days"": 9.0, ""macd_slow_days"": 24.0, ""peak_stop_drawdown"": 0.4, ""profit_lock_scheme"": [[3.0, 0.75], [4.0, 0.5]], ""q100_activation_gain"": 1.1, ""q100_distance_quantile"": 1.0, ""q100_reentry_rule"": ""ma20"", ""q100_trim_weight"": 0.5}",annual_net_eoy,997.4276583683317,0.2834044781305614,269.8892750281169,12.58726193361774,5.651056118693018
378.2147169935141,0.3041339625810233,0.408617946621508,0.8550434441786791,-0.5187801910299099,0.5862482181080207,0.6385602744587721,0.00327449526939081,131,0.7149458772033598,33812,21,7,5,2,21/7/5/2,entry_confirm_1bar,entry_confirmation,start_date_cv_fast_slice,2004-01-01 00:00:00,2026-06-01 15:00:00,33812,"{""average_type"": ""sma"", ""bear_filter_buffer"": 0.01, ""bear_filter_require_20gt50"": true, ""bear_filter_slope_days"": 30, ""entry_confirm_bars"": 1, ""exit_confirm_bars"": 3, ""long_ma_days"": 200.0, ""macd_fast_days"": 12.0, ""macd_signal_days"": 9.0, ""macd_slow_days"": 24.0, ""peak_stop_drawdown"": 0.4, ""profit_lock_scheme"": [[3.0, 0.75], [4.0, 0.5]], ""q100_activation_gain"": 1.1, ""q100_distance_quantile"": 1.0, ""q100_reentry_rule"": ""ma20"", ""q100_trim_weight"": 0.5}",annual_net_eoy,378.2147169935141,0.28390155443674336,269.88755280288945,12.58008599516999,5.858038566189518
413.8601906492127,0.325917906116282,0.40876741068144445,0.8954198164801014,-0.5187801910299092,0.6282389184314323,0.636560604184722,0.003179312679480069,123,0.7182663736535843,32308,23,9,5,1,23/9/5/1,entry_confirm_1bar,entry_confirmation,start_date_cv_fast_slice,2005-01-01 00:00:00,2026-06-01 15:00:00,32308,"{""average_type"": ""sma"", ""bear_filter_buffer"": 0.01, ""bear_filter_require_20gt50"": true, ""bear_filter_slope_days"": 30, ""entry_confirm_bars"": 1, ""exit_confirm_bars"": 3, ""long_ma_days"": 200.0, ""macd_fast_days"": 12.0, ""macd_signal_days"": 9.0, ""macd_slow_days"": 24.0, ""peak_stop_drawdown"": 0.4, ""profit_lock_scheme"": [[3.0, 0.75], [4.0, 0.5]], ""q100_activation_gain"": 1.1, ""q100_distance_quantile"": 1.0, ""q100_reentry_rule"": ""ma20"", ""q100_trim_weight"": 0.5}",annual_net_eoy,413.8601906492127,0.28052740369614854,269.68720025833403,12.559595759561537,5.756345177664975
527.8021552801159,0.3821407495041398,0.41670118097260866,0.9860003887315694,-0.5187801910299086,0.7366139958919686,0.6354109776078646,0.0030965740732059686,111,0.7218306253413436,29296,23,8,5,1,23/8/5/1,entry_confirm_1bar,entry_confirmation,start_date_cv_fast_slice,2007-01-01 00:00:00,2026-06-01 15:00:00,29296,"{""average_type"": ""sma"", ""bear_filter_buffer"": 0.01, ""bear_filter_require_20gt50"": true, ""bear_filter_slope_days"": 30, ""entry_confirm_bars"": 1, ""exit_confirm_bars"": 3, ""long_ma_days"": 200.0, ""macd_fast_days"": 12.0, ""macd_signal_days"": 9.0, ""macd_slow_days"": 24.0, ""peak_stop_drawdown"": 0.4, ""profit_lock_scheme"": [[3.0, 0.75], [4.0, 0.5]], ""q100_activation_gain"": 1.1, ""q100_distance_quantile"": 1.0, ""q100_reentry_rule"": ""ma20"", ""q100_trim_weight"": 0.5}",annual_net_eoy,527.8021552801159,0.27683913703629054,269.6809012013381,12.533349688745199,5.728836701256144
493.745357759099,0.4291125303161958,0.42034507552656775,1.0606554626491307,-0.5187801910299092,0.8271567375467814,0.6234774665042631,0.0032626840000244393,106,0.7440526035322778,26272,21,6,4,1,21/6/4/1,entry_confirm_1bar,entry_confirmation,start_date_cv_fast_slice,2009-01-01 00:00:00,2026-06-01 15:00:00,26272,"{""average_type"": ""sma"", ""bear_filter_buffer"": 0.01, ""bear_filter_require_20gt50"": true, ""bear_filter_slope_days"": 30, ""entry_confirm_bars"": 1, ""exit_confirm_bars"": 3, ""long_ma_days"": 200.0, ""macd_fast_days"": 12.0, ""macd_signal_days"": 9.0, ""macd_slow_days"": 24.0, ""peak_stop_drawdown"": 0.4, ""profit_lock_scheme"": [[3.0, 0.75], [4.0, 0.5]], ""q100_activation_gain"": 1.1, ""q100_distance_quantile"": 1.0, ""q100_reentry_rule"": ""ma20"", ""q100_trim_weight"": 0.5}",annual_net_eoy,493.745357759099,0.2544640437962533,269.6476091496053,12.483109684930277,6.100487210718636
277.2615511831153,0.4101767685775315,0.41896486090240725,1.0309439469257506,-0.5187801910299092,0.7906561886320821,0.6181744749596123,0.0033407606643231853,103,0.7524535541195476,24760,20,6,4,1,20/6/4/1,entry_confirm_1bar,entry_confirmation,start_date_cv_fast_slice,2010-01-01 00:00:00,2026-06-01 15:00:00,24760,"{""average_type"": ""sma"", ""bear_filter_buffer"": 0.01, ""bear_filter_require_20gt50"": true, ""bear_filter_slope_days"": 30, ""entry_confirm_bars"": 1, ""exit_confirm_bars"": 3, ""long_ma_days"": 200.0, ""macd_fast_days"": 12.0, ""macd_signal_days"": 9.0, ""macd_slow_days"": 24.0, ""peak_stop_drawdown"": 0.4, ""profit_lock_scheme"": [[3.0, 0.75], [4.0, 0.5]], ""q100_activation_gain"": 1.1, ""q100_distance_quantile"": 1.0, ""q100_reentry_rule"": ""ma20"", ""q100_trim_weight"": 0.5}",annual_net_eoy,277.2615511831153,0.24597251044487756,269.64260330856797,12.462252013941582,6.289822294022617
255.20446874245363,0.4343307431229664,0.4115076920437569,1.0833855268632486,-0.47713294082813473,0.9102929308739849,0.6187629043358569,0.0032139209415279623,95,0.7467201479697179,23248,18,5,3,0,18/5/3/0,entry_confirm_1bar,entry_confirmation,start_date_cv_fast_slice,2011-01-01 00:00:00,2026-06-01 15:00:00,23248,"{""average_type"": ""sma"", ""bear_filter_buffer"": 0.01, ""bear_filter_require_20gt50"": true, ""bear_filter_slope_days"": 30, ""entry_confirm_bars"": 1, ""exit_confirm_bars"": 3, ""long_ma_days"": 200.0, ""macd_fast_days"": 12.0, ""macd_signal_days"": 9.0, ""macd_slow_days"": 24.0, ""peak_stop_drawdown"": 0.4, ""profit_lock_scheme"": [[3.0, 0.75], [4.0, 0.5]], ""q100_activation_gain"": 1.1, ""q100_distance_quantile"": 1.0, ""q100_reentry_rule"": ""ma20"", ""q100_trim_weight"": 0.5}",annual_net_eoy,255.20446874245363,0.25160355121366,269.57808458180034,12.451871549741337,6.178596008258776
306.1952640533415,0.5340738227128308,0.4089148624847055,1.2521408553404632,-0.4771329408281352,1.1193396578024275,0.6178781439936749,0.002702702789512382,74,0.7445149972822058,20237,16,4,2,0,16/4/2/0,entry_confirm_1bar,entry_confirmation,start_date_cv_fast_slice,2013-01-01 00:00:00,2026-06-01 15:00:00,20237,"{""average_type"": ""sma"", ""bear_filter_buffer"": 0.01, ""bear_filter_require_20gt50"": true, ""bear_filter_slope_days"": 30, ""entry_confirm_bars"": 1, ""exit_confirm_bars"": 3, ""long_ma_days"": 200.0, ""macd_fast_days"": 12.0, ""macd_signal_days"": 9.0, ""macd_slow_days"": 24.0, ""peak_stop_drawdown"": 0.4, ""profit_lock_scheme"": [[3.0, 0.75], [4.0, 0.5]], ""q100_activation_gain"": 1.1, ""q100_distance_quantile"": 1.0, ""q100_reentry_rule"": ""ma20"", ""q100_trim_weight"": 0.5}",annual_net_eoy,306.1952640533415,0.25355597182609857,269.30824189788245,12.408338421100776,5.528882739536493
88.27362331779337,0.5411392953694478,0.4182601828560094,1.2445182439649336,-0.4771329408281344,1.1341478423816662,0.6379442109285441,0.002909720269416631,62,0.7002611132339829,15702,13,3,2,0,13/3/2/0,entry_confirm_1bar,entry_confirmation,start_date_cv_fast_slice,2016-01-01 00:00:00,2026-06-01 15:00:00,15702,"{""average_type"": ""sma"", ""bear_filter_buffer"": 0.01, ""bear_filter_require_20gt50"": true, ""bear_filter_slope_days"": 30, ""entry_confirm_bars"": 1, ""exit_confirm_bars"": 3, ""long_ma_days"": 200.0, ""macd_fast_days"": 12.0, ""macd_signal_days"": 9.0, ""macd_slow_days"": 24.0, ""peak_stop_drawdown"": 0.4, ""profit_lock_scheme"": [[3.0, 0.75], [4.0, 0.5]], ""q100_activation_gain"": 1.1, ""q100_distance_quantile"": 1.0, ""q100_reentry_rule"": ""ma20"", ""q100_trim_weight"": 0.5}",annual_net_eoy,88.27362331779337,0.2975985661808742,267.4497933017367,12.3183366945324,5.970194879633168
36.12390397533239,0.5385479291143105,0.4431128062972307,1.1951637607625134,-0.47713294082813573,1.1287167223868044,0.6352097130242825,0.002889577246800164,50,0.6864947965941344,12684,13,3,2,0,13/3/2/0,entry_confirm_1bar,entry_confirmation,start_date_cv_fast_slice,2018-01-01 00:00:00,2026-06-01 15:00:00,12684,"{""average_type"": ""sma"", ""bear_filter_buffer"": 0.01, ""bear_filter_require_20gt50"": true, ""bear_filter_slope_days"": 30, ""entry_confirm_bars"": 1, ""exit_confirm_bars"": 3, ""long_ma_days"": 200.0, ""macd_fast_days"": 12.0, ""macd_signal_days"": 9.0, ""macd_slow_days"": 24.0, ""peak_stop_drawdown"": 0.4, ""profit_lock_scheme"": [[3.0, 0.75], [4.0, 0.5]], ""q100_activation_gain"": 1.1, ""q100_distance_quantile"": 1.0, ""q100_reentry_rule"": ""ma20"", ""q100_trim_weight"": 0.5}",annual_net_eoy,36.12390397533239,0.31084308045197656,265.2493043213016,12.176016333996527,5.960264900662251
25.192767656071183,0.6666270633927673,0.45342808182454764,1.3545090835575457,-0.4014244754309759,1.6606537572903735,0.6413200910407615,0.0024937973657877094,34,0.6724601696668736,9666,10,2,1,0,10/2/1/0,entry_confirm_1bar,entry_confirmation,start_date_cv_fast_slice,2020-01-01 00:00:00,2026-06-01 15:00:00,9666,"{""average_type"": ""sma"", ""bear_filter_buffer"": 0.01, ""bear_filter_require_20gt50"": true, ""bear_filter_slope_days"": 30, ""entry_confirm_bars"": 1, ""exit_confirm_bars"": 3, ""long_ma_days"": 200.0, ""macd_fast_days"": 12.0, ""macd_signal_days"": 9.0, ""macd_slow_days"": 24.0, ""peak_stop_drawdown"": 0.4, ""profit_lock_scheme"": [[3.0, 0.75], [4.0, 0.5]], ""q100_activation_gain"": 1.1, ""q100_distance_quantile"": 1.0, ""q100_reentry_rule"": ""ma20"", ""q100_trim_weight"": 0.5}",annual_net_eoy,25.192767656071183,0.3257167771850352,262.31354977639006,11.723889412673488,5.318435754189943
5.069118038284724,0.5081122839716015,0.40538496071354235,1.2173786864543152,-0.33476060376598005,1.5178377570581925,0.6719409282700421,0.0021803501257295983,18,0.6448161543098252,6636,6,1,0,0,6/1/0/0,entry_confirm_1bar,entry_confirmation,start_date_cv_fast_slice,2022-01-01 00:00:00,2026-06-01 15:00:00,6636,"{""average_type"": ""sma"", ""bear_filter_buffer"": 0.01, ""bear_filter_require_20gt50"": true, ""bear_filter_slope_days"": 30, ""entry_confirm_bars"": 1, ""exit_confirm_bars"": 3, ""long_ma_days"": 200.0, ""macd_fast_days"": 12.0, ""macd_signal_days"": 9.0, ""macd_slow_days"": 24.0, ""peak_stop_drawdown"": 0.4, ""profit_lock_scheme"": [[3.0, 0.75], [4.0, 0.5]], ""q100_activation_gain"": 1.1, ""q100_distance_quantile"": 1.0, ""q100_reentry_rule"": ""ma20"", ""q100_trim_weight"": 0.5}",annual_net_eoy,5.069118038284724,0.3553458435212598,242.35529585226178,10.129204654430666,4.10126582278481
959.4879930433176,0.3261566236497664,0.4073372062163306,0.897462668870009,-0.5279067864595443,0.6178299503159752,0.6545237059591127,0.002819373625643381,124,0.6858008916920401,36784,22,7,4,2,22/7/4/2,entry_confirm_2bar,entry_confirmation,start_date_cv_fast_slice,2002-01-10 15:00:00,2026-06-01 15:00:00,36784,"{""average_type"": ""sma"", ""bear_filter_buffer"": 0.01, ""bear_filter_require_20gt50"": true, ""bear_filter_slope_days"": 30, ""entry_confirm_bars"": 2, ""exit_confirm_bars"": 3, ""long_ma_days"": 200.0, ""macd_fast_days"": 12.0, ""macd_signal_days"": 9.0, ""macd_slow_days"": 24.0, ""peak_stop_drawdown"": 0.4, ""profit_lock_scheme"": [[3.0, 0.75], [4.0, 0.5]], ""q100_activation_gain"": 1.1, ""q100_distance_quantile"": 1.0, ""q100_reentry_rule"": ""ma20"", ""q100_trim_weight"": 0.5}",annual_net_eoy,959.4879930433176,0.3134134351970943,304.79796016905505,14.014936440207977,5.096998695084819
1133.409010726081,0.3513810963541517,0.41522209069931576,0.9336324713692902,-0.5279067864595445,0.6656120083447334,0.6405798742850671,0.0028231451227608054,120,0.7138711138796081,35318,22,7,4,2,22/7/4/2,entry_confirm_2bar,entry_confirmation,start_date_cv_fast_slice,2003-01-01 00:00:00,2026-06-01 15:00:00,35318,"{""average_type"": ""sma"", ""bear_filter_buffer"": 0.01, ""bear_filter_require_20gt50"": true, ""bear_filter_slope_days"": 30, ""entry_confirm_bars"": 2, ""exit_confirm_bars"": 3, ""long_ma_days"": 200.0, ""macd_fast_days"": 12.0, ""macd_signal_days"": 9.0, ""macd_slow_days"": 24.0, ""peak_stop_drawdown"": 0.4, ""profit_lock_scheme"": [[3.0, 0.75], [4.0, 0.5]], ""q100_activation_gain"": 1.1, ""q100_distance_quantile"": 1.0, ""q100_reentry_rule"": ""ma20"", ""q100_trim_weight"": 0.5}",annual_net_eoy,1133.409010726081,0.2853106008349826,304.79130324410005,13.988037682249807,5.13732374426638
429.8620543028554,0.31160162770972555,0.407726875293079,0.8700537824939563,-0.5279067864595439,0.5902588026941478,0.6398911629007453,0.0029193138366753256,119,0.7132526913521826,33812,21,7,4,2,21/7/4/2,entry_confirm_2bar,entry_confirmation,start_date_cv_fast_slice,2004-01-01 00:00:00,2026-06-01 15:00:00,33812,"{""average_type"": ""sma"", ""bear_filter_buffer"": 0.01, ""bear_filter_require_20gt50"": true, ""bear_filter_slope_days"": 30, ""entry_confirm_bars"": 2, ""exit_confirm_bars"": 3, ""long_ma_days"": 200.0, ""macd_fast_days"": 12.0, ""macd_signal_days"": 9.0, ""macd_slow_days"": 24.0, ""peak_stop_drawdown"": 0.4, ""profit_lock_scheme"": [[3.0, 0.75], [4.0, 0.5]], ""q100_activation_gain"": 1.1, ""q100_distance_quantile"": 1.0, ""q100_reentry_rule"": ""ma20"", ""q100_trim_weight"": 0.5}",annual_net_eoy,429.8620543028554,0.285892576608598,304.7895919853302,13.980907437375606,5.321424346385898
468.2685613919287,0.3335869396857032,0.407821846676039,0.9107227936804192,-0.5279067864595444,0.6319050033869328,0.6378915438900582,0.0028695010352131393,113,0.71664912715117,32308,23,9,4,1,23/9/4/1,entry_confirm_2bar,entry_confirmation,start_date_cv_fast_slice,2005-01-01 00:00:00,2026-06-01 15:00:00,32308,"{""average_type"": ""sma"", ""bear_filter_buffer"": 0.01, ""bear_filter_require_20gt50"": true, ""bear_filter_slope_days"": 30, ""entry_confirm_bars"": 2, ""exit_confirm_bars"": 3, ""long_ma_days"": 200.0, ""macd_fast_days"": 12.0, ""macd_signal_days"": 9.0, ""macd_slow_days"": 24.0, ""peak_stop_drawdown"": 0.4, ""profit_lock_scheme"": [[3.0, 0.75], [4.0, 0.5]], ""q100_activation_gain"": 1.1, ""q100_distance_quantile"": 1.0, ""q100_reentry_rule"": ""ma20"", ""q100_trim_weight"": 0.5}",annual_net_eoy,468.2685613919287,0.2824563513770557,304.590482960438,13.960073830780019,5.2883496347653836
609.0195623501876,0.3923703639138352,0.4157497585442943,1.0050767247633299,-0.5279067864595445,0.7432569043965189,0.6368446204259968,0.002754909866386746,101,0.7202519115237576,29296,23,8,4,1,23/8/4/1,entry_confirm_2bar,entry_confirmation,start_date_cv_fast_slice,2007-01-01 00:00:00,2026-06-01 15:00:00,29296,"{""average_type"": ""sma"", ""bear_filter_buffer"": 0.01, ""bear_filter_require_20gt50"": true, ""bear_filter_slope_days"": 30, ""entry_confirm_bars"": 2, ""exit_confirm_bars"": 3, ""long_ma_days"": 200.0, ""macd_fast_days"": 12.0, ""macd_signal_days"": 9.0, ""macd_slow_days"": 24.0, ""peak_stop_drawdown"": 0.4, ""profit_lock_scheme"": [[3.0, 0.75], [4.0, 0.5]], ""q100_activation_gain"": 1.1, ""q100_distance_quantile"": 1.0, ""q100_reentry_rule"": ""ma20"", ""q100_trim_weight"": 0.5}",annual_net_eoy,609.0195623501876,0.27876159886298185,304.5841379674853,13.93363636014356,5.212725286728563
563.1993814418164,0.43995793660826576,0.4193120051207676,1.0803042919330597,-0.5279067864595446,0.8334007970590492,0.6250380633373934,0.002881693036147462,96,0.7423302375152253,26272,21,6,3,1,21/6/3/1,entry_confirm_2bar,entry_confirmation,start_date_cv_fast_slice,2009-01-01 00:00:00,2026-06-01 15:00:00,26272,"{""average_type"": ""sma"", ""bear_filter_buffer"": 0.01, ""bear_filter_require_20gt50"": true, ""bear_filter_slope_days"": 30, ""entry_confirm_bars"": 2, ""exit_confirm_bars"": 3, ""long_ma_days"": 200.0, ""macd_fast_days"": 12.0, ""macd_signal_days"": 9.0, ""macd_slow_days"": 24.0, ""peak_stop_drawdown"": 0.4, ""profit_lock_scheme"": [[3.0, 0.75], [4.0, 0.5]], ""q100_activation_gain"": 1.1, ""q100_distance_quantile"": 1.0, ""q100_reentry_rule"": ""ma20"", ""q100_trim_weight"": 0.5}",annual_net_eoy,563.1993814418164,0.25656972443247245,304.55989092530643,13.883873056519032,5.524969549330085
317.23849896414856,0.42178421327585935,0.4179756788641114,1.0520481797743837,-0.5279067864595433,0.7989747889103587,0.6196688206785137,0.00293650401638393,93,0.7509087237479806,24760,20,6,3,1,20/6/3/1,entry_confirm_2bar,entry_confirmation,start_date_cv_fast_slice,2010-01-01 00:00:00,2026-06-01 15:00:00,24760,"{""average_type"": ""sma"", ""bear_filter_buffer"": 0.01, ""bear_filter_require_20gt50"": true, ""bear_filter_slope_days"": 30, ""entry_confirm_bars"": 2, ""exit_confirm_bars"": 3, ""long_ma_days"": 200.0, ""macd_fast_days"": 12.0, ""macd_signal_days"": 9.0, ""macd_slow_days"": 24.0, ""peak_stop_drawdown"": 0.4, ""profit_lock_scheme"": [[3.0, 0.75], [4.0, 0.5]], ""q100_activation_gain"": 1.1, ""q100_distance_quantile"": 1.0, ""q100_reentry_rule"": ""ma20"", ""q100_trim_weight"": 0.5}",annual_net_eoy,317.23849896414856,0.24792406301655562,304.5548811976577,13.86299919131606,5.679159935379644
303.95663588325704,0.4506729428055545,0.4111727329356514,1.1115112899844457,-0.4574899957258237,0.985099012035326,0.6201823812801102,0.0027833723092595547,85,0.7455480041293875,23248,18,5,2,0,18/5/2/0,entry_confirm_2bar,entry_confirmation,start_date_cv_fast_slice,2011-01-01 00:00:00,2026-06-01 15:00:00,23248,"{""average_type"": ""sma"", ""bear_filter_buffer"": 0.01, ""bear_filter_require_20gt50"": true, ""bear_filter_slope_days"": 30, ""entry_confirm_bars"": 2, ""exit_confirm_bars"": 3, ""long_ma_days"": 200.0, ""macd_fast_days"": 12.0, ""macd_signal_days"": 9.0, ""macd_slow_days"": 24.0, ""peak_stop_drawdown"": 0.4, ""profit_lock_scheme"": [[3.0, 0.75], [4.0, 0.5]], ""q100_activation_gain"": 1.1, ""q100_distance_quantile"": 1.0, ""q100_reentry_rule"": ""ma20"", ""q100_trim_weight"": 0.5}",annual_net_eoy,303.95663588325704,0.25320886959264954,304.51475559049385,13.852578633300418,5.528217481073641
358.13811271167066,0.5520847127791157,0.4086026812255113,1.2813762778015387,-0.4574899957258246,1.206768930330844,0.6190640905272521,0.0024057519270833687,68,0.7437120126500963,20237,16,4,1,0,16/4/1/0,entry_confirm_2bar,entry_confirmation,start_date_cv_fast_slice,2013-01-01 00:00:00,2026-06-01 15:00:00,20237,"{""average_type"": ""sma"", ""bear_filter_buffer"": 0.01, ""bear_filter_require_20gt50"": true, ""bear_filter_slope_days"": 30, ""entry_confirm_bars"": 2, ""exit_confirm_bars"": 3, ""long_ma_days"": 200.0, ""macd_fast_days"": 12.0, ""macd_signal_days"": 9.0, ""macd_slow_days"": 24.0, ""peak_stop_drawdown"": 0.4, ""profit_lock_scheme"": [[3.0, 0.75], [4.0, 0.5]], ""q100_activation_gain"": 1.1, ""q100_distance_quantile"": 1.0, ""q100_reentry_rule"": ""ma20"", ""q100_trim_weight"": 0.5}",annual_net_eoy,358.13811271167066,0.2548565816830313,304.24171166102224,13.809996755872865,5.080594949844344
101.7776766490085,0.5621858794183769,0.41801262496681235,1.277490133170296,-0.4574899957258234,1.2288484659133365,0.6390268755572539,0.002654581586955475,58,0.6997675455356006,15702,13,3,1,0,13/3/1/0,entry_confirm_2bar,entry_confirmation,start_date_cv_fast_slice,2016-01-01 00:00:00,2026-06-01 15:00:00,15702,"{""average_type"": ""sma"", ""bear_filter_buffer"": 0.01, ""bear_filter_require_20gt50"": true, ""bear_filter_slope_days"": 30, ""entry_confirm_bars"": 2, ""exit_confirm_bars"": 3, ""long_ma_days"": 200.0, ""macd_fast_days"": 12.0, ""macd_signal_days"": 9.0, ""macd_slow_days"": 24.0, ""peak_stop_drawdown"": 0.4, ""profit_lock_scheme"": [[3.0, 0.75], [4.0, 0.5]], ""q100_activation_gain"": 1.1, ""q100_distance_quantile"": 1.0, ""q100_reentry_rule"": ""ma20"", ""q100_trim_weight"": 0.5}",annual_net_eoy,101.7776766490085,0.2985862551352034,302.4350625711199,13.7204674529469,5.585021016431028
41.63143583370339,0.564128558279289,0.44272850355362914,1.2330986189024031,-0.45748999572582316,1.2330948513623345,0.6364711447492905,0.0025735364565918936,46,0.6850165562913907,12684,13,3,1,0,13/3/1/0,entry_confirm_2bar,entry_confirmation,start_date_cv_fast_slice,2018-01-01 00:00:00,2026-06-01 15:00:00,12684,"{""average_type"": ""sma"", ""bear_filter_buffer"": 0.01, ""bear_filter_require_20gt50"": true, ""bear_filter_slope_days"": 30, ""entry_confirm_bars"": 2, ""exit_confirm_bars"": 3, ""long_ma_days"": 200.0, ""macd_fast_days"": 12.0, ""macd_signal_days"": 9.0, ""macd_slow_days"": 24.0, ""peak_stop_drawdown"": 0.4, ""profit_lock_scheme"": [[3.0, 0.75], [4.0, 0.5]], ""q100_activation_gain"": 1.1, ""q100_distance_quantile"": 1.0, ""q100_reentry_rule"": ""ma20"", ""q100_trim_weight"": 0.5}",annual_net_eoy,41.63143583370339,0.3129299914954741,300.24225703922565,13.584577206918986,5.483443708609271
27.989685397053176,0.6932879865500554,0.4529767497056562,1.3904705730746523,-0.3946167679357776,1.7568639826853112,0.6425615559693773,0.0020790796559799606,30,0.6710376577695013,9666,10,2,0,0,10/2/0/0,entry_confirm_2bar,entry_confirmation,start_date_cv_fast_slice,2020-01-01 00:00:00,2026-06-01 15:00:00,9666,"{""average_type"": ""sma"", ""bear_filter_buffer"": 0.01, ""bear_filter_require_20gt50"": true, ""bear_filter_slope_days"": 30, ""entry_confirm_bars"": 2, ""exit_confirm_bars"": 3, ""long_ma_days"": 200.0, ""macd_fast_days"": 12.0, ""macd_signal_days"": 9.0, ""macd_slow_days"": 24.0, ""peak_stop_drawdown"": 0.4, ""profit_lock_scheme"": [[3.0, 0.75], [4.0, 0.5]], ""q100_activation_gain"": 1.1, ""q100_distance_quantile"": 1.0, ""q100_reentry_rule"": ""ma20"", ""q100_trim_weight"": 0.5}",annual_net_eoy,27.989685397053176,0.3279380041326581,297.1111551527659,13.12925119534227,4.692737430167598
5.61081161684006,0.5377774727569544,0.40479019635634367,1.2667236311479384,-0.28926220617910237,1.8591349345651431,0.6735985533453888,0.0015761699610767396,14,0.6433845690174804,6636,6,0,0,0,6/0/0/0,entry_confirm_2bar,entry_confirmation,start_date_cv_fast_slice,2022-01-01 00:00:00,2026-06-01 15:00:00,6636,"{""average_type"": ""sma"", ""bear_filter_buffer"": 0.01, ""bear_filter_require_20gt50"": true, ""bear_filter_slope_days"": 30, ""entry_confirm_bars"": 2, ""exit_confirm_bars"": 3, ""long_ma_days"": 200.0, ""macd_fast_days"": 12.0, ""macd_signal_days"": 9.0, ""macd_slow_days"": 24.0, ""peak_stop_drawdown"": 0.4, ""profit_lock_scheme"": [[3.0, 0.75], [4.0, 0.5]], ""q100_activation_gain"": 1.1, ""q100_distance_quantile"": 1.0, ""q100_reentry_rule"": ""ma20"", ""q100_trim_weight"": 0.5}",annual_net_eoy,5.61081161684006,0.3575138120008946,276.1405323685362,11.466532811959418,3.1898734177215187
1016.9748351711228,0.32932910754102784,0.407144004985873,0.9035619896350171,-0.531946276536752,0.619102195216277,0.6553120922140061,0.0026565405874894475,118,0.6850193018703784,36784,21,7,4,2,21/7/4/2,entry_confirm_3bar,entry_confirmation,start_date_cv_fast_slice,2002-01-10 15:00:00,2026-06-01 15:00:00,36784,"{""average_type"": ""sma"", ""bear_filter_buffer"": 0.01, ""bear_filter_require_20gt50"": true, ""bear_filter_slope_days"": 30, ""entry_confirm_bars"": 3, ""exit_confirm_bars"": 3, ""long_ma_days"": 200.0, ""macd_fast_days"": 12.0, ""macd_signal_days"": 9.0, ""macd_slow_days"": 24.0, ""peak_stop_drawdown"": 0.4, ""profit_lock_scheme"": [[3.0, 0.75], [4.0, 0.5]], ""q100_activation_gain"": 1.1, ""q100_distance_quantile"": 1.0, ""q100_reentry_rule"": ""ma20"", ""q100_trim_weight"": 0.5}",annual_net_eoy,1016.9748351711228,0.31430999064822274,322.79852285348295,15.023348058905526,4.850369725967812
1178.2608653614407,0.35362630896584846,0.41504605163382,0.9378498923190518,-0.5319462765367519,0.6647782390134216,0.6413726711591823,0.0026535531165471386,114,0.7130853955490118,35318,21,7,4,2,21/7/4/2,entry_confirm_3bar,entry_confirmation,start_date_cv_fast_slice,2003-01-01 00:00:00,2026-06-01 15:00:00,35318,"{""average_type"": ""sma"", ""bear_filter_buffer"": 0.01, ""bear_filter_require_20gt50"": true, ""bear_filter_slope_days"": 30, ""entry_confirm_bars"": 3, ""exit_confirm_bars"": 3, ""long_ma_days"": 200.0, ""macd_fast_days"": 12.0, ""macd_signal_days"": 9.0, ""macd_slow_days"": 24.0, ""peak_stop_drawdown"": 0.4, ""profit_lock_scheme"": [[3.0, 0.75], [4.0, 0.5]], ""q100_activation_gain"": 1.1, ""q100_distance_quantile"": 1.0, ""q100_reentry_rule"": ""ma20"", ""q100_trim_weight"": 0.5}",annual_net_eoy,1178.2608653614407,0.28621605685498114,322.7917348577937,14.995903172887987,4.880457557053061
446.897322927108,0.31387789303394253,0.40753970023215985,0.8745185367319279,-0.5319462765367524,0.5900556256873368,0.6407192712646398,0.0027421681346921755,113,0.7124319768129658,33812,20,7,4,2,20/7/4/2,entry_confirm_3bar,entry_confirmation,start_date_cv_fast_slice,2004-01-01 00:00:00,2026-06-01 15:00:00,33812,"{""average_type"": ""sma"", ""bear_filter_buffer"": 0.01, ""bear_filter_require_20gt50"": true, ""bear_filter_slope_days"": 30, ""entry_confirm_bars"": 3, ""exit_confirm_bars"": 3, ""long_ma_days"": 200.0, ""macd_fast_days"": 12.0, ""macd_signal_days"": 9.0, ""macd_slow_days"": 24.0, ""peak_stop_drawdown"": 0.4, ""profit_lock_scheme"": [[3.0, 0.75], [4.0, 0.5]], ""q100_activation_gain"": 1.1, ""q100_distance_quantile"": 1.0, ""q100_reentry_rule"": ""ma20"", ""q100_trim_weight"": 0.5}",annual_net_eoy,446.897322927108,0.28683836200178114,322.78999015856164,14.98863359275444,5.053117236484088
494.8753987255237,0.3370333329212736,0.4076900805680532,0.9172158850158958,-0.5319462765367521,0.6335852844304813,0.6387272502166647,0.002684108857565056,107,0.7158830630184474,32308,22,9,4,1,22/9/4/1,entry_confirm_3bar,entry_confirmation,start_date_cv_fast_slice,2005-01-01 00:00:00,2026-06-01 15:00:00,32308,"{""average_type"": ""sma"", ""bear_filter_buffer"": 0.01, ""bear_filter_require_20gt50"": true, ""bear_filter_slope_days"": 30, ""entry_confirm_bars"": 3, ""exit_confirm_bars"": 3, ""long_ma_days"": 200.0, ""macd_fast_days"": 12.0, ""macd_signal_days"": 9.0, ""macd_slow_days"": 24.0, ""peak_stop_drawdown"": 0.4, ""profit_lock_scheme"": [[3.0, 0.75], [4.0, 0.5]], ""q100_activation_gain"": 1.1, ""q100_distance_quantile"": 1.0, ""q100_reentry_rule"": ""ma20"", ""q100_trim_weight"": 0.5}",annual_net_eoy,494.8753987255237,0.28335330865433406,322.5956730506557,14.967718225747717,5.007552309025629
623.855609644309,0.3940982440431222,0.415644663710326,1.0082086970043889,-0.5319462765367522,0.7408609880849386,0.6375273074822502,0.002618725729458351,97,0.7196801611141452,29296,22,8,4,1,22/8/4/1,entry_confirm_3bar,entry_confirmation,start_date_cv_fast_slice,2007-01-01 00:00:00,2026-06-01 15:00:00,29296,"{""average_type"": ""sma"", ""bear_filter_buffer"": 0.01, ""bear_filter_require_20gt50"": true, ""bear_filter_slope_days"": 30, ""entry_confirm_bars"": 3, ""exit_confirm_bars"": 3, ""long_ma_days"": 200.0, ""macd_fast_days"": 12.0, ""macd_signal_days"": 9.0, ""macd_slow_days"": 24.0, ""peak_stop_drawdown"": 0.4, ""profit_lock_scheme"": [[3.0, 0.75], [4.0, 0.5]], ""q100_activation_gain"": 1.1, ""q100_distance_quantile"": 1.0, ""q100_reentry_rule"": ""ma20"", ""q100_trim_weight"": 0.5}",annual_net_eoy,623.855609644309,0.2794776998909143,322.5890651303663,14.940185224541889,5.006280720917531
586.2377236916552,0.44327846873278176,0.41917007701931724,1.0860220903369737,-0.531946276536753,0.8333143557630579,0.6257993300852619,0.0027298336240184165,92,0.7417307399512789,26272,20,6,3,1,20/6/3/1,entry_confirm_3bar,entry_confirmation,start_date_cv_fast_slice,2009-01-01 00:00:00,2026-06-01 15:00:00,26272,"{""average_type"": ""sma"", ""bear_filter_buffer"": 0.01, ""bear_filter_require_20gt50"": true, ""bear_filter_slope_days"": 30, ""entry_confirm_bars"": 3, ""exit_confirm_bars"": 3, ""long_ma_days"": 200.0, ""macd_fast_days"": 12.0, ""macd_signal_days"": 9.0, ""macd_slow_days"": 24.0, ""peak_stop_drawdown"": 0.4, ""profit_lock_scheme"": [[3.0, 0.75], [4.0, 0.5]], ""q100_activation_gain"": 1.1, ""q100_distance_quantile"": 1.0, ""q100_reentry_rule"": ""ma20"", ""q100_trim_weight"": 0.5}",annual_net_eoy,586.2377236916552,0.25733018788079415,322.54690787027926,14.889463723360857,5.294762484774664
331.05045377446856,0.4254777500392064,0.4178254150674139,1.0584846067431979,-0.5319462765367524,0.7998509789546575,0.6204765751211632,0.0027753711215755994,89,0.7503130048465266,24760,19,6,3,1,19/6/3/1,entry_confirm_3bar,entry_confirmation,start_date_cv_fast_slice,2010-01-01 00:00:00,2026-06-01 15:00:00,24760,"{""average_type"": ""sma"", ""bear_filter_buffer"": 0.01, ""bear_filter_require_20gt50"": true, ""bear_filter_slope_days"": 30, ""entry_confirm_bars"": 3, ""exit_confirm_bars"": 3, ""long_ma_days"": 200.0, ""macd_fast_days"": 12.0, ""macd_signal_days"": 9.0, ""macd_slow_days"": 24.0, ""peak_stop_drawdown"": 0.4, ""profit_lock_scheme"": [[3.0, 0.75], [4.0, 0.5]], ""q100_activation_gain"": 1.1, ""q100_distance_quantile"": 1.0, ""q100_reentry_rule"": ""ma20"", ""q100_trim_weight"": 0.5}",annual_net_eoy,331.05045377446856,0.24869057738304626,322.54179868790186,14.8681754634551,5.434894991922455
320.0972616249177,0.45554709600003873,0.4110146215044348,1.1199410851613687,-0.45863124670648747,0.9932753149101886,0.6209996558843771,0.002611759676970571,81,0.7450855987611837,23248,18,5,2,0,18/5/2/0,entry_confirm_3bar,entry_confirmation,start_date_cv_fast_slice,2011-01-01 00:00:00,2026-06-01 15:00:00,23248,"{""average_type"": ""sma"", ""bear_filter_buffer"": 0.01, ""bear_filter_require_20gt50"": true, ""bear_filter_slope_days"": 30, ""entry_confirm_bars"": 3, ""exit_confirm_bars"": 3, ""long_ma_days"": 200.0, ""macd_fast_days"": 12.0, ""macd_signal_days"": 9.0, ""macd_slow_days"": 24.0, ""peak_stop_drawdown"": 0.4, ""profit_lock_scheme"": [[3.0, 0.75], [4.0, 0.5]], ""q100_activation_gain"": 1.1, ""q100_distance_quantile"": 1.0, ""q100_reentry_rule"": ""ma20"", ""q100_trim_weight"": 0.5}",annual_net_eoy,320.0972616249177,0.25385317859618994,322.5085578356855,14.857470304622412,5.268066070199588
381.34413950849824,0.5593626652114692,0.4085627155533396,1.2929152314871841,-0.44917368067696295,1.245314873232192,0.6198053071107378,0.002208605587435482,64,0.7434772940653259,20237,16,4,1,0,16/4/1/0,entry_confirm_3bar,entry_confirmation,start_date_cv_fast_slice,2013-01-01 00:00:00,2026-06-01 15:00:00,20237,"{""average_type"": ""sma"", ""bear_filter_buffer"": 0.01, ""bear_filter_require_20gt50"": true, ""bear_filter_slope_days"": 30, ""entry_confirm_bars"": 3, ""exit_confirm_bars"": 3, ""long_ma_days"": 200.0, ""macd_fast_days"": 12.0, ""macd_signal_days"": 9.0, ""macd_slow_days"": 24.0, ""peak_stop_drawdown"": 0.4, ""profit_lock_scheme"": [[3.0, 0.75], [4.0, 0.5]], ""q100_activation_gain"": 1.1, ""q100_distance_quantile"": 1.0, ""q100_reentry_rule"": ""ma20"", ""q100_trim_weight"": 0.5}",annual_net_eoy,381.34413950849824,0.25530026877668693,322.2469565150113,14.815280015130053,4.781736423382912
109.64444575295522,0.5733200119456201,0.4179133637124511,1.2946913432000497,-0.44917368067696306,1.2763882582825254,0.6398547955674436,0.002400219982251806,54,0.699847153228888,15702,13,3,1,0,13/3/1/0,entry_confirm_3bar,entry_confirmation,start_date_cv_fast_slice,2016-01-01 00:00:00,2026-06-01 15:00:00,15702,"{""average_type"": ""sma"", ""bear_filter_buffer"": 0.01, ""bear_filter_require_20gt50"": true, ""bear_filter_slope_days"": 30, ""entry_confirm_bars"": 3, ""exit_confirm_bars"": 3, ""long_ma_days"": 200.0, ""macd_fast_days"": 12.0, ""macd_signal_days"": 9.0, ""macd_slow_days"": 24.0, ""peak_stop_drawdown"": 0.4, ""profit_lock_scheme"": [[3.0, 0.75], [4.0, 0.5]], ""q100_activation_gain"": 1.1, ""q100_distance_quantile"": 1.0, ""q100_reentry_rule"": ""ma20"", ""q100_trim_weight"": 0.5}",annual_net_eoy,109.64444575295522,0.29897563424197465,320.45315525755007,14.725880323135325,5.199847153228888
45.03516460970475,0.5785164181926734,0.4426377315854824,1.2539536876616761,-0.44917368067696395,1.2879570711284172,0.6374960580258594,0.002258652672528742,42,0.6851939451277199,12684,13,3,1,0,13/3/1/0,entry_confirm_3bar,entry_confirmation,start_date_cv_fast_slice,2018-01-01 00:00:00,2026-06-01 15:00:00,12684,"{""average_type"": ""sma"", ""bear_filter_buffer"": 0.01, ""bear_filter_require_20gt50"": true, ""bear_filter_slope_days"": 30, ""entry_confirm_bars"": 3, ""exit_confirm_bars"": 3, ""long_ma_days"": 200.0, ""macd_fast_days"": 12.0, ""macd_signal_days"": 9.0, ""macd_slow_days"": 24.0, ""peak_stop_drawdown"": 0.4, ""profit_lock_scheme"": [[3.0, 0.75], [4.0, 0.5]], ""q100_activation_gain"": 1.1, ""q100_distance_quantile"": 1.0, ""q100_reentry_rule"": ""ma20"", ""q100_trim_weight"": 0.5}",annual_net_eoy,45.03516460970475,0.31333317903367364,318.32810420427484,14.592046023182387,5.006622516556291
29.831954163482553,0.7096860401382648,0.4529197473608649,1.4118670848680324,-0.3943625175020995,1.7995778215268303,0.6431822884336851,0.0018727910239649582,28,0.6722015311400786,9666,10,2,0,0,10/2/0/0,entry_confirm_3bar,entry_confirmation,start_date_cv_fast_slice,2020-01-01 00:00:00,2026-06-01 15:00:00,9666,"{""average_type"": ""sma"", ""bear_filter_buffer"": 0.01, ""bear_filter_require_20gt50"": true, ""bear_filter_slope_days"": 30, ""entry_confirm_bars"": 3, ""exit_confirm_bars"": 3, ""long_ma_days"": 200.0, ""macd_fast_days"": 12.0, ""macd_signal_days"": 9.0, ""macd_slow_days"": 24.0, ""peak_stop_drawdown"": 0.4, ""profit_lock_scheme"": [[3.0, 0.75], [4.0, 0.5]], ""q100_activation_gain"": 1.1, ""q100_distance_quantile"": 1.0, ""q100_reentry_rule"": ""ma20"", ""q100_trim_weight"": 0.5}",annual_net_eoy,29.831954163482553,0.3275359795862607,315.13819600381146,14.13584054717131,4.379888268156424
5.6049875840198995,0.5374686881035666,0.40433380602929114,1.26717753649527,-0.28794958376408575,1.8665374718648993,0.6743520192887281,0.0012737159152455089,12,0.6424427365883062,6636,6,0,0,0,6/0/0/0,entry_confirm_3bar,entry_confirmation,start_date_cv_fast_slice,2022-01-01 00:00:00,2026-06-01 15:00:00,6636,"{""average_type"": ""sma"", ""bear_filter_buffer"": 0.01, ""bear_filter_require_20gt50"": true, ""bear_filter_slope_days"": 30, ""entry_confirm_bars"": 3, ""exit_confirm_bars"": 3, ""long_ma_days"": 200.0, ""macd_fast_days"": 12.0, ""macd_signal_days"": 9.0, ""macd_slow_days"": 24.0, ""peak_stop_drawdown"": 0.4, ""profit_lock_scheme"": [[3.0, 0.75], [4.0, 0.5]], ""q100_activation_gain"": 1.1, ""q100_distance_quantile"": 1.0, ""q100_reentry_rule"": ""ma20"", ""q100_trim_weight"": 0.5}",annual_net_eoy,5.6049875840198995,0.3588518014239462,292.358395739944,12.395536051262521,2.7341772151898733
784.9440048494198,0.3152689705263563,0.40379325016620493,0.8813044892044575,-0.5325337630808217,0.5920168680056226,0.6591452805567638,0.003336598085234154,141,0.681682253153545,36784,22,7,5,1,22/7/5/1,exit_confirm_1bar,exit_confirmation,start_date_cv_fast_slice,2002-01-10 15:00:00,2026-06-01 15:00:00,36784,"{""average_type"": ""sma"", ""bear_filter_buffer"": 0.01, ""bear_filter_require_20gt50"": true, ""bear_filter_slope_days"": 30, ""entry_confirm_bars"": 2, ""exit_confirm_bars"": 1, ""long_ma_days"": 200.0, ""macd_fast_days"": 12.0, ""macd_signal_days"": 9.0, ""macd_slow_days"": 24.0, ""peak_stop_drawdown"": 0.4, ""profit_lock_scheme"": [[3.0, 0.75], [4.0, 0.5]], ""q100_activation_gain"": 1.1, ""q100_distance_quantile"": 1.0, ""q100_reentry_rule"": ""ma20"", ""q100_trim_weight"": 0.5}",annual_net_eoy,784.9440048494198,0.317826607722335,249.53555624799756,11.59447409655603,5.795780774249674
865.5337252338333,0.33588669801917415,0.4118844930922757,0.9097993208968699,-0.5325337630808288,0.6307331502813893,0.6453366555297582,0.003361838834793961,137,0.7096664590293901,35318,22,7,5,1,22/7/5/1,exit_confirm_1bar,exit_confirmation,start_date_cv_fast_slice,2003-01-01 00:00:00,2026-06-01 15:00:00,35318,"{""average_type"": ""sma"", ""bear_filter_buffer"": 0.01, ""bear_filter_require_20gt50"": true, ""bear_filter_slope_days"": 30, ""entry_confirm_bars"": 2, ""exit_confirm_bars"": 1, ""long_ma_days"": 200.0, ""macd_fast_days"": 12.0, ""macd_signal_days"": 9.0, ""macd_slow_days"": 24.0, ""peak_stop_drawdown"": 0.4, ""profit_lock_scheme"": [[3.0, 0.75], [4.0, 0.5]], ""q100_activation_gain"": 1.1, ""q100_distance_quantile"": 1.0, ""q100_reentry_rule"": ""ma20"", ""q100_trim_weight"": 0.5}",annual_net_eoy,865.5337252338333,0.28982201535926067,249.52888337986127,11.56750890867604,5.865111274704117
328.11983019069714,0.2958975385863283,0.4041745990771594,0.8442779267031102,-0.5325337630808256,0.5556408984746725,0.6448598130841121,0.0034820011820434495,136,0.7088607594936709,33812,21,7,5,1,21/7/5/1,exit_confirm_1bar,exit_confirmation,start_date_cv_fast_slice,2004-01-01 00:00:00,2026-06-01 15:00:00,33812,"{""average_type"": ""sma"", ""bear_filter_buffer"": 0.01, ""bear_filter_require_20gt50"": true, ""bear_filter_slope_days"": 30, ""entry_confirm_bars"": 2, ""exit_confirm_bars"": 1, ""long_ma_days"": 200.0, ""macd_fast_days"": 12.0, ""macd_signal_days"": 9.0, ""macd_slow_days"": 24.0, ""peak_stop_drawdown"": 0.4, ""profit_lock_scheme"": [[3.0, 0.75], [4.0, 0.5]], ""q100_activation_gain"": 1.1, ""q100_distance_quantile"": 1.0, ""q100_reentry_rule"": ""ma20"", ""q100_trim_weight"": 0.5}",annual_net_eoy,328.11983019069714,0.2906049313397128,249.52705022333348,11.5598707564768,6.081627824441027
379.5405598858161,0.3205705701389203,0.40496453348225653,0.8899991981423874,-0.4902226135111054,0.6539285649083142,0.6421629317816021,0.0033964783944302685,128,0.7139098675250712,32308,23,9,5,0,23/9/5/0,exit_confirm_1bar,exit_confirmation,start_date_cv_fast_slice,2005-01-01 00:00:00,2026-06-01 15:00:00,32308,"{""average_type"": ""sma"", ""bear_filter_buffer"": 0.01, ""bear_filter_require_20gt50"": true, ""bear_filter_slope_days"": 30, ""entry_confirm_bars"": 2, ""exit_confirm_bars"": 1, ""long_ma_days"": 200.0, ""macd_fast_days"": 12.0, ""macd_signal_days"": 9.0, ""macd_slow_days"": 24.0, ""peak_stop_drawdown"": 0.4, ""profit_lock_scheme"": [[3.0, 0.75], [4.0, 0.5]], ""q100_activation_gain"": 1.1, ""q100_distance_quantile"": 1.0, ""q100_reentry_rule"": ""ma20"", ""q100_trim_weight"": 0.5}",annual_net_eoy,379.5405598858161,0.28553095018132874,249.3226819925633,11.536672104315741,5.990342949114771
471.5191114067397,0.3741363775367825,0.41285147133550365,0.9772270324839847,-0.4902226135111035,0.763196897134384,0.6410772801747678,0.0033360671752885418,116,0.7181185144729656,29296,23,8,5,0,23/8/5/0,exit_confirm_1bar,exit_confirmation,start_date_cv_fast_slice,2007-01-01 00:00:00,2026-06-01 15:00:00,29296,"{""average_type"": ""sma"", ""bear_filter_buffer"": 0.01, ""bear_filter_require_20gt50"": true, ""bear_filter_slope_days"": 30, ""entry_confirm_bars"": 2, ""exit_confirm_bars"": 1, ""long_ma_days"": 200.0, ""macd_fast_days"": 12.0, ""macd_signal_days"": 9.0, ""macd_slow_days"": 24.0, ""peak_stop_drawdown"": 0.4, ""profit_lock_scheme"": [[3.0, 0.75], [4.0, 0.5]], ""q100_activation_gain"": 1.1, ""q100_distance_quantile"": 1.0, ""q100_reentry_rule"": ""ma20"", ""q100_trim_weight"": 0.5}",annual_net_eoy,471.5191114067397,0.28126481220843697,249.31581899490882,11.508076280755471,5.986892408519934
465.51354987257946,0.4242881201081832,0.4163713485227959,1.0586278346138112,-0.46818938236547136,0.9062318285914938,0.629681790499391,0.003529743604112862,111,0.7401796589524969,26272,21,6,4,0,21/6/4/0,exit_confirm_1bar,exit_confirmation,start_date_cv_fast_slice,2009-01-01 00:00:00,2026-06-01 15:00:00,26272,"{""average_type"": ""sma"", ""bear_filter_buffer"": 0.01, ""bear_filter_require_20gt50"": true, ""bear_filter_slope_days"": 30, ""entry_confirm_bars"": 2, ""exit_confirm_bars"": 1, ""long_ma_days"": 200.0, ""macd_fast_days"": 12.0, ""macd_signal_days"": 9.0, ""macd_slow_days"": 24.0, ""peak_stop_drawdown"": 0.4, ""profit_lock_scheme"": [[3.0, 0.75], [4.0, 0.5]], ""q100_activation_gain"": 1.1, ""q100_distance_quantile"": 1.0, ""q100_reentry_rule"": ""ma20"", ""q100_trim_weight"": 0.5}",annual_net_eoy,465.51354987257946,0.2591326864516736,249.2862008203897,11.458191364130077,6.388246041412911
251.7719473658536,0.40192767196341594,0.4152382197849484,1.022300088302928,-0.4681893823654719,0.858472419713415,0.6245153473344104,0.003624128593184698,108,0.7488691437802908,24760,20,6,4,0,20/6/4/0,exit_confirm_1bar,exit_confirmation,start_date_cv_fast_slice,2010-01-01 00:00:00,2026-06-01 15:00:00,24760,"{""average_type"": ""sma"", ""bear_filter_buffer"": 0.01, ""bear_filter_require_20gt50"": true, ""bear_filter_slope_days"": 30, ""entry_confirm_bars"": 2, ""exit_confirm_bars"": 1, ""long_ma_days"": 200.0, ""macd_fast_days"": 12.0, ""macd_signal_days"": 9.0, ""macd_slow_days"": 24.0, ""peak_stop_drawdown"": 0.4, ""profit_lock_scheme"": [[3.0, 0.75], [4.0, 0.5]], ""q100_activation_gain"": 1.1, ""q100_distance_quantile"": 1.0, ""q100_reentry_rule"": ""ma20"", ""q100_trim_weight"": 0.5}",annual_net_eoy,251.7719473658536,0.25040120914613767,249.28117117328065,11.437234501175551,6.595153473344103
226.25879852856642,0.42319053446766386,0.4093853458831503,1.06779466464049,-0.45573280993173726,0.9285935206882563,0.6246128699242945,0.003343660700587281,96,0.7450103234686855,23248,18,5,3,0,18/5/3/0,exit_confirm_1bar,exit_confirmation,start_date_cv_fast_slice,2011-01-01 00:00:00,2026-06-01 15:00:00,23248,"{""average_type"": ""sma"", ""bear_filter_buffer"": 0.01, ""bear_filter_require_20gt50"": true, ""bear_filter_slope_days"": 30, ""entry_confirm_bars"": 2, ""exit_confirm_bars"": 1, ""long_ma_days"": 200.0, ""macd_fast_days"": 12.0, ""macd_signal_days"": 9.0, ""macd_slow_days"": 24.0, ""peak_stop_drawdown"": 0.4, ""profit_lock_scheme"": [[3.0, 0.75], [4.0, 0.5]], ""q100_activation_gain"": 1.1, ""q100_distance_quantile"": 1.0, ""q100_reentry_rule"": ""ma20"", ""q100_trim_weight"": 0.5}",annual_net_eoy,226.25879852856642,0.2542125747788356,249.17493079675535,11.423296063262587,6.243633860977289
291.0010893245348,0.5282707200133847,0.40701388486938966,1.2467354596837221,-0.4248268648766843,1.2434965010198387,0.62331373227257,0.002803450312163518,75,0.7443296931363345,20237,16,4,2,0,16/4/2/0,exit_confirm_1bar,exit_confirmation,start_date_cv_fast_slice,2013-01-01 00:00:00,2026-06-01 15:00:00,20237,"{""average_type"": ""sma"", ""bear_filter_buffer"": 0.01, ""bear_filter_require_20gt50"": true, ""bear_filter_slope_days"": 30, ""entry_confirm_bars"": 2, ""exit_confirm_bars"": 1, ""long_ma_days"": 200.0, ""macd_fast_days"": 12.0, ""macd_signal_days"": 9.0, ""macd_slow_days"": 24.0, ""peak_stop_drawdown"": 0.4, ""profit_lock_scheme"": [[3.0, 0.75], [4.0, 0.5]], ""q100_activation_gain"": 1.1, ""q100_distance_quantile"": 1.0, ""q100_reentry_rule"": ""ma20"", ""q100_trim_weight"": 0.5}",annual_net_eoy,291.0010893245348,0.25477758256947025,248.97550583126548,11.378278531310814,5.60359737115185
102.90555259952667,0.5638285412431074,0.41451452219598467,1.2873059637949678,-0.4248268648766824,1.327196059992049,0.6441217679276525,0.0030383805044407962,64,0.6914087377404152,15702,13,3,2,0,13/3/2/0,exit_confirm_1bar,exit_confirmation,start_date_cv_fast_slice,2016-01-01 00:00:00,2026-06-01 15:00:00,15702,"{""average_type"": ""sma"", ""bear_filter_buffer"": 0.01, ""bear_filter_require_20gt50"": true, ""bear_filter_slope_days"": 30, ""entry_confirm_bars"": 2, ""exit_confirm_bars"": 1, ""long_ma_days"": 200.0, ""macd_fast_days"": 12.0, ""macd_signal_days"": 9.0, ""macd_slow_days"": 24.0, ""peak_stop_drawdown"": 0.4, ""profit_lock_scheme"": [[3.0, 0.75], [4.0, 0.5]], ""q100_activation_gain"": 1.1, ""q100_distance_quantile"": 1.0, ""q100_reentry_rule"": ""ma20"", ""q100_trim_weight"": 0.5}",annual_net_eoy,102.90555259952667,0.30742309315218835,247.6841371730546,11.334582162522874,6.162781811234238
43.119366852683164,0.5705382660343288,0.439098421934866,1.2489854044920163,-0.4248268648766824,1.3429900818535643,0.6422264269946389,0.0028909765860742737,50,0.6760879848628193,12684,13,3,2,0,13/3/2/0,exit_confirm_1bar,exit_confirmation,start_date_cv_fast_slice,2018-01-01 00:00:00,2026-06-01 15:00:00,12684,"{""average_type"": ""sma"", ""bear_filter_buffer"": 0.01, ""bear_filter_require_20gt50"": true, ""bear_filter_slope_days"": 30, ""entry_confirm_bars"": 2, ""exit_confirm_bars"": 1, ""long_ma_days"": 200.0, ""macd_fast_days"": 12.0, ""macd_signal_days"": 9.0, ""macd_slow_days"": 24.0, ""peak_stop_drawdown"": 0.4, ""profit_lock_scheme"": [[3.0, 0.75], [4.0, 0.5]], ""q100_activation_gain"": 1.1, ""q100_distance_quantile"": 1.0, ""q100_reentry_rule"": ""ma20"", ""q100_trim_weight"": 0.5}",annual_net_eoy,43.119366852683164,0.32245033449001037,245.99474700676518,11.22407097776252,5.960264900662251
27.303708129681855,0.6869568950881852,0.45203330898837996,1.3841682365465446,-0.40150710214213914,1.7109458124728087,0.6443202979515829,0.0022886258461062704,32,0.6709600662114629,9666,10,2,1,0,10/2/1/0,exit_confirm_1bar,exit_confirmation,start_date_cv_fast_slice,2020-01-01 00:00:00,2026-06-01 15:00:00,9666,"{""average_type"": ""sma"", ""bear_filter_buffer"": 0.01, ""bear_filter_require_20gt50"": true, ""bear_filter_slope_days"": 30, ""entry_confirm_bars"": 2, ""exit_confirm_bars"": 1, ""long_ma_days"": 200.0, ""macd_fast_days"": 12.0, ""macd_signal_days"": 9.0, ""macd_slow_days"": 24.0, ""peak_stop_drawdown"": 0.4, ""profit_lock_scheme"": [[3.0, 0.75], [4.0, 0.5]], ""q100_activation_gain"": 1.1, ""q100_distance_quantile"": 1.0, ""q100_reentry_rule"": ""ma20"", ""q100_trim_weight"": 0.5}",annual_net_eoy,27.303708129681855,0.3287260348166265,243.44506422487876,10.811886927863192,5.005586592178771
5.58272874171366,0.5362866048346153,0.40285103964640556,1.2685055386964987,-0.2879147303586852,1.862657753448417,0.6761603375527426,0.0018793425773870498,16,0.641425557564798,6636,6,0,0,0,6/0/0/0,exit_confirm_1bar,exit_confirmation,start_date_cv_fast_slice,2022-01-01 00:00:00,2026-06-01 15:00:00,6636,"{""average_type"": ""sma"", ""bear_filter_buffer"": 0.01, ""bear_filter_require_20gt50"": true, ""bear_filter_slope_days"": 30, ""entry_confirm_bars"": 2, ""exit_confirm_bars"": 1, ""long_ma_days"": 200.0, ""macd_fast_days"": 12.0, ""macd_signal_days"": 9.0, ""macd_slow_days"": 24.0, ""peak_stop_drawdown"": 0.4, ""profit_lock_scheme"": [[3.0, 0.75], [4.0, 0.5]], ""q100_activation_gain"": 1.1, ""q100_distance_quantile"": 1.0, ""q100_reentry_rule"": ""ma20"", ""q100_trim_weight"": 0.5}",annual_net_eoy,5.58272874171366,0.3599836101613187,225.98138878381744,9.45450358287317,3.6455696202531644
752.9086989805049,0.31302106330583235,0.40629480474798285,0.874162694988832,-0.5478295364050043,0.5713840574569155,0.6564538929969552,0.0029555952015644853,127,0.6864193671161375,36784,20,6,3,2,20/6/3/2,exit_confirm_2bar,exit_confirmation,start_date_cv_fast_slice,2002-01-10 15:00:00,2026-06-01 15:00:00,36784,"{""average_type"": ""sma"", ""bear_filter_buffer"": 0.01, ""bear_filter_require_20gt50"": true, ""bear_filter_slope_days"": 30, ""entry_confirm_bars"": 2, ""exit_confirm_bars"": 2, ""long_ma_days"": 200.0, ""macd_fast_days"": 12.0, ""macd_signal_days"": 9.0, ""macd_slow_days"": 24.0, ""peak_stop_drawdown"": 0.4, ""profit_lock_scheme"": [[3.0, 0.75], [4.0, 0.5]], ""q100_activation_gain"": 1.1, ""q100_distance_quantile"": 1.0, ""q100_reentry_rule"": ""ma20"", ""q100_trim_weight"": 0.5}",annual_net_eoy,752.9086989805049,0.3128330868771603,239.20757410273896,11.057255432904842,5.220313179643323
838.765484743362,0.33409335276555585,0.41443311894999857,0.9035046243261026,-0.5478295364050041,0.6098491055410428,0.6425618664703551,0.0029650210627540636,123,0.7145718896879778,35318,20,6,3,2,20/6/3/2,exit_confirm_2bar,exit_confirmation,start_date_cv_fast_slice,2003-01-01 00:00:00,2026-06-01 15:00:00,35318,"{""average_type"": ""sma"", ""bear_filter_buffer"": 0.01, ""bear_filter_require_20gt50"": true, ""bear_filter_slope_days"": 30, ""entry_confirm_bars"": 2, ""exit_confirm_bars"": 2, ""long_ma_days"": 200.0, ""macd_fast_days"": 12.0, ""macd_signal_days"": 9.0, ""macd_slow_days"": 24.0, ""peak_stop_drawdown"": 0.4, ""profit_lock_scheme"": [[3.0, 0.75], [4.0, 0.5]], ""q100_activation_gain"": 1.1, ""q100_distance_quantile"": 1.0, ""q100_reentry_rule"": ""ma20"", ""q100_trim_weight"": 0.5}",annual_net_eoy,838.765484743362,0.28464953473269905,239.20097149819796,11.03058301000497,5.265756837873039
317.9529336139393,0.294080445401248,0.4068868005864682,0.8379057344609906,-0.5478295364050036,0.5368101313614422,0.6419614338104815,0.003067508987766119,122,0.7139846799952679,33812,19,6,3,2,19/6/3/2,exit_confirm_2bar,exit_confirmation,start_date_cv_fast_slice,2004-01-01 00:00:00,2026-06-01 15:00:00,33812,"{""average_type"": ""sma"", ""bear_filter_buffer"": 0.01, ""bear_filter_require_20gt50"": true, ""bear_filter_slope_days"": 30, ""entry_confirm_bars"": 2, ""exit_confirm_bars"": 2, ""long_ma_days"": 200.0, ""macd_fast_days"": 12.0, ""macd_signal_days"": 9.0, ""macd_slow_days"": 24.0, ""peak_stop_drawdown"": 0.4, ""profit_lock_scheme"": [[3.0, 0.75], [4.0, 0.5]], ""q100_activation_gain"": 1.1, ""q100_distance_quantile"": 1.0, ""q100_reentry_rule"": ""ma20"", ""q100_trim_weight"": 0.5}",annual_net_eoy,317.9529336139393,0.28520206635778617,239.1991570099994,11.023022642511009,5.455577901336803
383.3604289670519,0.3211879915688416,0.4074887520305397,0.8881578296657777,-0.5352473906546669,0.6000739044724591,0.6396248607156122,0.002962690785389007,114,0.7184985142998638,32308,21,8,3,1,21/8/3/1,exit_confirm_2bar,exit_confirmation,start_date_cv_fast_slice,2005-01-01 00:00:00,2026-06-01 15:00:00,32308,"{""average_type"": ""sma"", ""bear_filter_buffer"": 0.01, ""bear_filter_require_20gt50"": true, ""bear_filter_slope_days"": 30, ""entry_confirm_bars"": 2, ""exit_confirm_bars"": 2, ""long_ma_days"": 200.0, ""macd_fast_days"": 12.0, ""macd_signal_days"": 9.0, ""macd_slow_days"": 24.0, ""peak_stop_drawdown"": 0.4, ""profit_lock_scheme"": [[3.0, 0.75], [4.0, 0.5]], ""q100_activation_gain"": 1.1, ""q100_distance_quantile"": 1.0, ""q100_reentry_rule"": ""ma20"", ""q100_trim_weight"": 0.5}",annual_net_eoy,383.3604289670519,0.28065037352016425,239.02097003190102,11.001739091245378,5.335149189055342
472.4109437477571,0.37427011366656826,0.4155647638997392,0.9737940060526948,-0.5352473906546675,0.6992469654243321,0.6383465319497542,0.002857680703657429,102,0.7230082605133806,29296,21,7,3,1,21/7/3/1,exit_confirm_2bar,exit_confirmation,start_date_cv_fast_slice,2007-01-01 00:00:00,2026-06-01 15:00:00,29296,"{""average_type"": ""sma"", ""bear_filter_buffer"": 0.01, ""bear_filter_require_20gt50"": true, ""bear_filter_slope_days"": 30, ""entry_confirm_bars"": 2, ""exit_confirm_bars"": 2, ""long_ma_days"": 200.0, ""macd_fast_days"": 12.0, ""macd_signal_days"": 9.0, ""macd_slow_days"": 24.0, ""peak_stop_drawdown"": 0.4, ""profit_lock_scheme"": [[3.0, 0.75], [4.0, 0.5]], ""q100_activation_gain"": 1.1, ""q100_distance_quantile"": 1.0, ""q100_reentry_rule"": ""ma20"", ""q100_trim_weight"": 0.5}",annual_net_eoy,472.4109437477571,0.27605312219038325,239.01441483415286,10.974425767294576,5.264336428181322
465.47439071845525,0.42428123924811056,0.41918676093798596,1.0543213309904849,-0.5352473906546665,0.7926824990761148,0.6266747868453106,0.0029962931598031374,97,0.7455180420219245,26272,19,5,2,1,19/5/2/1,exit_confirm_2bar,exit_confirmation,start_date_cv_fast_slice,2009-01-01 00:00:00,2026-06-01 15:00:00,26272,"{""average_type"": ""sma"", ""bear_filter_buffer"": 0.01, ""bear_filter_require_20gt50"": true, ""bear_filter_slope_days"": 30, ""entry_confirm_bars"": 2, ""exit_confirm_bars"": 2, ""long_ma_days"": 200.0, ""macd_fast_days"": 12.0, ""macd_signal_days"": 9.0, ""macd_slow_days"": 24.0, ""peak_stop_drawdown"": 0.4, ""profit_lock_scheme"": [[3.0, 0.75], [4.0, 0.5]], ""q100_activation_gain"": 1.1, ""q100_distance_quantile"": 1.0, ""q100_reentry_rule"": ""ma20"", ""q100_trim_weight"": 0.5}",annual_net_eoy,465.47439071845525,0.25343530251558566,238.96827699074174,10.926773132926682,5.58252131546894
246.68747945737104,0.400189155080529,0.41820350269155926,1.0150484140582976,-0.5352473906546666,0.7476713797540488,0.6213247172859451,0.0030581023382208416,94,0.7544931340872375,24760,18,5,2,1,18/5/2/1,exit_confirm_2bar,exit_confirmation,start_date_cv_fast_slice,2010-01-01 00:00:00,2026-06-01 15:00:00,24760,"{""average_type"": ""sma"", ""bear_filter_buffer"": 0.01, ""bear_filter_require_20gt50"": true, ""bear_filter_slope_days"": 30, ""entry_confirm_bars"": 2, ""exit_confirm_bars"": 2, ""long_ma_days"": 200.0, ""macd_fast_days"": 12.0, ""macd_signal_days"": 9.0, ""macd_slow_days"": 24.0, ""peak_stop_drawdown"": 0.4, ""profit_lock_scheme"": [[3.0, 0.75], [4.0, 0.5]], ""q100_activation_gain"": 1.1, ""q100_distance_quantile"": 1.0, ""q100_reentry_rule"": ""ma20"", ""q100_trim_weight"": 0.5}",annual_net_eoy,246.68747945737104,0.2443962951409316,238.96344692570955,10.906647861959247,5.7402261712439415
242.86467906231167,0.42973332060975644,0.4114914662321316,1.0755736612714475,-0.43938962130325465,0.9780233755525288,0.6218169304886442,0.002826850219130593,84,0.7497526668960771,23248,18,5,2,0,18/5/2/0,exit_confirm_2bar,exit_confirmation,start_date_cv_fast_slice,2011-01-01 00:00:00,2026-06-01 15:00:00,23248,"{""average_type"": ""sma"", ""bear_filter_buffer"": 0.01, ""bear_filter_require_20gt50"": true, ""bear_filter_slope_days"": 30, ""entry_confirm_bars"": 2, ""exit_confirm_bars"": 2, ""long_ma_days"": 200.0, ""macd_fast_days"": 12.0, ""macd_signal_days"": 9.0, ""macd_slow_days"": 24.0, ""peak_stop_drawdown"": 0.4, ""profit_lock_scheme"": [[3.0, 0.75], [4.0, 0.5]], ""q100_activation_gain"": 1.1, ""q100_distance_quantile"": 1.0, ""q100_reentry_rule"": ""ma20"", ""q100_trim_weight"": 0.5}",annual_net_eoy,242.86467906231167,0.24906453319380015,238.91554298824923,10.895872885232812,5.463179628355127
297.98004008699377,0.5309700496014151,0.4090019769664529,1.2469701010103287,-0.4393896213032521,1.2084264713092923,0.6207441814498197,0.0025062318473265816,69,0.7484434451746801,20237,16,4,1,0,16/4/1/0,exit_confirm_2bar,exit_confirmation,start_date_cv_fast_slice,2013-01-01 00:00:00,2026-06-01 15:00:00,20237,"{""average_type"": ""sma"", ""bear_filter_buffer"": 0.01, ""bear_filter_require_20gt50"": true, ""bear_filter_slope_days"": 30, ""entry_confirm_bars"": 2, ""exit_confirm_bars"": 2, ""long_ma_days"": 200.0, ""macd_fast_days"": 12.0, ""macd_signal_days"": 9.0, ""macd_slow_days"": 24.0, ""peak_stop_drawdown"": 0.4, ""profit_lock_scheme"": [[3.0, 0.75], [4.0, 0.5]], ""q100_activation_gain"": 1.1, ""q100_distance_quantile"": 1.0, ""q100_reentry_rule"": ""ma20"", ""q100_trim_weight"": 0.5}",annual_net_eoy,297.98004008699377,0.25019776981219877,238.7021162151133,10.856004329529851,5.1553095814597025
105.66555812743233,0.5677812996678215,0.41683733545056884,1.2885003518654539,-0.43938962130325254,1.2922046223662558,0.6409374601961534,0.002655320380067781,58,0.6965195516494714,15702,13,3,1,0,13/3/1/0,exit_confirm_2bar,exit_confirmation,start_date_cv_fast_slice,2016-01-01 00:00:00,2026-06-01 15:00:00,15702,"{""average_type"": ""sma"", ""bear_filter_buffer"": 0.01, ""bear_filter_require_20gt50"": true, ""bear_filter_slope_days"": 30, ""entry_confirm_bars"": 2, ""exit_confirm_bars"": 2, ""long_ma_days"": 200.0, ""macd_fast_days"": 12.0, ""macd_signal_days"": 9.0, ""macd_slow_days"": 24.0, ""peak_stop_drawdown"": 0.4, ""profit_lock_scheme"": [[3.0, 0.75], [4.0, 0.5]], ""q100_activation_gain"": 1.1, ""q100_distance_quantile"": 1.0, ""q100_reentry_rule"": ""ma20"", ""q100_trim_weight"": 0.5}",annual_net_eoy,105.66555812743233,0.30171161240012473,237.49779429309007,10.815355435137691,5.585021016431028
42.78714336132464,0.5691238088637149,0.44157325354416044,1.2423988575479257,-0.43938962130325465,1.2952600181489524,0.6385209713024282,0.002574451036334043,46,0.6817052980132451,12684,13,3,1,0,13/3/1/0,exit_confirm_2bar,exit_confirmation,start_date_cv_fast_slice,2018-01-01 00:00:00,2026-06-01 15:00:00,12684,"{""average_type"": ""sma"", ""bear_filter_buffer"": 0.01, ""bear_filter_require_20gt50"": true, ""bear_filter_slope_days"": 30, ""entry_confirm_bars"": 2, ""exit_confirm_bars"": 2, ""long_ma_days"": 200.0, ""macd_fast_days"": 12.0, ""macd_signal_days"": 9.0, ""macd_slow_days"": 24.0, ""peak_stop_drawdown"": 0.4, ""profit_lock_scheme"": [[3.0, 0.75], [4.0, 0.5]], ""q100_activation_gain"": 1.1, ""q100_distance_quantile"": 1.0, ""q100_reentry_rule"": ""ma20"", ""q100_trim_weight"": 0.5}",annual_net_eoy,42.78714336132464,0.31608943329410194,235.80225689507068,10.710757701134126,5.483443708609271
27.81441152369672,0.691682451678562,0.45307889403403095,1.388164649483452,-0.39461676793577727,1.752795390060899,0.6428719222015311,0.0020795222193706543,30,0.6704945168632319,9666,10,2,0,0,10/2/0/0,exit_confirm_2bar,exit_confirmation,start_date_cv_fast_slice,2020-01-01 00:00:00,2026-06-01 15:00:00,9666,"{""average_type"": ""sma"", ""bear_filter_buffer"": 0.01, ""bear_filter_require_20gt50"": true, ""bear_filter_slope_days"": 30, ""entry_confirm_bars"": 2, ""exit_confirm_bars"": 2, ""long_ma_days"": 200.0, ""macd_fast_days"": 12.0, ""macd_signal_days"": 9.0, ""macd_slow_days"": 24.0, ""peak_stop_drawdown"": 0.4, ""profit_lock_scheme"": [[3.0, 0.75], [4.0, 0.5]], ""q100_activation_gain"": 1.1, ""q100_distance_quantile"": 1.0, ""q100_reentry_rule"": ""ma20"", ""q100_trim_weight"": 0.5}",annual_net_eoy,27.81441152369672,0.3282178309399202,233.1942726994905,10.337285081693793,4.692737430167598
5.62920473363532,0.5387512810400965,0.4050139094120629,1.2678149910523915,-0.2903868906014988,1.8552878882519217,0.6740506329113924,0.001576814599071683,14,0.642744122965642,6636,6,0,0,0,6/0/0/0,exit_confirm_2bar,exit_confirmation,start_date_cv_fast_slice,2022-01-01 00:00:00,2026-06-01 15:00:00,6636,"{""average_type"": ""sma"", ""bear_filter_buffer"": 0.01, ""bear_filter_require_20gt50"": true, ""bear_filter_slope_days"": 30, ""entry_confirm_bars"": 2, ""exit_confirm_bars"": 2, ""long_ma_days"": 200.0, ""macd_fast_days"": 12.0, ""macd_signal_days"": 9.0, ""macd_slow_days"": 24.0, ""peak_stop_drawdown"": 0.4, ""profit_lock_scheme"": [[3.0, 0.75], [4.0, 0.5]], ""q100_activation_gain"": 1.1, ""q100_distance_quantile"": 1.0, ""q100_reentry_rule"": ""ma20"", ""q100_trim_weight"": 0.5}",annual_net_eoy,5.62920473363532,0.35777071464088794,216.83578734428528,9.03479608610612,3.1898734177215187
959.4879930433176,0.3261566236497664,0.4073372062163306,0.897462668870009,-0.5279067864595443,0.6178299503159752,0.6545237059591127,0.002819373625643381,124,0.6858008916920401,36784,22,7,4,2,22/7/4/2,exit_confirm_3bar,exit_confirmation,start_date_cv_fast_slice,2002-01-10 15:00:00,2026-06-01 15:00:00,36784,"{""average_type"": ""sma"", ""bear_filter_buffer"": 0.01, ""bear_filter_require_20gt50"": true, ""bear_filter_slope_days"": 30, ""entry_confirm_bars"": 2, ""exit_confirm_bars"": 3, ""long_ma_days"": 200.0, ""macd_fast_days"": 12.0, ""macd_signal_days"": 9.0, ""macd_slow_days"": 24.0, ""peak_stop_drawdown"": 0.4, ""profit_lock_scheme"": [[3.0, 0.75], [4.0, 0.5]], ""q100_activation_gain"": 1.1, ""q100_distance_quantile"": 1.0, ""q100_reentry_rule"": ""ma20"", ""q100_trim_weight"": 0.5}",annual_net_eoy,959.4879930433176,0.3134134351970943,304.79796016905505,14.014936440207977,5.096998695084819
1133.409010726081,0.3513810963541517,0.41522209069931576,0.9336324713692902,-0.5279067864595445,0.6656120083447334,0.6405798742850671,0.0028231451227608054,120,0.7138711138796081,35318,22,7,4,2,22/7/4/2,exit_confirm_3bar,exit_confirmation,start_date_cv_fast_slice,2003-01-01 00:00:00,2026-06-01 15:00:00,35318,"{""average_type"": ""sma"", ""bear_filter_buffer"": 0.01, ""bear_filter_require_20gt50"": true, ""bear_filter_slope_days"": 30, ""entry_confirm_bars"": 2, ""exit_confirm_bars"": 3, ""long_ma_days"": 200.0, ""macd_fast_days"": 12.0, ""macd_signal_days"": 9.0, ""macd_slow_days"": 24.0, ""peak_stop_drawdown"": 0.4, ""profit_lock_scheme"": [[3.0, 0.75], [4.0, 0.5]], ""q100_activation_gain"": 1.1, ""q100_distance_quantile"": 1.0, ""q100_reentry_rule"": ""ma20"", ""q100_trim_weight"": 0.5}",annual_net_eoy,1133.409010726081,0.2853106008349826,304.79130324410005,13.988037682249807,5.13732374426638
429.8620543028554,0.31160162770972555,0.407726875293079,0.8700537824939563,-0.5279067864595439,0.5902588026941478,0.6398911629007453,0.0029193138366753256,119,0.7132526913521826,33812,21,7,4,2,21/7/4/2,exit_confirm_3bar,exit_confirmation,start_date_cv_fast_slice,2004-01-01 00:00:00,2026-06-01 15:00:00,33812,"{""average_type"": ""sma"", ""bear_filter_buffer"": 0.01, ""bear_filter_require_20gt50"": true, ""bear_filter_slope_days"": 30, ""entry_confirm_bars"": 2, ""exit_confirm_bars"": 3, ""long_ma_days"": 200.0, ""macd_fast_days"": 12.0, ""macd_signal_days"": 9.0, ""macd_slow_days"": 24.0, ""peak_stop_drawdown"": 0.4, ""profit_lock_scheme"": [[3.0, 0.75], [4.0, 0.5]], ""q100_activation_gain"": 1.1, ""q100_distance_quantile"": 1.0, ""q100_reentry_rule"": ""ma20"", ""q100_trim_weight"": 0.5}",annual_net_eoy,429.8620543028554,0.285892576608598,304.7895919853302,13.980907437375606,5.321424346385898
468.2685613919287,0.3335869396857032,0.407821846676039,0.9107227936804192,-0.5279067864595444,0.6319050033869328,0.6378915438900582,0.0028695010352131393,113,0.71664912715117,32308,23,9,4,1,23/9/4/1,exit_confirm_3bar,exit_confirmation,start_date_cv_fast_slice,2005-01-01 00:00:00,2026-06-01 15:00:00,32308,"{""average_type"": ""sma"", ""bear_filter_buffer"": 0.01, ""bear_filter_require_20gt50"": true, ""bear_filter_slope_days"": 30, ""entry_confirm_bars"": 2, ""exit_confirm_bars"": 3, ""long_ma_days"": 200.0, ""macd_fast_days"": 12.0, ""macd_signal_days"": 9.0, ""macd_slow_days"": 24.0, ""peak_stop_drawdown"": 0.4, ""profit_lock_scheme"": [[3.0, 0.75], [4.0, 0.5]], ""q100_activation_gain"": 1.1, ""q100_distance_quantile"": 1.0, ""q100_reentry_rule"": ""ma20"", ""q100_trim_weight"": 0.5}",annual_net_eoy,468.2685613919287,0.2824563513770557,304.590482960438,13.960073830780019,5.2883496347653836
609.0195623501876,0.3923703639138352,0.4157497585442943,1.0050767247633299,-0.5279067864595445,0.7432569043965189,0.6368446204259968,0.002754909866386746,101,0.7202519115237576,29296,23,8,4,1,23/8/4/1,exit_confirm_3bar,exit_confirmation,start_date_cv_fast_slice,2007-01-01 00:00:00,2026-06-01 15:00:00,29296,"{""average_type"": ""sma"", ""bear_filter_buffer"": 0.01, ""bear_filter_require_20gt50"": true, ""bear_filter_slope_days"": 30, ""entry_confirm_bars"": 2, ""exit_confirm_bars"": 3, ""long_ma_days"": 200.0, ""macd_fast_days"": 12.0, ""macd_signal_days"": 9.0, ""macd_slow_days"": 24.0, ""peak_stop_drawdown"": 0.4, ""profit_lock_scheme"": [[3.0, 0.75], [4.0, 0.5]], ""q100_activation_gain"": 1.1, ""q100_distance_quantile"": 1.0, ""q100_reentry_rule"": ""ma20"", ""q100_trim_weight"": 0.5}",annual_net_eoy,609.0195623501876,0.27876159886298185,304.5841379674853,13.93363636014356,5.212725286728563
563.1993814418164,0.43995793660826576,0.4193120051207676,1.0803042919330597,-0.5279067864595446,0.8334007970590492,0.6250380633373934,0.002881693036147462,96,0.7423302375152253,26272,21,6,3,1,21/6/3/1,exit_confirm_3bar,exit_confirmation,start_date_cv_fast_slice,2009-01-01 00:00:00,2026-06-01 15:00:00,26272,"{""average_type"": ""sma"", ""bear_filter_buffer"": 0.01, ""bear_filter_require_20gt50"": true, ""bear_filter_slope_days"": 30, ""entry_confirm_bars"": 2, ""exit_confirm_bars"": 3, ""long_ma_days"": 200.0, ""macd_fast_days"": 12.0, ""macd_signal_days"": 9.0, ""macd_slow_days"": 24.0, ""peak_stop_drawdown"": 0.4, ""profit_lock_scheme"": [[3.0, 0.75], [4.0, 0.5]], ""q100_activation_gain"": 1.1, ""q100_distance_quantile"": 1.0, ""q100_reentry_rule"": ""ma20"", ""q100_trim_weight"": 0.5}",annual_net_eoy,563.1993814418164,0.25656972443247245,304.55989092530643,13.883873056519032,5.524969549330085
317.23849896414856,0.42178421327585935,0.4179756788641114,1.0520481797743837,-0.5279067864595433,0.7989747889103587,0.6196688206785137,0.00293650401638393,93,0.7509087237479806,24760,20,6,3,1,20/6/3/1,exit_confirm_3bar,exit_confirmation,start_date_cv_fast_slice,2010-01-01 00:00:00,2026-06-01 15:00:00,24760,"{""average_type"": ""sma"", ""bear_filter_buffer"": 0.01, ""bear_filter_require_20gt50"": true, ""bear_filter_slope_days"": 30, ""entry_confirm_bars"": 2, ""exit_confirm_bars"": 3, ""long_ma_days"": 200.0, ""macd_fast_days"": 12.0, ""macd_signal_days"": 9.0, ""macd_slow_days"": 24.0, ""peak_stop_drawdown"": 0.4, ""profit_lock_scheme"": [[3.0, 0.75], [4.0, 0.5]], ""q100_activation_gain"": 1.1, ""q100_distance_quantile"": 1.0, ""q100_reentry_rule"": ""ma20"", ""q100_trim_weight"": 0.5}",annual_net_eoy,317.23849896414856,0.24792406301655562,304.5548811976577,13.86299919131606,5.679159935379644
303.95663588325704,0.4506729428055545,0.4111727329356514,1.1115112899844457,-0.4574899957258237,0.985099012035326,0.6201823812801102,0.0027833723092595547,85,0.7455480041293875,23248,18,5,2,0,18/5/2/0,exit_confirm_3bar,exit_confirmation,start_date_cv_fast_slice,2011-01-01 00:00:00,2026-06-01 15:00:00,23248,"{""average_type"": ""sma"", ""bear_filter_buffer"": 0.01, ""bear_filter_require_20gt50"": true, ""bear_filter_slope_days"": 30, ""entry_confirm_bars"": 2, ""exit_confirm_bars"": 3, ""long_ma_days"": 200.0, ""macd_fast_days"": 12.0, ""macd_signal_days"": 9.0, ""macd_slow_days"": 24.0, ""peak_stop_drawdown"": 0.4, ""profit_lock_scheme"": [[3.0, 0.75], [4.0, 0.5]], ""q100_activation_gain"": 1.1, ""q100_distance_quantile"": 1.0, ""q100_reentry_rule"": ""ma20"", ""q100_trim_weight"": 0.5}",annual_net_eoy,303.95663588325704,0.25320886959264954,304.51475559049385,13.852578633300418,5.528217481073641
358.13811271167066,0.5520847127791157,0.4086026812255113,1.2813762778015387,-0.4574899957258246,1.206768930330844,0.6190640905272521,0.0024057519270833687,68,0.7437120126500963,20237,16,4,1,0,16/4/1/0,exit_confirm_3bar,exit_confirmation,start_date_cv_fast_slice,2013-01-01 00:00:00,2026-06-01 15:00:00,20237,"{""average_type"": ""sma"", ""bear_filter_buffer"": 0.01, ""bear_filter_require_20gt50"": true, ""bear_filter_slope_days"": 30, ""entry_confirm_bars"": 2, ""exit_confirm_bars"": 3, ""long_ma_days"": 200.0, ""macd_fast_days"": 12.0, ""macd_signal_days"": 9.0, ""macd_slow_days"": 24.0, ""peak_stop_drawdown"": 0.4, ""profit_lock_scheme"": [[3.0, 0.75], [4.0, 0.5]], ""q100_activation_gain"": 1.1, ""q100_distance_quantile"": 1.0, ""q100_reentry_rule"": ""ma20"", ""q100_trim_weight"": 0.5}",annual_net_eoy,358.13811271167066,0.2548565816830313,304.24171166102224,13.809996755872865,5.080594949844344
101.7776766490085,0.5621858794183769,0.41801262496681235,1.277490133170296,-0.4574899957258234,1.2288484659133365,0.6390268755572539,0.002654581586955475,58,0.6997675455356006,15702,13,3,1,0,13/3/1/0,exit_confirm_3bar,exit_confirmation,start_date_cv_fast_slice,2016-01-01 00:00:00,2026-06-01 15:00:00,15702,"{""average_type"": ""sma"", ""bear_filter_buffer"": 0.01, ""bear_filter_require_20gt50"": true, ""bear_filter_slope_days"": 30, ""entry_confirm_bars"": 2, ""exit_confirm_bars"": 3, ""long_ma_days"": 200.0, ""macd_fast_days"": 12.0, ""macd_signal_days"": 9.0, ""macd_slow_days"": 24.0, ""peak_stop_drawdown"": 0.4, ""profit_lock_scheme"": [[3.0, 0.75], [4.0, 0.5]], ""q100_activation_gain"": 1.1, ""q100_distance_quantile"": 1.0, ""q100_reentry_rule"": ""ma20"", ""q100_trim_weight"": 0.5}",annual_net_eoy,101.7776766490085,0.2985862551352034,302.4350625711199,13.7204674529469,5.585021016431028
41.63143583370339,0.564128558279289,0.44272850355362914,1.2330986189024031,-0.45748999572582316,1.2330948513623345,0.6364711447492905,0.0025735364565918936,46,0.6850165562913907,12684,13,3,1,0,13/3/1/0,exit_confirm_3bar,exit_confirmation,start_date_cv_fast_slice,2018-01-01 00:00:00,2026-06-01 15:00:00,12684,"{""average_type"": ""sma"", ""bear_filter_buffer"": 0.01, ""bear_filter_require_20gt50"": true, ""bear_filter_slope_days"": 30, ""entry_confirm_bars"": 2, ""exit_confirm_bars"": 3, ""long_ma_days"": 200.0, ""macd_fast_days"": 12.0, ""macd_signal_days"": 9.0, ""macd_slow_days"": 24.0, ""peak_stop_drawdown"": 0.4, ""profit_lock_scheme"": [[3.0, 0.75], [4.0, 0.5]], ""q100_activation_gain"": 1.1, ""q100_distance_quantile"": 1.0, ""q100_reentry_rule"": ""ma20"", ""q100_trim_weight"": 0.5}",annual_net_eoy,41.63143583370339,0.3129299914954741,300.24225703922565,13.584577206918986,5.483443708609271
27.989685397053176,0.6932879865500554,0.4529767497056562,1.3904705730746523,-0.3946167679357776,1.7568639826853112,0.6425615559693773,0.0020790796559799606,30,0.6710376577695013,9666,10,2,0,0,10/2/0/0,exit_confirm_3bar,exit_confirmation,start_date_cv_fast_slice,2020-01-01 00:00:00,2026-06-01 15:00:00,9666,"{""average_type"": ""sma"", ""bear_filter_buffer"": 0.01, ""bear_filter_require_20gt50"": true, ""bear_filter_slope_days"": 30, ""entry_confirm_bars"": 2, ""exit_confirm_bars"": 3, ""long_ma_days"": 200.0, ""macd_fast_days"": 12.0, ""macd_signal_days"": 9.0, ""macd_slow_days"": 24.0, ""peak_stop_drawdown"": 0.4, ""profit_lock_scheme"": [[3.0, 0.75], [4.0, 0.5]], ""q100_activation_gain"": 1.1, ""q100_distance_quantile"": 1.0, ""q100_reentry_rule"": ""ma20"", ""q100_trim_weight"": 0.5}",annual_net_eoy,27.989685397053176,0.3279380041326581,297.1111551527659,13.12925119534227,4.692737430167598
5.61081161684006,0.5377774727569544,0.40479019635634367,1.2667236311479384,-0.28926220617910237,1.8591349345651431,0.6735985533453888,0.0015761699610767396,14,0.6433845690174804,6636,6,0,0,0,6/0/0/0,exit_confirm_3bar,exit_confirmation,start_date_cv_fast_slice,2022-01-01 00:00:00,2026-06-01 15:00:00,6636,"{""average_type"": ""sma"", ""bear_filter_buffer"": 0.01, ""bear_filter_require_20gt50"": true, ""bear_filter_slope_days"": 30, ""entry_confirm_bars"": 2, ""exit_confirm_bars"": 3, ""long_ma_days"": 200.0, ""macd_fast_days"": 12.0, ""macd_signal_days"": 9.0, ""macd_slow_days"": 24.0, ""peak_stop_drawdown"": 0.4, ""profit_lock_scheme"": [[3.0, 0.75], [4.0, 0.5]], ""q100_activation_gain"": 1.1, ""q100_distance_quantile"": 1.0, ""q100_reentry_rule"": ""ma20"", ""q100_trim_weight"": 0.5}",annual_net_eoy,5.61081161684006,0.3575138120008946,276.1405323685362,11.466532811959418,3.1898734177215187
870.1825517329606,0.3208475112459839,0.4090653513312741,0.8855830833435238,-0.5203051710766797,0.616652551390267,0.6527566333188343,0.002764718136439813,122,0.6896612657677251,36784,23,8,6,3,23/8/6/3,exit_confirm_4bar,exit_confirmation,start_date_cv_fast_slice,2002-01-10 15:00:00,2026-06-01 15:00:00,36784,"{""average_type"": ""sma"", ""bear_filter_buffer"": 0.01, ""bear_filter_require_20gt50"": true, ""bear_filter_slope_days"": 30, ""entry_confirm_bars"": 2, ""exit_confirm_bars"": 4, ""long_ma_days"": 200.0, ""macd_fast_days"": 12.0, ""macd_signal_days"": 9.0, ""macd_slow_days"": 24.0, ""peak_stop_drawdown"": 0.4, ""profit_lock_scheme"": [[3.0, 0.75], [4.0, 0.5]], ""q100_activation_gain"": 1.1, ""q100_distance_quantile"": 1.0, ""q100_reentry_rule"": ""ma20"", ""q100_trim_weight"": 0.5}",annual_net_eoy,870.1825517329606,0.3096849259859159,276.46145225832555,12.672064103434597,5.014789038712483
1030.2561640099766,0.3458768707159352,0.4169731652558138,0.9216644614041037,-0.5203051710766791,0.6647577036380486,0.6387677671442324,0.0027662209618552038,118,0.717835098250184,35318,23,8,6,3,23/8/6/3,exit_confirm_4bar,exit_confirmation,start_date_cv_fast_slice,2003-01-01 00:00:00,2026-06-01 15:00:00,35318,"{""average_type"": ""sma"", ""bear_filter_buffer"": 0.01, ""bear_filter_require_20gt50"": true, ""bear_filter_slope_days"": 30, ""entry_confirm_bars"": 2, ""exit_confirm_bars"": 4, ""long_ma_days"": 200.0, ""macd_fast_days"": 12.0, ""macd_signal_days"": 9.0, ""macd_slow_days"": 24.0, ""peak_stop_drawdown"": 0.4, ""profit_lock_scheme"": [[3.0, 0.75], [4.0, 0.5]], ""q100_activation_gain"": 1.1, ""q100_distance_quantile"": 1.0, ""q100_reentry_rule"": ""ma20"", ""q100_trim_weight"": 0.5}",annual_net_eoy,1030.2561640099766,0.28148395485208483,276.4547402018835,12.64493563094717,5.051701681861941
390.683374458954,0.30602198832002414,0.409589054633212,0.8575409249720933,-0.5203051710766787,0.588158652520724,0.6379983437832722,0.0028598542508814057,117,0.717393233171655,33812,22,8,6,3,22/8/6/3,exit_confirm_4bar,exit_confirmation,start_date_cv_fast_slice,2004-01-01 00:00:00,2026-06-01 15:00:00,33812,"{""average_type"": ""sma"", ""bear_filter_buffer"": 0.01, ""bear_filter_require_20gt50"": true, ""bear_filter_slope_days"": 30, ""entry_confirm_bars"": 2, ""exit_confirm_bars"": 4, ""long_ma_days"": 200.0, ""macd_fast_days"": 12.0, ""macd_signal_days"": 9.0, ""macd_slow_days"": 24.0, ""peak_stop_drawdown"": 0.4, ""profit_lock_scheme"": [[3.0, 0.75], [4.0, 0.5]], ""q100_activation_gain"": 1.1, ""q100_distance_quantile"": 1.0, ""q100_reentry_rule"": ""ma20"", ""q100_trim_weight"": 0.5}",annual_net_eoy,390.683374458954,0.2818954902835068,276.4530327989416,12.637821452022525,5.231988643085295
413.45446996173973,0.32585719247932476,0.40971115315017154,0.8942084148977275,-0.5203051710766782,0.6262809031957568,0.6359106103751393,0.0028072734904915834,111,0.7208895629565433,32308,23,9,5,2,23/9/5/2,exit_confirm_4bar,exit_confirmation,start_date_cv_fast_slice,2005-01-01 00:00:00,2026-06-01 15:00:00,32308,"{""average_type"": ""sma"", ""bear_filter_buffer"": 0.01, ""bear_filter_require_20gt50"": true, ""bear_filter_slope_days"": 30, ""entry_confirm_bars"": 2, ""exit_confirm_bars"": 4, ""long_ma_days"": 200.0, ""macd_fast_days"": 12.0, ""macd_signal_days"": 9.0, ""macd_slow_days"": 24.0, ""peak_stop_drawdown"": 0.4, ""profit_lock_scheme"": [[3.0, 0.75], [4.0, 0.5]], ""q100_activation_gain"": 1.1, ""q100_distance_quantile"": 1.0, ""q100_reentry_rule"": ""ma20"", ""q100_trim_weight"": 0.5}",annual_net_eoy,413.45446996173973,0.27836604919728647,276.2400110429305,12.616640840660219,5.194750526185465
538.2413917011324,0.3835359558490772,0.417783602158477,0.9869645597175837,-0.520305171076679,0.7371365444156893,0.6347624249044238,0.0026862845416030204,99,0.72475764609503,29296,23,8,5,2,23/8/5/2,exit_confirm_4bar,exit_confirmation,start_date_cv_fast_slice,2007-01-01 00:00:00,2026-06-01 15:00:00,29296,"{""average_type"": ""sma"", ""bear_filter_buffer"": 0.01, ""bear_filter_require_20gt50"": true, ""bear_filter_slope_days"": 30, ""entry_confirm_bars"": 2, ""exit_confirm_bars"": 4, ""long_ma_days"": 200.0, ""macd_fast_days"": 12.0, ""macd_signal_days"": 9.0, ""macd_slow_days"": 24.0, ""peak_stop_drawdown"": 0.4, ""profit_lock_scheme"": [[3.0, 0.75], [4.0, 0.5]], ""q100_activation_gain"": 1.1, ""q100_distance_quantile"": 1.0, ""q100_reentry_rule"": ""ma20"", ""q100_trim_weight"": 0.5}",annual_net_eoy,538.2413917011324,0.2744214335563193,276.2335119499987,12.589561286777403,5.109503003823047
499.31078954878086,0.4300328753840723,0.42000257486836856,1.0627335312386539,-0.5203051710766783,0.8265012521290079,0.6239722898903776,0.002805168694077424,94,0.7445379110840439,26272,21,6,4,1,21/6/4/1,exit_confirm_4bar,exit_confirmation,start_date_cv_fast_slice,2009-01-01 00:00:00,2026-06-01 15:00:00,26272,"{""average_type"": ""sma"", ""bear_filter_buffer"": 0.01, ""bear_filter_require_20gt50"": true, ""bear_filter_slope_days"": 30, ""entry_confirm_bars"": 2, ""exit_confirm_bars"": 4, ""long_ma_days"": 200.0, ""macd_fast_days"": 12.0, ""macd_signal_days"": 9.0, ""macd_slow_days"": 24.0, ""peak_stop_drawdown"": 0.4, ""profit_lock_scheme"": [[3.0, 0.75], [4.0, 0.5]], ""q100_activation_gain"": 1.1, ""q100_distance_quantile"": 1.0, ""q100_reentry_rule"": ""ma20"", ""q100_trim_weight"": 0.5}",annual_net_eoy,499.31078954878086,0.2545466777354572,276.1922407076866,12.540461575409678,5.409866017052375
282.81268310433893,0.41187880422412415,0.41870799251538704,1.0342250490014935,-0.520305171076679,0.7916100533304604,0.618578352180937,0.0028553066207916834,91,0.7532108239095315,24760,20,6,4,1,20/6/4/1,exit_confirm_4bar,exit_confirmation,start_date_cv_fast_slice,2010-01-01 00:00:00,2026-06-01 15:00:00,24760,"{""average_type"": ""sma"", ""bear_filter_buffer"": 0.01, ""bear_filter_require_20gt50"": true, ""bear_filter_slope_days"": 30, ""entry_confirm_bars"": 2, ""exit_confirm_bars"": 4, ""long_ma_days"": 200.0, ""macd_fast_days"": 12.0, ""macd_signal_days"": 9.0, ""macd_slow_days"": 24.0, ""peak_stop_drawdown"": 0.4, ""profit_lock_scheme"": [[3.0, 0.75], [4.0, 0.5]], ""q100_activation_gain"": 1.1, ""q100_distance_quantile"": 1.0, ""q100_reentry_rule"": ""ma20"", ""q100_trim_weight"": 0.5}",annual_net_eoy,282.81268310433893,0.24581786419490834,276.1871278518515,12.519158009430118,5.55702746365105
265.62078546665043,0.438053147279978,0.4118876453795084,1.0890647539599358,-0.4813488242124335,0.9100534274633486,0.6191070199587061,0.002696894009411652,83,0.747827770130764,23248,18,5,3,0,18/5/3/0,exit_confirm_4bar,exit_confirmation,start_date_cv_fast_slice,2011-01-01 00:00:00,2026-06-01 15:00:00,23248,"{""average_type"": ""sma"", ""bear_filter_buffer"": 0.01, ""bear_filter_require_20gt50"": true, ""bear_filter_slope_days"": 30, ""entry_confirm_bars"": 2, ""exit_confirm_bars"": 4, ""long_ma_days"": 200.0, ""macd_fast_days"": 12.0, ""macd_signal_days"": 9.0, ""macd_slow_days"": 24.0, ""peak_stop_drawdown"": 0.4, ""profit_lock_scheme"": [[3.0, 0.75], [4.0, 0.5]], ""q100_activation_gain"": 1.1, ""q100_distance_quantile"": 1.0, ""q100_reentry_rule"": ""ma20"", ""q100_trim_weight"": 0.5}",annual_net_eoy,265.62078546665043,0.2511377459336688,276.155334308384,12.50853607185595,5.398141775636614
330.36990849096725,0.5427809314833281,0.40920774266083476,1.2653707613246994,-0.48134882421243497,1.1276249243392378,0.6180263873103721,0.00230640679120038,66,0.7459356624005534,20237,16,4,2,0,16/4/2/0,exit_confirm_4bar,exit_confirmation,start_date_cv_fast_slice,2013-01-01 00:00:00,2026-06-01 15:00:00,20237,"{""average_type"": ""sma"", ""bear_filter_buffer"": 0.01, ""bear_filter_require_20gt50"": true, ""bear_filter_slope_days"": 30, ""entry_confirm_bars"": 2, ""exit_confirm_bars"": 4, ""long_ma_days"": 200.0, ""macd_fast_days"": 12.0, ""macd_signal_days"": 9.0, ""macd_slow_days"": 24.0, ""peak_stop_drawdown"": 0.4, ""profit_lock_scheme"": [[3.0, 0.75], [4.0, 0.5]], ""q100_activation_gain"": 1.1, ""q100_distance_quantile"": 1.0, ""q100_reentry_rule"": ""ma20"", ""q100_trim_weight"": 0.5}",annual_net_eoy,330.36990849096725,0.25287261751719725,275.920442638262,12.466403488086168,4.931165686613628
94.6891216068563,0.5514726424081746,0.418737331323749,1.2595447802552604,-0.48134882421243397,1.1456819143798154,0.6377531524646541,0.0025269193614268362,56,0.7025219717233473,15702,14,3,1,0,14/3/1/0,exit_confirm_4bar,exit_confirmation,start_date_cv_fast_slice,2016-01-01 00:00:00,2026-06-01 15:00:00,15702,"{""average_type"": ""sma"", ""bear_filter_buffer"": 0.01, ""bear_filter_require_20gt50"": true, ""bear_filter_slope_days"": 30, ""entry_confirm_bars"": 2, ""exit_confirm_bars"": 4, ""long_ma_days"": 200.0, ""macd_fast_days"": 12.0, ""macd_signal_days"": 9.0, ""macd_slow_days"": 24.0, ""peak_stop_drawdown"": 0.4, ""profit_lock_scheme"": [[3.0, 0.75], [4.0, 0.5]], ""q100_activation_gain"": 1.1, ""q100_distance_quantile"": 1.0, ""q100_reentry_rule"": ""ma20"", ""q100_trim_weight"": 0.5}",annual_net_eoy,94.6891216068563,0.2961393506363818,274.1680485947916,12.379357253139563,5.392434084829958
41.49612922676347,0.5635359538775895,0.44344447209643556,1.2309586819534784,-0.4813488242124324,1.1707433892658385,0.6356039104383475,0.002415498592727916,44,0.6875591296121097,12684,13,3,1,0,13/3/1/0,exit_confirm_4bar,exit_confirmation,start_date_cv_fast_slice,2018-01-01 00:00:00,2026-06-01 15:00:00,12684,"{""average_type"": ""sma"", ""bear_filter_buffer"": 0.01, ""bear_filter_require_20gt50"": true, ""bear_filter_slope_days"": 30, ""entry_confirm_bars"": 2, ""exit_confirm_bars"": 4, ""long_ma_days"": 200.0, ""macd_fast_days"": 12.0, ""macd_signal_days"": 9.0, ""macd_slow_days"": 24.0, ""peak_stop_drawdown"": 0.4, ""profit_lock_scheme"": [[3.0, 0.75], [4.0, 0.5]], ""q100_activation_gain"": 1.1, ""q100_distance_quantile"": 1.0, ""q100_reentry_rule"": ""ma20"", ""q100_trim_weight"": 0.5}",annual_net_eoy,41.49612922676347,0.3107681108237226,272.33406439088066,12.254356247446353,5.245033112582782
29.227319564911546,0.70439751764827,0.4535955352249834,1.4036177063039694,-0.3946167679357778,1.785016691847488,0.6422511897372233,0.0018727320613683809,28,0.6735205876267328,9666,10,2,0,0,10/2/0/0,exit_confirm_4bar,exit_confirmation,start_date_cv_fast_slice,2020-01-01 00:00:00,2026-06-01 15:00:00,9666,"{""average_type"": ""sma"", ""bear_filter_buffer"": 0.01, ""bear_filter_require_20gt50"": true, ""bear_filter_slope_days"": 30, ""entry_confirm_bars"": 2, ""exit_confirm_bars"": 4, ""long_ma_days"": 200.0, ""macd_fast_days"": 12.0, ""macd_signal_days"": 9.0, ""macd_slow_days"": 24.0, ""peak_stop_drawdown"": 0.4, ""profit_lock_scheme"": [[3.0, 0.75], [4.0, 0.5]], ""q100_activation_gain"": 1.1, ""q100_distance_quantile"": 1.0, ""q100_reentry_rule"": ""ma20"", ""q100_trim_weight"": 0.5}",annual_net_eoy,29.227319564911546,0.3259584207201957,269.65840069463695,11.85134046682273,4.379888268156424
5.542527126995181,0.534143804632282,0.40479409286135215,1.2608733529280232,-0.2915235385733336,1.8322493176581574,0.6731464737793852,0.0015753228972196975,14,0.643836648583484,6636,6,0,0,0,6/0/0/0,exit_confirm_4bar,exit_confirmation,start_date_cv_fast_slice,2022-01-01 00:00:00,2026-06-01 15:00:00,6636,"{""average_type"": ""sma"", ""bear_filter_buffer"": 0.01, ""bear_filter_require_20gt50"": true, ""bear_filter_slope_days"": 30, ""entry_confirm_bars"": 2, ""exit_confirm_bars"": 4, ""long_ma_days"": 200.0, ""macd_fast_days"": 12.0, ""macd_signal_days"": 9.0, ""macd_slow_days"": 24.0, ""peak_stop_drawdown"": 0.4, ""profit_lock_scheme"": [[3.0, 0.75], [4.0, 0.5]], ""q100_activation_gain"": 1.1, ""q100_distance_quantile"": 1.0, ""q100_reentry_rule"": ""ma20"", ""q100_trim_weight"": 0.5}",annual_net_eoy,5.542527126995181,0.3570920830548336,250.19860731275793,10.348583870196878,3.1898734177215187
767.504360893578,0.31405637302186484,0.4066601280813701,0.8756849315095251,-0.5641952573364843,0.5566448298493274,0.6526750761200522,0.003227105339205121,139,0.6859436167899087,36784,22,8,5,3,22/8/5/3,macd_fast_10d,macd_entry,start_date_cv_fast_slice,2002-01-10 15:00:00,2026-06-01 15:00:00,36784,"{""average_type"": ""sma"", ""bear_filter_buffer"": 0.01, ""bear_filter_require_20gt50"": true, ""bear_filter_slope_days"": 30, ""entry_confirm_bars"": 2, ""exit_confirm_bars"": 3, ""long_ma_days"": 200.0, ""macd_fast_days"": 10.0, ""macd_signal_days"": 9.0, ""macd_slow_days"": 24.0, ""peak_stop_drawdown"": 0.4, ""profit_lock_scheme"": [[3.0, 0.75], [4.0, 0.5]], ""q100_activation_gain"": 1.1, ""q100_distance_quantile"": 1.0, ""q100_reentry_rule"": ""ma20"", ""q100_trim_weight"": 0.5}",annual_net_eoy,767.504360893578,0.31329316578271216,200.10357347720185,9.140725130336353,5.713571117877338
906.0811543323052,0.3385046410088697,0.4145318703172288,0.9113444621964214,-0.5641952573364841,0.599977820811398,0.6386545104479302,0.0032761153745206745,136,0.7140197632935047,35318,22,8,5,3,22/8/5/3,macd_fast_10d,macd_entry,start_date_cv_fast_slice,2003-01-01 00:00:00,2026-06-01 15:00:00,35318,"{""average_type"": ""sma"", ""bear_filter_buffer"": 0.01, ""bear_filter_require_20gt50"": true, ""bear_filter_slope_days"": 30, ""entry_confirm_bars"": 2, ""exit_confirm_bars"": 3, ""long_ma_days"": 200.0, ""macd_fast_days"": 10.0, ""macd_signal_days"": 9.0, ""macd_slow_days"": 24.0, ""peak_stop_drawdown"": 0.4, ""profit_lock_scheme"": [[3.0, 0.75], [4.0, 0.5]], ""q100_activation_gain"": 1.1, ""q100_distance_quantile"": 1.0, ""q100_reentry_rule"": ""ma20"", ""q100_trim_weight"": 0.5}",annual_net_eoy,906.0811543323052,0.28518533920808886,200.09813583911654,9.118636291193388,5.822300243501897
343.5202267257037,0.2985503440781707,0.4069920519017095,0.8462587685206481,-0.5641952573364855,0.5291613855238695,0.6378800425884301,0.003392459564572376,135,0.7134079616704129,33812,21,8,5,3,21/8/5/3,macd_fast_10d,macd_entry,start_date_cv_fast_slice,2004-01-01 00:00:00,2026-06-01 15:00:00,33812,"{""average_type"": ""sma"", ""bear_filter_buffer"": 0.01, ""bear_filter_require_20gt50"": true, ""bear_filter_slope_days"": 30, ""entry_confirm_bars"": 2, ""exit_confirm_bars"": 3, ""long_ma_days"": 200.0, ""macd_fast_days"": 10.0, ""macd_signal_days"": 9.0, ""macd_slow_days"": 24.0, ""peak_stop_drawdown"": 0.4, ""profit_lock_scheme"": [[3.0, 0.75], [4.0, 0.5]], ""q100_activation_gain"": 1.1, ""q100_distance_quantile"": 1.0, ""q100_reentry_rule"": ""ma20"", ""q100_trim_weight"": 0.5}",annual_net_eoy,343.5202267257037,0.2857617357787555,200.09673052432657,9.112780812901715,6.036909972790725
356.51070266923114,0.3167180510542791,0.4071233237108377,0.8802783657333371,-0.5641952573364836,0.5613624838845284,0.6362201312368454,0.003178960096487594,123,0.7159449671907887,32308,22,9,4,3,22/9/4/3,macd_fast_10d,macd_entry,start_date_cv_fast_slice,2005-01-01 00:00:00,2026-06-01 15:00:00,32308,"{""average_type"": ""sma"", ""bear_filter_buffer"": 0.01, ""bear_filter_require_20gt50"": true, ""bear_filter_slope_days"": 30, ""entry_confirm_bars"": 2, ""exit_confirm_bars"": 3, ""long_ma_days"": 200.0, ""macd_fast_days"": 10.0, ""macd_signal_days"": 9.0, ""macd_slow_days"": 24.0, ""peak_stop_drawdown"": 0.4, ""profit_lock_scheme"": [[3.0, 0.75], [4.0, 0.5]], ""q100_activation_gain"": 1.1, ""q100_distance_quantile"": 1.0, ""q100_reentry_rule"": ""ma20"", ""q100_trim_weight"": 0.5}",annual_net_eoy,356.51070266923114,0.28318607806584384,199.9929218214642,9.096951183239192,5.756345177664975
452.23455501193547,0.3711843973604052,0.4149412400514169,0.9692297346458317,-0.5641952573364842,0.657900598301258,0.6352061714909886,0.003096185240214404,111,0.7191340114691426,29296,22,8,4,3,22/8/4/3,macd_fast_10d,macd_entry,start_date_cv_fast_slice,2007-01-01 00:00:00,2026-06-01 15:00:00,29296,"{""average_type"": ""sma"", ""bear_filter_buffer"": 0.01, ""bear_filter_require_20gt50"": true, ""bear_filter_slope_days"": 30, ""entry_confirm_bars"": 2, ""exit_confirm_bars"": 3, ""long_ma_days"": 200.0, ""macd_fast_days"": 10.0, ""macd_signal_days"": 9.0, ""macd_slow_days"": 24.0, ""peak_stop_drawdown"": 0.4, ""profit_lock_scheme"": [[3.0, 0.75], [4.0, 0.5]], ""q100_activation_gain"": 1.1, ""q100_distance_quantile"": 1.0, ""q100_reentry_rule"": ""ma20"", ""q100_trim_weight"": 0.5}",annual_net_eoy,452.23455501193547,0.2799076942296314,199.98741012505963,9.0739857815534,5.728836701256144
469.28869317368657,0.4249489278180112,0.4182974661854966,1.0568104134814986,-0.5352882369473577,0.793869355772528,0.6232871498172959,0.0031861237361952336,104,0.7412739799025578,26272,20,6,3,2,20/6/3/2,macd_fast_10d,macd_entry,start_date_cv_fast_slice,2009-01-01 00:00:00,2026-06-01 15:00:00,26272,"{""average_type"": ""sma"", ""bear_filter_buffer"": 0.01, ""bear_filter_require_20gt50"": true, ""bear_filter_slope_days"": 30, ""entry_confirm_bars"": 2, ""exit_confirm_bars"": 3, ""long_ma_days"": 200.0, ""macd_fast_days"": 10.0, ""macd_signal_days"": 9.0, ""macd_slow_days"": 24.0, ""peak_stop_drawdown"": 0.4, ""profit_lock_scheme"": [[3.0, 0.75], [4.0, 0.5]], ""q100_activation_gain"": 1.1, ""q100_distance_quantile"": 1.0, ""q100_reentry_rule"": ""ma20"", ""q100_trim_weight"": 0.5}",annual_net_eoy,469.28869317368657,0.2576574227371834,199.93692226750179,9.033313299369063,5.985383678440925
279.47435076907306,0.41085902481180336,0.41633025567398513,1.0359684972889855,-0.535288236947359,0.7675472697753449,0.6182956381260097,0.0032595251533651523,101,0.7487378836833603,24760,19,6,3,2,19/6/3/2,macd_fast_10d,macd_entry,start_date_cv_fast_slice,2010-01-01 00:00:00,2026-06-01 15:00:00,24760,"{""average_type"": ""sma"", ""bear_filter_buffer"": 0.01, ""bear_filter_require_20gt50"": true, ""bear_filter_slope_days"": 30, ""entry_confirm_bars"": 2, ""exit_confirm_bars"": 3, ""long_ma_days"": 200.0, ""macd_fast_days"": 10.0, ""macd_signal_days"": 9.0, ""macd_slow_days"": 24.0, ""peak_stop_drawdown"": 0.4, ""profit_lock_scheme"": [[3.0, 0.75], [4.0, 0.5]], ""q100_activation_gain"": 1.1, ""q100_distance_quantile"": 1.0, ""q100_reentry_rule"": ""ma20"", ""q100_trim_weight"": 0.5}",annual_net_eoy,279.47435076907306,0.25012826373793545,199.93317023041254,9.017679811497139,6.167689822294022
269.66810069249783,0.43946292715331303,0.40937750942477863,1.0955710629494313,-0.5035889191585061,0.8726620273687768,0.6187629043358569,0.003127402047372728,93,0.7431499483826566,23248,18,5,2,1,18/5/2/1,macd_fast_10d,macd_entry,start_date_cv_fast_slice,2011-01-01 00:00:00,2026-06-01 15:00:00,23248,"{""average_type"": ""sma"", ""bear_filter_buffer"": 0.01, ""bear_filter_require_20gt50"": true, ""bear_filter_slope_days"": 30, ""entry_confirm_bars"": 2, ""exit_confirm_bars"": 3, ""long_ma_days"": 200.0, ""macd_fast_days"": 10.0, ""macd_signal_days"": 9.0, ""macd_slow_days"": 24.0, ""peak_stop_drawdown"": 0.4, ""profit_lock_scheme"": [[3.0, 0.75], [4.0, 0.5]], ""q100_activation_gain"": 1.1, ""q100_distance_quantile"": 1.0, ""q100_reentry_rule"": ""ma20"", ""q100_trim_weight"": 0.5}",annual_net_eoy,269.66810069249783,0.25564245570162086,199.93132139380464,9.009976325630953,6.048520302821748
355.90401092335475,0.5513612509315446,0.4059476835463911,1.2858786463195775,-0.4579354544771318,1.2040152068179257,0.6188664327716559,0.0026033110194219095,72,0.7386840934921184,20237,16,4,1,0,16/4/1/0,macd_fast_10d,macd_entry,start_date_cv_fast_slice,2013-01-01 00:00:00,2026-06-01 15:00:00,20237,"{""average_type"": ""sma"", ""bear_filter_buffer"": 0.01, ""bear_filter_require_20gt50"": true, ""bear_filter_slope_days"": 30, ""entry_confirm_bars"": 2, ""exit_confirm_bars"": 3, ""long_ma_days"": 200.0, ""macd_fast_days"": 10.0, ""macd_signal_days"": 9.0, ""macd_slow_days"": 24.0, ""peak_stop_drawdown"": 0.4, ""profit_lock_scheme"": [[3.0, 0.75], [4.0, 0.5]], ""q100_activation_gain"": 1.1, ""q100_distance_quantile"": 1.0, ""q100_reentry_rule"": ""ma20"", ""q100_trim_weight"": 0.5}",annual_net_eoy,355.90401092335475,0.2599253176548338,199.8397758033019,8.98189723946439,5.379453476305777
102.27584914140475,0.5629134266159057,0.41804452292129063,1.2785438800013533,-0.45793545447713246,1.2292418530000835,0.638772130938734,0.002781796349979509,60,0.6995128009170807,15702,13,3,1,0,13/3/1/0,macd_fast_10d,macd_entry,start_date_cv_fast_slice,2016-01-01 00:00:00,2026-06-01 15:00:00,15702,"{""average_type"": ""sma"", ""bear_filter_buffer"": 0.01, ""bear_filter_require_20gt50"": true, ""bear_filter_slope_days"": 30, ""entry_confirm_bars"": 2, ""exit_confirm_bars"": 3, ""long_ma_days"": 200.0, ""macd_fast_days"": 10.0, ""macd_signal_days"": 9.0, ""macd_slow_days"": 24.0, ""peak_stop_drawdown"": 0.4, ""profit_lock_scheme"": [[3.0, 0.75], [4.0, 0.5]], ""q100_activation_gain"": 1.1, ""q100_distance_quantile"": 1.0, ""q100_reentry_rule"": ""ma20"", ""q100_trim_weight"": 0.5}",annual_net_eoy,102.27584914140475,0.29883855979160673,198.6811162995354,8.91402895900056,5.777607948032098
41.9789269305856,0.5656429139258992,0.44284365681482785,1.2350864559925692,-0.45793545447713035,1.235202272276011,0.6362346263008515,0.002731215422217879,48,0.6855684326710817,12684,13,3,1,0,13/3/1/0,macd_fast_10d,macd_entry,start_date_cv_fast_slice,2018-01-01 00:00:00,2026-06-01 15:00:00,12684,"{""average_type"": ""sma"", ""bear_filter_buffer"": 0.01, ""bear_filter_require_20gt50"": true, ""bear_filter_slope_days"": 30, ""entry_confirm_bars"": 2, ""exit_confirm_bars"": 3, ""long_ma_days"": 200.0, ""macd_fast_days"": 10.0, ""macd_signal_days"": 9.0, ""macd_slow_days"": 24.0, ""peak_stop_drawdown"": 0.4, ""profit_lock_scheme"": [[3.0, 0.75], [4.0, 0.5]], ""q100_activation_gain"": 1.1, ""q100_distance_quantile"": 1.0, ""q100_reentry_rule"": ""ma20"", ""q100_trim_weight"": 0.5}",annual_net_eoy,41.9789269305856,0.3123781151157832,197.2594512360935,8.822826902004303,5.7218543046357615
28.24947677770969,0.6956527156716141,0.4530661142026336,1.3933757206536772,-0.3946167679357776,1.7628564526300843,0.6424581005586593,0.0020790796559799606,30,0.6712445685909373,9666,10,2,0,0,10/2/0/0,macd_fast_10d,macd_entry,start_date_cv_fast_slice,2020-01-01 00:00:00,2026-06-01 15:00:00,9666,"{""average_type"": ""sma"", ""bear_filter_buffer"": 0.01, ""bear_filter_require_20gt50"": true, ""bear_filter_slope_days"": 30, ""entry_confirm_bars"": 2, ""exit_confirm_bars"": 3, ""long_ma_days"": 200.0, ""macd_fast_days"": 10.0, ""macd_signal_days"": 9.0, ""macd_slow_days"": 24.0, ""peak_stop_drawdown"": 0.4, ""profit_lock_scheme"": [[3.0, 0.75], [4.0, 0.5]], ""q100_activation_gain"": 1.1, ""q100_distance_quantile"": 1.0, ""q100_reentry_rule"": ""ma20"", ""q100_trim_weight"": 0.5}",annual_net_eoy,28.24947677770969,0.3277310933112221,195.21951421860695,8.52800194733388,4.692737430167598
5.670279333049228,0.5409184332159371,0.40493445734808037,1.2714709222549392,-0.2892622061791019,1.869993458049676,0.6734478601567209,0.0015761699610767393,14,0.6436859553948161,6636,6,0,0,0,6/0/0/0,macd_fast_10d,macd_entry,start_date_cv_fast_slice,2022-01-01 00:00:00,2026-06-01 15:00:00,6636,"{""average_type"": ""sma"", ""bear_filter_buffer"": 0.01, ""bear_filter_require_20gt50"": true, ""bear_filter_slope_days"": 30, ""entry_confirm_bars"": 2, ""exit_confirm_bars"": 3, ""long_ma_days"": 200.0, ""macd_fast_days"": 10.0, ""macd_signal_days"": 9.0, ""macd_slow_days"": 24.0, ""peak_stop_drawdown"": 0.4, ""profit_lock_scheme"": [[3.0, 0.75], [4.0, 0.5]], ""q100_activation_gain"": 1.1, ""q100_distance_quantile"": 1.0, ""q100_reentry_rule"": ""ma20"", ""q100_trim_weight"": 0.5}",annual_net_eoy,5.670279333049228,0.35721242562355887,181.56943050123377,7.44590445313222,3.1898734177215187
959.4879930433176,0.3261566236497664,0.4073372062163306,0.897462668870009,-0.5279067864595443,0.6178299503159752,0.6545237059591127,0.002819373625643381,124,0.6858008916920401,36784,22,7,4,2,22/7/4/2,macd_fast_12d,macd_entry,start_date_cv_fast_slice,2002-01-10 15:00:00,2026-06-01 15:00:00,36784,"{""average_type"": ""sma"", ""bear_filter_buffer"": 0.01, ""bear_filter_require_20gt50"": true, ""bear_filter_slope_days"": 30, ""entry_confirm_bars"": 2, ""exit_confirm_bars"": 3, ""long_ma_days"": 200.0, ""macd_fast_days"": 12.0, ""macd_signal_days"": 9.0, ""macd_slow_days"": 24.0, ""peak_stop_drawdown"": 0.4, ""profit_lock_scheme"": [[3.0, 0.75], [4.0, 0.5]], ""q100_activation_gain"": 1.1, ""q100_distance_quantile"": 1.0, ""q100_reentry_rule"": ""ma20"", ""q100_trim_weight"": 0.5}",annual_net_eoy,959.4879930433176,0.3134134351970943,304.79796016905505,14.014936440207977,5.096998695084819
1133.409010726081,0.3513810963541517,0.41522209069931576,0.9336324713692902,-0.5279067864595445,0.6656120083447334,0.6405798742850671,0.0028231451227608054,120,0.7138711138796081,35318,22,7,4,2,22/7/4/2,macd_fast_12d,macd_entry,start_date_cv_fast_slice,2003-01-01 00:00:00,2026-06-01 15:00:00,35318,"{""average_type"": ""sma"", ""bear_filter_buffer"": 0.01, ""bear_filter_require_20gt50"": true, ""bear_filter_slope_days"": 30, ""entry_confirm_bars"": 2, ""exit_confirm_bars"": 3, ""long_ma_days"": 200.0, ""macd_fast_days"": 12.0, ""macd_signal_days"": 9.0, ""macd_slow_days"": 24.0, ""peak_stop_drawdown"": 0.4, ""profit_lock_scheme"": [[3.0, 0.75], [4.0, 0.5]], ""q100_activation_gain"": 1.1, ""q100_distance_quantile"": 1.0, ""q100_reentry_rule"": ""ma20"", ""q100_trim_weight"": 0.5}",annual_net_eoy,1133.409010726081,0.2853106008349826,304.79130324410005,13.988037682249807,5.13732374426638
429.8620543028554,0.31160162770972555,0.407726875293079,0.8700537824939563,-0.5279067864595439,0.5902588026941478,0.6398911629007453,0.0029193138366753256,119,0.7132526913521826,33812,21,7,4,2,21/7/4/2,macd_fast_12d,macd_entry,start_date_cv_fast_slice,2004-01-01 00:00:00,2026-06-01 15:00:00,33812,"{""average_type"": ""sma"", ""bear_filter_buffer"": 0.01, ""bear_filter_require_20gt50"": true, ""bear_filter_slope_days"": 30, ""entry_confirm_bars"": 2, ""exit_confirm_bars"": 3, ""long_ma_days"": 200.0, ""macd_fast_days"": 12.0, ""macd_signal_days"": 9.0, ""macd_slow_days"": 24.0, ""peak_stop_drawdown"": 0.4, ""profit_lock_scheme"": [[3.0, 0.75], [4.0, 0.5]], ""q100_activation_gain"": 1.1, ""q100_distance_quantile"": 1.0, ""q100_reentry_rule"": ""ma20"", ""q100_trim_weight"": 0.5}",annual_net_eoy,429.8620543028554,0.285892576608598,304.7895919853302,13.980907437375606,5.321424346385898
468.2685613919287,0.3335869396857032,0.407821846676039,0.9107227936804192,-0.5279067864595444,0.6319050033869328,0.6378915438900582,0.0028695010352131393,113,0.71664912715117,32308,23,9,4,1,23/9/4/1,macd_fast_12d,macd_entry,start_date_cv_fast_slice,2005-01-01 00:00:00,2026-06-01 15:00:00,32308,"{""average_type"": ""sma"", ""bear_filter_buffer"": 0.01, ""bear_filter_require_20gt50"": true, ""bear_filter_slope_days"": 30, ""entry_confirm_bars"": 2, ""exit_confirm_bars"": 3, ""long_ma_days"": 200.0, ""macd_fast_days"": 12.0, ""macd_signal_days"": 9.0, ""macd_slow_days"": 24.0, ""peak_stop_drawdown"": 0.4, ""profit_lock_scheme"": [[3.0, 0.75], [4.0, 0.5]], ""q100_activation_gain"": 1.1, ""q100_distance_quantile"": 1.0, ""q100_reentry_rule"": ""ma20"", ""q100_trim_weight"": 0.5}",annual_net_eoy,468.2685613919287,0.2824563513770557,304.590482960438,13.960073830780019,5.2883496347653836
609.0195623501876,0.3923703639138352,0.4157497585442943,1.0050767247633299,-0.5279067864595445,0.7432569043965189,0.6368446204259968,0.002754909866386746,101,0.7202519115237576,29296,23,8,4,1,23/8/4/1,macd_fast_12d,macd_entry,start_date_cv_fast_slice,2007-01-01 00:00:00,2026-06-01 15:00:00,29296,"{""average_type"": ""sma"", ""bear_filter_buffer"": 0.01, ""bear_filter_require_20gt50"": true, ""bear_filter_slope_days"": 30, ""entry_confirm_bars"": 2, ""exit_confirm_bars"": 3, ""long_ma_days"": 200.0, ""macd_fast_days"": 12.0, ""macd_signal_days"": 9.0, ""macd_slow_days"": 24.0, ""peak_stop_drawdown"": 0.4, ""profit_lock_scheme"": [[3.0, 0.75], [4.0, 0.5]], ""q100_activation_gain"": 1.1, ""q100_distance_quantile"": 1.0, ""q100_reentry_rule"": ""ma20"", ""q100_trim_weight"": 0.5}",annual_net_eoy,609.0195623501876,0.27876159886298185,304.5841379674853,13.93363636014356,5.212725286728563
563.1993814418164,0.43995793660826576,0.4193120051207676,1.0803042919330597,-0.5279067864595446,0.8334007970590492,0.6250380633373934,0.002881693036147462,96,0.7423302375152253,26272,21,6,3,1,21/6/3/1,macd_fast_12d,macd_entry,start_date_cv_fast_slice,2009-01-01 00:00:00,2026-06-01 15:00:00,26272,"{""average_type"": ""sma"", ""bear_filter_buffer"": 0.01, ""bear_filter_require_20gt50"": true, ""bear_filter_slope_days"": 30, ""entry_confirm_bars"": 2, ""exit_confirm_bars"": 3, ""long_ma_days"": 200.0, ""macd_fast_days"": 12.0, ""macd_signal_days"": 9.0, ""macd_slow_days"": 24.0, ""peak_stop_drawdown"": 0.4, ""profit_lock_scheme"": [[3.0, 0.75], [4.0, 0.5]], ""q100_activation_gain"": 1.1, ""q100_distance_quantile"": 1.0, ""q100_reentry_rule"": ""ma20"", ""q100_trim_weight"": 0.5}",annual_net_eoy,563.1993814418164,0.25656972443247245,304.55989092530643,13.883873056519032,5.524969549330085
317.23849896414856,0.42178421327585935,0.4179756788641114,1.0520481797743837,-0.5279067864595433,0.7989747889103587,0.6196688206785137,0.00293650401638393,93,0.7509087237479806,24760,20,6,3,1,20/6/3/1,macd_fast_12d,macd_entry,start_date_cv_fast_slice,2010-01-01 00:00:00,2026-06-01 15:00:00,24760,"{""average_type"": ""sma"", ""bear_filter_buffer"": 0.01, ""bear_filter_require_20gt50"": true, ""bear_filter_slope_days"": 30, ""entry_confirm_bars"": 2, ""exit_confirm_bars"": 3, ""long_ma_days"": 200.0, ""macd_fast_days"": 12.0, ""macd_signal_days"": 9.0, ""macd_slow_days"": 24.0, ""peak_stop_drawdown"": 0.4, ""profit_lock_scheme"": [[3.0, 0.75], [4.0, 0.5]], ""q100_activation_gain"": 1.1, ""q100_distance_quantile"": 1.0, ""q100_reentry_rule"": ""ma20"", ""q100_trim_weight"": 0.5}",annual_net_eoy,317.23849896414856,0.24792406301655562,304.5548811976577,13.86299919131606,5.679159935379644
303.95663588325704,0.4506729428055545,0.4111727329356514,1.1115112899844457,-0.4574899957258237,0.985099012035326,0.6201823812801102,0.0027833723092595547,85,0.7455480041293875,23248,18,5,2,0,18/5/2/0,macd_fast_12d,macd_entry,start_date_cv_fast_slice,2011-01-01 00:00:00,2026-06-01 15:00:00,23248,"{""average_type"": ""sma"", ""bear_filter_buffer"": 0.01, ""bear_filter_require_20gt50"": true, ""bear_filter_slope_days"": 30, ""entry_confirm_bars"": 2, ""exit_confirm_bars"": 3, ""long_ma_days"": 200.0, ""macd_fast_days"": 12.0, ""macd_signal_days"": 9.0, ""macd_slow_days"": 24.0, ""peak_stop_drawdown"": 0.4, ""profit_lock_scheme"": [[3.0, 0.75], [4.0, 0.5]], ""q100_activation_gain"": 1.1, ""q100_distance_quantile"": 1.0, ""q100_reentry_rule"": ""ma20"", ""q100_trim_weight"": 0.5}",annual_net_eoy,303.95663588325704,0.25320886959264954,304.51475559049385,13.852578633300418,5.528217481073641
358.13811271167066,0.5520847127791157,0.4086026812255113,1.2813762778015387,-0.4574899957258246,1.206768930330844,0.6190640905272521,0.0024057519270833687,68,0.7437120126500963,20237,16,4,1,0,16/4/1/0,macd_fast_12d,macd_entry,start_date_cv_fast_slice,2013-01-01 00:00:00,2026-06-01 15:00:00,20237,"{""average_type"": ""sma"", ""bear_filter_buffer"": 0.01, ""bear_filter_require_20gt50"": true, ""bear_filter_slope_days"": 30, ""entry_confirm_bars"": 2, ""exit_confirm_bars"": 3, ""long_ma_days"": 200.0, ""macd_fast_days"": 12.0, ""macd_signal_days"": 9.0, ""macd_slow_days"": 24.0, ""peak_stop_drawdown"": 0.4, ""profit_lock_scheme"": [[3.0, 0.75], [4.0, 0.5]], ""q100_activation_gain"": 1.1, ""q100_distance_quantile"": 1.0, ""q100_reentry_rule"": ""ma20"", ""q100_trim_weight"": 0.5}",annual_net_eoy,358.13811271167066,0.2548565816830313,304.24171166102224,13.809996755872865,5.080594949844344
101.7776766490085,0.5621858794183769,0.41801262496681235,1.277490133170296,-0.4574899957258234,1.2288484659133365,0.6390268755572539,0.002654581586955475,58,0.6997675455356006,15702,13,3,1,0,13/3/1/0,macd_fast_12d,macd_entry,start_date_cv_fast_slice,2016-01-01 00:00:00,2026-06-01 15:00:00,15702,"{""average_type"": ""sma"", ""bear_filter_buffer"": 0.01, ""bear_filter_require_20gt50"": true, ""bear_filter_slope_days"": 30, ""entry_confirm_bars"": 2, ""exit_confirm_bars"": 3, ""long_ma_days"": 200.0, ""macd_fast_days"": 12.0, ""macd_signal_days"": 9.0, ""macd_slow_days"": 24.0, ""peak_stop_drawdown"": 0.4, ""profit_lock_scheme"": [[3.0, 0.75], [4.0, 0.5]], ""q100_activation_gain"": 1.1, ""q100_distance_quantile"": 1.0, ""q100_reentry_rule"": ""ma20"", ""q100_trim_weight"": 0.5}",annual_net_eoy,101.7776766490085,0.2985862551352034,302.4350625711199,13.7204674529469,5.585021016431028
41.63143583370339,0.564128558279289,0.44272850355362914,1.2330986189024031,-0.45748999572582316,1.2330948513623345,0.6364711447492905,0.0025735364565918936,46,0.6850165562913907,12684,13,3,1,0,13/3/1/0,macd_fast_12d,macd_entry,start_date_cv_fast_slice,2018-01-01 00:00:00,2026-06-01 15:00:00,12684,"{""average_type"": ""sma"", ""bear_filter_buffer"": 0.01, ""bear_filter_require_20gt50"": true, ""bear_filter_slope_days"": 30, ""entry_confirm_bars"": 2, ""exit_confirm_bars"": 3, ""long_ma_days"": 200.0, ""macd_fast_days"": 12.0, ""macd_signal_days"": 9.0, ""macd_slow_days"": 24.0, ""peak_stop_drawdown"": 0.4, ""profit_lock_scheme"": [[3.0, 0.75], [4.0, 0.5]], ""q100_activation_gain"": 1.1, ""q100_distance_quantile"": 1.0, ""q100_reentry_rule"": ""ma20"", ""q100_trim_weight"": 0.5}",annual_net_eoy,41.63143583370339,0.3129299914954741,300.24225703922565,13.584577206918986,5.483443708609271
27.989685397053176,0.6932879865500554,0.4529767497056562,1.3904705730746523,-0.3946167679357776,1.7568639826853112,0.6425615559693773,0.0020790796559799606,30,0.6710376577695013,9666,10,2,0,0,10/2/0/0,macd_fast_12d,macd_entry,start_date_cv_fast_slice,2020-01-01 00:00:00,2026-06-01 15:00:00,9666,"{""average_type"": ""sma"", ""bear_filter_buffer"": 0.01, ""bear_filter_require_20gt50"": true, ""bear_filter_slope_days"": 30, ""entry_confirm_bars"": 2, ""exit_confirm_bars"": 3, ""long_ma_days"": 200.0, ""macd_fast_days"": 12.0, ""macd_signal_days"": 9.0, ""macd_slow_days"": 24.0, ""peak_stop_drawdown"": 0.4, ""profit_lock_scheme"": [[3.0, 0.75], [4.0, 0.5]], ""q100_activation_gain"": 1.1, ""q100_distance_quantile"": 1.0, ""q100_reentry_rule"": ""ma20"", ""q100_trim_weight"": 0.5}",annual_net_eoy,27.989685397053176,0.3279380041326581,297.1111551527659,13.12925119534227,4.692737430167598
5.61081161684006,0.5377774727569544,0.40479019635634367,1.2667236311479384,-0.28926220617910237,1.8591349345651431,0.6735985533453888,0.0015761699610767396,14,0.6433845690174804,6636,6,0,0,0,6/0/0/0,macd_fast_12d,macd_entry,start_date_cv_fast_slice,2022-01-01 00:00:00,2026-06-01 15:00:00,6636,"{""average_type"": ""sma"", ""bear_filter_buffer"": 0.01, ""bear_filter_require_20gt50"": true, ""bear_filter_slope_days"": 30, ""entry_confirm_bars"": 2, ""exit_confirm_bars"": 3, ""long_ma_days"": 200.0, ""macd_fast_days"": 12.0, ""macd_signal_days"": 9.0, ""macd_slow_days"": 24.0, ""peak_stop_drawdown"": 0.4, ""profit_lock_scheme"": [[3.0, 0.75], [4.0, 0.5]], ""q100_activation_gain"": 1.1, ""q100_distance_quantile"": 1.0, ""q100_reentry_rule"": ""ma20"", ""q100_trim_weight"": 0.5}",annual_net_eoy,5.61081161684006,0.3575138120008946,276.1405323685362,11.466532811959418,3.1898734177215187
973.0277349160613,0.3269199105610341,0.4073481910939791,0.8988571486373006,-0.5039672202394492,0.6486928066585465,0.6549586776859504,0.0028731677240024316,126,0.6841969334493258,36784,23,8,5,2,23/8/5/2,macd_fast_14d,macd_entry,start_date_cv_fast_slice,2002-01-10 15:00:00,2026-06-01 15:00:00,36784,"{""average_type"": ""sma"", ""bear_filter_buffer"": 0.01, ""bear_filter_require_20gt50"": true, ""bear_filter_slope_days"": 30, ""entry_confirm_bars"": 2, ""exit_confirm_bars"": 3, ""long_ma_days"": 200.0, ""macd_fast_days"": 14.0, ""macd_signal_days"": 9.0, ""macd_slow_days"": 24.0, ""peak_stop_drawdown"": 0.4, ""profit_lock_scheme"": [[3.0, 0.75], [4.0, 0.5]], ""q100_activation_gain"": 1.1, ""q100_distance_quantile"": 1.0, ""q100_reentry_rule"": ""ma20"", ""q100_trim_weight"": 0.5}",annual_net_eoy,973.0277349160613,0.31486439080535233,308.89872928455094,14.492945503821062,5.179208351457155
1097.089089679424,0.34949981750914527,0.4152672668842633,0.9302153154831995,-0.5039672202394503,0.6934971233706176,0.6408913301998981,0.002879172137711802,122,0.7123421484795288,35318,23,8,5,2,23/8/5/2,macd_fast_14d,macd_entry,start_date_cv_fast_slice,2003-01-01 00:00:00,2026-06-01 15:00:00,35318,"{""average_type"": ""sma"", ""bear_filter_buffer"": 0.01, ""bear_filter_require_20gt50"": true, ""bear_filter_slope_days"": 30, ""entry_confirm_bars"": 2, ""exit_confirm_bars"": 3, ""long_ma_days"": 200.0, ""macd_fast_days"": 14.0, ""macd_signal_days"": 9.0, ""macd_slow_days"": 24.0, ""peak_stop_drawdown"": 0.4, ""profit_lock_scheme"": [[3.0, 0.75], [4.0, 0.5]], ""q100_activation_gain"": 1.1, ""q100_distance_quantile"": 1.0, ""q100_reentry_rule"": ""ma20"", ""q100_trim_weight"": 0.5}",annual_net_eoy,1097.089089679424,0.2866802126786364,308.89173957795697,14.464660155700642,5.222945806670819
416.06731568008905,0.30969445927257544,0.40777485402378577,0.8664245131377418,-0.5039672202394494,0.6145131009223788,0.640216491186561,0.0029778363172750922,121,0.7116556252218147,33812,22,8,5,2,22/8/5/2,macd_fast_14d,macd_entry,start_date_cv_fast_slice,2004-01-01 00:00:00,2026-06-01 15:00:00,33812,"{""average_type"": ""sma"", ""bear_filter_buffer"": 0.01, ""bear_filter_require_20gt50"": true, ""bear_filter_slope_days"": 30, ""entry_confirm_bars"": 2, ""exit_confirm_bars"": 3, ""long_ma_days"": 200.0, ""macd_fast_days"": 14.0, ""macd_signal_days"": 9.0, ""macd_slow_days"": 24.0, ""peak_stop_drawdown"": 0.4, ""profit_lock_scheme"": [[3.0, 0.75], [4.0, 0.5]], ""q100_activation_gain"": 1.1, ""q100_distance_quantile"": 1.0, ""q100_reentry_rule"": ""ma20"", ""q100_trim_weight"": 0.5}",annual_net_eoy,416.06731568008905,0.28732319151141844,308.8899467972868,14.4571902362417,5.410860049686502
460.10455447034104,0.3324920457173337,0.4079385911464339,0.9085508730973315,-0.5039672202394505,0.6597493494901442,0.6380153522347406,0.002930747850678019,115,0.7153181874458339,32308,23,9,4,1,23/9/4/1,macd_fast_14d,macd_entry,start_date_cv_fast_slice,2005-01-01 00:00:00,2026-06-01 15:00:00,32308,"{""average_type"": ""sma"", ""bear_filter_buffer"": 0.01, ""bear_filter_require_20gt50"": true, ""bear_filter_slope_days"": 30, ""entry_confirm_bars"": 2, ""exit_confirm_bars"": 3, ""long_ma_days"": 200.0, ""macd_fast_days"": 14.0, ""macd_signal_days"": 9.0, ""macd_slow_days"": 24.0, ""peak_stop_drawdown"": 0.4, ""profit_lock_scheme"": [[3.0, 0.75], [4.0, 0.5]], ""q100_activation_gain"": 1.1, ""q100_distance_quantile"": 1.0, ""q100_reentry_rule"": ""ma20"", ""q100_trim_weight"": 0.5}",annual_net_eoy,460.10455447034104,0.283613091227686,308.6693142995374,14.434937394431541,5.381948743345301
562.6737248775354,0.386703732335381,0.41582980245346474,0.9951386883861539,-0.5039672202394496,0.7673192160229126,0.6369811578372474,0.0028224536305197106,103,0.7185110595303114,29296,23,8,4,1,23/8/4/1,macd_fast_14d,macd_entry,start_date_cv_fast_slice,2007-01-01 00:00:00,2026-06-01 15:00:00,29296,"{""average_type"": ""sma"", ""bear_filter_buffer"": 0.01, ""bear_filter_require_20gt50"": true, ""bear_filter_slope_days"": 30, ""entry_confirm_bars"": 2, ""exit_confirm_bars"": 3, ""long_ma_days"": 200.0, ""macd_fast_days"": 14.0, ""macd_signal_days"": 9.0, ""macd_slow_days"": 24.0, ""peak_stop_drawdown"": 0.4, ""profit_lock_scheme"": [[3.0, 0.75], [4.0, 0.5]], ""q100_activation_gain"": 1.1, ""q100_distance_quantile"": 1.0, ""q100_reentry_rule"": ""ma20"", ""q100_trim_weight"": 0.5}",annual_net_eoy,562.6737248775354,0.2803103410494293,308.66253085731455,14.406673051836108,5.31594756963408
529.7546886424348,0.434902700692938,0.4193664657619028,1.0718122798526875,-0.5039672202394506,0.8629583100390976,0.6251522533495737,0.0029570113261154626,98,0.7404651339829477,26272,21,6,3,1,21/6/3/1,macd_fast_14d,macd_entry,start_date_cv_fast_slice,2009-01-01 00:00:00,2026-06-01 15:00:00,26272,"{""average_type"": ""sma"", ""bear_filter_buffer"": 0.01, ""bear_filter_require_20gt50"": true, ""bear_filter_slope_days"": 30, ""entry_confirm_bars"": 2, ""exit_confirm_bars"": 3, ""long_ma_days"": 200.0, ""macd_fast_days"": 14.0, ""macd_signal_days"": 9.0, ""macd_slow_days"": 24.0, ""peak_stop_drawdown"": 0.4, ""profit_lock_scheme"": [[3.0, 0.75], [4.0, 0.5]], ""q100_activation_gain"": 1.1, ""q100_distance_quantile"": 1.0, ""q100_reentry_rule"": ""ma20"", ""q100_trim_weight"": 0.5}",annual_net_eoy,529.7546886424348,0.25822060564038063,308.6127720483621,14.352936324088489,5.640073081607795
295.5085722674194,0.41565689976311715,0.41821005471971884,1.0413433694604002,-0.5039672202394503,0.824769713327041,0.6193861066235864,0.003016421710812013,95,0.749575928917609,24760,20,6,3,1,20/6/3/1,macd_fast_14d,macd_entry,start_date_cv_fast_slice,2010-01-01 00:00:00,2026-06-01 15:00:00,24760,"{""average_type"": ""sma"", ""bear_filter_buffer"": 0.01, ""bear_filter_require_20gt50"": true, ""bear_filter_slope_days"": 30, ""entry_confirm_bars"": 2, ""exit_confirm_bars"": 3, ""long_ma_days"": 200.0, ""macd_fast_days"": 14.0, ""macd_signal_days"": 9.0, ""macd_slow_days"": 24.0, ""peak_stop_drawdown"": 0.4, ""profit_lock_scheme"": [[3.0, 0.75], [4.0, 0.5]], ""q100_activation_gain"": 1.1, ""q100_distance_quantile"": 1.0, ""q100_reentry_rule"": ""ma20"", ""q100_trim_weight"": 0.5}",annual_net_eoy,295.5085722674194,0.2490295537715703,308.6072449782829,14.329906865424931,5.801292407108239
271.227898991549,0.44000098729950654,0.41102726536157264,1.093765606963302,-0.48315316866335933,0.9106863326939714,0.6200963523743978,0.0028684876789274536,87,0.743526324845148,23248,18,5,2,0,18/5/2/0,macd_fast_14d,macd_entry,start_date_cv_fast_slice,2011-01-01 00:00:00,2026-06-01 15:00:00,23248,"{""average_type"": ""sma"", ""bear_filter_buffer"": 0.01, ""bear_filter_require_20gt50"": true, ""bear_filter_slope_days"": 30, ""entry_confirm_bars"": 2, ""exit_confirm_bars"": 3, ""long_ma_days"": 200.0, ""macd_fast_days"": 14.0, ""macd_signal_days"": 9.0, ""macd_slow_days"": 24.0, ""peak_stop_drawdown"": 0.4, ""profit_lock_scheme"": [[3.0, 0.75], [4.0, 0.5]], ""q100_activation_gain"": 1.1, ""q100_distance_quantile"": 1.0, ""q100_reentry_rule"": ""ma20"", ""q100_trim_weight"": 0.5}",annual_net_eoy,271.227898991549,0.2549884614325568,308.5363353567995,14.318871274621467,5.658293186510668
356.4069822548824,0.5515244912421635,0.40865546256634394,1.2803585876005465,-0.46481274068131617,1.1865520089525654,0.6194594060384444,0.00240470246886522,68,0.741241290705144,20237,16,4,1,0,16/4/1/0,macd_fast_14d,macd_entry,start_date_cv_fast_slice,2013-01-01 00:00:00,2026-06-01 15:00:00,20237,"{""average_type"": ""sma"", ""bear_filter_buffer"": 0.01, ""bear_filter_require_20gt50"": true, ""bear_filter_slope_days"": 30, ""entry_confirm_bars"": 2, ""exit_confirm_bars"": 3, ""long_ma_days"": 200.0, ""macd_fast_days"": 14.0, ""macd_signal_days"": 9.0, ""macd_slow_days"": 24.0, ""peak_stop_drawdown"": 0.4, ""profit_lock_scheme"": [[3.0, 0.75], [4.0, 0.5]], ""q100_activation_gain"": 1.1, ""q100_distance_quantile"": 1.0, ""q100_reentry_rule"": ""ma20"", ""q100_trim_weight"": 0.5}",annual_net_eoy,356.4069822548824,0.25704919674920534,308.3289861244016,14.27357063842315,5.080594949844344
102.08224675470096,0.5626310609913219,0.4181928967928294,1.2777772260125684,-0.46481274068131606,1.210446727786818,0.6392816201757738,0.0026531921433161367,58,0.698270920901796,15702,13,3,1,0,13/3/1/0,macd_fast_14d,macd_entry,start_date_cv_fast_slice,2016-01-01 00:00:00,2026-06-01 15:00:00,15702,"{""average_type"": ""sma"", ""bear_filter_buffer"": 0.01, ""bear_filter_require_20gt50"": true, ""bear_filter_slope_days"": 30, ""entry_confirm_bars"": 2, ""exit_confirm_bars"": 3, ""long_ma_days"": 200.0, ""macd_fast_days"": 14.0, ""macd_signal_days"": 9.0, ""macd_slow_days"": 24.0, ""peak_stop_drawdown"": 0.4, ""profit_lock_scheme"": [[3.0, 0.75], [4.0, 0.5]], ""q100_activation_gain"": 1.1, ""q100_distance_quantile"": 1.0, ""q100_reentry_rule"": ""ma20"", ""q100_trim_weight"": 0.5}",annual_net_eoy,102.08224675470096,0.3000041362842371,306.5094600046864,14.180722057935926,5.585021016431028
41.65587773626831,0.5642354301523524,0.44295141848386,1.232826685827825,-0.4648127406813156,1.2138983740533973,0.6365499842321034,0.002571816412124462,46,0.6835580258593503,12684,13,3,1,0,13/3/1/0,macd_fast_14d,macd_entry,start_date_cv_fast_slice,2018-01-01 00:00:00,2026-06-01 15:00:00,12684,"{""average_type"": ""sma"", ""bear_filter_buffer"": 0.01, ""bear_filter_require_20gt50"": true, ""bear_filter_slope_days"": 30, ""entry_confirm_bars"": 2, ""exit_confirm_bars"": 3, ""long_ma_days"": 200.0, ""macd_fast_days"": 14.0, ""macd_signal_days"": 9.0, ""macd_slow_days"": 24.0, ""peak_stop_drawdown"": 0.4, ""profit_lock_scheme"": [[3.0, 0.75], [4.0, 0.5]], ""q100_activation_gain"": 1.1, ""q100_distance_quantile"": 1.0, ""q100_reentry_rule"": ""ma20"", ""q100_trim_weight"": 0.5}",annual_net_eoy,41.65587773626831,0.31429104241017974,304.2817241088548,14.042455952895715,5.483443708609271
26.237645197417685,0.6768561068394758,0.45263499453443323,1.3696196223541748,-0.39733067919936016,1.7035082923960778,0.6426650113800951,0.002076822564729713,30,0.6687099110283468,9666,10,2,0,0,10/2/0/0,macd_fast_14d,macd_entry,start_date_cv_fast_slice,2020-01-01 00:00:00,2026-06-01 15:00:00,9666,"{""average_type"": ""sma"", ""bear_filter_buffer"": 0.01, ""bear_filter_require_20gt50"": true, ""bear_filter_slope_days"": 30, ""entry_confirm_bars"": 2, ""exit_confirm_bars"": 3, ""long_ma_days"": 200.0, ""macd_fast_days"": 14.0, ""macd_signal_days"": 9.0, ""macd_slow_days"": 24.0, ""peak_stop_drawdown"": 0.4, ""profit_lock_scheme"": [[3.0, 0.75], [4.0, 0.5]], ""q100_activation_gain"": 1.1, ""q100_distance_quantile"": 1.0, ""q100_reentry_rule"": ""ma20"", ""q100_trim_weight"": 0.5}",annual_net_eoy,26.237645197417685,0.3301378354798675,301.1080398812601,13.582207807618788,4.692737430167598
5.513062692247149,0.5325668451633936,0.40456459796833966,1.2587890719173669,-0.28926220617910314,1.8411214247382286,0.6737492465340567,0.0015761699610767393,14,0.642781796262809,6636,6,0,0,0,6/0/0/0,macd_fast_14d,macd_entry,start_date_cv_fast_slice,2022-01-01 00:00:00,2026-06-01 15:00:00,6636,"{""average_type"": ""sma"", ""bear_filter_buffer"": 0.01, ""bear_filter_require_20gt50"": true, ""bear_filter_slope_days"": 30, ""entry_confirm_bars"": 2, ""exit_confirm_bars"": 3, ""long_ma_days"": 200.0, ""macd_fast_days"": 14.0, ""macd_signal_days"": 9.0, ""macd_slow_days"": 24.0, ""peak_stop_drawdown"": 0.4, ""profit_lock_scheme"": [[3.0, 0.75], [4.0, 0.5]], ""q100_activation_gain"": 1.1, ""q100_distance_quantile"": 1.0, ""q100_reentry_rule"": ""ma20"", ""q100_trim_weight"": 0.5}",annual_net_eoy,5.513062692247149,0.3581165847555662,279.4052169468688,11.854805909002781,3.1898734177215187
848.625702669855,0.319487860352468,0.405859713320952,0.886779403218886,-0.5214743527254799,0.612662652885359,0.6543877772944758,0.0029281295288255166,128,0.6829531861678991,36784,23,8,5,3,23/8/5/3,macd_slow_26d,macd_entry,start_date_cv_fast_slice,2002-01-10 15:00:00,2026-06-01 15:00:00,36784,"{""average_type"": ""sma"", ""bear_filter_buffer"": 0.01, ""bear_filter_require_20gt50"": true, ""bear_filter_slope_days"": 30, ""entry_confirm_bars"": 2, ""exit_confirm_bars"": 3, ""long_ma_days"": 200.0, ""macd_fast_days"": 12.0, ""macd_signal_days"": 9.0, ""macd_slow_days"": 26.0, ""peak_stop_drawdown"": 0.4, ""profit_lock_scheme"": [[3.0, 0.75], [4.0, 0.5]], ""q100_activation_gain"": 1.1, ""q100_distance_quantile"": 1.0, ""q100_reentry_rule"": ""ma20"", ""q100_trim_weight"": 0.5}",annual_net_eoy,848.625702669855,0.3162846379522738,269.5646815783944,12.449604082505807,5.261418007829491
1002.4722555971113,0.3443041521047365,0.41371269149846635,0.9227850998985387,-0.52147435272548,0.6602513629006578,0.6404383034146894,0.002936415328963073,124,0.7109052041451951,35318,23,8,5,3,23/8/5/3,macd_slow_26d,macd_entry,start_date_cv_fast_slice,2003-01-01 00:00:00,2026-06-01 15:00:00,35318,"{""average_type"": ""sma"", ""bear_filter_buffer"": 0.01, ""bear_filter_require_20gt50"": true, ""bear_filter_slope_days"": 30, ""entry_confirm_bars"": 2, ""exit_confirm_bars"": 3, ""long_ma_days"": 200.0, ""macd_fast_days"": 12.0, ""macd_signal_days"": 9.0, ""macd_slow_days"": 26.0, ""peak_stop_drawdown"": 0.4, ""profit_lock_scheme"": [[3.0, 0.75], [4.0, 0.5]], ""q100_activation_gain"": 1.1, ""q100_distance_quantile"": 1.0, ""q100_reentry_rule"": ""ma20"", ""q100_trim_weight"": 0.5}",annual_net_eoy,1002.4722555971113,0.2883009831371096,269.55802465343936,12.422705324547637,5.308567869075259
380.1307151075713,0.30442790829104815,0.4061206882039266,0.8583279544705559,-0.5214743527254808,0.583783088659986,0.6397432864071927,0.0030376291431538443,123,0.710154678812256,33812,22,8,5,3,22/8/5/3,macd_slow_26d,macd_entry,start_date_cv_fast_slice,2004-01-01 00:00:00,2026-06-01 15:00:00,33812,"{""average_type"": ""sma"", ""bear_filter_buffer"": 0.01, ""bear_filter_require_20gt50"": true, ""bear_filter_slope_days"": 30, ""entry_confirm_bars"": 2, ""exit_confirm_bars"": 3, ""long_ma_days"": 200.0, ""macd_fast_days"": 12.0, ""macd_signal_days"": 9.0, ""macd_slow_days"": 26.0, ""peak_stop_drawdown"": 0.4, ""profit_lock_scheme"": [[3.0, 0.75], [4.0, 0.5]], ""q100_activation_gain"": 1.1, ""q100_distance_quantile"": 1.0, ""q100_reentry_rule"": ""ma20"", ""q100_trim_weight"": 0.5}",annual_net_eoy,380.1307151075713,0.2890161517341902,269.5563133946696,12.415575079673438,5.500295752987105
400.8464126740626,0.3239416711301295,0.4060991039509692,0.8949319878319292,-0.5214743527254788,0.621203457920898,0.6378915438900582,0.0029314199761148263,115,0.7130973752630927,32308,23,9,4,2,23/9/4/2,macd_slow_26d,macd_entry,start_date_cv_fast_slice,2005-01-01 00:00:00,2026-06-01 15:00:00,32308,"{""average_type"": ""sma"", ""bear_filter_buffer"": 0.01, ""bear_filter_require_20gt50"": true, ""bear_filter_slope_days"": 30, ""entry_confirm_bars"": 2, ""exit_confirm_bars"": 3, ""long_ma_days"": 200.0, ""macd_fast_days"": 12.0, ""macd_signal_days"": 9.0, ""macd_slow_days"": 26.0, ""peak_stop_drawdown"": 0.4, ""profit_lock_scheme"": [[3.0, 0.75], [4.0, 0.5]], ""q100_activation_gain"": 1.1, ""q100_distance_quantile"": 1.0, ""q100_reentry_rule"": ""ma20"", ""q100_trim_weight"": 0.5}",annual_net_eoy,400.8464126740626,0.2860348558386913,269.3563326082936,12.395115204055964,5.381948743345301
523.152243953477,0.3815108595505119,0.41390337685344486,0.9887343830532069,-0.5214743527254793,0.7316004278188373,0.6367763517203714,0.002823194858967702,103,0.7164373975969416,29296,23,8,4,2,23/8/4/2,macd_slow_26d,macd_entry,start_date_cv_fast_slice,2007-01-01 00:00:00,2026-06-01 15:00:00,29296,"{""average_type"": ""sma"", ""bear_filter_buffer"": 0.01, ""bear_filter_require_20gt50"": true, ""bear_filter_slope_days"": 30, ""entry_confirm_bars"": 2, ""exit_confirm_bars"": 3, ""long_ma_days"": 200.0, ""macd_fast_days"": 12.0, ""macd_signal_days"": 9.0, ""macd_slow_days"": 26.0, ""peak_stop_drawdown"": 0.4, ""profit_lock_scheme"": [[3.0, 0.75], [4.0, 0.5]], ""q100_activation_gain"": 1.1, ""q100_distance_quantile"": 1.0, ""q100_reentry_rule"": ""ma20"", ""q100_trim_weight"": 0.5}",annual_net_eoy,523.152243953477,0.282605615866891,269.3497846371175,12.367831990822587,5.31594756963408
482.39833167034624,0.4272054717661833,0.4172915802563449,1.0621269032497447,-0.5214743527254794,0.8192262371742716,0.6248477466504263,0.0029578378725760427,98,0.7382669762484775,26272,21,6,3,1,21/6/3/1,macd_slow_26d,macd_entry,start_date_cv_fast_slice,2009-01-01 00:00:00,2026-06-01 15:00:00,26272,"{""average_type"": ""sma"", ""bear_filter_buffer"": 0.01, ""bear_filter_require_20gt50"": true, ""bear_filter_slope_days"": 30, ""entry_confirm_bars"": 2, ""exit_confirm_bars"": 3, ""long_ma_days"": 200.0, ""macd_fast_days"": 12.0, ""macd_signal_days"": 9.0, ""macd_slow_days"": 26.0, ""peak_stop_drawdown"": 0.4, ""profit_lock_scheme"": [[3.0, 0.75], [4.0, 0.5]], ""q100_activation_gain"": 1.1, ""q100_distance_quantile"": 1.0, ""q100_reentry_rule"": ""ma20"", ""q100_trim_weight"": 0.5}",annual_net_eoy,482.39833167034624,0.26066588468470003,269.3137625451589,12.316276385795632,5.640073081607795
279.68330073551664,0.41092318743025347,0.41566816293440545,1.0370573970589545,-0.52147435272548,0.7880026798682771,0.6196688206785137,0.0030172987313537075,95,0.746314620355412,24760,20,6,3,1,20/6/3/1,macd_slow_26d,macd_entry,start_date_cv_fast_slice,2010-01-01 00:00:00,2026-06-01 15:00:00,24760,"{""average_type"": ""sma"", ""bear_filter_buffer"": 0.01, ""bear_filter_require_20gt50"": true, ""bear_filter_slope_days"": 30, ""entry_confirm_bars"": 2, ""exit_confirm_bars"": 3, ""long_ma_days"": 200.0, ""macd_fast_days"": 12.0, ""macd_signal_days"": 9.0, ""macd_slow_days"": 26.0, ""peak_stop_drawdown"": 0.4, ""profit_lock_scheme"": [[3.0, 0.75], [4.0, 0.5]], ""q100_activation_gain"": 1.1, ""q100_distance_quantile"": 1.0, ""q100_reentry_rule"": ""ma20"", ""q100_trim_weight"": 0.5}",annual_net_eoy,279.68330073551664,0.2525530744118109,269.30866459453864,12.295034924877891,5.801292407108239
262.64481536747434,0.4370037201617021,0.40870639275167964,1.092505157512544,-0.4650247220963182,0.9397429843981235,0.6200963523743978,0.00286942173900197,87,0.740827167928424,23248,18,5,2,0,18/5/2/0,macd_slow_26d,macd_entry,start_date_cv_fast_slice,2011-01-01 00:00:00,2026-06-01 15:00:00,23248,"{""average_type"": ""sma"", ""bear_filter_buffer"": 0.01, ""bear_filter_require_20gt50"": true, ""bear_filter_slope_days"": 30, ""entry_confirm_bars"": 2, ""exit_confirm_bars"": 3, ""long_ma_days"": 200.0, ""macd_fast_days"": 12.0, ""macd_signal_days"": 9.0, ""macd_slow_days"": 26.0, ""peak_stop_drawdown"": 0.4, ""profit_lock_scheme"": [[3.0, 0.75], [4.0, 0.5]], ""q100_activation_gain"": 1.1, ""q100_distance_quantile"": 1.0, ""q100_reentry_rule"": ""ma20"", ""q100_trim_weight"": 0.5}",annual_net_eoy,262.64481536747434,0.2579668841378372,269.2713822058091,12.284282000577198,5.658293186510668
333.408864751389,0.5438335852721299,0.4056357255401126,1.2745487236436548,-0.45748639320234785,1.1887426453612366,0.6198547215496368,0.002405775504819776,68,0.737152245886248,20237,16,4,1,0,16/4/1/0,macd_slow_26d,macd_entry,start_date_cv_fast_slice,2013-01-01 00:00:00,2026-06-01 15:00:00,20237,"{""average_type"": ""sma"", ""bear_filter_buffer"": 0.01, ""bear_filter_require_20gt50"": true, ""bear_filter_slope_days"": 30, ""entry_confirm_bars"": 2, ""exit_confirm_bars"": 3, ""long_ma_days"": 200.0, ""macd_fast_days"": 12.0, ""macd_signal_days"": 9.0, ""macd_slow_days"": 26.0, ""peak_stop_drawdown"": 0.4, ""profit_lock_scheme"": [[3.0, 0.75], [4.0, 0.5]], ""q100_activation_gain"": 1.1, ""q100_distance_quantile"": 1.0, ""q100_reentry_rule"": ""ma20"", ""q100_trim_weight"": 0.5}",annual_net_eoy,333.408864751389,0.2614590584407781,269.05247577523795,12.242978185815627,5.080594949844344
95.64411362651437,0.5529569625338744,0.41777073747845983,1.26379045856022,-0.4574863932023491,1.208685046703232,0.6394726786396637,0.002654581586955475,58,0.6983664501337409,15702,13,3,1,0,13/3/1/0,macd_slow_26d,macd_entry,start_date_cv_fast_slice,2016-01-01 00:00:00,2026-06-01 15:00:00,15702,"{""average_type"": ""sma"", ""bear_filter_buffer"": 0.01, ""bear_filter_require_20gt50"": true, ""bear_filter_slope_days"": 30, ""entry_confirm_bars"": 2, ""exit_confirm_bars"": 3, ""long_ma_days"": 200.0, ""macd_fast_days"": 12.0, ""macd_signal_days"": 9.0, ""macd_slow_days"": 26.0, ""peak_stop_drawdown"": 0.4, ""profit_lock_scheme"": [[3.0, 0.75], [4.0, 0.5]], ""q100_activation_gain"": 1.1, ""q100_distance_quantile"": 1.0, ""q100_reentry_rule"": ""ma20"", ""q100_trim_weight"": 0.5}",annual_net_eoy,95.64411362651437,0.29998735053706305,267.3862964037251,12.143974032465017,5.585021016431028
41.63152140579252,0.5641289325361705,0.4427294251100489,1.2330980520732717,-0.45748639320234863,1.2331053795662361,0.6366288237149165,0.0025735364565918936,46,0.6848588773257648,12684,13,3,1,0,13/3/1/0,macd_slow_26d,macd_entry,start_date_cv_fast_slice,2018-01-01 00:00:00,2026-06-01 15:00:00,12684,"{""average_type"": ""sma"", ""bear_filter_buffer"": 0.01, ""bear_filter_require_20gt50"": true, ""bear_filter_slope_days"": 30, ""entry_confirm_bars"": 2, ""exit_confirm_bars"": 3, ""long_ma_days"": 200.0, ""macd_fast_days"": 12.0, ""macd_signal_days"": 9.0, ""macd_slow_days"": 26.0, ""peak_stop_drawdown"": 0.4, ""profit_lock_scheme"": [[3.0, 0.75], [4.0, 0.5]], ""q100_activation_gain"": 1.1, ""q100_distance_quantile"": 1.0, ""q100_reentry_rule"": ""ma20"", ""q100_trim_weight"": 0.5}",annual_net_eoy,41.63152140579252,0.3130876704611001,265.58799829367325,12.017304043675638,5.483443708609271
27.98970945606908,0.6932882063714871,0.45297672262902683,1.3904709126419401,-0.3946167679357777,1.756864539735719,0.6425615559693773,0.00207907965597996,30,0.6710376577695013,9666,10,2,0,0,10/2/0/0,macd_slow_26d,macd_entry,start_date_cv_fast_slice,2020-01-01 00:00:00,2026-06-01 15:00:00,9666,"{""average_type"": ""sma"", ""bear_filter_buffer"": 0.01, ""bear_filter_require_20gt50"": true, ""bear_filter_slope_days"": 30, ""entry_confirm_bars"": 2, ""exit_confirm_bars"": 3, ""long_ma_days"": 200.0, ""macd_fast_days"": 12.0, ""macd_signal_days"": 9.0, ""macd_slow_days"": 26.0, ""peak_stop_drawdown"": 0.4, ""profit_lock_scheme"": [[3.0, 0.75], [4.0, 0.5]], ""q100_activation_gain"": 1.1, ""q100_distance_quantile"": 1.0, ""q100_reentry_rule"": ""ma20"", ""q100_trim_weight"": 0.5}",annual_net_eoy,27.98970945606908,0.3279380041326581,262.81764705271286,11.613834999383148,4.692737430167598
5.610811616840069,0.5377774727569549,0.4047901963563436,1.2667236311479402,-0.28926220617910314,1.8591349345651398,0.6735985533453888,0.0015761699610767393,14,0.6433845690174804,6636,6,0,0,0,6/0/0/0,macd_slow_26d,macd_entry,start_date_cv_fast_slice,2022-01-01 00:00:00,2026-06-01 15:00:00,6636,"{""average_type"": ""sma"", ""bear_filter_buffer"": 0.01, ""bear_filter_require_20gt50"": true, ""bear_filter_slope_days"": 30, ""entry_confirm_bars"": 2, ""exit_confirm_bars"": 3, ""long_ma_days"": 200.0, ""macd_fast_days"": 12.0, ""macd_signal_days"": 9.0, ""macd_slow_days"": 26.0, ""peak_stop_drawdown"": 0.4, ""profit_lock_scheme"": [[3.0, 0.75], [4.0, 0.5]], ""q100_activation_gain"": 1.1, ""q100_distance_quantile"": 1.0, ""q100_reentry_rule"": ""ma20"", ""q100_trim_weight"": 0.5}",annual_net_eoy,5.610811616840069,0.35751381200089466,244.26759683466133,10.143032571057145,3.1898734177215187
782.7748178636974,0.31511955761121646,0.40846637743739156,0.8756636953651109,-0.5520279940054187,0.570839814344856,0.6565626359286646,0.002776828343694574,120,0.685590202261853,36784,22,7,4,1,22/7/4/1,macd_slow_30d,macd_entry,start_date_cv_fast_slice,2002-01-10 15:00:00,2026-06-01 15:00:00,36784,"{""average_type"": ""sma"", ""bear_filter_buffer"": 0.01, ""bear_filter_require_20gt50"": true, ""bear_filter_slope_days"": 30, ""entry_confirm_bars"": 2, ""exit_confirm_bars"": 3, ""long_ma_days"": 200.0, ""macd_fast_days"": 12.0, ""macd_signal_days"": 9.0, ""macd_slow_days"": 30.0, ""peak_stop_drawdown"": 0.4, ""profit_lock_scheme"": [[3.0, 0.75], [4.0, 0.5]], ""q100_activation_gain"": 1.1, ""q100_distance_quantile"": 1.0, ""q100_reentry_rule"": ""ma20"", ""q100_trim_weight"": 0.5}",annual_net_eoy,782.7748178636974,0.31399185699060633,249.95317293539375,11.793112758646842,4.932579382340148
924.1355281721166,0.33963445890084376,0.4163772794043443,0.9112433902219317,-0.55202799400542,0.6152486152677052,0.6427034373407328,0.002807148020682405,117,0.7136516790305227,35318,22,7,4,1,22/7/4/1,macd_slow_30d,macd_entry,start_date_cv_fast_slice,2003-01-01 00:00:00,2026-06-01 15:00:00,35318,"{""average_type"": ""sma"", ""bear_filter_buffer"": 0.01, ""bear_filter_require_20gt50"": true, ""bear_filter_slope_days"": 30, ""entry_confirm_bars"": 2, ""exit_confirm_bars"": 3, ""long_ma_days"": 200.0, ""macd_fast_days"": 12.0, ""macd_signal_days"": 9.0, ""macd_slow_days"": 30.0, ""peak_stop_drawdown"": 0.4, ""profit_lock_scheme"": [[3.0, 0.75], [4.0, 0.5]], ""q100_activation_gain"": 1.1, ""q100_distance_quantile"": 1.0, ""q100_reentry_rule"": ""ma20"", ""q100_trim_weight"": 0.5}",annual_net_eoy,924.1355281721166,0.28591303209531865,249.94647959457433,11.76604181042731,5.008890650659721
350.3774929570469,0.2996952788939786,0.40895509520807993,0.8463847246957357,-0.5520279940054196,0.5428986974364136,0.6421093103040341,0.002902604217273784,116,0.7130234827871762,33812,21,7,4,1,21/7/4/1,macd_slow_30d,macd_entry,start_date_cv_fast_slice,2004-01-01 00:00:00,2026-06-01 15:00:00,33812,"{""average_type"": ""sma"", ""bear_filter_buffer"": 0.01, ""bear_filter_require_20gt50"": true, ""bear_filter_slope_days"": 30, ""entry_confirm_bars"": 2, ""exit_confirm_bars"": 3, ""long_ma_days"": 200.0, ""macd_fast_days"": 12.0, ""macd_signal_days"": 9.0, ""macd_slow_days"": 30.0, ""peak_stop_drawdown"": 0.4, ""profit_lock_scheme"": [[3.0, 0.75], [4.0, 0.5]], ""q100_activation_gain"": 1.1, ""q100_distance_quantile"": 1.0, ""q100_reentry_rule"": ""ma20"", ""q100_trim_weight"": 0.5}",annual_net_eoy,350.3774929570469,0.2865218403981564,249.94475736934686,11.758865871979559,5.187270791434993
376.78743443021943,0.3201218966996813,0.40904575296007856,0.8844322216099313,-0.5027792641416438,0.6367046525798964,0.640429614956048,0.0027901093783106717,108,0.7160068713631299,32308,23,9,5,1,23/9/5/1,macd_slow_30d,macd_entry,start_date_cv_fast_slice,2005-01-01 00:00:00,2026-06-01 15:00:00,32308,"{""average_type"": ""sma"", ""bear_filter_buffer"": 0.01, ""bear_filter_require_20gt50"": true, ""bear_filter_slope_days"": 30, ""entry_confirm_bars"": 2, ""exit_confirm_bars"": 3, ""long_ma_days"": 200.0, ""macd_fast_days"": 12.0, ""macd_signal_days"": 9.0, ""macd_slow_days"": 30.0, ""peak_stop_drawdown"": 0.4, ""profit_lock_scheme"": [[3.0, 0.75], [4.0, 0.5]], ""q100_activation_gain"": 1.1, ""q100_distance_quantile"": 1.0, ""q100_reentry_rule"": ""ma20"", ""q100_trim_weight"": 0.5}",annual_net_eoy,376.78743443021943,0.28351728573549784,249.7546395928453,11.73843464585342,5.0543518633155875
525.4908114152945,0.38182830790539457,0.41702488515933966,0.9850761705529066,-0.5027792641416459,0.7594352733644634,0.6397801747678864,0.002599087035583738,94,0.7195436237028946,29296,23,8,4,1,23/8/4/1,macd_slow_30d,macd_entry,start_date_cv_fast_slice,2007-01-01 00:00:00,2026-06-01 15:00:00,29296,"{""average_type"": ""sma"", ""bear_filter_buffer"": 0.01, ""bear_filter_require_20gt50"": true, ""bear_filter_slope_days"": 30, ""entry_confirm_bars"": 2, ""exit_confirm_bars"": 3, ""long_ma_days"": 200.0, ""macd_fast_days"": 12.0, ""macd_signal_days"": 9.0, ""macd_slow_days"": 30.0, ""peak_stop_drawdown"": 0.4, ""profit_lock_scheme"": [[3.0, 0.75], [4.0, 0.5]], ""q100_activation_gain"": 1.1, ""q100_distance_quantile"": 1.0, ""q100_reentry_rule"": ""ma20"", ""q100_trim_weight"": 0.5}",annual_net_eoy,525.4908114152945,0.27993161071622286,249.7481842591362,11.711537422065332,4.8514472965592566
480.0404422083449,0.42680389951780784,0.42091061494032317,1.056021763476644,-0.4938955592331288,0.8641582041768221,0.6279308769792935,0.0027079344471095156,89,0.742453943361754,26272,21,6,3,0,21/6/3/0,macd_slow_30d,macd_entry,start_date_cv_fast_slice,2009-01-01 00:00:00,2026-06-01 15:00:00,26272,"{""average_type"": ""sma"", ""bear_filter_buffer"": 0.01, ""bear_filter_require_20gt50"": true, ""bear_filter_slope_days"": 30, ""entry_confirm_bars"": 2, ""exit_confirm_bars"": 3, ""long_ma_days"": 200.0, ""macd_fast_days"": 12.0, ""macd_signal_days"": 9.0, ""macd_slow_days"": 30.0, ""peak_stop_drawdown"": 0.4, ""profit_lock_scheme"": [[3.0, 0.75], [4.0, 0.5]], ""q100_activation_gain"": 1.1, ""q100_distance_quantile"": 1.0, ""q100_reentry_rule"": ""ma20"", ""q100_trim_weight"": 0.5}",annual_net_eoy,480.0404422083449,0.25696088868538614,249.7364974462069,11.662842368193303,5.122107186358099
276.5096125889282,0.4099437688288403,0.4195189862905293,1.0298139140218203,-0.49389555923312667,0.8300211677654309,0.6229402261712439,0.002752134644364345,86,0.7507572697899838,24760,20,6,3,0,20/6/3/0,macd_slow_30d,macd_entry,start_date_cv_fast_slice,2010-01-01 00:00:00,2026-06-01 15:00:00,24760,"{""average_type"": ""sma"", ""bear_filter_buffer"": 0.01, ""bear_filter_require_20gt50"": true, ""bear_filter_slope_days"": 30, ""entry_confirm_bars"": 2, ""exit_confirm_bars"": 3, ""long_ma_days"": 200.0, ""macd_fast_days"": 12.0, ""macd_signal_days"": 9.0, ""macd_slow_days"": 30.0, ""peak_stop_drawdown"": 0.4, ""profit_lock_scheme"": [[3.0, 0.75], [4.0, 0.5]], ""q100_activation_gain"": 1.1, ""q100_distance_quantile"": 1.0, ""q100_reentry_rule"": ""ma20"", ""q100_trim_weight"": 0.5}",annual_net_eoy,276.5096125889282,0.24862182825292667,249.73174388574608,11.643035866273214,5.251696284329563
253.4998475719909,0.43370814015793235,0.41317565421736824,1.0796839105334253,-0.49389555923312645,0.8781373552565499,0.6233224363386097,0.0025870119491767547,78,0.7461179456297315,23248,18,5,2,0,18/5/2/0,macd_slow_30d,macd_entry,start_date_cv_fast_slice,2011-01-01 00:00:00,2026-06-01 15:00:00,23248,"{""average_type"": ""sma"", ""bear_filter_buffer"": 0.01, ""bear_filter_require_20gt50"": true, ""bear_filter_slope_days"": 30, ""entry_confirm_bars"": 2, ""exit_confirm_bars"": 3, ""long_ma_days"": 200.0, ""macd_fast_days"": 12.0, ""macd_signal_days"": 9.0, ""macd_slow_days"": 30.0, ""peak_stop_drawdown"": 0.4, ""profit_lock_scheme"": [[3.0, 0.75], [4.0, 0.5]], ""q100_activation_gain"": 1.1, ""q100_distance_quantile"": 1.0, ""q100_reentry_rule"": ""ma20"", ""q100_trim_weight"": 0.5}",annual_net_eoy,253.4998475719909,0.2532207702831411,249.6580584442518,11.631638551172582,5.072952512044047
330.02493024411075,0.5426608716243866,0.4107374196857539,1.2620680526429657,-0.49389555923312667,1.0987360819096612,0.6235608044670653,0.0021318799127568898,61,0.7426372486040421,20237,16,4,1,0,16/4/1/0,macd_slow_30d,macd_entry,start_date_cv_fast_slice,2013-01-01 00:00:00,2026-06-01 15:00:00,20237,"{""average_type"": ""sma"", ""bear_filter_buffer"": 0.01, ""bear_filter_require_20gt50"": true, ""bear_filter_slope_days"": 30, ""entry_confirm_bars"": 2, ""exit_confirm_bars"": 3, ""long_ma_days"": 200.0, ""macd_fast_days"": 12.0, ""macd_signal_days"": 9.0, ""macd_slow_days"": 30.0, ""peak_stop_drawdown"": 0.4, ""profit_lock_scheme"": [[3.0, 0.75], [4.0, 0.5]], ""q100_activation_gain"": 1.1, ""q100_distance_quantile"": 1.0, ""q100_reentry_rule"": ""ma20"", ""q100_trim_weight"": 0.5}",annual_net_eoy,330.02493024411075,0.2566030769156725,249.49688342506013,11.59432640460285,4.557592528536838
95.73044678540452,0.553090493879657,0.42076389654682234,1.258070016381782,-0.49389555923312634,1.1198531421064868,0.6441854540822826,0.0021741855915928796,49,0.6995605655330531,15702,13,3,1,0,13/3/1/0,macd_slow_30d,macd_entry,start_date_cv_fast_slice,2016-01-01 00:00:00,2026-06-01 15:00:00,15702,"{""average_type"": ""sma"", ""bear_filter_buffer"": 0.01, ""bear_filter_require_20gt50"": true, ""bear_filter_slope_days"": 30, ""entry_confirm_bars"": 2, ""exit_confirm_bars"": 3, ""long_ma_days"": 200.0, ""macd_fast_days"": 12.0, ""macd_signal_days"": 9.0, ""macd_slow_days"": 30.0, ""peak_stop_drawdown"": 0.4, ""profit_lock_scheme"": [[3.0, 0.75], [4.0, 0.5]], ""q100_activation_gain"": 1.1, ""q100_distance_quantile"": 1.0, ""q100_reentry_rule"": ""ma20"", ""q100_trim_weight"": 0.5}",annual_net_eoy,95.73044678540452,0.29966141534570384,247.9333204024805,11.516062905377126,4.718379824226213
40.70642544956394,0.5600437495189037,0.4473354910157318,1.219291566823171,-0.49389555923312844,1.1339315348137236,0.6402554399243141,0.0022958350005965653,43,0.6872831914222642,12684,13,3,1,0,13/3/1/0,macd_slow_30d,macd_entry,start_date_cv_fast_slice,2018-01-01 00:00:00,2026-06-01 15:00:00,12684,"{""average_type"": ""sma"", ""bear_filter_buffer"": 0.01, ""bear_filter_require_20gt50"": true, ""bear_filter_slope_days"": 30, ""entry_confirm_bars"": 2, ""exit_confirm_bars"": 3, ""long_ma_days"": 200.0, ""macd_fast_days"": 12.0, ""macd_signal_days"": 9.0, ""macd_slow_days"": 30.0, ""peak_stop_drawdown"": 0.4, ""profit_lock_scheme"": [[3.0, 0.75], [4.0, 0.5]], ""q100_activation_gain"": 1.1, ""q100_distance_quantile"": 1.0, ""q100_reentry_rule"": ""ma20"", ""q100_trim_weight"": 0.5}",annual_net_eoy,40.70642544956394,0.311760675269195,247.03693133795545,11.401002334974198,5.125827814569536
28.104791973558704,0.6943379309219164,0.4529196595667891,1.3919282164648774,-0.3934052377983541,1.7649432803886815,0.6425615559693773,0.002080080715533494,30,0.6718653010552452,9666,10,2,0,0,10/2/0/0,macd_slow_30d,macd_entry,start_date_cv_fast_slice,2020-01-01 00:00:00,2026-06-01 15:00:00,9666,"{""average_type"": ""sma"", ""bear_filter_buffer"": 0.01, ""bear_filter_require_20gt50"": true, ""bear_filter_slope_days"": 30, ""entry_confirm_bars"": 2, ""exit_confirm_bars"": 3, ""long_ma_days"": 200.0, ""macd_fast_days"": 12.0, ""macd_signal_days"": 9.0, ""macd_slow_days"": 30.0, ""peak_stop_drawdown"": 0.4, ""profit_lock_scheme"": [[3.0, 0.75], [4.0, 0.5]], ""q100_activation_gain"": 1.1, ""q100_distance_quantile"": 1.0, ""q100_reentry_rule"": ""ma20"", ""q100_trim_weight"": 0.5}",annual_net_eoy,28.104791973558704,0.32713098413939007,243.31114093661506,11.012188588142072,4.692737430167598
5.482525005186744,0.5309266204695597,0.40453641233134724,1.2561932363813553,-0.28926220617910225,1.8354510514271136,0.6735985533453888,0.0015761699610767393,14,0.6429324894514767,6636,6,0,0,0,6/0/0/0,macd_slow_30d,macd_entry,start_date_cv_fast_slice,2022-01-01 00:00:00,2026-06-01 15:00:00,6636,"{""average_type"": ""sma"", ""bear_filter_buffer"": 0.01, ""bear_filter_require_20gt50"": true, ""bear_filter_slope_days"": 30, ""entry_confirm_bars"": 2, ""exit_confirm_bars"": 3, ""long_ma_days"": 200.0, ""macd_fast_days"": 12.0, ""macd_signal_days"": 9.0, ""macd_slow_days"": 30.0, ""peak_stop_drawdown"": 0.4, ""profit_lock_scheme"": [[3.0, 0.75], [4.0, 0.5]], ""q100_activation_gain"": 1.1, ""q100_distance_quantile"": 1.0, ""q100_reentry_rule"": ""ma20"", ""q100_trim_weight"": 0.5}",annual_net_eoy,5.482525005186744,0.3579658915668983,225.97165883107797,9.629162022972341,3.1898734177215187
959.4879930433176,0.3261566236497664,0.4073372062163306,0.897462668870009,-0.5279067864595443,0.6178299503159752,0.6545237059591127,0.002819373625643381,124,0.6858008916920401,36784,22,7,4,2,22/7/4/2,macd_signal_9d,macd_entry,start_date_cv_fast_slice,2002-01-10 15:00:00,2026-06-01 15:00:00,36784,"{""average_type"": ""sma"", ""bear_filter_buffer"": 0.01, ""bear_filter_require_20gt50"": true, ""bear_filter_slope_days"": 30, ""entry_confirm_bars"": 2, ""exit_confirm_bars"": 3, ""long_ma_days"": 200.0, ""macd_fast_days"": 12.0, ""macd_signal_days"": 9.0, ""macd_slow_days"": 24.0, ""peak_stop_drawdown"": 0.4, ""profit_lock_scheme"": [[3.0, 0.75], [4.0, 0.5]], ""q100_activation_gain"": 1.1, ""q100_distance_quantile"": 1.0, ""q100_reentry_rule"": ""ma20"", ""q100_trim_weight"": 0.5}",annual_net_eoy,959.4879930433176,0.3134134351970943,304.79796016905505,14.014936440207977,5.096998695084819
1133.409010726081,0.3513810963541517,0.41522209069931576,0.9336324713692902,-0.5279067864595445,0.6656120083447334,0.6405798742850671,0.0028231451227608054,120,0.7138711138796081,35318,22,7,4,2,22/7/4/2,macd_signal_9d,macd_entry,start_date_cv_fast_slice,2003-01-01 00:00:00,2026-06-01 15:00:00,35318,"{""average_type"": ""sma"", ""bear_filter_buffer"": 0.01, ""bear_filter_require_20gt50"": true, ""bear_filter_slope_days"": 30, ""entry_confirm_bars"": 2, ""exit_confirm_bars"": 3, ""long_ma_days"": 200.0, ""macd_fast_days"": 12.0, ""macd_signal_days"": 9.0, ""macd_slow_days"": 24.0, ""peak_stop_drawdown"": 0.4, ""profit_lock_scheme"": [[3.0, 0.75], [4.0, 0.5]], ""q100_activation_gain"": 1.1, ""q100_distance_quantile"": 1.0, ""q100_reentry_rule"": ""ma20"", ""q100_trim_weight"": 0.5}",annual_net_eoy,1133.409010726081,0.2853106008349826,304.79130324410005,13.988037682249807,5.13732374426638
429.8620543028554,0.31160162770972555,0.407726875293079,0.8700537824939563,-0.5279067864595439,0.5902588026941478,0.6398911629007453,0.0029193138366753256,119,0.7132526913521826,33812,21,7,4,2,21/7/4/2,macd_signal_9d,macd_entry,start_date_cv_fast_slice,2004-01-01 00:00:00,2026-06-01 15:00:00,33812,"{""average_type"": ""sma"", ""bear_filter_buffer"": 0.01, ""bear_filter_require_20gt50"": true, ""bear_filter_slope_days"": 30, ""entry_confirm_bars"": 2, ""exit_confirm_bars"": 3, ""long_ma_days"": 200.0, ""macd_fast_days"": 12.0, ""macd_signal_days"": 9.0, ""macd_slow_days"": 24.0, ""peak_stop_drawdown"": 0.4, ""profit_lock_scheme"": [[3.0, 0.75], [4.0, 0.5]], ""q100_activation_gain"": 1.1, ""q100_distance_quantile"": 1.0, ""q100_reentry_rule"": ""ma20"", ""q100_trim_weight"": 0.5}",annual_net_eoy,429.8620543028554,0.285892576608598,304.7895919853302,13.980907437375606,5.321424346385898
468.2685613919287,0.3335869396857032,0.407821846676039,0.9107227936804192,-0.5279067864595444,0.6319050033869328,0.6378915438900582,0.0028695010352131393,113,0.71664912715117,32308,23,9,4,1,23/9/4/1,macd_signal_9d,macd_entry,start_date_cv_fast_slice,2005-01-01 00:00:00,2026-06-01 15:00:00,32308,"{""average_type"": ""sma"", ""bear_filter_buffer"": 0.01, ""bear_filter_require_20gt50"": true, ""bear_filter_slope_days"": 30, ""entry_confirm_bars"": 2, ""exit_confirm_bars"": 3, ""long_ma_days"": 200.0, ""macd_fast_days"": 12.0, ""macd_signal_days"": 9.0, ""macd_slow_days"": 24.0, ""peak_stop_drawdown"": 0.4, ""profit_lock_scheme"": [[3.0, 0.75], [4.0, 0.5]], ""q100_activation_gain"": 1.1, ""q100_distance_quantile"": 1.0, ""q100_reentry_rule"": ""ma20"", ""q100_trim_weight"": 0.5}",annual_net_eoy,468.2685613919287,0.2824563513770557,304.590482960438,13.960073830780019,5.2883496347653836
609.0195623501876,0.3923703639138352,0.4157497585442943,1.0050767247633299,-0.5279067864595445,0.7432569043965189,0.6368446204259968,0.002754909866386746,101,0.7202519115237576,29296,23,8,4,1,23/8/4/1,macd_signal_9d,macd_entry,start_date_cv_fast_slice,2007-01-01 00:00:00,2026-06-01 15:00:00,29296,"{""average_type"": ""sma"", ""bear_filter_buffer"": 0.01, ""bear_filter_require_20gt50"": true, ""bear_filter_slope_days"": 30, ""entry_confirm_bars"": 2, ""exit_confirm_bars"": 3, ""long_ma_days"": 200.0, ""macd_fast_days"": 12.0, ""macd_signal_days"": 9.0, ""macd_slow_days"": 24.0, ""peak_stop_drawdown"": 0.4, ""profit_lock_scheme"": [[3.0, 0.75], [4.0, 0.5]], ""q100_activation_gain"": 1.1, ""q100_distance_quantile"": 1.0, ""q100_reentry_rule"": ""ma20"", ""q100_trim_weight"": 0.5}",annual_net_eoy,609.0195623501876,0.27876159886298185,304.5841379674853,13.93363636014356,5.212725286728563
563.1993814418164,0.43995793660826576,0.4193120051207676,1.0803042919330597,-0.5279067864595446,0.8334007970590492,0.6250380633373934,0.002881693036147462,96,0.7423302375152253,26272,21,6,3,1,21/6/3/1,macd_signal_9d,macd_entry,start_date_cv_fast_slice,2009-01-01 00:00:00,2026-06-01 15:00:00,26272,"{""average_type"": ""sma"", ""bear_filter_buffer"": 0.01, ""bear_filter_require_20gt50"": true, ""bear_filter_slope_days"": 30, ""entry_confirm_bars"": 2, ""exit_confirm_bars"": 3, ""long_ma_days"": 200.0, ""macd_fast_days"": 12.0, ""macd_signal_days"": 9.0, ""macd_slow_days"": 24.0, ""peak_stop_drawdown"": 0.4, ""profit_lock_scheme"": [[3.0, 0.75], [4.0, 0.5]], ""q100_activation_gain"": 1.1, ""q100_distance_quantile"": 1.0, ""q100_reentry_rule"": ""ma20"", ""q100_trim_weight"": 0.5}",annual_net_eoy,563.1993814418164,0.25656972443247245,304.55989092530643,13.883873056519032,5.524969549330085
317.23849896414856,0.42178421327585935,0.4179756788641114,1.0520481797743837,-0.5279067864595433,0.7989747889103587,0.6196688206785137,0.00293650401638393,93,0.7509087237479806,24760,20,6,3,1,20/6/3/1,macd_signal_9d,macd_entry,start_date_cv_fast_slice,2010-01-01 00:00:00,2026-06-01 15:00:00,24760,"{""average_type"": ""sma"", ""bear_filter_buffer"": 0.01, ""bear_filter_require_20gt50"": true, ""bear_filter_slope_days"": 30, ""entry_confirm_bars"": 2, ""exit_confirm_bars"": 3, ""long_ma_days"": 200.0, ""macd_fast_days"": 12.0, ""macd_signal_days"": 9.0, ""macd_slow_days"": 24.0, ""peak_stop_drawdown"": 0.4, ""profit_lock_scheme"": [[3.0, 0.75], [4.0, 0.5]], ""q100_activation_gain"": 1.1, ""q100_distance_quantile"": 1.0, ""q100_reentry_rule"": ""ma20"", ""q100_trim_weight"": 0.5}",annual_net_eoy,317.23849896414856,0.24792406301655562,304.5548811976577,13.86299919131606,5.679159935379644
303.95663588325704,0.4506729428055545,0.4111727329356514,1.1115112899844457,-0.4574899957258237,0.985099012035326,0.6201823812801102,0.0027833723092595547,85,0.7455480041293875,23248,18,5,2,0,18/5/2/0,macd_signal_9d,macd_entry,start_date_cv_fast_slice,2011-01-01 00:00:00,2026-06-01 15:00:00,23248,"{""average_type"": ""sma"", ""bear_filter_buffer"": 0.01, ""bear_filter_require_20gt50"": true, ""bear_filter_slope_days"": 30, ""entry_confirm_bars"": 2, ""exit_confirm_bars"": 3, ""long_ma_days"": 200.0, ""macd_fast_days"": 12.0, ""macd_signal_days"": 9.0, ""macd_slow_days"": 24.0, ""peak_stop_drawdown"": 0.4, ""profit_lock_scheme"": [[3.0, 0.75], [4.0, 0.5]], ""q100_activation_gain"": 1.1, ""q100_distance_quantile"": 1.0, ""q100_reentry_rule"": ""ma20"", ""q100_trim_weight"": 0.5}",annual_net_eoy,303.95663588325704,0.25320886959264954,304.51475559049385,13.852578633300418,5.528217481073641
358.13811271167066,0.5520847127791157,0.4086026812255113,1.2813762778015387,-0.4574899957258246,1.206768930330844,0.6190640905272521,0.0024057519270833687,68,0.7437120126500963,20237,16,4,1,0,16/4/1/0,macd_signal_9d,macd_entry,start_date_cv_fast_slice,2013-01-01 00:00:00,2026-06-01 15:00:00,20237,"{""average_type"": ""sma"", ""bear_filter_buffer"": 0.01, ""bear_filter_require_20gt50"": true, ""bear_filter_slope_days"": 30, ""entry_confirm_bars"": 2, ""exit_confirm_bars"": 3, ""long_ma_days"": 200.0, ""macd_fast_days"": 12.0, ""macd_signal_days"": 9.0, ""macd_slow_days"": 24.0, ""peak_stop_drawdown"": 0.4, ""profit_lock_scheme"": [[3.0, 0.75], [4.0, 0.5]], ""q100_activation_gain"": 1.1, ""q100_distance_quantile"": 1.0, ""q100_reentry_rule"": ""ma20"", ""q100_trim_weight"": 0.5}",annual_net_eoy,358.13811271167066,0.2548565816830313,304.24171166102224,13.809996755872865,5.080594949844344
101.7776766490085,0.5621858794183769,0.41801262496681235,1.277490133170296,-0.4574899957258234,1.2288484659133365,0.6390268755572539,0.002654581586955475,58,0.6997675455356006,15702,13,3,1,0,13/3/1/0,macd_signal_9d,macd_entry,start_date_cv_fast_slice,2016-01-01 00:00:00,2026-06-01 15:00:00,15702,"{""average_type"": ""sma"", ""bear_filter_buffer"": 0.01, ""bear_filter_require_20gt50"": true, ""bear_filter_slope_days"": 30, ""entry_confirm_bars"": 2, ""exit_confirm_bars"": 3, ""long_ma_days"": 200.0, ""macd_fast_days"": 12.0, ""macd_signal_days"": 9.0, ""macd_slow_days"": 24.0, ""peak_stop_drawdown"": 0.4, ""profit_lock_scheme"": [[3.0, 0.75], [4.0, 0.5]], ""q100_activation_gain"": 1.1, ""q100_distance_quantile"": 1.0, ""q100_reentry_rule"": ""ma20"", ""q100_trim_weight"": 0.5}",annual_net_eoy,101.7776766490085,0.2985862551352034,302.4350625711199,13.7204674529469,5.585021016431028
41.63143583370339,0.564128558279289,0.44272850355362914,1.2330986189024031,-0.45748999572582316,1.2330948513623345,0.6364711447492905,0.0025735364565918936,46,0.6850165562913907,12684,13,3,1,0,13/3/1/0,macd_signal_9d,macd_entry,start_date_cv_fast_slice,2018-01-01 00:00:00,2026-06-01 15:00:00,12684,"{""average_type"": ""sma"", ""bear_filter_buffer"": 0.01, ""bear_filter_require_20gt50"": true, ""bear_filter_slope_days"": 30, ""entry_confirm_bars"": 2, ""exit_confirm_bars"": 3, ""long_ma_days"": 200.0, ""macd_fast_days"": 12.0, ""macd_signal_days"": 9.0, ""macd_slow_days"": 24.0, ""peak_stop_drawdown"": 0.4, ""profit_lock_scheme"": [[3.0, 0.75], [4.0, 0.5]], ""q100_activation_gain"": 1.1, ""q100_distance_quantile"": 1.0, ""q100_reentry_rule"": ""ma20"", ""q100_trim_weight"": 0.5}",annual_net_eoy,41.63143583370339,0.3129299914954741,300.24225703922565,13.584577206918986,5.483443708609271
27.989685397053176,0.6932879865500554,0.4529767497056562,1.3904705730746523,-0.3946167679357776,1.7568639826853112,0.6425615559693773,0.0020790796559799606,30,0.6710376577695013,9666,10,2,0,0,10/2/0/0,macd_signal_9d,macd_entry,start_date_cv_fast_slice,2020-01-01 00:00:00,2026-06-01 15:00:00,9666,"{""average_type"": ""sma"", ""bear_filter_buffer"": 0.01, ""bear_filter_require_20gt50"": true, ""bear_filter_slope_days"": 30, ""entry_confirm_bars"": 2, ""exit_confirm_bars"": 3, ""long_ma_days"": 200.0, ""macd_fast_days"": 12.0, ""macd_signal_days"": 9.0, ""macd_slow_days"": 24.0, ""peak_stop_drawdown"": 0.4, ""profit_lock_scheme"": [[3.0, 0.75], [4.0, 0.5]], ""q100_activation_gain"": 1.1, ""q100_distance_quantile"": 1.0, ""q100_reentry_rule"": ""ma20"", ""q100_trim_weight"": 0.5}",annual_net_eoy,27.989685397053176,0.3279380041326581,297.1111551527659,13.12925119534227,4.692737430167598
5.61081161684006,0.5377774727569544,0.40479019635634367,1.2667236311479384,-0.28926220617910237,1.8591349345651431,0.6735985533453888,0.0015761699610767396,14,0.6433845690174804,6636,6,0,0,0,6/0/0/0,macd_signal_9d,macd_entry,start_date_cv_fast_slice,2022-01-01 00:00:00,2026-06-01 15:00:00,6636,"{""average_type"": ""sma"", ""bear_filter_buffer"": 0.01, ""bear_filter_require_20gt50"": true, ""bear_filter_slope_days"": 30, ""entry_confirm_bars"": 2, ""exit_confirm_bars"": 3, ""long_ma_days"": 200.0, ""macd_fast_days"": 12.0, ""macd_signal_days"": 9.0, ""macd_slow_days"": 24.0, ""peak_stop_drawdown"": 0.4, ""profit_lock_scheme"": [[3.0, 0.75], [4.0, 0.5]], ""q100_activation_gain"": 1.1, ""q100_distance_quantile"": 1.0, ""q100_reentry_rule"": ""ma20"", ""q100_trim_weight"": 0.5}",annual_net_eoy,5.61081161684006,0.3575138120008946,276.1405323685362,11.466532811959418,3.1898734177215187
764.7780539513896,0.31386442881535315,0.4078137140032491,0.8740583322155954,-0.5318550128967034,0.590131560678383,0.6550402348847325,0.0028035861927214302,121,0.6865077207481514,36784,20,6,3,2,20/6/3/2,macd_signal_12d,macd_entry,start_date_cv_fast_slice,2002-01-10 15:00:00,2026-06-01 15:00:00,36784,"{""average_type"": ""sma"", ""bear_filter_buffer"": 0.01, ""bear_filter_require_20gt50"": true, ""bear_filter_slope_days"": 30, ""entry_confirm_bars"": 2, ""exit_confirm_bars"": 3, ""long_ma_days"": 200.0, ""macd_fast_days"": 12.0, ""macd_signal_days"": 12.0, ""macd_slow_days"": 24.0, ""peak_stop_drawdown"": 0.4, ""profit_lock_scheme"": [[3.0, 0.75], [4.0, 0.5]], ""q100_activation_gain"": 1.1, ""q100_distance_quantile"": 1.0, ""q100_reentry_rule"": ""ma20"", ""q100_trim_weight"": 0.5}",annual_net_eoy,764.7780539513896,0.313087840161223,242.79726108795836,11.441581327746658,4.973684210526316
875.5582380603197,0.33654467394653587,0.41575835082956225,0.9064136314465924,-0.5318550128967033,0.6327752221673606,0.6410329010702758,0.0028067023759291323,117,0.7147205391018744,35318,20,6,3,2,20/6/3/2,macd_signal_12d,macd_entry,start_date_cv_fast_slice,2003-01-01 00:00:00,2026-06-01 15:00:00,35318,"{""average_type"": ""sma"", ""bear_filter_buffer"": 0.01, ""bear_filter_require_20gt50"": true, ""bear_filter_slope_days"": 30, ""entry_confirm_bars"": 2, ""exit_confirm_bars"": 3, ""long_ma_days"": 200.0, ""macd_fast_days"": 12.0, ""macd_signal_days"": 12.0, ""macd_slow_days"": 24.0, ""peak_stop_drawdown"": 0.4, ""profit_lock_scheme"": [[3.0, 0.75], [4.0, 0.5]], ""q100_activation_gain"": 1.1, ""q100_distance_quantile"": 1.0, ""q100_reentry_rule"": ""ma20"", ""q100_trim_weight"": 0.5}",annual_net_eoy,875.5582380603197,0.28485823411547734,242.79037906846068,11.413744675860803,5.008890650659721
331.9272595649043,0.2965642548499934,0.4082966802779549,0.8411696614708754,-0.531855012896705,0.5576035717606201,0.6403643676801136,0.0029021387233250056,116,0.7141399503134982,33812,19,6,3,2,19/6/3/2,macd_signal_12d,macd_entry,start_date_cv_fast_slice,2004-01-01 00:00:00,2026-06-01 15:00:00,33812,"{""average_type"": ""sma"", ""bear_filter_buffer"": 0.01, ""bear_filter_require_20gt50"": true, ""bear_filter_slope_days"": 30, ""entry_confirm_bars"": 2, ""exit_confirm_bars"": 3, ""long_ma_days"": 200.0, ""macd_fast_days"": 12.0, ""macd_signal_days"": 12.0, ""macd_slow_days"": 24.0, ""peak_stop_drawdown"": 0.4, ""profit_lock_scheme"": [[3.0, 0.75], [4.0, 0.5]], ""q100_activation_gain"": 1.1, ""q100_distance_quantile"": 1.0, ""q100_reentry_rule"": ""ma20"", ""q100_trim_weight"": 0.5}",annual_net_eoy,331.9272595649043,0.2854200612945234,242.78861337400053,11.406387615610164,5.187270791434993
364.8405822452179,0.31813811287479066,0.4084670738768263,0.8813996454325389,-0.5304821230736927,0.5997150498332553,0.638293921010276,0.0028515263870578524,110,0.7177014980809706,32308,21,8,3,1,21/8/3/1,macd_signal_12d,macd_entry,start_date_cv_fast_slice,2005-01-01 00:00:00,2026-06-01 15:00:00,32308,"{""average_type"": ""sma"", ""bear_filter_buffer"": 0.01, ""bear_filter_require_20gt50"": true, ""bear_filter_slope_days"": 30, ""entry_confirm_bars"": 2, ""exit_confirm_bars"": 3, ""long_ma_days"": 200.0, ""macd_fast_days"": 12.0, ""macd_signal_days"": 12.0, ""macd_slow_days"": 24.0, ""peak_stop_drawdown"": 0.4, ""profit_lock_scheme"": [[3.0, 0.75], [4.0, 0.5]], ""q100_activation_gain"": 1.1, ""q100_distance_quantile"": 1.0, ""q100_reentry_rule"": ""ma20"", ""q100_trim_weight"": 0.5}",annual_net_eoy,364.8405822452179,0.28183803121488255,242.5751661042025,11.384738457708027,5.147950971895506
476.28871503302025,0.3748488466728528,0.41647169830888914,0.9736442973031765,-0.5304821230736931,0.7066191872799072,0.6371518296013108,0.0027350871966502284,98,0.721651419989077,29296,21,7,3,1,21/7/3/1,macd_signal_12d,macd_entry,start_date_cv_fast_slice,2007-01-01 00:00:00,2026-06-01 15:00:00,29296,"{""average_type"": ""sma"", ""bear_filter_buffer"": 0.01, ""bear_filter_require_20gt50"": true, ""bear_filter_slope_days"": 30, ""entry_confirm_bars"": 2, ""exit_confirm_bars"": 3, ""long_ma_days"": 200.0, ""macd_fast_days"": 12.0, ""macd_signal_days"": 12.0, ""macd_slow_days"": 24.0, ""peak_stop_drawdown"": 0.4, ""profit_lock_scheme"": [[3.0, 0.75], [4.0, 0.5]], ""q100_activation_gain"": 1.1, ""q100_distance_quantile"": 1.0, ""q100_reentry_rule"": ""ma20"", ""q100_trim_weight"": 0.5}",annual_net_eoy,476.28871503302025,0.2778407670839168,242.56864298105603,11.357558777931052,5.0578918623702895
445.1257367141484,0.42062988245859523,0.4201243813071899,1.046856492772721,-0.5304821230736917,0.7929199951572423,0.6253045066991474,0.002859588707105096,93,0.7440430876979294,26272,19,5,2,1,19/5/2/1,macd_signal_12d,macd_entry,start_date_cv_fast_slice,2009-01-01 00:00:00,2026-06-01 15:00:00,26272,"{""average_type"": ""sma"", ""bear_filter_buffer"": 0.01, ""bear_filter_require_20gt50"": true, ""bear_filter_slope_days"": 30, ""entry_confirm_bars"": 2, ""exit_confirm_bars"": 3, ""long_ma_days"": 200.0, ""macd_fast_days"": 12.0, ""macd_signal_days"": 12.0, ""macd_slow_days"": 24.0, ""peak_stop_drawdown"": 0.4, ""profit_lock_scheme"": [[3.0, 0.75], [4.0, 0.5]], ""q100_activation_gain"": 1.1, ""q100_distance_quantile"": 1.0, ""q100_reentry_rule"": ""ma20"", ""q100_trim_weight"": 0.5}",annual_net_eoy,445.1257367141484,0.2553906483134297,242.5476724004606,11.307231698035851,5.35231425091352
248.94506778055253,0.4009651826138545,0.41885453080785073,1.015495726143361,-0.5304821230736925,0.7558505087609786,0.6198303715670436,0.0029130498591706413,90,0.7529281098546042,24760,18,5,2,1,18/5/2/1,macd_signal_12d,macd_entry,start_date_cv_fast_slice,2010-01-01 00:00:00,2026-06-01 15:00:00,24760,"{""average_type"": ""sma"", ""bear_filter_buffer"": 0.01, ""bear_filter_require_20gt50"": true, ""bear_filter_slope_days"": 30, ""entry_confirm_bars"": 2, ""exit_confirm_bars"": 3, ""long_ma_days"": 200.0, ""macd_fast_days"": 12.0, ""macd_signal_days"": 12.0, ""macd_slow_days"": 24.0, ""peak_stop_drawdown"": 0.4, ""profit_lock_scheme"": [[3.0, 0.75], [4.0, 0.5]], ""q100_activation_gain"": 1.1, ""q100_distance_quantile"": 1.0, ""q100_reentry_rule"": ""ma20"", ""q100_trim_weight"": 0.5}",annual_net_eoy,248.94506778055253,0.24647104654646312,242.54258193149923,11.28602141069671,5.4959612277867524
249.22610534401898,0.4321298717764721,0.412246962366216,1.0784760554053807,-0.49336189562629296,0.8758882183795518,0.6202684101858225,0.0027583927440237906,82,0.748128871300757,23248,18,5,2,0,18/5/2/0,macd_signal_12d,macd_entry,start_date_cv_fast_slice,2011-01-01 00:00:00,2026-06-01 15:00:00,23248,"{""average_type"": ""sma"", ""bear_filter_buffer"": 0.01, ""bear_filter_require_20gt50"": true, ""bear_filter_slope_days"": 30, ""entry_confirm_bars"": 2, ""exit_confirm_bars"": 3, ""long_ma_days"": 200.0, ""macd_fast_days"": 12.0, ""macd_signal_days"": 12.0, ""macd_slow_days"": 24.0, ""peak_stop_drawdown"": 0.4, ""profit_lock_scheme"": [[3.0, 0.75], [4.0, 0.5]], ""q100_activation_gain"": 1.1, ""q100_distance_quantile"": 1.0, ""q100_reentry_rule"": ""ma20"", ""q100_trim_weight"": 0.5}",annual_net_eoy,249.22610534401898,0.25123120752281597,242.50626357861208,11.275036318618909,5.3331039229181005
326.44395889561446,0.5414077317972088,0.409887783947505,1.2618066177773166,-0.4933618956262913,1.0973845702249185,0.6196570637940406,0.002328759920594212,65,0.7456885902060582,20237,16,4,1,0,16/4/1/0,macd_signal_12d,macd_entry,start_date_cv_fast_slice,2013-01-01 00:00:00,2026-06-01 15:00:00,20237,"{""average_type"": ""sma"", ""bear_filter_buffer"": 0.01, ""bear_filter_require_20gt50"": true, ""bear_filter_slope_days"": 30, ""entry_confirm_bars"": 2, ""exit_confirm_bars"": 3, ""long_ma_days"": 200.0, ""macd_fast_days"": 12.0, ""macd_signal_days"": 12.0, ""macd_slow_days"": 24.0, ""peak_stop_drawdown"": 0.4, ""profit_lock_scheme"": [[3.0, 0.75], [4.0, 0.5]], ""q100_activation_gain"": 1.1, ""q100_distance_quantile"": 1.0, ""q100_reentry_rule"": ""ma20"", ""q100_trim_weight"": 0.5}",annual_net_eoy,326.44395889561446,0.253576276745092,242.3518389831347,11.238088789985415,4.856451054998271
92.72511835916035,0.5483774866312257,0.42305521778402005,1.246379907931813,-0.4933618956262905,1.1115116337371302,0.6392179340211438,0.0025553226149791198,55,0.7093045471914405,15702,13,3,1,0,13/3/1/0,macd_signal_12d,macd_entry,start_date_cv_fast_slice,2016-01-01 00:00:00,2026-06-01 15:00:00,15702,"{""average_type"": ""sma"", ""bear_filter_buffer"": 0.01, ""bear_filter_require_20gt50"": true, ""bear_filter_slope_days"": 30, ""entry_confirm_bars"": 2, ""exit_confirm_bars"": 3, ""long_ma_days"": 200.0, ""macd_fast_days"": 12.0, ""macd_signal_days"": 12.0, ""macd_slow_days"": 24.0, ""peak_stop_drawdown"": 0.4, ""profit_lock_scheme"": [[3.0, 0.75], [4.0, 0.5]], ""q100_activation_gain"": 1.1, ""q100_distance_quantile"": 1.0, ""q100_reentry_rule"": ""ma20"", ""q100_trim_weight"": 0.5}",annual_net_eoy,92.72511835916035,0.289891575911181,240.79647388021382,11.146119981062474,5.296140619029424
40.061302792145085,0.5571474136399723,0.4487669083323612,1.212691238379738,-0.4933618956262914,1.1292874836487103,0.6364711447492905,0.0026105904108137514,47,0.6944181646168401,12684,13,3,1,0,13/3/1/0,macd_signal_12d,macd_entry,start_date_cv_fast_slice,2018-01-01 00:00:00,2026-06-01 15:00:00,12684,"{""average_type"": ""sma"", ""bear_filter_buffer"": 0.01, ""bear_filter_require_20gt50"": true, ""bear_filter_slope_days"": 30, ""entry_confirm_bars"": 2, ""exit_confirm_bars"": 3, ""long_ma_days"": 200.0, ""macd_fast_days"": 12.0, ""macd_signal_days"": 12.0, ""macd_slow_days"": 24.0, ""peak_stop_drawdown"": 0.4, ""profit_lock_scheme"": [[3.0, 0.75], [4.0, 0.5]], ""q100_activation_gain"": 1.1, ""q100_distance_quantile"": 1.0, ""q100_reentry_rule"": ""ma20"", ""q100_trim_weight"": 0.5}",annual_net_eoy,40.061302792145085,0.3046155986495862,239.98713922748146,11.039783500012698,5.602649006622516
27.61399687784701,0.6898364962057515,0.4527698229765915,1.3863639177862854,-0.39436251750209883,1.7492445797719103,0.6425615559693773,0.0020792900703022485,30,0.6710893854748603,9666,10,2,0,0,10/2/0/0,macd_signal_12d,macd_entry,start_date_cv_fast_slice,2020-01-01 00:00:00,2026-06-01 15:00:00,9666,"{""average_type"": ""sma"", ""bear_filter_buffer"": 0.01, ""bear_filter_require_20gt50"": true, ""bear_filter_slope_days"": 30, ""entry_confirm_bars"": 2, ""exit_confirm_bars"": 3, ""long_ma_days"": 200.0, ""macd_fast_days"": 12.0, ""macd_signal_days"": 12.0, ""macd_slow_days"": 24.0, ""peak_stop_drawdown"": 0.4, ""profit_lock_scheme"": [[3.0, 0.75], [4.0, 0.5]], ""q100_activation_gain"": 1.1, ""q100_distance_quantile"": 1.0, ""q100_reentry_rule"": ""ma20"", ""q100_trim_weight"": 0.5}",annual_net_eoy,27.61399687784701,0.3278936417182109,236.36704346002912,10.70272602469099,4.692737430167598
5.482525005186708,0.5309266204695577,0.40453641233134724,1.2561932363813517,-0.28926220617910214,1.8354510514271074,0.6735985533453888,0.0015761699610767393,14,0.6429324894514767,6636,6,0,0,0,6/0/0/0,macd_signal_12d,macd_entry,start_date_cv_fast_slice,2022-01-01 00:00:00,2026-06-01 15:00:00,6636,"{""average_type"": ""sma"", ""bear_filter_buffer"": 0.01, ""bear_filter_require_20gt50"": true, ""bear_filter_slope_days"": 30, ""entry_confirm_bars"": 2, ""exit_confirm_bars"": 3, ""long_ma_days"": 200.0, ""macd_fast_days"": 12.0, ""macd_signal_days"": 12.0, ""macd_slow_days"": 24.0, ""peak_stop_drawdown"": 0.4, ""profit_lock_scheme"": [[3.0, 0.75], [4.0, 0.5]], ""q100_activation_gain"": 1.1, ""q100_distance_quantile"": 1.0, ""q100_reentry_rule"": ""ma20"", ""q100_trim_weight"": 0.5}",annual_net_eoy,5.482525005186708,0.3579658915668983,219.51034771105117,9.353830983772959,3.1898734177215187
957.4549381788762,0.32604112259753104,0.403243784090165,0.9022383805625884,-0.5279067864595437,0.6176111596976359,0.6546324488908221,0.003214965635370453,153,0.6739886907351023,36784,23,8,5,3,23/8/5/3,q100_activation_90,q100_activation,start_date_cv_fast_slice,2002-01-10 15:00:00,2026-06-01 15:00:00,36784,"{""average_type"": ""sma"", ""bear_filter_buffer"": 0.01, ""bear_filter_require_20gt50"": true, ""bear_filter_slope_days"": 30, ""entry_confirm_bars"": 2, ""exit_confirm_bars"": 3, ""long_ma_days"": 200.0, ""macd_fast_days"": 12.0, ""macd_signal_days"": 9.0, ""macd_slow_days"": 24.0, ""peak_stop_drawdown"": 0.4, ""profit_lock_scheme"": [[3.0, 0.75], [4.0, 0.5]], ""q100_activation_gain"": 0.9, ""q100_distance_quantile"": 1.0, ""q100_reentry_rule"": ""ma20"", ""q100_trim_weight"": 0.5}",annual_net_eoy,957.4549381788762,0.3246777454719322,305.01855806632295,14.342366451583754,6.289038712483689
1131.0078190670126,0.35125851313329637,0.411039730456662,0.9387033102977953,-0.5279067864595437,0.6653798021598557,0.6406931309813693,0.0032351575947524415,149,0.7015686052437851,35318,23,8,5,3,23/8/5/3,q100_activation_90,q100_activation,start_date_cv_fast_slice,2003-01-01 00:00:00,2026-06-01 15:00:00,35318,"{""average_type"": ""sma"", ""bear_filter_buffer"": 0.01, ""bear_filter_require_20gt50"": true, ""bear_filter_slope_days"": 30, ""entry_confirm_bars"": 2, ""exit_confirm_bars"": 3, ""long_ma_days"": 200.0, ""macd_fast_days"": 12.0, ""macd_signal_days"": 9.0, ""macd_slow_days"": 24.0, ""peak_stop_drawdown"": 0.4, ""profit_lock_scheme"": [[3.0, 0.75], [4.0, 0.5]], ""q100_activation_gain"": 0.9, ""q100_distance_quantile"": 1.0, ""q100_reentry_rule"": ""ma20"", ""q100_trim_weight"": 0.5}",annual_net_eoy,1131.0078190670126,0.2970424766249378,305.0119011413679,14.315467693625584,6.378843649130755
428.95005310997743,0.31147735393206855,0.4032759328101491,0.8749412642659915,-0.5279067864595433,0.5900233941317953,0.6400094640955873,0.0033496775089159685,148,0.700402224062463,33812,22,8,5,3,22/8/5/3,q100_activation_90,q100_activation,start_date_cv_fast_slice,2004-01-01 00:00:00,2026-06-01 15:00:00,33812,"{""average_type"": ""sma"", ""bear_filter_buffer"": 0.01, ""bear_filter_require_20gt50"": true, ""bear_filter_slope_days"": 30, ""entry_confirm_bars"": 2, ""exit_confirm_bars"": 3, ""long_ma_days"": 200.0, ""macd_fast_days"": 12.0, ""macd_signal_days"": 9.0, ""macd_slow_days"": 24.0, ""peak_stop_drawdown"": 0.4, ""profit_lock_scheme"": [[3.0, 0.75], [4.0, 0.5]], ""q100_activation_gain"": 0.9, ""q100_distance_quantile"": 1.0, ""q100_reentry_rule"": ""ma20"", ""q100_trim_weight"": 0.5}",annual_net_eoy,428.95005310997743,0.2981469948373227,305.0101898825981,14.308337448751384,6.618242044244647
467.2752655481641,0.33345470094187135,0.4031636587733906,0.9163092129486446,-0.5279067864595437,0.6316545069977534,0.6380153522347406,0.003319898970269492,142,0.7032004457100408,32308,23,8,4,2,23/8/4/2,q100_activation_90,q100_activation,start_date_cv_fast_slice,2005-01-01 00:00:00,2026-06-01 15:00:00,32308,"{""average_type"": ""sma"", ""bear_filter_buffer"": 0.01, ""bear_filter_require_20gt50"": true, ""bear_filter_slope_days"": 30, ""entry_confirm_bars"": 2, ""exit_confirm_bars"": 3, ""long_ma_days"": 200.0, ""macd_fast_days"": 12.0, ""macd_signal_days"": 9.0, ""macd_slow_days"": 24.0, ""peak_stop_drawdown"": 0.4, ""profit_lock_scheme"": [[3.0, 0.75], [4.0, 0.5]], ""q100_activation_gain"": 0.9, ""q100_distance_quantile"": 1.0, ""q100_reentry_rule"": ""ma20"", ""q100_trim_weight"": 0.5}",annual_net_eoy,467.2752655481641,0.2952812365184955,304.81108085770586,14.287503842155797,6.645536709174198
607.7283403384224,0.3922181018592428,0.41070899140781636,1.0120687215742035,-0.5279067864595441,0.742968478374165,0.6369811578372474,0.003251614416011289,130,0.7054205352266522,29296,23,7,4,2,23/7/4/2,q100_activation_90,q100_activation,start_date_cv_fast_slice,2007-01-01 00:00:00,2026-06-01 15:00:00,29296,"{""average_type"": ""sma"", ""bear_filter_buffer"": 0.01, ""bear_filter_require_20gt50"": true, ""bear_filter_slope_days"": 30, ""entry_confirm_bars"": 2, ""exit_confirm_bars"": 3, ""long_ma_days"": 200.0, ""macd_fast_days"": 12.0, ""macd_signal_days"": 9.0, ""macd_slow_days"": 24.0, ""peak_stop_drawdown"": 0.4, ""profit_lock_scheme"": [[3.0, 0.75], [4.0, 0.5]], ""q100_activation_gain"": 0.9, ""q100_distance_quantile"": 1.0, ""q100_reentry_rule"": ""ma20"", ""q100_trim_weight"": 0.5}",annual_net_eoy,607.7283403384224,0.2929050446968718,304.8047358647531,14.261066371519334,6.709448388858547
534.9659994390369,0.435709811067307,0.41386898745378453,1.0818860865570454,-0.5279067864595449,0.8253536841028974,0.6251522533495737,0.0033963702974727375,123,0.7263436358099878,26272,21,6,3,1,21/6/3/1,q100_activation_90,q100_activation,start_date_cv_fast_slice,2009-01-01 00:00:00,2026-06-01 15:00:00,26272,"{""average_type"": ""sma"", ""bear_filter_buffer"": 0.01, ""bear_filter_require_20gt50"": true, ""bear_filter_slope_days"": 30, ""entry_confirm_bars"": 2, ""exit_confirm_bars"": 3, ""long_ma_days"": 200.0, ""macd_fast_days"": 12.0, ""macd_signal_days"": 9.0, ""macd_slow_days"": 24.0, ""peak_stop_drawdown"": 0.4, ""profit_lock_scheme"": [[3.0, 0.75], [4.0, 0.5]], ""q100_activation_gain"": 0.9, ""q100_distance_quantile"": 1.0, ""q100_reentry_rule"": ""ma20"", ""q100_trim_weight"": 0.5}",annual_net_eoy,534.9659994390369,0.27177583273091815,304.75253954860483,14.208048472965881,7.078867235079171
301.3133678761146,0.4173339617145657,0.4121791047009118,1.0533915679636585,-0.5279067864595431,0.7905447939274572,0.6197899838449111,0.0034826106807432857,120,0.7339458804523424,24760,20,6,3,1,20/6/3/1,q100_activation_90,q100_activation,start_date_cv_fast_slice,2010-01-01 00:00:00,2026-06-01 15:00:00,24760,"{""average_type"": ""sma"", ""bear_filter_buffer"": 0.01, ""bear_filter_require_20gt50"": true, ""bear_filter_slope_days"": 30, ""entry_confirm_bars"": 2, ""exit_confirm_bars"": 3, ""long_ma_days"": 200.0, ""macd_fast_days"": 12.0, ""macd_signal_days"": 9.0, ""macd_slow_days"": 24.0, ""peak_stop_drawdown"": 0.4, ""profit_lock_scheme"": [[3.0, 0.75], [4.0, 0.5]], ""q100_activation_gain"": 0.9, ""q100_distance_quantile"": 1.0, ""q100_reentry_rule"": ""ma20"", ""q100_trim_weight"": 0.5}",annual_net_eoy,301.3133678761146,0.26405875111093224,304.7472770833517,14.18612153441106,7.32794830371567
288.69614911496564,0.44583744514709145,0.4048927395751474,1.114166606971311,-0.45529610325431413,0.9792252601337565,0.6203114246386786,0.0033649965784241114,112,0.7274819339298004,23248,18,5,2,0,18/5/2/0,q100_activation_90,q100_activation,start_date_cv_fast_slice,2011-01-01 00:00:00,2026-06-01 15:00:00,23248,"{""average_type"": ""sma"", ""bear_filter_buffer"": 0.01, ""bear_filter_require_20gt50"": true, ""bear_filter_slope_days"": 30, ""entry_confirm_bars"": 2, ""exit_confirm_bars"": 3, ""long_ma_days"": 200.0, ""macd_fast_days"": 12.0, ""macd_signal_days"": 9.0, ""macd_slow_days"": 24.0, ""peak_stop_drawdown"": 0.4, ""profit_lock_scheme"": [[3.0, 0.75], [4.0, 0.5]], ""q100_activation_gain"": 0.9, ""q100_distance_quantile"": 1.0, ""q100_reentry_rule"": ""ma20"", ""q100_trim_weight"": 0.5}",annual_net_eoy,288.69614911496564,0.2703929231549674,304.70512716458,14.175175265807031,7.284239504473503
339.87279032023514,0.5460434792899618,0.40197946948240054,1.2861044984327474,-0.4552961032543157,1.199315072953649,0.6191629194050502,0.003024441875102638,93,0.7252804269407521,20237,16,4,1,0,16/4/1/0,q100_activation_90,q100_activation,start_date_cv_fast_slice,2013-01-01 00:00:00,2026-06-01 15:00:00,20237,"{""average_type"": ""sma"", ""bear_filter_buffer"": 0.01, ""bear_filter_require_20gt50"": true, ""bear_filter_slope_days"": 30, ""entry_confirm_bars"": 2, ""exit_confirm_bars"": 3, ""long_ma_days"": 200.0, ""macd_fast_days"": 12.0, ""macd_signal_days"": 9.0, ""macd_slow_days"": 24.0, ""peak_stop_drawdown"": 0.4, ""profit_lock_scheme"": [[3.0, 0.75], [4.0, 0.5]], ""q100_activation_gain"": 0.9, ""q100_distance_quantile"": 1.0, ""q100_reentry_rule"": ""ma20"", ""q100_trim_weight"": 0.5}",annual_net_eoy,339.87279032023514,0.2722823248228217,304.4168500779547,14.126665748692211,6.9484607402282945
96.38707831281516,0.5541025944901619,0.4103870984865859,1.2809098455510937,-0.45529610325431424,1.21701589477619,0.6390905617118838,0.0033242803107982237,79,0.6799293083683607,15702,13,3,1,0,13/3/1/0,q100_activation_90,q100_activation,start_date_cv_fast_slice,2016-01-01 00:00:00,2026-06-01 15:00:00,15702,"{""average_type"": ""sma"", ""bear_filter_buffer"": 0.01, ""bear_filter_require_20gt50"": true, ""bear_filter_slope_days"": 30, ""entry_confirm_bars"": 2, ""exit_confirm_bars"": 3, ""long_ma_days"": 200.0, ""macd_fast_days"": 12.0, ""macd_signal_days"": 9.0, ""macd_slow_days"": 24.0, ""peak_stop_drawdown"": 0.4, ""profit_lock_scheme"": [[3.0, 0.75], [4.0, 0.5]], ""q100_activation_gain"": 0.9, ""q100_distance_quantile"": 1.0, ""q100_reentry_rule"": ""ma20"", ""q100_trim_weight"": 0.5}",annual_net_eoy,96.38707831281516,0.31718490214331396,302.5148012603404,14.026589783860262,7.6071837982422625
40.04441217520603,0.5570710446997671,0.4339735517673694,1.2387403855854227,-0.4552961032543147,1.2235357182238038,0.6364711447492905,0.0034032724569755526,67,0.6627444023967203,12684,13,3,1,0,13/3/1/0,q100_activation_90,q100_activation,start_date_cv_fast_slice,2018-01-01 00:00:00,2026-06-01 15:00:00,12684,"{""average_type"": ""sma"", ""bear_filter_buffer"": 0.01, ""bear_filter_require_20gt50"": true, ""bear_filter_slope_days"": 30, ""entry_confirm_bars"": 2, ""exit_confirm_bars"": 3, ""long_ma_days"": 200.0, ""macd_fast_days"": 12.0, ""macd_signal_days"": 9.0, ""macd_slow_days"": 24.0, ""peak_stop_drawdown"": 0.4, ""profit_lock_scheme"": [[3.0, 0.75], [4.0, 0.5]], ""q100_activation_gain"": 0.9, ""q100_distance_quantile"": 1.0, ""q100_reentry_rule"": ""ma20"", ""q100_trim_weight"": 0.5}",annual_net_eoy,40.04441217520603,0.33369200415647127,300.28924548317303,13.87421962106684,7.986754966887417
27.57514246698065,0.6894773590308445,0.44215165883418084,1.4085118321630303,-0.39733067919936005,1.7352734010375783,0.6425615559693773,0.0031692676445194135,51,0.6434150631078005,9666,10,2,0,0,10/2/0/0,q100_activation_90,q100_activation,start_date_cv_fast_slice,2020-01-01 00:00:00,2026-06-01 15:00:00,9666,"{""average_type"": ""sma"", ""bear_filter_buffer"": 0.01, ""bear_filter_require_20gt50"": true, ""bear_filter_slope_days"": 30, ""entry_confirm_bars"": 2, ""exit_confirm_bars"": 3, ""long_ma_days"": 200.0, ""macd_fast_days"": 12.0, ""macd_signal_days"": 9.0, ""macd_slow_days"": 24.0, ""peak_stop_drawdown"": 0.4, ""profit_lock_scheme"": [[3.0, 0.75], [4.0, 0.5]], ""q100_activation_gain"": 0.9, ""q100_distance_quantile"": 1.0, ""q100_reentry_rule"": ""ma20"", ""q100_trim_weight"": 0.5}",annual_net_eoy,27.57514246698065,0.35369559356415986,297.2379836221469,13.406228364442253,7.977653631284916
5.990437268364243,0.5574664890225749,0.4011952797973829,1.3059288436267158,-0.28926220617910336,1.9272012627788875,0.6735985533453888,0.0018822337686365414,18,0.6366033755274262,6636,6,0,0,0,6/0/0/0,q100_activation_90,q100_activation,start_date_cv_fast_slice,2022-01-01 00:00:00,2026-06-01 15:00:00,6636,"{""average_type"": ""sma"", ""bear_filter_buffer"": 0.01, ""bear_filter_require_20gt50"": true, ""bear_filter_slope_days"": 30, ""entry_confirm_bars"": 2, ""exit_confirm_bars"": 3, ""long_ma_days"": 200.0, ""macd_fast_days"": 12.0, ""macd_signal_days"": 9.0, ""macd_slow_days"": 24.0, ""peak_stop_drawdown"": 0.4, ""profit_lock_scheme"": [[3.0, 0.75], [4.0, 0.5]], ""q100_activation_gain"": 0.9, ""q100_distance_quantile"": 1.0, ""q100_reentry_rule"": ""ma20"", ""q100_trim_weight"": 0.5}",annual_net_eoy,5.990437268364243,0.3642264469269327,273.12484905635836,11.47726333613498,4.10126582278481
905.4488960748903,0.3230037928241263,0.40626311356936656,0.8929236481613049,-0.5279067864595443,0.611857625453882,0.6545508916920401,0.002900341920618484,130,0.6809074597651152,36784,21,7,4,2,21/7/4/2,q100_activation_100,q100_activation,start_date_cv_fast_slice,2002-01-10 15:00:00,2026-06-01 15:00:00,36784,"{""average_type"": ""sma"", ""bear_filter_buffer"": 0.01, ""bear_filter_require_20gt50"": true, ""bear_filter_slope_days"": 30, ""entry_confirm_bars"": 2, ""exit_confirm_bars"": 3, ""long_ma_days"": 200.0, ""macd_fast_days"": 12.0, ""macd_signal_days"": 9.0, ""macd_slow_days"": 24.0, ""peak_stop_drawdown"": 0.4, ""profit_lock_scheme"": [[3.0, 0.75], [4.0, 0.5]], ""q100_activation_gain"": 1.0, ""q100_distance_quantile"": 1.0, ""q100_reentry_rule"": ""ma20"", ""q100_trim_weight"": 0.5}",annual_net_eoy,905.4488960748903,0.31820879544240516,288.1845446887097,13.324429816324386,5.3436276642018266
1069.584747459386,0.34803510283930383,0.4141247567171481,0.9290443757707142,-0.5279067864595445,0.6592737804592992,0.6406081884591427,0.002907474296620146,126,0.7087745625460106,35318,21,7,4,2,21/7/4/2,q100_activation_100,q100_activation,start_date_cv_fast_slice,2003-01-01 00:00:00,2026-06-01 15:00:00,35318,"{""average_type"": ""sma"", ""bear_filter_buffer"": 0.01, ""bear_filter_require_20gt50"": true, ""bear_filter_slope_days"": 30, ""entry_confirm_bars"": 2, ""exit_confirm_bars"": 3, ""long_ma_days"": 200.0, ""macd_fast_days"": 12.0, ""macd_signal_days"": 9.0, ""macd_slow_days"": 24.0, ""peak_stop_drawdown"": 0.4, ""profit_lock_scheme"": [[3.0, 0.75], [4.0, 0.5]], ""q100_activation_gain"": 1.0, ""q100_distance_quantile"": 1.0, ""q100_reentry_rule"": ""ma20"", ""q100_trim_weight"": 0.5}",annual_net_eoy,1069.584747459386,0.29030500967080336,288.17788776375465,13.297531058366216,5.394189931479699
405.6208388986819,0.3082096696213972,0.4065593021536047,0.8650386227676009,-0.5279067864595439,0.5838335053209565,0.6399207381994558,0.003007399065658059,125,0.7079291375842895,33812,20,7,4,2,20/7/4/2,q100_activation_100,q100_activation,start_date_cv_fast_slice,2004-01-01 00:00:00,2026-06-01 15:00:00,33812,"{""average_type"": ""sma"", ""bear_filter_buffer"": 0.01, ""bear_filter_require_20gt50"": true, ""bear_filter_slope_days"": 30, ""entry_confirm_bars"": 2, ""exit_confirm_bars"": 3, ""long_ma_days"": 200.0, ""macd_fast_days"": 12.0, ""macd_signal_days"": 9.0, ""macd_slow_days"": 24.0, ""peak_stop_drawdown"": 0.4, ""profit_lock_scheme"": [[3.0, 0.75], [4.0, 0.5]], ""q100_activation_gain"": 1.0, ""q100_distance_quantile"": 1.0, ""q100_reentry_rule"": ""ma20"", ""q100_trim_weight"": 0.5}",annual_net_eoy,405.6208388986819,0.2911094384110207,288.1761765049848,13.290400813492015,5.5897314562877085
441.86651422740107,0.3299777933955512,0.4066002107941556,0.9055962665667776,-0.5279067864595444,0.6250682920910674,0.6379224959762287,0.0029616868022790113,119,0.7110777516404606,32308,22,9,4,1,22/9/4/1,q100_activation_100,q100_activation,start_date_cv_fast_slice,2005-01-01 00:00:00,2026-06-01 15:00:00,32308,"{""average_type"": ""sma"", ""bear_filter_buffer"": 0.01, ""bear_filter_require_20gt50"": true, ""bear_filter_slope_days"": 30, ""entry_confirm_bars"": 2, ""exit_confirm_bars"": 3, ""long_ma_days"": 200.0, ""macd_fast_days"": 12.0, ""macd_signal_days"": 9.0, ""macd_slow_days"": 24.0, ""peak_stop_drawdown"": 0.4, ""profit_lock_scheme"": [[3.0, 0.75], [4.0, 0.5]], ""q100_activation_gain"": 1.0, ""q100_distance_quantile"": 1.0, ""q100_reentry_rule"": ""ma20"", ""q100_trim_weight"": 0.5}",annual_net_eoy,441.86651422740107,0.2879160682045757,287.9770674800926,13.26956720689643,5.5691469605051385
574.698564564429,0.3882152857629406,0.4144283523686765,0.9997740033881144,-0.5279067864595445,0.735386048674506,0.6368787547788094,0.0028565734983625854,107,0.7141077280174768,29296,22,8,4,1,22/8/4/1,q100_activation_100,q100_activation,start_date_cv_fast_slice,2007-01-01 00:00:00,2026-06-01 15:00:00,29296,"{""average_type"": ""sma"", ""bear_filter_buffer"": 0.01, ""bear_filter_require_20gt50"": true, ""bear_filter_slope_days"": 30, ""entry_confirm_bars"": 2, ""exit_confirm_bars"": 3, ""long_ma_days"": 200.0, ""macd_fast_days"": 12.0, ""macd_signal_days"": 9.0, ""macd_slow_days"": 24.0, ""peak_stop_drawdown"": 0.4, ""profit_lock_scheme"": [[3.0, 0.75], [4.0, 0.5]], ""q100_activation_gain"": 1.0, ""q100_distance_quantile"": 1.0, ""q100_reentry_rule"": ""ma20"", ""q100_trim_weight"": 0.5}",annual_net_eoy,574.698564564429,0.28478264375865076,287.9707224871399,13.243129736259966,5.522392135445112
531.4563244706801,0.43516706245214,0.4178510116070391,1.0746725786489613,-0.5279067864595446,0.8243255696154769,0.6250761266747868,0.0029950585112679014,102,0.7354788367844093,26272,20,6,3,1,20/6/3/1,q100_activation_100,q100_activation,start_date_cv_fast_slice,2009-01-01 00:00:00,2026-06-01 15:00:00,26272,"{""average_type"": ""sma"", ""bear_filter_buffer"": 0.01, ""bear_filter_require_20gt50"": true, ""bear_filter_slope_days"": 30, ""entry_confirm_bars"": 2, ""exit_confirm_bars"": 3, ""long_ma_days"": 200.0, ""macd_fast_days"": 12.0, ""macd_signal_days"": 9.0, ""macd_slow_days"": 24.0, ""peak_stop_drawdown"": 0.4, ""profit_lock_scheme"": [[3.0, 0.75], [4.0, 0.5]], ""q100_activation_gain"": 1.0, ""q100_distance_quantile"": 1.0, ""q100_reentry_rule"": ""ma20"", ""q100_trim_weight"": 0.5}",annual_net_eoy,531.4563244706801,0.2632838128636355,287.94647544496104,13.193366432635443,5.870280146163215
299.33372427756353,0.4167654469721054,0.4164202385811322,1.0459600497425305,-0.5279067864595433,0.7894678713399049,0.6197092084006462,0.0030567922943469427,99,0.7436389337641357,24760,19,6,3,1,19/6/3/1,q100_activation_100,q100_activation,start_date_cv_fast_slice,2010-01-01 00:00:00,2026-06-01 15:00:00,24760,"{""average_type"": ""sma"", ""bear_filter_buffer"": 0.01, ""bear_filter_require_20gt50"": true, ""bear_filter_slope_days"": 30, ""entry_confirm_bars"": 2, ""exit_confirm_bars"": 3, ""long_ma_days"": 200.0, ""macd_fast_days"": 12.0, ""macd_signal_days"": 9.0, ""macd_slow_days"": 24.0, ""peak_stop_drawdown"": 0.4, ""profit_lock_scheme"": [[3.0, 0.75], [4.0, 0.5]], ""q100_activation_gain"": 1.0, ""q100_distance_quantile"": 1.0, ""q100_reentry_rule"": ""ma20"", ""q100_trim_weight"": 0.5}",annual_net_eoy,299.33372427756353,0.25504815555546984,287.9414657173123,13.172492567432469,6.045557350565428
286.7991270575138,0.4452197867026155,0.40948852797553137,1.1052329236894136,-0.45529610325431646,0.9778686518955938,0.6202253957329663,0.0029114838785284885,91,0.7378054026152787,23248,18,5,2,0,18/5/2/0,q100_activation_100,q100_activation,start_date_cv_fast_slice,2011-01-01 00:00:00,2026-06-01 15:00:00,23248,"{""average_type"": ""sma"", ""bear_filter_buffer"": 0.01, ""bear_filter_require_20gt50"": true, ""bear_filter_slope_days"": 30, ""entry_confirm_bars"": 2, ""exit_confirm_bars"": 3, ""long_ma_days"": 200.0, ""macd_fast_days"": 12.0, ""macd_signal_days"": 9.0, ""macd_slow_days"": 24.0, ""peak_stop_drawdown"": 0.4, ""profit_lock_scheme"": [[3.0, 0.75], [4.0, 0.5]], ""q100_activation_gain"": 1.0, ""q100_distance_quantile"": 1.0, ""q100_reentry_rule"": ""ma20"", ""q100_trim_weight"": 0.5}",annual_net_eoy,286.7991270575138,0.26079629781286273,287.9013401101485,13.162072009416825,5.918444597384721
344.17835206491134,0.5474940538244171,0.4067997621743964,1.2780099619226033,-0.45529610325431535,1.202501075478352,0.6191135049661511,0.0025534637153567215,74,0.7355833374512032,20237,16,4,1,0,16/4/1/0,q100_activation_100,q100_activation,start_date_cv_fast_slice,2013-01-01 00:00:00,2026-06-01 15:00:00,20237,"{""average_type"": ""sma"", ""bear_filter_buffer"": 0.01, ""bear_filter_require_20gt50"": true, ""bear_filter_slope_days"": 30, ""entry_confirm_bars"": 2, ""exit_confirm_bars"": 3, ""long_ma_days"": 200.0, ""macd_fast_days"": 12.0, ""macd_signal_days"": 9.0, ""macd_slow_days"": 24.0, ""peak_stop_drawdown"": 0.4, ""profit_lock_scheme"": [[3.0, 0.75], [4.0, 0.5]], ""q100_activation_gain"": 1.0, ""q100_distance_quantile"": 1.0, ""q100_reentry_rule"": ""ma20"", ""q100_trim_weight"": 0.5}",annual_net_eoy,344.17835206491134,0.26282196244666534,287.6444865435394,13.119202316015768,5.528882739536493
97.41480148298605,0.5556743656003593,0.416361428648935,1.2709661313593228,-0.45529610325431347,1.2204680901693943,0.6390905617118838,0.0027810974474973492,62,0.6915201885110177,15702,13,3,1,0,13/3/1/0,q100_activation_100,q100_activation,start_date_cv_fast_slice,2016-01-01 00:00:00,2026-06-01 15:00:00,15702,"{""average_type"": ""sma"", ""bear_filter_buffer"": 0.01, ""bear_filter_require_20gt50"": true, ""bear_filter_slope_days"": 30, ""entry_confirm_bars"": 2, ""exit_confirm_bars"": 3, ""long_ma_days"": 200.0, ""macd_fast_days"": 12.0, ""macd_signal_days"": 9.0, ""macd_slow_days"": 24.0, ""peak_stop_drawdown"": 0.4, ""profit_lock_scheme"": [[3.0, 0.75], [4.0, 0.5]], ""q100_activation_gain"": 1.0, ""q100_distance_quantile"": 1.0, ""q100_reentry_rule"": ""ma20"", ""q100_trim_weight"": 0.5}",annual_net_eoy,97.41480148298605,0.3066325422434435,285.8744898773334,13.0281043059522,5.970194879633168
40.47755273275519,0.5590207502282731,0.4409619925933999,1.2289691740836248,-0.455296103254316,1.2278179985125401,0.6364711447492905,0.0027308459890198348,50,0.6770931882686849,12684,13,3,1,0,13/3/1/0,q100_activation_100,q100_activation,start_date_cv_fast_slice,2018-01-01 00:00:00,2026-06-01 15:00:00,12684,"{""average_type"": ""sma"", ""bear_filter_buffer"": 0.01, ""bear_filter_require_20gt50"": true, ""bear_filter_slope_days"": 30, ""entry_confirm_bars"": 2, ""exit_confirm_bars"": 3, ""long_ma_days"": 200.0, ""macd_fast_days"": 12.0, ""macd_signal_days"": 9.0, ""macd_slow_days"": 24.0, ""peak_stop_drawdown"": 0.4, ""profit_lock_scheme"": [[3.0, 0.75], [4.0, 0.5]], ""q100_activation_gain"": 1.0, ""q100_distance_quantile"": 1.0, ""q100_reentry_rule"": ""ma20"", ""q100_trim_weight"": 0.5}",annual_net_eoy,40.47755273275519,0.3206288414989683,283.79167330643173,12.885506621709453,5.960264900662251
27.87669516281062,0.6922539203974643,0.4511329926942196,1.393118203182231,-0.39599391254225735,1.748142833694678,0.6425615559693773,0.0022868905164881367,34,0.662243947858473,9666,10,2,0,0,10/2/0/0,q100_activation_100,q100_activation,start_date_cv_fast_slice,2020-01-01 00:00:00,2026-06-01 15:00:00,9666,"{""average_type"": ""sma"", ""bear_filter_buffer"": 0.01, ""bear_filter_require_20gt50"": true, ""bear_filter_slope_days"": 30, ""entry_confirm_bars"": 2, ""exit_confirm_bars"": 3, ""long_ma_days"": 200.0, ""macd_fast_days"": 12.0, ""macd_signal_days"": 9.0, ""macd_slow_days"": 24.0, ""peak_stop_drawdown"": 0.4, ""profit_lock_scheme"": [[3.0, 0.75], [4.0, 0.5]], ""q100_activation_gain"": 1.0, ""q100_distance_quantile"": 1.0, ""q100_reentry_rule"": ""ma20"", ""q100_trim_weight"": 0.5}",annual_net_eoy,27.87669516281062,0.3365537401451895,280.9361084935855,12.44753065438706,5.318435754189943
5.741200360524618,0.5446361886172295,0.40434023773489475,1.2786726908515544,-0.2892622061791026,1.882846002633358,0.6735985533453888,0.0015761699610767393,14,0.6433845690174804,6636,6,0,0,0,6/0/0/0,q100_activation_100,q100_activation,start_date_cv_fast_slice,2022-01-01 00:00:00,2026-06-01 15:00:00,6636,"{""average_type"": ""sma"", ""bear_filter_buffer"": 0.01, ""bear_filter_require_20gt50"": true, ""bear_filter_slope_days"": 30, ""entry_confirm_bars"": 2, ""exit_confirm_bars"": 3, ""long_ma_days"": 200.0, ""macd_fast_days"": 12.0, ""macd_signal_days"": 9.0, ""macd_slow_days"": 24.0, ""peak_stop_drawdown"": 0.4, ""profit_lock_scheme"": [[3.0, 0.75], [4.0, 0.5]], ""q100_activation_gain"": 1.0, ""q100_distance_quantile"": 1.0, ""q100_reentry_rule"": ""ma20"", ""q100_trim_weight"": 0.5}",annual_net_eoy,5.741200360524618,0.35751381200089466,258.30958900093,10.756489590359447,3.1898734177215187
959.4879930433176,0.3261566236497664,0.4073372062163306,0.897462668870009,-0.5279067864595443,0.6178299503159752,0.6545237059591127,0.002819373625643381,124,0.6858008916920401,36784,22,7,4,2,22/7/4/2,q100_activation_110,q100_activation,start_date_cv_fast_slice,2002-01-10 15:00:00,2026-06-01 15:00:00,36784,"{""average_type"": ""sma"", ""bear_filter_buffer"": 0.01, ""bear_filter_require_20gt50"": true, ""bear_filter_slope_days"": 30, ""entry_confirm_bars"": 2, ""exit_confirm_bars"": 3, ""long_ma_days"": 200.0, ""macd_fast_days"": 12.0, ""macd_signal_days"": 9.0, ""macd_slow_days"": 24.0, ""peak_stop_drawdown"": 0.4, ""profit_lock_scheme"": [[3.0, 0.75], [4.0, 0.5]], ""q100_activation_gain"": 1.1, ""q100_distance_quantile"": 1.0, ""q100_reentry_rule"": ""ma20"", ""q100_trim_weight"": 0.5}",annual_net_eoy,959.4879930433176,0.3134134351970943,304.79796016905505,14.014936440207977,5.096998695084819
1133.409010726081,0.3513810963541517,0.41522209069931576,0.9336324713692902,-0.5279067864595445,0.6656120083447334,0.6405798742850671,0.0028231451227608054,120,0.7138711138796081,35318,22,7,4,2,22/7/4/2,q100_activation_110,q100_activation,start_date_cv_fast_slice,2003-01-01 00:00:00,2026-06-01 15:00:00,35318,"{""average_type"": ""sma"", ""bear_filter_buffer"": 0.01, ""bear_filter_require_20gt50"": true, ""bear_filter_slope_days"": 30, ""entry_confirm_bars"": 2, ""exit_confirm_bars"": 3, ""long_ma_days"": 200.0, ""macd_fast_days"": 12.0, ""macd_signal_days"": 9.0, ""macd_slow_days"": 24.0, ""peak_stop_drawdown"": 0.4, ""profit_lock_scheme"": [[3.0, 0.75], [4.0, 0.5]], ""q100_activation_gain"": 1.1, ""q100_distance_quantile"": 1.0, ""q100_reentry_rule"": ""ma20"", ""q100_trim_weight"": 0.5}",annual_net_eoy,1133.409010726081,0.2853106008349826,304.79130324410005,13.988037682249807,5.13732374426638
429.8620543028554,0.31160162770972555,0.407726875293079,0.8700537824939563,-0.5279067864595439,0.5902588026941478,0.6398911629007453,0.0029193138366753256,119,0.7132526913521826,33812,21,7,4,2,21/7/4/2,q100_activation_110,q100_activation,start_date_cv_fast_slice,2004-01-01 00:00:00,2026-06-01 15:00:00,33812,"{""average_type"": ""sma"", ""bear_filter_buffer"": 0.01, ""bear_filter_require_20gt50"": true, ""bear_filter_slope_days"": 30, ""entry_confirm_bars"": 2, ""exit_confirm_bars"": 3, ""long_ma_days"": 200.0, ""macd_fast_days"": 12.0, ""macd_signal_days"": 9.0, ""macd_slow_days"": 24.0, ""peak_stop_drawdown"": 0.4, ""profit_lock_scheme"": [[3.0, 0.75], [4.0, 0.5]], ""q100_activation_gain"": 1.1, ""q100_distance_quantile"": 1.0, ""q100_reentry_rule"": ""ma20"", ""q100_trim_weight"": 0.5}",annual_net_eoy,429.8620543028554,0.285892576608598,304.7895919853302,13.980907437375606,5.321424346385898
468.2685613919287,0.3335869396857032,0.407821846676039,0.9107227936804192,-0.5279067864595444,0.6319050033869328,0.6378915438900582,0.0028695010352131393,113,0.71664912715117,32308,23,9,4,1,23/9/4/1,q100_activation_110,q100_activation,start_date_cv_fast_slice,2005-01-01 00:00:00,2026-06-01 15:00:00,32308,"{""average_type"": ""sma"", ""bear_filter_buffer"": 0.01, ""bear_filter_require_20gt50"": true, ""bear_filter_slope_days"": 30, ""entry_confirm_bars"": 2, ""exit_confirm_bars"": 3, ""long_ma_days"": 200.0, ""macd_fast_days"": 12.0, ""macd_signal_days"": 9.0, ""macd_slow_days"": 24.0, ""peak_stop_drawdown"": 0.4, ""profit_lock_scheme"": [[3.0, 0.75], [4.0, 0.5]], ""q100_activation_gain"": 1.1, ""q100_distance_quantile"": 1.0, ""q100_reentry_rule"": ""ma20"", ""q100_trim_weight"": 0.5}",annual_net_eoy,468.2685613919287,0.2824563513770557,304.590482960438,13.960073830780019,5.2883496347653836
609.0195623501876,0.3923703639138352,0.4157497585442943,1.0050767247633299,-0.5279067864595445,0.7432569043965189,0.6368446204259968,0.002754909866386746,101,0.7202519115237576,29296,23,8,4,1,23/8/4/1,q100_activation_110,q100_activation,start_date_cv_fast_slice,2007-01-01 00:00:00,2026-06-01 15:00:00,29296,"{""average_type"": ""sma"", ""bear_filter_buffer"": 0.01, ""bear_filter_require_20gt50"": true, ""bear_filter_slope_days"": 30, ""entry_confirm_bars"": 2, ""exit_confirm_bars"": 3, ""long_ma_days"": 200.0, ""macd_fast_days"": 12.0, ""macd_signal_days"": 9.0, ""macd_slow_days"": 24.0, ""peak_stop_drawdown"": 0.4, ""profit_lock_scheme"": [[3.0, 0.75], [4.0, 0.5]], ""q100_activation_gain"": 1.1, ""q100_distance_quantile"": 1.0, ""q100_reentry_rule"": ""ma20"", ""q100_trim_weight"": 0.5}",annual_net_eoy,609.0195623501876,0.27876159886298185,304.5841379674853,13.93363636014356,5.212725286728563
563.1993814418164,0.43995793660826576,0.4193120051207676,1.0803042919330597,-0.5279067864595446,0.8334007970590492,0.6250380633373934,0.002881693036147462,96,0.7423302375152253,26272,21,6,3,1,21/6/3/1,q100_activation_110,q100_activation,start_date_cv_fast_slice,2009-01-01 00:00:00,2026-06-01 15:00:00,26272,"{""average_type"": ""sma"", ""bear_filter_buffer"": 0.01, ""bear_filter_require_20gt50"": true, ""bear_filter_slope_days"": 30, ""entry_confirm_bars"": 2, ""exit_confirm_bars"": 3, ""long_ma_days"": 200.0, ""macd_fast_days"": 12.0, ""macd_signal_days"": 9.0, ""macd_slow_days"": 24.0, ""peak_stop_drawdown"": 0.4, ""profit_lock_scheme"": [[3.0, 0.75], [4.0, 0.5]], ""q100_activation_gain"": 1.1, ""q100_distance_quantile"": 1.0, ""q100_reentry_rule"": ""ma20"", ""q100_trim_weight"": 0.5}",annual_net_eoy,563.1993814418164,0.25656972443247245,304.55989092530643,13.883873056519032,5.524969549330085
317.23849896414856,0.42178421327585935,0.4179756788641114,1.0520481797743837,-0.5279067864595433,0.7989747889103587,0.6196688206785137,0.00293650401638393,93,0.7509087237479806,24760,20,6,3,1,20/6/3/1,q100_activation_110,q100_activation,start_date_cv_fast_slice,2010-01-01 00:00:00,2026-06-01 15:00:00,24760,"{""average_type"": ""sma"", ""bear_filter_buffer"": 0.01, ""bear_filter_require_20gt50"": true, ""bear_filter_slope_days"": 30, ""entry_confirm_bars"": 2, ""exit_confirm_bars"": 3, ""long_ma_days"": 200.0, ""macd_fast_days"": 12.0, ""macd_signal_days"": 9.0, ""macd_slow_days"": 24.0, ""peak_stop_drawdown"": 0.4, ""profit_lock_scheme"": [[3.0, 0.75], [4.0, 0.5]], ""q100_activation_gain"": 1.1, ""q100_distance_quantile"": 1.0, ""q100_reentry_rule"": ""ma20"", ""q100_trim_weight"": 0.5}",annual_net_eoy,317.23849896414856,0.24792406301655562,304.5548811976577,13.86299919131606,5.679159935379644
303.95663588325704,0.4506729428055545,0.4111727329356514,1.1115112899844457,-0.4574899957258237,0.985099012035326,0.6201823812801102,0.0027833723092595547,85,0.7455480041293875,23248,18,5,2,0,18/5/2/0,q100_activation_110,q100_activation,start_date_cv_fast_slice,2011-01-01 00:00:00,2026-06-01 15:00:00,23248,"{""average_type"": ""sma"", ""bear_filter_buffer"": 0.01, ""bear_filter_require_20gt50"": true, ""bear_filter_slope_days"": 30, ""entry_confirm_bars"": 2, ""exit_confirm_bars"": 3, ""long_ma_days"": 200.0, ""macd_fast_days"": 12.0, ""macd_signal_days"": 9.0, ""macd_slow_days"": 24.0, ""peak_stop_drawdown"": 0.4, ""profit_lock_scheme"": [[3.0, 0.75], [4.0, 0.5]], ""q100_activation_gain"": 1.1, ""q100_distance_quantile"": 1.0, ""q100_reentry_rule"": ""ma20"", ""q100_trim_weight"": 0.5}",annual_net_eoy,303.95663588325704,0.25320886959264954,304.51475559049385,13.852578633300418,5.528217481073641
358.13811271167066,0.5520847127791157,0.4086026812255113,1.2813762778015387,-0.4574899957258246,1.206768930330844,0.6190640905272521,0.0024057519270833687,68,0.7437120126500963,20237,16,4,1,0,16/4/1/0,q100_activation_110,q100_activation,start_date_cv_fast_slice,2013-01-01 00:00:00,2026-06-01 15:00:00,20237,"{""average_type"": ""sma"", ""bear_filter_buffer"": 0.01, ""bear_filter_require_20gt50"": true, ""bear_filter_slope_days"": 30, ""entry_confirm_bars"": 2, ""exit_confirm_bars"": 3, ""long_ma_days"": 200.0, ""macd_fast_days"": 12.0, ""macd_signal_days"": 9.0, ""macd_slow_days"": 24.0, ""peak_stop_drawdown"": 0.4, ""profit_lock_scheme"": [[3.0, 0.75], [4.0, 0.5]], ""q100_activation_gain"": 1.1, ""q100_distance_quantile"": 1.0, ""q100_reentry_rule"": ""ma20"", ""q100_trim_weight"": 0.5}",annual_net_eoy,358.13811271167066,0.2548565816830313,304.24171166102224,13.809996755872865,5.080594949844344
101.7776766490085,0.5621858794183769,0.41801262496681235,1.277490133170296,-0.4574899957258234,1.2288484659133365,0.6390268755572539,0.002654581586955475,58,0.6997675455356006,15702,13,3,1,0,13/3/1/0,q100_activation_110,q100_activation,start_date_cv_fast_slice,2016-01-01 00:00:00,2026-06-01 15:00:00,15702,"{""average_type"": ""sma"", ""bear_filter_buffer"": 0.01, ""bear_filter_require_20gt50"": true, ""bear_filter_slope_days"": 30, ""entry_confirm_bars"": 2, ""exit_confirm_bars"": 3, ""long_ma_days"": 200.0, ""macd_fast_days"": 12.0, ""macd_signal_days"": 9.0, ""macd_slow_days"": 24.0, ""peak_stop_drawdown"": 0.4, ""profit_lock_scheme"": [[3.0, 0.75], [4.0, 0.5]], ""q100_activation_gain"": 1.1, ""q100_distance_quantile"": 1.0, ""q100_reentry_rule"": ""ma20"", ""q100_trim_weight"": 0.5}",annual_net_eoy,101.7776766490085,0.2985862551352034,302.4350625711199,13.7204674529469,5.585021016431028
41.63143583370339,0.564128558279289,0.44272850355362914,1.2330986189024031,-0.45748999572582316,1.2330948513623345,0.6364711447492905,0.0025735364565918936,46,0.6850165562913907,12684,13,3,1,0,13/3/1/0,q100_activation_110,q100_activation,start_date_cv_fast_slice,2018-01-01 00:00:00,2026-06-01 15:00:00,12684,"{""average_type"": ""sma"", ""bear_filter_buffer"": 0.01, ""bear_filter_require_20gt50"": true, ""bear_filter_slope_days"": 30, ""entry_confirm_bars"": 2, ""exit_confirm_bars"": 3, ""long_ma_days"": 200.0, ""macd_fast_days"": 12.0, ""macd_signal_days"": 9.0, ""macd_slow_days"": 24.0, ""peak_stop_drawdown"": 0.4, ""profit_lock_scheme"": [[3.0, 0.75], [4.0, 0.5]], ""q100_activation_gain"": 1.1, ""q100_distance_quantile"": 1.0, ""q100_reentry_rule"": ""ma20"", ""q100_trim_weight"": 0.5}",annual_net_eoy,41.63143583370339,0.3129299914954741,300.24225703922565,13.584577206918986,5.483443708609271
27.989685397053176,0.6932879865500554,0.4529767497056562,1.3904705730746523,-0.3946167679357776,1.7568639826853112,0.6425615559693773,0.0020790796559799606,30,0.6710376577695013,9666,10,2,0,0,10/2/0/0,q100_activation_110,q100_activation,start_date_cv_fast_slice,2020-01-01 00:00:00,2026-06-01 15:00:00,9666,"{""average_type"": ""sma"", ""bear_filter_buffer"": 0.01, ""bear_filter_require_20gt50"": true, ""bear_filter_slope_days"": 30, ""entry_confirm_bars"": 2, ""exit_confirm_bars"": 3, ""long_ma_days"": 200.0, ""macd_fast_days"": 12.0, ""macd_signal_days"": 9.0, ""macd_slow_days"": 24.0, ""peak_stop_drawdown"": 0.4, ""profit_lock_scheme"": [[3.0, 0.75], [4.0, 0.5]], ""q100_activation_gain"": 1.1, ""q100_distance_quantile"": 1.0, ""q100_reentry_rule"": ""ma20"", ""q100_trim_weight"": 0.5}",annual_net_eoy,27.989685397053176,0.3279380041326581,297.1111551527659,13.12925119534227,4.692737430167598
5.61081161684006,0.5377774727569544,0.40479019635634367,1.2667236311479384,-0.28926220617910237,1.8591349345651431,0.6735985533453888,0.0015761699610767396,14,0.6433845690174804,6636,6,0,0,0,6/0/0/0,q100_activation_110,q100_activation,start_date_cv_fast_slice,2022-01-01 00:00:00,2026-06-01 15:00:00,6636,"{""average_type"": ""sma"", ""bear_filter_buffer"": 0.01, ""bear_filter_require_20gt50"": true, ""bear_filter_slope_days"": 30, ""entry_confirm_bars"": 2, ""exit_confirm_bars"": 3, ""long_ma_days"": 200.0, ""macd_fast_days"": 12.0, ""macd_signal_days"": 9.0, ""macd_slow_days"": 24.0, ""peak_stop_drawdown"": 0.4, ""profit_lock_scheme"": [[3.0, 0.75], [4.0, 0.5]], ""q100_activation_gain"": 1.1, ""q100_distance_quantile"": 1.0, ""q100_reentry_rule"": ""ma20"", ""q100_trim_weight"": 0.5}",annual_net_eoy,5.61081161684006,0.3575138120008946,276.1405323685362,11.466532811959418,3.1898734177215187
890.8350111684287,0.3221201925533743,0.4087012064315163,0.8884343351158039,-0.5279067864595443,0.6101838446020049,0.6545237059591127,0.0026819730818154874,114,0.689321444106133,36784,20,6,4,2,20/6/4/2,q100_activation_120,q100_activation,start_date_cv_fast_slice,2002-01-10 15:00:00,2026-06-01 15:00:00,36784,"{""average_type"": ""sma"", ""bear_filter_buffer"": 0.01, ""bear_filter_require_20gt50"": true, ""bear_filter_slope_days"": 30, ""entry_confirm_bars"": 2, ""exit_confirm_bars"": 3, ""long_ma_days"": 200.0, ""macd_fast_days"": 12.0, ""macd_signal_days"": 9.0, ""macd_slow_days"": 24.0, ""peak_stop_drawdown"": 0.4, ""profit_lock_scheme"": [[3.0, 0.75], [4.0, 0.5]], ""q100_activation_gain"": 1.2, ""q100_distance_quantile"": 1.0, ""q100_reentry_rule"": ""ma20"", ""q100_trim_weight"": 0.5}",annual_net_eoy,890.8350111684287,0.3099701438587815,283.01343996257685,12.854795348036912,4.68595041322314
1052.3246433876404,0.3470974268768183,0.41661581617090376,0.9243449487242801,-0.5279067864595445,0.657497565440784,0.6405798742850671,0.0026800412775780306,110,0.7175377994223908,35318,20,6,4,2,20/6/4/2,q100_activation_120,q100_activation,start_date_cv_fast_slice,2003-01-01 00:00:00,2026-06-01 15:00:00,35318,"{""average_type"": ""sma"", ""bear_filter_buffer"": 0.01, ""bear_filter_require_20gt50"": true, ""bear_filter_slope_days"": 30, ""entry_confirm_bars"": 2, ""exit_confirm_bars"": 3, ""long_ma_days"": 200.0, ""macd_fast_days"": 12.0, ""macd_signal_days"": 9.0, ""macd_slow_days"": 24.0, ""peak_stop_drawdown"": 0.4, ""profit_lock_scheme"": [[3.0, 0.75], [4.0, 0.5]], ""q100_activation_gain"": 1.2, ""q100_distance_quantile"": 1.0, ""q100_reentry_rule"": ""ma20"", ""q100_trim_weight"": 0.5}",annual_net_eoy,1052.3246433876404,0.28172438336546296,283.0067830376218,12.827896590078742,4.709213432244182
399.065245785862,0.3072591798464801,0.4092090902927261,0.8603470271993688,-0.5279067864595439,0.582033017433139,0.6398911629007453,0.0027698360890068877,109,0.7170826925351946,33812,19,6,4,2,19/6/4/2,q100_activation_120,q100_activation,start_date_cv_fast_slice,2004-01-01 00:00:00,2026-06-01 15:00:00,33812,"{""average_type"": ""sma"", ""bear_filter_buffer"": 0.01, ""bear_filter_require_20gt50"": true, ""bear_filter_slope_days"": 30, ""entry_confirm_bars"": 2, ""exit_confirm_bars"": 3, ""long_ma_days"": 200.0, ""macd_fast_days"": 12.0, ""macd_signal_days"": 9.0, ""macd_slow_days"": 24.0, ""peak_stop_drawdown"": 0.4, ""profit_lock_scheme"": [[3.0, 0.75], [4.0, 0.5]], ""q100_activation_gain"": 1.2, ""q100_distance_quantile"": 1.0, ""q100_reentry_rule"": ""ma20"", ""q100_trim_weight"": 0.5}",annual_net_eoy,399.065245785862,0.2821466275790081,283.00507177885197,12.820766345204545,4.874245829882882
434.72656370634877,0.3289665215327451,0.40937264637327014,0.900415047631429,-0.5279067864595444,0.6231526662860113,0.6378915438900582,0.0027130648087625633,103,0.7206574223102638,32308,21,8,4,1,21/8/4/1,q100_activation_120,q100_activation,start_date_cv_fast_slice,2005-01-01 00:00:00,2026-06-01 15:00:00,32308,"{""average_type"": ""sma"", ""bear_filter_buffer"": 0.01, ""bear_filter_require_20gt50"": true, ""bear_filter_slope_days"": 30, ""entry_confirm_bars"": 2, ""exit_confirm_bars"": 3, ""long_ma_days"": 200.0, ""macd_fast_days"": 12.0, ""macd_signal_days"": 9.0, ""macd_slow_days"": 24.0, ""peak_stop_drawdown"": 0.4, ""profit_lock_scheme"": [[3.0, 0.75], [4.0, 0.5]], ""q100_activation_gain"": 1.2, ""q100_distance_quantile"": 1.0, ""q100_reentry_rule"": ""ma20"", ""q100_trim_weight"": 0.5}",annual_net_eoy,434.72656370634877,0.27853602116198534,282.80596275395976,12.799932738608955,4.820354091865792
565.417078757802,0.38705125321542266,0.41742742043854114,0.9936204294199913,-0.5279067864595445,0.7331810523051192,0.6368446204259968,0.002582390013704973,91,0.7246723102129984,29296,21,7,4,1,21/7/4/1,q100_activation_120,q100_activation,start_date_cv_fast_slice,2007-01-01 00:00:00,2026-06-01 15:00:00,29296,"{""average_type"": ""sma"", ""bear_filter_buffer"": 0.01, ""bear_filter_require_20gt50"": true, ""bear_filter_slope_days"": 30, ""entry_confirm_bars"": 2, ""exit_confirm_bars"": 3, ""long_ma_days"": 200.0, ""macd_fast_days"": 12.0, ""macd_signal_days"": 9.0, ""macd_slow_days"": 24.0, ""peak_stop_drawdown"": 0.4, ""profit_lock_scheme"": [[3.0, 0.75], [4.0, 0.5]], ""q100_activation_gain"": 1.2, ""q100_distance_quantile"": 1.0, ""q100_reentry_rule"": ""ma20"", ""q100_trim_weight"": 0.5}",annual_net_eoy,565.417078757802,0.27443820902858485,282.799617761007,12.773495267972491,4.696613872200983
522.8719955832823,0.43382520930834034,0.4211667096863129,1.067349806724161,-0.5279067864595446,0.8217837323475778,0.6250380633373934,0.002689315539033986,86,0.7472594397076736,26272,19,5,3,1,19/5/3/1,q100_activation_120,q100_activation,start_date_cv_fast_slice,2009-01-01 00:00:00,2026-06-01 15:00:00,26272,"{""average_type"": ""sma"", ""bear_filter_buffer"": 0.01, ""bear_filter_require_20gt50"": true, ""bear_filter_slope_days"": 30, ""entry_confirm_bars"": 2, ""exit_confirm_bars"": 3, ""long_ma_days"": 200.0, ""macd_fast_days"": 12.0, ""macd_signal_days"": 9.0, ""macd_slow_days"": 24.0, ""peak_stop_drawdown"": 0.4, ""profit_lock_scheme"": [[3.0, 0.75], [4.0, 0.5]], ""q100_activation_gain"": 1.2, ""q100_distance_quantile"": 1.0, ""q100_reentry_rule"": ""ma20"", ""q100_trim_weight"": 0.5}",annual_net_eoy,522.8719955832823,0.2517486971567228,282.7753707188282,12.723731964347966,4.949451887941534
294.4917056054363,0.4153599478491119,0.41994956312900666,1.0383803571611732,-0.5279067864595433,0.7868054711604725,0.6196688206785137,0.0027323787496567396,83,0.7561389337641357,24760,18,5,3,1,18/5/3/1,q100_activation_120,q100_activation,start_date_cv_fast_slice,2010-01-01 00:00:00,2026-06-01 15:00:00,24760,"{""average_type"": ""sma"", ""bear_filter_buffer"": 0.01, ""bear_filter_require_20gt50"": true, ""bear_filter_slope_days"": 30, ""entry_confirm_bars"": 2, ""exit_confirm_bars"": 3, ""long_ma_days"": 200.0, ""macd_fast_days"": 12.0, ""macd_signal_days"": 9.0, ""macd_slow_days"": 24.0, ""peak_stop_drawdown"": 0.4, ""profit_lock_scheme"": [[3.0, 0.75], [4.0, 0.5]], ""q100_activation_gain"": 1.2, ""q100_distance_quantile"": 1.0, ""q100_reentry_rule"": ""ma20"", ""q100_trim_weight"": 0.5}",annual_net_eoy,294.4917056054363,0.2428086337520768,282.7703609911795,12.702858099144995,5.068497576736672
282.1591927631346,0.4436928622510352,0.4133093791302545,1.0963257498186527,-0.4766884182111062,0.9307817125410868,0.6201823812801102,0.0025659711734988336,75,0.7511183757742601,23248,18,5,3,0,18/5/3/0,q100_activation_120,q100_activation,start_date_cv_fast_slice,2011-01-01 00:00:00,2026-06-01 15:00:00,23248,"{""average_type"": ""sma"", ""bear_filter_buffer"": 0.01, ""bear_filter_require_20gt50"": true, ""bear_filter_slope_days"": 30, ""entry_confirm_bars"": 2, ""exit_confirm_bars"": 3, ""long_ma_days"": 200.0, ""macd_fast_days"": 12.0, ""macd_signal_days"": 9.0, ""macd_slow_days"": 24.0, ""peak_stop_drawdown"": 0.4, ""profit_lock_scheme"": [[3.0, 0.75], [4.0, 0.5]], ""q100_activation_gain"": 1.2, ""q100_distance_quantile"": 1.0, ""q100_reentry_rule"": ""ma20"", ""q100_trim_weight"": 0.5}",annual_net_eoy,282.1591927631346,0.2477607437930756,282.73023538401566,12.692437541129351,4.8778389538885065
344.93879817060656,0.5477485125179054,0.41097291784303647,1.2696602919407047,-0.47668841821110663,1.1490703184555429,0.619014676088353,0.0022065374236053207,60,0.7496170380985324,20237,16,4,2,0,16/4/2/0,q100_activation_120,q100_activation,start_date_cv_fast_slice,2013-01-01 00:00:00,2026-06-01 15:00:00,20237,"{""average_type"": ""sma"", ""bear_filter_buffer"": 0.01, ""bear_filter_require_20gt50"": true, ""bear_filter_slope_days"": 30, ""entry_confirm_bars"": 2, ""exit_confirm_bars"": 3, ""long_ma_days"": 200.0, ""macd_fast_days"": 12.0, ""macd_signal_days"": 9.0, ""macd_slow_days"": 24.0, ""peak_stop_drawdown"": 0.4, ""profit_lock_scheme"": [[3.0, 0.75], [4.0, 0.5]], ""q100_activation_gain"": 1.2, ""q100_distance_quantile"": 1.0, ""q100_reentry_rule"": ""ma20"", ""q100_trim_weight"": 0.5}",annual_net_eoy,344.93879817060656,0.24909530917139014,282.4899918694751,12.652424332650963,4.48287789692148
99.20235979310641,0.5583732055204318,0.42097698891985147,1.265779952685772,-0.47668841821110597,1.1713588671104465,0.6389631894026239,0.002462443677974575,52,0.7059132594573939,15702,13,3,2,0,13/3/2/0,q100_activation_120,q100_activation,start_date_cv_fast_slice,2016-01-01 00:00:00,2026-06-01 15:00:00,15702,"{""average_type"": ""sma"", ""bear_filter_buffer"": 0.01, ""bear_filter_require_20gt50"": true, ""bear_filter_slope_days"": 30, ""entry_confirm_bars"": 2, ""exit_confirm_bars"": 3, ""long_ma_days"": 200.0, ""macd_fast_days"": 12.0, ""macd_signal_days"": 9.0, ""macd_slow_days"": 24.0, ""peak_stop_drawdown"": 0.4, ""profit_lock_scheme"": [[3.0, 0.75], [4.0, 0.5]], ""q100_activation_gain"": 1.2, ""q100_distance_quantile"": 1.0, ""q100_reentry_rule"": ""ma20"", ""q100_trim_weight"": 0.5}",annual_net_eoy,99.20235979310641,0.29264419445100553,280.7906345377666,12.568396854439936,5.007260221627818
41.01358976015999,0.5614089476713999,0.44610575942105296,1.2234337721820214,-0.47668841821110697,1.1777272663309672,0.6364711447492905,0.002495612086243791,44,0.6895104068117314,12684,13,3,2,0,13/3/2/0,q100_activation_120,q100_activation,start_date_cv_fast_slice,2018-01-01 00:00:00,2026-06-01 15:00:00,12684,"{""average_type"": ""sma"", ""bear_filter_buffer"": 0.01, ""bear_filter_require_20gt50"": true, ""bear_filter_slope_days"": 30, ""entry_confirm_bars"": 2, ""exit_confirm_bars"": 3, ""long_ma_days"": 200.0, ""macd_fast_days"": 12.0, ""macd_signal_days"": 9.0, ""macd_slow_days"": 24.0, ""peak_stop_drawdown"": 0.4, ""profit_lock_scheme"": [[3.0, 0.75], [4.0, 0.5]], ""q100_activation_gain"": 1.2, ""q100_distance_quantile"": 1.0, ""q100_reentry_rule"": ""ma20"", ""q100_trim_weight"": 0.5}",annual_net_eoy,41.01358976015999,0.3087327238713084,279.81750325682714,12.453461829610763,5.245033112582782
28.443569120109462,0.6974078886124375,0.45586023402672965,1.3899636183353052,-0.45541995720094064,1.5313511794669263,0.6425615559693773,0.0019765125584930722,28,0.6763656114214773,9666,10,2,1,0,10/2/1/0,q100_activation_120,q100_activation,start_date_cv_fast_slice,2020-01-01 00:00:00,2026-06-01 15:00:00,9666,"{""average_type"": ""sma"", ""bear_filter_buffer"": 0.01, ""bear_filter_require_20gt50"": true, ""bear_filter_slope_days"": 30, ""entry_confirm_bars"": 2, ""exit_confirm_bars"": 3, ""long_ma_days"": 200.0, ""macd_fast_days"": 12.0, ""macd_signal_days"": 9.0, ""macd_slow_days"": 24.0, ""peak_stop_drawdown"": 0.4, ""profit_lock_scheme"": [[3.0, 0.75], [4.0, 0.5]], ""q100_activation_gain"": 1.2, ""q100_distance_quantile"": 1.0, ""q100_reentry_rule"": ""ma20"", ""q100_trim_weight"": 0.5}",annual_net_eoy,28.443569120109462,0.3229696311594039,275.9799763106446,12.02894155585792,4.379888268156424
5.705079423313771,0.542746484830327,0.40506315992396846,1.274111472096077,-0.28926220617910214,1.8763131623710123,0.6735985533453888,0.0015773140716165766,14,0.6448161543098252,6636,6,0,0,0,6/0/0/0,q100_activation_120,q100_activation,start_date_cv_fast_slice,2022-01-01 00:00:00,2026-06-01 15:00:00,6636,"{""average_type"": ""sma"", ""bear_filter_buffer"": 0.01, ""bear_filter_require_20gt50"": true, ""bear_filter_slope_days"": 30, ""entry_confirm_bars"": 2, ""exit_confirm_bars"": 3, ""long_ma_days"": 200.0, ""macd_fast_days"": 12.0, ""macd_signal_days"": 9.0, ""macd_slow_days"": 24.0, ""peak_stop_drawdown"": 0.4, ""profit_lock_scheme"": [[3.0, 0.75], [4.0, 0.5]], ""q100_activation_gain"": 1.2, ""q100_distance_quantile"": 1.0, ""q100_reentry_rule"": ""ma20"", ""q100_trim_weight"": 0.5}",annual_net_eoy,5.705079423313771,0.3561542337201764,256.7434763121556,10.554137469044624,3.1898734177215187
825.976351367685,0.31802319207380303,0.41085316800380356,0.8784677409927009,-0.5279067864595443,0.6024230038917572,0.6544965202261853,0.002544082686293605,104,0.6935352327098738,36784,20,7,4,2,20/7/4/2,q100_activation_130,q100_activation,start_date_cv_fast_slice,2002-01-10 15:00:00,2026-06-01 15:00:00,36784,"{""average_type"": ""sma"", ""bear_filter_buffer"": 0.01, ""bear_filter_require_20gt50"": true, ""bear_filter_slope_days"": 30, ""entry_confirm_bars"": 2, ""exit_confirm_bars"": 3, ""long_ma_days"": 200.0, ""macd_fast_days"": 12.0, ""macd_signal_days"": 9.0, ""macd_slow_days"": 24.0, ""peak_stop_drawdown"": 0.4, ""profit_lock_scheme"": [[3.0, 0.75], [4.0, 0.5]], ""q100_activation_gain"": 1.3, ""q100_distance_quantile"": 1.0, ""q100_reentry_rule"": ""ma20"", ""q100_trim_weight"": 0.5}",annual_net_eoy,825.976351367685,0.30579282754155157,261.7254215041213,11.988738603424075,4.274902131361461
975.7216575778396,0.3427500331413229,0.4188145895169677,0.9140636316532561,-0.5279067864595445,0.6492624113435017,0.6405515601109916,0.0025364272476534333,100,0.7219264964040999,35318,20,7,4,2,20/7/4/2,q100_activation_130,q100_activation,start_date_cv_fast_slice,2003-01-01 00:00:00,2026-06-01 15:00:00,35318,"{""average_type"": ""sma"", ""bear_filter_buffer"": 0.01, ""bear_filter_require_20gt50"": true, ""bear_filter_slope_days"": 30, ""entry_confirm_bars"": 2, ""exit_confirm_bars"": 3, ""long_ma_days"": 200.0, ""macd_fast_days"": 12.0, ""macd_signal_days"": 9.0, ""macd_slow_days"": 24.0, ""peak_stop_drawdown"": 0.4, ""profit_lock_scheme"": [[3.0, 0.75], [4.0, 0.5]], ""q100_activation_gain"": 1.3, ""q100_distance_quantile"": 1.0, ""q100_reentry_rule"": ""ma20"", ""q100_trim_weight"": 0.5}",annual_net_eoy,975.7216575778396,0.2773736725830578,261.7187645791663,11.961839845465907,4.281103120221983
369.97051935150637,0.30285276213391654,0.41154673489305615,0.8496896943402563,-0.5279067864595439,0.5736860557619022,0.6398615876020348,0.0026198254327642243,99,0.7216668638353247,33812,19,7,4,2,19/7/4/2,q100_activation_130,q100_activation,start_date_cv_fast_slice,2004-01-01 00:00:00,2026-06-01 15:00:00,33812,"{""average_type"": ""sma"", ""bear_filter_buffer"": 0.01, ""bear_filter_require_20gt50"": true, ""bear_filter_slope_days"": 30, ""entry_confirm_bars"": 2, ""exit_confirm_bars"": 3, ""long_ma_days"": 200.0, ""macd_fast_days"": 12.0, ""macd_signal_days"": 9.0, ""macd_slow_days"": 24.0, ""peak_stop_drawdown"": 0.4, ""profit_lock_scheme"": [[3.0, 0.75], [4.0, 0.5]], ""q100_activation_gain"": 1.3, ""q100_distance_quantile"": 1.0, ""q100_reentry_rule"": ""ma20"", ""q100_trim_weight"": 0.5}",annual_net_eoy,369.97051935150637,0.27760213439868786,261.7170533203965,11.954709600591706,4.427067313379864
403.0383695811186,0.3242787689748483,0.41181788380684703,0.8890335960358292,-0.5279067864595444,0.6142727793852658,0.6378605918038875,0.002556070865811067,93,0.7254549956667079,32308,21,9,4,1,21/9/4/1,q100_activation_130,q100_activation,start_date_cv_fast_slice,2005-01-01 00:00:00,2026-06-01 15:00:00,32308,"{""average_type"": ""sma"", ""bear_filter_buffer"": 0.01, ""bear_filter_require_20gt50"": true, ""bear_filter_slope_days"": 30, ""entry_confirm_bars"": 2, ""exit_confirm_bars"": 3, ""long_ma_days"": 200.0, ""macd_fast_days"": 12.0, ""macd_signal_days"": 9.0, ""macd_slow_days"": 24.0, ""peak_stop_drawdown"": 0.4, ""profit_lock_scheme"": [[3.0, 0.75], [4.0, 0.5]], ""q100_activation_gain"": 1.3, ""q100_distance_quantile"": 1.0, ""q100_reentry_rule"": ""ma20"", ""q100_trim_weight"": 0.5}",annual_net_eoy,403.0383695811186,0.2737799730187085,261.51794429550426,11.93387599399612,4.3523585489662
524.2244229902856,0.3816565686667486,0.42007174683260945,0.9808408514996911,-0.5279067864595445,0.7229620426484068,0.636810486073184,0.002409255104199343,81,0.7299631348989624,29296,21,8,4,1,21/8/4/1,q100_activation_130,q100_activation,start_date_cv_fast_slice,2007-01-01 00:00:00,2026-06-01 15:00:00,29296,"{""average_type"": ""sma"", ""bear_filter_buffer"": 0.01, ""bear_filter_require_20gt50"": true, ""bear_filter_slope_days"": 30, ""entry_confirm_bars"": 2, ""exit_confirm_bars"": 3, ""long_ma_days"": 200.0, ""macd_fast_days"": 12.0, ""macd_signal_days"": 9.0, ""macd_slow_days"": 24.0, ""peak_stop_drawdown"": 0.4, ""profit_lock_scheme"": [[3.0, 0.75], [4.0, 0.5]], ""q100_activation_gain"": 1.3, ""q100_distance_quantile"": 1.0, ""q100_reentry_rule"": ""ma20"", ""q100_trim_weight"": 0.5}",annual_net_eoy,524.2244229902856,0.2691931788738543,261.51159930255153,11.907438523359655,4.180502457673402
484.7734290152863,0.42760811271400634,0.424088515690328,1.0527892679654276,-0.5279067864595446,0.8100068490912941,0.625,0.0024962521898836774,76,0.753159257003654,26272,19,6,3,1,19/6/3/1,q100_activation_130,q100_activation,start_date_cv_fast_slice,2009-01-01 00:00:00,2026-06-01 15:00:00,26272,"{""average_type"": ""sma"", ""bear_filter_buffer"": 0.01, ""bear_filter_require_20gt50"": true, ""bear_filter_slope_days"": 30, ""entry_confirm_bars"": 2, ""exit_confirm_bars"": 3, ""long_ma_days"": 200.0, ""macd_fast_days"": 12.0, ""macd_signal_days"": 9.0, ""macd_slow_days"": 24.0, ""peak_stop_drawdown"": 0.4, ""profit_lock_scheme"": [[3.0, 0.75], [4.0, 0.5]], ""q100_activation_gain"": 1.3, ""q100_distance_quantile"": 1.0, ""q100_reentry_rule"": ""ma20"", ""q100_trim_weight"": 0.5}",annual_net_eoy,484.7734290152863,0.24589994550427965,261.48735226037275,11.85767521973513,4.373934226552984
273.00208502786876,0.40884901493279324,0.42305798983654563,1.0230852002617348,-0.5279067864595433,0.774471981454866,0.6196284329563813,0.0025275257484904667,73,0.7623990306946689,24760,18,6,3,1,18/6/3/1,q100_activation_130,q100_activation,start_date_cv_fast_slice,2010-01-01 00:00:00,2026-06-01 15:00:00,24760,"{""average_type"": ""sma"", ""bear_filter_buffer"": 0.01, ""bear_filter_require_20gt50"": true, ""bear_filter_slope_days"": 30, ""entry_confirm_bars"": 2, ""exit_confirm_bars"": 3, ""long_ma_days"": 200.0, ""macd_fast_days"": 12.0, ""macd_signal_days"": 9.0, ""macd_slow_days"": 24.0, ""peak_stop_drawdown"": 0.4, ""profit_lock_scheme"": [[3.0, 0.75], [4.0, 0.5]], ""q100_activation_gain"": 1.3, ""q100_distance_quantile"": 1.0, ""q100_reentry_rule"": ""ma20"", ""q100_trim_weight"": 0.5}",annual_net_eoy,273.00208502786876,0.23660272085171385,261.48234253272403,11.83680135453216,4.457835218093699
261.5664536097229,0.4366207180737618,0.41667202265240455,1.079188817800266,-0.4756606328042329,0.9179248564248144,0.620139366827254,0.002347794973013763,65,0.7577856159669649,23248,18,6,3,0,18/6/3/0,q100_activation_130,q100_activation,start_date_cv_fast_slice,2011-01-01 00:00:00,2026-06-01 15:00:00,23248,"{""average_type"": ""sma"", ""bear_filter_buffer"": 0.01, ""bear_filter_require_20gt50"": true, ""bear_filter_slope_days"": 30, ""entry_confirm_bars"": 2, ""exit_confirm_bars"": 3, ""long_ma_days"": 200.0, ""macd_fast_days"": 12.0, ""macd_signal_days"": 9.0, ""macd_slow_days"": 24.0, ""peak_stop_drawdown"": 0.4, ""profit_lock_scheme"": [[3.0, 0.75], [4.0, 0.5]], ""q100_activation_gain"": 1.3, ""q100_distance_quantile"": 1.0, ""q100_reentry_rule"": ""ma20"", ""q100_trim_weight"": 0.5}",annual_net_eoy,261.5664536097229,0.2411512116435149,261.44221692556016,11.826380796516515,4.227460426703373
319.7804151272765,0.539041731154414,0.41485573861239106,1.2482126197942782,-0.47566063280423476,1.1332485683679958,0.618965261649454,0.001955899467936155,50,0.7572762761278846,20237,16,5,2,0,16/5/2/0,q100_activation_130,q100_activation,start_date_cv_fast_slice,2013-01-01 00:00:00,2026-06-01 15:00:00,20237,"{""average_type"": ""sma"", ""bear_filter_buffer"": 0.01, ""bear_filter_require_20gt50"": true, ""bear_filter_slope_days"": 30, ""entry_confirm_bars"": 2, ""exit_confirm_bars"": 3, ""long_ma_days"": 200.0, ""macd_fast_days"": 12.0, ""macd_signal_days"": 9.0, ""macd_slow_days"": 24.0, ""peak_stop_drawdown"": 0.4, ""profit_lock_scheme"": [[3.0, 0.75], [4.0, 0.5]], ""q100_activation_gain"": 1.3, ""q100_distance_quantile"": 1.0, ""q100_reentry_rule"": ""ma20"", ""q100_trim_weight"": 0.5}",annual_net_eoy,319.7804151272765,0.24150236538461406,261.20197341101954,11.786367588038129,3.7357315807679004
91.13874389114781,0.5458343595358699,0.4250042064276528,1.2388132327940018,-0.4756606328042339,1.147528977367604,0.6388995032479939,0.0022037542446272087,44,0.7144153611004967,15702,13,4,2,0,13/4/2/0,q100_activation_130,q100_activation,start_date_cv_fast_slice,2016-01-01 00:00:00,2026-06-01 15:00:00,15702,"{""average_type"": ""sma"", ""bear_filter_buffer"": 0.01, ""bear_filter_require_20gt50"": true, ""bear_filter_slope_days"": 30, ""entry_confirm_bars"": 2, ""exit_confirm_bars"": 3, ""long_ma_days"": 200.0, ""macd_fast_days"": 12.0, ""macd_signal_days"": 9.0, ""macd_slow_days"": 24.0, ""peak_stop_drawdown"": 0.4, ""profit_lock_scheme"": [[3.0, 0.75], [4.0, 0.5]], ""q100_activation_gain"": 1.3, ""q100_distance_quantile"": 1.0, ""q100_reentry_rule"": ""ma20"", ""q100_trim_weight"": 0.5}",annual_net_eoy,91.13874389114781,0.2842267630037321,259.46031660658446,11.700863854899737,4.236912495223539
36.880342299708744,0.5422518458941283,0.45071450775688304,1.1881476891734732,-0.4756606328042341,1.1399973184606618,0.6364711447492905,0.002174503660231281,36,0.6988134657836644,12684,13,4,2,0,13/4/2/0,q100_activation_130,q100_activation,start_date_cv_fast_slice,2018-01-01 00:00:00,2026-06-01 15:00:00,12684,"{""average_type"": ""sma"", ""bear_filter_buffer"": 0.01, ""bear_filter_require_20gt50"": true, ""bear_filter_slope_days"": 30, ""entry_confirm_bars"": 2, ""exit_confirm_bars"": 3, ""long_ma_days"": 200.0, ""macd_fast_days"": 12.0, ""macd_signal_days"": 9.0, ""macd_slow_days"": 24.0, ""peak_stop_drawdown"": 0.4, ""profit_lock_scheme"": [[3.0, 0.75], [4.0, 0.5]], ""q100_activation_gain"": 1.3, ""q100_distance_quantile"": 1.0, ""q100_reentry_rule"": ""ma20"", ""q100_trim_weight"": 0.5}",annual_net_eoy,36.880342299708744,0.29950429615165963,258.38667763296155,11.589905643990482,4.291390728476821
25.69110212649347,0.6715477342556686,0.4612095263635867,1.3459127994066007,-0.45541995720094086,1.4745680852088079,0.6425615559693773,0.0016590088347758112,22,0.6861421477343265,9666,10,3,1,0,10/3/1/0,q100_activation_130,q100_activation,start_date_cv_fast_slice,2020-01-01 00:00:00,2026-06-01 15:00:00,9666,"{""average_type"": ""sma"", ""bear_filter_buffer"": 0.01, ""bear_filter_require_20gt50"": true, ""bear_filter_slope_days"": 30, ""entry_confirm_bars"": 2, ""exit_confirm_bars"": 3, ""long_ma_days"": 200.0, ""macd_fast_days"": 12.0, ""macd_signal_days"": 9.0, ""macd_slow_days"": 24.0, ""peak_stop_drawdown"": 0.4, ""profit_lock_scheme"": [[3.0, 0.75], [4.0, 0.5]], ""q100_activation_gain"": 1.3, ""q100_distance_quantile"": 1.0, ""q100_reentry_rule"": ""ma20"", ""q100_trim_weight"": 0.5}",annual_net_eoy,25.69110212649347,0.31320381485316146,254.51652179280998,11.168158776253263,3.441340782122905
5.5206076274768465,0.5329711798052623,0.40816140402879636,1.252053955260773,-0.32121298772941687,1.6592454233333371,0.6735985533453888,0.00142287354445297,12,0.6492616033755274,6636,6,1,0,0,6/1/0/0,q100_activation_130,q100_activation,start_date_cv_fast_slice,2022-01-01 00:00:00,2026-06-01 15:00:00,6636,"{""average_type"": ""sma"", ""bear_filter_buffer"": 0.01, ""bear_filter_require_20gt50"": true, ""bear_filter_slope_days"": 30, ""entry_confirm_bars"": 2, ""exit_confirm_bars"": 3, ""long_ma_days"": 200.0, ""macd_fast_days"": 12.0, ""macd_signal_days"": 9.0, ""macd_slow_days"": 24.0, ""peak_stop_drawdown"": 0.4, ""profit_lock_scheme"": [[3.0, 0.75], [4.0, 0.5]], ""q100_activation_gain"": 1.3, ""q100_distance_quantile"": 1.0, ""q100_reentry_rule"": ""ma20"", ""q100_trim_weight"": 0.5}",annual_net_eoy,5.5206076274768465,0.3516014246464719,237.96081438350566,9.82673496052262,2.7341772151898733
959.4879930433176,0.3261566236497664,0.4073372062163306,0.897462668870009,-0.5279067864595443,0.6178299503159752,0.6545237059591127,0.002819373625643381,124,0.6858008916920401,36784,22,7,4,2,22/7/4/2,q100_trim_to_50,q100_trim_weight,start_date_cv_fast_slice,2002-01-10 15:00:00,2026-06-01 15:00:00,36784,"{""average_type"": ""sma"", ""bear_filter_buffer"": 0.01, ""bear_filter_require_20gt50"": true, ""bear_filter_slope_days"": 30, ""entry_confirm_bars"": 2, ""exit_confirm_bars"": 3, ""long_ma_days"": 200.0, ""macd_fast_days"": 12.0, ""macd_signal_days"": 9.0, ""macd_slow_days"": 24.0, ""peak_stop_drawdown"": 0.4, ""profit_lock_scheme"": [[3.0, 0.75], [4.0, 0.5]], ""q100_activation_gain"": 1.1, ""q100_distance_quantile"": 1.0, ""q100_reentry_rule"": ""ma20"", ""q100_trim_weight"": 0.5}",annual_net_eoy,959.4879930433176,0.3134134351970943,304.79796016905505,14.014936440207977,5.096998695084819
1133.409010726081,0.3513810963541517,0.41522209069931576,0.9336324713692902,-0.5279067864595445,0.6656120083447334,0.6405798742850671,0.0028231451227608054,120,0.7138711138796081,35318,22,7,4,2,22/7/4/2,q100_trim_to_50,q100_trim_weight,start_date_cv_fast_slice,2003-01-01 00:00:00,2026-06-01 15:00:00,35318,"{""average_type"": ""sma"", ""bear_filter_buffer"": 0.01, ""bear_filter_require_20gt50"": true, ""bear_filter_slope_days"": 30, ""entry_confirm_bars"": 2, ""exit_confirm_bars"": 3, ""long_ma_days"": 200.0, ""macd_fast_days"": 12.0, ""macd_signal_days"": 9.0, ""macd_slow_days"": 24.0, ""peak_stop_drawdown"": 0.4, ""profit_lock_scheme"": [[3.0, 0.75], [4.0, 0.5]], ""q100_activation_gain"": 1.1, ""q100_distance_quantile"": 1.0, ""q100_reentry_rule"": ""ma20"", ""q100_trim_weight"": 0.5}",annual_net_eoy,1133.409010726081,0.2853106008349826,304.79130324410005,13.988037682249807,5.13732374426638
429.8620543028554,0.31160162770972555,0.407726875293079,0.8700537824939563,-0.5279067864595439,0.5902588026941478,0.6398911629007453,0.0029193138366753256,119,0.7132526913521826,33812,21,7,4,2,21/7/4/2,q100_trim_to_50,q100_trim_weight,start_date_cv_fast_slice,2004-01-01 00:00:00,2026-06-01 15:00:00,33812,"{""average_type"": ""sma"", ""bear_filter_buffer"": 0.01, ""bear_filter_require_20gt50"": true, ""bear_filter_slope_days"": 30, ""entry_confirm_bars"": 2, ""exit_confirm_bars"": 3, ""long_ma_days"": 200.0, ""macd_fast_days"": 12.0, ""macd_signal_days"": 9.0, ""macd_slow_days"": 24.0, ""peak_stop_drawdown"": 0.4, ""profit_lock_scheme"": [[3.0, 0.75], [4.0, 0.5]], ""q100_activation_gain"": 1.1, ""q100_distance_quantile"": 1.0, ""q100_reentry_rule"": ""ma20"", ""q100_trim_weight"": 0.5}",annual_net_eoy,429.8620543028554,0.285892576608598,304.7895919853302,13.980907437375606,5.321424346385898
468.2685613919287,0.3335869396857032,0.407821846676039,0.9107227936804192,-0.5279067864595444,0.6319050033869328,0.6378915438900582,0.0028695010352131393,113,0.71664912715117,32308,23,9,4,1,23/9/4/1,q100_trim_to_50,q100_trim_weight,start_date_cv_fast_slice,2005-01-01 00:00:00,2026-06-01 15:00:00,32308,"{""average_type"": ""sma"", ""bear_filter_buffer"": 0.01, ""bear_filter_require_20gt50"": true, ""bear_filter_slope_days"": 30, ""entry_confirm_bars"": 2, ""exit_confirm_bars"": 3, ""long_ma_days"": 200.0, ""macd_fast_days"": 12.0, ""macd_signal_days"": 9.0, ""macd_slow_days"": 24.0, ""peak_stop_drawdown"": 0.4, ""profit_lock_scheme"": [[3.0, 0.75], [4.0, 0.5]], ""q100_activation_gain"": 1.1, ""q100_distance_quantile"": 1.0, ""q100_reentry_rule"": ""ma20"", ""q100_trim_weight"": 0.5}",annual_net_eoy,468.2685613919287,0.2824563513770557,304.590482960438,13.960073830780019,5.2883496347653836
609.0195623501876,0.3923703639138352,0.4157497585442943,1.0050767247633299,-0.5279067864595445,0.7432569043965189,0.6368446204259968,0.002754909866386746,101,0.7202519115237576,29296,23,8,4,1,23/8/4/1,q100_trim_to_50,q100_trim_weight,start_date_cv_fast_slice,2007-01-01 00:00:00,2026-06-01 15:00:00,29296,"{""average_type"": ""sma"", ""bear_filter_buffer"": 0.01, ""bear_filter_require_20gt50"": true, ""bear_filter_slope_days"": 30, ""entry_confirm_bars"": 2, ""exit_confirm_bars"": 3, ""long_ma_days"": 200.0, ""macd_fast_days"": 12.0, ""macd_signal_days"": 9.0, ""macd_slow_days"": 24.0, ""peak_stop_drawdown"": 0.4, ""profit_lock_scheme"": [[3.0, 0.75], [4.0, 0.5]], ""q100_activation_gain"": 1.1, ""q100_distance_quantile"": 1.0, ""q100_reentry_rule"": ""ma20"", ""q100_trim_weight"": 0.5}",annual_net_eoy,609.0195623501876,0.27876159886298185,304.5841379674853,13.93363636014356,5.212725286728563
563.1993814418164,0.43995793660826576,0.4193120051207676,1.0803042919330597,-0.5279067864595446,0.8334007970590492,0.6250380633373934,0.002881693036147462,96,0.7423302375152253,26272,21,6,3,1,21/6/3/1,q100_trim_to_50,q100_trim_weight,start_date_cv_fast_slice,2009-01-01 00:00:00,2026-06-01 15:00:00,26272,"{""average_type"": ""sma"", ""bear_filter_buffer"": 0.01, ""bear_filter_require_20gt50"": true, ""bear_filter_slope_days"": 30, ""entry_confirm_bars"": 2, ""exit_confirm_bars"": 3, ""long_ma_days"": 200.0, ""macd_fast_days"": 12.0, ""macd_signal_days"": 9.0, ""macd_slow_days"": 24.0, ""peak_stop_drawdown"": 0.4, ""profit_lock_scheme"": [[3.0, 0.75], [4.0, 0.5]], ""q100_activation_gain"": 1.1, ""q100_distance_quantile"": 1.0, ""q100_reentry_rule"": ""ma20"", ""q100_trim_weight"": 0.5}",annual_net_eoy,563.1993814418164,0.25656972443247245,304.55989092530643,13.883873056519032,5.524969549330085
317.23849896414856,0.42178421327585935,0.4179756788641114,1.0520481797743837,-0.5279067864595433,0.7989747889103587,0.6196688206785137,0.00293650401638393,93,0.7509087237479806,24760,20,6,3,1,20/6/3/1,q100_trim_to_50,q100_trim_weight,start_date_cv_fast_slice,2010-01-01 00:00:00,2026-06-01 15:00:00,24760,"{""average_type"": ""sma"", ""bear_filter_buffer"": 0.01, ""bear_filter_require_20gt50"": true, ""bear_filter_slope_days"": 30, ""entry_confirm_bars"": 2, ""exit_confirm_bars"": 3, ""long_ma_days"": 200.0, ""macd_fast_days"": 12.0, ""macd_signal_days"": 9.0, ""macd_slow_days"": 24.0, ""peak_stop_drawdown"": 0.4, ""profit_lock_scheme"": [[3.0, 0.75], [4.0, 0.5]], ""q100_activation_gain"": 1.1, ""q100_distance_quantile"": 1.0, ""q100_reentry_rule"": ""ma20"", ""q100_trim_weight"": 0.5}",annual_net_eoy,317.23849896414856,0.24792406301655562,304.5548811976577,13.86299919131606,5.679159935379644
303.95663588325704,0.4506729428055545,0.4111727329356514,1.1115112899844457,-0.4574899957258237,0.985099012035326,0.6201823812801102,0.0027833723092595547,85,0.7455480041293875,23248,18,5,2,0,18/5/2/0,q100_trim_to_50,q100_trim_weight,start_date_cv_fast_slice,2011-01-01 00:00:00,2026-06-01 15:00:00,23248,"{""average_type"": ""sma"", ""bear_filter_buffer"": 0.01, ""bear_filter_require_20gt50"": true, ""bear_filter_slope_days"": 30, ""entry_confirm_bars"": 2, ""exit_confirm_bars"": 3, ""long_ma_days"": 200.0, ""macd_fast_days"": 12.0, ""macd_signal_days"": 9.0, ""macd_slow_days"": 24.0, ""peak_stop_drawdown"": 0.4, ""profit_lock_scheme"": [[3.0, 0.75], [4.0, 0.5]], ""q100_activation_gain"": 1.1, ""q100_distance_quantile"": 1.0, ""q100_reentry_rule"": ""ma20"", ""q100_trim_weight"": 0.5}",annual_net_eoy,303.95663588325704,0.25320886959264954,304.51475559049385,13.852578633300418,5.528217481073641
358.13811271167066,0.5520847127791157,0.4086026812255113,1.2813762778015387,-0.4574899957258246,1.206768930330844,0.6190640905272521,0.0024057519270833687,68,0.7437120126500963,20237,16,4,1,0,16/4/1/0,q100_trim_to_50,q100_trim_weight,start_date_cv_fast_slice,2013-01-01 00:00:00,2026-06-01 15:00:00,20237,"{""average_type"": ""sma"", ""bear_filter_buffer"": 0.01, ""bear_filter_require_20gt50"": true, ""bear_filter_slope_days"": 30, ""entry_confirm_bars"": 2, ""exit_confirm_bars"": 3, ""long_ma_days"": 200.0, ""macd_fast_days"": 12.0, ""macd_signal_days"": 9.0, ""macd_slow_days"": 24.0, ""peak_stop_drawdown"": 0.4, ""profit_lock_scheme"": [[3.0, 0.75], [4.0, 0.5]], ""q100_activation_gain"": 1.1, ""q100_distance_quantile"": 1.0, ""q100_reentry_rule"": ""ma20"", ""q100_trim_weight"": 0.5}",annual_net_eoy,358.13811271167066,0.2548565816830313,304.24171166102224,13.809996755872865,5.080594949844344
101.7776766490085,0.5621858794183769,0.41801262496681235,1.277490133170296,-0.4574899957258234,1.2288484659133365,0.6390268755572539,0.002654581586955475,58,0.6997675455356006,15702,13,3,1,0,13/3/1/0,q100_trim_to_50,q100_trim_weight,start_date_cv_fast_slice,2016-01-01 00:00:00,2026-06-01 15:00:00,15702,"{""average_type"": ""sma"", ""bear_filter_buffer"": 0.01, ""bear_filter_require_20gt50"": true, ""bear_filter_slope_days"": 30, ""entry_confirm_bars"": 2, ""exit_confirm_bars"": 3, ""long_ma_days"": 200.0, ""macd_fast_days"": 12.0, ""macd_signal_days"": 9.0, ""macd_slow_days"": 24.0, ""peak_stop_drawdown"": 0.4, ""profit_lock_scheme"": [[3.0, 0.75], [4.0, 0.5]], ""q100_activation_gain"": 1.1, ""q100_distance_quantile"": 1.0, ""q100_reentry_rule"": ""ma20"", ""q100_trim_weight"": 0.5}",annual_net_eoy,101.7776766490085,0.2985862551352034,302.4350625711199,13.7204674529469,5.585021016431028
41.63143583370339,0.564128558279289,0.44272850355362914,1.2330986189024031,-0.45748999572582316,1.2330948513623345,0.6364711447492905,0.0025735364565918936,46,0.6850165562913907,12684,13,3,1,0,13/3/1/0,q100_trim_to_50,q100_trim_weight,start_date_cv_fast_slice,2018-01-01 00:00:00,2026-06-01 15:00:00,12684,"{""average_type"": ""sma"", ""bear_filter_buffer"": 0.01, ""bear_filter_require_20gt50"": true, ""bear_filter_slope_days"": 30, ""entry_confirm_bars"": 2, ""exit_confirm_bars"": 3, ""long_ma_days"": 200.0, ""macd_fast_days"": 12.0, ""macd_signal_days"": 9.0, ""macd_slow_days"": 24.0, ""peak_stop_drawdown"": 0.4, ""profit_lock_scheme"": [[3.0, 0.75], [4.0, 0.5]], ""q100_activation_gain"": 1.1, ""q100_distance_quantile"": 1.0, ""q100_reentry_rule"": ""ma20"", ""q100_trim_weight"": 0.5}",annual_net_eoy,41.63143583370339,0.3129299914954741,300.24225703922565,13.584577206918986,5.483443708609271
27.989685397053176,0.6932879865500554,0.4529767497056562,1.3904705730746523,-0.3946167679357776,1.7568639826853112,0.6425615559693773,0.0020790796559799606,30,0.6710376577695013,9666,10,2,0,0,10/2/0/0,q100_trim_to_50,q100_trim_weight,start_date_cv_fast_slice,2020-01-01 00:00:00,2026-06-01 15:00:00,9666,"{""average_type"": ""sma"", ""bear_filter_buffer"": 0.01, ""bear_filter_require_20gt50"": true, ""bear_filter_slope_days"": 30, ""entry_confirm_bars"": 2, ""exit_confirm_bars"": 3, ""long_ma_days"": 200.0, ""macd_fast_days"": 12.0, ""macd_signal_days"": 9.0, ""macd_slow_days"": 24.0, ""peak_stop_drawdown"": 0.4, ""profit_lock_scheme"": [[3.0, 0.75], [4.0, 0.5]], ""q100_activation_gain"": 1.1, ""q100_distance_quantile"": 1.0, ""q100_reentry_rule"": ""ma20"", ""q100_trim_weight"": 0.5}",annual_net_eoy,27.989685397053176,0.3279380041326581,297.1111551527659,13.12925119534227,4.692737430167598
5.61081161684006,0.5377774727569544,0.40479019635634367,1.2667236311479384,-0.28926220617910237,1.8591349345651431,0.6735985533453888,0.0015761699610767396,14,0.6433845690174804,6636,6,0,0,0,6/0/0/0,q100_trim_to_50,q100_trim_weight,start_date_cv_fast_slice,2022-01-01 00:00:00,2026-06-01 15:00:00,6636,"{""average_type"": ""sma"", ""bear_filter_buffer"": 0.01, ""bear_filter_require_20gt50"": true, ""bear_filter_slope_days"": 30, ""entry_confirm_bars"": 2, ""exit_confirm_bars"": 3, ""long_ma_days"": 200.0, ""macd_fast_days"": 12.0, ""macd_signal_days"": 9.0, ""macd_slow_days"": 24.0, ""peak_stop_drawdown"": 0.4, ""profit_lock_scheme"": [[3.0, 0.75], [4.0, 0.5]], ""q100_activation_gain"": 1.1, ""q100_distance_quantile"": 1.0, ""q100_reentry_rule"": ""ma20"", ""q100_trim_weight"": 0.5}",annual_net_eoy,5.61081161684006,0.3575138120008946,276.1405323685362,11.466532811959418,3.1898734177215187
895.8795013024322,0.3224267568079111,0.408031877661209,0.8897302517011905,-0.5279067864595443,0.6107645612406236,0.6545508916920401,0.0027376358160632595,124,0.687932253153545,36784,21,7,5,2,21/7/5/2,q100_trim_to_60,q100_trim_weight,start_date_cv_fast_slice,2002-01-10 15:00:00,2026-06-01 15:00:00,36784,"{""average_type"": ""sma"", ""bear_filter_buffer"": 0.01, ""bear_filter_require_20gt50"": true, ""bear_filter_slope_days"": 30, ""entry_confirm_bars"": 2, ""exit_confirm_bars"": 3, ""long_ma_days"": 200.0, ""macd_fast_days"": 12.0, ""macd_signal_days"": 9.0, ""macd_slow_days"": 24.0, ""peak_stop_drawdown"": 0.4, ""profit_lock_scheme"": [[3.0, 0.75], [4.0, 0.5]], ""q100_activation_gain"": 1.1, ""q100_distance_quantile"": 1.0, ""q100_reentry_rule"": ""ma20"", ""q100_trim_weight"": 0.6}",annual_net_eoy,895.8795013024322,0.31128927083892194,284.2660539898114,13.082244836244595,5.096998695084819
1058.2825680092433,0.3474227496940423,0.4159319489128195,0.9256997744453719,-0.5279067864595445,0.6581138159334246,0.6406081884591427,0.002738014492838522,120,0.7160909451271306,35318,21,7,5,2,21/7/5/2,q100_trim_to_60,q100_trim_weight,start_date_cv_fast_slice,2003-01-01 00:00:00,2026-06-01 15:00:00,35318,"{""average_type"": ""sma"", ""bear_filter_buffer"": 0.01, ""bear_filter_require_20gt50"": true, ""bear_filter_slope_days"": 30, ""entry_confirm_bars"": 2, ""exit_confirm_bars"": 3, ""long_ma_days"": 200.0, ""macd_fast_days"": 12.0, ""macd_signal_days"": 9.0, ""macd_slow_days"": 24.0, ""peak_stop_drawdown"": 0.4, ""profit_lock_scheme"": [[3.0, 0.75], [4.0, 0.5]], ""q100_activation_gain"": 1.1, ""q100_distance_quantile"": 1.0, ""q100_reentry_rule"": ""ma20"", ""q100_trim_weight"": 0.6}",annual_net_eoy,1058.2825680092433,0.2830982654323264,284.25939706485633,13.055346078286425,5.13732374426638
401.32813652243544,0.307588945025872,0.4084817806416992,0.8617034369266028,-0.5279067864595439,0.5826576829760911,0.6399207381994558,0.0028303914544561375,119,0.7155713947710871,33812,20,7,5,2,20/7/5/2,q100_trim_to_60,q100_trim_weight,start_date_cv_fast_slice,2004-01-01 00:00:00,2026-06-01 15:00:00,33812,"{""average_type"": ""sma"", ""bear_filter_buffer"": 0.01, ""bear_filter_require_20gt50"": true, ""bear_filter_slope_days"": 30, ""entry_confirm_bars"": 2, ""exit_confirm_bars"": 3, ""long_ma_days"": 200.0, ""macd_fast_days"": 12.0, ""macd_signal_days"": 9.0, ""macd_slow_days"": 24.0, ""peak_stop_drawdown"": 0.4, ""profit_lock_scheme"": [[3.0, 0.75], [4.0, 0.5]], ""q100_activation_gain"": 1.1, ""q100_distance_quantile"": 1.0, ""q100_reentry_rule"": ""ma20"", ""q100_trim_weight"": 0.6}",annual_net_eoy,401.32813652243544,0.2835817029024874,284.25768580608656,13.048215833412224,5.321424346385898
437.1911657058265,0.32931737071763845,0.40861175419624735,0.9019081822392281,-0.5279067864595444,0.6238172707084063,0.6379224959762287,0.0027764391438055876,113,0.7190757707069456,32308,22,9,5,1,22/9/5/1,q100_trim_to_60,q100_trim_weight,start_date_cv_fast_slice,2005-01-01 00:00:00,2026-06-01 15:00:00,32308,"{""average_type"": ""sma"", ""bear_filter_buffer"": 0.01, ""bear_filter_require_20gt50"": true, ""bear_filter_slope_days"": 30, ""entry_confirm_bars"": 2, ""exit_confirm_bars"": 3, ""long_ma_days"": 200.0, ""macd_fast_days"": 12.0, ""macd_signal_days"": 9.0, ""macd_slow_days"": 24.0, ""peak_stop_drawdown"": 0.4, ""profit_lock_scheme"": [[3.0, 0.75], [4.0, 0.5]], ""q100_activation_gain"": 1.1, ""q100_distance_quantile"": 1.0, ""q100_reentry_rule"": ""ma20"", ""q100_trim_weight"": 0.6}",annual_net_eoy,437.1911657058265,0.28003790202237544,284.0585767811943,13.027382226816638,5.2883496347653836
568.6209060686166,0.38745509065626216,0.41660445035934357,0.9953846973211052,-0.5279067864595445,0.7339460309930195,0.6368787547788094,0.002652280033385818,101,0.7229280447842709,29296,22,8,5,1,22/8/5/1,q100_trim_to_60,q100_trim_weight,start_date_cv_fast_slice,2007-01-01 00:00:00,2026-06-01 15:00:00,29296,"{""average_type"": ""sma"", ""bear_filter_buffer"": 0.01, ""bear_filter_require_20gt50"": true, ""bear_filter_slope_days"": 30, ""entry_confirm_bars"": 2, ""exit_confirm_bars"": 3, ""long_ma_days"": 200.0, ""macd_fast_days"": 12.0, ""macd_signal_days"": 9.0, ""macd_slow_days"": 24.0, ""peak_stop_drawdown"": 0.4, ""profit_lock_scheme"": [[3.0, 0.75], [4.0, 0.5]], ""q100_activation_gain"": 1.1, ""q100_distance_quantile"": 1.0, ""q100_reentry_rule"": ""ma20"", ""q100_trim_weight"": 0.6}",annual_net_eoy,568.6209060686166,0.2760945022712625,284.05223178824156,13.000944756180175,5.212725286728563
525.8351749607406,0.4342907233138207,0.4202570798633009,1.0694405604481216,-0.5279067864595446,0.8226655433366018,0.6250761266747868,0.002767250146851055,96,0.7453144031668696,26272,20,6,4,1,20/6/4/1,q100_trim_to_60,q100_trim_weight,start_date_cv_fast_slice,2009-01-01 00:00:00,2026-06-01 15:00:00,26272,"{""average_type"": ""sma"", ""bear_filter_buffer"": 0.01, ""bear_filter_require_20gt50"": true, ""bear_filter_slope_days"": 30, ""entry_confirm_bars"": 2, ""exit_confirm_bars"": 3, ""long_ma_days"": 200.0, ""macd_fast_days"": 12.0, ""macd_signal_days"": 9.0, ""macd_slow_days"": 24.0, ""peak_stop_drawdown"": 0.4, ""profit_lock_scheme"": [[3.0, 0.75], [4.0, 0.5]], ""q100_activation_gain"": 1.1, ""q100_distance_quantile"": 1.0, ""q100_reentry_rule"": ""ma20"", ""q100_trim_weight"": 0.6}",annual_net_eoy,525.8351749607406,0.25359563560212034,284.02798474606277,12.951181452555648,5.524969549330085
296.163096585763,0.4158475327422708,0.41898151573253606,1.0405459169957365,-0.5279067864595433,0.7877290904540015,0.6197092084006462,0.0028150725306167576,93,0.7540751211631663,24760,19,6,4,1,19/6/4/1,q100_trim_to_60,q100_trim_weight,start_date_cv_fast_slice,2010-01-01 00:00:00,2026-06-01 15:00:00,24760,"{""average_type"": ""sma"", ""bear_filter_buffer"": 0.01, ""bear_filter_require_20gt50"": true, ""bear_filter_slope_days"": 30, ""entry_confirm_bars"": 2, ""exit_confirm_bars"": 3, ""long_ma_days"": 200.0, ""macd_fast_days"": 12.0, ""macd_signal_days"": 9.0, ""macd_slow_days"": 24.0, ""peak_stop_drawdown"": 0.4, ""profit_lock_scheme"": [[3.0, 0.75], [4.0, 0.5]], ""q100_activation_gain"": 1.1, ""q100_distance_quantile"": 1.0, ""q100_reentry_rule"": ""ma20"", ""q100_trim_weight"": 0.6}",annual_net_eoy,296.163096585763,0.24476835777620784,284.02297501841406,12.930307587352678,5.679159935379644
283.7608272990744,0.444222559914325,0.41226169032807486,1.0988590217698178,-0.4606382089012785,0.9643632493576503,0.6202253957329663,0.0026540431804056657,85,0.7489203372333103,23248,18,5,3,0,18/5/3/0,q100_trim_to_60,q100_trim_weight,start_date_cv_fast_slice,2011-01-01 00:00:00,2026-06-01 15:00:00,23248,"{""average_type"": ""sma"", ""bear_filter_buffer"": 0.01, ""bear_filter_require_20gt50"": true, ""bear_filter_slope_days"": 30, ""entry_confirm_bars"": 2, ""exit_confirm_bars"": 3, ""long_ma_days"": 200.0, ""macd_fast_days"": 12.0, ""macd_signal_days"": 9.0, ""macd_slow_days"": 24.0, ""peak_stop_drawdown"": 0.4, ""profit_lock_scheme"": [[3.0, 0.75], [4.0, 0.5]], ""q100_activation_gain"": 1.1, ""q100_distance_quantile"": 1.0, ""q100_reentry_rule"": ""ma20"", ""q100_trim_weight"": 0.6}",annual_net_eoy,283.7608272990744,0.24984792405965695,283.9828494112502,12.919887029337033,5.528217481073641
336.78564493862183,0.5449929247865359,0.4098528656690352,1.2675495367174545,-0.4606382089012758,1.183125746529939,0.6190640905272521,0.0022670981412161104,68,0.7474872757819836,20237,16,4,2,0,16/4/2/0,q100_trim_to_60,q100_trim_weight,start_date_cv_fast_slice,2013-01-01 00:00:00,2026-06-01 15:00:00,20237,"{""average_type"": ""sma"", ""bear_filter_buffer"": 0.01, ""bear_filter_require_20gt50"": true, ""bear_filter_slope_days"": 30, ""entry_confirm_bars"": 2, ""exit_confirm_bars"": 3, ""long_ma_days"": 200.0, ""macd_fast_days"": 12.0, ""macd_signal_days"": 9.0, ""macd_slow_days"": 24.0, ""peak_stop_drawdown"": 0.4, ""profit_lock_scheme"": [[3.0, 0.75], [4.0, 0.5]], ""q100_activation_gain"": 1.1, ""q100_distance_quantile"": 1.0, ""q100_reentry_rule"": ""ma20"", ""q100_trim_weight"": 0.6}",annual_net_eoy,336.78564493862183,0.25109451519369924,283.71638715168547,12.877818639703934,5.080594949844344
95.80141351635861,0.5532001773691517,0.41965499257805006,1.2603943262467663,-0.4606382089012777,1.2009428802891848,0.6390268755572539,0.0025014118818965066,58,0.7040663609731245,15702,13,3,2,0,13/3/2/0,q100_trim_to_60,q100_trim_weight,start_date_cv_fast_slice,2016-01-01 00:00:00,2026-06-01 15:00:00,15702,"{""average_type"": ""sma"", ""bear_filter_buffer"": 0.01, ""bear_filter_require_20gt50"": true, ""bear_filter_slope_days"": 30, ""entry_confirm_bars"": 2, ""exit_confirm_bars"": 3, ""long_ma_days"": 200.0, ""macd_fast_days"": 12.0, ""macd_signal_days"": 9.0, ""macd_slow_days"": 24.0, ""peak_stop_drawdown"": 0.4, ""profit_lock_scheme"": [[3.0, 0.75], [4.0, 0.5]], ""q100_activation_gain"": 1.1, ""q100_distance_quantile"": 1.0, ""q100_reentry_rule"": ""ma20"", ""q100_trim_weight"": 0.6}",annual_net_eoy,95.80141351635861,0.2943050567224987,281.9347291553634,12.789444608940771,5.585021016431028
39.32141226221146,0.5537758454636363,0.44470250442612624,1.214694844075917,-0.4606382089012786,1.2021925987957254,0.6364711447492905,0.0024313317062387993,46,0.6892344686218859,12684,13,3,2,0,13/3/2/0,q100_trim_to_60,q100_trim_weight,start_date_cv_fast_slice,2018-01-01 00:00:00,2026-06-01 15:00:00,12684,"{""average_type"": ""sma"", ""bear_filter_buffer"": 0.01, ""bear_filter_require_20gt50"": true, ""bear_filter_slope_days"": 30, ""entry_confirm_bars"": 2, ""exit_confirm_bars"": 3, ""long_ma_days"": 200.0, ""macd_fast_days"": 12.0, ""macd_signal_days"": 9.0, ""macd_slow_days"": 24.0, ""peak_stop_drawdown"": 0.4, ""profit_lock_scheme"": [[3.0, 0.75], [4.0, 0.5]], ""q100_activation_gain"": 1.1, ""q100_distance_quantile"": 1.0, ""q100_reentry_rule"": ""ma20"", ""q100_trim_weight"": 0.6}",annual_net_eoy,39.32141226221146,0.3087340919823693,280.05510240313254,12.659937157280455,5.483443708609271
27.028823784001734,0.6843835282056232,0.45500287849627025,1.374730676769947,-0.4069769923861144,1.6816270723145026,0.6425615559693773,0.0019546649668022013,30,0.675103455410718,9666,10,2,1,0,10/2/1/0,q100_trim_to_60,q100_trim_weight,start_date_cv_fast_slice,2020-01-01 00:00:00,2026-06-01 15:00:00,9666,"{""average_type"": ""sma"", ""bear_filter_buffer"": 0.01, ""bear_filter_require_20gt50"": true, ""bear_filter_slope_days"": 30, ""entry_confirm_bars"": 2, ""exit_confirm_bars"": 3, ""long_ma_days"": 200.0, ""macd_fast_days"": 12.0, ""macd_signal_days"": 9.0, ""macd_slow_days"": 24.0, ""peak_stop_drawdown"": 0.4, ""profit_lock_scheme"": [[3.0, 0.75], [4.0, 0.5]], ""q100_activation_gain"": 1.1, ""q100_distance_quantile"": 1.0, ""q100_reentry_rule"": ""ma20"", ""q100_trim_weight"": 0.6}",annual_net_eoy,27.028823784001734,0.32389502811817084,276.86724417651016,12.225671515791438,4.692737430167598
5.5853383904310725,0.5364253530126928,0.40521021459360573,1.2636677279747528,-0.29079912771510463,1.8446594294403376,0.6735985533453888,0.001545944583176404,14,0.6445599758890899,6636,6,0,0,0,6/0/0/0,q100_trim_to_60,q100_trim_weight,start_date_cv_fast_slice,2022-01-01 00:00:00,2026-06-01 15:00:00,6636,"{""average_type"": ""sma"", ""bear_filter_buffer"": 0.01, ""bear_filter_require_20gt50"": true, ""bear_filter_slope_days"": 30, ""entry_confirm_bars"": 2, ""exit_confirm_bars"": 3, ""long_ma_days"": 200.0, ""macd_fast_days"": 12.0, ""macd_signal_days"": 9.0, ""macd_slow_days"": 24.0, ""peak_stop_drawdown"": 0.4, ""profit_lock_scheme"": [[3.0, 0.75], [4.0, 0.5]], ""q100_activation_gain"": 1.1, ""q100_distance_quantile"": 1.0, ""q100_reentry_rule"": ""ma20"", ""q100_trim_weight"": 0.6}",annual_net_eoy,5.5853383904310725,0.35633722913125254,257.941810301577,10.700308176549777,3.1898734177215187
809.0863233470922,0.3169057058304452,0.4092361004689751,0.8781384782913267,-0.5279067864595443,0.6003061789673185,0.6545508916920401,0.0026129354169330513,123,0.6911292953458025,36784,20,9,5,2,20/9/5/2,q100_trim_to_75,q100_trim_weight,start_date_cv_fast_slice,2002-01-10 15:00:00,2026-06-01 15:00:00,36784,"{""average_type"": ""sma"", ""bear_filter_buffer"": 0.01, ""bear_filter_require_20gt50"": true, ""bear_filter_slope_days"": 30, ""entry_confirm_bars"": 2, ""exit_confirm_bars"": 3, ""long_ma_days"": 200.0, ""macd_fast_days"": 12.0, ""macd_signal_days"": 9.0, ""macd_slow_days"": 24.0, ""peak_stop_drawdown"": 0.4, ""profit_lock_scheme"": [[3.0, 0.75], [4.0, 0.5]], ""q100_activation_gain"": 1.1, ""q100_distance_quantile"": 1.0, ""q100_reentry_rule"": ""ma20"", ""q100_trim_weight"": 0.75}",annual_net_eoy,809.0863233470922,0.308585754224667,256.37813314247944,11.83862582888713,5.055893866898652
955.7732562269051,0.34156434763110854,0.4171624639676417,0.9138006699368362,-0.5279067864595445,0.6470163983339584,0.6406081884591427,0.0026081379573154023,119,0.7194206919984144,35318,20,9,5,2,20/9/5/2,q100_trim_to_75,q100_trim_weight,start_date_cv_fast_slice,2003-01-01 00:00:00,2026-06-01 15:00:00,35318,"{""average_type"": ""sma"", ""bear_filter_buffer"": 0.01, ""bear_filter_require_20gt50"": true, ""bear_filter_slope_days"": 30, ""entry_confirm_bars"": 2, ""exit_confirm_bars"": 3, ""long_ma_days"": 200.0, ""macd_fast_days"": 12.0, ""macd_signal_days"": 9.0, ""macd_slow_days"": 24.0, ""peak_stop_drawdown"": 0.4, ""profit_lock_scheme"": [[3.0, 0.75], [4.0, 0.5]], ""q100_activation_gain"": 1.1, ""q100_distance_quantile"": 1.0, ""q100_reentry_rule"": ""ma20"", ""q100_trim_weight"": 0.75}",annual_net_eoy,955.7732562269051,0.2802825296845844,256.37147621752445,11.81172707092896,5.0945127130641605
362.3938789115495,0.3016510889277304,0.4097901721912773,0.8492029550334792,-0.5279067864595439,0.5714097576785886,0.6399207381994558,0.002694730166108641,118,0.719049449899444,33812,19,9,5,2,19/9/5/2,q100_trim_to_75,q100_trim_weight,start_date_cv_fast_slice,2004-01-01 00:00:00,2026-06-01 15:00:00,33812,"{""average_type"": ""sma"", ""bear_filter_buffer"": 0.01, ""bear_filter_require_20gt50"": true, ""bear_filter_slope_days"": 30, ""entry_confirm_bars"": 2, ""exit_confirm_bars"": 3, ""long_ma_days"": 200.0, ""macd_fast_days"": 12.0, ""macd_signal_days"": 9.0, ""macd_slow_days"": 24.0, ""peak_stop_drawdown"": 0.4, ""profit_lock_scheme"": [[3.0, 0.75], [4.0, 0.5]], ""q100_activation_gain"": 1.1, ""q100_distance_quantile"": 1.0, ""q100_reentry_rule"": ""ma20"", ""q100_trim_weight"": 0.75}",annual_net_eoy,362.3938789115495,0.2806405531586464,256.3697649587546,11.80459682605476,5.276706494735596
394.7863568454026,0.3230005009782013,0.40998062902800114,0.8886985104591861,-0.5279067864595444,0.6118513897963579,0.6379224959762287,0.002634462559628122,112,0.7227157360406091,32308,21,11,5,1,21/11/5/1,q100_trim_to_75,q100_trim_weight,start_date_cv_fast_slice,2005-01-01 00:00:00,2026-06-01 15:00:00,32308,"{""average_type"": ""sma"", ""bear_filter_buffer"": 0.01, ""bear_filter_require_20gt50"": true, ""bear_filter_slope_days"": 30, ""entry_confirm_bars"": 2, ""exit_confirm_bars"": 3, ""long_ma_days"": 200.0, ""macd_fast_days"": 12.0, ""macd_signal_days"": 9.0, ""macd_slow_days"": 24.0, ""peak_stop_drawdown"": 0.4, ""profit_lock_scheme"": [[3.0, 0.75], [4.0, 0.5]], ""q100_activation_gain"": 1.1, ""q100_distance_quantile"": 1.0, ""q100_reentry_rule"": ""ma20"", ""q100_trim_weight"": 0.75}",annual_net_eoy,394.7863568454026,0.27695983605918506,256.1706559338624,11.783763219459171,5.241550080475424
513.4973263729013,0.38018587305635765,0.4180852850024908,0.9808302951571484,-0.5279067864595445,0.7201761424703578,0.6368787547788094,0.0024957064574162124,100,0.726942244675041,29296,21,10,5,1,21/10/5/1,q100_trim_to_75,q100_trim_weight,start_date_cv_fast_slice,2007-01-01 00:00:00,2026-06-01 15:00:00,29296,"{""average_type"": ""sma"", ""bear_filter_buffer"": 0.01, ""bear_filter_require_20gt50"": true, ""bear_filter_slope_days"": 30, ""entry_confirm_bars"": 2, ""exit_confirm_bars"": 3, ""long_ma_days"": 200.0, ""macd_fast_days"": 12.0, ""macd_signal_days"": 9.0, ""macd_slow_days"": 24.0, ""peak_stop_drawdown"": 0.4, ""profit_lock_scheme"": [[3.0, 0.75], [4.0, 0.5]], ""q100_activation_gain"": 1.1, ""q100_distance_quantile"": 1.0, ""q100_reentry_rule"": ""ma20"", ""q100_trim_weight"": 0.75}",annual_net_eoy,513.4973263729013,0.2726999721258927,256.1643109409097,11.75732574882271,5.161114145275805
474.85207296421186,0.42591369581342087,0.42189401219378625,1.0531039377639935,-0.5279067864595446,0.8067971595323679,0.6250761266747868,0.002592654399225996,95,0.7497906516443362,26272,19,8,4,1,19/8/4/1,q100_trim_to_75,q100_trim_weight,start_date_cv_fast_slice,2009-01-01 00:00:00,2026-06-01 15:00:00,26272,"{""average_type"": ""sma"", ""bear_filter_buffer"": 0.01, ""bear_filter_require_20gt50"": true, ""bear_filter_slope_days"": 30, ""entry_confirm_bars"": 2, ""exit_confirm_bars"": 3, ""long_ma_days"": 200.0, ""macd_fast_days"": 12.0, ""macd_signal_days"": 9.0, ""macd_slow_days"": 24.0, ""peak_stop_drawdown"": 0.4, ""profit_lock_scheme"": [[3.0, 0.75], [4.0, 0.5]], ""q100_activation_gain"": 1.1, ""q100_distance_quantile"": 1.0, ""q100_reentry_rule"": ""ma20"", ""q100_trim_weight"": 0.75}",annual_net_eoy,474.85207296421186,0.24981038304659528,256.14006389873083,11.707562445198185,5.46741778319123
267.40591182875204,0.4070748153602275,0.4207233521526543,1.0232705084064635,-0.5279067864595433,0.771111161669872,0.6197092084006462,0.0026298148778863234,92,0.758824717285945,24760,18,8,4,1,18/8/4/1,q100_trim_to_75,q100_trim_weight,start_date_cv_fast_slice,2010-01-01 00:00:00,2026-06-01 15:00:00,24760,"{""average_type"": ""sma"", ""bear_filter_buffer"": 0.01, ""bear_filter_require_20gt50"": true, ""bear_filter_slope_days"": 30, ""entry_confirm_bars"": 2, ""exit_confirm_bars"": 3, ""long_ma_days"": 200.0, ""macd_fast_days"": 12.0, ""macd_signal_days"": 9.0, ""macd_slow_days"": 24.0, ""peak_stop_drawdown"": 0.4, ""profit_lock_scheme"": [[3.0, 0.75], [4.0, 0.5]], ""q100_activation_gain"": 1.1, ""q100_distance_quantile"": 1.0, ""q100_reentry_rule"": ""ma20"", ""q100_trim_weight"": 0.75}",annual_net_eoy,267.40591182875204,0.24075195409532113,256.1350541710821,11.686688579995215,5.618093699515347
256.20383985250186,0.434693959084967,0.4141468166204124,1.0798270692728738,-0.46605550059101897,0.9327085691161644,0.6202253957329663,0.002456736767741972,84,0.7539788368891948,23248,17,7,3,0,17/7/3/0,q100_trim_to_75,q100_trim_weight,start_date_cv_fast_slice,2011-01-01 00:00:00,2026-06-01 15:00:00,23248,"{""average_type"": ""sma"", ""bear_filter_buffer"": 0.01, ""bear_filter_require_20gt50"": true, ""bear_filter_slope_days"": 30, ""entry_confirm_bars"": 2, ""exit_confirm_bars"": 3, ""long_ma_days"": 200.0, ""macd_fast_days"": 12.0, ""macd_signal_days"": 9.0, ""macd_slow_days"": 24.0, ""peak_stop_drawdown"": 0.4, ""profit_lock_scheme"": [[3.0, 0.75], [4.0, 0.5]], ""q100_activation_gain"": 1.1, ""q100_distance_quantile"": 1.0, ""q100_reentry_rule"": ""ma20"", ""q100_trim_weight"": 0.75}",annual_net_eoy,256.20383985250186,0.2455703021077147,256.0949285639183,11.67626802197957,5.463179628355127
307.4553556975995,0.534543086182167,0.41200773824146514,1.2466819524327286,-0.46605550059101886,1.1469515658635012,0.6190640905272521,0.0020554847483420327,67,0.7531501704798143,20237,15,6,2,0,15/6/2/0,q100_trim_to_75,q100_trim_weight,start_date_cv_fast_slice,2013-01-01 00:00:00,2026-06-01 15:00:00,20237,"{""average_type"": ""sma"", ""bear_filter_buffer"": 0.01, ""bear_filter_require_20gt50"": true, ""bear_filter_slope_days"": 30, ""entry_confirm_bars"": 2, ""exit_confirm_bars"": 3, ""long_ma_days"": 200.0, ""macd_fast_days"": 12.0, ""macd_signal_days"": 9.0, ""macd_slow_days"": 24.0, ""peak_stop_drawdown"": 0.4, ""profit_lock_scheme"": [[3.0, 0.75], [4.0, 0.5]], ""q100_activation_gain"": 1.1, ""q100_distance_quantile"": 1.0, ""q100_reentry_rule"": ""ma20"", ""q100_trim_weight"": 0.75}",annual_net_eoy,307.4553556975995,0.24632936189965463,255.83831881428253,11.634970093379176,5.005880318228987
87.49972044783647,0.5398477513145952,0.42230030708780414,1.2347661336190539,-0.4660555005910204,1.158333611833776,0.6390268755572539,0.0022672163023069363,57,0.7105145841294103,15702,12,5,2,0,12/5/2/0,q100_trim_to_75,q100_trim_weight,start_date_cv_fast_slice,2016-01-01 00:00:00,2026-06-01 15:00:00,15702,"{""average_type"": ""sma"", ""bear_filter_buffer"": 0.01, ""bear_filter_require_20gt50"": true, ""bear_filter_slope_days"": 30, ""entry_confirm_bars"": 2, ""exit_confirm_bars"": 3, ""long_ma_days"": 200.0, ""macd_fast_days"": 12.0, ""macd_signal_days"": 9.0, ""macd_slow_days"": 24.0, ""peak_stop_drawdown"": 0.4, ""profit_lock_scheme"": [[3.0, 0.75], [4.0, 0.5]], ""q100_activation_gain"": 1.1, ""q100_distance_quantile"": 1.0, ""q100_reentry_rule"": ""ma20"", ""q100_trim_weight"": 0.75}",annual_net_eoy,87.49972044783647,0.2890174639246336,254.08491354909327,11.547988244250364,5.488727550630493
35.86324169643178,0.5372561807605214,0.4478634074048154,1.185518930464696,-0.4660555005910203,1.1527729639049624,0.6364711447492905,0.002213003764688466,45,0.6955613371176285,12684,12,5,2,0,12/5/2/0,q100_trim_to_75,q100_trim_weight,start_date_cv_fast_slice,2018-01-01 00:00:00,2026-06-01 15:00:00,12684,"{""average_type"": ""sma"", ""bear_filter_buffer"": 0.01, ""bear_filter_require_20gt50"": true, ""bear_filter_slope_days"": 30, ""entry_confirm_bars"": 2, ""exit_confirm_bars"": 3, ""long_ma_days"": 200.0, ""macd_fast_days"": 12.0, ""macd_signal_days"": 9.0, ""macd_slow_days"": 24.0, ""peak_stop_drawdown"": 0.4, ""profit_lock_scheme"": [[3.0, 0.75], [4.0, 0.5]], ""q100_activation_gain"": 1.1, ""q100_distance_quantile"": 1.0, ""q100_reentry_rule"": ""ma20"", ""q100_trim_weight"": 0.75}",annual_net_eoy,35.86324169643178,0.3038468792411029,252.80264152454987,11.427679325915866,5.364238410596026
25.68106191194982,0.6714493627801152,0.4587554038546953,1.3504938689677202,-0.4253283090019778,1.5786613507002492,0.6425615559693773,0.0017661812408405215,30,0.681202151872543,9666,9,4,1,0,9/4/1/0,q100_trim_to_75,q100_trim_weight,start_date_cv_fast_slice,2020-01-01 00:00:00,2026-06-01 15:00:00,9666,"{""average_type"": ""sma"", ""bear_filter_buffer"": 0.01, ""bear_filter_require_20gt50"": true, ""bear_filter_slope_days"": 30, ""entry_confirm_bars"": 2, ""exit_confirm_bars"": 3, ""long_ma_days"": 200.0, ""macd_fast_days"": 12.0, ""macd_signal_days"": 9.0, ""macd_slow_days"": 24.0, ""peak_stop_drawdown"": 0.4, ""profit_lock_scheme"": [[3.0, 0.75], [4.0, 0.5]], ""q100_activation_gain"": 1.1, ""q100_distance_quantile"": 1.0, ""q100_reentry_rule"": ""ma20"", ""q100_trim_weight"": 0.75}",annual_net_eoy,25.68106191194982,0.3178769445352332,249.36787377677595,11.011905882579045,4.692737430167598
5.5260765329758135,0.5332640338150911,0.4062123600459492,1.2565142722223956,-0.30231756164963564,1.7639201338660766,0.6735985533453888,0.0015002068807626154,14,0.6463230861965039,6636,6,1,0,0,6/1/0/0,q100_trim_to_75,q100_trim_weight,start_date_cv_fast_slice,2022-01-01 00:00:00,2026-06-01 15:00:00,6636,"{""average_type"": ""sma"", ""bear_filter_buffer"": 0.01, ""bear_filter_require_20gt50"": true, ""bear_filter_slope_days"": 30, ""entry_confirm_bars"": 2, ""exit_confirm_bars"": 3, ""long_ma_days"": 200.0, ""macd_fast_days"": 12.0, ""macd_signal_days"": 9.0, ""macd_slow_days"": 24.0, ""peak_stop_drawdown"": 0.4, ""profit_lock_scheme"": [[3.0, 0.75], [4.0, 0.5]], ""q100_activation_gain"": 1.1, ""q100_distance_quantile"": 1.0, ""q100_reentry_rule"": ""ma20"", ""q100_trim_weight"": 0.75}",annual_net_eoy,5.5260765329758135,0.35456692394584916,233.5226339036147,9.665936330889448,3.1898734177215187
959.4879930433176,0.3261566236497664,0.4073372062163306,0.897462668870009,-0.5279067864595443,0.6178299503159752,0.6545237059591127,0.002819373625643381,124,0.6858008916920401,36784,22,7,4,2,22/7/4/2,q100_reentry_ma20,q100_reentry,start_date_cv_fast_slice,2002-01-10 15:00:00,2026-06-01 15:00:00,36784,"{""average_type"": ""sma"", ""bear_filter_buffer"": 0.01, ""bear_filter_require_20gt50"": true, ""bear_filter_slope_days"": 30, ""entry_confirm_bars"": 2, ""exit_confirm_bars"": 3, ""long_ma_days"": 200.0, ""macd_fast_days"": 12.0, ""macd_signal_days"": 9.0, ""macd_slow_days"": 24.0, ""peak_stop_drawdown"": 0.4, ""profit_lock_scheme"": [[3.0, 0.75], [4.0, 0.5]], ""q100_activation_gain"": 1.1, ""q100_distance_quantile"": 1.0, ""q100_reentry_rule"": ""ma20"", ""q100_trim_weight"": 0.5}",annual_net_eoy,959.4879930433176,0.3134134351970943,304.79796016905505,14.014936440207977,5.096998695084819
1133.409010726081,0.3513810963541517,0.41522209069931576,0.9336324713692902,-0.5279067864595445,0.6656120083447334,0.6405798742850671,0.0028231451227608054,120,0.7138711138796081,35318,22,7,4,2,22/7/4/2,q100_reentry_ma20,q100_reentry,start_date_cv_fast_slice,2003-01-01 00:00:00,2026-06-01 15:00:00,35318,"{""average_type"": ""sma"", ""bear_filter_buffer"": 0.01, ""bear_filter_require_20gt50"": true, ""bear_filter_slope_days"": 30, ""entry_confirm_bars"": 2, ""exit_confirm_bars"": 3, ""long_ma_days"": 200.0, ""macd_fast_days"": 12.0, ""macd_signal_days"": 9.0, ""macd_slow_days"": 24.0, ""peak_stop_drawdown"": 0.4, ""profit_lock_scheme"": [[3.0, 0.75], [4.0, 0.5]], ""q100_activation_gain"": 1.1, ""q100_distance_quantile"": 1.0, ""q100_reentry_rule"": ""ma20"", ""q100_trim_weight"": 0.5}",annual_net_eoy,1133.409010726081,0.2853106008349826,304.79130324410005,13.988037682249807,5.13732374426638
429.8620543028554,0.31160162770972555,0.407726875293079,0.8700537824939563,-0.5279067864595439,0.5902588026941478,0.6398911629007453,0.0029193138366753256,119,0.7132526913521826,33812,21,7,4,2,21/7/4/2,q100_reentry_ma20,q100_reentry,start_date_cv_fast_slice,2004-01-01 00:00:00,2026-06-01 15:00:00,33812,"{""average_type"": ""sma"", ""bear_filter_buffer"": 0.01, ""bear_filter_require_20gt50"": true, ""bear_filter_slope_days"": 30, ""entry_confirm_bars"": 2, ""exit_confirm_bars"": 3, ""long_ma_days"": 200.0, ""macd_fast_days"": 12.0, ""macd_signal_days"": 9.0, ""macd_slow_days"": 24.0, ""peak_stop_drawdown"": 0.4, ""profit_lock_scheme"": [[3.0, 0.75], [4.0, 0.5]], ""q100_activation_gain"": 1.1, ""q100_distance_quantile"": 1.0, ""q100_reentry_rule"": ""ma20"", ""q100_trim_weight"": 0.5}",annual_net_eoy,429.8620543028554,0.285892576608598,304.7895919853302,13.980907437375606,5.321424346385898
468.2685613919287,0.3335869396857032,0.407821846676039,0.9107227936804192,-0.5279067864595444,0.6319050033869328,0.6378915438900582,0.0028695010352131393,113,0.71664912715117,32308,23,9,4,1,23/9/4/1,q100_reentry_ma20,q100_reentry,start_date_cv_fast_slice,2005-01-01 00:00:00,2026-06-01 15:00:00,32308,"{""average_type"": ""sma"", ""bear_filter_buffer"": 0.01, ""bear_filter_require_20gt50"": true, ""bear_filter_slope_days"": 30, ""entry_confirm_bars"": 2, ""exit_confirm_bars"": 3, ""long_ma_days"": 200.0, ""macd_fast_days"": 12.0, ""macd_signal_days"": 9.0, ""macd_slow_days"": 24.0, ""peak_stop_drawdown"": 0.4, ""profit_lock_scheme"": [[3.0, 0.75], [4.0, 0.5]], ""q100_activation_gain"": 1.1, ""q100_distance_quantile"": 1.0, ""q100_reentry_rule"": ""ma20"", ""q100_trim_weight"": 0.5}",annual_net_eoy,468.2685613919287,0.2824563513770557,304.590482960438,13.960073830780019,5.2883496347653836
609.0195623501876,0.3923703639138352,0.4157497585442943,1.0050767247633299,-0.5279067864595445,0.7432569043965189,0.6368446204259968,0.002754909866386746,101,0.7202519115237576,29296,23,8,4,1,23/8/4/1,q100_reentry_ma20,q100_reentry,start_date_cv_fast_slice,2007-01-01 00:00:00,2026-06-01 15:00:00,29296,"{""average_type"": ""sma"", ""bear_filter_buffer"": 0.01, ""bear_filter_require_20gt50"": true, ""bear_filter_slope_days"": 30, ""entry_confirm_bars"": 2, ""exit_confirm_bars"": 3, ""long_ma_days"": 200.0, ""macd_fast_days"": 12.0, ""macd_signal_days"": 9.0, ""macd_slow_days"": 24.0, ""peak_stop_drawdown"": 0.4, ""profit_lock_scheme"": [[3.0, 0.75], [4.0, 0.5]], ""q100_activation_gain"": 1.1, ""q100_distance_quantile"": 1.0, ""q100_reentry_rule"": ""ma20"", ""q100_trim_weight"": 0.5}",annual_net_eoy,609.0195623501876,0.27876159886298185,304.5841379674853,13.93363636014356,5.212725286728563
563.1993814418164,0.43995793660826576,0.4193120051207676,1.0803042919330597,-0.5279067864595446,0.8334007970590492,0.6250380633373934,0.002881693036147462,96,0.7423302375152253,26272,21,6,3,1,21/6/3/1,q100_reentry_ma20,q100_reentry,start_date_cv_fast_slice,2009-01-01 00:00:00,2026-06-01 15:00:00,26272,"{""average_type"": ""sma"", ""bear_filter_buffer"": 0.01, ""bear_filter_require_20gt50"": true, ""bear_filter_slope_days"": 30, ""entry_confirm_bars"": 2, ""exit_confirm_bars"": 3, ""long_ma_days"": 200.0, ""macd_fast_days"": 12.0, ""macd_signal_days"": 9.0, ""macd_slow_days"": 24.0, ""peak_stop_drawdown"": 0.4, ""profit_lock_scheme"": [[3.0, 0.75], [4.0, 0.5]], ""q100_activation_gain"": 1.1, ""q100_distance_quantile"": 1.0, ""q100_reentry_rule"": ""ma20"", ""q100_trim_weight"": 0.5}",annual_net_eoy,563.1993814418164,0.25656972443247245,304.55989092530643,13.883873056519032,5.524969549330085
317.23849896414856,0.42178421327585935,0.4179756788641114,1.0520481797743837,-0.5279067864595433,0.7989747889103587,0.6196688206785137,0.00293650401638393,93,0.7509087237479806,24760,20,6,3,1,20/6/3/1,q100_reentry_ma20,q100_reentry,start_date_cv_fast_slice,2010-01-01 00:00:00,2026-06-01 15:00:00,24760,"{""average_type"": ""sma"", ""bear_filter_buffer"": 0.01, ""bear_filter_require_20gt50"": true, ""bear_filter_slope_days"": 30, ""entry_confirm_bars"": 2, ""exit_confirm_bars"": 3, ""long_ma_days"": 200.0, ""macd_fast_days"": 12.0, ""macd_signal_days"": 9.0, ""macd_slow_days"": 24.0, ""peak_stop_drawdown"": 0.4, ""profit_lock_scheme"": [[3.0, 0.75], [4.0, 0.5]], ""q100_activation_gain"": 1.1, ""q100_distance_quantile"": 1.0, ""q100_reentry_rule"": ""ma20"", ""q100_trim_weight"": 0.5}",annual_net_eoy,317.23849896414856,0.24792406301655562,304.5548811976577,13.86299919131606,5.679159935379644
303.95663588325704,0.4506729428055545,0.4111727329356514,1.1115112899844457,-0.4574899957258237,0.985099012035326,0.6201823812801102,0.0027833723092595547,85,0.7455480041293875,23248,18,5,2,0,18/5/2/0,q100_reentry_ma20,q100_reentry,start_date_cv_fast_slice,2011-01-01 00:00:00,2026-06-01 15:00:00,23248,"{""average_type"": ""sma"", ""bear_filter_buffer"": 0.01, ""bear_filter_require_20gt50"": true, ""bear_filter_slope_days"": 30, ""entry_confirm_bars"": 2, ""exit_confirm_bars"": 3, ""long_ma_days"": 200.0, ""macd_fast_days"": 12.0, ""macd_signal_days"": 9.0, ""macd_slow_days"": 24.0, ""peak_stop_drawdown"": 0.4, ""profit_lock_scheme"": [[3.0, 0.75], [4.0, 0.5]], ""q100_activation_gain"": 1.1, ""q100_distance_quantile"": 1.0, ""q100_reentry_rule"": ""ma20"", ""q100_trim_weight"": 0.5}",annual_net_eoy,303.95663588325704,0.25320886959264954,304.51475559049385,13.852578633300418,5.528217481073641
358.13811271167066,0.5520847127791157,0.4086026812255113,1.2813762778015387,-0.4574899957258246,1.206768930330844,0.6190640905272521,0.0024057519270833687,68,0.7437120126500963,20237,16,4,1,0,16/4/1/0,q100_reentry_ma20,q100_reentry,start_date_cv_fast_slice,2013-01-01 00:00:00,2026-06-01 15:00:00,20237,"{""average_type"": ""sma"", ""bear_filter_buffer"": 0.01, ""bear_filter_require_20gt50"": true, ""bear_filter_slope_days"": 30, ""entry_confirm_bars"": 2, ""exit_confirm_bars"": 3, ""long_ma_days"": 200.0, ""macd_fast_days"": 12.0, ""macd_signal_days"": 9.0, ""macd_slow_days"": 24.0, ""peak_stop_drawdown"": 0.4, ""profit_lock_scheme"": [[3.0, 0.75], [4.0, 0.5]], ""q100_activation_gain"": 1.1, ""q100_distance_quantile"": 1.0, ""q100_reentry_rule"": ""ma20"", ""q100_trim_weight"": 0.5}",annual_net_eoy,358.13811271167066,0.2548565816830313,304.24171166102224,13.809996755872865,5.080594949844344
101.7776766490085,0.5621858794183769,0.41801262496681235,1.277490133170296,-0.4574899957258234,1.2288484659133365,0.6390268755572539,0.002654581586955475,58,0.6997675455356006,15702,13,3,1,0,13/3/1/0,q100_reentry_ma20,q100_reentry,start_date_cv_fast_slice,2016-01-01 00:00:00,2026-06-01 15:00:00,15702,"{""average_type"": ""sma"", ""bear_filter_buffer"": 0.01, ""bear_filter_require_20gt50"": true, ""bear_filter_slope_days"": 30, ""entry_confirm_bars"": 2, ""exit_confirm_bars"": 3, ""long_ma_days"": 200.0, ""macd_fast_days"": 12.0, ""macd_signal_days"": 9.0, ""macd_slow_days"": 24.0, ""peak_stop_drawdown"": 0.4, ""profit_lock_scheme"": [[3.0, 0.75], [4.0, 0.5]], ""q100_activation_gain"": 1.1, ""q100_distance_quantile"": 1.0, ""q100_reentry_rule"": ""ma20"", ""q100_trim_weight"": 0.5}",annual_net_eoy,101.7776766490085,0.2985862551352034,302.4350625711199,13.7204674529469,5.585021016431028
41.63143583370339,0.564128558279289,0.44272850355362914,1.2330986189024031,-0.45748999572582316,1.2330948513623345,0.6364711447492905,0.0025735364565918936,46,0.6850165562913907,12684,13,3,1,0,13/3/1/0,q100_reentry_ma20,q100_reentry,start_date_cv_fast_slice,2018-01-01 00:00:00,2026-06-01 15:00:00,12684,"{""average_type"": ""sma"", ""bear_filter_buffer"": 0.01, ""bear_filter_require_20gt50"": true, ""bear_filter_slope_days"": 30, ""entry_confirm_bars"": 2, ""exit_confirm_bars"": 3, ""long_ma_days"": 200.0, ""macd_fast_days"": 12.0, ""macd_signal_days"": 9.0, ""macd_slow_days"": 24.0, ""peak_stop_drawdown"": 0.4, ""profit_lock_scheme"": [[3.0, 0.75], [4.0, 0.5]], ""q100_activation_gain"": 1.1, ""q100_distance_quantile"": 1.0, ""q100_reentry_rule"": ""ma20"", ""q100_trim_weight"": 0.5}",annual_net_eoy,41.63143583370339,0.3129299914954741,300.24225703922565,13.584577206918986,5.483443708609271
27.989685397053176,0.6932879865500554,0.4529767497056562,1.3904705730746523,-0.3946167679357776,1.7568639826853112,0.6425615559693773,0.0020790796559799606,30,0.6710376577695013,9666,10,2,0,0,10/2/0/0,q100_reentry_ma20,q100_reentry,start_date_cv_fast_slice,2020-01-01 00:00:00,2026-06-01 15:00:00,9666,"{""average_type"": ""sma"", ""bear_filter_buffer"": 0.01, ""bear_filter_require_20gt50"": true, ""bear_filter_slope_days"": 30, ""entry_confirm_bars"": 2, ""exit_confirm_bars"": 3, ""long_ma_days"": 200.0, ""macd_fast_days"": 12.0, ""macd_signal_days"": 9.0, ""macd_slow_days"": 24.0, ""peak_stop_drawdown"": 0.4, ""profit_lock_scheme"": [[3.0, 0.75], [4.0, 0.5]], ""q100_activation_gain"": 1.1, ""q100_distance_quantile"": 1.0, ""q100_reentry_rule"": ""ma20"", ""q100_trim_weight"": 0.5}",annual_net_eoy,27.989685397053176,0.3279380041326581,297.1111551527659,13.12925119534227,4.692737430167598
5.61081161684006,0.5377774727569544,0.40479019635634367,1.2667236311479384,-0.28926220617910237,1.8591349345651431,0.6735985533453888,0.0015761699610767396,14,0.6433845690174804,6636,6,0,0,0,6/0/0/0,q100_reentry_ma20,q100_reentry,start_date_cv_fast_slice,2022-01-01 00:00:00,2026-06-01 15:00:00,6636,"{""average_type"": ""sma"", ""bear_filter_buffer"": 0.01, ""bear_filter_require_20gt50"": true, ""bear_filter_slope_days"": 30, ""entry_confirm_bars"": 2, ""exit_confirm_bars"": 3, ""long_ma_days"": 200.0, ""macd_fast_days"": 12.0, ""macd_signal_days"": 9.0, ""macd_slow_days"": 24.0, ""peak_stop_drawdown"": 0.4, ""profit_lock_scheme"": [[3.0, 0.75], [4.0, 0.5]], ""q100_activation_gain"": 1.1, ""q100_distance_quantile"": 1.0, ""q100_reentry_rule"": ""ma20"", ""q100_trim_weight"": 0.5}",annual_net_eoy,5.61081161684006,0.3575138120008946,276.1405323685362,11.466532811959418,3.1898734177215187
940.9527915902148,0.3250948214098843,0.4048178794018276,0.898549121732868,-0.5279067864595443,0.6158186061409873,0.6546324488908221,0.002683161262024373,114,0.6805540452370596,36784,21,7,4,2,21/7/4/2,q100_reentry_ma50,q100_reentry,start_date_cv_fast_slice,2002-01-10 15:00:00,2026-06-01 15:00:00,36784,"{""average_type"": ""sma"", ""bear_filter_buffer"": 0.01, ""bear_filter_require_20gt50"": true, ""bear_filter_slope_days"": 30, ""entry_confirm_bars"": 2, ""exit_confirm_bars"": 3, ""long_ma_days"": 200.0, ""macd_fast_days"": 12.0, ""macd_signal_days"": 9.0, ""macd_slow_days"": 24.0, ""peak_stop_drawdown"": 0.4, ""profit_lock_scheme"": [[3.0, 0.75], [4.0, 0.5]], ""q100_activation_gain"": 1.1, ""q100_distance_quantile"": 1.0, ""q100_reentry_rule"": ""ma50"", ""q100_trim_weight"": 0.5}",annual_net_eoy,940.9527915902148,0.31832142211058245,298.507726046361,13.829985235319336,4.68595041322314
1111.5175350425568,0.3502542043665411,0.4126480653259937,0.934859697758979,-0.5279067864595445,0.6634773663652881,0.6406931309813693,0.0026812787774592147,110,0.7084064782830285,35318,21,7,4,2,21/7/4/2,q100_reentry_ma50,q100_reentry,start_date_cv_fast_slice,2003-01-01 00:00:00,2026-06-01 15:00:00,35318,"{""average_type"": ""sma"", ""bear_filter_buffer"": 0.01, ""bear_filter_require_20gt50"": true, ""bear_filter_slope_days"": 30, ""entry_confirm_bars"": 2, ""exit_confirm_bars"": 3, ""long_ma_days"": 200.0, ""macd_fast_days"": 12.0, ""macd_signal_days"": 9.0, ""macd_slow_days"": 24.0, ""peak_stop_drawdown"": 0.4, ""profit_lock_scheme"": [[3.0, 0.75], [4.0, 0.5]], ""q100_activation_gain"": 1.1, ""q100_distance_quantile"": 1.0, ""q100_reentry_rule"": ""ma50"", ""q100_trim_weight"": 0.5}",annual_net_eoy,1111.5175350425568,0.2904223113119561,298.501069121406,13.80308647736117,4.709213432244182
421.54741108728723,0.3104592135615958,0.40498795772984847,0.8710457653798316,-0.5279067864595439,0.5880947574925479,0.6400094640955873,0.0027711287076276035,109,0.7075446587010529,33812,20,7,4,2,20/7/4/2,q100_reentry_ma50,q100_reentry,start_date_cv_fast_slice,2004-01-01 00:00:00,2026-06-01 15:00:00,33812,"{""average_type"": ""sma"", ""bear_filter_buffer"": 0.01, ""bear_filter_require_20gt50"": true, ""bear_filter_slope_days"": 30, ""entry_confirm_bars"": 2, ""exit_confirm_bars"": 3, ""long_ma_days"": 200.0, ""macd_fast_days"": 12.0, ""macd_signal_days"": 9.0, ""macd_slow_days"": 24.0, ""peak_stop_drawdown"": 0.4, ""profit_lock_scheme"": [[3.0, 0.75], [4.0, 0.5]], ""q100_activation_gain"": 1.1, ""q100_distance_quantile"": 1.0, ""q100_reentry_rule"": ""ma50"", ""q100_trim_weight"": 0.5}",annual_net_eoy,421.54741108728723,0.2912319647141744,298.49935786263615,13.795956232486969,4.874245829882882
459.2127612320046,0.33237132779792655,0.40495570447282686,0.9120482840144248,-0.5279067864595444,0.6296023016241287,0.6380153522347406,0.002714417601284652,103,0.7106753745202427,32308,22,9,4,1,22/9/4/1,q100_reentry_ma50,q100_reentry,start_date_cv_fast_slice,2005-01-01 00:00:00,2026-06-01 15:00:00,32308,"{""average_type"": ""sma"", ""bear_filter_buffer"": 0.01, ""bear_filter_require_20gt50"": true, ""bear_filter_slope_days"": 30, ""entry_confirm_bars"": 2, ""exit_confirm_bars"": 3, ""long_ma_days"": 200.0, ""macd_fast_days"": 12.0, ""macd_signal_days"": 9.0, ""macd_slow_days"": 24.0, ""peak_stop_drawdown"": 0.4, ""profit_lock_scheme"": [[3.0, 0.75], [4.0, 0.5]], ""q100_activation_gain"": 1.1, ""q100_distance_quantile"": 1.0, ""q100_reentry_rule"": ""ma50"", ""q100_trim_weight"": 0.5}",annual_net_eoy,459.2127612320046,0.28804429834454826,298.30024883774394,13.775122625891381,4.820354091865792
597.2475927260039,0.39097074511660135,0.41264871262982256,1.0070883903887151,-0.5279067864595445,0.7406056431641705,0.6369811578372474,0.0025838818904391223,91,0.713663981430912,29296,22,8,4,1,22/8/4/1,q100_reentry_ma50,q100_reentry,start_date_cv_fast_slice,2007-01-01 00:00:00,2026-06-01 15:00:00,29296,"{""average_type"": ""sma"", ""bear_filter_buffer"": 0.01, ""bear_filter_require_20gt50"": true, ""bear_filter_slope_days"": 30, ""entry_confirm_bars"": 2, ""exit_confirm_bars"": 3, ""long_ma_days"": 200.0, ""macd_fast_days"": 12.0, ""macd_signal_days"": 9.0, ""macd_slow_days"": 24.0, ""peak_stop_drawdown"": 0.4, ""profit_lock_scheme"": [[3.0, 0.75], [4.0, 0.5]], ""q100_activation_gain"": 1.1, ""q100_distance_quantile"": 1.0, ""q100_reentry_rule"": ""ma50"", ""q100_trim_weight"": 0.5}",annual_net_eoy,597.2475927260039,0.28492405758177447,298.2939038447912,13.748685155254918,4.696613872200983
552.3116355558903,0.43834396882922455,0.41588229622055384,1.0830821132501887,-0.5279067864595446,0.8303435001641458,0.6251903166869671,0.002690979136049959,86,0.7349840133982948,26272,20,6,3,1,20/6/3/1,q100_reentry_ma50,q100_reentry,start_date_cv_fast_slice,2009-01-01 00:00:00,2026-06-01 15:00:00,26272,"{""average_type"": ""sma"", ""bear_filter_buffer"": 0.01, ""bear_filter_require_20gt50"": true, ""bear_filter_slope_days"": 30, ""entry_confirm_bars"": 2, ""exit_confirm_bars"": 3, ""long_ma_days"": 200.0, ""macd_fast_days"": 12.0, ""macd_signal_days"": 9.0, ""macd_slow_days"": 24.0, ""peak_stop_drawdown"": 0.4, ""profit_lock_scheme"": [[3.0, 0.75], [4.0, 0.5]], ""q100_activation_gain"": 1.1, ""q100_distance_quantile"": 1.0, ""q100_reentry_rule"": ""ma50"", ""q100_trim_weight"": 0.5}",annual_net_eoy,552.3116355558903,0.26344150391731375,298.2696568026124,13.698921851630393,4.949451887941534
311.0972304306959,0.42009335826450833,0.414323815966244,1.0547908206874452,-0.5279067864595433,0.7957718465449254,0.6198303715670436,0.0027341439362804742,83,0.7431138933764135,24760,19,6,3,1,19/6/3/1,q100_reentry_ma50,q100_reentry,start_date_cv_fast_slice,2010-01-01 00:00:00,2026-06-01 15:00:00,24760,"{""average_type"": ""sma"", ""bear_filter_buffer"": 0.01, ""bear_filter_require_20gt50"": true, ""bear_filter_slope_days"": 30, ""entry_confirm_bars"": 2, ""exit_confirm_bars"": 3, ""long_ma_days"": 200.0, ""macd_fast_days"": 12.0, ""macd_signal_days"": 9.0, ""macd_slow_days"": 24.0, ""peak_stop_drawdown"": 0.4, ""profit_lock_scheme"": [[3.0, 0.75], [4.0, 0.5]], ""q100_activation_gain"": 1.1, ""q100_distance_quantile"": 1.0, ""q100_reentry_rule"": ""ma50"", ""q100_trim_weight"": 0.5}",annual_net_eoy,311.0972304306959,0.2552154762082256,298.26464707496365,13.678047986427421,5.068497576736672
298.0716766526434,0.4488355989832551,0.4072173367544571,1.1152314341632537,-0.46577086256016964,0.963640354220898,0.6203544390915348,0.0025678511640702226,75,0.7372462147281487,23248,17,5,2,0,17/5/2/0,q100_reentry_ma50,q100_reentry,start_date_cv_fast_slice,2011-01-01 00:00:00,2026-06-01 15:00:00,23248,"{""average_type"": ""sma"", ""bear_filter_buffer"": 0.01, ""bear_filter_require_20gt50"": true, ""bear_filter_slope_days"": 30, ""entry_confirm_bars"": 2, ""exit_confirm_bars"": 3, ""long_ma_days"": 200.0, ""macd_fast_days"": 12.0, ""macd_signal_days"": 9.0, ""macd_slow_days"": 24.0, ""peak_stop_drawdown"": 0.4, ""profit_lock_scheme"": [[3.0, 0.75], [4.0, 0.5]], ""q100_activation_gain"": 1.1, ""q100_distance_quantile"": 1.0, ""q100_reentry_rule"": ""ma50"", ""q100_trim_weight"": 0.5}",annual_net_eoy,298.0716766526434,0.26097450064158917,298.22452146779983,13.667627428411778,4.8778389538885065
347.2304696642431,0.5485122282455466,0.40413970245681513,1.2853459543276262,-0.46577086256017086,1.1776439282409743,0.6192123338439492,0.0021578362504125186,58,0.7344962197954242,20237,15,4,1,0,15/4/1/0,q100_reentry_ma50,q100_reentry,start_date_cv_fast_slice,2013-01-01 00:00:00,2026-06-01 15:00:00,20237,"{""average_type"": ""sma"", ""bear_filter_buffer"": 0.01, ""bear_filter_require_20gt50"": true, ""bear_filter_slope_days"": 30, ""entry_confirm_bars"": 2, ""exit_confirm_bars"": 3, ""long_ma_days"": 200.0, ""macd_fast_days"": 12.0, ""macd_signal_days"": 9.0, ""macd_slow_days"": 24.0, ""peak_stop_drawdown"": 0.4, ""profit_lock_scheme"": [[3.0, 0.75], [4.0, 0.5]], ""q100_activation_gain"": 1.1, ""q100_distance_quantile"": 1.0, ""q100_reentry_rule"": ""ma50"", ""q100_trim_weight"": 0.5}",annual_net_eoy,347.2304696642431,0.26343729114780123,297.941269854487,13.623963569714551,4.3334486336907645
100.355023555702,0.5600905053695686,0.4134265690936268,1.283791276213316,-0.46577086256017086,1.202502239601158,0.6390268755572539,0.00239987425435894,50,0.6912017577378677,15702,12,3,1,0,12/3/1/0,q100_reentry_ma50,q100_reentry,start_date_cv_fast_slice,2016-01-01 00:00:00,2026-06-01 15:00:00,15702,"{""average_type"": ""sma"", ""bear_filter_buffer"": 0.01, ""bear_filter_require_20gt50"": true, ""bear_filter_slope_days"": 30, ""entry_confirm_bars"": 2, ""exit_confirm_bars"": 3, ""long_ma_days"": 200.0, ""macd_fast_days"": 12.0, ""macd_signal_days"": 9.0, ""macd_slow_days"": 24.0, ""peak_stop_drawdown"": 0.4, ""profit_lock_scheme"": [[3.0, 0.75], [4.0, 0.5]], ""q100_activation_gain"": 1.1, ""q100_distance_quantile"": 1.0, ""q100_reentry_rule"": ""ma50"", ""q100_trim_weight"": 0.5}",annual_net_eoy,100.355023555702,0.3064160361558508,296.17036049140717,13.527531739085914,4.814673290026748
42.02854423164091,0.5658582640583671,0.4387210275948423,1.2428715662375938,-0.46577086256017175,1.2148854931544055,0.6364711447492905,0.0023385787844542576,40,0.6787488174077578,12684,12,3,1,0,12/3/1/0,q100_reentry_ma50,q100_reentry,start_date_cv_fast_slice,2018-01-01 00:00:00,2026-06-01 15:00:00,12684,"{""average_type"": ""sma"", ""bear_filter_buffer"": 0.01, ""bear_filter_require_20gt50"": true, ""bear_filter_slope_days"": 30, ""entry_confirm_bars"": 2, ""exit_confirm_bars"": 3, ""long_ma_days"": 200.0, ""macd_fast_days"": 12.0, ""macd_signal_days"": 9.0, ""macd_slow_days"": 24.0, ""peak_stop_drawdown"": 0.4, ""profit_lock_scheme"": [[3.0, 0.75], [4.0, 0.5]], ""q100_activation_gain"": 1.1, ""q100_distance_quantile"": 1.0, ""q100_reentry_rule"": ""ma50"", ""q100_trim_weight"": 0.5}",annual_net_eoy,42.02854423164091,0.3183493403666171,294.40896129808357,13.37519247035986,4.768211920529801
27.892189942357643,0.6923959275346887,0.44872286924726557,1.3981987474764968,-0.3861264615328105,1.7931843489463968,0.6425615559693773,0.001871401658756112,26,0.6655027932960894,9666,9,2,0,0,9/2/0/0,q100_reentry_ma50,q100_reentry,start_date_cv_fast_slice,2020-01-01 00:00:00,2026-06-01 15:00:00,9666,"{""average_type"": ""sma"", ""bear_filter_buffer"": 0.01, ""bear_filter_require_20gt50"": true, ""bear_filter_slope_days"": 30, ""entry_confirm_bars"": 2, ""exit_confirm_bars"": 3, ""long_ma_days"": 200.0, ""macd_fast_days"": 12.0, ""macd_signal_days"": 9.0, ""macd_slow_days"": 24.0, ""peak_stop_drawdown"": 0.4, ""profit_lock_scheme"": [[3.0, 0.75], [4.0, 0.5]], ""q100_activation_gain"": 1.1, ""q100_distance_quantile"": 1.0, ""q100_reentry_rule"": ""ma50"", ""q100_trim_weight"": 0.5}",annual_net_eoy,27.892189942357643,0.33315177366534976,290.9534320901742,12.913233746078145,4.067039106145251
5.720581560476722,0.5435584554772028,0.4038990086527099,1.2779108069144636,-0.2892622061791027,1.8791202025910267,0.6735985533453888,0.00157798372778154,14,0.6410488245931284,6636,6,0,0,0,6/0/0/0,q100_reentry_ma50,q100_reentry,start_date_cv_fast_slice,2022-01-01 00:00:00,2026-06-01 15:00:00,6636,"{""average_type"": ""sma"", ""bear_filter_buffer"": 0.01, ""bear_filter_require_20gt50"": true, ""bear_filter_slope_days"": 30, ""entry_confirm_bars"": 2, ""exit_confirm_bars"": 3, ""long_ma_days"": 200.0, ""macd_fast_days"": 12.0, ""macd_signal_days"": 9.0, ""macd_slow_days"": 24.0, ""peak_stop_drawdown"": 0.4, ""profit_lock_scheme"": [[3.0, 0.75], [4.0, 0.5]], ""q100_activation_gain"": 1.1, ""q100_distance_quantile"": 1.0, ""q100_reentry_rule"": ""ma50"", ""q100_trim_weight"": 0.5}",annual_net_eoy,5.720581560476722,0.3599368731197502,272.3680271707999,11.256893550503452,3.1898734177215187
683.080813062821,0.30778575633286676,0.40972818373632247,0.8605420343205311,-0.5279067864595437,0.583030497480551,0.6507992605480644,0.0029281165573528203,128,0.6931954110482819,36784,24,9,5,2,24/9/5/2,bear_buf005bp_slope20,bear_filter,start_date_cv_fast_slice,2002-01-10 15:00:00,2026-06-01 15:00:00,36784,"{""average_type"": ""sma"", ""bear_filter_buffer"": 0.005, ""bear_filter_require_20gt50"": false, ""bear_filter_slope_days"": 20, ""entry_confirm_bars"": 2, ""exit_confirm_bars"": 3, ""long_ma_days"": 200.0, ""macd_fast_days"": 12.0, ""macd_signal_days"": 9.0, ""macd_slow_days"": 24.0, ""peak_stop_drawdown"": 0.4, ""profit_lock_scheme"": [[3.0, 0.75], [4.0, 0.5]], ""q100_activation_gain"": 1.1, ""q100_distance_quantile"": 1.0, ""q100_reentry_rule"": ""ma20"", ""q100_trim_weight"": 0.5}",annual_net_eoy,683.080813062821,0.30601891584085245,216.82447347715657,10.259981529481152,5.261418007829491
832.8803054281833,0.3336917428118842,0.41761443434946927,0.8990954799903718,-0.5279067864595429,0.6321035292041226,0.6367291466107934,0.002936401819062974,124,0.72154425505408,35318,24,8,5,2,24/8/5/2,bear_buf005bp_slope20,bear_filter,start_date_cv_fast_slice,2003-01-01 00:00:00,2026-06-01 15:00:00,35318,"{""average_type"": ""sma"", ""bear_filter_buffer"": 0.005, ""bear_filter_require_20gt50"": false, ""bear_filter_slope_days"": 20, ""entry_confirm_bars"": 2, ""exit_confirm_bars"": 3, ""long_ma_days"": 200.0, ""macd_fast_days"": 12.0, ""macd_signal_days"": 9.0, ""macd_slow_days"": 24.0, ""peak_stop_drawdown"": 0.4, ""profit_lock_scheme"": [[3.0, 0.75], [4.0, 0.5]], ""q100_activation_gain"": 1.1, ""q100_distance_quantile"": 1.0, ""q100_reentry_rule"": ""ma20"", ""q100_trim_weight"": 0.5}",annual_net_eoy,832.8803054281833,0.2776374596605107,216.81783632636353,10.233165163864635,5.308567869075259
402.95081425320524,0.3078243246109589,0.40862184480269653,0.861953128759271,-0.5279067864595439,0.5831035563596585,0.6368744824322725,0.00297846443409636,121,0.7195522299775228,33812,22,8,5,2,22/8/5/2,bear_buf005bp_slope20,bear_filter,start_date_cv_fast_slice,2004-01-01 00:00:00,2026-06-01 15:00:00,33812,"{""average_type"": ""sma"", ""bear_filter_buffer"": 0.005, ""bear_filter_require_20gt50"": false, ""bear_filter_slope_days"": 20, ""entry_confirm_bars"": 2, ""exit_confirm_bars"": 3, ""long_ma_days"": 200.0, ""macd_fast_days"": 12.0, ""macd_signal_days"": 9.0, ""macd_slow_days"": 24.0, ""peak_stop_drawdown"": 0.4, ""profit_lock_scheme"": [[3.0, 0.75], [4.0, 0.5]], ""q100_activation_gain"": 1.1, ""q100_distance_quantile"": 1.0, ""q100_reentry_rule"": ""ma20"", ""q100_trim_weight"": 0.5}",annual_net_eoy,402.95081425320524,0.2795930379832579,216.81661070555936,10.228058410513846,5.410860049686502
423.0431318397532,0.3272771522123459,0.4090586634623692,0.8976020067585511,-0.5279067864595435,0.6199525382260397,0.6347344311006562,0.0029314052075543563,115,0.7232419215055095,32308,23,9,4,1,23/9/4/1,bear_buf005bp_slope20,bear_filter,start_date_cv_fast_slice,2005-01-01 00:00:00,2026-06-01 15:00:00,32308,"{""average_type"": ""sma"", ""bear_filter_buffer"": 0.005, ""bear_filter_require_20gt50"": false, ""bear_filter_slope_days"": 20, ""entry_confirm_bars"": 2, ""exit_confirm_bars"": 3, ""long_ma_days"": 200.0, ""macd_fast_days"": 12.0, ""macd_signal_days"": 9.0, ""macd_slow_days"": 24.0, ""peak_stop_drawdown"": 0.4, ""profit_lock_scheme"": [[3.0, 0.75], [4.0, 0.5]], ""q100_activation_gain"": 1.1, ""q100_distance_quantile"": 1.0, ""q100_reentry_rule"": ""ma20"", ""q100_trim_weight"": 0.5}",annual_net_eoy,423.0431318397532,0.2758635570227162,216.7264228603518,10.212231735362424,5.381948743345301
554.0940417260831,0.3856064330978535,0.4170680443436531,0.991531315194732,-0.5279067864595446,0.7304441673954573,0.633601856908793,0.002823178572012088,103,0.7271129164391044,29296,23,8,4,1,23/8/4/1,bear_buf005bp_slope20,bear_filter,start_date_cv_fast_slice,2007-01-01 00:00:00,2026-06-01 15:00:00,29296,"{""average_type"": ""sma"", ""bear_filter_buffer"": 0.005, ""bear_filter_require_20gt50"": false, ""bear_filter_slope_days"": 20, ""entry_confirm_bars"": 2, ""exit_confirm_bars"": 3, ""long_ma_days"": 200.0, ""macd_fast_days"": 12.0, ""macd_signal_days"": 9.0, ""macd_slow_days"": 24.0, ""peak_stop_drawdown"": 0.4, ""profit_lock_scheme"": [[3.0, 0.75], [4.0, 0.5]], ""q100_activation_gain"": 1.1, ""q100_distance_quantile"": 1.0, ""q100_reentry_rule"": ""ma20"", ""q100_trim_weight"": 0.5}",annual_net_eoy,554.0940417260831,0.27190059394763505,216.72151680379156,10.19178983302816,5.31594756963408
506.3004869695689,0.4311751759555815,0.42075359896231374,1.0634913062489633,-0.5279067864595435,0.8167638435703742,0.6214601096224117,0.0029578197109343075,98,0.7498667783191231,26272,21,6,3,1,21/6/3/1,bear_buf005bp_slope20,bear_filter,start_date_cv_fast_slice,2009-01-01 00:00:00,2026-06-01 15:00:00,26272,"{""average_type"": ""sma"", ""bear_filter_buffer"": 0.005, ""bear_filter_require_20gt50"": false, ""bear_filter_slope_days"": 20, ""entry_confirm_bars"": 2, ""exit_confirm_bars"": 3, ""long_ma_days"": 200.0, ""macd_fast_days"": 12.0, ""macd_signal_days"": 9.0, ""macd_slow_days"": 24.0, ""peak_stop_drawdown"": 0.4, ""profit_lock_scheme"": [[3.0, 0.75], [4.0, 0.5]], ""q100_activation_gain"": 1.1, ""q100_distance_quantile"": 1.0, ""q100_reentry_rule"": ""ma20"", ""q100_trim_weight"": 0.5}",annual_net_eoy,506.3004869695689,0.2490331836285747,216.70470369305178,10.152606277451984,5.640073081607795
282.15899931877607,0.41168000965074647,0.4194044220599811,1.0328741923507776,-0.5279067864595429,0.7798346606068802,0.6159531502423263,0.0030172794606488735,95,0.7587035541195477,24760,20,6,3,1,20/6/3/1,bear_buf005bp_slope20,bear_filter,start_date_cv_fast_slice,2010-01-01 00:00:00,2026-06-01 15:00:00,24760,"{""average_type"": ""sma"", ""bear_filter_buffer"": 0.005, ""bear_filter_require_20gt50"": false, ""bear_filter_slope_days"": 20, ""entry_confirm_bars"": 2, ""exit_confirm_bars"": 3, ""long_ma_days"": 200.0, ""macd_fast_days"": 12.0, ""macd_signal_days"": 9.0, ""macd_slow_days"": 24.0, ""peak_stop_drawdown"": 0.4, ""profit_lock_scheme"": [[3.0, 0.75], [4.0, 0.5]], ""q100_activation_gain"": 1.1, ""q100_distance_quantile"": 1.0, ""q100_reentry_rule"": ""ma20"", ""q100_trim_weight"": 0.5}",annual_net_eoy,282.15899931877607,0.24012923264498848,216.70076398850443,10.136190841837951,5.801292407108239
271.09575506894316,0.4399555155024235,0.4127152325885027,1.0909173726885983,-0.48622991262562465,0.9048302131941637,0.6162250516173434,0.002869401214971874,87,0.7538497935306263,23248,18,5,2,0,18/5/2/0,bear_buf005bp_slope20,bear_filter,start_date_cv_fast_slice,2011-01-01 00:00:00,2026-06-01 15:00:00,23248,"{""average_type"": ""sma"", ""bear_filter_buffer"": 0.005, ""bear_filter_require_20gt50"": false, ""bear_filter_slope_days"": 20, ""entry_confirm_bars"": 2, ""exit_confirm_bars"": 3, ""long_ma_days"": 200.0, ""macd_fast_days"": 12.0, ""macd_signal_days"": 9.0, ""macd_slow_days"": 24.0, ""peak_stop_drawdown"": 0.4, ""profit_lock_scheme"": [[3.0, 0.75], [4.0, 0.5]], ""q100_activation_gain"": 1.1, ""q100_distance_quantile"": 1.0, ""q100_reentry_rule"": ""ma20"", ""q100_trim_weight"": 0.5}",annual_net_eoy,271.09575506894316,0.2449070801914107,216.6613290212747,10.127849636859592,5.658293186510668
341.9744086935064,0.5467536344298243,0.40973692597856354,1.27055470399912,-0.4574899957258268,1.1951160452424254,0.6160498097544103,0.0024057519270833687,68,0.7505312052181647,20237,16,4,1,0,16/4/1/0,bear_buf005bp_slope20,bear_filter,start_date_cv_fast_slice,2013-01-01 00:00:00,2026-06-01 15:00:00,20237,"{""average_type"": ""sma"", ""bear_filter_buffer"": 0.005, ""bear_filter_require_20gt50"": false, ""bear_filter_slope_days"": 20, ""entry_confirm_bars"": 2, ""exit_confirm_bars"": 3, ""long_ma_days"": 200.0, ""macd_fast_days"": 12.0, ""macd_signal_days"": 9.0, ""macd_slow_days"": 24.0, ""peak_stop_drawdown"": 0.4, ""profit_lock_scheme"": [[3.0, 0.75], [4.0, 0.5]], ""q100_activation_gain"": 1.1, ""q100_distance_quantile"": 1.0, ""q100_reentry_rule"": ""ma20"", ""q100_trim_weight"": 0.5}",annual_net_eoy,341.9744086935064,0.24803738911496287,216.48919875183782,10.09693256518932,5.080594949844344
97.15196891644169,0.555273813581382,0.41944115414024785,1.2639807667294478,-0.4574899957258267,1.213739794900689,0.6351420201248249,0.0026545815869554756,58,0.7085562348745382,15702,13,3,1,0,13/3/1/0,bear_buf005bp_slope20,bear_filter,start_date_cv_fast_slice,2016-01-01 00:00:00,2026-06-01 15:00:00,15702,"{""average_type"": ""sma"", ""bear_filter_buffer"": 0.005, ""bear_filter_require_20gt50"": false, ""bear_filter_slope_days"": 20, ""entry_confirm_bars"": 2, ""exit_confirm_bars"": 3, ""long_ma_days"": 200.0, ""macd_fast_days"": 12.0, ""macd_signal_days"": 9.0, ""macd_slow_days"": 24.0, ""peak_stop_drawdown"": 0.4, ""profit_lock_scheme"": [[3.0, 0.75], [4.0, 0.5]], ""q100_activation_gain"": 1.1, ""q100_distance_quantile"": 1.0, ""q100_reentry_rule"": ""ma20"", ""q100_trim_weight"": 0.5}",annual_net_eoy,97.15196891644169,0.2897975657962657,215.14182197976774,10.03016270719294,5.585021016431028
39.507558110644545,0.5546291817733955,0.4434742884937712,1.218010662030107,-0.4574899957258233,1.2123307328140753,0.6352885525070956,0.0025735364565918936,46,0.6879336171554714,12684,13,3,1,0,13/3/1/0,bear_buf005bp_slope20,bear_filter,start_date_cv_fast_slice,2018-01-01 00:00:00,2026-06-01 15:00:00,12684,"{""average_type"": ""sma"", ""bear_filter_buffer"": 0.005, ""bear_filter_require_20gt50"": false, ""bear_filter_slope_days"": 20, ""entry_confirm_bars"": 2, ""exit_confirm_bars"": 3, ""long_ma_days"": 200.0, ""macd_fast_days"": 12.0, ""macd_signal_days"": 9.0, ""macd_slow_days"": 24.0, ""peak_stop_drawdown"": 0.4, ""profit_lock_scheme"": [[3.0, 0.75], [4.0, 0.5]], ""q100_activation_gain"": 1.1, ""q100_distance_quantile"": 1.0, ""q100_reentry_rule"": ""ma20"", ""q100_trim_weight"": 0.5}",annual_net_eoy,39.507558110644545,0.3100129306313934,213.48882023656049,9.941676794462346,5.483443708609271
26.545433149639674,0.67980610864639,0.45393396122796603,1.3708542974576217,-0.3946167679357775,1.7226994995737892,0.6410097248086075,0.0020790796559799606,30,0.6748655079660666,9666,10,2,0,0,10/2/0/0,bear_buf005bp_slope20,bear_filter,start_date_cv_fast_slice,2020-01-01 00:00:00,2026-06-01 15:00:00,9666,"{""average_type"": ""sma"", ""bear_filter_buffer"": 0.005, ""bear_filter_require_20gt50"": false, ""bear_filter_slope_days"": 20, ""entry_confirm_bars"": 2, ""exit_confirm_bars"": 3, ""long_ma_days"": 200.0, ""macd_fast_days"": 12.0, ""macd_signal_days"": 9.0, ""macd_slow_days"": 24.0, ""peak_stop_drawdown"": 0.4, ""profit_lock_scheme"": [[3.0, 0.75], [4.0, 0.5]], ""q100_activation_gain"": 1.1, ""q100_distance_quantile"": 1.0, ""q100_reentry_rule"": ""ma20"", ""q100_trim_weight"": 0.5}",annual_net_eoy,26.545433149639674,0.32411015393609277,211.14185549310406,9.600380300544204,4.692737430167598
5.281464147073478,0.5199757437950856,0.40634695989371067,1.2347224565104271,-0.28926220617910314,1.7975930926597823,0.6713381555153707,0.0015761699610767393,14,0.6489602169981917,6636,6,0,0,0,6/0/0/0,bear_buf005bp_slope20,bear_filter,start_date_cv_fast_slice,2022-01-01 00:00:00,2026-06-01 15:00:00,6636,"{""average_type"": ""sma"", ""bear_filter_buffer"": 0.005, ""bear_filter_require_20gt50"": false, ""bear_filter_slope_days"": 20, ""entry_confirm_bars"": 2, ""exit_confirm_bars"": 3, ""long_ma_days"": 200.0, ""macd_fast_days"": 12.0, ""macd_signal_days"": 9.0, ""macd_slow_days"": 24.0, ""peak_stop_drawdown"": 0.4, ""profit_lock_scheme"": [[3.0, 0.75], [4.0, 0.5]], ""q100_activation_gain"": 1.1, ""q100_distance_quantile"": 1.0, ""q100_reentry_rule"": ""ma20"", ""q100_trim_weight"": 0.5}",annual_net_eoy,5.281464147073478,0.3519381640201834,195.42300822858397,8.354064605430011,3.1898734177215187
856.8471071345795,0.3200102682865189,0.4083436572947433,0.8848450960902386,-0.5279067864595441,0.6061870703210646,0.6530556763810352,0.002819373625643381,124,0.688900065245759,36784,24,8,4,2,24/8/4/2,bear_buf005bp_slope20_20gt50,bear_filter,start_date_cv_fast_slice,2002-01-10 15:00:00,2026-06-01 15:00:00,36784,"{""average_type"": ""sma"", ""bear_filter_buffer"": 0.005, ""bear_filter_require_20gt50"": true, ""bear_filter_slope_days"": 20, ""entry_confirm_bars"": 2, ""exit_confirm_bars"": 3, ""long_ma_days"": 200.0, ""macd_fast_days"": 12.0, ""macd_signal_days"": 9.0, ""macd_slow_days"": 24.0, ""peak_stop_drawdown"": 0.4, ""profit_lock_scheme"": [[3.0, 0.75], [4.0, 0.5]], ""q100_activation_gain"": 1.1, ""q100_distance_quantile"": 1.0, ""q100_reentry_rule"": ""ma20"", ""q100_trim_weight"": 0.5}",annual_net_eoy,856.8471071345795,0.3103142616433753,271.9756570803747,12.884229935947662,5.096998695084819
1044.6978094522108,0.3466783957801851,0.41619932940491183,0.9240050551026674,-0.5279067864595444,0.6567038058086273,0.6390792230590634,0.0028231451227608054,120,0.7170706155501444,35318,23,8,4,2,23/8/4/2,bear_buf005bp_slope20_20gt50,bear_filter,start_date_cv_fast_slice,2003-01-01 00:00:00,2026-06-01 15:00:00,35318,"{""average_type"": ""sma"", ""bear_filter_buffer"": 0.005, ""bear_filter_require_20gt50"": true, ""bear_filter_slope_days"": 20, ""entry_confirm_bars"": 2, ""exit_confirm_bars"": 3, ""long_ma_days"": 200.0, ""macd_fast_days"": 12.0, ""macd_signal_days"": 9.0, ""macd_slow_days"": 24.0, ""peak_stop_drawdown"": 0.4, ""profit_lock_scheme"": [[3.0, 0.75], [4.0, 0.5]], ""q100_activation_gain"": 1.1, ""q100_distance_quantile"": 1.0, ""q100_reentry_rule"": ""ma20"", ""q100_trim_weight"": 0.5}",annual_net_eoy,1044.6978094522108,0.2821110991644463,271.96901992958163,12.857413570331143,5.13732374426638
427.87451397138585,0.3113304716579304,0.4081029263120781,0.8691000970932582,-0.5279067864595437,0.5897451588866613,0.6386785756536141,0.002919313836675326,119,0.7159736188335503,33812,22,8,4,2,22/8/4/2,bear_buf005bp_slope20_20gt50,bear_filter,start_date_cv_fast_slice,2004-01-01 00:00:00,2026-06-01 15:00:00,33812,"{""average_type"": ""sma"", ""bear_filter_buffer"": 0.005, ""bear_filter_require_20gt50"": true, ""bear_filter_slope_days"": 20, ""entry_confirm_bars"": 2, ""exit_confirm_bars"": 3, ""long_ma_days"": 200.0, ""macd_fast_days"": 12.0, ""macd_signal_days"": 9.0, ""macd_slow_days"": 24.0, ""peak_stop_drawdown"": 0.4, ""profit_lock_scheme"": [[3.0, 0.75], [4.0, 0.5]], ""q100_activation_gain"": 1.1, ""q100_distance_quantile"": 1.0, ""q100_reentry_rule"": ""ma20"", ""q100_trim_weight"": 0.5}",annual_net_eoy,427.87451397138585,0.2831716491272305,271.96744712926426,12.850860235675443,5.321424346385898
459.8112852459688,0.33245237179847376,0.40834010507002577,0.9079899515650426,-0.5279067864595435,0.6297558211518682,0.6366225083570632,0.0028695010352131393,113,0.7194967190788659,32308,24,10,4,1,24/10/4/1,bear_buf005bp_slope20_20gt50,bear_filter,start_date_cv_fast_slice,2005-01-01 00:00:00,2026-06-01 15:00:00,32308,"{""average_type"": ""sma"", ""bear_filter_buffer"": 0.005, ""bear_filter_require_20gt50"": true, ""bear_filter_slope_days"": 20, ""entry_confirm_bars"": 2, ""exit_confirm_bars"": 3, ""long_ma_days"": 200.0, ""macd_fast_days"": 12.0, ""macd_signal_days"": 9.0, ""macd_slow_days"": 24.0, ""peak_stop_drawdown"": 0.4, ""profit_lock_scheme"": [[3.0, 0.75], [4.0, 0.5]], ""q100_activation_gain"": 1.1, ""q100_distance_quantile"": 1.0, ""q100_reentry_rule"": ""ma20"", ""q100_trim_weight"": 0.5}",annual_net_eoy,459.8112852459688,0.27960875944935976,271.8150349887371,12.832166744434044,5.2883496347653836
602.2254258909735,0.3915657398542143,0.41629049200963475,1.0029118362788518,-0.5279067864595441,0.7417327261130441,0.635684052430366,0.002754909866386746,101,0.7229826597487712,29296,24,9,4,1,24/9/4/1,bear_buf005bp_slope20_20gt50,bear_filter,start_date_cv_fast_slice,2007-01-01 00:00:00,2026-06-01 15:00:00,29296,"{""average_type"": ""sma"", ""bear_filter_buffer"": 0.005, ""bear_filter_require_20gt50"": true, ""bear_filter_slope_days"": 20, ""entry_confirm_bars"": 2, ""exit_confirm_bars"": 3, ""long_ma_days"": 200.0, ""macd_fast_days"": 12.0, ""macd_signal_days"": 9.0, ""macd_slow_days"": 24.0, ""peak_stop_drawdown"": 0.4, ""profit_lock_scheme"": [[3.0, 0.75], [4.0, 0.5]], ""q100_activation_gain"": 1.1, ""q100_distance_quantile"": 1.0, ""q100_reentry_rule"": ""ma20"", ""q100_trim_weight"": 0.5}",annual_net_eoy,602.2254258909735,0.2760308506379682,271.80937361326244,12.80857767995624,5.212725286728563
550.2877626200969,0.4380406603580602,0.4198938276855564,1.0762030154618583,-0.5279067864595433,0.8297689508707045,0.6237819732034104,0.0028816930361474616,96,0.7452611144945189,26272,22,7,3,1,22/7/3/1,bear_buf005bp_slope20_20gt50,bear_filter,start_date_cv_fast_slice,2009-01-01 00:00:00,2026-06-01 15:00:00,26272,"{""average_type"": ""sma"", ""bear_filter_buffer"": 0.005, ""bear_filter_require_20gt50"": true, ""bear_filter_slope_days"": 20, ""entry_confirm_bars"": 2, ""exit_confirm_bars"": 3, ""long_ma_days"": 200.0, ""macd_fast_days"": 12.0, ""macd_signal_days"": 9.0, ""macd_slow_days"": 24.0, ""peak_stop_drawdown"": 0.4, ""profit_lock_scheme"": [[3.0, 0.75], [4.0, 0.5]], ""q100_activation_gain"": 1.1, ""q100_distance_quantile"": 1.0, ""q100_reentry_rule"": ""ma20"", ""q100_trim_weight"": 0.5}",annual_net_eoy,550.2877626200969,0.2536388474531789,271.7899720161495,12.76336156435986,5.524969549330085
306.7112977609966,0.4188665631237769,0.4184892543555071,1.046347825726497,-0.5279067864595436,0.7934479606389317,0.6184168012924071,0.00293650401638393,93,0.7538166397415186,24760,21,7,3,1,21/7/3/1,bear_buf005bp_slope20_20gt50,bear_filter,start_date_cv_fast_slice,2010-01-01 00:00:00,2026-06-01 15:00:00,24760,"{""average_type"": ""sma"", ""bear_filter_buffer"": 0.005, ""bear_filter_require_20gt50"": true, ""bear_filter_slope_days"": 20, ""entry_confirm_bars"": 2, ""exit_confirm_bars"": 3, ""long_ma_days"": 200.0, ""macd_fast_days"": 12.0, ""macd_signal_days"": 9.0, ""macd_slow_days"": 24.0, ""peak_stop_drawdown"": 0.4, ""profit_lock_scheme"": [[3.0, 0.75], [4.0, 0.5]], ""q100_activation_gain"": 1.1, ""q100_distance_quantile"": 1.0, ""q100_reentry_rule"": ""ma20"", ""q100_trim_weight"": 0.5}",annual_net_eoy,306.7112977609966,0.24501614702301758,271.785425768786,12.74441886701209,5.679159935379644
294.6887759490322,0.44776406363899146,0.4117245005776279,1.1056829932410956,-0.45748999572582427,0.9787406671671535,0.6188489332415692,0.0027833723092595547,85,0.748645044735031,23248,19,6,2,0,19/6/2/0,bear_buf005bp_slope20_20gt50,bear_filter,start_date_cv_fast_slice,2011-01-01 00:00:00,2026-06-01 15:00:00,23248,"{""average_type"": ""sma"", ""bear_filter_buffer"": 0.005, ""bear_filter_require_20gt50"": true, ""bear_filter_slope_days"": 20, ""entry_confirm_bars"": 2, ""exit_confirm_bars"": 3, ""long_ma_days"": 200.0, ""macd_fast_days"": 12.0, ""macd_signal_days"": 9.0, ""macd_slow_days"": 24.0, ""peak_stop_drawdown"": 0.4, ""profit_lock_scheme"": [[3.0, 0.75], [4.0, 0.5]], ""q100_activation_gain"": 1.1, ""q100_distance_quantile"": 1.0, ""q100_reentry_rule"": ""ma20"", ""q100_trim_weight"": 0.5}",annual_net_eoy,294.6887759490322,0.250111828987006,271.7399195350974,12.734793479959567,5.528217481073641
335.91018878604,0.5446933904169491,0.4090640605032608,1.2687021168255501,-0.45748999572582627,1.190612681164254,0.617976972871473,0.0024057519270833687,68,0.7461827345950487,20237,16,4,1,0,16/4/1/0,bear_buf005bp_slope20_20gt50,bear_filter,start_date_cv_fast_slice,2013-01-01 00:00:00,2026-06-01 15:00:00,20237,"{""average_type"": ""sma"", ""bear_filter_buffer"": 0.005, ""bear_filter_require_20gt50"": true, ""bear_filter_slope_days"": 20, ""entry_confirm_bars"": 2, ""exit_confirm_bars"": 3, ""long_ma_days"": 200.0, ""macd_fast_days"": 12.0, ""macd_signal_days"": 9.0, ""macd_slow_days"": 24.0, ""peak_stop_drawdown"": 0.4, ""profit_lock_scheme"": [[3.0, 0.75], [4.0, 0.5]], ""q100_activation_gain"": 1.1, ""q100_distance_quantile"": 1.0, ""q100_reentry_rule"": ""ma20"", ""q100_trim_weight"": 0.5}",annual_net_eoy,335.91018878604,0.252385859738079,271.4609123093252,12.696153878115854,5.080594949844344
95.41651837327451,0.5526044239852441,0.41859388794926367,1.2615736673301254,-0.4574899957258247,1.2079049359506033,0.6376257801553942,0.002654581586955475,58,0.7029518532670997,15702,13,3,1,0,13/3/1/0,bear_buf005bp_slope20_20gt50,bear_filter,start_date_cv_fast_slice,2016-01-01 00:00:00,2026-06-01 15:00:00,15702,"{""average_type"": ""sma"", ""bear_filter_buffer"": 0.005, ""bear_filter_require_20gt50"": true, ""bear_filter_slope_days"": 20, ""entry_confirm_bars"": 2, ""exit_confirm_bars"": 3, ""long_ma_days"": 200.0, ""macd_fast_days"": 12.0, ""macd_signal_days"": 9.0, ""macd_slow_days"": 24.0, ""peak_stop_drawdown"": 0.4, ""profit_lock_scheme"": [[3.0, 0.75], [4.0, 0.5]], ""q100_activation_gain"": 1.1, ""q100_distance_quantile"": 1.0, ""q100_reentry_rule"": ""ma20"", ""q100_trim_weight"": 0.5}",annual_net_eoy,95.41651837327451,0.29540194740370423,269.7408700839442,12.610916417060313,5.585021016431028
39.61613685583933,0.5551253386514723,0.44295169274061325,1.2196378079981416,-0.4574899957258227,1.2134152524379205,0.6357615894039735,0.0025735364565918936,46,0.6866721854304636,12684,13,3,1,0,13/3/1/0,bear_buf005bp_slope20_20gt50,bear_filter,start_date_cv_fast_slice,2018-01-01 00:00:00,2026-06-01 15:00:00,12684,"{""average_type"": ""sma"", ""bear_filter_buffer"": 0.005, ""bear_filter_require_20gt50"": true, ""bear_filter_slope_days"": 20, ""entry_confirm_bars"": 2, ""exit_confirm_bars"": 3, ""long_ma_days"": 200.0, ""macd_fast_days"": 12.0, ""macd_signal_days"": 9.0, ""macd_slow_days"": 24.0, ""peak_stop_drawdown"": 0.4, ""profit_lock_scheme"": [[3.0, 0.75], [4.0, 0.5]], ""q100_activation_gain"": 1.1, ""q100_distance_quantile"": 1.0, ""q100_reentry_rule"": ""ma20"", ""q100_trim_weight"": 0.5}",annual_net_eoy,39.61613685583933,0.31127436235640127,267.7218725571107,12.487415772607296,5.483443708609271
26.619267483446315,0.6805096383451825,0.45326388476514806,1.373124703130765,-0.3946167679357777,1.7244823171222483,0.6416304572729153,0.00207907965597996,30,0.673210221394579,9666,10,2,0,0,10/2/0/0,bear_buf005bp_slope20_20gt50,bear_filter,start_date_cv_fast_slice,2020-01-01 00:00:00,2026-06-01 15:00:00,9666,"{""average_type"": ""sma"", ""bear_filter_buffer"": 0.005, ""bear_filter_require_20gt50"": true, ""bear_filter_slope_days"": 20, ""entry_confirm_bars"": 2, ""exit_confirm_bars"": 3, ""long_ma_days"": 200.0, ""macd_fast_days"": 12.0, ""macd_signal_days"": 9.0, ""macd_slow_days"": 24.0, ""peak_stop_drawdown"": 0.4, ""profit_lock_scheme"": [[3.0, 0.75], [4.0, 0.5]], ""q100_activation_gain"": 1.1, ""q100_distance_quantile"": 1.0, ""q100_reentry_rule"": ""ma20"", ""q100_trim_weight"": 0.5}",annual_net_eoy,26.619267483446315,0.3257654405075805,264.78661309315,12.06056923961913,4.692737430167598
5.298301338128305,0.5209030899388052,0.4052559954928967,1.2384435993572338,-0.2892622061791035,1.8007989941702782,0.6722423146473779,0.0015761699610767393,14,0.6465491259795058,6636,6,0,0,0,6/0/0/0,bear_buf005bp_slope20_20gt50,bear_filter,start_date_cv_fast_slice,2022-01-01 00:00:00,2026-06-01 15:00:00,6636,"{""average_type"": ""sma"", ""bear_filter_buffer"": 0.005, ""bear_filter_require_20gt50"": true, ""bear_filter_slope_days"": 20, ""entry_confirm_bars"": 2, ""exit_confirm_bars"": 3, ""long_ma_days"": 200.0, ""macd_fast_days"": 12.0, ""macd_signal_days"": 9.0, ""macd_slow_days"": 24.0, ""peak_stop_drawdown"": 0.4, ""profit_lock_scheme"": [[3.0, 0.75], [4.0, 0.5]], ""q100_activation_gain"": 1.1, ""q100_distance_quantile"": 1.0, ""q100_reentry_rule"": ""ma20"", ""q100_trim_weight"": 0.5}",annual_net_eoy,5.298301338128305,0.3543492550388694,245.12764918055797,10.501849642587981,3.1898734177215187
781.1482668768753,0.31500726092576836,0.4089428450893688,0.8749049183143057,-0.5279067864595437,0.5967100045036247,0.6519138755980861,0.00292811655735282,128,0.6910205524140931,36784,24,9,5,2,24/9/5/2,bear_buf005bp_slope30,bear_filter,start_date_cv_fast_slice,2002-01-10 15:00:00,2026-06-01 15:00:00,36784,"{""average_type"": ""sma"", ""bear_filter_buffer"": 0.005, ""bear_filter_require_20gt50"": false, ""bear_filter_slope_days"": 30, ""entry_confirm_bars"": 2, ""exit_confirm_bars"": 3, ""long_ma_days"": 200.0, ""macd_fast_days"": 12.0, ""macd_signal_days"": 9.0, ""macd_slow_days"": 24.0, ""peak_stop_drawdown"": 0.4, ""profit_lock_scheme"": [[3.0, 0.75], [4.0, 0.5]], ""q100_activation_gain"": 1.1, ""q100_distance_quantile"": 1.0, ""q100_reentry_rule"": ""ma20"", ""q100_trim_weight"": 0.5}",annual_net_eoy,781.1482668768753,0.3081937744750412,248.16541768797066,11.411517482632679,5.261418007829491
952.422495148273,0.34136286824821993,0.4168117438867633,0.9138149060106742,-0.527906786459544,0.646634741215588,0.6378900277478906,0.002936401819062974,124,0.7192791211280367,35318,23,8,5,2,23/8/5/2,bear_buf005bp_slope30,bear_filter,start_date_cv_fast_slice,2003-01-01 00:00:00,2026-06-01 15:00:00,35318,"{""average_type"": ""sma"", ""bear_filter_buffer"": 0.005, ""bear_filter_require_20gt50"": false, ""bear_filter_slope_days"": 30, ""entry_confirm_bars"": 2, ""exit_confirm_bars"": 3, ""long_ma_days"": 200.0, ""macd_fast_days"": 12.0, ""macd_signal_days"": 9.0, ""macd_slow_days"": 24.0, ""peak_stop_drawdown"": 0.4, ""profit_lock_scheme"": [[3.0, 0.75], [4.0, 0.5]], ""q100_activation_gain"": 1.1, ""q100_distance_quantile"": 1.0, ""q100_reentry_rule"": ""ma20"", ""q100_trim_weight"": 0.5}",annual_net_eoy,952.422495148273,0.27990259358655406,248.15878053717762,11.384701117016162,5.308567869075259
426.7171100882639,0.31117201583069054,0.408428855567174,0.868443469452739,-0.527906786459544,0.5894450001629921,0.6377321660948776,0.0029784644340963597,121,0.7178072873536022,33812,22,8,5,2,22/8/5/2,bear_buf005bp_slope30,bear_filter,start_date_cv_fast_slice,2004-01-01 00:00:00,2026-06-01 15:00:00,33812,"{""average_type"": ""sma"", ""bear_filter_buffer"": 0.005, ""bear_filter_require_20gt50"": false, ""bear_filter_slope_days"": 30, ""entry_confirm_bars"": 2, ""exit_confirm_bars"": 3, ""long_ma_days"": 200.0, ""macd_fast_days"": 12.0, ""macd_signal_days"": 9.0, ""macd_slow_days"": 24.0, ""peak_stop_drawdown"": 0.4, ""profit_lock_scheme"": [[3.0, 0.75], [4.0, 0.5]], ""q100_activation_gain"": 1.1, ""q100_distance_quantile"": 1.0, ""q100_reentry_rule"": ""ma20"", ""q100_trim_weight"": 0.5}",annual_net_eoy,426.7171100882639,0.28133798060717846,248.157482746482,11.379293655784492,5.410860049686502
453.0673883767701,0.331533343521889,0.40877812995259083,0.905781898315486,-0.5279067864595446,0.6280149299563809,0.6356320415996038,0.0029314052075543563,115,0.7214157484214436,32308,23,9,4,1,23/9/4/1,bear_buf005bp_slope30,bear_filter,start_date_cv_fast_slice,2005-01-01 00:00:00,2026-06-01 15:00:00,32308,"{""average_type"": ""sma"", ""bear_filter_buffer"": 0.005, ""bear_filter_require_20gt50"": false, ""bear_filter_slope_days"": 30, ""entry_confirm_bars"": 2, ""exit_confirm_bars"": 3, ""long_ma_days"": 200.0, ""macd_fast_days"": 12.0, ""macd_signal_days"": 9.0, ""macd_slow_days"": 24.0, ""peak_stop_drawdown"": 0.4, ""profit_lock_scheme"": [[3.0, 0.75], [4.0, 0.5]], ""q100_activation_gain"": 1.1, ""q100_distance_quantile"": 1.0, ""q100_reentry_rule"": ""ma20"", ""q100_trim_weight"": 0.5}",annual_net_eoy,453.0673883767701,0.2776897301067821,248.03971769940716,11.362203609843931,5.381948743345301
586.3077355708348,0.389646443875312,0.41678315850931297,0.9989228937472329,-0.5279067864595441,0.7380970540055225,0.6343528126706718,0.002823178572012088,103,0.7254744675040962,29296,23,8,4,1,23/8/4/1,bear_buf005bp_slope30,bear_filter,start_date_cv_fast_slice,2007-01-01 00:00:00,2026-06-01 15:00:00,29296,"{""average_type"": ""sma"", ""bear_filter_buffer"": 0.005, ""bear_filter_require_20gt50"": false, ""bear_filter_slope_days"": 30, ""entry_confirm_bars"": 2, ""exit_confirm_bars"": 3, ""long_ma_days"": 200.0, ""macd_fast_days"": 12.0, ""macd_signal_days"": 9.0, ""macd_slow_days"": 24.0, ""peak_stop_drawdown"": 0.4, ""profit_lock_scheme"": [[3.0, 0.75], [4.0, 0.5]], ""q100_activation_gain"": 1.1, ""q100_distance_quantile"": 1.0, ""q100_reentry_rule"": ""ma20"", ""q100_trim_weight"": 0.5}",annual_net_eoy,586.3077355708348,0.27353904288264325,248.0343833160424,11.339977012490815,5.31594756963408
536.9762621150603,0.4360191784263463,0.42043129586749145,1.0720357048753102,-0.5279067864595438,0.8259397105889653,0.622297503045067,0.0029578197109343075,98,0.7480397381242387,26272,21,6,3,1,21/6/3/1,bear_buf005bp_slope30,bear_filter,start_date_cv_fast_slice,2009-01-01 00:00:00,2026-06-01 15:00:00,26272,"{""average_type"": ""sma"", ""bear_filter_buffer"": 0.005, ""bear_filter_require_20gt50"": false, ""bear_filter_slope_days"": 30, ""entry_confirm_bars"": 2, ""exit_confirm_bars"": 3, ""long_ma_days"": 200.0, ""macd_fast_days"": 12.0, ""macd_signal_days"": 9.0, ""macd_slow_days"": 24.0, ""peak_stop_drawdown"": 0.4, ""profit_lock_scheme"": [[3.0, 0.75], [4.0, 0.5]], ""q100_activation_gain"": 1.1, ""q100_distance_quantile"": 1.0, ""q100_reentry_rule"": ""ma20"", ""q100_trim_weight"": 0.5}",annual_net_eoy,536.9762621150603,0.250860223823459,248.01206756947002,11.29772931116817,5.640073081607795
299.28124149404533,0.4167503271215829,0.41906140521643986,1.0419475596716148,-0.527906786459543,0.7894392302030412,0.6168416801292407,0.0030172794606488735,95,0.756764943457189,24760,20,6,3,1,20/6/3/1,bear_buf005bp_slope30,bear_filter,start_date_cv_fast_slice,2010-01-01 00:00:00,2026-06-01 15:00:00,24760,"{""average_type"": ""sma"", ""bear_filter_buffer"": 0.005, ""bear_filter_require_20gt50"": false, ""bear_filter_slope_days"": 30, ""entry_confirm_bars"": 2, ""exit_confirm_bars"": 3, ""long_ma_days"": 200.0, ""macd_fast_days"": 12.0, ""macd_signal_days"": 9.0, ""macd_slow_days"": 24.0, ""peak_stop_drawdown"": 0.4, ""profit_lock_scheme"": [[3.0, 0.75], [4.0, 0.5]], ""q100_activation_gain"": 1.1, ""q100_distance_quantile"": 1.0, ""q100_reentry_rule"": ""ma20"", ""q100_trim_weight"": 0.5}",annual_net_eoy,299.28124149404533,0.24206784330734718,248.0078199314687,11.280030819495856,5.801292407108239
287.54901780952895,0.44546440006820776,0.41234386931594996,1.1008056785240505,-0.4862299126256251,0.9161600068221123,0.6171713695801789,0.002869401214971874,87,0.7517850997935306,23248,18,5,2,0,18/5/2/0,bear_buf005bp_slope30,bear_filter,start_date_cv_fast_slice,2011-01-01 00:00:00,2026-06-01 15:00:00,23248,"{""average_type"": ""sma"", ""bear_filter_buffer"": 0.005, ""bear_filter_require_20gt50"": false, ""bear_filter_slope_days"": 30, ""entry_confirm_bars"": 2, ""exit_confirm_bars"": 3, ""long_ma_days"": 200.0, ""macd_fast_days"": 12.0, ""macd_signal_days"": 9.0, ""macd_slow_days"": 24.0, ""peak_stop_drawdown"": 0.4, ""profit_lock_scheme"": [[3.0, 0.75], [4.0, 0.5]], ""q100_activation_gain"": 1.1, ""q100_distance_quantile"": 1.0, ""q100_reentry_rule"": ""ma20"", ""q100_trim_weight"": 0.5}",annual_net_eoy,287.54901780952895,0.24697177392850636,247.96530266567544,11.271037652922779,5.658293186510668
362.71360787028954,0.5535534738953436,0.40930669423102,1.2821970057858108,-0.4574899957258258,1.2099794073466226,0.6171369274101892,0.0024057519270833687,68,0.7481593121510105,20237,16,4,1,0,16/4/1/0,bear_buf005bp_slope30,bear_filter,start_date_cv_fast_slice,2013-01-01 00:00:00,2026-06-01 15:00:00,20237,"{""average_type"": ""sma"", ""bear_filter_buffer"": 0.005, ""bear_filter_require_20gt50"": false, ""bear_filter_slope_days"": 30, ""entry_confirm_bars"": 2, ""exit_confirm_bars"": 3, ""long_ma_days"": 200.0, ""macd_fast_days"": 12.0, ""macd_signal_days"": 9.0, ""macd_slow_days"": 24.0, ""peak_stop_drawdown"": 0.4, ""profit_lock_scheme"": [[3.0, 0.75], [4.0, 0.5]], ""q100_activation_gain"": 1.1, ""q100_distance_quantile"": 1.0, ""q100_reentry_rule"": ""ma20"", ""q100_trim_weight"": 0.5}",annual_net_eoy,362.71360787028954,0.25040928218211717,247.77971842582875,11.237704054695207,5.080594949844344
103.08708588539055,0.5640914232514398,0.4188993401459953,1.278595005605216,-0.45748999572582316,1.233013680127562,0.6364794293720545,0.002654581586955475,58,0.7054992994522991,15702,13,3,1,0,13/3/1/0,bear_buf005bp_slope30,bear_filter,start_date_cv_fast_slice,2016-01-01 00:00:00,2026-06-01 15:00:00,15702,"{""average_type"": ""sma"", ""bear_filter_buffer"": 0.005, ""bear_filter_require_20gt50"": false, ""bear_filter_slope_days"": 30, ""entry_confirm_bars"": 2, ""exit_confirm_bars"": 3, ""long_ma_days"": 200.0, ""macd_fast_days"": 12.0, ""macd_signal_days"": 9.0, ""macd_slow_days"": 24.0, ""peak_stop_drawdown"": 0.4, ""profit_lock_scheme"": [[3.0, 0.75], [4.0, 0.5]], ""q100_activation_gain"": 1.1, ""q100_distance_quantile"": 1.0, ""q100_reentry_rule"": ""ma20"", ""q100_trim_weight"": 0.5}",annual_net_eoy,103.08708588539055,0.2928545012185049,246.32702858313152,11.16571536042623,5.585021016431028
41.29646029165605,0.5626584179035223,0.4432962321907829,1.2299722055027629,-0.45748999572582305,1.2298813595056786,0.6359192683695994,0.0025735364565918936,46,0.6864356669820246,12684,13,3,1,0,13/3/1/0,bear_buf005bp_slope30,bear_filter,start_date_cv_fast_slice,2018-01-01 00:00:00,2026-06-01 15:00:00,12684,"{""average_type"": ""sma"", ""bear_filter_buffer"": 0.005, ""bear_filter_require_20gt50"": false, ""bear_filter_slope_days"": 30, ""entry_confirm_bars"": 2, ""exit_confirm_bars"": 3, ""long_ma_days"": 200.0, ""macd_fast_days"": 12.0, ""macd_signal_days"": 9.0, ""macd_slow_days"": 24.0, ""peak_stop_drawdown"": 0.4, ""profit_lock_scheme"": [[3.0, 0.75], [4.0, 0.5]], ""q100_activation_gain"": 1.1, ""q100_distance_quantile"": 1.0, ""q100_reentry_rule"": ""ma20"", ""q100_trim_weight"": 0.5}",annual_net_eoy,41.29646029165605,0.31151088080484024,244.48548927787397,11.0655041124447,5.483443708609271
27.76189960026349,0.691199830814371,0.4537048763462049,1.386255396586385,-0.3946167679357777,1.7515723785129702,0.6418373680943513,0.0020790796559799606,30,0.672899855162425,9666,10,2,0,0,10/2/0/0,bear_buf005bp_slope30,bear_filter,start_date_cv_fast_slice,2020-01-01 00:00:00,2026-06-01 15:00:00,9666,"{""average_type"": ""sma"", ""bear_filter_buffer"": 0.005, ""bear_filter_require_20gt50"": false, ""bear_filter_slope_days"": 30, ""entry_confirm_bars"": 2, ""exit_confirm_bars"": 3, ""long_ma_days"": 200.0, ""macd_fast_days"": 12.0, ""macd_signal_days"": 9.0, ""macd_slow_days"": 24.0, ""peak_stop_drawdown"": 0.4, ""profit_lock_scheme"": [[3.0, 0.75], [4.0, 0.5]], ""q100_activation_gain"": 1.1, ""q100_distance_quantile"": 1.0, ""q100_reentry_rule"": ""ma20"", ""q100_trim_weight"": 0.5}",annual_net_eoy,27.76189960026349,0.3260758067397345,241.91556525914478,10.691784797029442,4.692737430167598
5.558867314204666,0.5350159816375042,0.4059760050793575,1.2597945439892348,-0.28926220617910225,1.8495882635501948,0.6725437010247137,0.0015761699610767396,14,0.6460970464135021,6636,6,0,0,0,6/0/0/0,bear_buf005bp_slope30,bear_filter,start_date_cv_fast_slice,2022-01-01 00:00:00,2026-06-01 15:00:00,6636,"{""average_type"": ""sma"", ""bear_filter_buffer"": 0.005, ""bear_filter_require_20gt50"": false, ""bear_filter_slope_days"": 30, ""entry_confirm_bars"": 2, ""exit_confirm_bars"": 3, ""long_ma_days"": 200.0, ""macd_fast_days"": 12.0, ""macd_signal_days"": 9.0, ""macd_slow_days"": 24.0, ""peak_stop_drawdown"": 0.4, ""profit_lock_scheme"": [[3.0, 0.75], [4.0, 0.5]], ""q100_activation_gain"": 1.1, ""q100_distance_quantile"": 1.0, ""q100_reentry_rule"": ""ma20"", ""q100_trim_weight"": 0.5}",annual_net_eoy,5.558867314204666,0.354801334604873,224.70344341349107,9.32707037227159,3.1898734177215187
949.3521763397378,0.3255784458373534,0.40746584932621016,0.8962352154038411,-0.5279067864595441,0.6167347232280825,0.6544149630274032,0.002819373625643381,124,0.6861271204871683,36784,22,7,4,2,22/7/4/2,bear_buf005bp_slope30_20gt50,bear_filter,start_date_cv_fast_slice,2002-01-10 15:00:00,2026-06-01 15:00:00,36784,"{""average_type"": ""sma"", ""bear_filter_buffer"": 0.005, ""bear_filter_require_20gt50"": true, ""bear_filter_slope_days"": 30, ""entry_confirm_bars"": 2, ""exit_confirm_bars"": 3, ""long_ma_days"": 200.0, ""macd_fast_days"": 12.0, ""macd_signal_days"": 9.0, ""macd_slow_days"": 24.0, ""peak_stop_drawdown"": 0.4, ""profit_lock_scheme"": [[3.0, 0.75], [4.0, 0.5]], ""q100_activation_gain"": 1.1, ""q100_distance_quantile"": 1.0, ""q100_reentry_rule"": ""ma20"", ""q100_trim_weight"": 0.5}",annual_net_eoy,949.3521763397378,0.31308720640196597,301.5957400487337,13.892657377177665,5.096998695084819
1157.459567843146,0.35259538092215137,0.4153021890344183,0.9356922723769967,-0.5279067864595444,0.6679121958004459,0.6404949317628404,0.0028231451227608054,120,0.7141825697944391,35318,22,7,4,2,22/7/4/2,bear_buf005bp_slope30_20gt50,bear_filter,start_date_cv_fast_slice,2003-01-01 00:00:00,2026-06-01 15:00:00,35318,"{""average_type"": ""sma"", ""bear_filter_buffer"": 0.005, ""bear_filter_require_20gt50"": true, ""bear_filter_slope_days"": 30, ""entry_confirm_bars"": 2, ""exit_confirm_bars"": 3, ""long_ma_days"": 200.0, ""macd_fast_days"": 12.0, ""macd_signal_days"": 9.0, ""macd_slow_days"": 24.0, ""peak_stop_drawdown"": 0.4, ""profit_lock_scheme"": [[3.0, 0.75], [4.0, 0.5]], ""q100_activation_gain"": 1.1, ""q100_distance_quantile"": 1.0, ""q100_reentry_rule"": ""ma20"", ""q100_trim_weight"": 0.5}",annual_net_eoy,1157.459567843146,0.28499914492015166,301.5891028979407,13.865841011561148,5.13732374426638
438.99674236387284,0.3128326857051007,0.40781213042444797,0.8722544973074506,-0.5279067864595441,0.5925907636140504,0.6398024370046137,0.0029193138366753256,119,0.7135780196379984,33812,21,7,4,2,21/7/4/2,bear_buf005bp_slope30_20gt50,bear_filter,start_date_cv_fast_slice,2004-01-01 00:00:00,2026-06-01 15:00:00,33812,"{""average_type"": ""sma"", ""bear_filter_buffer"": 0.005, ""bear_filter_require_20gt50"": true, ""bear_filter_slope_days"": 30, ""entry_confirm_bars"": 2, ""exit_confirm_bars"": 3, ""long_ma_days"": 200.0, ""macd_fast_days"": 12.0, ""macd_signal_days"": 9.0, ""macd_slow_days"": 24.0, ""peak_stop_drawdown"": 0.4, ""profit_lock_scheme"": [[3.0, 0.75], [4.0, 0.5]], ""q100_activation_gain"": 1.1, ""q100_distance_quantile"": 1.0, ""q100_reentry_rule"": ""ma20"", ""q100_trim_weight"": 0.5}",annual_net_eoy,438.99674236387284,0.2855672483227823,301.5874448499107,13.858932478102826,5.321424346385898
476.39279317486,0.33465862137010727,0.4079477542472692,0.9125371055126451,-0.5279067864595446,0.6339350619349414,0.6377986876315463,0.0028695010352131393,113,0.7169896000990467,32308,23,9,4,1,23/9/4/1,bear_buf005bp_slope30_20gt50,bear_filter,start_date_cv_fast_slice,2005-01-01 00:00:00,2026-06-01 15:00:00,32308,"{""average_type"": ""sma"", ""bear_filter_buffer"": 0.005, ""bear_filter_require_20gt50"": true, ""bear_filter_slope_days"": 30, ""entry_confirm_bars"": 2, ""exit_confirm_bars"": 3, ""long_ma_days"": 200.0, ""macd_fast_days"": 12.0, ""macd_signal_days"": 9.0, ""macd_slow_days"": 24.0, ""peak_stop_drawdown"": 0.4, ""profit_lock_scheme"": [[3.0, 0.75], [4.0, 0.5]], ""q100_activation_gain"": 1.1, ""q100_distance_quantile"": 1.0, ""q100_reentry_rule"": ""ma20"", ""q100_trim_weight"": 0.5}",annual_net_eoy,476.39279317486,0.282115878429179,301.40245918620593,13.838746682136135,5.2883496347653836
616.4776861638614,0.3932438959414426,0.41588478028548315,1.0063938131829684,-0.5279067864595444,0.7449116132390893,0.6367422173675588,0.002754909866386746,101,0.7205932550518842,29296,23,8,4,1,23/8/4/1,bear_buf005bp_slope30_20gt50,bear_filter,start_date_cv_fast_slice,2007-01-01 00:00:00,2026-06-01 15:00:00,29296,"{""average_type"": ""sma"", ""bear_filter_buffer"": 0.005, ""bear_filter_require_20gt50"": true, ""bear_filter_slope_days"": 30, ""entry_confirm_bars"": 2, ""exit_confirm_bars"": 3, ""long_ma_days"": 200.0, ""macd_fast_days"": 12.0, ""macd_signal_days"": 9.0, ""macd_slow_days"": 24.0, ""peak_stop_drawdown"": 0.4, ""profit_lock_scheme"": [[3.0, 0.75], [4.0, 0.5]], ""q100_activation_gain"": 1.1, ""q100_distance_quantile"": 1.0, ""q100_reentry_rule"": ""ma20"", ""q100_trim_weight"": 0.5}",annual_net_eoy,616.4776861638614,0.27842025533485515,301.3962943127973,13.813059709600061,5.212725286728563
564.6120589302628,0.4401651925512633,0.4194379668574145,1.0804489909950796,-0.5279067864595444,0.8337933965639499,0.6249619366626066,0.002881693036147462,96,0.7425966808769793,26272,21,6,3,1,21/6/3/1,bear_buf005bp_slope30_20gt50,bear_filter,start_date_cv_fast_slice,2009-01-01 00:00:00,2026-06-01 15:00:00,26272,"{""average_type"": ""sma"", ""bear_filter_buffer"": 0.005, ""bear_filter_require_20gt50"": true, ""bear_filter_slope_days"": 30, ""entry_confirm_bars"": 2, ""exit_confirm_bars"": 3, ""long_ma_days"": 200.0, ""macd_fast_days"": 12.0, ""macd_signal_days"": 9.0, ""macd_slow_days"": 24.0, ""peak_stop_drawdown"": 0.4, ""profit_lock_scheme"": [[3.0, 0.75], [4.0, 0.5]], ""q100_activation_gain"": 1.1, ""q100_distance_quantile"": 1.0, ""q100_reentry_rule"": ""ma20"", ""q100_trim_weight"": 0.5}",annual_net_eoy,564.6120589302628,0.2563032810707185,301.370504311736,13.764234622865194,5.524969549330085
314.70666443877104,0.42109087551397795,0.41800394465402346,1.050838028714278,-0.5279067864595435,0.7976614173461636,0.6196688206785137,0.00293650401638393,93,0.7509894991922456,24760,20,6,3,1,20/6/3/1,bear_buf005bp_slope30_20gt50,bear_filter,start_date_cv_fast_slice,2010-01-01 00:00:00,2026-06-01 15:00:00,24760,"{""average_type"": ""sma"", ""bear_filter_buffer"": 0.005, ""bear_filter_require_20gt50"": true, ""bear_filter_slope_days"": 30, ""entry_confirm_bars"": 2, ""exit_confirm_bars"": 3, ""long_ma_days"": 200.0, ""macd_fast_days"": 12.0, ""macd_signal_days"": 9.0, ""macd_slow_days"": 24.0, ""peak_stop_drawdown"": 0.4, ""profit_lock_scheme"": [[3.0, 0.75], [4.0, 0.5]], ""q100_activation_gain"": 1.1, ""q100_distance_quantile"": 1.0, ""q100_reentry_rule"": ""ma20"", ""q100_trim_weight"": 0.5}",annual_net_eoy,314.70666443877104,0.24784328757229063,301.365595374981,13.743780719719599,5.679159935379644
302.37175737810855,0.45018141172421156,0.4111990635983881,1.1106419810776238,-0.45748999572582405,0.9840246036636994,0.6201823812801102,0.0027833723092595547,85,0.7456340330350998,23248,18,5,2,0,18/5/2/0,bear_buf005bp_slope30_20gt50,bear_filter,start_date_cv_fast_slice,2011-01-01 00:00:00,2026-06-01 15:00:00,23248,"{""average_type"": ""sma"", ""bear_filter_buffer"": 0.005, ""bear_filter_require_20gt50"": true, ""bear_filter_slope_days"": 30, ""entry_confirm_bars"": 2, ""exit_confirm_bars"": 3, ""long_ma_days"": 200.0, ""macd_fast_days"": 12.0, ""macd_signal_days"": 9.0, ""macd_slow_days"": 24.0, ""peak_stop_drawdown"": 0.4, ""profit_lock_scheme"": [[3.0, 0.75], [4.0, 0.5]], ""q100_activation_gain"": 1.1, ""q100_distance_quantile"": 1.0, ""q100_reentry_rule"": ""ma20"", ""q100_trim_weight"": 0.5}",annual_net_eoy,302.37175737810855,0.2531228406869372,301.3164587562989,13.733387440932706,5.528217481073641
356.2716497190933,0.5514805897205104,0.4086331602389654,1.280358059032671,-0.4574899957258247,1.2054484138949664,0.6190640905272521,0.0024057519270833687,68,0.7438108415278945,20237,16,4,1,0,16/4/1/0,bear_buf005bp_slope30_20gt50,bear_filter,start_date_cv_fast_slice,2013-01-01 00:00:00,2026-06-01 15:00:00,20237,"{""average_type"": ""sma"", ""bear_filter_buffer"": 0.005, ""bear_filter_require_20gt50"": true, ""bear_filter_slope_days"": 30, ""entry_confirm_bars"": 2, ""exit_confirm_bars"": 3, ""long_ma_days"": 200.0, ""macd_fast_days"": 12.0, ""macd_signal_days"": 9.0, ""macd_slow_days"": 24.0, ""peak_stop_drawdown"": 0.4, ""profit_lock_scheme"": [[3.0, 0.75], [4.0, 0.5]], ""q100_activation_gain"": 1.1, ""q100_distance_quantile"": 1.0, ""q100_reentry_rule"": ""ma20"", ""q100_trim_weight"": 0.5}",annual_net_eoy,356.2716497190933,0.25475775280523316,301.04488481224917,13.691034811374454,5.080594949844344
101.24353470433965,0.561402252323741,0.4180510301960459,1.2762104432849835,-0.4574899957258236,1.2271355823487615,0.6389631894026239,0.002654581586955475,58,0.6998949178448606,15702,13,3,1,0,13/3/1/0,bear_buf005bp_slope30_20gt50,bear_filter,start_date_cv_fast_slice,2016-01-01 00:00:00,2026-06-01 15:00:00,15702,"{""average_type"": ""sma"", ""bear_filter_buffer"": 0.005, ""bear_filter_require_20gt50"": true, ""bear_filter_slope_days"": 30, ""entry_confirm_bars"": 2, ""exit_confirm_bars"": 3, ""long_ma_days"": 200.0, ""macd_fast_days"": 12.0, ""macd_signal_days"": 9.0, ""macd_slow_days"": 24.0, ""peak_stop_drawdown"": 0.4, ""profit_lock_scheme"": [[3.0, 0.75], [4.0, 0.5]], ""q100_activation_gain"": 1.1, ""q100_distance_quantile"": 1.0, ""q100_reentry_rule"": ""ma20"", ""q100_trim_weight"": 0.5}",annual_net_eoy,101.24353470433965,0.2984588828259434,299.2479621712366,13.601987506969351,5.585021016431028
41.409877623957904,0.5631573284790059,0.44277340311144975,1.2316150248255375,-0.4574899957258246,1.2309718982718654,0.6363923052664775,0.0025735364565918936,46,0.6851742352570167,12684,13,3,1,0,13/3/1/0,bear_buf005bp_slope30_20gt50,bear_filter,start_date_cv_fast_slice,2018-01-01 00:00:00,2026-06-01 15:00:00,12684,"{""average_type"": ""sma"", ""bear_filter_buffer"": 0.005, ""bear_filter_require_20gt50"": true, ""bear_filter_slope_days"": 30, ""entry_confirm_bars"": 2, ""exit_confirm_bars"": 3, ""long_ma_days"": 200.0, ""macd_fast_days"": 12.0, ""macd_signal_days"": 9.0, ""macd_slow_days"": 24.0, ""peak_stop_drawdown"": 0.4, ""profit_lock_scheme"": [[3.0, 0.75], [4.0, 0.5]], ""q100_activation_gain"": 1.1, ""q100_distance_quantile"": 1.0, ""q100_reentry_rule"": ""ma20"", ""q100_trim_weight"": 0.5}",annual_net_eoy,41.409877623957904,0.3127723125298481,297.0669620369985,13.466828852671124,5.483443708609271
27.83902420837747,0.6919084039249099,0.4530344310573703,1.3885511835646405,-0.39461676793577694,1.7533679765922074,0.6424581005586593,0.0020790796559799606,30,0.6712445685909373,9666,10,2,0,0,10/2/0/0,bear_buf005bp_slope30_20gt50,bear_filter,start_date_cv_fast_slice,2020-01-01 00:00:00,2026-06-01 15:00:00,9666,"{""average_type"": ""sma"", ""bear_filter_buffer"": 0.005, ""bear_filter_require_20gt50"": true, ""bear_filter_slope_days"": 30, ""entry_confirm_bars"": 2, ""exit_confirm_bars"": 3, ""long_ma_days"": 200.0, ""macd_fast_days"": 12.0, ""macd_signal_days"": 9.0, ""macd_slow_days"": 24.0, ""peak_stop_drawdown"": 0.4, ""profit_lock_scheme"": [[3.0, 0.75], [4.0, 0.5]], ""q100_activation_gain"": 1.1, ""q100_distance_quantile"": 1.0, ""q100_reentry_rule"": ""ma20"", ""q100_trim_weight"": 0.5}",annual_net_eoy,27.83902420837747,0.3277310933112221,293.9527170502199,13.013954177773211,4.692737430167598
5.576454819839171,0.5359528629835584,0.4048839914990325,1.2635904541935754,-0.28926220617910225,1.852827128932678,0.6734478601567209,0.0015761699610767396,14,0.6436859553948161,6636,6,0,0,0,6/0/0/0,bear_buf005bp_slope30_20gt50,bear_filter,start_date_cv_fast_slice,2022-01-01 00:00:00,2026-06-01 15:00:00,6636,"{""average_type"": ""sma"", ""bear_filter_buffer"": 0.005, ""bear_filter_require_20gt50"": true, ""bear_filter_slope_days"": 30, ""entry_confirm_bars"": 2, ""exit_confirm_bars"": 3, ""long_ma_days"": 200.0, ""macd_fast_days"": 12.0, ""macd_signal_days"": 9.0, ""macd_slow_days"": 24.0, ""peak_stop_drawdown"": 0.4, ""profit_lock_scheme"": [[3.0, 0.75], [4.0, 0.5]], ""q100_activation_gain"": 1.1, ""q100_distance_quantile"": 1.0, ""q100_reentry_rule"": ""ma20"", ""q100_trim_weight"": 0.5}",annual_net_eoy,5.576454819839171,0.3572124256235589,273.0949937171558,11.360187364158142,3.1898734177215187
748.7732342724538,0.3127242284729894,0.40817828934681855,0.8715097172542793,-0.5279067864595444,0.5923853159196973,0.6530556763810352,0.0028737450914981004,126,0.6885738364506307,36784,25,10,5,3,25/10/5/3,bear_buf005bp_slope40,bear_filter,start_date_cv_fast_slice,2002-01-10 15:00:00,2026-06-01 15:00:00,36784,"{""average_type"": ""sma"", ""bear_filter_buffer"": 0.005, ""bear_filter_require_20gt50"": false, ""bear_filter_slope_days"": 40, ""entry_confirm_bars"": 2, ""exit_confirm_bars"": 3, ""long_ma_days"": 200.0, ""macd_fast_days"": 12.0, ""macd_signal_days"": 9.0, ""macd_slow_days"": 24.0, ""peak_stop_drawdown"": 0.4, ""profit_lock_scheme"": [[3.0, 0.75], [4.0, 0.5]], ""q100_activation_gain"": 1.1, ""q100_distance_quantile"": 1.0, ""q100_reentry_rule"": ""ma20"", ""q100_trim_weight"": 0.5}",annual_net_eoy,748.7732342724538,0.3106404904385036,237.71828814753394,11.406351788184102,5.179208351457155
912.9580027068789,0.33893750156087066,0.4160305621172749,0.9103868030490962,-0.5279067864595435,0.6420404326187714,0.6390792230590634,0.0028797734709118897,122,0.7167308454612379,35318,24,9,5,3,24/9/5/3,bear_buf005bp_slope40,bear_filter,start_date_cv_fast_slice,2003-01-01 00:00:00,2026-06-01 15:00:00,35318,"{""average_type"": ""sma"", ""bear_filter_buffer"": 0.005, ""bear_filter_require_20gt50"": false, ""bear_filter_slope_days"": 40, ""entry_confirm_bars"": 2, ""exit_confirm_bars"": 3, ""long_ma_days"": 200.0, ""macd_fast_days"": 12.0, ""macd_signal_days"": 9.0, ""macd_slow_days"": 24.0, ""peak_stop_drawdown"": 0.4, ""profit_lock_scheme"": [[3.0, 0.75], [4.0, 0.5]], ""q100_activation_gain"": 1.1, ""q100_distance_quantile"": 1.0, ""q100_reentry_rule"": ""ma20"", ""q100_trim_weight"": 0.5}",annual_net_eoy,912.9580027068789,0.28245086925335283,237.7116509967409,11.379535422567585,5.222945806670819
445.14316498698014,0.3136473564296587,0.40783658218709484,0.8737243988214692,-0.5279067864595435,0.5941339730318002,0.6386194250561931,0.002919313836675326,119,0.7159736188335503,33812,23,9,5,3,23/9/5/3,bear_buf005bp_slope40,bear_filter,start_date_cv_fast_slice,2004-01-01 00:00:00,2026-06-01 15:00:00,33812,"{""average_type"": ""sma"", ""bear_filter_buffer"": 0.005, ""bear_filter_require_20gt50"": false, ""bear_filter_slope_days"": 40, ""entry_confirm_bars"": 2, ""exit_confirm_bars"": 3, ""long_ma_days"": 200.0, ""macd_fast_days"": 12.0, ""macd_signal_days"": 9.0, ""macd_slow_days"": 24.0, ""peak_stop_drawdown"": 0.4, ""profit_lock_scheme"": [[3.0, 0.75], [4.0, 0.5]], ""q100_activation_gain"": 1.1, ""q100_distance_quantile"": 1.0, ""q100_reentry_rule"": ""ma20"", ""q100_trim_weight"": 0.5}",annual_net_eoy,445.14316498698014,0.2831716491272305,237.710256933423,11.373726825409664,5.321424346385898
449.29858730214954,0.33101406474260653,0.40846788568794923,0.9051927560899381,-0.5279067864595435,0.6270312737644149,0.6359725145474805,0.0029314052075543554,115,0.7203633774916429,32308,24,9,4,2,24/9/4/2,bear_buf005bp_slope40,bear_filter,start_date_cv_fast_slice,2005-01-01 00:00:00,2026-06-01 15:00:00,32308,"{""average_type"": ""sma"", ""bear_filter_buffer"": 0.005, ""bear_filter_require_20gt50"": false, ""bear_filter_slope_days"": 40, ""entry_confirm_bars"": 2, ""exit_confirm_bars"": 3, ""long_ma_days"": 200.0, ""macd_fast_days"": 12.0, ""macd_signal_days"": 9.0, ""macd_slow_days"": 24.0, ""peak_stop_drawdown"": 0.4, ""profit_lock_scheme"": [[3.0, 0.75], [4.0, 0.5]], ""q100_activation_gain"": 1.1, ""q100_distance_quantile"": 1.0, ""q100_reentry_rule"": ""ma20"", ""q100_trim_weight"": 0.5}",annual_net_eoy,449.29858730214954,0.27874210103658276,237.6077192891241,11.357157634089013,5.381948743345301
530.2841627036458,0.38247482210045614,0.4160290266413151,0.9875306803867602,-0.5279067864595433,0.7245120386982703,0.6357181867831786,0.0028231785720120874,103,0.7221975696340798,29296,23,8,4,2,23/8/4/2,bear_buf005bp_slope40,bear_filter,start_date_cv_fast_slice,2007-01-01 00:00:00,2026-06-01 15:00:00,29296,"{""average_type"": ""sma"", ""bear_filter_buffer"": 0.005, ""bear_filter_require_20gt50"": false, ""bear_filter_slope_days"": 40, ""entry_confirm_bars"": 2, ""exit_confirm_bars"": 3, ""long_ma_days"": 200.0, ""macd_fast_days"": 12.0, ""macd_signal_days"": 9.0, ""macd_slow_days"": 24.0, ""peak_stop_drawdown"": 0.4, ""profit_lock_scheme"": [[3.0, 0.75], [4.0, 0.5]], ""q100_activation_gain"": 1.1, ""q100_distance_quantile"": 1.0, ""q100_reentry_rule"": ""ma20"", ""q100_trim_weight"": 0.5}",annual_net_eoy,530.2841627036458,0.2768159407526596,237.60260631543917,11.335853577068548,5.31594756963408
502.69832908800095,0.43058835403412776,0.4197445402468894,1.0640612576886626,-0.5279067864595428,0.8156522421731109,0.6232871498172959,0.002957819710934307,98,0.7455275578562729,26272,21,6,3,1,21/6/3/1,bear_buf005bp_slope40,bear_filter,start_date_cv_fast_slice,2009-01-01 00:00:00,2026-06-01 15:00:00,26272,"{""average_type"": ""sma"", ""bear_filter_buffer"": 0.005, ""bear_filter_require_20gt50"": false, ""bear_filter_slope_days"": 40, ""entry_confirm_bars"": 2, ""exit_confirm_bars"": 3, ""long_ma_days"": 200.0, ""macd_fast_days"": 12.0, ""macd_signal_days"": 9.0, ""macd_slow_days"": 24.0, ""peak_stop_drawdown"": 0.4, ""profit_lock_scheme"": [[3.0, 0.75], [4.0, 0.5]], ""q100_activation_gain"": 1.1, ""q100_distance_quantile"": 1.0, ""q100_reentry_rule"": ""ma20"", ""q100_trim_weight"": 0.5}",annual_net_eoy,502.69832908800095,0.2533724040914249,237.54626818856428,11.291382046102193,5.640073081607795
280.14838934040864,0.4110658421148399,0.41833019198596627,1.0334114013866662,-0.5279067864595433,0.7786712591283241,0.617891760904685,0.0030172794606488735,95,0.7540993537964459,24760,20,6,3,1,20/6/3/1,bear_buf005bp_slope40,bear_filter,start_date_cv_fast_slice,2010-01-01 00:00:00,2026-06-01 15:00:00,24760,"{""average_type"": ""sma"", ""bear_filter_buffer"": 0.005, ""bear_filter_require_20gt50"": false, ""bear_filter_slope_days"": 40, ""entry_confirm_bars"": 2, ""exit_confirm_bars"": 3, ""long_ma_days"": 200.0, ""macd_fast_days"": 12.0, ""macd_signal_days"": 9.0, ""macd_slow_days"": 24.0, ""peak_stop_drawdown"": 0.4, ""profit_lock_scheme"": [[3.0, 0.75], [4.0, 0.5]], ""q100_activation_gain"": 1.1, ""q100_distance_quantile"": 1.0, ""q100_reentry_rule"": ""ma20"", ""q100_trim_weight"": 0.5}",annual_net_eoy,280.14838934040864,0.2447334329680903,237.5419192732992,11.273261565830945,5.801292407108239
268.54864523970866,0.4390749755606669,0.41155607009523426,1.0913435800727473,-0.4862299126256251,0.9030192593246205,0.6182897453544391,0.002869401214971874,87,0.7489461459050241,23248,18,5,2,0,18/5/2/0,bear_buf005bp_slope40,bear_filter,start_date_cv_fast_slice,2011-01-01 00:00:00,2026-06-01 15:00:00,23248,"{""average_type"": ""sma"", ""bear_filter_buffer"": 0.005, ""bear_filter_require_20gt50"": false, ""bear_filter_slope_days"": 40, ""entry_confirm_bars"": 2, ""exit_confirm_bars"": 3, ""long_ma_days"": 200.0, ""macd_fast_days"": 12.0, ""macd_signal_days"": 9.0, ""macd_slow_days"": 24.0, ""peak_stop_drawdown"": 0.4, ""profit_lock_scheme"": [[3.0, 0.75], [4.0, 0.5]], ""q100_activation_gain"": 1.1, ""q100_distance_quantile"": 1.0, ""q100_reentry_rule"": ""ma20"", ""q100_trim_weight"": 0.5}",annual_net_eoy,268.54864523970866,0.2498107278170129,237.50501503202568,11.26405397342812,5.658293186510668
338.76379819597446,0.5456671066501686,0.4083954454655394,1.271664491194023,-0.45546445694739446,1.198045420069282,0.6184217028215645,0.0024057519270833687,68,0.7448979591836735,20237,16,4,1,0,16/4/1/0,bear_buf005bp_slope40,bear_filter,start_date_cv_fast_slice,2013-01-01 00:00:00,2026-06-01 15:00:00,20237,"{""average_type"": ""sma"", ""bear_filter_buffer"": 0.005, ""bear_filter_require_20gt50"": false, ""bear_filter_slope_days"": 40, ""entry_confirm_bars"": 2, ""exit_confirm_bars"": 3, ""long_ma_days"": 200.0, ""macd_fast_days"": 12.0, ""macd_signal_days"": 9.0, ""macd_slow_days"": 24.0, ""peak_stop_drawdown"": 0.4, ""profit_lock_scheme"": [[3.0, 0.75], [4.0, 0.5]], ""q100_activation_gain"": 1.1, ""q100_distance_quantile"": 1.0, ""q100_reentry_rule"": ""ma20"", ""q100_trim_weight"": 0.5}",annual_net_eoy,338.76379819597446,0.25367063514945426,237.31457230804008,11.229847721582894,5.080594949844344
96.2331605920638,0.5538659076352008,0.4177516180120397,1.2652326675025922,-0.45546445694739535,1.2160463877847016,0.6381989555470641,0.0026545815869554756,58,0.7012960132467202,15702,13,3,1,0,13/3/1/0,bear_buf005bp_slope40,bear_filter,start_date_cv_fast_slice,2016-01-01 00:00:00,2026-06-01 15:00:00,15702,"{""average_type"": ""sma"", ""bear_filter_buffer"": 0.005, ""bear_filter_require_20gt50"": false, ""bear_filter_slope_days"": 40, ""entry_confirm_bars"": 2, ""exit_confirm_bars"": 3, ""long_ma_days"": 200.0, ""macd_fast_days"": 12.0, ""macd_signal_days"": 9.0, ""macd_slow_days"": 24.0, ""peak_stop_drawdown"": 0.4, ""profit_lock_scheme"": [[3.0, 0.75], [4.0, 0.5]], ""q100_activation_gain"": 1.1, ""q100_distance_quantile"": 1.0, ""q100_reentry_rule"": ""ma20"", ""q100_trim_weight"": 0.5}",annual_net_eoy,96.2331605920638,0.2970577874240839,235.8238519161682,11.155974406456146,5.585021016431028
40.034485610201656,0.5570261499868967,0.4423003046302023,1.2235628227344209,-0.4554644569473947,1.2229848926526274,0.6370230211289813,0.0025735364565918936,46,0.6837551245663829,12684,13,3,1,0,13/3/1/0,bear_buf005bp_slope40,bear_filter,start_date_cv_fast_slice,2018-01-01 00:00:00,2026-06-01 15:00:00,12684,"{""average_type"": ""sma"", ""bear_filter_buffer"": 0.005, ""bear_filter_require_20gt50"": false, ""bear_filter_slope_days"": 40, ""entry_confirm_bars"": 2, ""exit_confirm_bars"": 3, ""long_ma_days"": 200.0, ""macd_fast_days"": 12.0, ""macd_signal_days"": 9.0, ""macd_slow_days"": 24.0, ""peak_stop_drawdown"": 0.4, ""profit_lock_scheme"": [[3.0, 0.75], [4.0, 0.5]], ""q100_activation_gain"": 1.1, ""q100_distance_quantile"": 1.0, ""q100_reentry_rule"": ""ma20"", ""q100_trim_weight"": 0.5}",annual_net_eoy,40.034485610201656,0.31419142322048205,234.0810117405219,11.050477089480136,5.483443708609271
26.801839606588526,0.6822424870969757,0.45266533152575517,1.3766432678299152,-0.3946167679357777,1.7288735363825387,0.6423546451479413,0.0020790796559799606,30,0.6714514794123733,9666,10,2,0,0,10/2/0/0,bear_buf005bp_slope40,bear_filter,start_date_cv_fast_slice,2020-01-01 00:00:00,2026-06-01 15:00:00,9666,"{""average_type"": ""sma"", ""bear_filter_buffer"": 0.005, ""bear_filter_require_20gt50"": false, ""bear_filter_slope_days"": 40, ""entry_confirm_bars"": 2, ""exit_confirm_bars"": 3, ""long_ma_days"": 200.0, ""macd_fast_days"": 12.0, ""macd_signal_days"": 9.0, ""macd_slow_days"": 24.0, ""peak_stop_drawdown"": 0.4, ""profit_lock_scheme"": [[3.0, 0.75], [4.0, 0.5]], ""q100_activation_gain"": 1.1, ""q100_distance_quantile"": 1.0, ""q100_reentry_rule"": ""ma20"", ""q100_trim_weight"": 0.5}",annual_net_eoy,26.801839606588526,0.3275241824897862,231.5396905645764,10.672840022606366,4.692737430167598
5.3412468012231775,0.5232597699773969,0.40426953537134,1.2443472373013889,-0.28926220617910225,1.8089462045152573,0.6732971669680531,0.0015761699610767396,14,0.6439873417721519,6636,6,0,0,0,6/0/0/0,bear_buf005bp_slope40,bear_filter,start_date_cv_fast_slice,2022-01-01 00:00:00,2026-06-01 15:00:00,6636,"{""average_type"": ""sma"", ""bear_filter_buffer"": 0.005, ""bear_filter_require_20gt50"": false, ""bear_filter_slope_days"": 40, ""entry_confirm_bars"": 2, ""exit_confirm_bars"": 3, ""long_ma_days"": 200.0, ""macd_fast_days"": 12.0, ""macd_signal_days"": 9.0, ""macd_slow_days"": 24.0, ""peak_stop_drawdown"": 0.4, ""profit_lock_scheme"": [[3.0, 0.75], [4.0, 0.5]], ""q100_activation_gain"": 1.1, ""q100_distance_quantile"": 1.0, ""q100_reentry_rule"": ""ma20"", ""q100_trim_weight"": 0.5}",annual_net_eoy,5.3412468012231775,0.3569110392462232,214.45477034458955,9.319670154548785,3.1898734177215187
740.4959020382049,0.31212535363234384,0.40648065583042603,0.8723099930648818,-0.5279067864595444,0.5912508829932673,0.6560732927359721,0.002819373625643381,124,0.6824298608090474,36784,22,7,4,2,22/7/4/2,bear_buf005bp_slope40_20gt50,bear_filter,start_date_cv_fast_slice,2002-01-10 15:00:00,2026-06-01 15:00:00,36784,"{""average_type"": ""sma"", ""bear_filter_buffer"": 0.005, ""bear_filter_require_20gt50"": true, ""bear_filter_slope_days"": 40, ""entry_confirm_bars"": 2, ""exit_confirm_bars"": 3, ""long_ma_days"": 200.0, ""macd_fast_days"": 12.0, ""macd_signal_days"": 9.0, ""macd_slow_days"": 24.0, ""peak_stop_drawdown"": 0.4, ""profit_lock_scheme"": [[3.0, 0.75], [4.0, 0.5]], ""q100_activation_gain"": 1.1, ""q100_distance_quantile"": 1.0, ""q100_reentry_rule"": ""ma20"", ""q100_trim_weight"": 0.5}",annual_net_eoy,740.4959020382049,0.31678446608008687,235.085918184225,11.323725286767587,5.096998695084819
902.8681066013031,0.3383013192166615,0.4142958686749221,0.9112970825475861,-0.5279067864595444,0.640835329065403,0.6422220963814486,0.0028231451227608054,120,0.7103318421201653,35318,22,7,4,2,22/7/4/2,bear_buf005bp_slope40_20gt50,bear_filter,start_date_cv_fast_slice,2003-01-01 00:00:00,2026-06-01 15:00:00,35318,"{""average_type"": ""sma"", ""bear_filter_buffer"": 0.005, ""bear_filter_require_20gt50"": true, ""bear_filter_slope_days"": 40, ""entry_confirm_bars"": 2, ""exit_confirm_bars"": 3, ""long_ma_days"": 200.0, ""macd_fast_days"": 12.0, ""macd_signal_days"": 9.0, ""macd_slow_days"": 24.0, ""peak_stop_drawdown"": 0.4, ""profit_lock_scheme"": [[3.0, 0.75], [4.0, 0.5]], ""q100_activation_gain"": 1.1, ""q100_distance_quantile"": 1.0, ""q100_reentry_rule"": ""ma20"", ""q100_trim_weight"": 0.5}",annual_net_eoy,902.8681066013031,0.2888498725944254,235.07928103343198,11.296908921151068,5.13732374426638
372.55326379079844,0.303257038393248,0.40698212170476394,0.8551982981295733,-0.5279067864595444,0.5744518656921791,0.6412516266414291,0.0029193138366753256,119,0.7103838873772625,33812,21,7,4,2,21/7/4/2,bear_buf005bp_slope40_20gt50,bear_filter,start_date_cv_fast_slice,2004-01-01 00:00:00,2026-06-01 15:00:00,33812,"{""average_type"": ""sma"", ""bear_filter_buffer"": 0.005, ""bear_filter_require_20gt50"": true, ""bear_filter_slope_days"": 40, ""entry_confirm_bars"": 2, ""exit_confirm_bars"": 3, ""long_ma_days"": 200.0, ""macd_fast_days"": 12.0, ""macd_signal_days"": 9.0, ""macd_slow_days"": 24.0, ""peak_stop_drawdown"": 0.4, ""profit_lock_scheme"": [[3.0, 0.75], [4.0, 0.5]], ""q100_activation_gain"": 1.1, ""q100_distance_quantile"": 1.0, ""q100_reentry_rule"": ""ma20"", ""q100_trim_weight"": 0.5}",annual_net_eoy,372.55326379079844,0.28876138058351813,235.07750926733092,11.289526562396661,5.321424346385898
384.630973578817,0.3213920592854862,0.40739456258694734,0.8886863715398949,-0.5279067864595446,0.6088045608220565,0.6387272502166647,0.0029314052075543554,115,0.7145134332053981,32308,23,9,4,1,23/9/4/1,bear_buf005bp_slope40_20gt50,bear_filter,start_date_cv_fast_slice,2005-01-01 00:00:00,2026-06-01 15:00:00,32308,"{""average_type"": ""sma"", ""bear_filter_buffer"": 0.005, ""bear_filter_require_20gt50"": true, ""bear_filter_slope_days"": 40, ""entry_confirm_bars"": 2, ""exit_confirm_bars"": 3, ""long_ma_days"": 200.0, ""macd_fast_days"": 12.0, ""macd_signal_days"": 9.0, ""macd_slow_days"": 24.0, ""peak_stop_drawdown"": 0.4, ""profit_lock_scheme"": [[3.0, 0.75], [4.0, 0.5]], ""q100_activation_gain"": 1.1, ""q100_distance_quantile"": 1.0, ""q100_reentry_rule"": ""ma20"", ""q100_trim_weight"": 0.5}",annual_net_eoy,384.630973578817,0.2845920453228276,234.91051040617427,11.269956065897173,5.381948743345301
521.8356701461497,0.3813315500302479,0.41536644040450366,0.9864412446317561,-0.5279067864595439,0.7223463683573448,0.6375273074822502,0.002823178572012088,103,0.71823798470781,29296,23,8,4,1,23/8/4/1,bear_buf005bp_slope40_20gt50,bear_filter,start_date_cv_fast_slice,2007-01-01 00:00:00,2026-06-01 15:00:00,29296,"{""average_type"": ""sma"", ""bear_filter_buffer"": 0.005, ""bear_filter_require_20gt50"": true, ""bear_filter_slope_days"": 40, ""entry_confirm_bars"": 2, ""exit_confirm_bars"": 3, ""long_ma_days"": 200.0, ""macd_fast_days"": 12.0, ""macd_signal_days"": 9.0, ""macd_slow_days"": 24.0, ""peak_stop_drawdown"": 0.4, ""profit_lock_scheme"": [[3.0, 0.75], [4.0, 0.5]], ""q100_activation_gain"": 1.1, ""q100_distance_quantile"": 1.0, ""q100_reentry_rule"": ""ma20"", ""q100_trim_weight"": 0.5}",annual_net_eoy,521.8356701461497,0.2807755256789294,234.90464468604486,11.245515565357923,5.31594756963408
482.9737449481818,0.42730319017889173,0.4191068748982794,1.0595476689109078,-0.5279067864595446,0.8094292423187811,0.6253045066991474,0.002957819710934307,98,0.7411122107186358,26272,21,6,3,1,21/6/3/1,bear_buf005bp_slope40_20gt50,bear_filter,start_date_cv_fast_slice,2009-01-01 00:00:00,2026-06-01 15:00:00,26272,"{""average_type"": ""sma"", ""bear_filter_buffer"": 0.005, ""bear_filter_require_20gt50"": true, ""bear_filter_slope_days"": 40, ""entry_confirm_bars"": 2, ""exit_confirm_bars"": 3, ""long_ma_days"": 200.0, ""macd_fast_days"": 12.0, ""macd_signal_days"": 9.0, ""macd_slow_days"": 24.0, ""peak_stop_drawdown"": 0.4, ""profit_lock_scheme"": [[3.0, 0.75], [4.0, 0.5]], ""q100_activation_gain"": 1.1, ""q100_distance_quantile"": 1.0, ""q100_reentry_rule"": ""ma20"", ""q100_trim_weight"": 0.5}",annual_net_eoy,482.9737449481818,0.25778775122906195,234.89366319460723,11.199759351034484,5.640073081607795
269.1387537290282,0.40762787553248847,0.41765120179088083,1.028561740336868,-0.5279067864595444,0.7721588090698407,0.620032310177706,0.0030172794606488735,95,0.7494143780290792,24760,20,6,3,1,20/6/3/1,bear_buf005bp_slope40_20gt50,bear_filter,start_date_cv_fast_slice,2010-01-01 00:00:00,2026-06-01 15:00:00,24760,"{""average_type"": ""sma"", ""bear_filter_buffer"": 0.005, ""bear_filter_require_20gt50"": true, ""bear_filter_slope_days"": 40, ""entry_confirm_bars"": 2, ""exit_confirm_bars"": 3, ""long_ma_days"": 200.0, ""macd_fast_days"": 12.0, ""macd_signal_days"": 9.0, ""macd_slow_days"": 24.0, ""peak_stop_drawdown"": 0.4, ""profit_lock_scheme"": [[3.0, 0.75], [4.0, 0.5]], ""q100_activation_gain"": 1.1, ""q100_distance_quantile"": 1.0, ""q100_reentry_rule"": ""ma20"", ""q100_trim_weight"": 0.5}",annual_net_eoy,269.1387537290282,0.24941840873545704,234.8891870049825,11.181108560931396,5.801292407108239
257.5606776575325,0.4351849882009724,0.4108231707919886,1.085957976194106,-0.4929269808026393,0.8828589327619176,0.6205695113558155,0.002869401214971874,87,0.7439564693737095,23248,18,5,2,0,18/5/2/0,bear_buf005bp_slope40_20gt50,bear_filter,start_date_cv_fast_slice,2011-01-01 00:00:00,2026-06-01 15:00:00,23248,"{""average_type"": ""sma"", ""bear_filter_buffer"": 0.005, ""bear_filter_require_20gt50"": true, ""bear_filter_slope_days"": 40, ""entry_confirm_bars"": 2, ""exit_confirm_bars"": 3, ""long_ma_days"": 200.0, ""macd_fast_days"": 12.0, ""macd_signal_days"": 9.0, ""macd_slow_days"": 24.0, ""peak_stop_drawdown"": 0.4, ""profit_lock_scheme"": [[3.0, 0.75], [4.0, 0.5]], ""q100_activation_gain"": 1.1, ""q100_distance_quantile"": 1.0, ""q100_reentry_rule"": ""ma20"", ""q100_trim_weight"": 0.5}",annual_net_eoy,257.5606776575325,0.2548004043483274,234.8562150460579,11.171631501234895,5.658293186510668
332.77038131321723,0.5436131597285445,0.4077203228553744,1.2698224168198595,-0.4554644569473941,1.1935358543056007,0.6203488659386273,0.0024057519270833687,68,0.7405494885605574,20237,16,4,1,0,16/4/1/0,bear_buf005bp_slope40_20gt50,bear_filter,start_date_cv_fast_slice,2013-01-01 00:00:00,2026-06-01 15:00:00,20237,"{""average_type"": ""sma"", ""bear_filter_buffer"": 0.005, ""bear_filter_require_20gt50"": true, ""bear_filter_slope_days"": 40, ""entry_confirm_bars"": 2, ""exit_confirm_bars"": 3, ""long_ma_days"": 200.0, ""macd_fast_days"": 12.0, ""macd_signal_days"": 9.0, ""macd_slow_days"": 24.0, ""peak_stop_drawdown"": 0.4, ""profit_lock_scheme"": [[3.0, 0.75], [4.0, 0.5]], ""q100_activation_gain"": 1.1, ""q100_distance_quantile"": 1.0, ""q100_reentry_rule"": ""ma20"", ""q100_trim_weight"": 0.5}",annual_net_eoy,332.77038131321723,0.25801910577257026,234.67767313269374,11.135494007113321,5.080594949844344
94.51797236615235,0.5512052158128633,0.4169008623967301,1.262838691666642,-0.4554644569473948,1.2102046765781471,0.6406827155776335,0.002654581586955475,58,0.6956916316392816,15702,13,3,1,0,13/3/1/0,bear_buf005bp_slope40_20gt50,bear_filter,start_date_cv_fast_slice,2016-01-01 00:00:00,2026-06-01 15:00:00,15702,"{""average_type"": ""sma"", ""bear_filter_buffer"": 0.005, ""bear_filter_require_20gt50"": true, ""bear_filter_slope_days"": 40, ""entry_confirm_bars"": 2, ""exit_confirm_bars"": 3, ""long_ma_days"": 200.0, ""macd_fast_days"": 12.0, ""macd_signal_days"": 9.0, ""macd_slow_days"": 24.0, ""peak_stop_drawdown"": 0.4, ""profit_lock_scheme"": [[3.0, 0.75], [4.0, 0.5]], ""q100_activation_gain"": 1.1, ""q100_distance_quantile"": 1.0, ""q100_reentry_rule"": ""ma20"", ""q100_trim_weight"": 0.5}",annual_net_eoy,94.51797236615235,0.30266216903152243,233.17693705590042,11.061124360244921,5.585021016431028
40.144486153903756,0.5575231142355681,0.441776315319151,1.2252047819737069,-0.45546445694739346,1.2240760079769792,0.6374960580258594,0.0025735364565918936,46,0.682493692841375,12684,13,3,1,0,13/3/1/0,bear_buf005bp_slope40_20gt50,bear_filter,start_date_cv_fast_slice,2018-01-01 00:00:00,2026-06-01 15:00:00,12684,"{""average_type"": ""sma"", ""bear_filter_buffer"": 0.005, ""bear_filter_require_20gt50"": true, ""bear_filter_slope_days"": 40, ""entry_confirm_bars"": 2, ""exit_confirm_bars"": 3, ""long_ma_days"": 200.0, ""macd_fast_days"": 12.0, ""macd_signal_days"": 9.0, ""macd_slow_days"": 24.0, ""peak_stop_drawdown"": 0.4, ""profit_lock_scheme"": [[3.0, 0.75], [4.0, 0.5]], ""q100_activation_gain"": 1.1, ""q100_distance_quantile"": 1.0, ""q100_reentry_rule"": ""ma20"", ""q100_trim_weight"": 0.5}",annual_net_eoy,40.144486153903756,0.3154528549454899,231.50004617637137,10.945942650512182,5.483443708609271
26.876367590238306,0.6829470972846989,0.45199336819006747,1.378934456989551,-0.39461676793577793,1.7306590920025107,0.6429753776122491,0.00207907965597996,30,0.6697961928408855,9666,10,2,0,0,10/2/0/0,bear_buf005bp_slope40_20gt50,bear_filter,start_date_cv_fast_slice,2020-01-01 00:00:00,2026-06-01 15:00:00,9666,"{""average_type"": ""sma"", ""bear_filter_buffer"": 0.005, ""bear_filter_require_20gt50"": true, ""bear_filter_slope_days"": 40, ""entry_confirm_bars"": 2, ""exit_confirm_bars"": 3, ""long_ma_days"": 200.0, ""macd_fast_days"": 12.0, ""macd_signal_days"": 9.0, ""macd_slow_days"": 24.0, ""peak_stop_drawdown"": 0.4, ""profit_lock_scheme"": [[3.0, 0.75], [4.0, 0.5]], ""q100_activation_gain"": 1.1, ""q100_distance_quantile"": 1.0, ""q100_reentry_rule"": ""ma20"", ""q100_trim_weight"": 0.5}",annual_net_eoy,26.876367590238306,0.3291794690612738,228.9934998912773,10.573473087811555,4.692737430167598
5.358245688512988,0.5241891990013052,0.40317293946975996,1.2481311496646563,-0.2892622061791025,1.8121593066905637,0.6742013261000602,0.0015761699610767393,14,0.6415762507534659,6636,6,0,0,0,6/0/0/0,bear_buf005bp_slope40_20gt50,bear_filter,start_date_cv_fast_slice,2022-01-01 00:00:00,2026-06-01 15:00:00,6636,"{""average_type"": ""sma"", ""bear_filter_buffer"": 0.005, ""bear_filter_require_20gt50"": true, ""bear_filter_slope_days"": 40, ""entry_confirm_bars"": 2, ""exit_confirm_bars"": 3, ""long_ma_days"": 200.0, ""macd_fast_days"": 12.0, ""macd_signal_days"": 9.0, ""macd_slow_days"": 24.0, ""peak_stop_drawdown"": 0.4, ""profit_lock_scheme"": [[3.0, 0.75], [4.0, 0.5]], ""q100_activation_gain"": 1.1, ""q100_distance_quantile"": 1.0, ""q100_reentry_rule"": ""ma20"", ""q100_trim_weight"": 0.5}",annual_net_eoy,5.358245688512988,0.35932213026490906,212.1423660346512,9.23881970437252,3.1898734177215187
669.5885205383647,0.3067153505344613,0.4095813970990354,0.8587042778817173,-0.5279067864595438,0.5810028558099745,0.6509351892127012,0.00292811655735282,128,0.6928691822531535,36784,24,9,5,2,24/9/5/2,bear_buf010bp_slope20,bear_filter,start_date_cv_fast_slice,2002-01-10 15:00:00,2026-06-01 15:00:00,36784,"{""average_type"": ""sma"", ""bear_filter_buffer"": 0.01, ""bear_filter_require_20gt50"": false, ""bear_filter_slope_days"": 20, ""entry_confirm_bars"": 2, ""exit_confirm_bars"": 3, ""long_ma_days"": 200.0, ""macd_fast_days"": 12.0, ""macd_signal_days"": 9.0, ""macd_slow_days"": 24.0, ""peak_stop_drawdown"": 0.4, ""profit_lock_scheme"": [[3.0, 0.75], [4.0, 0.5]], ""q100_activation_gain"": 1.1, ""q100_distance_quantile"": 1.0, ""q100_reentry_rule"": ""ma20"", ""q100_trim_weight"": 0.5}",annual_net_eoy,669.5885205383647,0.3063451446359807,212.60521482982938,10.176209654892922,5.261418007829491
791.0157937402461,0.330754014408972,0.4175155336764608,0.8939280644785401,-0.5279067864595435,0.6265386672279872,0.6368424033070955,0.002936401819062974,124,0.7212327991392491,35318,24,8,5,2,24/8/5/2,bear_buf010bp_slope20,bear_filter,start_date_cv_fast_slice,2003-01-01 00:00:00,2026-06-01 15:00:00,35318,"{""average_type"": ""sma"", ""bear_filter_buffer"": 0.01, ""bear_filter_require_20gt50"": false, ""bear_filter_slope_days"": 20, ""entry_confirm_bars"": 2, ""exit_confirm_bars"": 3, ""long_ma_days"": 200.0, ""macd_fast_days"": 12.0, ""macd_signal_days"": 9.0, ""macd_slow_days"": 24.0, ""peak_stop_drawdown"": 0.4, ""profit_lock_scheme"": [[3.0, 0.75], [4.0, 0.5]], ""q100_activation_gain"": 1.1, ""q100_distance_quantile"": 1.0, ""q100_reentry_rule"": ""ma20"", ""q100_trim_weight"": 0.5}",annual_net_eoy,791.0157937402461,0.2779489155753416,212.59855790487433,10.14931089693475,5.308567869075259
382.6706811518848,0.3048154124280549,0.40851617589402656,0.8564322428849775,-0.5279067864595439,0.5774038528133496,0.6369927836271146,0.0029784644340963597,121,0.7192269016917071,33812,22,8,5,2,22/8/5/2,bear_buf010bp_slope20,bear_filter,start_date_cv_fast_slice,2004-01-01 00:00:00,2026-06-01 15:00:00,33812,"{""average_type"": ""sma"", ""bear_filter_buffer"": 0.01, ""bear_filter_require_20gt50"": false, ""bear_filter_slope_days"": 20, ""entry_confirm_bars"": 2, ""exit_confirm_bars"": 3, ""long_ma_days"": 200.0, ""macd_fast_days"": 12.0, ""macd_signal_days"": 9.0, ""macd_slow_days"": 24.0, ""peak_stop_drawdown"": 0.4, ""profit_lock_scheme"": [[3.0, 0.75], [4.0, 0.5]], ""q100_activation_gain"": 1.1, ""q100_distance_quantile"": 1.0, ""q100_reentry_rule"": ""ma20"", ""q100_trim_weight"": 0.5}",annual_net_eoy,382.6706811518848,0.2799183662690735,212.59729295095764,10.144040255615154,5.410860049686502
403.6556083391885,0.32437337868372973,0.4089167187416085,0.892413765161403,-0.527906786459544,0.6144519960790237,0.6348582394453386,0.0029314052075543554,115,0.7229014485576328,32308,23,9,4,1,23/9/4/1,bear_buf010bp_slope20,bear_filter,start_date_cv_fast_slice,2005-01-01 00:00:00,2026-06-01 15:00:00,32308,"{""average_type"": ""sma"", ""bear_filter_buffer"": 0.01, ""bear_filter_require_20gt50"": false, ""bear_filter_slope_days"": 20, ""entry_confirm_bars"": 2, ""exit_confirm_bars"": 3, ""long_ma_days"": 200.0, ""macd_fast_days"": 12.0, ""macd_signal_days"": 9.0, ""macd_slow_days"": 24.0, ""peak_stop_drawdown"": 0.4, ""profit_lock_scheme"": [[3.0, 0.75], [4.0, 0.5]], ""q100_activation_gain"": 1.1, ""q100_distance_quantile"": 1.0, ""q100_reentry_rule"": ""ma20"", ""q100_trim_weight"": 0.5}",annual_net_eoy,403.6556083391885,0.2762040299705929,212.49602403402795,10.127705664481613,5.381948743345301
531.3766380409071,0.38262139792709116,0.41691580471682815,0.9865662643334321,-0.5279067864595428,0.7247896934479249,0.6337383943200436,0.002823178572012088,103,0.7267715729109776,29296,23,8,4,1,23/8/4/1,bear_buf010bp_slope20,bear_filter,start_date_cv_fast_slice,2007-01-01 00:00:00,2026-06-01 15:00:00,29296,"{""average_type"": ""sma"", ""bear_filter_buffer"": 0.01, ""bear_filter_require_20gt50"": false, ""bear_filter_slope_days"": 20, ""entry_confirm_bars"": 2, ""exit_confirm_bars"": 3, ""long_ma_days"": 200.0, ""macd_fast_days"": 12.0, ""macd_signal_days"": 9.0, ""macd_slow_days"": 24.0, ""peak_stop_drawdown"": 0.4, ""profit_lock_scheme"": [[3.0, 0.75], [4.0, 0.5]], ""q100_activation_gain"": 1.1, ""q100_distance_quantile"": 1.0, ""q100_reentry_rule"": ""ma20"", ""q100_trim_weight"": 0.5}",annual_net_eoy,531.3766380409071,0.2722419374757617,212.49097912099325,10.106685193503768,5.31594756963408
490.25289190501724,0.428529992141927,0.4206084134633139,1.0593128813266535,-0.5279067864595446,0.8117531411480856,0.621574299634592,0.002957819710934307,98,0.7496003349573691,26272,21,6,3,1,21/6/3/1,bear_buf010bp_slope20,bear_filter,start_date_cv_fast_slice,2009-01-01 00:00:00,2026-06-01 15:00:00,26272,"{""average_type"": ""sma"", ""bear_filter_buffer"": 0.01, ""bear_filter_require_20gt50"": false, ""bear_filter_slope_days"": 20, ""entry_confirm_bars"": 2, ""exit_confirm_bars"": 3, ""long_ma_days"": 200.0, ""macd_fast_days"": 12.0, ""macd_signal_days"": 9.0, ""macd_slow_days"": 24.0, ""peak_stop_drawdown"": 0.4, ""profit_lock_scheme"": [[3.0, 0.75], [4.0, 0.5]], ""q100_activation_gain"": 1.1, ""q100_distance_quantile"": 1.0, ""q100_reentry_rule"": ""ma20"", ""q100_trim_weight"": 0.5}",annual_net_eoy,490.25289190501724,0.2492996269903287,212.4755234868585,10.066784049635112,5.640073081607795
276.09279392000457,0.40981435565105495,0.41935534001298586,1.0297907834304674,-0.5279067864595433,0.7763006010957231,0.6159935379644588,0.0030172794606488735,95,0.7586227786752827,24760,20,6,3,1,20/6/3/1,bear_buf010bp_slope20,bear_filter,start_date_cv_fast_slice,2010-01-01 00:00:00,2026-06-01 15:00:00,24760,"{""average_type"": ""sma"", ""bear_filter_buffer"": 0.01, ""bear_filter_require_20gt50"": false, ""bear_filter_slope_days"": 20, ""entry_confirm_bars"": 2, ""exit_confirm_bars"": 3, ""long_ma_days"": 200.0, ""macd_fast_days"": 12.0, ""macd_signal_days"": 9.0, ""macd_slow_days"": 24.0, ""peak_stop_drawdown"": 0.4, ""profit_lock_scheme"": [[3.0, 0.75], [4.0, 0.5]], ""q100_activation_gain"": 1.1, ""q100_distance_quantile"": 1.0, ""q100_reentry_rule"": ""ma20"", ""q100_trim_weight"": 0.5}",annual_net_eoy,276.09279392000457,0.24021000808925347,212.471506450371,10.050046397603868,5.801292407108239
264.528170024637,0.4376691325669133,0.4126664178746748,1.0871449196285103,-0.48622991262562365,0.9001279460646838,0.6162680660701996,0.002869401214971874,87,0.753763764624914,23248,18,5,2,0,18/5/2/0,bear_buf010bp_slope20,bear_filter,start_date_cv_fast_slice,2011-01-01 00:00:00,2026-06-01 15:00:00,23248,"{""average_type"": ""sma"", ""bear_filter_buffer"": 0.01, ""bear_filter_require_20gt50"": false, ""bear_filter_slope_days"": 20, ""entry_confirm_bars"": 2, ""exit_confirm_bars"": 3, ""long_ma_days"": 200.0, ""macd_fast_days"": 12.0, ""macd_signal_days"": 9.0, ""macd_slow_days"": 24.0, ""peak_stop_drawdown"": 0.4, ""profit_lock_scheme"": [[3.0, 0.75], [4.0, 0.5]], ""q100_activation_gain"": 1.1, ""q100_distance_quantile"": 1.0, ""q100_reentry_rule"": ""ma20"", ""q100_trim_weight"": 0.5}",annual_net_eoy,264.528170024637,0.24499310909712302,212.43933184141767,10.041690701505361,5.658293186510668
333.69602303275445,0.5439325948559888,0.40968064981793517,1.266214579452506,-0.4574899957258255,1.188949703682632,0.6160992241933093,0.0024057519270833687,68,0.7504323763403666,20237,16,4,1,0,16/4/1/0,bear_buf010bp_slope20,bear_filter,start_date_cv_fast_slice,2013-01-01 00:00:00,2026-06-01 15:00:00,20237,"{""average_type"": ""sma"", ""bear_filter_buffer"": 0.01, ""bear_filter_require_20gt50"": false, ""bear_filter_slope_days"": 20, ""entry_confirm_bars"": 2, ""exit_confirm_bars"": 3, ""long_ma_days"": 200.0, ""macd_fast_days"": 12.0, ""macd_signal_days"": 9.0, ""macd_slow_days"": 24.0, ""peak_stop_drawdown"": 0.4, ""profit_lock_scheme"": [[3.0, 0.75], [4.0, 0.5]], ""q100_activation_gain"": 1.1, ""q100_distance_quantile"": 1.0, ""q100_reentry_rule"": ""ma20"", ""q100_trim_weight"": 0.5}",annual_net_eoy,333.69602303275445,0.24813621799276103,212.2664230330803,10.010633793052964,5.080594949844344
94.7828713060756,0.5516189463650638,0.41937033639968757,1.2585100875280373,-0.45748999572582627,1.20575083940338,0.6351420201248249,0.002654581586955475,58,0.7084288625652783,15702,13,3,1,0,13/3/1/0,bear_buf010bp_slope20,bear_filter,start_date_cv_fast_slice,2016-01-01 00:00:00,2026-06-01 15:00:00,15702,"{""average_type"": ""sma"", ""bear_filter_buffer"": 0.01, ""bear_filter_require_20gt50"": false, ""bear_filter_slope_days"": 20, ""entry_confirm_bars"": 2, ""exit_confirm_bars"": 3, ""long_ma_days"": 200.0, ""macd_fast_days"": 12.0, ""macd_signal_days"": 9.0, ""macd_slow_days"": 24.0, ""peak_stop_drawdown"": 0.4, ""profit_lock_scheme"": [[3.0, 0.75], [4.0, 0.5]], ""q100_activation_gain"": 1.1, ""q100_distance_quantile"": 1.0, ""q100_reentry_rule"": ""ma20"", ""q100_trim_weight"": 0.5}",annual_net_eoy,94.7828713060756,0.28992493810552566,210.91295212524835,9.943561937435828,5.585021016431028
38.52982572095239,0.5501078248578817,0.4433914135048256,1.2115829449743085,-0.4574899957258235,1.2024477693443696,0.6352885525070956,0.0025735364565918936,46,0.6877759381898455,12684,13,3,1,0,13/3/1/0,bear_buf010bp_slope20,bear_filter,start_date_cv_fast_slice,2018-01-01 00:00:00,2026-06-01 15:00:00,12684,"{""average_type"": ""sma"", ""bear_filter_buffer"": 0.01, ""bear_filter_require_20gt50"": false, ""bear_filter_slope_days"": 20, ""entry_confirm_bars"": 2, ""exit_confirm_bars"": 3, ""long_ma_days"": 200.0, ""macd_fast_days"": 12.0, ""macd_signal_days"": 9.0, ""macd_slow_days"": 24.0, ""peak_stop_drawdown"": 0.4, ""profit_lock_scheme"": [[3.0, 0.75], [4.0, 0.5]], ""q100_activation_gain"": 1.1, ""q100_distance_quantile"": 1.0, ""q100_reentry_rule"": ""ma20"", ""q100_trim_weight"": 0.5}",annual_net_eoy,38.52982572095239,0.31017060959701936,209.25247391573524,9.854675806164755,5.483443708609271
25.88056803718441,0.6733982456801697,0.4538281744994962,1.3626413092214056,-0.39461676793577727,1.7064613072644783,0.6410097248086075,0.00207907965597996,30,0.6746585971446306,9666,10,2,0,0,10/2/0/0,bear_buf010bp_slope20,bear_filter,start_date_cv_fast_slice,2020-01-01 00:00:00,2026-06-01 15:00:00,9666,"{""average_type"": ""sma"", ""bear_filter_buffer"": 0.01, ""bear_filter_require_20gt50"": false, ""bear_filter_slope_days"": 20, ""entry_confirm_bars"": 2, ""exit_confirm_bars"": 3, ""long_ma_days"": 200.0, ""macd_fast_days"": 12.0, ""macd_signal_days"": 9.0, ""macd_slow_days"": 24.0, ""peak_stop_drawdown"": 0.4, ""profit_lock_scheme"": [[3.0, 0.75], [4.0, 0.5]], ""q100_activation_gain"": 1.1, ""q100_distance_quantile"": 1.0, ""q100_reentry_rule"": ""ma20"", ""q100_trim_weight"": 0.5}",annual_net_eoy,25.88056803718441,0.32431706475752875,206.89489393675498,9.511835640712343,4.692737430167598
5.129848220620692,0.5115374919423841,0.4061736939467924,1.2213624983891131,-0.3070588107576556,1.6659267671889475,0.6713381555153707,0.0015761699610767393,14,0.6486588306208559,6636,6,1,0,0,6/1/0/0,bear_buf010bp_slope20,bear_filter,start_date_cv_fast_slice,2022-01-01 00:00:00,2026-06-01 15:00:00,6636,"{""average_type"": ""sma"", ""bear_filter_buffer"": 0.01, ""bear_filter_require_20gt50"": false, ""bear_filter_slope_days"": 20, ""entry_confirm_bars"": 2, ""exit_confirm_bars"": 3, ""long_ma_days"": 200.0, ""macd_fast_days"": 12.0, ""macd_signal_days"": 9.0, ""macd_slow_days"": 24.0, ""peak_stop_drawdown"": 0.4, ""profit_lock_scheme"": [[3.0, 0.75], [4.0, 0.5]], ""q100_activation_gain"": 1.1, ""q100_distance_quantile"": 1.0, ""q100_reentry_rule"": ""ma20"", ""q100_trim_weight"": 0.5}",annual_net_eoy,5.129848220620692,0.35223955039751914,191.10495090211668,8.259882905383726,3.1898734177215187
865.7726313937311,0.3205720101554417,0.40821477325772354,0.8860399387172819,-0.5279067864595435,0.6072511632316531,0.6532187907785993,0.002819373625643381,124,0.6885738364506307,36784,24,8,4,2,24/8/4/2,bear_buf010bp_slope20_20gt50,bear_filter,start_date_cv_fast_slice,2002-01-10 15:00:00,2026-06-01 15:00:00,36784,"{""average_type"": ""sma"", ""bear_filter_buffer"": 0.01, ""bear_filter_require_20gt50"": true, ""bear_filter_slope_days"": 20, ""entry_confirm_bars"": 2, ""exit_confirm_bars"": 3, ""long_ma_days"": 200.0, ""macd_fast_days"": 12.0, ""macd_signal_days"": 9.0, ""macd_slow_days"": 24.0, ""peak_stop_drawdown"": 0.4, ""profit_lock_scheme"": [[3.0, 0.75], [4.0, 0.5]], ""q100_activation_gain"": 1.1, ""q100_distance_quantile"": 1.0, ""q100_reentry_rule"": ""ma20"", ""q100_trim_weight"": 0.5}",annual_net_eoy,865.7726313937311,0.3106404904385036,274.7922261346308,12.993903251184792,5.096998695084819
1022.7240761212075,0.34545455957152704,0.4161188669470064,0.9219207626342439,-0.5279067864595431,0.6543855249301695,0.6392207939294411,0.0028231451227608054,120,0.7167591596353134,35318,23,8,4,2,23/8/4/2,bear_buf010bp_slope20_20gt50,bear_filter,start_date_cv_fast_slice,2003-01-01 00:00:00,2026-06-01 15:00:00,35318,"{""average_type"": ""sma"", ""bear_filter_buffer"": 0.01, ""bear_filter_require_20gt50"": true, ""bear_filter_slope_days"": 20, ""entry_confirm_bars"": 2, ""exit_confirm_bars"": 3, ""long_ma_days"": 200.0, ""macd_fast_days"": 12.0, ""macd_signal_days"": 9.0, ""macd_slow_days"": 24.0, ""peak_stop_drawdown"": 0.4, ""profit_lock_scheme"": [[3.0, 0.75], [4.0, 0.5]], ""q100_activation_gain"": 1.1, ""q100_distance_quantile"": 1.0, ""q100_reentry_rule"": ""ma20"", ""q100_trim_weight"": 0.5}",annual_net_eoy,1022.7240761212075,0.2824225550792773,274.7855692096758,12.967004493226622,5.13732374426638
418.8623747880751,0.3100857048247092,0.4080171642177054,0.8668720848011284,-0.5279067864595429,0.5873872296742546,0.6388264521471667,0.002919313836675326,119,0.7156482905477345,33812,22,8,4,2,22/8/4/2,bear_buf010bp_slope20_20gt50,bear_filter,start_date_cv_fast_slice,2004-01-01 00:00:00,2026-06-01 15:00:00,33812,"{""average_type"": ""sma"", ""bear_filter_buffer"": 0.01, ""bear_filter_require_20gt50"": true, ""bear_filter_slope_days"": 20, ""entry_confirm_bars"": 2, ""exit_confirm_bars"": 3, ""long_ma_days"": 200.0, ""macd_fast_days"": 12.0, ""macd_signal_days"": 9.0, ""macd_slow_days"": 24.0, ""peak_stop_drawdown"": 0.4, ""profit_lock_scheme"": [[3.0, 0.75], [4.0, 0.5]], ""q100_activation_gain"": 1.1, ""q100_distance_quantile"": 1.0, ""q100_reentry_rule"": ""ma20"", ""q100_trim_weight"": 0.5}",annual_net_eoy,418.8623747880751,0.2834969774130461,274.78394593442226,12.960240846336932,5.321424346385898
451.9724439388822,0.33138290288713024,0.40821455485448443,0.9061762508467818,-0.5279067864595433,0.6277299542019169,0.6367772687879163,0.0028695010352131393,113,0.7191562461309893,32308,24,10,4,1,24/10/4/1,bear_buf010bp_slope20_20gt50,bear_filter,start_date_cv_fast_slice,2005-01-01 00:00:00,2026-06-01 15:00:00,32308,"{""average_type"": ""sma"", ""bear_filter_buffer"": 0.01, ""bear_filter_require_20gt50"": true, ""bear_filter_slope_days"": 20, ""entry_confirm_bars"": 2, ""exit_confirm_bars"": 3, ""long_ma_days"": 200.0, ""macd_fast_days"": 12.0, ""macd_signal_days"": 9.0, ""macd_slow_days"": 24.0, ""peak_stop_drawdown"": 0.4, ""profit_lock_scheme"": [[3.0, 0.75], [4.0, 0.5]], ""q100_activation_gain"": 1.1, ""q100_distance_quantile"": 1.0, ""q100_reentry_rule"": ""ma20"", ""q100_trim_weight"": 0.5}",annual_net_eoy,451.9724439388822,0.27994923239723646,274.6184557952275,12.940947436106091,5.2883496347653836
594.9436663169107,0.39069376826989743,0.4161558586466002,1.0015951174381057,-0.5279067864595428,0.7400809731773339,0.6358547241944292,0.0027549098663867465,101,0.7226413162206444,29296,24,9,4,1,24/9/4/1,bear_buf010bp_slope20_20gt50,bear_filter,start_date_cv_fast_slice,2007-01-01 00:00:00,2026-06-01 15:00:00,29296,"{""average_type"": ""sma"", ""bear_filter_buffer"": 0.01, ""bear_filter_require_20gt50"": true, ""bear_filter_slope_days"": 20, ""entry_confirm_bars"": 2, ""exit_confirm_bars"": 3, ""long_ma_days"": 200.0, ""macd_fast_days"": 12.0, ""macd_signal_days"": 9.0, ""macd_slow_days"": 24.0, ""peak_stop_drawdown"": 0.4, ""profit_lock_scheme"": [[3.0, 0.75], [4.0, 0.5]], ""q100_activation_gain"": 1.1, ""q100_distance_quantile"": 1.0, ""q100_reentry_rule"": ""ma20"", ""q100_trim_weight"": 0.5}",annual_net_eoy,594.9436663169107,0.2763721941660949,274.61263051878063,12.916675450911107,5.212725286728563
548.9096477410918,0.43783352749660875,0.4197680270253475,1.076056510371144,-0.5279067864595437,0.8293765845159528,0.6239342265529841,0.002881693036147462,96,0.744994671132765,26272,22,7,3,1,22/7/3/1,bear_buf010bp_slope20_20gt50,bear_filter,start_date_cv_fast_slice,2009-01-01 00:00:00,2026-06-01 15:00:00,26272,"{""average_type"": ""sma"", ""bear_filter_buffer"": 0.01, ""bear_filter_require_20gt50"": true, ""bear_filter_slope_days"": 20, ""entry_confirm_bars"": 2, ""exit_confirm_bars"": 3, ""long_ma_days"": 200.0, ""macd_fast_days"": 12.0, ""macd_signal_days"": 9.0, ""macd_slow_days"": 24.0, ""peak_stop_drawdown"": 0.4, ""profit_lock_scheme"": [[3.0, 0.75], [4.0, 0.5]], ""q100_activation_gain"": 1.1, ""q100_distance_quantile"": 1.0, ""q100_reentry_rule"": ""ma20"", ""q100_trim_weight"": 0.5}",annual_net_eoy,548.9096477410918,0.25390529081493285,274.59478415733173,12.870602269474606,5.524969549330085
309.1783281218933,0.4195586243095877,0.4184610486478161,1.047555825682947,-0.5279067864595433,0.7947589140185093,0.618497576736672,0.00293650401638393,93,0.7537358642972536,24760,21,7,3,1,21/7/3/1,bear_buf010bp_slope20_20gt50,bear_filter,start_date_cv_fast_slice,2010-01-01 00:00:00,2026-06-01 15:00:00,24760,"{""average_type"": ""sma"", ""bear_filter_buffer"": 0.01, ""bear_filter_require_20gt50"": true, ""bear_filter_slope_days"": 20, ""entry_confirm_bars"": 2, ""exit_confirm_bars"": 3, ""long_ma_days"": 200.0, ""macd_fast_days"": 12.0, ""macd_signal_days"": 9.0, ""macd_slow_days"": 24.0, ""peak_stop_drawdown"": 0.4, ""profit_lock_scheme"": [[3.0, 0.75], [4.0, 0.5]], ""q100_activation_gain"": 1.1, ""q100_distance_quantile"": 1.0, ""q100_reentry_rule"": ""ma20"", ""q100_trim_weight"": 0.5}",annual_net_eoy,309.1783281218933,0.24509692246728254,274.5901457526901,12.85127558346794,5.679159935379644
296.2328608129885,0.44825456745484127,0.41169823273121225,1.1065503884993344,-0.4574899957258244,0.9798128301006216,0.6189349621472815,0.0027833723092595547,85,0.7485590158293186,23248,19,6,2,0,19/6/2/0,bear_buf010bp_slope20_20gt50,bear_filter,start_date_cv_fast_slice,2011-01-01 00:00:00,2026-06-01 15:00:00,23248,"{""average_type"": ""sma"", ""bear_filter_buffer"": 0.01, ""bear_filter_require_20gt50"": true, ""bear_filter_slope_days"": 20, ""entry_confirm_bars"": 2, ""exit_confirm_bars"": 3, ""long_ma_days"": 200.0, ""macd_fast_days"": 12.0, ""macd_signal_days"": 9.0, ""macd_slow_days"": 24.0, ""peak_stop_drawdown"": 0.4, ""profit_lock_scheme"": [[3.0, 0.75], [4.0, 0.5]], ""q100_activation_gain"": 1.1, ""q100_distance_quantile"": 1.0, ""q100_reentry_rule"": ""ma20"", ""q100_trim_weight"": 0.5}",annual_net_eoy,296.2328608129885,0.2501978578927183,274.5529942714986,12.841627401359627,5.528217481073641
337.6695315996077,0.5452946157844047,0.40903364907137485,1.2697178167106902,-0.4574899957258258,1.1919268637104805,0.6180758017492711,0.0024057519270833687,68,0.7460839057172506,20237,16,4,1,0,16/4/1/0,bear_buf010bp_slope20_20gt50,bear_filter,start_date_cv_fast_slice,2013-01-01 00:00:00,2026-06-01 15:00:00,20237,"{""average_type"": ""sma"", ""bear_filter_buffer"": 0.01, ""bear_filter_require_20gt50"": true, ""bear_filter_slope_days"": 20, ""entry_confirm_bars"": 2, ""exit_confirm_bars"": 3, ""long_ma_days"": 200.0, ""macd_fast_days"": 12.0, ""macd_signal_days"": 9.0, ""macd_slow_days"": 24.0, ""peak_stop_drawdown"": 0.4, ""profit_lock_scheme"": [[3.0, 0.75], [4.0, 0.5]], ""q100_activation_gain"": 1.1, ""q100_distance_quantile"": 1.0, ""q100_reentry_rule"": ""ma20"", ""q100_trim_weight"": 0.5}",annual_net_eoy,337.6695315996077,0.25248468861587703,274.2725485830324,12.802788587378632,5.080594949844344
95.92000480483716,0.553383305493953,0.4185555781469707,1.2628496031677128,-0.4574899957258247,1.209607446422932,0.6376894663100242,0.002654581586955475,58,0.7028244809578398,15702,13,3,1,0,13/3/1/0,bear_buf010bp_slope20_20gt50,bear_filter,start_date_cv_fast_slice,2016-01-01 00:00:00,2026-06-01 15:00:00,15702,"{""average_type"": ""sma"", ""bear_filter_buffer"": 0.01, ""bear_filter_require_20gt50"": true, ""bear_filter_slope_days"": 20, ""entry_confirm_bars"": 2, ""exit_confirm_bars"": 3, ""long_ma_days"": 200.0, ""macd_fast_days"": 12.0, ""macd_signal_days"": 9.0, ""macd_slow_days"": 24.0, ""peak_stop_drawdown"": 0.4, ""profit_lock_scheme"": [[3.0, 0.75], [4.0, 0.5]], ""q100_activation_gain"": 1.1, ""q100_distance_quantile"": 1.0, ""q100_reentry_rule"": ""ma20"", ""q100_trim_weight"": 0.5}",annual_net_eoy,95.92000480483716,0.29552931971296414,272.5436384275595,12.717111672084876,5.585021016431028
39.82823405821145,0.5560911685089789,0.44290686431358506,1.221118852470471,-0.4574899957258247,1.2155264021166623,0.6358404288867865,0.0025735364565918936,46,0.6865145064648376,12684,13,3,1,0,13/3/1/0,bear_buf010bp_slope20_20gt50,bear_filter,start_date_cv_fast_slice,2018-01-01 00:00:00,2026-06-01 15:00:00,12684,"{""average_type"": ""sma"", ""bear_filter_buffer"": 0.01, ""bear_filter_require_20gt50"": true, ""bear_filter_slope_days"": 20, ""entry_confirm_bars"": 2, ""exit_confirm_bars"": 3, ""long_ma_days"": 200.0, ""macd_fast_days"": 12.0, ""macd_signal_days"": 9.0, ""macd_slow_days"": 24.0, ""peak_stop_drawdown"": 0.4, ""profit_lock_scheme"": [[3.0, 0.75], [4.0, 0.5]], ""q100_activation_gain"": 1.1, ""q100_distance_quantile"": 1.0, ""q100_reentry_rule"": ""ma20"", ""q100_trim_weight"": 0.5}",annual_net_eoy,39.82823405821145,0.31143204132202723,270.51423166270877,12.592974301936902,5.483443708609271
26.763495118526286,0.6818793456730774,0.4532063025242374,1.375040161594589,-0.3946167679357775,1.7279532981833425,0.6417339126836333,0.0020790796559799606,30,0.673003310573143,9666,10,2,0,0,10/2/0/0,bear_buf010bp_slope20_20gt50,bear_filter,start_date_cv_fast_slice,2020-01-01 00:00:00,2026-06-01 15:00:00,9666,"{""average_type"": ""sma"", ""bear_filter_buffer"": 0.01, ""bear_filter_require_20gt50"": true, ""bear_filter_slope_days"": 20, ""entry_confirm_bars"": 2, ""exit_confirm_bars"": 3, ""long_ma_days"": 200.0, ""macd_fast_days"": 12.0, ""macd_signal_days"": 9.0, ""macd_slow_days"": 24.0, ""peak_stop_drawdown"": 0.4, ""profit_lock_scheme"": [[3.0, 0.75], [4.0, 0.5]], ""q100_activation_gain"": 1.1, ""q100_distance_quantile"": 1.0, ""q100_reentry_rule"": ""ma20"", ""q100_trim_weight"": 0.5}",annual_net_eoy,26.763495118526286,0.3259723513290164,267.5638390378617,12.163927099012461,4.692737430167598
5.3311910267329825,0.5227090557320351,0.40516240599991604,1.241566315182197,-0.28926220617910214,1.8070423462385885,0.6723930078360458,0.0015761699610767393,14,0.64624773960217,6636,6,0,0,0,6/0/0/0,bear_buf010bp_slope20_20gt50,bear_filter,start_date_cv_fast_slice,2022-01-01 00:00:00,2026-06-01 15:00:00,6636,"{""average_type"": ""sma"", ""bear_filter_buffer"": 0.01, ""bear_filter_require_20gt50"": true, ""bear_filter_slope_days"": 20, ""entry_confirm_bars"": 2, ""exit_confirm_bars"": 3, ""long_ma_days"": 200.0, ""macd_fast_days"": 12.0, ""macd_signal_days"": 9.0, ""macd_slow_days"": 24.0, ""peak_stop_drawdown"": 0.4, ""profit_lock_scheme"": [[3.0, 0.75], [4.0, 0.5]], ""q100_activation_gain"": 1.1, ""q100_distance_quantile"": 1.0, ""q100_reentry_rule"": ""ma20"", ""q100_trim_weight"": 0.5}",annual_net_eoy,5.3311910267329825,0.35465064141620506,247.80352045206234,10.597171294372338,3.1898734177215187
765.9361550288537,0.31394604423933137,0.40879788701285225,0.8730956037695388,-0.5279067864595436,0.5946997695271924,0.6519954327968682,0.00292811655735282,128,0.6906943236189648,36784,24,8,5,2,24/8/5/2,bear_buf010bp_slope30,bear_filter,start_date_cv_fast_slice,2002-01-10 15:00:00,2026-06-01 15:00:00,36784,"{""average_type"": ""sma"", ""bear_filter_buffer"": 0.01, ""bear_filter_require_20gt50"": false, ""bear_filter_slope_days"": 30, ""entry_confirm_bars"": 2, ""exit_confirm_bars"": 3, ""long_ma_days"": 200.0, ""macd_fast_days"": 12.0, ""macd_signal_days"": 9.0, ""macd_slow_days"": 24.0, ""peak_stop_drawdown"": 0.4, ""profit_lock_scheme"": [[3.0, 0.75], [4.0, 0.5]], ""q100_activation_gain"": 1.1, ""q100_distance_quantile"": 1.0, ""q100_reentry_rule"": ""ma20"", ""q100_trim_weight"": 0.5}",annual_net_eoy,765.9361550288537,0.30852000327016954,243.40317700933736,11.319443862943293,5.261418007829491
904.8096417839121,0.33842426219311195,0.4167148204014379,0.9086681066745956,-0.5279067864595435,0.6410682167258847,0.6379466560960417,0.002936401819062974,124,0.7189676652132058,35318,23,8,5,2,23/8/5/2,bear_buf010bp_slope30,bear_filter,start_date_cv_fast_slice,2003-01-01 00:00:00,2026-06-01 15:00:00,35318,"{""average_type"": ""sma"", ""bear_filter_buffer"": 0.01, ""bear_filter_require_20gt50"": false, ""bear_filter_slope_days"": 30, ""entry_confirm_bars"": 2, ""exit_confirm_bars"": 3, ""long_ma_days"": 200.0, ""macd_fast_days"": 12.0, ""macd_signal_days"": 9.0, ""macd_slow_days"": 24.0, ""peak_stop_drawdown"": 0.4, ""profit_lock_scheme"": [[3.0, 0.75], [4.0, 0.5]], ""q100_activation_gain"": 1.1, ""q100_distance_quantile"": 1.0, ""q100_reentry_rule"": ""ma20"", ""q100_trim_weight"": 0.5}",annual_net_eoy,904.8096417839121,0.280214049501385,243.39652008438233,11.292545104985125,5.308567869075259
405.3573958506621,0.30817175647505746,0.4083254369307119,0.8629503575692735,-0.527906786459543,0.5837616874407707,0.6377913166922986,0.0029784644340963597,121,0.7174819590677866,33812,22,8,5,2,22/8/5/2,bear_buf010bp_slope30,bear_filter,start_date_cv_fast_slice,2004-01-01 00:00:00,2026-06-01 15:00:00,33812,"{""average_type"": ""sma"", ""bear_filter_buffer"": 0.01, ""bear_filter_require_20gt50"": false, ""bear_filter_slope_days"": 30, ""entry_confirm_bars"": 2, ""exit_confirm_bars"": 3, ""long_ma_days"": 200.0, ""macd_fast_days"": 12.0, ""macd_signal_days"": 9.0, ""macd_slow_days"": 24.0, ""peak_stop_drawdown"": 0.4, ""profit_lock_scheme"": [[3.0, 0.75], [4.0, 0.5]], ""q100_activation_gain"": 1.1, ""q100_distance_quantile"": 1.0, ""q100_reentry_rule"": ""ma20"", ""q100_trim_weight"": 0.5}",annual_net_eoy,405.3573958506621,0.28166330889299407,243.39518064446924,11.286964105347193,5.410860049686502
432.2984978062514,0.32861901876705013,0.4086359805813186,0.9005909816003652,-0.5279067864595437,0.6224944008978637,0.635693945771945,0.0029314052075543554,115,0.7210752754735669,32308,23,9,4,1,23/9/4/1,bear_buf010bp_slope30,bear_filter,start_date_cv_fast_slice,2005-01-01 00:00:00,2026-06-01 15:00:00,32308,"{""average_type"": ""sma"", ""bear_filter_buffer"": 0.01, ""bear_filter_require_20gt50"": false, ""bear_filter_slope_days"": 30, ""entry_confirm_bars"": 2, ""exit_confirm_bars"": 3, ""long_ma_days"": 200.0, ""macd_fast_days"": 12.0, ""macd_signal_days"": 9.0, ""macd_slow_days"": 24.0, ""peak_stop_drawdown"": 0.4, ""profit_lock_scheme"": [[3.0, 0.75], [4.0, 0.5]], ""q100_activation_gain"": 1.1, ""q100_distance_quantile"": 1.0, ""q100_reentry_rule"": ""ma20"", ""q100_trim_weight"": 0.5}",annual_net_eoy,432.2984978062514,0.2780302030546588,243.26544950709211,11.2693255988244,5.381948743345301
562.260746074144,0.386651278403499,0.4166306965976076,0.9939550769224683,-0.5279067864595437,0.7324233904940151,0.6344210813762972,0.0028231785720120874,103,0.7251331239759694,29296,23,8,4,1,23/8/4/1,bear_buf010bp_slope30,bear_filter,start_date_cv_fast_slice,2007-01-01 00:00:00,2026-06-01 15:00:00,29296,"{""average_type"": ""sma"", ""bear_filter_buffer"": 0.01, ""bear_filter_require_20gt50"": false, ""bear_filter_slope_days"": 30, ""entry_confirm_bars"": 2, ""exit_confirm_bars"": 3, ""long_ma_days"": 200.0, ""macd_fast_days"": 12.0, ""macd_signal_days"": 9.0, ""macd_slow_days"": 24.0, ""peak_stop_drawdown"": 0.4, ""profit_lock_scheme"": [[3.0, 0.75], [4.0, 0.5]], ""q100_activation_gain"": 1.1, ""q100_distance_quantile"": 1.0, ""q100_reentry_rule"": ""ma20"", ""q100_trim_weight"": 0.5}",annual_net_eoy,562.260746074144,0.27388038641076995,243.2599625357489,11.246463218227682,5.31594756963408
519.9527433860584,0.4333641632334897,0.4202861273770758,1.0678556531919032,-0.5279067864595437,0.8209103848425345,0.6223355663824605,0.002957819710934307,98,0.7477732947624848,26272,21,6,3,1,21/6/3/1,bear_buf010bp_slope30,bear_filter,start_date_cv_fast_slice,2009-01-01 00:00:00,2026-06-01 15:00:00,26272,"{""average_type"": ""sma"", ""bear_filter_buffer"": 0.01, ""bear_filter_require_20gt50"": false, ""bear_filter_slope_days"": 30, ""entry_confirm_bars"": 2, ""exit_confirm_bars"": 3, ""long_ma_days"": 200.0, ""macd_fast_days"": 12.0, ""macd_signal_days"": 9.0, ""macd_slow_days"": 24.0, ""peak_stop_drawdown"": 0.4, ""profit_lock_scheme"": [[3.0, 0.75], [4.0, 0.5]], ""q100_activation_gain"": 1.1, ""q100_distance_quantile"": 1.0, ""q100_reentry_rule"": ""ma20"", ""q100_trim_weight"": 0.5}",annual_net_eoy,519.9527433860584,0.251126667185213,243.2389943760388,11.203429313704119,5.640073081607795
292.84509189422187,0.4148770522475991,0.41901241648261234,1.0388610416203339,-0.5279067864595433,0.7858907346692988,0.6168012924071082,0.0030172794606488735,95,0.756684168012924,24760,20,6,3,1,20/6/3/1,bear_buf010bp_slope30,bear_filter,start_date_cv_fast_slice,2010-01-01 00:00:00,2026-06-01 15:00:00,24760,"{""average_type"": ""sma"", ""bear_filter_buffer"": 0.01, ""bear_filter_require_20gt50"": false, ""bear_filter_slope_days"": 30, ""entry_confirm_bars"": 2, ""exit_confirm_bars"": 3, ""long_ma_days"": 200.0, ""macd_fast_days"": 12.0, ""macd_signal_days"": 9.0, ""macd_slow_days"": 24.0, ""peak_stop_drawdown"": 0.4, ""profit_lock_scheme"": [[3.0, 0.75], [4.0, 0.5]], ""q100_activation_gain"": 1.1, ""q100_distance_quantile"": 1.0, ""q100_reentry_rule"": ""ma20"", ""q100_trim_weight"": 0.5}",annual_net_eoy,292.84509189422187,0.24214861875161212,243.23466210455317,11.185378182513952,5.801292407108239
280.58130140302234,0.44316827059131625,0.41229515671124495,1.0970291934593353,-0.486229912625624,0.9114376945635113,0.6171283551273228,0.002869401214971874,87,0.7516990708878183,23248,18,5,2,0,18/5/2/0,bear_buf010bp_slope30,bear_filter,start_date_cv_fast_slice,2011-01-01 00:00:00,2026-06-01 15:00:00,23248,"{""average_type"": ""sma"", ""bear_filter_buffer"": 0.01, ""bear_filter_require_20gt50"": false, ""bear_filter_slope_days"": 30, ""entry_confirm_bars"": 2, ""exit_confirm_bars"": 3, ""long_ma_days"": 200.0, ""macd_fast_days"": 12.0, ""macd_signal_days"": 9.0, ""macd_slow_days"": 24.0, ""peak_stop_drawdown"": 0.4, ""profit_lock_scheme"": [[3.0, 0.75], [4.0, 0.5]], ""q100_activation_gain"": 1.1, ""q100_distance_quantile"": 1.0, ""q100_reentry_rule"": ""ma20"", ""q100_trim_weight"": 0.5}",annual_net_eoy,280.58130140302234,0.2470578028342187,243.1999626087024,11.176366777199888,5.658293186510668
353.93085999588726,0.5507187987427464,0.4092505296856475,1.2778517966874656,-0.4574899957258265,1.2037832605913243,0.6170875129712902,0.0024057519270833687,68,0.7480604832732124,20237,16,4,1,0,16/4/1/0,bear_buf010bp_slope30,bear_filter,start_date_cv_fast_slice,2013-01-01 00:00:00,2026-06-01 15:00:00,20237,"{""average_type"": ""sma"", ""bear_filter_buffer"": 0.01, ""bear_filter_require_20gt50"": false, ""bear_filter_slope_days"": 30, ""entry_confirm_bars"": 2, ""exit_confirm_bars"": 3, ""long_ma_days"": 200.0, ""macd_fast_days"": 12.0, ""macd_signal_days"": 9.0, ""macd_slow_days"": 24.0, ""peak_stop_drawdown"": 0.4, ""profit_lock_scheme"": [[3.0, 0.75], [4.0, 0.5]], ""q100_activation_gain"": 1.1, ""q100_distance_quantile"": 1.0, ""q100_reentry_rule"": ""ma20"", ""q100_trim_weight"": 0.5}",annual_net_eoy,353.93085999588726,0.2505081110599152,243.0134848651451,11.142872692857072,5.080594949844344
100.57365055459265,0.5604142348175254,0.4188286504604521,1.2731170965981158,-0.4574899957258244,1.2249759340166728,0.6364794293720545,0.002654581586955475,58,0.7053719271430391,15702,13,3,1,0,13/3/1/0,bear_buf010bp_slope30,bear_filter,start_date_cv_fast_slice,2016-01-01 00:00:00,2026-06-01 15:00:00,15702,"{""average_type"": ""sma"", ""bear_filter_buffer"": 0.01, ""bear_filter_require_20gt50"": false, ""bear_filter_slope_days"": 30, ""entry_confirm_bars"": 2, ""exit_confirm_bars"": 3, ""long_ma_days"": 200.0, ""macd_fast_days"": 12.0, ""macd_signal_days"": 9.0, ""macd_slow_days"": 24.0, ""peak_stop_drawdown"": 0.4, ""profit_lock_scheme"": [[3.0, 0.75], [4.0, 0.5]], ""q100_activation_gain"": 1.1, ""q100_distance_quantile"": 1.0, ""q100_reentry_rule"": ""ma20"", ""q100_trim_weight"": 0.5}",annual_net_eoy,100.57365055459265,0.29298187352776484,241.5538009815429,11.070537405765855,5.585021016431028
40.27510959516533,0.5581117316539983,0.44321357934947997,1.2235409155710808,-0.4574899957258246,1.2199430301607659,0.6359192683695994,0.0025735364565918936,46,0.6862779880163986,12684,13,3,1,0,13/3/1/0,bear_buf010bp_slope30,bear_filter,start_date_cv_fast_slice,2018-01-01 00:00:00,2026-06-01 15:00:00,12684,"{""average_type"": ""sma"", ""bear_filter_buffer"": 0.01, ""bear_filter_require_20gt50"": false, ""bear_filter_slope_days"": 30, ""entry_confirm_bars"": 2, ""exit_confirm_bars"": 3, ""long_ma_days"": 200.0, ""macd_fast_days"": 12.0, ""macd_signal_days"": 9.0, ""macd_slow_days"": 24.0, ""peak_stop_drawdown"": 0.4, ""profit_lock_scheme"": [[3.0, 0.75], [4.0, 0.5]], ""q100_activation_gain"": 1.1, ""q100_distance_quantile"": 1.0, ""q100_reentry_rule"": ""ma20"", ""q100_trim_weight"": 0.5}",annual_net_eoy,40.27510959516533,0.3116685597704662,239.70339550206793,10.96984368620166,5.483443708609271
27.06737372300188,0.6847456986515981,0.4535993728633496,1.3780376401442174,-0.3946167679357774,1.7352169352394022,0.6418373680943513,0.0020790796559799606,30,0.672692944340989,9666,10,2,0,0,10/2/0/0,bear_buf010bp_slope30,bear_filter,start_date_cv_fast_slice,2020-01-01 00:00:00,2026-06-01 15:00:00,9666,"{""average_type"": ""sma"", ""bear_filter_buffer"": 0.01, ""bear_filter_require_20gt50"": false, ""bear_filter_slope_days"": 30, ""entry_confirm_bars"": 2, ""exit_confirm_bars"": 3, ""long_ma_days"": 200.0, ""macd_fast_days"": 12.0, ""macd_signal_days"": 9.0, ""macd_slow_days"": 24.0, ""peak_stop_drawdown"": 0.4, ""profit_lock_scheme"": [[3.0, 0.75], [4.0, 0.5]], ""q100_activation_gain"": 1.1, ""q100_distance_quantile"": 1.0, ""q100_reentry_rule"": ""ma20"", ""q100_trim_weight"": 0.5}",annual_net_eoy,27.06737372300188,0.3262827175611704,237.1210984679975,10.594325082251311,4.692737430167598
5.40048754309948,0.5264905292966646,0.40580315648281656,1.2464263393611332,-0.30705881075765495,1.7146244004448885,0.6725437010247137,0.0015761699610767393,14,0.6457956600361664,6636,6,1,0,0,6/1/0/0,bear_buf010bp_slope30,bear_filter,start_date_cv_fast_slice,2022-01-01 00:00:00,2026-06-01 15:00:00,6636,"{""average_type"": ""sma"", ""bear_filter_buffer"": 0.01, ""bear_filter_require_20gt50"": false, ""bear_filter_slope_days"": 30, ""entry_confirm_bars"": 2, ""exit_confirm_bars"": 3, ""long_ma_days"": 200.0, ""macd_fast_days"": 12.0, ""macd_signal_days"": 9.0, ""macd_slow_days"": 24.0, ""peak_stop_drawdown"": 0.4, ""profit_lock_scheme"": [[3.0, 0.75], [4.0, 0.5]], ""q100_activation_gain"": 1.1, ""q100_distance_quantile"": 1.0, ""q100_reentry_rule"": ""ma20"", ""q100_trim_weight"": 0.5}",annual_net_eoy,5.40048754309948,0.35510272098220874,219.82610808378016,9.223040178214347,3.1898734177215187
959.4879930433176,0.3261566236497664,0.4073372062163306,0.897462668870009,-0.5279067864595443,0.6178299503159752,0.6545237059591127,0.002819373625643381,124,0.6858008916920401,36784,22,7,4,2,22/7/4/2,bear_buf010bp_slope30_20gt50,bear_filter,start_date_cv_fast_slice,2002-01-10 15:00:00,2026-06-01 15:00:00,36784,"{""average_type"": ""sma"", ""bear_filter_buffer"": 0.01, ""bear_filter_require_20gt50"": true, ""bear_filter_slope_days"": 30, ""entry_confirm_bars"": 2, ""exit_confirm_bars"": 3, ""long_ma_days"": 200.0, ""macd_fast_days"": 12.0, ""macd_signal_days"": 9.0, ""macd_slow_days"": 24.0, ""peak_stop_drawdown"": 0.4, ""profit_lock_scheme"": [[3.0, 0.75], [4.0, 0.5]], ""q100_activation_gain"": 1.1, ""q100_distance_quantile"": 1.0, ""q100_reentry_rule"": ""ma20"", ""q100_trim_weight"": 0.5}",annual_net_eoy,959.4879930433176,0.3134134351970943,304.79796016905505,14.014936440207977,5.096998695084819
1133.409010726081,0.3513810963541517,0.41522209069931576,0.9336324713692902,-0.5279067864595445,0.6656120083447334,0.6405798742850671,0.0028231451227608054,120,0.7138711138796081,35318,22,7,4,2,22/7/4/2,bear_buf010bp_slope30_20gt50,bear_filter,start_date_cv_fast_slice,2003-01-01 00:00:00,2026-06-01 15:00:00,35318,"{""average_type"": ""sma"", ""bear_filter_buffer"": 0.01, ""bear_filter_require_20gt50"": true, ""bear_filter_slope_days"": 30, ""entry_confirm_bars"": 2, ""exit_confirm_bars"": 3, ""long_ma_days"": 200.0, ""macd_fast_days"": 12.0, ""macd_signal_days"": 9.0, ""macd_slow_days"": 24.0, ""peak_stop_drawdown"": 0.4, ""profit_lock_scheme"": [[3.0, 0.75], [4.0, 0.5]], ""q100_activation_gain"": 1.1, ""q100_distance_quantile"": 1.0, ""q100_reentry_rule"": ""ma20"", ""q100_trim_weight"": 0.5}",annual_net_eoy,1133.409010726081,0.2853106008349826,304.79130324410005,13.988037682249807,5.13732374426638
429.8620543028554,0.31160162770972555,0.407726875293079,0.8700537824939563,-0.5279067864595439,0.5902588026941478,0.6398911629007453,0.0029193138366753256,119,0.7132526913521826,33812,21,7,4,2,21/7/4/2,bear_buf010bp_slope30_20gt50,bear_filter,start_date_cv_fast_slice,2004-01-01 00:00:00,2026-06-01 15:00:00,33812,"{""average_type"": ""sma"", ""bear_filter_buffer"": 0.01, ""bear_filter_require_20gt50"": true, ""bear_filter_slope_days"": 30, ""entry_confirm_bars"": 2, ""exit_confirm_bars"": 3, ""long_ma_days"": 200.0, ""macd_fast_days"": 12.0, ""macd_signal_days"": 9.0, ""macd_slow_days"": 24.0, ""peak_stop_drawdown"": 0.4, ""profit_lock_scheme"": [[3.0, 0.75], [4.0, 0.5]], ""q100_activation_gain"": 1.1, ""q100_distance_quantile"": 1.0, ""q100_reentry_rule"": ""ma20"", ""q100_trim_weight"": 0.5}",annual_net_eoy,429.8620543028554,0.285892576608598,304.7895919853302,13.980907437375606,5.321424346385898
468.2685613919287,0.3335869396857032,0.407821846676039,0.9107227936804192,-0.5279067864595444,0.6319050033869328,0.6378915438900582,0.0028695010352131393,113,0.71664912715117,32308,23,9,4,1,23/9/4/1,bear_buf010bp_slope30_20gt50,bear_filter,start_date_cv_fast_slice,2005-01-01 00:00:00,2026-06-01 15:00:00,32308,"{""average_type"": ""sma"", ""bear_filter_buffer"": 0.01, ""bear_filter_require_20gt50"": true, ""bear_filter_slope_days"": 30, ""entry_confirm_bars"": 2, ""exit_confirm_bars"": 3, ""long_ma_days"": 200.0, ""macd_fast_days"": 12.0, ""macd_signal_days"": 9.0, ""macd_slow_days"": 24.0, ""peak_stop_drawdown"": 0.4, ""profit_lock_scheme"": [[3.0, 0.75], [4.0, 0.5]], ""q100_activation_gain"": 1.1, ""q100_distance_quantile"": 1.0, ""q100_reentry_rule"": ""ma20"", ""q100_trim_weight"": 0.5}",annual_net_eoy,468.2685613919287,0.2824563513770557,304.590482960438,13.960073830780019,5.2883496347653836
609.0195623501876,0.3923703639138352,0.4157497585442943,1.0050767247633299,-0.5279067864595445,0.7432569043965189,0.6368446204259968,0.002754909866386746,101,0.7202519115237576,29296,23,8,4,1,23/8/4/1,bear_buf010bp_slope30_20gt50,bear_filter,start_date_cv_fast_slice,2007-01-01 00:00:00,2026-06-01 15:00:00,29296,"{""average_type"": ""sma"", ""bear_filter_buffer"": 0.01, ""bear_filter_require_20gt50"": true, ""bear_filter_slope_days"": 30, ""entry_confirm_bars"": 2, ""exit_confirm_bars"": 3, ""long_ma_days"": 200.0, ""macd_fast_days"": 12.0, ""macd_signal_days"": 9.0, ""macd_slow_days"": 24.0, ""peak_stop_drawdown"": 0.4, ""profit_lock_scheme"": [[3.0, 0.75], [4.0, 0.5]], ""q100_activation_gain"": 1.1, ""q100_distance_quantile"": 1.0, ""q100_reentry_rule"": ""ma20"", ""q100_trim_weight"": 0.5}",annual_net_eoy,609.0195623501876,0.27876159886298185,304.5841379674853,13.93363636014356,5.212725286728563
563.1993814418164,0.43995793660826576,0.4193120051207676,1.0803042919330597,-0.5279067864595446,0.8334007970590492,0.6250380633373934,0.002881693036147462,96,0.7423302375152253,26272,21,6,3,1,21/6/3/1,bear_buf010bp_slope30_20gt50,bear_filter,start_date_cv_fast_slice,2009-01-01 00:00:00,2026-06-01 15:00:00,26272,"{""average_type"": ""sma"", ""bear_filter_buffer"": 0.01, ""bear_filter_require_20gt50"": true, ""bear_filter_slope_days"": 30, ""entry_confirm_bars"": 2, ""exit_confirm_bars"": 3, ""long_ma_days"": 200.0, ""macd_fast_days"": 12.0, ""macd_signal_days"": 9.0, ""macd_slow_days"": 24.0, ""peak_stop_drawdown"": 0.4, ""profit_lock_scheme"": [[3.0, 0.75], [4.0, 0.5]], ""q100_activation_gain"": 1.1, ""q100_distance_quantile"": 1.0, ""q100_reentry_rule"": ""ma20"", ""q100_trim_weight"": 0.5}",annual_net_eoy,563.1993814418164,0.25656972443247245,304.55989092530643,13.883873056519032,5.524969549330085
317.23849896414856,0.42178421327585935,0.4179756788641114,1.0520481797743837,-0.5279067864595433,0.7989747889103587,0.6196688206785137,0.00293650401638393,93,0.7509087237479806,24760,20,6,3,1,20/6/3/1,bear_buf010bp_slope30_20gt50,bear_filter,start_date_cv_fast_slice,2010-01-01 00:00:00,2026-06-01 15:00:00,24760,"{""average_type"": ""sma"", ""bear_filter_buffer"": 0.01, ""bear_filter_require_20gt50"": true, ""bear_filter_slope_days"": 30, ""entry_confirm_bars"": 2, ""exit_confirm_bars"": 3, ""long_ma_days"": 200.0, ""macd_fast_days"": 12.0, ""macd_signal_days"": 9.0, ""macd_slow_days"": 24.0, ""peak_stop_drawdown"": 0.4, ""profit_lock_scheme"": [[3.0, 0.75], [4.0, 0.5]], ""q100_activation_gain"": 1.1, ""q100_distance_quantile"": 1.0, ""q100_reentry_rule"": ""ma20"", ""q100_trim_weight"": 0.5}",annual_net_eoy,317.23849896414856,0.24792406301655562,304.5548811976577,13.86299919131606,5.679159935379644
303.95663588325704,0.4506729428055545,0.4111727329356514,1.1115112899844457,-0.4574899957258237,0.985099012035326,0.6201823812801102,0.0027833723092595547,85,0.7455480041293875,23248,18,5,2,0,18/5/2/0,bear_buf010bp_slope30_20gt50,bear_filter,start_date_cv_fast_slice,2011-01-01 00:00:00,2026-06-01 15:00:00,23248,"{""average_type"": ""sma"", ""bear_filter_buffer"": 0.01, ""bear_filter_require_20gt50"": true, ""bear_filter_slope_days"": 30, ""entry_confirm_bars"": 2, ""exit_confirm_bars"": 3, ""long_ma_days"": 200.0, ""macd_fast_days"": 12.0, ""macd_signal_days"": 9.0, ""macd_slow_days"": 24.0, ""peak_stop_drawdown"": 0.4, ""profit_lock_scheme"": [[3.0, 0.75], [4.0, 0.5]], ""q100_activation_gain"": 1.1, ""q100_distance_quantile"": 1.0, ""q100_reentry_rule"": ""ma20"", ""q100_trim_weight"": 0.5}",annual_net_eoy,303.95663588325704,0.25320886959264954,304.51475559049385,13.852578633300418,5.528217481073641
358.13811271167066,0.5520847127791157,0.4086026812255113,1.2813762778015387,-0.4574899957258246,1.206768930330844,0.6190640905272521,0.0024057519270833687,68,0.7437120126500963,20237,16,4,1,0,16/4/1/0,bear_buf010bp_slope30_20gt50,bear_filter,start_date_cv_fast_slice,2013-01-01 00:00:00,2026-06-01 15:00:00,20237,"{""average_type"": ""sma"", ""bear_filter_buffer"": 0.01, ""bear_filter_require_20gt50"": true, ""bear_filter_slope_days"": 30, ""entry_confirm_bars"": 2, ""exit_confirm_bars"": 3, ""long_ma_days"": 200.0, ""macd_fast_days"": 12.0, ""macd_signal_days"": 9.0, ""macd_slow_days"": 24.0, ""peak_stop_drawdown"": 0.4, ""profit_lock_scheme"": [[3.0, 0.75], [4.0, 0.5]], ""q100_activation_gain"": 1.1, ""q100_distance_quantile"": 1.0, ""q100_reentry_rule"": ""ma20"", ""q100_trim_weight"": 0.5}",annual_net_eoy,358.13811271167066,0.2548565816830313,304.24171166102224,13.809996755872865,5.080594949844344
101.7776766490085,0.5621858794183769,0.41801262496681235,1.277490133170296,-0.4574899957258234,1.2288484659133365,0.6390268755572539,0.002654581586955475,58,0.6997675455356006,15702,13,3,1,0,13/3/1/0,bear_buf010bp_slope30_20gt50,bear_filter,start_date_cv_fast_slice,2016-01-01 00:00:00,2026-06-01 15:00:00,15702,"{""average_type"": ""sma"", ""bear_filter_buffer"": 0.01, ""bear_filter_require_20gt50"": true, ""bear_filter_slope_days"": 30, ""entry_confirm_bars"": 2, ""exit_confirm_bars"": 3, ""long_ma_days"": 200.0, ""macd_fast_days"": 12.0, ""macd_signal_days"": 9.0, ""macd_slow_days"": 24.0, ""peak_stop_drawdown"": 0.4, ""profit_lock_scheme"": [[3.0, 0.75], [4.0, 0.5]], ""q100_activation_gain"": 1.1, ""q100_distance_quantile"": 1.0, ""q100_reentry_rule"": ""ma20"", ""q100_trim_weight"": 0.5}",annual_net_eoy,101.7776766490085,0.2985862551352034,302.4350625711199,13.7204674529469,5.585021016431028
41.63143583370339,0.564128558279289,0.44272850355362914,1.2330986189024031,-0.45748999572582316,1.2330948513623345,0.6364711447492905,0.0025735364565918936,46,0.6850165562913907,12684,13,3,1,0,13/3/1/0,bear_buf010bp_slope30_20gt50,bear_filter,start_date_cv_fast_slice,2018-01-01 00:00:00,2026-06-01 15:00:00,12684,"{""average_type"": ""sma"", ""bear_filter_buffer"": 0.01, ""bear_filter_require_20gt50"": true, ""bear_filter_slope_days"": 30, ""entry_confirm_bars"": 2, ""exit_confirm_bars"": 3, ""long_ma_days"": 200.0, ""macd_fast_days"": 12.0, ""macd_signal_days"": 9.0, ""macd_slow_days"": 24.0, ""peak_stop_drawdown"": 0.4, ""profit_lock_scheme"": [[3.0, 0.75], [4.0, 0.5]], ""q100_activation_gain"": 1.1, ""q100_distance_quantile"": 1.0, ""q100_reentry_rule"": ""ma20"", ""q100_trim_weight"": 0.5}",annual_net_eoy,41.63143583370339,0.3129299914954741,300.24225703922565,13.584577206918986,5.483443708609271
27.989685397053176,0.6932879865500554,0.4529767497056562,1.3904705730746523,-0.3946167679357776,1.7568639826853112,0.6425615559693773,0.0020790796559799606,30,0.6710376577695013,9666,10,2,0,0,10/2/0/0,bear_buf010bp_slope30_20gt50,bear_filter,start_date_cv_fast_slice,2020-01-01 00:00:00,2026-06-01 15:00:00,9666,"{""average_type"": ""sma"", ""bear_filter_buffer"": 0.01, ""bear_filter_require_20gt50"": true, ""bear_filter_slope_days"": 30, ""entry_confirm_bars"": 2, ""exit_confirm_bars"": 3, ""long_ma_days"": 200.0, ""macd_fast_days"": 12.0, ""macd_signal_days"": 9.0, ""macd_slow_days"": 24.0, ""peak_stop_drawdown"": 0.4, ""profit_lock_scheme"": [[3.0, 0.75], [4.0, 0.5]], ""q100_activation_gain"": 1.1, ""q100_distance_quantile"": 1.0, ""q100_reentry_rule"": ""ma20"", ""q100_trim_weight"": 0.5}",annual_net_eoy,27.989685397053176,0.3279380041326581,297.1111551527659,13.12925119534227,4.692737430167598
5.61081161684006,0.5377774727569544,0.40479019635634367,1.2667236311479384,-0.28926220617910237,1.8591349345651431,0.6735985533453888,0.0015761699610767396,14,0.6433845690174804,6636,6,0,0,0,6/0/0/0,bear_buf010bp_slope30_20gt50,bear_filter,start_date_cv_fast_slice,2022-01-01 00:00:00,2026-06-01 15:00:00,6636,"{""average_type"": ""sma"", ""bear_filter_buffer"": 0.01, ""bear_filter_require_20gt50"": true, ""bear_filter_slope_days"": 30, ""entry_confirm_bars"": 2, ""exit_confirm_bars"": 3, ""long_ma_days"": 200.0, ""macd_fast_days"": 12.0, ""macd_signal_days"": 9.0, ""macd_slow_days"": 24.0, ""peak_stop_drawdown"": 0.4, ""profit_lock_scheme"": [[3.0, 0.75], [4.0, 0.5]], ""q100_activation_gain"": 1.1, ""q100_distance_quantile"": 1.0, ""q100_reentry_rule"": ""ma20"", ""q100_trim_weight"": 0.5}",annual_net_eoy,5.61081161684006,0.3575138120008946,276.1405323685362,11.466532811959418,3.1898734177215187
755.9604882139755,0.3132391146898954,0.4080211499488595,0.8726494535742353,-0.527906786459543,0.5933606513957952,0.6531916050456721,0.0028737450914981004,126,0.6883019791213572,36784,25,9,5,2,25/9/5/2,bear_buf010bp_slope40,bear_filter,start_date_cv_fast_slice,2002-01-10 15:00:00,2026-06-01 15:00:00,36784,"{""average_type"": ""sma"", ""bear_filter_buffer"": 0.01, ""bear_filter_require_20gt50"": false, ""bear_filter_slope_days"": 40, ""entry_confirm_bars"": 2, ""exit_confirm_bars"": 3, ""long_ma_days"": 200.0, ""macd_fast_days"": 12.0, ""macd_signal_days"": 9.0, ""macd_slow_days"": 24.0, ""peak_stop_drawdown"": 0.4, ""profit_lock_scheme"": [[3.0, 0.75], [4.0, 0.5]], ""q100_activation_gain"": 1.1, ""q100_distance_quantile"": 1.0, ""q100_reentry_rule"": ""ma20"", ""q100_trim_weight"": 0.5}",annual_net_eoy,755.9604882139755,0.3109123477677772,240.07009538372927,11.646243134744683,5.179208351457155
893.0276243045175,0.33767428094338925,0.41592124060993896,0.908247811600283,-0.5279067864595433,0.6396475468861345,0.6391924797553655,0.0028797734709118897,122,0.7164760178945581,35318,24,9,5,2,24/9/5/2,bear_buf010bp_slope40,bear_filter,start_date_cv_fast_slice,2003-01-01 00:00:00,2026-06-01 15:00:00,35318,"{""average_type"": ""sma"", ""bear_filter_buffer"": 0.01, ""bear_filter_require_20gt50"": false, ""bear_filter_slope_days"": 40, ""entry_confirm_bars"": 2, ""exit_confirm_bars"": 3, ""long_ma_days"": 200.0, ""macd_fast_days"": 12.0, ""macd_signal_days"": 9.0, ""macd_slow_days"": 24.0, ""peak_stop_drawdown"": 0.4, ""profit_lock_scheme"": [[3.0, 0.75], [4.0, 0.5]], ""q100_activation_gain"": 1.1, ""q100_distance_quantile"": 1.0, ""q100_reentry_rule"": ""ma20"", ""q100_trim_weight"": 0.5}",annual_net_eoy,893.0276243045175,0.2827056968200327,240.06343845877424,11.619344376786511,5.222945806670819
435.41426926803814,0.3123528213901847,0.4077200582810744,0.8714399260129757,-0.5279067864595439,0.5916817692096895,0.6387377262510351,0.0029193138366753256,119,0.7157074411451556,33812,23,9,5,2,23/9/5/2,bear_buf010bp_slope40,bear_filter,start_date_cv_fast_slice,2004-01-01 00:00:00,2026-06-01 15:00:00,33812,"{""average_type"": ""sma"", ""bear_filter_buffer"": 0.01, ""bear_filter_require_20gt50"": false, ""bear_filter_slope_days"": 40, ""entry_confirm_bars"": 2, ""exit_confirm_bars"": 3, ""long_ma_days"": 200.0, ""macd_fast_days"": 12.0, ""macd_signal_days"": 9.0, ""macd_slow_days"": 24.0, ""peak_stop_drawdown"": 0.4, ""profit_lock_scheme"": [[3.0, 0.75], [4.0, 0.5]], ""q100_activation_gain"": 1.1, ""q100_distance_quantile"": 1.0, ""q100_reentry_rule"": ""ma20"", ""q100_trim_weight"": 0.5}",annual_net_eoy,435.41426926803814,0.2834378268156251,240.0619996566194,11.613349367807915,5.321424346385898
441.49348472173114,0.3299253451635671,0.4083133955825781,0.9033749493645029,-0.5279067864595438,0.624968940778811,0.6360963228921629,0.0029314052075543554,115,0.7200848087161075,32308,23,9,4,1,23/9/4/1,bear_buf010bp_slope40,bear_filter,start_date_cv_fast_slice,2005-01-01 00:00:00,2026-06-01 15:00:00,32308,"{""average_type"": ""sma"", ""bear_filter_buffer"": 0.01, ""bear_filter_require_20gt50"": false, ""bear_filter_slope_days"": 40, ""entry_confirm_bars"": 2, ""exit_confirm_bars"": 3, ""long_ma_days"": 200.0, ""macd_fast_days"": 12.0, ""macd_signal_days"": 9.0, ""macd_slow_days"": 24.0, ""peak_stop_drawdown"": 0.4, ""profit_lock_scheme"": [[3.0, 0.75], [4.0, 0.5]], ""q100_activation_gain"": 1.1, ""q100_distance_quantile"": 1.0, ""q100_reentry_rule"": ""ma20"", ""q100_trim_weight"": 0.5}",annual_net_eoy,441.49348472173114,0.27902066981211826,239.94798460591187,11.596248431379596,5.381948743345301
523.6987857914273,0.3815851698627606,0.4158629265838653,0.9862093182182082,-0.5279067864595431,0.7228267937639099,0.6358547241944292,0.002823178572012088,103,0.7219244948115784,29296,23,8,4,1,23/8/4/1,bear_buf010bp_slope40,bear_filter,start_date_cv_fast_slice,2007-01-01 00:00:00,2026-06-01 15:00:00,29296,"{""average_type"": ""sma"", ""bear_filter_buffer"": 0.01, ""bear_filter_require_20gt50"": false, ""bear_filter_slope_days"": 40, ""entry_confirm_bars"": 2, ""exit_confirm_bars"": 3, ""long_ma_days"": 200.0, ""macd_fast_days"": 12.0, ""macd_signal_days"": 9.0, ""macd_slow_days"": 24.0, ""peak_stop_drawdown"": 0.4, ""profit_lock_scheme"": [[3.0, 0.75], [4.0, 0.5]], ""q100_activation_gain"": 1.1, ""q100_distance_quantile"": 1.0, ""q100_reentry_rule"": ""ma20"", ""q100_trim_weight"": 0.5}",annual_net_eoy,523.6987857914273,0.27708901557516097,239.94272561119436,11.57433595338998,5.31594756963408
484.63555173767577,0.4275847896985865,0.41960485456285895,1.0592648112282854,-0.5279067864595441,0.8099626689140019,0.6234013398294762,0.002957819710934307,98,0.7452611144945189,26272,21,6,3,1,21/6/3/1,bear_buf010bp_slope40,bear_filter,start_date_cv_fast_slice,2009-01-01 00:00:00,2026-06-01 15:00:00,26272,"{""average_type"": ""sma"", ""bear_filter_buffer"": 0.01, ""bear_filter_require_20gt50"": false, ""bear_filter_slope_days"": 40, ""entry_confirm_bars"": 2, ""exit_confirm_bars"": 3, ""long_ma_days"": 200.0, ""macd_fast_days"": 12.0, ""macd_signal_days"": 9.0, ""macd_slow_days"": 24.0, ""peak_stop_drawdown"": 0.4, ""profit_lock_scheme"": [[3.0, 0.75], [4.0, 0.5]], ""q100_activation_gain"": 1.1, ""q100_distance_quantile"": 1.0, ""q100_reentry_rule"": ""ma20"", ""q100_trim_weight"": 0.5}",annual_net_eoy,484.63555173767577,0.2536388474531789,239.88670461552363,11.528134863956472,5.640073081607795
272.92431490029753,0.40882459286551653,0.41828720460818386,1.0296725691419326,-0.527906786459543,0.7744257193724245,0.6179321486268174,0.0030172794606488735,95,0.7540185783521809,24760,20,6,3,1,20/6/3/1,bear_buf010bp_slope40,bear_filter,start_date_cv_fast_slice,2010-01-01 00:00:00,2026-06-01 15:00:00,24760,"{""average_type"": ""sma"", ""bear_filter_buffer"": 0.01, ""bear_filter_require_20gt50"": false, ""bear_filter_slope_days"": 40, ""entry_confirm_bars"": 2, ""exit_confirm_bars"": 3, ""long_ma_days"": 200.0, ""macd_fast_days"": 12.0, ""macd_signal_days"": 9.0, ""macd_slow_days"": 24.0, ""peak_stop_drawdown"": 0.4, ""profit_lock_scheme"": [[3.0, 0.75], [4.0, 0.5]], ""q100_activation_gain"": 1.1, ""q100_distance_quantile"": 1.0, ""q100_reentry_rule"": ""ma20"", ""q100_trim_weight"": 0.5}",annual_net_eoy,272.92431490029753,0.24481420841235524,239.8821177340268,11.509022857719618,5.801292407108239
262.0419166982631,0.4367897693754277,0.41150714338791133,1.0875605029516016,-0.4862299126256241,0.8983194123470902,0.6183327598072953,0.002869401214971874,87,0.7488601169993118,23248,18,5,2,0,18/5/2/0,bear_buf010bp_slope40,bear_filter,start_date_cv_fast_slice,2011-01-01 00:00:00,2026-06-01 15:00:00,23248,"{""average_type"": ""sma"", ""bear_filter_buffer"": 0.01, ""bear_filter_require_20gt50"": false, ""bear_filter_slope_days"": 40, ""entry_confirm_bars"": 2, ""exit_confirm_bars"": 3, ""long_ma_days"": 200.0, ""macd_fast_days"": 12.0, ""macd_signal_days"": 9.0, ""macd_slow_days"": 24.0, ""peak_stop_drawdown"": 0.4, ""profit_lock_scheme"": [[3.0, 0.75], [4.0, 0.5]], ""q100_activation_gain"": 1.1, ""q100_distance_quantile"": 1.0, ""q100_reentry_rule"": ""ma20"", ""q100_trim_weight"": 0.5}",annual_net_eoy,262.0419166982631,0.2498967567227252,239.83906925896355,11.49948184708982,5.658293186510668
330.5621216447638,0.5428477756386472,0.4083390134931146,1.2673103465845514,-0.455464456947395,1.1918554068453793,0.6184711172604636,0.0024057519270833687,68,0.7447991303058754,20237,16,4,1,0,16/4/1/0,bear_buf010bp_slope40,bear_filter,start_date_cv_fast_slice,2013-01-01 00:00:00,2026-06-01 15:00:00,20237,"{""average_type"": ""sma"", ""bear_filter_buffer"": 0.01, ""bear_filter_require_20gt50"": false, ""bear_filter_slope_days"": 40, ""entry_confirm_bars"": 2, ""exit_confirm_bars"": 3, ""long_ma_days"": 200.0, ""macd_fast_days"": 12.0, ""macd_signal_days"": 9.0, ""macd_slow_days"": 24.0, ""peak_stop_drawdown"": 0.4, ""profit_lock_scheme"": [[3.0, 0.75], [4.0, 0.5]], ""q100_activation_gain"": 1.1, ""q100_distance_quantile"": 1.0, ""q100_reentry_rule"": ""ma20"", ""q100_trim_weight"": 0.5}",annual_net_eoy,330.5621216447638,0.25376946402725226,239.64204493056434,11.464093444446679,5.080594949844344
93.88601549460996,0.5502139953223839,0.4176805490741843,1.2597403271305176,-0.45546445694739723,1.208028391523709,0.6381989555470641,0.0026545815869554756,58,0.7011686409374602,15702,13,3,1,0,13/3/1/0,bear_buf010bp_slope40,bear_filter,start_date_cv_fast_slice,2016-01-01 00:00:00,2026-06-01 15:00:00,15702,"{""average_type"": ""sma"", ""bear_filter_buffer"": 0.01, ""bear_filter_require_20gt50"": false, ""bear_filter_slope_days"": 40, ""entry_confirm_bars"": 2, ""exit_confirm_bars"": 3, ""long_ma_days"": 200.0, ""macd_fast_days"": 12.0, ""macd_signal_days"": 9.0, ""macd_slow_days"": 24.0, ""peak_stop_drawdown"": 0.4, ""profit_lock_scheme"": [[3.0, 0.75], [4.0, 0.5]], ""q100_activation_gain"": 1.1, ""q100_distance_quantile"": 1.0, ""q100_reentry_rule"": ""ma20"", ""q100_trim_weight"": 0.5}",annual_net_eoy,93.88601549460996,0.2971851597333438,238.0998059944014,11.387667104837249,5.585021016431028
39.04393988341479,0.5524973834806162,0.4422172625080988,1.217118955235512,-0.4554644569473949,1.2130417095190116,0.6370230211289813,0.0025735364565918936,46,0.6835974456007569,12684,13,3,1,0,13/3/1/0,bear_buf010bp_slope40,bear_filter,start_date_cv_fast_slice,2018-01-01 00:00:00,2026-06-01 15:00:00,12684,"{""average_type"": ""sma"", ""bear_filter_buffer"": 0.01, ""bear_filter_require_20gt50"": false, ""bear_filter_slope_days"": 40, ""entry_confirm_bars"": 2, ""exit_confirm_bars"": 3, ""long_ma_days"": 200.0, ""macd_fast_days"": 12.0, ""macd_signal_days"": 9.0, ""macd_slow_days"": 24.0, ""peak_stop_drawdown"": 0.4, ""profit_lock_scheme"": [[3.0, 0.75], [4.0, 0.5]], ""q100_activation_gain"": 1.1, ""q100_distance_quantile"": 1.0, ""q100_reentry_rule"": ""ma20"", ""q100_trim_weight"": 0.5}",annual_net_eoy,39.04393988341479,0.314349102186108,236.29673414199607,11.278523853837088,5.483443708609271
26.130721326205574,0.6758247091714291,0.4525593152810222,1.3684085513325668,-0.3946167679357777,1.7126102185333818,0.6423546451479413,0.00207907965597996,30,0.6712445685909373,9666,10,2,0,0,10/2/0/0,bear_buf010bp_slope40,bear_filter,start_date_cv_fast_slice,2020-01-01 00:00:00,2026-06-01 15:00:00,9666,"{""average_type"": ""sma"", ""bear_filter_buffer"": 0.01, ""bear_filter_require_20gt50"": false, ""bear_filter_slope_days"": 40, ""entry_confirm_bars"": 2, ""exit_confirm_bars"": 3, ""long_ma_days"": 200.0, ""macd_fast_days"": 12.0, ""macd_signal_days"": 9.0, ""macd_slow_days"": 24.0, ""peak_stop_drawdown"": 0.4, ""profit_lock_scheme"": [[3.0, 0.75], [4.0, 0.5]], ""q100_activation_gain"": 1.1, ""q100_distance_quantile"": 1.0, ""q100_reentry_rule"": ""ma20"", ""q100_trim_weight"": 0.5}",annual_net_eoy,26.130721326205574,0.3277310933112221,233.66758618896037,10.887835840547234,4.692737430167598
5.188173238144547,0.5148024689330475,0.4040954920267355,1.230923864094649,-0.30705881075765673,1.6765598344590427,0.6732971669680531,0.0015761699610767393,14,0.6436859553948161,6636,6,1,0,0,6/1/0/0,bear_buf010bp_slope40,bear_filter,start_date_cv_fast_slice,2022-01-01 00:00:00,2026-06-01 15:00:00,6636,"{""average_type"": ""sma"", ""bear_filter_buffer"": 0.01, ""bear_filter_require_20gt50"": false, ""bear_filter_slope_days"": 40, ""entry_confirm_bars"": 2, ""exit_confirm_bars"": 3, ""long_ma_days"": 200.0, ""macd_fast_days"": 12.0, ""macd_signal_days"": 9.0, ""macd_slow_days"": 24.0, ""peak_stop_drawdown"": 0.4, ""profit_lock_scheme"": [[3.0, 0.75], [4.0, 0.5]], ""q100_activation_gain"": 1.1, ""q100_distance_quantile"": 1.0, ""q100_reentry_rule"": ""ma20"", ""q100_trim_weight"": 0.5}",annual_net_eoy,5.188173238144547,0.3572124256235589,215.99221974990922,9.487901104871971,3.1898734177215187
770.3892208539927,0.3142587703658182,0.4063433788928135,0.8764680497787307,-0.5279067864595444,0.5952921584384692,0.6562364071335364,0.002819373625643381,124,0.6821580034797738,36784,22,7,4,2,22/7/4/2,bear_buf010bp_slope40_20gt50,bear_filter,start_date_cv_fast_slice,2002-01-10 15:00:00,2026-06-01 15:00:00,36784,"{""average_type"": ""sma"", ""bear_filter_buffer"": 0.01, ""bear_filter_require_20gt50"": true, ""bear_filter_slope_days"": 40, ""entry_confirm_bars"": 2, ""exit_confirm_bars"": 3, ""long_ma_days"": 200.0, ""macd_fast_days"": 12.0, ""macd_signal_days"": 9.0, ""macd_slow_days"": 24.0, ""peak_stop_drawdown"": 0.4, ""profit_lock_scheme"": [[3.0, 0.75], [4.0, 0.5]], ""q100_activation_gain"": 1.1, ""q100_distance_quantile"": 1.0, ""q100_reentry_rule"": ""ma20"", ""q100_trim_weight"": 0.5}",annual_net_eoy,770.3892208539927,0.31705632340936046,244.56052452088022,11.756154084496401,5.096998695084819
910.0690495370634,0.3387560385479189,0.41420700700260893,0.9122268329091868,-0.5279067864595435,0.6416966919857541,0.6423636672518263,0.0028231451227608054,120,0.7100770145534855,35318,22,7,4,2,22/7/4/2,bear_buf010bp_slope40_20gt50,bear_filter,start_date_cv_fast_slice,2003-01-01 00:00:00,2026-06-01 15:00:00,35318,"{""average_type"": ""sma"", ""bear_filter_buffer"": 0.01, ""bear_filter_require_20gt50"": true, ""bear_filter_slope_days"": 40, ""entry_confirm_bars"": 2, ""exit_confirm_bars"": 3, ""long_ma_days"": 200.0, ""macd_fast_days"": 12.0, ""macd_signal_days"": 9.0, ""macd_slow_days"": 24.0, ""peak_stop_drawdown"": 0.4, ""profit_lock_scheme"": [[3.0, 0.75], [4.0, 0.5]], ""q100_activation_gain"": 1.1, ""q100_distance_quantile"": 1.0, ""q100_reentry_rule"": ""ma20"", ""q100_trim_weight"": 0.5}",annual_net_eoy,910.0690495370634,0.2891047001611053,244.5538675959252,11.729255326538231,5.13732374426638
375.5292906207885,0.3037195771389227,0.4068876484582101,0.8561776081500518,-0.5279067864595448,0.5753280407244731,0.6413995031349816,0.0029193138366753256,119,0.7101177096888679,33812,21,7,4,2,21/7/4/2,bear_buf010bp_slope40_20gt50,bear_filter,start_date_cv_fast_slice,2004-01-01 00:00:00,2026-06-01 15:00:00,33812,"{""average_type"": ""sma"", ""bear_filter_buffer"": 0.01, ""bear_filter_require_20gt50"": true, ""bear_filter_slope_days"": 40, ""entry_confirm_bars"": 2, ""exit_confirm_bars"": 3, ""long_ma_days"": 200.0, ""macd_fast_days"": 12.0, ""macd_signal_days"": 9.0, ""macd_slow_days"": 24.0, ""peak_stop_drawdown"": 0.4, ""profit_lock_scheme"": [[3.0, 0.75], [4.0, 0.5]], ""q100_activation_gain"": 1.1, ""q100_distance_quantile"": 1.0, ""q100_reentry_rule"": ""ma20"", ""q100_trim_weight"": 0.5}",annual_net_eoy,375.5292906207885,0.2890275582719128,244.55203896959856,11.721636050177239,5.321424346385898
389.24161266462147,0.3221272500204122,0.40725948113251675,0.8902117079565778,-0.5279067864595438,0.6101972133769841,0.6388820106475176,0.0029314052075543554,115,0.7142348644298626,32308,23,9,4,1,23/9/4/1,bear_buf010bp_slope40_20gt50,bear_filter,start_date_cv_fast_slice,2005-01-01 00:00:00,2026-06-01 15:00:00,32308,"{""average_type"": ""sma"", ""bear_filter_buffer"": 0.01, ""bear_filter_require_20gt50"": true, ""bear_filter_slope_days"": 40, ""entry_confirm_bars"": 2, ""exit_confirm_bars"": 3, ""long_ma_days"": 200.0, ""macd_fast_days"": 12.0, ""macd_signal_days"": 9.0, ""macd_slow_days"": 24.0, ""peak_stop_drawdown"": 0.4, ""profit_lock_scheme"": [[3.0, 0.75], [4.0, 0.5]], ""q100_activation_gain"": 1.1, ""q100_distance_quantile"": 1.0, ""q100_reentry_rule"": ""ma20"", ""q100_trim_weight"": 0.5}",annual_net_eoy,389.24161266462147,0.2848706140983631,244.37149398690804,11.701437489485182,5.381948743345301
530.7454364523256,0.38253674536245175,0.41522140362540005,0.9887412015371064,-0.5279067864595439,0.7246293383117313,0.6376979792463134,0.002823178572012088,103,0.7179649098853086,29296,23,8,4,1,23/8/4/1,bear_buf010bp_slope40_20gt50,bear_filter,start_date_cv_fast_slice,2007-01-01 00:00:00,2026-06-01 15:00:00,29296,"{""average_type"": ""sma"", ""bear_filter_buffer"": 0.01, ""bear_filter_require_20gt50"": true, ""bear_filter_slope_days"": 40, ""entry_confirm_bars"": 2, ""exit_confirm_bars"": 3, ""long_ma_days"": 200.0, ""macd_fast_days"": 12.0, ""macd_signal_days"": 9.0, ""macd_slow_days"": 24.0, ""peak_stop_drawdown"": 0.4, ""profit_lock_scheme"": [[3.0, 0.75], [4.0, 0.5]], ""q100_activation_gain"": 1.1, ""q100_distance_quantile"": 1.0, ""q100_reentry_rule"": ""ma20"", ""q100_trim_weight"": 0.5}",annual_net_eoy,530.7454364523256,0.28104860050143077,244.3654578975377,11.676287117108803,5.31594756963408
479.9619583813028,0.4267905010567885,0.41898557054907054,1.05887548416662,-0.5279067864595444,0.8084580687418292,0.6254567600487211,0.002957819710934307,98,0.7408457673568819,26272,21,6,3,1,21/6/3/1,bear_buf010bp_slope40_20gt50,bear_filter,start_date_cv_fast_slice,2009-01-01 00:00:00,2026-06-01 15:00:00,26272,"{""average_type"": ""sma"", ""bear_filter_buffer"": 0.01, ""bear_filter_require_20gt50"": true, ""bear_filter_slope_days"": 40, ""entry_confirm_bars"": 2, ""exit_confirm_bars"": 3, ""long_ma_days"": 200.0, ""macd_fast_days"": 12.0, ""macd_signal_days"": 9.0, ""macd_slow_days"": 24.0, ""peak_stop_drawdown"": 0.4, ""profit_lock_scheme"": [[3.0, 0.75], [4.0, 0.5]], ""q100_activation_gain"": 1.1, ""q100_distance_quantile"": 1.0, ""q100_reentry_rule"": ""ma20"", ""q100_trim_weight"": 0.5}",annual_net_eoy,479.9619583813028,0.2580541945908159,244.35405244639247,11.62876440400354,5.640073081607795
270.2881593435567,0.4079928894591198,0.41762798130463785,1.0292167953562432,-0.5279067864595436,0.7728502453915442,0.6201130856219709,0.0030172794606488735,95,0.7493336025848142,24760,20,6,3,1,20/6/3/1,bear_buf010bp_slope40_20gt50,bear_filter,start_date_cv_fast_slice,2010-01-01 00:00:00,2026-06-01 15:00:00,24760,"{""average_type"": ""sma"", ""bear_filter_buffer"": 0.01, ""bear_filter_require_20gt50"": true, ""bear_filter_slope_days"": 40, ""entry_confirm_bars"": 2, ""exit_confirm_bars"": 3, ""long_ma_days"": 200.0, ""macd_fast_days"": 12.0, ""macd_signal_days"": 9.0, ""macd_slow_days"": 24.0, ""peak_stop_drawdown"": 0.4, ""profit_lock_scheme"": [[3.0, 0.75], [4.0, 0.5]], ""q100_activation_gain"": 1.1, ""q100_distance_quantile"": 1.0, ""q100_reentry_rule"": ""ma20"", ""q100_trim_weight"": 0.5}",annual_net_eoy,270.2881593435567,0.24949918417972197,244.34933271133218,11.609098841252289,5.801292407108239
258.9110074829165,0.43567127607225364,0.4107968442152551,1.0868262401282573,-0.49292698080263964,0.8838454640134412,0.6206555402615279,0.002869401214971874,87,0.7438704404679972,23248,18,5,2,0,18/5/2/0,bear_buf010bp_slope40_20gt50,bear_filter,start_date_cv_fast_slice,2011-01-01 00:00:00,2026-06-01 15:00:00,23248,"{""average_type"": ""sma"", ""bear_filter_buffer"": 0.01, ""bear_filter_require_20gt50"": true, ""bear_filter_slope_days"": 40, ""entry_confirm_bars"": 2, ""exit_confirm_bars"": 3, ""long_ma_days"": 200.0, ""macd_fast_days"": 12.0, ""macd_signal_days"": 9.0, ""macd_slow_days"": 24.0, ""peak_stop_drawdown"": 0.4, ""profit_lock_scheme"": [[3.0, 0.75], [4.0, 0.5]], ""q100_activation_gain"": 1.1, ""q100_distance_quantile"": 1.0, ""q100_reentry_rule"": ""ma20"", ""q100_trim_weight"": 0.5}",annual_net_eoy,258.9110074829165,0.25488643325403976,244.31218435230693,11.599281486604879,5.658293186510668
334.51349285206794,0.5442140213126359,0.4076898051148178,1.270841962068543,-0.45546445694739646,1.1948550825679236,0.6204476948164254,0.0024057519270833687,68,0.7404506596827592,20237,16,4,1,0,16/4/1/0,bear_buf010bp_slope40_20gt50,bear_filter,start_date_cv_fast_slice,2013-01-01 00:00:00,2026-06-01 15:00:00,20237,"{""average_type"": ""sma"", ""bear_filter_buffer"": 0.01, ""bear_filter_require_20gt50"": true, ""bear_filter_slope_days"": 40, ""entry_confirm_bars"": 2, ""exit_confirm_bars"": 3, ""long_ma_days"": 200.0, ""macd_fast_days"": 12.0, ""macd_signal_days"": 9.0, ""macd_slow_days"": 24.0, ""peak_stop_drawdown"": 0.4, ""profit_lock_scheme"": [[3.0, 0.75], [4.0, 0.5]], ""q100_activation_gain"": 1.1, ""q100_distance_quantile"": 1.0, ""q100_reentry_rule"": ""ma20"", ""q100_trim_weight"": 0.5}",annual_net_eoy,334.51349285206794,0.2581179346503683,244.12740952716524,11.561882429814485,5.080594949844344
95.01681375268912,0.5519834687898244,0.41686238962696953,1.2641205242001872,-0.45546445694739635,1.2119133784649534,0.6407464017322634,0.0026545815869554756,58,0.6955642593300216,15702,13,3,1,0,13/3/1/0,bear_buf010bp_slope40_20gt50,bear_filter,start_date_cv_fast_slice,2016-01-01 00:00:00,2026-06-01 15:00:00,15702,"{""average_type"": ""sma"", ""bear_filter_buffer"": 0.01, ""bear_filter_require_20gt50"": true, ""bear_filter_slope_days"": 40, ""entry_confirm_bars"": 2, ""exit_confirm_bars"": 3, ""long_ma_days"": 200.0, ""macd_fast_days"": 12.0, ""macd_signal_days"": 9.0, ""macd_slow_days"": 24.0, ""peak_stop_drawdown"": 0.4, ""profit_lock_scheme"": [[3.0, 0.75], [4.0, 0.5]], ""q100_activation_gain"": 1.1, ""q100_distance_quantile"": 1.0, ""q100_reentry_rule"": ""ma20"", ""q100_trim_weight"": 0.5}",annual_net_eoy,95.01681375268912,0.30278954134078234,242.57428263976774,11.484916532916495,5.585021016431028
40.35936270553969,0.5584905245029153,0.4417313566188563,1.2266908157527392,-0.45546445694739557,1.2262000162340194,0.6375748975086724,0.0025735364565918936,46,0.6823360138757489,12684,13,3,1,0,13/3/1/0,bear_buf010bp_slope40_20gt50,bear_filter,start_date_cv_fast_slice,2018-01-01 00:00:00,2026-06-01 15:00:00,12684,"{""average_type"": ""sma"", ""bear_filter_buffer"": 0.01, ""bear_filter_require_20gt50"": true, ""bear_filter_slope_days"": 40, ""entry_confirm_bars"": 2, ""exit_confirm_bars"": 3, ""long_ma_days"": 200.0, ""macd_fast_days"": 12.0, ""macd_signal_days"": 9.0, ""macd_slow_days"": 24.0, ""peak_stop_drawdown"": 0.4, ""profit_lock_scheme"": [[3.0, 0.75], [4.0, 0.5]], ""q100_activation_gain"": 1.1, ""q100_distance_quantile"": 1.0, ""q100_reentry_rule"": ""ma20"", ""q100_trim_weight"": 0.5}",annual_net_eoy,40.35936270553969,0.3156105339111159,240.83885137207068,11.365713820934939,5.483443708609271
27.021951562718453,0.6843189206715348,0.4519356101295667,1.38085673394161,-0.3946167679357775,1.7341354353774072,0.6430788330229671,0.0020790796559799606,30,0.6695892820194497,9666,10,2,0,0,10/2/0/0,bear_buf010bp_slope40_20gt50,bear_filter,start_date_cv_fast_slice,2020-01-01 00:00:00,2026-06-01 15:00:00,9666,"{""average_type"": ""sma"", ""bear_filter_buffer"": 0.01, ""bear_filter_require_20gt50"": true, ""bear_filter_slope_days"": 40, ""entry_confirm_bars"": 2, ""exit_confirm_bars"": 3, ""long_ma_days"": 200.0, ""macd_fast_days"": 12.0, ""macd_signal_days"": 9.0, ""macd_slow_days"": 24.0, ""peak_stop_drawdown"": 0.4, ""profit_lock_scheme"": [[3.0, 0.75], [4.0, 0.5]], ""q100_activation_gain"": 1.1, ""q100_distance_quantile"": 1.0, ""q100_reentry_rule"": ""ma20"", ""q100_trim_weight"": 0.5}",annual_net_eoy,27.021951562718453,0.3293863798827098,238.24480136548712,10.980241317466094,4.692737430167598
5.391451545134765,0.5259992375813367,0.4030788427351371,1.2512740822172792,-0.2892622061791025,1.8184167386722265,0.6743520192887281,0.0015761699610767396,14,0.6412748643761302,6636,6,0,0,0,6/0/0/0,bear_buf010bp_slope40_20gt50,bear_filter,start_date_cv_fast_slice,2022-01-01 00:00:00,2026-06-01 15:00:00,6636,"{""average_type"": ""sma"", ""bear_filter_buffer"": 0.01, ""bear_filter_require_20gt50"": true, ""bear_filter_slope_days"": 40, ""entry_confirm_bars"": 2, ""exit_confirm_bars"": 3, ""long_ma_days"": 200.0, ""macd_fast_days"": 12.0, ""macd_signal_days"": 9.0, ""macd_slow_days"": 24.0, ""peak_stop_drawdown"": 0.4, ""profit_lock_scheme"": [[3.0, 0.75], [4.0, 0.5]], ""q100_activation_gain"": 1.1, ""q100_distance_quantile"": 1.0, ""q100_reentry_rule"": ""ma20"", ""q100_trim_weight"": 0.5}",annual_net_eoy,5.391451545134765,0.3596235166422449,220.80539314403433,9.598995082882055,3.1898734177215187
660.7392707251622,0.3060020262408705,0.4090660344168702,0.8579284278923409,-0.5279067864595437,0.579651624282199,0.6513701609395389,0.0028737450914981004,126,0.6918904958677686,36784,23,7,4,2,23/7/4/2,bear_buf015bp_slope20,bear_filter,start_date_cv_fast_slice,2002-01-10 15:00:00,2026-06-01 15:00:00,36784,"{""average_type"": ""sma"", ""bear_filter_buffer"": 0.015, ""bear_filter_require_20gt50"": false, ""bear_filter_slope_days"": 20, ""entry_confirm_bars"": 2, ""exit_confirm_bars"": 3, ""long_ma_days"": 200.0, ""macd_fast_days"": 12.0, ""macd_signal_days"": 9.0, ""macd_slow_days"": 24.0, ""peak_stop_drawdown"": 0.4, ""profit_lock_scheme"": [[3.0, 0.75], [4.0, 0.5]], ""q100_activation_gain"": 1.1, ""q100_distance_quantile"": 1.0, ""q100_reentry_rule"": ""ma20"", ""q100_trim_weight"": 0.5}",annual_net_eoy,660.7392707251622,0.3073238310213657,209.81624103545423,10.085326052393897,5.179208351457155
719.8767218590085,0.32540308317054234,0.4172568490435006,0.8845710931936709,-0.5279067864595439,0.616402538320995,0.6372104875700776,0.002936401819062974,124,0.7202984313947562,35318,23,7,4,2,23/7/4/2,bear_buf015bp_slope20,bear_filter,start_date_cv_fast_slice,2003-01-01 00:00:00,2026-06-01 15:00:00,35318,"{""average_type"": ""sma"", ""bear_filter_buffer"": 0.015, ""bear_filter_require_20gt50"": false, ""bear_filter_slope_days"": 20, ""entry_confirm_bars"": 2, ""exit_confirm_bars"": 3, ""long_ma_days"": 200.0, ""macd_fast_days"": 12.0, ""macd_signal_days"": 9.0, ""macd_slow_days"": 24.0, ""peak_stop_drawdown"": 0.4, ""profit_lock_scheme"": [[3.0, 0.75], [4.0, 0.5]], ""q100_activation_gain"": 1.1, ""q100_distance_quantile"": 1.0, ""q100_reentry_rule"": ""ma20"", ""q100_trim_weight"": 0.5}",annual_net_eoy,719.8767218590085,0.27888328331983453,209.80952924766973,10.058198699312964,5.308567869075259
358.10705648079465,0.3009605431655915,0.4083961894130291,0.8493195217526942,-0.5279067864595435,0.5701016749263856,0.6372885366142198,0.0029784644340963597,121,0.7183987933278126,33812,21,7,4,2,21/7/4/2,bear_buf015bp_slope20,bear_filter,start_date_cv_fast_slice,2004-01-01 00:00:00,2026-06-01 15:00:00,33812,"{""average_type"": ""sma"", ""bear_filter_buffer"": 0.015, ""bear_filter_require_20gt50"": false, ""bear_filter_slope_days"": 20, ""entry_confirm_bars"": 2, ""exit_confirm_bars"": 3, ""long_ma_days"": 200.0, ""macd_fast_days"": 12.0, ""macd_signal_days"": 9.0, ""macd_slow_days"": 24.0, ""peak_stop_drawdown"": 0.4, ""profit_lock_scheme"": [[3.0, 0.75], [4.0, 0.5]], ""q100_activation_gain"": 1.1, ""q100_distance_quantile"": 1.0, ""q100_reentry_rule"": ""ma20"", ""q100_trim_weight"": 0.5}",annual_net_eoy,358.10705648079465,0.28074647463296803,209.8081689347469,10.052530728801148,5.410860049686502
380.5748470578026,0.32073832749551423,0.4087373474435423,0.8858981899419336,-0.5279067864595441,0.6075662138131915,0.6351677603070447,0.0029314052075543554,115,0.7220347901448557,32308,23,9,4,2,23/9/4/2,bear_buf015bp_slope20,bear_filter,start_date_cv_fast_slice,2005-01-01 00:00:00,2026-06-01 15:00:00,32308,"{""average_type"": ""sma"", ""bear_filter_buffer"": 0.015, ""bear_filter_require_20gt50"": false, ""bear_filter_slope_days"": 20, ""entry_confirm_bars"": 2, ""exit_confirm_bars"": 3, ""long_ma_days"": 200.0, ""macd_fast_days"": 12.0, ""macd_signal_days"": 9.0, ""macd_slow_days"": 24.0, ""peak_stop_drawdown"": 0.4, ""profit_lock_scheme"": [[3.0, 0.75], [4.0, 0.5]], ""q100_activation_gain"": 1.1, ""q100_distance_quantile"": 1.0, ""q100_reentry_rule"": ""ma20"", ""q100_trim_weight"": 0.5}",annual_net_eoy,380.5748470578026,0.27707068838336996,209.68785803182158,10.035309119354693,5.381948743345301
506.9152519325884,0.37926899970527206,0.4167440401677448,0.9809723823148727,-0.5279067864595426,0.718439333293811,0.6340456034953578,0.002823178572012088,103,0.7259864827962862,29296,23,8,4,2,23/8/4/2,bear_buf015bp_slope20,bear_filter,start_date_cv_fast_slice,2007-01-01 00:00:00,2026-06-01 15:00:00,29296,"{""average_type"": ""sma"", ""bear_filter_buffer"": 0.015, ""bear_filter_require_20gt50"": false, ""bear_filter_slope_days"": 20, ""entry_confirm_bars"": 2, ""exit_confirm_bars"": 3, ""long_ma_days"": 200.0, ""macd_fast_days"": 12.0, ""macd_signal_days"": 9.0, ""macd_slow_days"": 24.0, ""peak_stop_drawdown"": 0.4, ""profit_lock_scheme"": [[3.0, 0.75], [4.0, 0.5]], ""q100_activation_gain"": 1.1, ""q100_distance_quantile"": 1.0, ""q100_reentry_rule"": ""ma20"", ""q100_trim_weight"": 0.5}",annual_net_eoy,506.9152519325884,0.2730270275904532,209.6825513466488,10.013197931134908,5.31594756963408
476.36267161393283,0.4261738196832474,0.42050655387226926,1.0555384553171745,-0.5279067864595446,0.8072899053664783,0.6216884896467723,0.002957819710934307,98,0.7492958282582217,26272,21,6,3,1,21/6/3/1,bear_buf015bp_slope20,bear_filter,start_date_cv_fast_slice,2009-01-01 00:00:00,2026-06-01 15:00:00,26272,"{""average_type"": ""sma"", ""bear_filter_buffer"": 0.015, ""bear_filter_require_20gt50"": false, ""bear_filter_slope_days"": 20, ""entry_confirm_bars"": 2, ""exit_confirm_bars"": 3, ""long_ma_days"": 200.0, ""macd_fast_days"": 12.0, ""macd_signal_days"": 9.0, ""macd_slow_days"": 24.0, ""peak_stop_drawdown"": 0.4, ""profit_lock_scheme"": [[3.0, 0.75], [4.0, 0.5]], ""q100_activation_gain"": 1.1, ""q100_distance_quantile"": 1.0, ""q100_reentry_rule"": ""ma20"", ""q100_trim_weight"": 0.5}",annual_net_eoy,476.36267161393283,0.2496041336894761,209.67069807731193,9.971931784356716,5.640073081607795
268.25796991785836,0.40734717896265393,0.41924689736250487,1.0257671150640224,-0.5279067864595434,0.7716270929088944,0.6161147011308562,0.0030172794606488735,95,0.758299676898223,24760,20,6,3,1,20/6/3/1,bear_buf015bp_slope20,bear_filter,start_date_cv_fast_slice,2010-01-01 00:00:00,2026-06-01 15:00:00,24760,"{""average_type"": ""sma"", ""bear_filter_buffer"": 0.015, ""bear_filter_require_20gt50"": false, ""bear_filter_slope_days"": 20, ""entry_confirm_bars"": 2, ""exit_confirm_bars"": 3, ""long_ma_days"": 200.0, ""macd_fast_days"": 12.0, ""macd_signal_days"": 9.0, ""macd_slow_days"": 24.0, ""peak_stop_drawdown"": 0.4, ""profit_lock_scheme"": [[3.0, 0.75], [4.0, 0.5]], ""q100_activation_gain"": 1.1, ""q100_distance_quantile"": 1.0, ""q100_reentry_rule"": ""ma20"", ""q100_trim_weight"": 0.5}",annual_net_eoy,268.25796991785836,0.24053310986631324,209.66661870602354,9.954934403988435,5.801292407108239
256.31097173406147,0.4347328172419178,0.4125521615729826,1.0823717536742528,-0.4877368806297995,0.8913265215469472,0.616397109428768,0.002869401214971874,87,0.7534196490020647,23248,18,5,2,0,18/5/2/0,bear_buf015bp_slope20,bear_filter,start_date_cv_fast_slice,2011-01-01 00:00:00,2026-06-01 15:00:00,23248,"{""average_type"": ""sma"", ""bear_filter_buffer"": 0.015, ""bear_filter_require_20gt50"": false, ""bear_filter_slope_days"": 20, ""entry_confirm_bars"": 2, ""exit_confirm_bars"": 3, ""long_ma_days"": 200.0, ""macd_fast_days"": 12.0, ""macd_signal_days"": 9.0, ""macd_slow_days"": 24.0, ""peak_stop_drawdown"": 0.4, ""profit_lock_scheme"": [[3.0, 0.75], [4.0, 0.5]], ""q100_activation_gain"": 1.1, ""q100_distance_quantile"": 1.0, ""q100_reentry_rule"": ""ma20"", ""q100_trim_weight"": 0.5}",annual_net_eoy,256.31097173406147,0.2453372247199723,209.64134370586595,9.946449047466325,5.658293186510668
324.29244737586475,0.5406487110431952,0.40959731351175527,1.261185656009493,-0.45748999572582394,1.1817716586030194,0.6161980530711074,0.0024057519270833687,68,0.7501358897069724,20237,16,4,1,0,16/4/1/0,bear_buf015bp_slope20,bear_filter,start_date_cv_fast_slice,2013-01-01 00:00:00,2026-06-01 15:00:00,20237,"{""average_type"": ""sma"", ""bear_filter_buffer"": 0.015, ""bear_filter_require_20gt50"": false, ""bear_filter_slope_days"": 20, ""entry_confirm_bars"": 2, ""exit_confirm_bars"": 3, ""long_ma_days"": 200.0, ""macd_fast_days"": 12.0, ""macd_signal_days"": 9.0, ""macd_slow_days"": 24.0, ""peak_stop_drawdown"": 0.4, ""profit_lock_scheme"": [[3.0, 0.75], [4.0, 0.5]], ""q100_activation_gain"": 1.1, ""q100_distance_quantile"": 1.0, ""q100_reentry_rule"": ""ma20"", ""q100_trim_weight"": 0.5}",annual_net_eoy,324.29244737586475,0.2484327046261553,209.46725691362863,9.914773533090251,5.080594949844344
92.09176829027227,0.5473668588163838,0.4192654487655742,1.2521686544301591,-0.45748999572582594,1.196456455726348,0.6352693924340849,0.002654581586955475,58,0.7080467456374984,15702,13,3,1,0,13/3/1/0,bear_buf015bp_slope20,bear_filter,start_date_cv_fast_slice,2016-01-01 00:00:00,2026-06-01 15:00:00,15702,"{""average_type"": ""sma"", ""bear_filter_buffer"": 0.015, ""bear_filter_require_20gt50"": false, ""bear_filter_slope_days"": 20, ""entry_confirm_bars"": 2, ""exit_confirm_bars"": 3, ""long_ma_days"": 200.0, ""macd_fast_days"": 12.0, ""macd_signal_days"": 9.0, ""macd_slow_days"": 24.0, ""peak_stop_drawdown"": 0.4, ""profit_lock_scheme"": [[3.0, 0.75], [4.0, 0.5]], ""q100_activation_gain"": 1.1, ""q100_distance_quantile"": 1.0, ""q100_reentry_rule"": ""ma20"", ""q100_trim_weight"": 0.5}",annual_net_eoy,92.09176829027227,0.29030705503330556,208.0930368307029,9.846673442829863,5.585021016431028
38.25634979355577,0.5488255574546306,0.44337669717754985,1.2097407693465634,-0.4574899957258224,1.199644937773779,0.6352885525070956,0.0025735364565918936,46,0.6876970987070324,12684,13,3,1,0,13/3/1/0,bear_buf015bp_slope20,bear_filter,start_date_cv_fast_slice,2018-01-01 00:00:00,2026-06-01 15:00:00,12684,"{""average_type"": ""sma"", ""bear_filter_buffer"": 0.015, ""bear_filter_require_20gt50"": false, ""bear_filter_slope_days"": 20, ""entry_confirm_bars"": 2, ""exit_confirm_bars"": 3, ""long_ma_days"": 200.0, ""macd_fast_days"": 12.0, ""macd_signal_days"": 9.0, ""macd_slow_days"": 24.0, ""peak_stop_drawdown"": 0.4, ""profit_lock_scheme"": [[3.0, 0.75], [4.0, 0.5]], ""q100_activation_gain"": 1.1, ""q100_distance_quantile"": 1.0, ""q100_reentry_rule"": ""ma20"", ""q100_trim_weight"": 0.5}",annual_net_eoy,38.25634979355577,0.3102494490798324,206.48366705063734,9.756466887654343,5.483443708609271
25.694602424161033,0.6715820219462085,0.4538094367364028,1.360284233449982,-0.3946167679357777,1.701858807113604,0.6410097248086075,0.0020790796559799606,30,0.6745551417339127,9666,10,2,0,0,10/2/0/0,bear_buf015bp_slope20,bear_filter,start_date_cv_fast_slice,2020-01-01 00:00:00,2026-06-01 15:00:00,9666,"{""average_type"": ""sma"", ""bear_filter_buffer"": 0.015, ""bear_filter_require_20gt50"": false, ""bear_filter_slope_days"": 20, ""entry_confirm_bars"": 2, ""exit_confirm_bars"": 3, ""long_ma_days"": 200.0, ""macd_fast_days"": 12.0, ""macd_signal_days"": 9.0, ""macd_slow_days"": 24.0, ""peak_stop_drawdown"": 0.4, ""profit_lock_scheme"": [[3.0, 0.75], [4.0, 0.5]], ""q100_activation_gain"": 1.1, ""q100_distance_quantile"": 1.0, ""q100_reentry_rule"": ""ma20"", ""q100_trim_weight"": 0.5}",annual_net_eoy,25.694602424161033,0.32442052016824674,204.14099113129964,9.41579407614934,4.692737430167598
5.087440598113962,0.509148461256558,0.40614287937826643,1.2175273277526286,-0.31222802550989703,1.6306942992227293,0.6713381555153707,0.0015761699610767393,14,0.648508137432188,6636,6,1,0,0,6/1/0/0,bear_buf015bp_slope20,bear_filter,start_date_cv_fast_slice,2022-01-01 00:00:00,2026-06-01 15:00:00,6636,"{""average_type"": ""sma"", ""bear_filter_buffer"": 0.015, ""bear_filter_require_20gt50"": false, ""bear_filter_slope_days"": 20, ""entry_confirm_bars"": 2, ""exit_confirm_bars"": 3, ""long_ma_days"": 200.0, ""macd_fast_days"": 12.0, ""macd_signal_days"": 9.0, ""macd_slow_days"": 24.0, ""peak_stop_drawdown"": 0.4, ""profit_lock_scheme"": [[3.0, 0.75], [4.0, 0.5]], ""q100_activation_gain"": 1.1, ""q100_distance_quantile"": 1.0, ""q100_reentry_rule"": ""ma20"", ""q100_trim_weight"": 0.5}",annual_net_eoy,5.087440598113962,0.352390243586187,188.45086835932025,8.171755888112175,3.1898734177215187
840.2446494777266,0.318950294597816,0.40776159357533576,0.8835550155653035,-0.5371987012738215,0.5937287149829505,0.6534906481078729,0.0027650021597886614,122,0.6878126359286646,36784,23,8,4,2,23/8/4/2,bear_buf015bp_slope20_20gt50,bear_filter,start_date_cv_fast_slice,2002-01-10 15:00:00,2026-06-01 15:00:00,36784,"{""average_type"": ""sma"", ""bear_filter_buffer"": 0.015, ""bear_filter_require_20gt50"": true, ""bear_filter_slope_days"": 20, ""entry_confirm_bars"": 2, ""exit_confirm_bars"": 3, ""long_ma_days"": 200.0, ""macd_fast_days"": 12.0, ""macd_signal_days"": 9.0, ""macd_slow_days"": 24.0, ""peak_stop_drawdown"": 0.4, ""profit_lock_scheme"": [[3.0, 0.75], [4.0, 0.5]], ""q100_activation_gain"": 1.1, ""q100_distance_quantile"": 1.0, ""q100_reentry_rule"": ""ma20"", ""q100_trim_weight"": 0.5}",annual_net_eoy,840.2446494777266,0.31140169096046966,266.929529801716,13.062735394845415,5.014789038712483
915.4239029254213,0.33909195766860756,0.41592464643553284,0.9107684870991182,-0.5371987012738182,0.6312225939201728,0.6394189931479699,0.0028231451227608054,120,0.7160513052834249,35318,23,8,4,2,23/8/4/2,bear_buf015bp_slope20_20gt50,bear_filter,start_date_cv_fast_slice,2003-01-01 00:00:00,2026-06-01 15:00:00,35318,"{""average_type"": ""sma"", ""bear_filter_buffer"": 0.015, ""bear_filter_require_20gt50"": true, ""bear_filter_slope_days"": 20, ""entry_confirm_bars"": 2, ""exit_confirm_bars"": 3, ""long_ma_days"": 200.0, ""macd_fast_days"": 12.0, ""macd_signal_days"": 9.0, ""macd_slow_days"": 24.0, ""peak_stop_drawdown"": 0.4, ""profit_lock_scheme"": [[3.0, 0.75], [4.0, 0.5]], ""q100_activation_gain"": 1.1, ""q100_distance_quantile"": 1.0, ""q100_reentry_rule"": ""ma20"", ""q100_trim_weight"": 0.5}",annual_net_eoy,915.4239029254213,0.28313040943116585,266.92281801393153,13.03560804176448,5.13732374426638
374.8551011642597,0.30361510030420313,0.4078100154714537,0.8549729977821414,-0.537198701273818,0.5651821189892381,0.6390334792381404,0.0029193138366753256,119,0.7149089080799717,33812,22,8,4,2,22/8/4/2,bear_buf015bp_slope20_20gt50,bear_filter,start_date_cv_fast_slice,2004-01-01 00:00:00,2026-06-01 15:00:00,33812,"{""average_type"": ""sma"", ""bear_filter_buffer"": 0.015, ""bear_filter_require_20gt50"": true, ""bear_filter_slope_days"": 20, ""entry_confirm_bars"": 2, ""exit_confirm_bars"": 3, ""long_ma_days"": 200.0, ""macd_fast_days"": 12.0, ""macd_signal_days"": 9.0, ""macd_slow_days"": 24.0, ""peak_stop_drawdown"": 0.4, ""profit_lock_scheme"": [[3.0, 0.75], [4.0, 0.5]], ""q100_activation_gain"": 1.1, ""q100_distance_quantile"": 1.0, ""q100_reentry_rule"": ""ma20"", ""q100_trim_weight"": 0.5}",annual_net_eoy,374.8551011642597,0.2842363598808091,266.92105808227956,13.028274993214696,5.321424346385898
408.4928870815374,0.32511010387779593,0.40790578552370427,0.8949760094976392,-0.527906786459544,0.6158475553197129,0.6369939333911105,0.0028695010352131393,113,0.718382443976724,32308,24,10,4,2,24/10/4/2,bear_buf015bp_slope20_20gt50,bear_filter,start_date_cv_fast_slice,2005-01-01 00:00:00,2026-06-01 15:00:00,32308,"{""average_type"": ""sma"", ""bear_filter_buffer"": 0.015, ""bear_filter_require_20gt50"": true, ""bear_filter_slope_days"": 20, ""entry_confirm_bars"": 2, ""exit_confirm_bars"": 3, ""long_ma_days"": 200.0, ""macd_fast_days"": 12.0, ""macd_signal_days"": 9.0, ""macd_slow_days"": 24.0, ""peak_stop_drawdown"": 0.4, ""profit_lock_scheme"": [[3.0, 0.75], [4.0, 0.5]], ""q100_activation_gain"": 1.1, ""q100_distance_quantile"": 1.0, ""q100_reentry_rule"": ""ma20"", ""q100_trim_weight"": 0.5}",annual_net_eoy,408.4928870815374,0.28072303455150166,266.7204394626296,13.007357355700348,5.2883496347653836
544.0770261990496,0.38430476755859266,0.41584430247828047,0.9909612129836287,-0.5279067864595435,0.7279784564543463,0.6360595303113052,0.0027549098663867465,101,0.721958629164391,29296,24,9,4,2,24/9/4/2,bear_buf015bp_slope20_20gt50,bear_filter,start_date_cv_fast_slice,2007-01-01 00:00:00,2026-06-01 15:00:00,29296,"{""average_type"": ""sma"", ""bear_filter_buffer"": 0.015, ""bear_filter_require_20gt50"": true, ""bear_filter_slope_days"": 20, ""entry_confirm_bars"": 2, ""exit_confirm_bars"": 3, ""long_ma_days"": 200.0, ""macd_fast_days"": 12.0, ""macd_signal_days"": 9.0, ""macd_slow_days"": 24.0, ""peak_stop_drawdown"": 0.4, ""profit_lock_scheme"": [[3.0, 0.75], [4.0, 0.5]], ""q100_activation_gain"": 1.1, ""q100_distance_quantile"": 1.0, ""q100_reentry_rule"": ""ma20"", ""q100_trim_weight"": 0.5}",annual_net_eoy,544.0770261990496,0.2770548812223483,266.7141532060076,12.981164619775214,5.212725286728563
511.28905702617396,0.4319814040198513,0.41951192521206293,1.0667361673357887,-0.5279067864595437,0.8182910602778476,0.6239342265529841,0.002881693036147462,96,0.7448043544457978,26272,22,7,3,1,22/7/3/1,bear_buf015bp_slope20_20gt50,bear_filter,start_date_cv_fast_slice,2009-01-01 00:00:00,2026-06-01 15:00:00,26272,"{""average_type"": ""sma"", ""bear_filter_buffer"": 0.015, ""bear_filter_require_20gt50"": true, ""bear_filter_slope_days"": 20, ""entry_confirm_bars"": 2, ""exit_confirm_bars"": 3, ""long_ma_days"": 200.0, ""macd_fast_days"": 12.0, ""macd_signal_days"": 9.0, ""macd_slow_days"": 24.0, ""peak_stop_drawdown"": 0.4, ""profit_lock_scheme"": [[3.0, 0.75], [4.0, 0.5]], ""q100_activation_gain"": 1.1, ""q100_distance_quantile"": 1.0, ""q100_reentry_rule"": ""ma20"", ""q100_trim_weight"": 0.5}",annual_net_eoy,511.28905702617396,0.25409560750189997,266.7001119183796,12.932281073831636,5.524969549330085
287.95831138124316,0.41342881930999864,0.4181883587542653,1.0376188812056384,-0.527906786459543,0.783147384944032,0.618497576736672,0.00293650401638393,93,0.7535339256865913,24760,21,7,3,1,21/7/3/1,bear_buf015bp_slope20_20gt50,bear_filter,start_date_cv_fast_slice,2010-01-01 00:00:00,2026-06-01 15:00:00,24760,"{""average_type"": ""sma"", ""bear_filter_buffer"": 0.015, ""bear_filter_require_20gt50"": true, ""bear_filter_slope_days"": 20, ""entry_confirm_bars"": 2, ""exit_confirm_bars"": 3, ""long_ma_days"": 200.0, ""macd_fast_days"": 12.0, ""macd_signal_days"": 9.0, ""macd_slow_days"": 24.0, ""peak_stop_drawdown"": 0.4, ""profit_lock_scheme"": [[3.0, 0.75], [4.0, 0.5]], ""q100_activation_gain"": 1.1, ""q100_distance_quantile"": 1.0, ""q100_reentry_rule"": ""ma20"", ""q100_trim_weight"": 0.5}",annual_net_eoy,287.95831138124316,0.2452988610779449,266.6952795279248,12.912146113603352,5.679159935379644
275.1372074327912,0.4413369608035469,0.4114062281966241,1.0954063366960107,-0.4574899957258236,0.9646920477536358,0.6189349621472815,0.0027833723092595547,85,0.7483439435650379,23248,19,6,2,0,19/6/2/0,bear_buf015bp_slope20_20gt50,bear_filter,start_date_cv_fast_slice,2011-01-01 00:00:00,2026-06-01 15:00:00,23248,"{""average_type"": ""sma"", ""bear_filter_buffer"": 0.015, ""bear_filter_require_20gt50"": true, ""bear_filter_slope_days"": 20, ""entry_confirm_bars"": 2, ""exit_confirm_bars"": 3, ""long_ma_days"": 200.0, ""macd_fast_days"": 12.0, ""macd_signal_days"": 9.0, ""macd_slow_days"": 24.0, ""peak_stop_drawdown"": 0.4, ""profit_lock_scheme"": [[3.0, 0.75], [4.0, 0.5]], ""q100_activation_gain"": 1.1, ""q100_distance_quantile"": 1.0, ""q100_reentry_rule"": ""ma20"", ""q100_trim_weight"": 0.5}",annual_net_eoy,275.1372074327912,0.2504129301569991,266.6653389657961,12.902094428438131,5.528217481073641
313.6329730928644,0.5368182995004378,0.4086965719256112,1.256969775192154,-0.45748999572582627,1.1733989912692058,0.6180758017492711,0.0024057519270833687,68,0.7458368335227553,20237,16,4,1,0,16/4/1/0,bear_buf015bp_slope20_20gt50,bear_filter,start_date_cv_fast_slice,2013-01-01 00:00:00,2026-06-01 15:00:00,20237,"{""average_type"": ""sma"", ""bear_filter_buffer"": 0.015, ""bear_filter_require_20gt50"": true, ""bear_filter_slope_days"": 20, ""entry_confirm_bars"": 2, ""exit_confirm_bars"": 3, ""long_ma_days"": 200.0, ""macd_fast_days"": 12.0, ""macd_signal_days"": 9.0, ""macd_slow_days"": 24.0, ""peak_stop_drawdown"": 0.4, ""profit_lock_scheme"": [[3.0, 0.75], [4.0, 0.5]], ""q100_activation_gain"": 1.1, ""q100_distance_quantile"": 1.0, ""q100_reentry_rule"": ""ma20"", ""q100_trim_weight"": 0.5}",annual_net_eoy,313.6329730928644,0.25273176081037235,266.37235909325574,12.861519760194874,5.080594949844344
89.04125384379756,0.5424104146739581,0.4181310867059257,1.2467532759581321,-0.4574899957258244,1.1856224611281487,0.6376894663100242,0.002654581586955475,58,0.7025060501846898,15702,13,3,1,0,13/3/1/0,bear_buf015bp_slope20_20gt50,bear_filter,start_date_cv_fast_slice,2016-01-01 00:00:00,2026-06-01 15:00:00,15702,"{""average_type"": ""sma"", ""bear_filter_buffer"": 0.015, ""bear_filter_require_20gt50"": true, ""bear_filter_slope_days"": 20, ""entry_confirm_bars"": 2, ""exit_confirm_bars"": 3, ""long_ma_days"": 200.0, ""macd_fast_days"": 12.0, ""macd_signal_days"": 9.0, ""macd_slow_days"": 24.0, ""peak_stop_drawdown"": 0.4, ""profit_lock_scheme"": [[3.0, 0.75], [4.0, 0.5]], ""q100_activation_gain"": 1.1, ""q100_distance_quantile"": 1.0, ""q100_reentry_rule"": ""ma20"", ""q100_trim_weight"": 0.5}",annual_net_eoy,89.04125384379756,0.2958477504861141,264.5661773696056,12.772013617812377,5.585021016431028
36.93051180952816,0.5424951915760945,0.4424103891407759,1.2021564851506619,-0.4574899957258237,1.1858077698844696,0.6358404288867865,0.0025735364565918936,46,0.6861203090507726,12684,13,3,1,0,13/3/1/0,bear_buf015bp_slope20_20gt50,bear_filter,start_date_cv_fast_slice,2018-01-01 00:00:00,2026-06-01 15:00:00,12684,"{""average_type"": ""sma"", ""bear_filter_buffer"": 0.015, ""bear_filter_require_20gt50"": true, ""bear_filter_slope_days"": 20, ""entry_confirm_bars"": 2, ""exit_confirm_bars"": 3, ""long_ma_days"": 200.0, ""macd_fast_days"": 12.0, ""macd_signal_days"": 9.0, ""macd_slow_days"": 24.0, ""peak_stop_drawdown"": 0.4, ""profit_lock_scheme"": [[3.0, 0.75], [4.0, 0.5]], ""q100_activation_gain"": 1.1, ""q100_distance_quantile"": 1.0, ""q100_reentry_rule"": ""ma20"", ""q100_trim_weight"": 0.5}",annual_net_eoy,36.93051180952816,0.3118262387360922,262.4460687006143,12.642328076621293,5.483443708609271
24.793022984182734,0.6626224764256592,0.4525709247999606,1.3508884679747062,-0.39461676793577827,1.6791543853846003,0.6417339126836333,0.0020790796559799606,30,0.672486033519553,9666,10,2,0,0,10/2/0/0,bear_buf015bp_slope20_20gt50,bear_filter,start_date_cv_fast_slice,2020-01-01 00:00:00,2026-06-01 15:00:00,9666,"{""average_type"": ""sma"", ""bear_filter_buffer"": 0.015, ""bear_filter_require_20gt50"": true, ""bear_filter_slope_days"": 20, ""entry_confirm_bars"": 2, ""exit_confirm_bars"": 3, ""long_ma_days"": 200.0, ""macd_fast_days"": 12.0, ""macd_signal_days"": 9.0, ""macd_slow_days"": 24.0, ""peak_stop_drawdown"": 0.4, ""profit_lock_scheme"": [[3.0, 0.75], [4.0, 0.5]], ""q100_activation_gain"": 1.1, ""q100_distance_quantile"": 1.0, ""q100_reentry_rule"": ""ma20"", ""q100_trim_weight"": 0.5}",annual_net_eoy,24.793022984182734,0.3264896283826063,259.3638118119484,12.194105122957543,4.692737430167598
4.881844305719522,0.49738057692674564,0.4041231155494472,1.202213461311187,-0.3372847681461608,1.4746606544390646,0.6723930078360458,0.0015761699610767396,14,0.6454942736588306,6636,6,1,0,0,6/1/0/0,bear_buf015bp_slope20_20gt50,bear_filter,start_date_cv_fast_slice,2022-01-01 00:00:00,2026-06-01 15:00:00,6636,"{""average_type"": ""sma"", ""bear_filter_buffer"": 0.015, ""bear_filter_require_20gt50"": true, ""bear_filter_slope_days"": 20, ""entry_confirm_bars"": 2, ""exit_confirm_bars"": 3, ""long_ma_days"": 200.0, ""macd_fast_days"": 12.0, ""macd_signal_days"": 9.0, ""macd_slow_days"": 24.0, ""peak_stop_drawdown"": 0.4, ""profit_lock_scheme"": [[3.0, 0.75], [4.0, 0.5]], ""q100_activation_gain"": 1.1, ""q100_distance_quantile"": 1.0, ""q100_reentry_rule"": ""ma20"", ""q100_trim_weight"": 0.5}",annual_net_eoy,4.881844305719522,0.3554041073595444,238.72032945967314,10.557325044590966,3.1898734177215187
756.1319515529976,0.3132513407788666,0.40828404520716893,0.87237853266941,-0.5279067864595434,0.5933838109559384,0.6524304045237059,0.0028737450914981004,126,0.6897156372335799,36784,23,7,4,2,23/7/4/2,bear_buf015bp_slope30,bear_filter,start_date_cv_fast_slice,2002-01-10 15:00:00,2026-06-01 15:00:00,36784,"{""average_type"": ""sma"", ""bear_filter_buffer"": 0.015, ""bear_filter_require_20gt50"": false, ""bear_filter_slope_days"": 30, ""entry_confirm_bars"": 2, ""exit_confirm_bars"": 3, ""long_ma_days"": 200.0, ""macd_fast_days"": 12.0, ""macd_signal_days"": 9.0, ""macd_slow_days"": 24.0, ""peak_stop_drawdown"": 0.4, ""profit_lock_scheme"": [[3.0, 0.75], [4.0, 0.5]], ""q100_activation_gain"": 1.1, ""q100_distance_quantile"": 1.0, ""q100_reentry_rule"": ""ma20"", ""q100_trim_weight"": 0.5}",annual_net_eoy,756.1319515529976,0.3094986896555545,240.31060947340376,11.22220811024406,5.179208351457155
823.7943312358419,0.33306634847885475,0.4164582296800283,0.8993440860800795,-0.5279067864595436,0.6309188610978,0.6383147403590237,0.002936401819062974,124,0.7180332974687128,35318,22,7,4,2,22/7/4/2,bear_buf015bp_slope30,bear_filter,start_date_cv_fast_slice,2003-01-01 00:00:00,2026-06-01 15:00:00,35318,"{""average_type"": ""sma"", ""bear_filter_buffer"": 0.015, ""bear_filter_require_20gt50"": false, ""bear_filter_slope_days"": 30, ""entry_confirm_bars"": 2, ""exit_confirm_bars"": 3, ""long_ma_days"": 200.0, ""macd_fast_days"": 12.0, ""macd_signal_days"": 9.0, ""macd_slow_days"": 24.0, ""peak_stop_drawdown"": 0.4, ""profit_lock_scheme"": [[3.0, 0.75], [4.0, 0.5]], ""q100_activation_gain"": 1.1, ""q100_distance_quantile"": 1.0, ""q100_reentry_rule"": ""ma20"", ""q100_trim_weight"": 0.5}",annual_net_eoy,823.7943312358419,0.2811484172458779,240.30389768561923,11.195080757163126,5.308567869075259
379.4999633760673,0.3043312967417391,0.40820813120251087,0.8558798439299661,-0.5279067864595433,0.5764868051474876,0.6380870696794038,0.0029784644340963597,121,0.7166538507038921,33812,21,7,4,2,21/7/4/2,bear_buf015bp_slope30,bear_filter,start_date_cv_fast_slice,2004-01-01 00:00:00,2026-06-01 15:00:00,33812,"{""average_type"": ""sma"", ""bear_filter_buffer"": 0.015, ""bear_filter_require_20gt50"": false, ""bear_filter_slope_days"": 30, ""entry_confirm_bars"": 2, ""exit_confirm_bars"": 3, ""long_ma_days"": 200.0, ""macd_fast_days"": 12.0, ""macd_signal_days"": 9.0, ""macd_slow_days"": 24.0, ""peak_stop_drawdown"": 0.4, ""profit_lock_scheme"": [[3.0, 0.75], [4.0, 0.5]], ""q100_activation_gain"": 1.1, ""q100_distance_quantile"": 1.0, ""q100_reentry_rule"": ""ma20"", ""q100_trim_weight"": 0.5}",annual_net_eoy,379.4999633760673,0.28249141725688853,240.30245884079704,11.189085570403954,5.410860049686502
407.5601344929886,0.32496869206104084,0.4084560446410598,0.8940685534900058,-0.527906786459543,0.6155796826187332,0.6360034666336511,0.0029314052075543554,115,0.7202086170607899,32308,23,9,4,2,23/9/4/2,bear_buf015bp_slope30,bear_filter,start_date_cv_fast_slice,2005-01-01 00:00:00,2026-06-01 15:00:00,32308,"{""average_type"": ""sma"", ""bear_filter_buffer"": 0.015, ""bear_filter_require_20gt50"": false, ""bear_filter_slope_days"": 30, ""entry_confirm_bars"": 2, ""exit_confirm_bars"": 3, ""long_ma_days"": 200.0, ""macd_fast_days"": 12.0, ""macd_signal_days"": 9.0, ""macd_slow_days"": 24.0, ""peak_stop_drawdown"": 0.4, ""profit_lock_scheme"": [[3.0, 0.75], [4.0, 0.5]], ""q100_activation_gain"": 1.1, ""q100_distance_quantile"": 1.0, ""q100_reentry_rule"": ""ma20"", ""q100_trim_weight"": 0.5}",annual_net_eoy,407.5601344929886,0.2788968614674358,240.15213991109542,11.170489219971541,5.381948743345301
536.3489201672455,0.38328493843840294,0.41645833314021347,0.9883540447573198,-0.5279067864595437,0.7260466208607381,0.6347282905516112,0.0028231785720120874,103,0.724348033861278,29296,23,8,4,2,23/8/4/2,bear_buf015bp_slope30,bear_filter,start_date_cv_fast_slice,2007-01-01 00:00:00,2026-06-01 15:00:00,29296,"{""average_type"": ""sma"", ""bear_filter_buffer"": 0.015, ""bear_filter_require_20gt50"": false, ""bear_filter_slope_days"": 30, ""entry_confirm_bars"": 2, ""exit_confirm_bars"": 3, ""long_ma_days"": 200.0, ""macd_fast_days"": 12.0, ""macd_signal_days"": 9.0, ""macd_slow_days"": 24.0, ""peak_stop_drawdown"": 0.4, ""profit_lock_scheme"": [[3.0, 0.75], [4.0, 0.5]], ""q100_activation_gain"": 1.1, ""q100_distance_quantile"": 1.0, ""q100_reentry_rule"": ""ma20"", ""q100_trim_weight"": 0.5}",annual_net_eoy,536.3489201672455,0.27466547652546136,240.14636566037765,11.146429841980902,5.31594756963408
505.2042022978841,0.4309969987435196,0.42018427982656753,1.064075400198636,-0.5279067864595439,0.8164263271439285,0.6224497563946407,0.002957819710934307,98,0.7474687880633374,26272,21,6,3,1,21/6/3/1,bear_buf015bp_slope30,bear_filter,start_date_cv_fast_slice,2009-01-01 00:00:00,2026-06-01 15:00:00,26272,"{""average_type"": ""sma"", ""bear_filter_buffer"": 0.015, ""bear_filter_require_20gt50"": false, ""bear_filter_slope_days"": 30, ""entry_confirm_bars"": 2, ""exit_confirm_bars"": 3, ""long_ma_days"": 200.0, ""macd_fast_days"": 12.0, ""macd_signal_days"": 9.0, ""macd_slow_days"": 24.0, ""peak_stop_drawdown"": 0.4, ""profit_lock_scheme"": [[3.0, 0.75], [4.0, 0.5]], ""q100_activation_gain"": 1.1, ""q100_distance_quantile"": 1.0, ""q100_reentry_rule"": ""ma20"", ""q100_trim_weight"": 0.5}",annual_net_eoy,505.2042022978841,0.25143117388436037,240.1290851322139,11.101903505905673,5.640073081607795
284.52612925052443,0.4123978544231275,0.4189039815410924,1.0348311162475388,-0.5279067864595433,0.7811944551592388,0.6169224555735057,0.0030172794606488735,95,0.7563610662358643,24760,20,6,3,1,20/6/3/1,bear_buf015bp_slope30,bear_filter,start_date_cv_fast_slice,2010-01-01 00:00:00,2026-06-01 15:00:00,24760,"{""average_type"": ""sma"", ""bear_filter_buffer"": 0.015, ""bear_filter_require_20gt50"": false, ""bear_filter_slope_days"": 30, ""entry_confirm_bars"": 2, ""exit_confirm_bars"": 3, ""long_ma_days"": 200.0, ""macd_fast_days"": 12.0, ""macd_signal_days"": 9.0, ""macd_slow_days"": 24.0, ""peak_stop_drawdown"": 0.4, ""profit_lock_scheme"": [[3.0, 0.75], [4.0, 0.5]], ""q100_activation_gain"": 1.1, ""q100_distance_quantile"": 1.0, ""q100_reentry_rule"": ""ma20"", ""q100_trim_weight"": 0.5}",annual_net_eoy,284.52612925052443,0.24247172052867189,240.1246836331909,11.083563926643123,5.801292407108239
271.8573115043899,0.44021729040877866,0.412180903729778,1.0922487310507731,-0.4877368806297999,0.9025712589959147,0.6172573984858912,0.002869401214971874,87,0.751354955264969,23248,18,5,2,0,18/5/2/0,bear_buf015bp_slope30,bear_filter,start_date_cv_fast_slice,2011-01-01 00:00:00,2026-06-01 15:00:00,23248,"{""average_type"": ""sma"", ""bear_filter_buffer"": 0.015, ""bear_filter_require_20gt50"": false, ""bear_filter_slope_days"": 30, ""entry_confirm_bars"": 2, ""exit_confirm_bars"": 3, ""long_ma_days"": 200.0, ""macd_fast_days"": 12.0, ""macd_signal_days"": 9.0, ""macd_slow_days"": 24.0, ""peak_stop_drawdown"": 0.4, ""profit_lock_scheme"": [[3.0, 0.75], [4.0, 0.5]], ""q100_activation_gain"": 1.1, ""q100_distance_quantile"": 1.0, ""q100_reentry_rule"": ""ma20"", ""q100_trim_weight"": 0.5}",annual_net_eoy,271.8573115043899,0.24740191845706797,240.09741279152544,11.074408523567092,5.658293186510668
343.9461250933216,0.5474162431876708,0.40916722951436546,1.2728132155504956,-0.45748999572582505,1.1965644020677968,0.6171863418490883,0.0024057519270833687,68,0.7477639966398182,20237,16,4,1,0,16/4/1/0,bear_buf015bp_slope30,bear_filter,start_date_cv_fast_slice,2013-01-01 00:00:00,2026-06-01 15:00:00,20237,"{""average_type"": ""sma"", ""bear_filter_buffer"": 0.015, ""bear_filter_require_20gt50"": false, ""bear_filter_slope_days"": 30, ""entry_confirm_bars"": 2, ""exit_confirm_bars"": 3, ""long_ma_days"": 200.0, ""macd_fast_days"": 12.0, ""macd_signal_days"": 9.0, ""macd_slow_days"": 24.0, ""peak_stop_drawdown"": 0.4, ""profit_lock_scheme"": [[3.0, 0.75], [4.0, 0.5]], ""q100_activation_gain"": 1.1, ""q100_distance_quantile"": 1.0, ""q100_reentry_rule"": ""ma20"", ""q100_trim_weight"": 0.5}",annual_net_eoy,343.9461250933216,0.25080459769330954,239.9095792280219,11.040231750794145,5.080594949844344
97.7162321439057,0.5561325520297882,0.4187237883972972,1.2667626928402014,-0.45748999572582316,1.21561685987792,0.6366068016813144,0.0026545815869554756,58,0.7049898102152592,15702,13,3,1,0,13/3/1/0,bear_buf015bp_slope30,bear_filter,start_date_cv_fast_slice,2016-01-01 00:00:00,2026-06-01 15:00:00,15702,"{""average_type"": ""sma"", ""bear_filter_buffer"": 0.015, ""bear_filter_require_20gt50"": false, ""bear_filter_slope_days"": 30, ""entry_confirm_bars"": 2, ""exit_confirm_bars"": 3, ""long_ma_days"": 200.0, ""macd_fast_days"": 12.0, ""macd_signal_days"": 9.0, ""macd_slow_days"": 24.0, ""peak_stop_drawdown"": 0.4, ""profit_lock_scheme"": [[3.0, 0.75], [4.0, 0.5]], ""q100_activation_gain"": 1.1, ""q100_distance_quantile"": 1.0, ""q100_reentry_rule"": ""ma20"", ""q100_trim_weight"": 0.5}",annual_net_eoy,97.7162321439057,0.2933639904555448,238.42684379532926,10.966754133887493,5.585021016431028
39.98943302359864,0.5568222710852677,0.4431989307510459,1.2216974539380803,-0.45748999572582294,1.21712447548028,0.6359192683695994,0.0025735364565918936,46,0.6861991485335857,12684,13,3,1,0,13/3/1/0,bear_buf015bp_slope30,bear_filter,start_date_cv_fast_slice,2018-01-01 00:00:00,2026-06-01 15:00:00,12684,"{""average_type"": ""sma"", ""bear_filter_buffer"": 0.015, ""bear_filter_require_20gt50"": false, ""bear_filter_slope_days"": 30, ""entry_confirm_bars"": 2, ""exit_confirm_bars"": 3, ""long_ma_days"": 200.0, ""macd_fast_days"": 12.0, ""macd_signal_days"": 9.0, ""macd_slow_days"": 24.0, ""peak_stop_drawdown"": 0.4, ""profit_lock_scheme"": [[3.0, 0.75], [4.0, 0.5]], ""q100_activation_gain"": 1.1, ""q100_distance_quantile"": 1.0, ""q100_reentry_rule"": ""ma20"", ""q100_trim_weight"": 0.5}",annual_net_eoy,39.98943302359864,0.3117473992532792,236.63124581688118,10.864516592610908,5.483443708609271
26.873111583501466,0.6829163472242714,0.45358072264919275,1.375678775017827,-0.3946167679357778,1.7305811681459342,0.6418373680943513,0.0020790796559799606,30,0.672589488930271,9666,10,2,0,0,10/2/0/0,bear_buf015bp_slope30,bear_filter,start_date_cv_fast_slice,2020-01-01 00:00:00,2026-06-01 15:00:00,9666,"{""average_type"": ""sma"", ""bear_filter_buffer"": 0.015, ""bear_filter_require_20gt50"": false, ""bear_filter_slope_days"": 30, ""entry_confirm_bars"": 2, ""exit_confirm_bars"": 3, ""long_ma_days"": 200.0, ""macd_fast_days"": 12.0, ""macd_signal_days"": 9.0, ""macd_slow_days"": 24.0, ""peak_stop_drawdown"": 0.4, ""profit_lock_scheme"": [[3.0, 0.75], [4.0, 0.5]], ""q100_activation_gain"": 1.1, ""q100_distance_quantile"": 1.0, ""q100_reentry_rule"": ""ma20"", ""q100_trim_weight"": 0.5}",annual_net_eoy,26.873111583501466,0.3263861729718884,234.06419253658993,10.491214741056812,4.692737430167598
5.356187979619134,0.5240767941144615,0.40577247951002,1.2425875677960223,-0.3122280255098977,1.6785065762709637,0.6725437010247137,0.0015761699610767396,14,0.6456449668474985,6636,6,1,0,0,6/1/0/0,bear_buf015bp_slope30,bear_filter,start_date_cv_fast_slice,2022-01-01 00:00:00,2026-06-01 15:00:00,6636,"{""average_type"": ""sma"", ""bear_filter_buffer"": 0.015, ""bear_filter_require_20gt50"": false, ""bear_filter_slope_days"": 30, ""entry_confirm_bars"": 2, ""exit_confirm_bars"": 3, ""long_ma_days"": 200.0, ""macd_fast_days"": 12.0, ""macd_signal_days"": 9.0, ""macd_slow_days"": 24.0, ""peak_stop_drawdown"": 0.4, ""profit_lock_scheme"": [[3.0, 0.75], [4.0, 0.5]], ""q100_activation_gain"": 1.1, ""q100_distance_quantile"": 1.0, ""q100_reentry_rule"": ""ma20"", ""q100_trim_weight"": 0.5}",annual_net_eoy,5.356187979619134,0.3552534141708766,216.87129752387784,9.128024773102903,3.1898734177215187
931.7475118156484,0.3245600221852156,0.4068837977876802,0.8950466109503554,-0.535734942257759,0.6058220149266642,0.6547955632883863,0.0027650021597886614,122,0.6850396911700739,36784,22,7,4,2,22/7/4/2,bear_buf015bp_slope30_20gt50,bear_filter,start_date_cv_fast_slice,2002-01-10 15:00:00,2026-06-01 15:00:00,36784,"{""average_type"": ""sma"", ""bear_filter_buffer"": 0.015, ""bear_filter_require_20gt50"": true, ""bear_filter_slope_days"": 30, ""entry_confirm_bars"": 2, ""exit_confirm_bars"": 3, ""long_ma_days"": 200.0, ""macd_fast_days"": 12.0, ""macd_signal_days"": 9.0, ""macd_slow_days"": 24.0, ""peak_stop_drawdown"": 0.4, ""profit_lock_scheme"": [[3.0, 0.75], [4.0, 0.5]], ""q100_activation_gain"": 1.1, ""q100_distance_quantile"": 1.0, ""q100_reentry_rule"": ""ma20"", ""q100_trim_weight"": 0.5}",annual_net_eoy,931.7475118156484,0.31417463571906035,296.24413850715615,14.090370314430196,5.014789038712483
1015.1040735922801,0.3450242818887339,0.4150282360870061,0.9225230502922703,-0.53573494225776,0.6440204934826357,0.640778073503596,0.0028231451227608054,120,0.7131632595277195,35318,22,7,4,2,22/7/4/2,bear_buf015bp_slope30_20gt50,bear_filter,start_date_cv_fast_slice,2003-01-01 00:00:00,2026-06-01 15:00:00,35318,"{""average_type"": ""sma"", ""bear_filter_buffer"": 0.015, ""bear_filter_require_20gt50"": true, ""bear_filter_slope_days"": 30, ""entry_confirm_bars"": 2, ""exit_confirm_bars"": 3, ""long_ma_days"": 200.0, ""macd_fast_days"": 12.0, ""macd_signal_days"": 9.0, ""macd_slow_days"": 24.0, ""peak_stop_drawdown"": 0.4, ""profit_lock_scheme"": [[3.0, 0.75], [4.0, 0.5]], ""q100_activation_gain"": 1.1, ""q100_distance_quantile"": 1.0, ""q100_reentry_rule"": ""ma20"", ""q100_trim_weight"": 0.5}",annual_net_eoy,1015.1040735922801,0.2860184551868712,296.2374267193717,14.06324296134926,5.13732374426638
384.9284300406534,0.30515780891923816,0.4075203916870047,0.8582126932225607,-0.5357349422577597,0.5696059466145792,0.640098189991719,0.0029193138366753256,119,0.7125133088844198,33812,21,7,4,2,21/7/4/2,bear_buf015bp_slope30_20gt50,bear_filter,start_date_cv_fast_slice,2004-01-01 00:00:00,2026-06-01 15:00:00,33812,"{""average_type"": ""sma"", ""bear_filter_buffer"": 0.015, ""bear_filter_require_20gt50"": true, ""bear_filter_slope_days"": 30, ""entry_confirm_bars"": 2, ""exit_confirm_bars"": 3, ""long_ma_days"": 200.0, ""macd_fast_days"": 12.0, ""macd_signal_days"": 9.0, ""macd_slow_days"": 24.0, ""peak_stop_drawdown"": 0.4, ""profit_lock_scheme"": [[3.0, 0.75], [4.0, 0.5]], ""q100_activation_gain"": 1.1, ""q100_distance_quantile"": 1.0, ""q100_reentry_rule"": ""ma20"", ""q100_trim_weight"": 0.5}",annual_net_eoy,384.9284300406534,0.2866319590763609,296.23557139725847,14.05551245254431,5.321424346385898
423.20167563757695,0.32730037237098575,0.40751257129650653,0.8995098415743232,-0.5279067864595428,0.6199965235644287,0.6381082084932524,0.0028695010352131393,113,0.7158753249969048,32308,23,9,4,2,23/9/4/2,bear_buf015bp_slope30_20gt50,bear_filter,start_date_cv_fast_slice,2005-01-01 00:00:00,2026-06-01 15:00:00,32308,"{""average_type"": ""sma"", ""bear_filter_buffer"": 0.015, ""bear_filter_require_20gt50"": true, ""bear_filter_slope_days"": 30, ""entry_confirm_bars"": 2, ""exit_confirm_bars"": 3, ""long_ma_days"": 200.0, ""macd_fast_days"": 12.0, ""macd_signal_days"": 9.0, ""macd_slow_days"": 24.0, ""peak_stop_drawdown"": 0.4, ""profit_lock_scheme"": [[3.0, 0.75], [4.0, 0.5]], ""q100_activation_gain"": 1.1, ""q100_distance_quantile"": 1.0, ""q100_reentry_rule"": ""ma20"", ""q100_trim_weight"": 0.5}",annual_net_eoy,423.20167563757695,0.2832301535313209,295.99850366590454,14.032924956312746,5.2883496347653836
556.9210820944664,0.3859697638541548,0.4154376675814885,0.9944293074276949,-0.5279067864595427,0.7311324153316875,0.6370494265428728,0.0027549098663867465,101,0.719569224467504,29296,23,8,4,2,23/8/4/2,bear_buf015bp_slope30_20gt50,bear_filter,start_date_cv_fast_slice,2007-01-01 00:00:00,2026-06-01 15:00:00,29296,"{""average_type"": ""sma"", ""bear_filter_buffer"": 0.015, ""bear_filter_require_20gt50"": true, ""bear_filter_slope_days"": 30, ""entry_confirm_bars"": 2, ""exit_confirm_bars"": 3, ""long_ma_days"": 200.0, ""macd_fast_days"": 12.0, ""macd_signal_days"": 9.0, ""macd_slow_days"": 24.0, ""peak_stop_drawdown"": 0.4, ""profit_lock_scheme"": [[3.0, 0.75], [4.0, 0.5]], ""q100_activation_gain"": 1.1, ""q100_distance_quantile"": 1.0, ""q100_reentry_rule"": ""ma20"", ""q100_trim_weight"": 0.5}",annual_net_eoy,556.9210820944664,0.2794442859192352,295.99165238506146,14.004377952799926,5.212725286728563
524.5840026977198,0.43409446652627337,0.41905599733964705,1.0709720599603936,-0.5279067864595437,0.8222937792438104,0.6250380633373934,0.002881693036147462,96,0.7421399208282582,26272,21,6,3,1,21/6/3/1,bear_buf015bp_slope30_20gt50,bear_filter,start_date_cv_fast_slice,2009-01-01 00:00:00,2026-06-01 15:00:00,26272,"{""average_type"": ""sma"", ""bear_filter_buffer"": 0.015, ""bear_filter_require_20gt50"": true, ""bear_filter_slope_days"": 30, ""entry_confirm_bars"": 2, ""exit_confirm_bars"": 3, ""long_ma_days"": 200.0, ""macd_fast_days"": 12.0, ""macd_signal_days"": 9.0, ""macd_slow_days"": 24.0, ""peak_stop_drawdown"": 0.4, ""profit_lock_scheme"": [[3.0, 0.75], [4.0, 0.5]], ""q100_activation_gain"": 1.1, ""q100_distance_quantile"": 1.0, ""q100_reentry_rule"": ""ma20"", ""q100_trim_weight"": 0.5}",annual_net_eoy,524.5840026977198,0.25676004111943956,295.97114864226376,13.951546434343912,5.524969549330085
295.457368795146,0.4156419698757492,0.41770306938801033,1.042098054025007,-0.5279067864595426,0.7873396980995298,0.6196688206785137,0.00293650401638393,93,0.7507067851373183,24760,20,6,3,1,20/6/3/1,bear_buf015bp_slope30_20gt50,bear_filter,start_date_cv_fast_slice,2010-01-01 00:00:00,2026-06-01 15:00:00,24760,"{""average_type"": ""sma"", ""bear_filter_buffer"": 0.015, ""bear_filter_require_20gt50"": true, ""bear_filter_slope_days"": 30, ""entry_confirm_bars"": 2, ""exit_confirm_bars"": 3, ""long_ma_days"": 200.0, ""macd_fast_days"": 12.0, ""macd_signal_days"": 9.0, ""macd_slow_days"": 24.0, ""peak_stop_drawdown"": 0.4, ""profit_lock_scheme"": [[3.0, 0.75], [4.0, 0.5]], ""q100_activation_gain"": 1.1, ""q100_distance_quantile"": 1.0, ""q100_reentry_rule"": ""ma20"", ""q100_trim_weight"": 0.5}",annual_net_eoy,295.457368795146,0.24812600162721793,295.96592616277485,13.929786103140195,5.679159935379644
282.3035310548934,0.4437407129659279,0.4108807862334571,1.1003516282111745,-0.45748999572582405,0.9699462657361885,0.6201823812801102,0.0027833723092595547,85,0.7453329318651066,23248,18,5,2,0,18/5/2/0,bear_buf015bp_slope30_20gt50,bear_filter,start_date_cv_fast_slice,2011-01-01 00:00:00,2026-06-01 15:00:00,23248,"{""average_type"": ""sma"", ""bear_filter_buffer"": 0.015, ""bear_filter_require_20gt50"": true, ""bear_filter_slope_days"": 30, ""entry_confirm_bars"": 2, ""exit_confirm_bars"": 3, ""long_ma_days"": 200.0, ""macd_fast_days"": 12.0, ""macd_signal_days"": 9.0, ""macd_slow_days"": 24.0, ""peak_stop_drawdown"": 0.4, ""profit_lock_scheme"": [[3.0, 0.75], [4.0, 0.5]], ""q100_activation_gain"": 1.1, ""q100_distance_quantile"": 1.0, ""q100_reentry_rule"": ""ma20"", ""q100_trim_weight"": 0.5}",annual_net_eoy,282.3035310548934,0.2534239418569303,295.93356868399366,13.918923007515927,5.528217481073641
332.6379127245985,0.5435673783355752,0.4082657723275347,1.2686184160073957,-0.45748999572582605,1.1881513987495704,0.6190640905272521,0.0024057519270833687,68,0.7434649404556011,20237,16,4,1,0,16/4/1/0,bear_buf015bp_slope30_20gt50,bear_filter,start_date_cv_fast_slice,2013-01-01 00:00:00,2026-06-01 15:00:00,20237,"{""average_type"": ""sma"", ""bear_filter_buffer"": 0.015, ""bear_filter_require_20gt50"": true, ""bear_filter_slope_days"": 30, ""entry_confirm_bars"": 2, ""exit_confirm_bars"": 3, ""long_ma_days"": 200.0, ""macd_fast_days"": 12.0, ""macd_signal_days"": 9.0, ""macd_slow_days"": 24.0, ""peak_stop_drawdown"": 0.4, ""profit_lock_scheme"": [[3.0, 0.75], [4.0, 0.5]], ""q100_activation_gain"": 1.1, ""q100_distance_quantile"": 1.0, ""q100_reentry_rule"": ""ma20"", ""q100_trim_weight"": 0.5}",annual_net_eoy,332.6379127245985,0.2551036538775265,295.648144488916,13.874410396987756,5.080594949844344
94.48006267825059,0.5511459220400339,0.4175882560016372,1.26138050232542,-0.4574899957258247,1.2047168838427178,0.6390268755572539,0.002654581586955475,58,0.6994491147624506,15702,13,3,1,0,13/3/1/0,bear_buf015bp_slope30_20gt50,bear_filter,start_date_cv_fast_slice,2016-01-01 00:00:00,2026-06-01 15:00:00,15702,"{""average_type"": ""sma"", ""bear_filter_buffer"": 0.015, ""bear_filter_require_20gt50"": true, ""bear_filter_slope_days"": 30, ""entry_confirm_bars"": 2, ""exit_confirm_bars"": 3, ""long_ma_days"": 200.0, ""macd_fast_days"": 12.0, ""macd_signal_days"": 9.0, ""macd_slow_days"": 24.0, ""peak_stop_drawdown"": 0.4, ""profit_lock_scheme"": [[3.0, 0.75], [4.0, 0.5]], ""q100_activation_gain"": 1.1, ""q100_distance_quantile"": 1.0, ""q100_reentry_rule"": ""ma20"", ""q100_trim_weight"": 0.5}",annual_net_eoy,94.48006267825059,0.29890468590835334,293.75957892633096,13.780821686654772,5.585021016431028
38.604438416784646,0.5504563102414741,0.44223261185821877,1.2141323996800055,-0.4574899957258247,1.2032095026868401,0.6364711447492905,0.0025735364565918936,46,0.6846223588773258,12684,13,3,1,0,13/3/1/0,bear_buf015bp_slope30_20gt50,bear_filter,start_date_cv_fast_slice,2018-01-01 00:00:00,2026-06-01 15:00:00,12684,"{""average_type"": ""sma"", ""bear_filter_buffer"": 0.015, ""bear_filter_require_20gt50"": true, ""bear_filter_slope_days"": 30, ""entry_confirm_bars"": 2, ""exit_confirm_bars"": 3, ""long_ma_days"": 200.0, ""macd_fast_days"": 12.0, ""macd_signal_days"": 9.0, ""macd_slow_days"": 24.0, ""peak_stop_drawdown"": 0.4, ""profit_lock_scheme"": [[3.0, 0.75], [4.0, 0.5]], ""q100_activation_gain"": 1.1, ""q100_distance_quantile"": 1.0, ""q100_reentry_rule"": ""ma20"", ""q100_trim_weight"": 0.5}",annual_net_eoy,38.604438416784646,0.31332418890953906,291.4673479468189,13.638769951000121,5.483443708609271
25.931305211209352,0.6738919269516088,0.45234208293253453,1.3663158207859847,-0.39461676793577793,1.7077123470366105,0.6425615559693773,0.0020790796559799606,30,0.6705203807159115,9666,10,2,0,0,10/2/0/0,bear_buf015bp_slope30_20gt50,bear_filter,start_date_cv_fast_slice,2020-01-01 00:00:00,2026-06-01 15:00:00,9666,"{""average_type"": ""sma"", ""bear_filter_buffer"": 0.015, ""bear_filter_require_20gt50"": true, ""bear_filter_slope_days"": 30, ""entry_confirm_bars"": 2, ""exit_confirm_bars"": 3, ""long_ma_days"": 200.0, ""macd_fast_days"": 12.0, ""macd_signal_days"": 9.0, ""macd_slow_days"": 24.0, ""peak_stop_drawdown"": 0.4, ""profit_lock_scheme"": [[3.0, 0.75], [4.0, 0.5]], ""q100_activation_gain"": 1.1, ""q100_distance_quantile"": 1.0, ""q100_reentry_rule"": ""ma20"", ""q100_trim_weight"": 0.5}",annual_net_eoy,25.931305211209352,0.32845528118624795,288.19427669642323,13.162798701232148,4.692737430167598
5.141418332364031,0.5121870768531089,0.4037517186564554,1.2273799292621221,-0.3372847681461607,1.5185597608462271,0.6735985533453888,0.0015761699610767396,14,0.6426311030741411,6636,6,1,0,0,6/1/0/0,bear_buf015bp_slope30_20gt50,bear_filter,start_date_cv_fast_slice,2022-01-01 00:00:00,2026-06-01 15:00:00,6636,"{""average_type"": ""sma"", ""bear_filter_buffer"": 0.015, ""bear_filter_require_20gt50"": true, ""bear_filter_slope_days"": 30, ""entry_confirm_bars"": 2, ""exit_confirm_bars"": 3, ""long_ma_days"": 200.0, ""macd_fast_days"": 12.0, ""macd_signal_days"": 9.0, ""macd_slow_days"": 24.0, ""peak_stop_drawdown"": 0.4, ""profit_lock_scheme"": [[3.0, 0.75], [4.0, 0.5]], ""q100_activation_gain"": 1.1, ""q100_distance_quantile"": 1.0, ""q100_reentry_rule"": ""ma20"", ""q100_trim_weight"": 0.5}",annual_net_eoy,5.141418332364031,0.35826727794423396,266.27281101854874,11.424689902636594,3.1898734177215187
739.2967038397132,0.3120380590378229,0.4075423678545835,0.8709434339217076,-0.5279067864595441,0.5910855231290643,0.6535178338408003,0.002819373625643381,124,0.6875135928664636,36784,25,9,5,3,25/9/5/3,bear_buf015bp_slope40,bear_filter,start_date_cv_fast_slice,2002-01-10 15:00:00,2026-06-01 15:00:00,36784,"{""average_type"": ""sma"", ""bear_filter_buffer"": 0.015, ""bear_filter_require_20gt50"": false, ""bear_filter_slope_days"": 40, ""entry_confirm_bars"": 2, ""exit_confirm_bars"": 3, ""long_ma_days"": 200.0, ""macd_fast_days"": 12.0, ""macd_signal_days"": 9.0, ""macd_slow_days"": 24.0, ""peak_stop_drawdown"": 0.4, ""profit_lock_scheme"": [[3.0, 0.75], [4.0, 0.5]], ""q100_activation_gain"": 1.1, ""q100_distance_quantile"": 1.0, ""q100_reentry_rule"": ""ma20"", ""q100_trim_weight"": 0.5}",annual_net_eoy,739.2967038397132,0.3117007340226706,234.8018672647547,11.4384060518809,5.096998695084819
805.4545730861779,0.3317836632421729,0.41570096487906566,0.8978959797499854,-0.5279067864595441,0.6284891040467785,0.6394473073220455,0.0028797734709118897,122,0.7157398493685939,35318,24,9,5,3,24/9/5/3,bear_buf015bp_slope40,bear_filter,start_date_cv_fast_slice,2003-01-01 00:00:00,2026-06-01 15:00:00,35318,"{""average_type"": ""sma"", ""bear_filter_buffer"": 0.015, ""bear_filter_require_20gt50"": false, ""bear_filter_slope_days"": 40, ""entry_confirm_bars"": 2, ""exit_confirm_bars"": 3, ""long_ma_days"": 200.0, ""macd_fast_days"": 12.0, ""macd_signal_days"": 9.0, ""macd_slow_days"": 24.0, ""peak_stop_drawdown"": 0.4, ""profit_lock_scheme"": [[3.0, 0.75], [4.0, 0.5]], ""q100_activation_gain"": 1.1, ""q100_distance_quantile"": 1.0, ""q100_reentry_rule"": ""ma20"", ""q100_trim_weight"": 0.5}",annual_net_eoy,805.4545730861779,0.2834418653459968,234.7951554769702,11.411278698799967,5.222945806670819
403.8238821414484,0.3079505951197261,0.40764178860477335,0.86328677456465,-0.5279067864595433,0.5833427472774614,0.6389151780432982,0.0029193138366753256,119,0.7150863598722347,33812,23,9,5,3,23/9/5/3,bear_buf015bp_slope40,bear_filter,start_date_cv_fast_slice,2004-01-01 00:00:00,2026-06-01 15:00:00,33812,"{""average_type"": ""sma"", ""bear_filter_buffer"": 0.015, ""bear_filter_require_20gt50"": false, ""bear_filter_slope_days"": 40, ""entry_confirm_bars"": 2, ""exit_confirm_bars"": 3, ""long_ma_days"": 200.0, ""macd_fast_days"": 12.0, ""macd_signal_days"": 9.0, ""macd_slow_days"": 24.0, ""peak_stop_drawdown"": 0.4, ""profit_lock_scheme"": [[3.0, 0.75], [4.0, 0.5]], ""q100_activation_gain"": 1.1, ""q100_distance_quantile"": 1.0, ""q100_reentry_rule"": ""ma20"", ""q100_trim_weight"": 0.5}",annual_net_eoy,403.8238821414484,0.28405890808854595,234.7936118727845,11.404847014692983,5.321424346385898
412.42962272607946,0.32570357765823754,0.40817608526121124,0.8957483771810348,-0.5279067864595441,0.6169717571592493,0.6362820354091866,0.0029314052075543563,115,0.7194348149065247,32308,23,9,4,2,23/9/4/2,bear_buf015bp_slope40,bear_filter,start_date_cv_fast_slice,2005-01-01 00:00:00,2026-06-01 15:00:00,32308,"{""average_type"": ""sma"", ""bear_filter_buffer"": 0.015, ""bear_filter_require_20gt50"": false, ""bear_filter_slope_days"": 40, ""entry_confirm_bars"": 2, ""exit_confirm_bars"": 3, ""long_ma_days"": 200.0, ""macd_fast_days"": 12.0, ""macd_signal_days"": 9.0, ""macd_slow_days"": 24.0, ""peak_stop_drawdown"": 0.4, ""profit_lock_scheme"": [[3.0, 0.75], [4.0, 0.5]], ""q100_activation_gain"": 1.1, ""q100_distance_quantile"": 1.0, ""q100_reentry_rule"": ""ma20"", ""q100_trim_weight"": 0.5}",annual_net_eoy,412.42962272607946,0.279670663621701,234.65986270315463,11.386817446969745,5.381948743345301
495.0013513937879,0.3775803748761788,0.4157365620114732,0.979396373390502,-0.5279067864595439,0.7152406155042196,0.6360253959584926,0.0028231785720120874,103,0.7213783451665756,29296,23,8,4,2,23/8/4/2,bear_buf015bp_slope40,bear_filter,start_date_cv_fast_slice,2007-01-01 00:00:00,2026-06-01 15:00:00,29296,"{""average_type"": ""sma"", ""bear_filter_buffer"": 0.015, ""bear_filter_require_20gt50"": false, ""bear_filter_slope_days"": 40, ""entry_confirm_bars"": 2, ""exit_confirm_bars"": 3, ""long_ma_days"": 200.0, ""macd_fast_days"": 12.0, ""macd_signal_days"": 9.0, ""macd_slow_days"": 24.0, ""peak_stop_drawdown"": 0.4, ""profit_lock_scheme"": [[3.0, 0.75], [4.0, 0.5]], ""q100_activation_gain"": 1.1, ""q100_distance_quantile"": 1.0, ""q100_reentry_rule"": ""ma20"", ""q100_trim_weight"": 0.5}",annual_net_eoy,495.0013513937879,0.2776351652201637,234.6543267371472,11.363750921938607,5.31594756963408
473.1501540996459,0.4256196927818052,0.41953682471861287,1.056081972944081,-0.5279067864595447,0.806240237289357,0.6234394031668696,0.002957819710934307,98,0.7450327344701584,26272,21,6,3,1,21/6/3/1,bear_buf015bp_slope40,bear_filter,start_date_cv_fast_slice,2009-01-01 00:00:00,2026-06-01 15:00:00,26272,"{""average_type"": ""sma"", ""bear_filter_buffer"": 0.015, ""bear_filter_require_20gt50"": false, ""bear_filter_slope_days"": 40, ""entry_confirm_bars"": 2, ""exit_confirm_bars"": 3, ""long_ma_days"": 200.0, ""macd_fast_days"": 12.0, ""macd_signal_days"": 9.0, ""macd_slow_days"": 24.0, ""peak_stop_drawdown"": 0.4, ""profit_lock_scheme"": [[3.0, 0.75], [4.0, 0.5]], ""q100_activation_gain"": 1.1, ""q100_distance_quantile"": 1.0, ""q100_reentry_rule"": ""ma20"", ""q100_trim_weight"": 0.5}",annual_net_eoy,473.1501540996459,0.25386722747753937,234.60077962568235,11.316544337659368,5.640073081607795
266.4459389492458,0.40676698211629825,0.4182147600222511,1.0262802243757878,-0.5279067864595436,0.7705280412178809,0.6179725363489499,0.0030172794606488735,95,0.7537762520193861,24760,20,6,3,1,20/6/3/1,bear_buf015bp_slope40,bear_filter,start_date_cv_fast_slice,2010-01-01 00:00:00,2026-06-01 15:00:00,24760,"{""average_type"": ""sma"", ""bear_filter_buffer"": 0.015, ""bear_filter_require_20gt50"": false, ""bear_filter_slope_days"": 40, ""entry_confirm_bars"": 2, ""exit_confirm_bars"": 3, ""long_ma_days"": 200.0, ""macd_fast_days"": 12.0, ""macd_signal_days"": 9.0, ""macd_slow_days"": 24.0, ""peak_stop_drawdown"": 0.4, ""profit_lock_scheme"": [[3.0, 0.75], [4.0, 0.5]], ""q100_activation_gain"": 1.1, ""q100_distance_quantile"": 1.0, ""q100_reentry_rule"": ""ma20"", ""q100_trim_weight"": 0.5}",annual_net_eoy,266.4459389492458,0.24505653474515007,234.5961850574921,11.297400303533477,5.801292407108239
254.6625901750518,0.4341332461014713,0.41143464199781804,1.0831776904758614,-0.486229912625625,0.8928558997063067,0.6183757742601514,0.002869401214971874,87,0.7486020302821748,23248,18,5,2,0,18/5/2/0,bear_buf015bp_slope40,bear_filter,start_date_cv_fast_slice,2011-01-01 00:00:00,2026-06-01 15:00:00,23248,"{""average_type"": ""sma"", ""bear_filter_buffer"": 0.015, ""bear_filter_require_20gt50"": false, ""bear_filter_slope_days"": 40, ""entry_confirm_bars"": 2, ""exit_confirm_bars"": 3, ""long_ma_days"": 200.0, ""macd_fast_days"": 12.0, ""macd_signal_days"": 9.0, ""macd_slow_days"": 24.0, ""peak_stop_drawdown"": 0.4, ""profit_lock_scheme"": [[3.0, 0.75], [4.0, 0.5]], ""q100_activation_gain"": 1.1, ""q100_distance_quantile"": 1.0, ""q100_reentry_rule"": ""ma20"", ""q100_trim_weight"": 0.5}",annual_net_eoy,254.6625901750518,0.25015484343986216,234.5667309993284,11.287843304083564,5.658293186510668
321.26054268330387,0.5395711775750998,0.408255321945086,1.2622741409936973,-0.45546445694739424,1.1846614359140208,0.6185205316993626,0.0024057519270833687,68,0.7445026436724811,20237,16,4,1,0,16/4/1/0,bear_buf015bp_slope40,bear_filter,start_date_cv_fast_slice,2013-01-01 00:00:00,2026-06-01 15:00:00,20237,"{""average_type"": ""sma"", ""bear_filter_buffer"": 0.015, ""bear_filter_require_20gt50"": false, ""bear_filter_slope_days"": 40, ""entry_confirm_bars"": 2, ""exit_confirm_bars"": 3, ""long_ma_days"": 200.0, ""macd_fast_days"": 12.0, ""macd_signal_days"": 9.0, ""macd_slow_days"": 24.0, ""peak_stop_drawdown"": 0.4, ""profit_lock_scheme"": [[3.0, 0.75], [4.0, 0.5]], ""q100_activation_gain"": 1.1, ""q100_distance_quantile"": 1.0, ""q100_reentry_rule"": ""ma20"", ""q100_trim_weight"": 0.5}",annual_net_eoy,321.26054268330387,0.2540659506606465,234.36848235026306,11.25223499584273,5.080594949844344
91.22410176006144,0.5459722008243704,0.4175751328057742,1.2533851105138665,-0.45546445694739635,1.1987152729404462,0.638326327856324,0.0026545815869554756,58,0.7007865240096803,15702,13,3,1,0,13/3/1/0,bear_buf015bp_slope40,bear_filter,start_date_cv_fast_slice,2016-01-01 00:00:00,2026-06-01 15:00:00,15702,"{""average_type"": ""sma"", ""bear_filter_buffer"": 0.015, ""bear_filter_require_20gt50"": false, ""bear_filter_slope_days"": 40, ""entry_confirm_bars"": 2, ""exit_confirm_bars"": 3, ""long_ma_days"": 200.0, ""macd_fast_days"": 12.0, ""macd_signal_days"": 9.0, ""macd_slow_days"": 24.0, ""peak_stop_drawdown"": 0.4, ""profit_lock_scheme"": [[3.0, 0.75], [4.0, 0.5]], ""q100_activation_gain"": 1.1, ""q100_distance_quantile"": 1.0, ""q100_reentry_rule"": ""ma20"", ""q100_trim_weight"": 0.5}",annual_net_eoy,91.22410176006144,0.29756727666112365,232.81665985141538,11.175333738502175,5.585021016431028
38.76687992078948,0.5512130125487453,0.4422025223452327,1.2152719679425028,-0.4554644569473961,1.210221794787398,0.6370230211289813,0.0025735364565918936,46,0.6835186061179439,12684,13,3,1,0,13/3/1/0,bear_buf015bp_slope40,bear_filter,start_date_cv_fast_slice,2018-01-01 00:00:00,2026-06-01 15:00:00,12684,"{""average_type"": ""sma"", ""bear_filter_buffer"": 0.015, ""bear_filter_require_20gt50"": false, ""bear_filter_slope_days"": 40, ""entry_confirm_bars"": 2, ""exit_confirm_bars"": 3, ""long_ma_days"": 200.0, ""macd_fast_days"": 12.0, ""macd_signal_days"": 9.0, ""macd_slow_days"": 24.0, ""peak_stop_drawdown"": 0.4, ""profit_lock_scheme"": [[3.0, 0.75], [4.0, 0.5]], ""q100_activation_gain"": 1.1, ""q100_distance_quantile"": 1.0, ""q100_reentry_rule"": ""ma20"", ""q100_trim_weight"": 0.5}",annual_net_eoy,38.76687992078948,0.31442794166892096,231.08676299677302,11.06555880679771,5.483443708609271
25.943006614353564,0.6740056722303973,0.45254054430136337,1.366044987738027,-0.3946167679357786,1.7080005894227168,0.6423546451479413,0.0020790796559799606,30,0.6711411131802193,9666,10,2,0,0,10/2/0/0,bear_buf015bp_slope40,bear_filter,start_date_cv_fast_slice,2020-01-01 00:00:00,2026-06-01 15:00:00,9666,"{""average_type"": ""sma"", ""bear_filter_buffer"": 0.015, ""bear_filter_require_20gt50"": false, ""bear_filter_slope_days"": 40, ""entry_confirm_bars"": 2, ""exit_confirm_bars"": 3, ""long_ma_days"": 200.0, ""macd_fast_days"": 12.0, ""macd_signal_days"": 9.0, ""macd_slow_days"": 24.0, ""peak_stop_drawdown"": 0.4, ""profit_lock_scheme"": [[3.0, 0.75], [4.0, 0.5]], ""q100_activation_gain"": 1.1, ""q100_distance_quantile"": 1.0, ""q100_reentry_rule"": ""ma20"", ""q100_trim_weight"": 0.5}",annual_net_eoy,25.943006614353564,0.32783454872194007,228.4975790002037,10.680809386175127,4.692737430167598
5.145357894522728,0.5124080414433663,0.4040645516232185,1.2270697239461554,-0.31222802550989615,1.6411340417201765,0.6732971669680531,0.0015761699610767393,14,0.6435352622061483,6636,6,1,0,0,6/1/0/0,bear_buf015bp_slope40,bear_filter,start_date_cv_fast_slice,2022-01-01 00:00:00,2026-06-01 15:00:00,6636,"{""average_type"": ""sma"", ""bear_filter_buffer"": 0.015, ""bear_filter_require_20gt50"": false, ""bear_filter_slope_days"": 40, ""entry_confirm_bars"": 2, ""exit_confirm_bars"": 3, ""long_ma_days"": 200.0, ""macd_fast_days"": 12.0, ""macd_signal_days"": 9.0, ""macd_slow_days"": 24.0, ""peak_stop_drawdown"": 0.4, ""profit_lock_scheme"": [[3.0, 0.75], [4.0, 0.5]], ""q100_activation_gain"": 1.1, ""q100_distance_quantile"": 1.0, ""q100_reentry_rule"": ""ma20"", ""q100_trim_weight"": 0.5}",annual_net_eoy,5.145357894522728,0.3573631188122268,211.090884232552,9.302154141738757,3.1898734177215187
738.4678704102716,0.3119776455449488,0.40590758360857,0.8726909664169993,-0.5347090062822797,0.5834531340963646,0.6564538929969552,0.0027650021597886614,122,0.6815327316224445,36784,22,7,4,2,22/7/4/2,bear_buf015bp_slope40_20gt50,bear_filter,start_date_cv_fast_slice,2002-01-10 15:00:00,2026-06-01 15:00:00,36784,"{""average_type"": ""sma"", ""bear_filter_buffer"": 0.015, ""bear_filter_require_20gt50"": true, ""bear_filter_slope_days"": 40, ""entry_confirm_bars"": 2, ""exit_confirm_bars"": 3, ""long_ma_days"": 200.0, ""macd_fast_days"": 12.0, ""macd_signal_days"": 9.0, ""macd_slow_days"": 24.0, ""peak_stop_drawdown"": 0.4, ""profit_lock_scheme"": [[3.0, 0.75], [4.0, 0.5]], ""q100_activation_gain"": 1.1, ""q100_distance_quantile"": 1.0, ""q100_reentry_rule"": ""ma20"", ""q100_trim_weight"": 0.5}",annual_net_eoy,738.4678704102716,0.31768159526668976,234.63745258206382,11.667129962886033,5.014789038712483
804.5516695529859,0.3317197951957227,0.41403175760484984,0.8997186661178674,-0.5347090062822817,0.620374430388035,0.642505238122204,0.0028231451227608054,120,0.7095107310719746,35318,22,7,4,2,22/7/4/2,bear_buf015bp_slope40_20gt50,bear_filter,start_date_cv_fast_slice,2003-01-01 00:00:00,2026-06-01 15:00:00,35318,"{""average_type"": ""sma"", ""bear_filter_buffer"": 0.015, ""bear_filter_require_20gt50"": true, ""bear_filter_slope_days"": 40, ""entry_confirm_bars"": 2, ""exit_confirm_bars"": 3, ""long_ma_days"": 200.0, ""macd_fast_days"": 12.0, ""macd_signal_days"": 9.0, ""macd_slow_days"": 24.0, ""peak_stop_drawdown"": 0.4, ""profit_lock_scheme"": [[3.0, 0.75], [4.0, 0.5]], ""q100_activation_gain"": 1.1, ""q100_distance_quantile"": 1.0, ""q100_reentry_rule"": ""ma20"", ""q100_trim_weight"": 0.5}",annual_net_eoy,804.5516695529859,0.2896709836426161,234.63074079427935,11.6400026098051,5.13732374426638
331.9207581459422,0.2965631226117402,0.4067010287791226,0.8428590991842408,-0.5347090062822792,0.5546252618291996,0.6415473796285343,0.002919313836675326,119,0.7095262037146575,33812,21,7,4,2,21/7/4/2,bear_buf015bp_slope40_20gt50,bear_filter,start_date_cv_fast_slice,2004-01-01 00:00:00,2026-06-01 15:00:00,33812,"{""average_type"": ""sma"", ""bear_filter_buffer"": 0.015, ""bear_filter_require_20gt50"": true, ""bear_filter_slope_days"": 40, ""entry_confirm_bars"": 2, ""exit_confirm_bars"": 3, ""long_ma_days"": 200.0, ""macd_fast_days"": 12.0, ""macd_signal_days"": 9.0, ""macd_slow_days"": 24.0, ""peak_stop_drawdown"": 0.4, ""profit_lock_scheme"": [[3.0, 0.75], [4.0, 0.5]], ""q100_activation_gain"": 1.1, ""q100_distance_quantile"": 1.0, ""q100_reentry_rule"": ""ma20"", ""q100_trim_weight"": 0.5}",annual_net_eoy,331.9207581459422,0.2896190642461231,234.6287582239513,11.631741900105052,5.321424346385898
347.3372692512012,0.31511721977548257,0.4069716940508083,0.8774910082687467,-0.527906786459543,0.5969182966728769,0.6390367710783706,0.0029314052075543554,115,0.7136158227064504,32308,23,9,5,2,23/9/5/2,bear_buf015bp_slope40_20gt50,bear_filter,start_date_cv_fast_slice,2005-01-01 00:00:00,2026-06-01 15:00:00,32308,"{""average_type"": ""sma"", ""bear_filter_buffer"": 0.015, ""bear_filter_require_20gt50"": true, ""bear_filter_slope_days"": 40, ""entry_confirm_bars"": 2, ""exit_confirm_bars"": 3, ""long_ma_days"": 200.0, ""macd_fast_days"": 12.0, ""macd_signal_days"": 9.0, ""macd_slow_days"": 24.0, ""peak_stop_drawdown"": 0.4, ""profit_lock_scheme"": [[3.0, 0.75], [4.0, 0.5]], ""q100_activation_gain"": 1.1, ""q100_distance_quantile"": 1.0, ""q100_reentry_rule"": ""ma20"", ""q100_trim_weight"": 0.5}",annual_net_eoy,347.3372692512012,0.28548965582177527,234.4118173597987,11.609842911496356,5.381948743345301
479.2288274536157,0.375284675349677,0.41493269004112676,0.9764657934387058,-0.527906786459543,0.7108919320142848,0.6378345166575642,0.002823178572012088,103,0.7174528945931186,29296,23,8,4,2,23/8/4/2,bear_buf015bp_slope40_20gt50,bear_filter,start_date_cv_fast_slice,2007-01-01 00:00:00,2026-06-01 15:00:00,29296,"{""average_type"": ""sma"", ""bear_filter_buffer"": 0.015, ""bear_filter_require_20gt50"": true, ""bear_filter_slope_days"": 40, ""entry_confirm_bars"": 2, ""exit_confirm_bars"": 3, ""long_ma_days"": 200.0, ""macd_fast_days"": 12.0, ""macd_signal_days"": 9.0, ""macd_slow_days"": 24.0, ""peak_stop_drawdown"": 0.4, ""profit_lock_scheme"": [[3.0, 0.75], [4.0, 0.5]], ""q100_activation_gain"": 1.1, ""q100_distance_quantile"": 1.0, ""q100_reentry_rule"": ""ma20"", ""q100_trim_weight"": 0.5}",annual_net_eoy,479.2288274536157,0.28156061579362085,234.40530280598858,11.582698937287534,5.31594756963408
448.5883923244279,0.42126216073794054,0.41872730379798095,1.0499997298259798,-0.5279067864595437,0.7979858784600491,0.6254567600487211,0.002957819710934307,98,0.7406554506699148,26272,21,6,3,1,21/6/3/1,bear_buf015bp_slope40_20gt50,bear_filter,start_date_cv_fast_slice,2009-01-01 00:00:00,2026-06-01 15:00:00,26272,"{""average_type"": ""sma"", ""bear_filter_buffer"": 0.015, ""bear_filter_require_20gt50"": true, ""bear_filter_slope_days"": 40, ""entry_confirm_bars"": 2, ""exit_confirm_bars"": 3, ""long_ma_days"": 200.0, ""macd_fast_days"": 12.0, ""macd_signal_days"": 9.0, ""macd_slow_days"": 24.0, ""peak_stop_drawdown"": 0.4, ""profit_lock_scheme"": [[3.0, 0.75], [4.0, 0.5]], ""q100_activation_gain"": 1.1, ""q100_distance_quantile"": 1.0, ""q100_reentry_rule"": ""ma20"", ""q100_trim_weight"": 0.5}",annual_net_eoy,448.5883923244279,0.25824451127778303,234.3933714670173,11.53298502490722,5.640073081607795
252.5917972107623,0.40220492211381886,0.41735295303021014,1.0197509868074295,-0.5279067864595428,0.7618862504330443,0.6201130856219709,0.0030172794606488735,95,0.7491316639741519,24760,20,6,3,1,20/6/3/1,bear_buf015bp_slope40_20gt50,bear_filter,start_date_cv_fast_slice,2010-01-01 00:00:00,2026-06-01 15:00:00,24760,"{""average_type"": ""sma"", ""bear_filter_buffer"": 0.015, ""bear_filter_require_20gt50"": true, ""bear_filter_slope_days"": 40, ""entry_confirm_bars"": 2, ""exit_confirm_bars"": 3, ""long_ma_days"": 200.0, ""macd_fast_days"": 12.0, ""macd_signal_days"": 9.0, ""macd_slow_days"": 24.0, ""peak_stop_drawdown"": 0.4, ""profit_lock_scheme"": [[3.0, 0.75], [4.0, 0.5]], ""q100_activation_gain"": 1.1, ""q100_distance_quantile"": 1.0, ""q100_reentry_rule"": ""ma20"", ""q100_trim_weight"": 0.5}",annual_net_eoy,252.5917972107623,0.24970112279038434,234.3885313150137,11.51281772489227,5.801292407108239
240.46245878654227,0.4288130973069,0.4105042134793453,1.0756442685438292,-0.4929269808026383,0.8699322901916609,0.6206555402615279,0.002869401214971874,87,0.7436553682037165,23248,18,5,2,0,18/5/2/0,bear_buf015bp_slope40_20gt50,bear_filter,start_date_cv_fast_slice,2011-01-01 00:00:00,2026-06-01 15:00:00,23248,"{""average_type"": ""sma"", ""bear_filter_buffer"": 0.015, ""bear_filter_require_20gt50"": true, ""bear_filter_slope_days"": 40, ""entry_confirm_bars"": 2, ""exit_confirm_bars"": 3, ""long_ma_days"": 200.0, ""macd_fast_days"": 12.0, ""macd_signal_days"": 9.0, ""macd_slow_days"": 24.0, ""peak_stop_drawdown"": 0.4, ""profit_lock_scheme"": [[3.0, 0.75], [4.0, 0.5]], ""q100_activation_gain"": 1.1, ""q100_distance_quantile"": 1.0, ""q100_reentry_rule"": ""ma20"", ""q100_trim_weight"": 0.5}",annual_net_eoy,240.46245878654227,0.25510150551832056,234.37014615162482,11.502749895202793,5.658293186510668
310.6986607250386,0.5357427971997681,0.40735170524233216,1.2580547267102078,-0.4554644569473961,1.1762559932566676,0.6204476948164254,0.0024057519270833687,68,0.7402035874882641,20237,16,4,1,0,16/4/1/0,bear_buf015bp_slope40_20gt50,bear_filter,start_date_cv_fast_slice,2013-01-01 00:00:00,2026-06-01 15:00:00,20237,"{""average_type"": ""sma"", ""bear_filter_buffer"": 0.015, ""bear_filter_require_20gt50"": true, ""bear_filter_slope_days"": 40, ""entry_confirm_bars"": 2, ""exit_confirm_bars"": 3, ""long_ma_days"": 200.0, ""macd_fast_days"": 12.0, ""macd_signal_days"": 9.0, ""macd_slow_days"": 24.0, ""peak_stop_drawdown"": 0.4, ""profit_lock_scheme"": [[3.0, 0.75], [4.0, 0.5]], ""q100_activation_gain"": 1.1, ""q100_distance_quantile"": 1.0, ""q100_reentry_rule"": ""ma20"", ""q100_trim_weight"": 0.5}",annual_net_eoy,310.6986607250386,0.2583650068448636,234.1794843919715,11.464159302725902,5.080594949844344
88.20151615778406,0.5410193861719148,0.41643628065444155,1.2479633468796982,-0.45546445694739757,1.187841066233623,0.6407464017322634,0.002654581586955475,58,0.6952458285568718,15702,13,3,1,0,13/3/1/0,bear_buf015bp_slope40_20gt50,bear_filter,start_date_cv_fast_slice,2016-01-01 00:00:00,2026-06-01 15:00:00,15702,"{""average_type"": ""sma"", ""bear_filter_buffer"": 0.015, ""bear_filter_require_20gt50"": true, ""bear_filter_slope_days"": 40, ""entry_confirm_bars"": 2, ""exit_confirm_bars"": 3, ""long_ma_days"": 200.0, ""macd_fast_days"": 12.0, ""macd_signal_days"": 9.0, ""macd_slow_days"": 24.0, ""peak_stop_drawdown"": 0.4, ""profit_lock_scheme"": [[3.0, 0.75], [4.0, 0.5]], ""q100_activation_gain"": 1.1, ""q100_distance_quantile"": 1.0, ""q100_reentry_rule"": ""ma20"", ""q100_trim_weight"": 0.5}",annual_net_eoy,88.20151615778406,0.3031079721139322,232.57687480980007,11.384741268777741,5.585021016431028
37.42366473601771,0.5448722433819064,0.44123372096146873,1.2076855684169943,-0.45546445694739535,1.1963002492746375,0.6375748975086724,0.0025735364565918936,46,0.6819418164616841,12684,13,3,1,0,13/3/1/0,bear_buf015bp_slope40_20gt50,bear_filter,start_date_cv_fast_slice,2018-01-01 00:00:00,2026-06-01 15:00:00,12684,"{""average_type"": ""sma"", ""bear_filter_buffer"": 0.015, ""bear_filter_require_20gt50"": true, ""bear_filter_slope_days"": 40, ""entry_confirm_bars"": 2, ""exit_confirm_bars"": 3, ""long_ma_days"": 200.0, ""macd_fast_days"": 12.0, ""macd_signal_days"": 9.0, ""macd_slow_days"": 24.0, ""peak_stop_drawdown"": 0.4, ""profit_lock_scheme"": [[3.0, 0.75], [4.0, 0.5]], ""q100_activation_gain"": 1.1, ""q100_distance_quantile"": 1.0, ""q100_reentry_rule"": ""ma20"", ""q100_trim_weight"": 0.5}",annual_net_eoy,37.42366473601771,0.3160047313251808,230.7861526213049,11.261740752855584,5.483443708609271
25.03294639137623,0.665032223534078,0.4512986491266435,1.35664766759597,-0.39461676793577727,1.685260935597927,0.6430788330229671,0.0020790796559799606,30,0.6690720049658597,9666,10,2,0,0,10/2/0/0,bear_buf015bp_slope40_20gt50,bear_filter,start_date_cv_fast_slice,2020-01-01 00:00:00,2026-06-01 15:00:00,9666,"{""average_type"": ""sma"", ""bear_filter_buffer"": 0.015, ""bear_filter_require_20gt50"": true, ""bear_filter_slope_days"": 40, ""entry_confirm_bars"": 2, ""exit_confirm_bars"": 3, ""long_ma_days"": 200.0, ""macd_fast_days"": 12.0, ""macd_signal_days"": 9.0, ""macd_slow_days"": 24.0, ""peak_stop_drawdown"": 0.4, ""profit_lock_scheme"": [[3.0, 0.75], [4.0, 0.5]], ""q100_activation_gain"": 1.1, ""q100_distance_quantile"": 1.0, ""q100_reentry_rule"": ""ma20"", ""q100_trim_weight"": 0.5}",annual_net_eoy,25.03294639137623,0.3299036569362997,228.10945606102013,10.863987077521356,4.692737430167598
4.937784706577812,0.5006135418561357,0.40203451476131086,1.2117537690899878,-0.3372847681461594,1.4842459225410358,0.6743520192887281,0.0015761699610767396,14,0.6405213984327909,6636,6,1,0,0,6/1/0/0,bear_buf015bp_slope40_20gt50,bear_filter,start_date_cv_fast_slice,2022-01-01 00:00:00,2026-06-01 15:00:00,6636,"{""average_type"": ""sma"", ""bear_filter_buffer"": 0.015, ""bear_filter_require_20gt50"": true, ""bear_filter_slope_days"": 40, ""entry_confirm_bars"": 2, ""exit_confirm_bars"": 3, ""long_ma_days"": 200.0, ""macd_fast_days"": 12.0, ""macd_signal_days"": 9.0, ""macd_slow_days"": 24.0, ""peak_stop_drawdown"": 0.4, ""profit_lock_scheme"": [[3.0, 0.75], [4.0, 0.5]], ""q100_activation_gain"": 1.1, ""q100_distance_quantile"": 1.0, ""q100_reentry_rule"": ""ma20"", ""q100_trim_weight"": 0.5}",annual_net_eoy,4.937784706577812,0.3603769825855842,210.11442748358613,9.438734273745752,3.1898734177215187
694.4495840837294,0.3086720928453639,0.40856808509671017,0.863477613936545,-0.5379953189059204,0.5737449416345973,0.6522672901261418,0.002819373625643381,124,0.690177794693345,36784,24,8,4,2,24/8/4/2,bear_buf020bp_slope20,bear_filter,start_date_cv_fast_slice,2002-01-10 15:00:00,2026-06-01 15:00:00,36784,"{""average_type"": ""sma"", ""bear_filter_buffer"": 0.02, ""bear_filter_require_20gt50"": false, ""bear_filter_slope_days"": 20, ""entry_confirm_bars"": 2, ""exit_confirm_bars"": 3, ""long_ma_days"": 200.0, ""macd_fast_days"": 12.0, ""macd_signal_days"": 9.0, ""macd_slow_days"": 24.0, ""peak_stop_drawdown"": 0.4, ""profit_lock_scheme"": [[3.0, 0.75], [4.0, 0.5]], ""q100_activation_gain"": 1.1, ""q100_distance_quantile"": 1.0, ""q100_reentry_rule"": ""ma20"", ""q100_trim_weight"": 0.5}",annual_net_eoy,694.4495840837294,0.30903653219578936,220.50241207440857,10.557835166636462,5.096998695084819
756.5996144873262,0.3282254111919185,0.41674835550006467,0.8902488373849341,-0.5379953189059228,0.6100897157607315,0.6381448553145704,0.0028797734709118897,122,0.718514638427997,35318,24,8,4,2,24/8/4/2,bear_buf020bp_slope20,bear_filter,start_date_cv_fast_slice,2003-01-01 00:00:00,2026-06-01 15:00:00,35318,"{""average_type"": ""sma"", ""bear_filter_buffer"": 0.02, ""bear_filter_require_20gt50"": false, ""bear_filter_slope_days"": 20, ""entry_confirm_bars"": 2, ""exit_confirm_bars"": 3, ""long_ma_days"": 200.0, ""macd_fast_days"": 12.0, ""macd_signal_days"": 9.0, ""macd_slow_days"": 24.0, ""peak_stop_drawdown"": 0.4, ""profit_lock_scheme"": [[3.0, 0.75], [4.0, 0.5]], ""q100_activation_gain"": 1.1, ""q100_distance_quantile"": 1.0, ""q100_reentry_rule"": ""ma20"", ""q100_trim_weight"": 0.5}",annual_net_eoy,756.5996144873262,0.2806670762865937,220.49570028662407,10.530707813555528,5.222945806670819
376.4006835009632,0.3038543494733248,0.4078535656991868,0.8553574967644485,-0.5379953189059214,0.5647899503870207,0.6382645214716669,0.0029193138366753256,119,0.7165355495090501,33812,22,8,4,2,22/8/4/2,bear_buf020bp_slope20,bear_filter,start_date_cv_fast_slice,2004-01-01 00:00:00,2026-06-01 15:00:00,33812,"{""average_type"": ""sma"", ""bear_filter_buffer"": 0.02, ""bear_filter_require_20gt50"": false, ""bear_filter_slope_days"": 20, ""entry_confirm_bars"": 2, ""exit_confirm_bars"": 3, ""long_ma_days"": 200.0, ""macd_fast_days"": 12.0, ""macd_signal_days"": 9.0, ""macd_slow_days"": 24.0, ""peak_stop_drawdown"": 0.4, ""profit_lock_scheme"": [[3.0, 0.75], [4.0, 0.5]], ""q100_activation_gain"": 1.1, ""q100_distance_quantile"": 1.0, ""q100_reentry_rule"": ""ma20"", ""q100_trim_weight"": 0.5}",annual_net_eoy,376.4006835009632,0.2826097184517306,220.49433997370124,10.525039843043714,5.321424346385898
400.01302797454883,0.3238130460591846,0.408169868729931,0.8922623597912541,-0.5279067864595437,0.6133905726631534,0.6361891791506747,0.0028695010352131393,113,0.7200848087161075,32308,24,10,4,2,24/10/4/2,bear_buf020bp_slope20,bear_filter,start_date_cv_fast_slice,2005-01-01 00:00:00,2026-06-01 15:00:00,32308,"{""average_type"": ""sma"", ""bear_filter_buffer"": 0.02, ""bear_filter_require_20gt50"": false, ""bear_filter_slope_days"": 20, ""entry_confirm_bars"": 2, ""exit_confirm_bars"": 3, ""long_ma_days"": 200.0, ""macd_fast_days"": 12.0, ""macd_signal_days"": 9.0, ""macd_slow_days"": 24.0, ""peak_stop_drawdown"": 0.4, ""profit_lock_scheme"": [[3.0, 0.75], [4.0, 0.5]], ""q100_activation_gain"": 1.1, ""q100_distance_quantile"": 1.0, ""q100_reentry_rule"": ""ma20"", ""q100_trim_weight"": 0.5}",annual_net_eoy,400.01302797454883,0.27902066981211826,220.37402907077592,10.50781823359726,5.2883496347653836
539.4624738281184,0.3836974770977011,0.4161323802757677,0.9895097714084622,-0.5279067864595428,0.7268280820388857,0.6351720371381758,0.002754909866386746,101,0.723938421627526,29296,24,9,4,2,24/9/4/2,bear_buf020bp_slope20,bear_filter,start_date_cv_fast_slice,2007-01-01 00:00:00,2026-06-01 15:00:00,29296,"{""average_type"": ""sma"", ""bear_filter_buffer"": 0.02, ""bear_filter_require_20gt50"": false, ""bear_filter_slope_days"": 20, ""entry_confirm_bars"": 2, ""exit_confirm_bars"": 3, ""long_ma_days"": 200.0, ""macd_fast_days"": 12.0, ""macd_signal_days"": 9.0, ""macd_slow_days"": 24.0, ""peak_stop_drawdown"": 0.4, ""profit_lock_scheme"": [[3.0, 0.75], [4.0, 0.5]], ""q100_activation_gain"": 1.1, ""q100_distance_quantile"": 1.0, ""q100_reentry_rule"": ""ma20"", ""q100_trim_weight"": 0.5}",annual_net_eoy,539.4624738281184,0.2750750887592134,220.36870605505223,10.48563900141528,5.212725286728563
511.62308445113035,0.4320351232374178,0.42007324152676884,1.0659625764989087,-0.5279067864595431,0.8183928191848077,0.6224497563946407,0.002881693036147462,96,0.7480016747868453,26272,22,7,3,1,22/7/3/1,bear_buf020bp_slope20,bear_filter,start_date_cv_fast_slice,2009-01-01 00:00:00,2026-06-01 15:00:00,26272,"{""average_type"": ""sma"", ""bear_filter_buffer"": 0.02, ""bear_filter_require_20gt50"": false, ""bear_filter_slope_days"": 20, ""entry_confirm_bars"": 2, ""exit_confirm_bars"": 3, ""long_ma_days"": 200.0, ""macd_fast_days"": 12.0, ""macd_signal_days"": 9.0, ""macd_slow_days"": 24.0, ""peak_stop_drawdown"": 0.4, ""profit_lock_scheme"": [[3.0, 0.75], [4.0, 0.5]], ""q100_activation_gain"": 1.1, ""q100_distance_quantile"": 1.0, ""q100_reentry_rule"": ""ma20"", ""q100_trim_weight"": 0.5}",annual_net_eoy,511.62308445113035,0.25089828716085244,220.35879450757213,10.444340886914784,5.524969549330085
299.6206844735226,0.4168480739625309,0.41889882711723553,1.042338908770615,-0.5279067864595433,0.7896243894839122,0.6168012924071082,0.00293650401638393,93,0.7572092084006462,24760,21,7,3,1,21/7/3/1,bear_buf020bp_slope20,bear_filter,start_date_cv_fast_slice,2010-01-01 00:00:00,2026-06-01 15:00:00,24760,"{""average_type"": ""sma"", ""bear_filter_buffer"": 0.02, ""bear_filter_require_20gt50"": false, ""bear_filter_slope_days"": 20, ""entry_confirm_bars"": 2, ""exit_confirm_bars"": 3, ""long_ma_days"": 200.0, ""macd_fast_days"": 12.0, ""macd_signal_days"": 9.0, ""macd_slow_days"": 24.0, ""peak_stop_drawdown"": 0.4, ""profit_lock_scheme"": [[3.0, 0.75], [4.0, 0.5]], ""q100_activation_gain"": 1.1, ""q100_distance_quantile"": 1.0, ""q100_reentry_rule"": ""ma20"", ""q100_trim_weight"": 0.5}",annual_net_eoy,299.6206844735226,0.24162357836388998,220.35477303040855,10.427584732066556,5.679159935379644
284.0453783240501,0.4443163760274267,0.4121774968871881,1.0991390062079716,-0.45748999572582594,0.9712045731677722,0.6170853406744666,0.0027833723092595547,85,0.7522582587749483,23248,19,6,2,0,19/6/2/0,bear_buf020bp_slope20,bear_filter,start_date_cv_fast_slice,2011-01-01 00:00:00,2026-06-01 15:00:00,23248,"{""average_type"": ""sma"", ""bear_filter_buffer"": 0.02, ""bear_filter_require_20gt50"": false, ""bear_filter_slope_days"": 20, ""entry_confirm_bars"": 2, ""exit_confirm_bars"": 3, ""long_ma_days"": 200.0, ""macd_fast_days"": 12.0, ""macd_signal_days"": 9.0, ""macd_slow_days"": 24.0, ""peak_stop_drawdown"": 0.4, ""profit_lock_scheme"": [[3.0, 0.75], [4.0, 0.5]], ""q100_activation_gain"": 1.1, ""q100_distance_quantile"": 1.0, ""q100_reentry_rule"": ""ma20"", ""q100_trim_weight"": 0.5}",annual_net_eoy,284.0453783240501,0.2464986149470886,220.35086000940973,10.419597458756595,5.528217481073641
326.78724026330354,0.5415284091823964,0.4095922550975153,1.262590844156166,-0.45748999572582516,1.1836945381138688,0.6161980530711074,0.0024057519270833687,68,0.7500370608291743,20237,16,4,1,0,16/4/1/0,bear_buf020bp_slope20,bear_filter,start_date_cv_fast_slice,2013-01-01 00:00:00,2026-06-01 15:00:00,20237,"{""average_type"": ""sma"", ""bear_filter_buffer"": 0.02, ""bear_filter_require_20gt50"": false, ""bear_filter_slope_days"": 20, ""entry_confirm_bars"": 2, ""exit_confirm_bars"": 3, ""long_ma_days"": 200.0, ""macd_fast_days"": 12.0, ""macd_signal_days"": 9.0, ""macd_slow_days"": 24.0, ""peak_stop_drawdown"": 0.4, ""profit_lock_scheme"": [[3.0, 0.75], [4.0, 0.5]], ""q100_activation_gain"": 1.1, ""q100_distance_quantile"": 1.0, ""q100_reentry_rule"": ""ma20"", ""q100_trim_weight"": 0.5}",annual_net_eoy,326.78724026330354,0.24853153350395335,220.12274903828217,10.38742448640808,5.080594949844344
92.80572486468058,0.5485056662724357,0.41925906989214107,1.2539373678390406,-0.4574899957258258,1.1989457067847133,0.6353330785887148,0.002654581586955475,58,0.7079193733282384,15702,13,3,1,0,13/3/1/0,bear_buf020bp_slope20,bear_filter,start_date_cv_fast_slice,2016-01-01 00:00:00,2026-06-01 15:00:00,15702,"{""average_type"": ""sma"", ""bear_filter_buffer"": 0.02, ""bear_filter_require_20gt50"": false, ""bear_filter_slope_days"": 20, ""entry_confirm_bars"": 2, ""exit_confirm_bars"": 3, ""long_ma_days"": 200.0, ""macd_fast_days"": 12.0, ""macd_signal_days"": 9.0, ""macd_slow_days"": 24.0, ""peak_stop_drawdown"": 0.4, ""profit_lock_scheme"": [[3.0, 0.75], [4.0, 0.5]], ""q100_activation_gain"": 1.1, ""q100_distance_quantile"": 1.0, ""q100_reentry_rule"": ""ma20"", ""q100_trim_weight"": 0.5}",annual_net_eoy,92.80572486468058,0.2904344273425655,218.689515473128,10.316399956666514,5.585021016431028
38.55742183823975,0.5502367824943981,0.4433692144181121,1.2118093743967766,-0.4574899957258244,1.2027296501236657,0.6353673919899085,0.0025735364565918936,46,0.6875394197414065,12684,13,3,1,0,13/3/1/0,bear_buf020bp_slope20,bear_filter,start_date_cv_fast_slice,2018-01-01 00:00:00,2026-06-01 15:00:00,12684,"{""average_type"": ""sma"", ""bear_filter_buffer"": 0.02, ""bear_filter_require_20gt50"": false, ""bear_filter_slope_days"": 20, ""entry_confirm_bars"": 2, ""exit_confirm_bars"": 3, ""long_ma_days"": 200.0, ""macd_fast_days"": 12.0, ""macd_signal_days"": 9.0, ""macd_slow_days"": 24.0, ""peak_stop_drawdown"": 0.4, ""profit_lock_scheme"": [[3.0, 0.75], [4.0, 0.5]], ""q100_activation_gain"": 1.1, ""q100_distance_quantile"": 1.0, ""q100_reentry_rule"": ""ma20"", ""q100_trim_weight"": 0.5}",annual_net_eoy,38.55742183823975,0.3104071280454584,217.01103411763512,10.222319638469422,5.483443708609271
25.899333596980828,0.6735809292748149,0.45379970254563884,1.3629393269114427,-0.3946167679357777,1.7069242465247638,0.6411131802193255,0.0020790796559799606,30,0.6743482309124768,9666,10,2,0,0,10/2/0/0,bear_buf020bp_slope20,bear_filter,start_date_cv_fast_slice,2020-01-01 00:00:00,2026-06-01 15:00:00,9666,"{""average_type"": ""sma"", ""bear_filter_buffer"": 0.02, ""bear_filter_require_20gt50"": false, ""bear_filter_slope_days"": 20, ""entry_confirm_bars"": 2, ""exit_confirm_bars"": 3, ""long_ma_days"": 200.0, ""macd_fast_days"": 12.0, ""macd_signal_days"": 9.0, ""macd_slow_days"": 24.0, ""peak_stop_drawdown"": 0.4, ""profit_lock_scheme"": [[3.0, 0.75], [4.0, 0.5]], ""q100_activation_gain"": 1.1, ""q100_distance_quantile"": 1.0, ""q100_reentry_rule"": ""ma20"", ""q100_trim_weight"": 0.5}",annual_net_eoy,25.899333596980828,0.32462743098968266,214.5677560709886,9.867017227850525,4.692737430167598
5.134127521309808,0.5117778564834128,0.4061273827284928,1.2218476715347097,-0.3065360283356606,1.6695520564486792,0.6714888487040386,0.0015761699610767393,14,0.6482067510548524,6636,6,1,0,0,6/1/0/0,bear_buf020bp_slope20,bear_filter,start_date_cv_fast_slice,2022-01-01 00:00:00,2026-06-01 15:00:00,6636,"{""average_type"": ""sma"", ""bear_filter_buffer"": 0.02, ""bear_filter_require_20gt50"": false, ""bear_filter_slope_days"": 20, ""entry_confirm_bars"": 2, ""exit_confirm_bars"": 3, ""long_ma_days"": 200.0, ""macd_fast_days"": 12.0, ""macd_signal_days"": 9.0, ""macd_slow_days"": 24.0, ""peak_stop_drawdown"": 0.4, ""profit_lock_scheme"": [[3.0, 0.75], [4.0, 0.5]], ""q100_activation_gain"": 1.1, ""q100_distance_quantile"": 1.0, ""q100_reentry_rule"": ""ma20"", ""q100_trim_weight"": 0.5}",annual_net_eoy,5.134127521309808,0.35269162996352277,198.2038483697459,8.569555991778044,3.1898734177215187
797.0780371911902,0.31609753553357955,0.4075011124074628,0.8785453650915256,-0.5494154853928812,0.575334230536916,0.6539256198347108,0.0027650021597886614,122,0.6868339495432797,36784,23,8,4,2,23/8/4/2,bear_buf020bp_slope20_20gt50,bear_filter,start_date_cv_fast_slice,2002-01-10 15:00:00,2026-06-01 15:00:00,36784,"{""average_type"": ""sma"", ""bear_filter_buffer"": 0.02, ""bear_filter_require_20gt50"": true, ""bear_filter_slope_days"": 20, ""entry_confirm_bars"": 2, ""exit_confirm_bars"": 3, ""long_ma_days"": 200.0, ""macd_fast_days"": 12.0, ""macd_signal_days"": 9.0, ""macd_slow_days"": 24.0, ""peak_stop_drawdown"": 0.4, ""profit_lock_scheme"": [[3.0, 0.75], [4.0, 0.5]], ""q100_activation_gain"": 1.1, ""q100_distance_quantile"": 1.0, ""q100_reentry_rule"": ""ma20"", ""q100_trim_weight"": 0.5}",annual_net_eoy,797.0780371911902,0.3123803773458546,253.21853193721066,12.399935592235206,5.014789038712483
868.3996331933247,0.33607554741071755,0.415658747039164,0.9056592353861646,-0.5494154853928803,0.6116965326712516,0.6398720199331785,0.0028231451227608054,120,0.7150319950167053,35318,23,8,4,2,23/8/4/2,bear_buf020bp_slope20_20gt50,bear_filter,start_date_cv_fast_slice,2003-01-01 00:00:00,2026-06-01 15:00:00,35318,"{""average_type"": ""sma"", ""bear_filter_buffer"": 0.02, ""bear_filter_require_20gt50"": true, ""bear_filter_slope_days"": 20, ""entry_confirm_bars"": 2, ""exit_confirm_bars"": 3, ""long_ma_days"": 200.0, ""macd_fast_days"": 12.0, ""macd_signal_days"": 9.0, ""macd_slow_days"": 24.0, ""peak_stop_drawdown"": 0.4, ""profit_lock_scheme"": [[3.0, 0.75], [4.0, 0.5]], ""q100_activation_gain"": 1.1, ""q100_distance_quantile"": 1.0, ""q100_reentry_rule"": ""ma20"", ""q100_trim_weight"": 0.5}",annual_net_eoy,868.3996331933247,0.2841497196978854,253.21182014942616,12.372808239154274,5.13732374426638
355.56892628283924,0.30054796574921605,0.4075266173188196,0.8495035210814686,-0.5494154853928799,0.5470322073909113,0.6395066840175085,0.002919313836675326,119,0.713844197326393,33812,22,8,4,2,22/8/4/2,bear_buf020bp_slope20_20gt50,bear_filter,start_date_cv_fast_slice,2004-01-01 00:00:00,2026-06-01 15:00:00,33812,"{""average_type"": ""sma"", ""bear_filter_buffer"": 0.02, ""bear_filter_require_20gt50"": true, ""bear_filter_slope_days"": 20, ""entry_confirm_bars"": 2, ""exit_confirm_bars"": 3, ""long_ma_days"": 200.0, ""macd_fast_days"": 12.0, ""macd_signal_days"": 9.0, ""macd_slow_days"": 24.0, ""peak_stop_drawdown"": 0.4, ""profit_lock_scheme"": [[3.0, 0.75], [4.0, 0.5]], ""q100_activation_gain"": 1.1, ""q100_distance_quantile"": 1.0, ""q100_reentry_rule"": ""ma20"", ""q100_trim_weight"": 0.5}",annual_net_eoy,355.56892628283924,0.2853010706343877,253.21006021777418,12.36547519060449,5.321424346385898
387.4806634653444,0.32184743953937534,0.4076093281015794,0.8892818941295388,-0.5279067864595435,0.60966717571084,0.6374891667698402,0.0028695010352131393,113,0.7172681688745821,32308,24,10,4,2,24/10/4/2,bear_buf020bp_slope20_20gt50,bear_filter,start_date_cv_fast_slice,2005-01-01 00:00:00,2026-06-01 15:00:00,32308,"{""average_type"": ""sma"", ""bear_filter_buffer"": 0.02, ""bear_filter_require_20gt50"": true, ""bear_filter_slope_days"": 20, ""entry_confirm_bars"": 2, ""exit_confirm_bars"": 3, ""long_ma_days"": 200.0, ""macd_fast_days"": 12.0, ""macd_signal_days"": 9.0, ""macd_slow_days"": 24.0, ""peak_stop_drawdown"": 0.4, ""profit_lock_scheme"": [[3.0, 0.75], [4.0, 0.5]], ""q100_activation_gain"": 1.1, ""q100_distance_quantile"": 1.0, ""q100_reentry_rule"": ""ma20"", ""q100_trim_weight"": 0.5}",annual_net_eoy,387.4806634653444,0.28183730965364356,253.00944159812428,12.344557553090139,5.2883496347653836
522.5720681478704,0.3814318957599885,0.41552615491233363,0.986401725773666,-0.5279067864595428,0.7225364506451941,0.636605679956308,0.002754909866386746,101,0.720832195521573,29296,24,9,4,2,24/9/4/2,bear_buf020bp_slope20_20gt50,bear_filter,start_date_cv_fast_slice,2007-01-01 00:00:00,2026-06-01 15:00:00,29296,"{""average_type"": ""sma"", ""bear_filter_buffer"": 0.02, ""bear_filter_require_20gt50"": true, ""bear_filter_slope_days"": 20, ""entry_confirm_bars"": 2, ""exit_confirm_bars"": 3, ""long_ma_days"": 200.0, ""macd_fast_days"": 12.0, ""macd_signal_days"": 9.0, ""macd_slow_days"": 24.0, ""peak_stop_drawdown"": 0.4, ""profit_lock_scheme"": [[3.0, 0.75], [4.0, 0.5]], ""q100_activation_gain"": 1.1, ""q100_distance_quantile"": 1.0, ""q100_reentry_rule"": ""ma20"", ""q100_trim_weight"": 0.5}",annual_net_eoy,522.5720681478704,0.27818131486516645,253.00313599646282,12.318284212834055,5.212725286728563
495.60270879745957,0.4294207570080535,0.4194036526822205,1.0626357493516545,-0.5279067864595437,0.8134404937053452,0.6240484165651644,0.002881693036147462,96,0.7445379110840439,26272,22,7,3,1,22/7/3/1,bear_buf020bp_slope20_20gt50,bear_filter,start_date_cv_fast_slice,2009-01-01 00:00:00,2026-06-01 15:00:00,26272,"{""average_type"": ""sma"", ""bear_filter_buffer"": 0.02, ""bear_filter_require_20gt50"": true, ""bear_filter_slope_days"": 20, ""entry_confirm_bars"": 2, ""exit_confirm_bars"": 3, ""long_ma_days"": 200.0, ""macd_fast_days"": 12.0, ""macd_signal_days"": 9.0, ""macd_slow_days"": 24.0, ""peak_stop_drawdown"": 0.4, ""profit_lock_scheme"": [[3.0, 0.75], [4.0, 0.5]], ""q100_activation_gain"": 1.1, ""q100_distance_quantile"": 1.0, ""q100_reentry_rule"": ""ma20"", ""q100_trim_weight"": 0.5}",annual_net_eoy,495.60270879745957,0.25436205086365393,252.99139485694667,12.269362798183462,5.524969549330085
290.22575779032786,0.41410363035617404,0.4181862793178984,1.0387636720249167,-0.5279067864595435,0.7844256618358688,0.618497576736672,0.00293650401638393,93,0.7535339256865913,24760,21,7,3,1,21/7/3/1,bear_buf020bp_slope20_20gt50,bear_filter,start_date_cv_fast_slice,2010-01-01 00:00:00,2026-06-01 15:00:00,24760,"{""average_type"": ""sma"", ""bear_filter_buffer"": 0.02, ""bear_filter_require_20gt50"": true, ""bear_filter_slope_days"": 20, ""entry_confirm_bars"": 2, ""exit_confirm_bars"": 3, ""long_ma_days"": 200.0, ""macd_fast_days"": 12.0, ""macd_signal_days"": 9.0, ""macd_slow_days"": 24.0, ""peak_stop_drawdown"": 0.4, ""profit_lock_scheme"": [[3.0, 0.75], [4.0, 0.5]], ""q100_activation_gain"": 1.1, ""q100_distance_quantile"": 1.0, ""q100_reentry_rule"": ""ma20"", ""q100_trim_weight"": 0.5}",annual_net_eoy,290.22575779032786,0.2452988610779449,252.98663104740703,12.249513591768244,5.679159935379644
275.13720743278884,0.44133696080354623,0.4114062281966241,1.0954063366960094,-0.45748999572582605,0.9646920477536293,0.6188919476944253,0.0027833723092595547,85,0.7483439435650379,23248,19,6,2,0,19/6/2/0,bear_buf020bp_slope20_20gt50,bear_filter,start_date_cv_fast_slice,2011-01-01 00:00:00,2026-06-01 15:00:00,23248,"{""average_type"": ""sma"", ""bear_filter_buffer"": 0.02, ""bear_filter_require_20gt50"": true, ""bear_filter_slope_days"": 20, ""entry_confirm_bars"": 2, ""exit_confirm_bars"": 3, ""long_ma_days"": 200.0, ""macd_fast_days"": 12.0, ""macd_signal_days"": 9.0, ""macd_slow_days"": 24.0, ""peak_stop_drawdown"": 0.4, ""profit_lock_scheme"": [[3.0, 0.75], [4.0, 0.5]], ""q100_activation_gain"": 1.1, ""q100_distance_quantile"": 1.0, ""q100_reentry_rule"": ""ma20"", ""q100_trim_weight"": 0.5}",annual_net_eoy,275.13720743278884,0.2504129301569991,252.98199571416882,12.24005193197456,5.528217481073641
313.63297309285406,0.536818299500434,0.4086965719256112,1.2569697751921518,-0.45748999572582505,1.1733989912692007,0.6180263873103721,0.0024057519270833687,68,0.7458368335227553,20237,16,4,1,0,16/4/1/0,bear_buf020bp_slope20_20gt50,bear_filter,start_date_cv_fast_slice,2013-01-01 00:00:00,2026-06-01 15:00:00,20237,"{""average_type"": ""sma"", ""bear_filter_buffer"": 0.02, ""bear_filter_require_20gt50"": true, ""bear_filter_slope_days"": 20, ""entry_confirm_bars"": 2, ""exit_confirm_bars"": 3, ""long_ma_days"": 200.0, ""macd_fast_days"": 12.0, ""macd_signal_days"": 9.0, ""macd_slow_days"": 24.0, ""peak_stop_drawdown"": 0.4, ""profit_lock_scheme"": [[3.0, 0.75], [4.0, 0.5]], ""q100_activation_gain"": 1.1, ""q100_distance_quantile"": 1.0, ""q100_reentry_rule"": ""ma20"", ""q100_trim_weight"": 0.5}",annual_net_eoy,313.63297309285406,0.2527317608103723,252.70404945708572,12.201559263270672,5.080594949844344
89.04125384379752,0.5424104146739579,0.4181310867059257,1.246753275958131,-0.4574899957258234,1.1856224611281507,0.6376894663100242,0.002654581586955475,58,0.7025060501846898,15702,13,3,1,0,13/3/1/0,bear_buf020bp_slope20_20gt50,bear_filter,start_date_cv_fast_slice,2016-01-01 00:00:00,2026-06-01 15:00:00,15702,"{""average_type"": ""sma"", ""bear_filter_buffer"": 0.02, ""bear_filter_require_20gt50"": true, ""bear_filter_slope_days"": 20, ""entry_confirm_bars"": 2, ""exit_confirm_bars"": 3, ""long_ma_days"": 200.0, ""macd_fast_days"": 12.0, ""macd_signal_days"": 9.0, ""macd_slow_days"": 24.0, ""peak_stop_drawdown"": 0.4, ""profit_lock_scheme"": [[3.0, 0.75], [4.0, 0.5]], ""q100_activation_gain"": 1.1, ""q100_distance_quantile"": 1.0, ""q100_reentry_rule"": ""ma20"", ""q100_trim_weight"": 0.5}",annual_net_eoy,89.04125384379752,0.2958477504861141,250.99054796175238,12.116645931015274,5.585021016431028
36.93051180952812,0.5424951915760943,0.4424103891407759,1.202156485150661,-0.4574899957258233,1.1858077698844702,0.6358404288867865,0.0025735364565918936,46,0.6861203090507726,12684,13,3,1,0,13/3/1/0,bear_buf020bp_slope20_20gt50,bear_filter,start_date_cv_fast_slice,2018-01-01 00:00:00,2026-06-01 15:00:00,12684,"{""average_type"": ""sma"", ""bear_filter_buffer"": 0.02, ""bear_filter_require_20gt50"": true, ""bear_filter_slope_days"": 20, ""entry_confirm_bars"": 2, ""exit_confirm_bars"": 3, ""long_ma_days"": 200.0, ""macd_fast_days"": 12.0, ""macd_signal_days"": 9.0, ""macd_slow_days"": 24.0, ""peak_stop_drawdown"": 0.4, ""profit_lock_scheme"": [[3.0, 0.75], [4.0, 0.5]], ""q100_activation_gain"": 1.1, ""q100_distance_quantile"": 1.0, ""q100_reentry_rule"": ""ma20"", ""q100_trim_weight"": 0.5}",annual_net_eoy,36.93051180952812,0.3118262387360922,248.97922798933882,11.993614917112113,5.483443708609271
24.793022984182844,0.6626224764256603,0.45257092479996064,1.3508884679747053,-0.3946167679357775,1.6791543853846065,0.6417339126836333,0.0020790796559799606,30,0.672486033519553,9666,10,2,0,0,10/2/0/0,bear_buf020bp_slope20_20gt50,bear_filter,start_date_cv_fast_slice,2020-01-01 00:00:00,2026-06-01 15:00:00,9666,"{""average_type"": ""sma"", ""bear_filter_buffer"": 0.02, ""bear_filter_require_20gt50"": true, ""bear_filter_slope_days"": 20, ""entry_confirm_bars"": 2, ""exit_confirm_bars"": 3, ""long_ma_days"": 200.0, ""macd_fast_days"": 12.0, ""macd_signal_days"": 9.0, ""macd_slow_days"": 24.0, ""peak_stop_drawdown"": 0.4, ""profit_lock_scheme"": [[3.0, 0.75], [4.0, 0.5]], ""q100_activation_gain"": 1.1, ""q100_distance_quantile"": 1.0, ""q100_reentry_rule"": ""ma20"", ""q100_trim_weight"": 0.5}",annual_net_eoy,24.793022984182844,0.3264896283826063,246.05513030936822,11.568391534941327,4.692737430167598
4.881844305719517,0.4973805769267454,0.4041231155494472,1.2022134613111866,-0.33728476814616093,1.4746606544390632,0.6723930078360458,0.0015761699610767393,14,0.6454942736588306,6636,6,1,0,0,6/1/0/0,bear_buf020bp_slope20_20gt50,bear_filter,start_date_cv_fast_slice,2022-01-01 00:00:00,2026-06-01 15:00:00,6636,"{""average_type"": ""sma"", ""bear_filter_buffer"": 0.02, ""bear_filter_require_20gt50"": true, ""bear_filter_slope_days"": 20, ""entry_confirm_bars"": 2, ""exit_confirm_bars"": 3, ""long_ma_days"": 200.0, ""macd_fast_days"": 12.0, ""macd_signal_days"": 9.0, ""macd_slow_days"": 24.0, ""peak_stop_drawdown"": 0.4, ""profit_lock_scheme"": [[3.0, 0.75], [4.0, 0.5]], ""q100_activation_gain"": 1.1, ""q100_distance_quantile"": 1.0, ""q100_reentry_rule"": ""ma20"", ""q100_trim_weight"": 0.5}",annual_net_eoy,4.881844305719517,0.3554041073595445,226.47092268709946,10.015599213388494,3.1898734177215187
795.0282275577142,0.3159584171718097,0.4077820405632664,0.8780029463625949,-0.537731881141235,0.5875761290203722,0.6533819051761636,0.002819373625643381,124,0.6880029360591562,36784,24,8,4,2,24/8/4/2,bear_buf020bp_slope30,bear_filter,start_date_cv_fast_slice,2002-01-10 15:00:00,2026-06-01 15:00:00,36784,"{""average_type"": ""sma"", ""bear_filter_buffer"": 0.02, ""bear_filter_require_20gt50"": false, ""bear_filter_slope_days"": 30, ""entry_confirm_bars"": 2, ""exit_confirm_bars"": 3, ""long_ma_days"": 200.0, ""macd_fast_days"": 12.0, ""macd_signal_days"": 9.0, ""macd_slow_days"": 24.0, ""peak_stop_drawdown"": 0.4, ""profit_lock_scheme"": [[3.0, 0.75], [4.0, 0.5]], ""q100_activation_gain"": 1.1, ""q100_distance_quantile"": 1.0, ""q100_reentry_rule"": ""ma20"", ""q100_trim_weight"": 0.5}",annual_net_eoy,795.0282275577142,0.3112113908299781,252.65167606951286,11.753746184930836,5.096998695084819
866.1666388488977,0.3359284553292654,0.41594559294537314,0.9050988214633463,-0.5377318811412307,0.6247136669976178,0.6393057364516677,0.0028797734709118897,122,0.7162495045019537,35318,23,8,4,2,23/8/4/2,bear_buf020bp_slope30,bear_filter,start_date_cv_fast_slice,2003-01-01 00:00:00,2026-06-01 15:00:00,35318,"{""average_type"": ""sma"", ""bear_filter_buffer"": 0.02, ""bear_filter_require_20gt50"": false, ""bear_filter_slope_days"": 30, ""entry_confirm_bars"": 2, ""exit_confirm_bars"": 3, ""long_ma_days"": 200.0, ""macd_fast_days"": 12.0, ""macd_signal_days"": 9.0, ""macd_slow_days"": 24.0, ""peak_stop_drawdown"": 0.4, ""profit_lock_scheme"": [[3.0, 0.75], [4.0, 0.5]], ""q100_activation_gain"": 1.1, ""q100_distance_quantile"": 1.0, ""q100_reentry_rule"": ""ma20"", ""q100_trim_weight"": 0.5}",annual_net_eoy,866.1666388488977,0.2829322102126371,252.6449642817284,11.726618831849901,5.222945806670819
399.04745647143767,0.30725658040382475,0.4076618922123992,0.8619785611820334,-0.5377318811412304,0.5713936464985728,0.6391222051342719,0.0029193138366753256,119,0.7147906068851295,33812,22,8,4,2,22/8/4/2,bear_buf020bp_slope30,bear_filter,start_date_cv_fast_slice,2004-01-01 00:00:00,2026-06-01 15:00:00,33812,"{""average_type"": ""sma"", ""bear_filter_buffer"": 0.02, ""bear_filter_require_20gt50"": false, ""bear_filter_slope_days"": 30, ""entry_confirm_bars"": 2, ""exit_confirm_bars"": 3, ""long_ma_days"": 200.0, ""macd_fast_days"": 12.0, ""macd_signal_days"": 9.0, ""macd_slow_days"": 24.0, ""peak_stop_drawdown"": 0.4, ""profit_lock_scheme"": [[3.0, 0.75], [4.0, 0.5]], ""q100_activation_gain"": 1.1, ""q100_distance_quantile"": 1.0, ""q100_reentry_rule"": ""ma20"", ""q100_trim_weight"": 0.5}",annual_net_eoy,399.04745647143767,0.2843546610756511,252.6435254369062,11.72062364509073,5.321424346385898
428.54916780900396,0.3280787546370283,0.40788465248664696,0.900500611660497,-0.527906786459543,0.6214709927055865,0.6370867896496224,0.0028695010352131393,113,0.7182586356320416,32308,24,10,4,2,24/10/4/2,bear_buf020bp_slope30,bear_filter,start_date_cv_fast_slice,2005-01-01 00:00:00,2026-06-01 15:00:00,32308,"{""average_type"": ""sma"", ""bear_filter_buffer"": 0.02, ""bear_filter_require_20gt50"": false, ""bear_filter_slope_days"": 30, ""entry_confirm_bars"": 2, ""exit_confirm_bars"": 3, ""long_ma_days"": 200.0, ""macd_fast_days"": 12.0, ""macd_signal_days"": 9.0, ""macd_slow_days"": 24.0, ""peak_stop_drawdown"": 0.4, ""profit_lock_scheme"": [[3.0, 0.75], [4.0, 0.5]], ""q100_activation_gain"": 1.1, ""q100_distance_quantile"": 1.0, ""q100_reentry_rule"": ""ma20"", ""q100_trim_weight"": 0.5}",annual_net_eoy,428.54916780900396,0.2808468428961841,252.49320650720452,11.702027294658318,5.2883496347653836
571.016849840601,0.387755690238498,0.41584243990466707,0.9969653522140406,-0.5279067864595433,0.7345154489091117,0.6359229929000546,0.0027549098663867465,101,0.7222999726925178,29296,24,9,4,2,24/9/4/2,bear_buf020bp_slope30,bear_filter,start_date_cv_fast_slice,2007-01-01 00:00:00,2026-06-01 15:00:00,29296,"{""average_type"": ""sma"", ""bear_filter_buffer"": 0.02, ""bear_filter_require_20gt50"": false, ""bear_filter_slope_days"": 30, ""entry_confirm_bars"": 2, ""exit_confirm_bars"": 3, ""long_ma_days"": 200.0, ""macd_fast_days"": 12.0, ""macd_signal_days"": 9.0, ""macd_slow_days"": 24.0, ""peak_stop_drawdown"": 0.4, ""profit_lock_scheme"": [[3.0, 0.75], [4.0, 0.5]], ""q100_activation_gain"": 1.1, ""q100_distance_quantile"": 1.0, ""q100_reentry_rule"": ""ma20"", ""q100_trim_weight"": 0.5}",annual_net_eoy,571.016849840601,0.2767135376942216,252.48741459527997,11.67789432830603,5.212725286728563
542.0745160805279,0.43679891043624086,0.4197503680082205,1.0743862416013237,-0.5279067864595428,0.8274167365145547,0.6232871498172959,0.002881693036147462,96,0.746174634591961,26272,22,7,3,1,22/7/3/1,bear_buf020bp_slope30,bear_filter,start_date_cv_fast_slice,2009-01-01 00:00:00,2026-06-01 15:00:00,26272,"{""average_type"": ""sma"", ""bear_filter_buffer"": 0.02, ""bear_filter_require_20gt50"": false, ""bear_filter_slope_days"": 30, ""entry_confirm_bars"": 2, ""exit_confirm_bars"": 3, ""long_ma_days"": 200.0, ""macd_fast_days"": 12.0, ""macd_signal_days"": 9.0, ""macd_slow_days"": 24.0, ""peak_stop_drawdown"": 0.4, ""profit_lock_scheme"": [[3.0, 0.75], [4.0, 0.5]], ""q100_activation_gain"": 1.1, ""q100_distance_quantile"": 1.0, ""q100_reentry_rule"": ""ma20"", ""q100_trim_weight"": 0.5}",annual_net_eoy,542.0745160805279,0.2527253273557368,252.4748726580176,11.633273445667744,5.524969549330085
317.4785033999357,0.4218496690061986,0.41855532672770407,1.0512854255524269,-0.5279067864595429,0.7990987799860909,0.6176898222940226,0.00293650401638393,93,0.7552705977382875,24760,21,7,3,1,21/7/3/1,bear_buf020bp_slope30,bear_filter,start_date_cv_fast_slice,2010-01-01 00:00:00,2026-06-01 15:00:00,24760,"{""average_type"": ""sma"", ""bear_filter_buffer"": 0.02, ""bear_filter_require_20gt50"": false, ""bear_filter_slope_days"": 30, ""entry_confirm_bars"": 2, ""exit_confirm_bars"": 3, ""long_ma_days"": 200.0, ""macd_fast_days"": 12.0, ""macd_signal_days"": 9.0, ""macd_slow_days"": 24.0, ""peak_stop_drawdown"": 0.4, ""profit_lock_scheme"": [[3.0, 0.75], [4.0, 0.5]], ""q100_activation_gain"": 1.1, ""q100_distance_quantile"": 1.0, ""q100_reentry_rule"": ""ma20"", ""q100_trim_weight"": 0.5}",annual_net_eoy,317.4785033999357,0.24356218902624863,252.47052768424783,11.615169388293658,5.679159935379644
301.2684070386368,0.4498378013147004,0.4118058197932471,1.1090417007357294,-0.45748999572582494,0.9832735262352917,0.6180316586373021,0.0027833723092595547,85,0.7501935650378527,23248,19,6,2,0,19/6/2/0,bear_buf020bp_slope30,bear_filter,start_date_cv_fast_slice,2011-01-01 00:00:00,2026-06-01 15:00:00,23248,"{""average_type"": ""sma"", ""bear_filter_buffer"": 0.02, ""bear_filter_require_20gt50"": false, ""bear_filter_slope_days"": 30, ""entry_confirm_bars"": 2, ""exit_confirm_bars"": 3, ""long_ma_days"": 200.0, ""macd_fast_days"": 12.0, ""macd_signal_days"": 9.0, ""macd_slow_days"": 24.0, ""peak_stop_drawdown"": 0.4, ""profit_lock_scheme"": [[3.0, 0.75], [4.0, 0.5]], ""q100_activation_gain"": 1.1, ""q100_distance_quantile"": 1.0, ""q100_reentry_rule"": ""ma20"", ""q100_trim_weight"": 0.5}",annual_net_eoy,301.2684070386368,0.24856330868418428,252.4636493970467,11.606539600876687,5.528217481073641
346.5928202889208,0.5483001951476927,0.4091621120019783,1.2742207700297803,-0.4574899957258258,1.19849657975098,0.6172851707268864,0.0024057519270833687,68,0.7476651677620201,20237,16,4,1,0,16/4/1/0,bear_buf020bp_slope30,bear_filter,start_date_cv_fast_slice,2013-01-01 00:00:00,2026-06-01 15:00:00,20237,"{""average_type"": ""sma"", ""bear_filter_buffer"": 0.02, ""bear_filter_require_20gt50"": false, ""bear_filter_slope_days"": 30, ""entry_confirm_bars"": 2, ""exit_confirm_bars"": 3, ""long_ma_days"": 200.0, ""macd_fast_days"": 12.0, ""macd_signal_days"": 9.0, ""macd_slow_days"": 24.0, ""peak_stop_drawdown"": 0.4, ""profit_lock_scheme"": [[3.0, 0.75], [4.0, 0.5]], ""q100_activation_gain"": 1.1, ""q100_distance_quantile"": 1.0, ""q100_reentry_rule"": ""ma20"", ""q100_trim_weight"": 0.5}",annual_net_eoy,346.5928202889208,0.25090342657110765,252.21742547968753,11.571811962632975,5.080594949844344
98.47365992272903,0.5572783157796446,0.4187173321246625,1.268534858259014,-0.45748999572582394,1.2181213162825626,0.6366704878359445,0.0026545815869554756,58,0.7048624379059992,15702,13,3,1,0,13/3/1/0,bear_buf020bp_slope30,bear_filter,start_date_cv_fast_slice,2016-01-01 00:00:00,2026-06-01 15:00:00,15702,"{""average_type"": ""sma"", ""bear_filter_buffer"": 0.02, ""bear_filter_require_20gt50"": false, ""bear_filter_slope_days"": 30, ""entry_confirm_bars"": 2, ""exit_confirm_bars"": 3, ""long_ma_days"": 200.0, ""macd_fast_days"": 12.0, ""macd_signal_days"": 9.0, ""macd_slow_days"": 24.0, ""peak_stop_drawdown"": 0.4, ""profit_lock_scheme"": [[3.0, 0.75], [4.0, 0.5]], ""q100_activation_gain"": 1.1, ""q100_distance_quantile"": 1.0, ""q100_reentry_rule"": ""ma20"", ""q100_trim_weight"": 0.5}",annual_net_eoy,98.47365992272903,0.2934913627648048,250.6703872940249,11.495147794070109,5.585021016431028
40.303935862047766,0.558241408006148,0.4431913645832556,1.223768147973402,-0.45748999572582416,1.2202264819375517,0.6359981078524125,0.0025735364565918936,46,0.6860414695679596,12684,13,3,1,0,13/3/1/0,bear_buf020bp_slope30,bear_filter,start_date_cv_fast_slice,2018-01-01 00:00:00,2026-06-01 15:00:00,12684,"{""average_type"": ""sma"", ""bear_filter_buffer"": 0.02, ""bear_filter_require_20gt50"": false, ""bear_filter_slope_days"": 30, ""entry_confirm_bars"": 2, ""exit_confirm_bars"": 3, ""long_ma_days"": 200.0, ""macd_fast_days"": 12.0, ""macd_signal_days"": 9.0, ""macd_slow_days"": 24.0, ""peak_stop_drawdown"": 0.4, ""profit_lock_scheme"": [[3.0, 0.75], [4.0, 0.5]], ""q100_activation_gain"": 1.1, ""q100_distance_quantile"": 1.0, ""q100_reentry_rule"": ""ma20"", ""q100_trim_weight"": 0.5}",annual_net_eoy,40.303935862047766,0.31190507821890523,248.79691844886943,11.388476450770575,5.483443708609271
27.08697579343995,0.6849296960273397,0.4535708776358108,1.3783369349438246,-0.3946167679357775,1.7356832037578536,0.6419408235050693,0.0020790796559799606,30,0.6723825781088351,9666,10,2,0,0,10/2/0/0,bear_buf020bp_slope30,bear_filter,start_date_cv_fast_slice,2020-01-01 00:00:00,2026-06-01 15:00:00,9666,"{""average_type"": ""sma"", ""bear_filter_buffer"": 0.02, ""bear_filter_require_20gt50"": false, ""bear_filter_slope_days"": 30, ""entry_confirm_bars"": 2, ""exit_confirm_bars"": 3, ""long_ma_days"": 200.0, ""macd_fast_days"": 12.0, ""macd_signal_days"": 9.0, ""macd_slow_days"": 24.0, ""peak_stop_drawdown"": 0.4, ""profit_lock_scheme"": [[3.0, 0.75], [4.0, 0.5]], ""q100_activation_gain"": 1.1, ""q100_distance_quantile"": 1.0, ""q100_reentry_rule"": ""ma20"", ""q100_trim_weight"": 0.5}",annual_net_eoy,27.08697579343995,0.32659308379332436,246.1185380974745,10.99898537475037,4.692737430167598
5.40495760178389,0.5267333706410384,0.4057567877774839,1.2469151387555033,-0.3065360283356593,1.7183408211457003,0.6726943942133815,0.0015761699610767393,14,0.6453435804701627,6636,6,1,0,0,6/1/0/0,bear_buf020bp_slope30,bear_filter,start_date_cv_fast_slice,2022-01-01 00:00:00,2026-06-01 15:00:00,6636,"{""average_type"": ""sma"", ""bear_filter_buffer"": 0.02, ""bear_filter_require_20gt50"": false, ""bear_filter_slope_days"": 30, ""entry_confirm_bars"": 2, ""exit_confirm_bars"": 3, ""long_ma_days"": 200.0, ""macd_fast_days"": 12.0, ""macd_signal_days"": 9.0, ""macd_slow_days"": 24.0, ""peak_stop_drawdown"": 0.4, ""profit_lock_scheme"": [[3.0, 0.75], [4.0, 0.5]], ""q100_activation_gain"": 1.1, ""q100_distance_quantile"": 1.0, ""q100_reentry_rule"": ""ma20"", ""q100_trim_weight"": 0.5}",annual_net_eoy,5.40495760178389,0.35555480054821237,228.1800276118567,9.576677059835996,3.1898734177215187
884.2457119520573,0.3217172328265452,0.406619702565923,0.8900794264954786,-0.548425193864486,0.5866200831503748,0.6552849064810787,0.0027650021597886614,122,0.684061004784689,36784,22,7,4,2,22/7/4/2,bear_buf020bp_slope30_20gt50,bear_filter,start_date_cv_fast_slice,2002-01-10 15:00:00,2026-06-01 15:00:00,36784,"{""average_type"": ""sma"", ""bear_filter_buffer"": 0.02, ""bear_filter_require_20gt50"": true, ""bear_filter_slope_days"": 30, ""entry_confirm_bars"": 2, ""exit_confirm_bars"": 3, ""long_ma_days"": 200.0, ""macd_fast_days"": 12.0, ""macd_signal_days"": 9.0, ""macd_slow_days"": 24.0, ""peak_stop_drawdown"": 0.4, ""profit_lock_scheme"": [[3.0, 0.75], [4.0, 0.5]], ""q100_activation_gain"": 1.1, ""q100_distance_quantile"": 1.0, ""q100_reentry_rule"": ""ma20"", ""q100_trim_weight"": 0.5}",annual_net_eoy,884.2457119520573,0.3151533221044453,281.1433386812432,13.38082118324818,5.014789038712483
963.3571949001022,0.34201788262796073,0.4147586461015474,0.9174572644394093,-0.5484251938644849,0.6236363435784698,0.6412877286369557,0.0028231451227608054,120,0.7121439492610001,35318,22,7,4,2,22/7/4/2,bear_buf020bp_slope30_20gt50,bear_filter,start_date_cv_fast_slice,2003-01-01 00:00:00,2026-06-01 15:00:00,35318,"{""average_type"": ""sma"", ""bear_filter_buffer"": 0.02, ""bear_filter_require_20gt50"": true, ""bear_filter_slope_days"": 30, ""entry_confirm_bars"": 2, ""exit_confirm_bars"": 3, ""long_ma_days"": 200.0, ""macd_fast_days"": 12.0, ""macd_signal_days"": 9.0, ""macd_slow_days"": 24.0, ""peak_stop_drawdown"": 0.4, ""profit_lock_scheme"": [[3.0, 0.75], [4.0, 0.5]], ""q100_activation_gain"": 1.1, ""q100_distance_quantile"": 1.0, ""q100_reentry_rule"": ""ma20"", ""q100_trim_weight"": 0.5}",annual_net_eoy,963.3571949001022,0.28703776545359067,281.13662689345875,13.353693830167245,5.13732374426638
365.2743491524854,0.3021107337728035,0.4072334660575166,0.8527902546707333,-0.5484251938644857,0.5508695390960726,0.6406305453685083,0.002919313836675326,119,0.7114485981308412,33812,21,7,4,2,21/7/4/2,bear_buf020bp_slope30_20gt50,bear_filter,start_date_cv_fast_slice,2004-01-01 00:00:00,2026-06-01 15:00:00,33812,"{""average_type"": ""sma"", ""bear_filter_buffer"": 0.02, ""bear_filter_require_20gt50"": true, ""bear_filter_slope_days"": 30, ""entry_confirm_bars"": 2, ""exit_confirm_bars"": 3, ""long_ma_days"": 200.0, ""macd_fast_days"": 12.0, ""macd_signal_days"": 9.0, ""macd_slow_days"": 24.0, ""peak_stop_drawdown"": 0.4, ""profit_lock_scheme"": [[3.0, 0.75], [4.0, 0.5]], ""q100_activation_gain"": 1.1, ""q100_distance_quantile"": 1.0, ""q100_reentry_rule"": ""ma20"", ""q100_trim_weight"": 0.5}",annual_net_eoy,365.2743491524854,0.2876966698299396,281.13477157134554,13.345963321362294,5.321424346385898
401.5984627180248,0.32405752489290984,0.407212347975534,0.8938650057586273,-0.5279067864595435,0.6138536825151124,0.6386653460443233,0.00286950103521314,113,0.7147610498947629,32308,23,9,4,2,23/9/4/2,bear_buf020bp_slope30_20gt50,bear_filter,start_date_cv_fast_slice,2005-01-01 00:00:00,2026-06-01 15:00:00,32308,"{""average_type"": ""sma"", ""bear_filter_buffer"": 0.02, ""bear_filter_require_20gt50"": true, ""bear_filter_slope_days"": 30, ""entry_confirm_bars"": 2, ""exit_confirm_bars"": 3, ""long_ma_days"": 200.0, ""macd_fast_days"": 12.0, ""macd_signal_days"": 9.0, ""macd_slow_days"": 24.0, ""peak_stop_drawdown"": 0.4, ""profit_lock_scheme"": [[3.0, 0.75], [4.0, 0.5]], ""q100_activation_gain"": 1.1, ""q100_distance_quantile"": 1.0, ""q100_reentry_rule"": ""ma20"", ""q100_trim_weight"": 0.5}",annual_net_eoy,401.5984627180248,0.2843444286334628,280.89770383999166,13.323375825130732,5.2883496347653836
535.1274602609166,0.38312247841390934,0.4151154394494594,0.9899244888573446,-0.5279067864595437,0.7257388770910791,0.6376638448935008,0.002754909866386746,101,0.718442790824686,29296,23,8,4,2,23/8/4/2,bear_buf020bp_slope30_20gt50,bear_filter,start_date_cv_fast_slice,2007-01-01 00:00:00,2026-06-01 15:00:00,29296,"{""average_type"": ""sma"", ""bear_filter_buffer"": 0.02, ""bear_filter_require_20gt50"": true, ""bear_filter_slope_days"": 30, ""entry_confirm_bars"": 2, ""exit_confirm_bars"": 3, ""long_ma_days"": 200.0, ""macd_fast_days"": 12.0, ""macd_signal_days"": 9.0, ""macd_slow_days"": 24.0, ""peak_stop_drawdown"": 0.4, ""profit_lock_scheme"": [[3.0, 0.75], [4.0, 0.5]], ""q100_activation_gain"": 1.1, ""q100_distance_quantile"": 1.0, ""q100_reentry_rule"": ""ma20"", ""q100_trim_weight"": 0.5}",annual_net_eoy,535.1274602609166,0.28057071956205343,280.89083160372184,13.294741507339907,5.212725286728563
508.00102177028606,0.4314508441285576,0.4189474006829813,1.066736794545354,-0.5279067864595441,0.8172860345708429,0.6252283800243605,0.002881693036147462,96,0.7418734774665042,26272,21,6,3,1,21/6/3/1,bear_buf020bp_slope30_20gt50,bear_filter,start_date_cv_fast_slice,2009-01-01 00:00:00,2026-06-01 15:00:00,26272,"{""average_type"": ""sma"", ""bear_filter_buffer"": 0.02, ""bear_filter_require_20gt50"": true, ""bear_filter_slope_days"": 30, ""entry_confirm_bars"": 2, ""exit_confirm_bars"": 3, ""long_ma_days"": 200.0, ""macd_fast_days"": 12.0, ""macd_signal_days"": 9.0, ""macd_slow_days"": 24.0, ""peak_stop_drawdown"": 0.4, ""profit_lock_scheme"": [[3.0, 0.75], [4.0, 0.5]], ""q100_activation_gain"": 1.1, ""q100_distance_quantile"": 1.0, ""q100_reentry_rule"": ""ma20"", ""q100_trim_weight"": 0.5}",annual_net_eoy,508.00102177028606,0.25702648448119353,280.875950307654,13.24179780721948,5.524969549330085
297.49657614646793,0.4162346975707163,0.4177007619391756,1.0431039630952168,-0.5279067864595436,0.78846248664889,0.6197495961227787,0.00293650401638393,93,0.7507067851373183,24760,20,6,3,1,20/6/3/1,bear_buf020bp_slope30_20gt50,bear_filter,start_date_cv_fast_slice,2010-01-01 00:00:00,2026-06-01 15:00:00,24760,"{""average_type"": ""sma"", ""bear_filter_buffer"": 0.02, ""bear_filter_require_20gt50"": true, ""bear_filter_slope_days"": 30, ""entry_confirm_bars"": 2, ""exit_confirm_bars"": 3, ""long_ma_days"": 200.0, ""macd_fast_days"": 12.0, ""macd_signal_days"": 9.0, ""macd_slow_days"": 24.0, ""peak_stop_drawdown"": 0.4, ""profit_lock_scheme"": [[3.0, 0.75], [4.0, 0.5]], ""q100_activation_gain"": 1.1, ""q100_distance_quantile"": 1.0, ""q100_reentry_rule"": ""ma20"", ""q100_trim_weight"": 0.5}",annual_net_eoy,297.49657614646793,0.24812600162721793,280.87079489667383,13.22031692813543,5.679159935379644
282.30353105489087,0.443740712965927,0.41088078623345703,1.100351628211176,-0.45748999572582294,0.9699462657361889,0.6202253957329663,0.0027833723092595547,85,0.7453329318651066,23248,18,5,2,0,18/5/2/0,bear_buf020bp_slope30_20gt50,bear_filter,start_date_cv_fast_slice,2011-01-01 00:00:00,2026-06-01 15:00:00,23248,"{""average_type"": ""sma"", ""bear_filter_buffer"": 0.02, ""bear_filter_require_20gt50"": true, ""bear_filter_slope_days"": 30, ""entry_confirm_bars"": 2, ""exit_confirm_bars"": 3, ""long_ma_days"": 200.0, ""macd_fast_days"": 12.0, ""macd_signal_days"": 9.0, ""macd_slow_days"": 24.0, ""peak_stop_drawdown"": 0.4, ""profit_lock_scheme"": [[3.0, 0.75], [4.0, 0.5]], ""q100_activation_gain"": 1.1, ""q100_distance_quantile"": 1.0, ""q100_reentry_rule"": ""ma20"", ""q100_trim_weight"": 0.5}",annual_net_eoy,282.30353105489087,0.2534239418569303,280.8626336512348,13.210077487539627,5.528217481073641
332.6379127246014,0.5435673783355763,0.4082657723275347,1.2686184160073968,-0.45748999572582416,1.1881513987495778,0.6191135049661511,0.0024057519270833687,68,0.7434649404556011,20237,16,4,1,0,16/4/1/0,bear_buf020bp_slope30_20gt50,bear_filter,start_date_cv_fast_slice,2013-01-01 00:00:00,2026-06-01 15:00:00,20237,"{""average_type"": ""sma"", ""bear_filter_buffer"": 0.02, ""bear_filter_require_20gt50"": true, ""bear_filter_slope_days"": 30, ""entry_confirm_bars"": 2, ""exit_confirm_bars"": 3, ""long_ma_days"": 200.0, ""macd_fast_days"": 12.0, ""macd_signal_days"": 9.0, ""macd_slow_days"": 24.0, ""peak_stop_drawdown"": 0.4, ""profit_lock_scheme"": [[3.0, 0.75], [4.0, 0.5]], ""q100_activation_gain"": 1.1, ""q100_distance_quantile"": 1.0, ""q100_reentry_rule"": ""ma20"", ""q100_trim_weight"": 0.5}",annual_net_eoy,332.6379127246014,0.2551036538775266,280.5917451829418,13.16783175962431,5.080594949844344
94.48006267825053,0.5511459220400337,0.4175882560016372,1.2613805023254219,-0.45748999572582383,1.2047168838427198,0.6390268755572539,0.0026545815869554756,58,0.6994491147624506,15702,13,3,1,0,13/3/1/0,bear_buf020bp_slope30_20gt50,bear_filter,start_date_cv_fast_slice,2016-01-01 00:00:00,2026-06-01 15:00:00,15702,"{""average_type"": ""sma"", ""bear_filter_buffer"": 0.02, ""bear_filter_require_20gt50"": true, ""bear_filter_slope_days"": 30, ""entry_confirm_bars"": 2, ""exit_confirm_bars"": 3, ""long_ma_days"": 200.0, ""macd_fast_days"": 12.0, ""macd_signal_days"": 9.0, ""macd_slow_days"": 24.0, ""peak_stop_drawdown"": 0.4, ""profit_lock_scheme"": [[3.0, 0.75], [4.0, 0.5]], ""q100_activation_gain"": 1.1, ""q100_distance_quantile"": 1.0, ""q100_reentry_rule"": ""ma20"", ""q100_trim_weight"": 0.5}",annual_net_eoy,94.48006267825053,0.2989046859083534,278.7993581276664,13.07900921819707,5.585021016431028
38.604438416784994,0.5504563102414759,0.44223261185821877,1.2141323996800066,-0.45748999572582216,1.2032095026868506,0.6364711447492905,0.0025735364565918936,46,0.6846223588773258,12684,13,3,1,0,13/3/1/0,bear_buf020bp_slope30_20gt50,bear_filter,start_date_cv_fast_slice,2018-01-01 00:00:00,2026-06-01 15:00:00,12684,"{""average_type"": ""sma"", ""bear_filter_buffer"": 0.02, ""bear_filter_require_20gt50"": true, ""bear_filter_slope_days"": 30, ""entry_confirm_bars"": 2, ""exit_confirm_bars"": 3, ""long_ma_days"": 200.0, ""macd_fast_days"": 12.0, ""macd_signal_days"": 9.0, ""macd_slow_days"": 24.0, ""peak_stop_drawdown"": 0.4, ""profit_lock_scheme"": [[3.0, 0.75], [4.0, 0.5]], ""q100_activation_gain"": 1.1, ""q100_distance_quantile"": 1.0, ""q100_reentry_rule"": ""ma20"", ""q100_trim_weight"": 0.5}",annual_net_eoy,38.604438416784994,0.3133241889095391,276.6238630234588,12.944191715849788,5.483443708609271
25.93130521120925,0.6738919269516079,0.45234208293253453,1.3663158207859831,-0.3946167679357777,1.7077123470366093,0.6425615559693773,0.00207907965597996,30,0.6705203807159115,9666,10,2,0,0,10/2/0/0,bear_buf020bp_slope30_20gt50,bear_filter,start_date_cv_fast_slice,2020-01-01 00:00:00,2026-06-01 15:00:00,9666,"{""average_type"": ""sma"", ""bear_filter_buffer"": 0.02, ""bear_filter_require_20gt50"": true, ""bear_filter_slope_days"": 30, ""entry_confirm_bars"": 2, ""exit_confirm_bars"": 3, ""long_ma_days"": 200.0, ""macd_fast_days"": 12.0, ""macd_signal_days"": 9.0, ""macd_slow_days"": 24.0, ""peak_stop_drawdown"": 0.4, ""profit_lock_scheme"": [[3.0, 0.75], [4.0, 0.5]], ""q100_activation_gain"": 1.1, ""q100_distance_quantile"": 1.0, ""q100_reentry_rule"": ""ma20"", ""q100_trim_weight"": 0.5}",annual_net_eoy,25.93130521120925,0.32845528118624806,273.5174786561756,12.492460135189363,4.692737430167598
5.141418332363975,0.5121870768531058,0.4037517186564554,1.2273799292621181,-0.3372847681461605,1.518559760846219,0.6735985533453888,0.0015761699610767393,14,0.6426311030741411,6636,6,1,0,0,6/1/0/0,bear_buf020bp_slope30_20gt50,bear_filter,start_date_cv_fast_slice,2022-01-01 00:00:00,2026-06-01 15:00:00,6636,"{""average_type"": ""sma"", ""bear_filter_buffer"": 0.02, ""bear_filter_require_20gt50"": true, ""bear_filter_slope_days"": 30, ""entry_confirm_bars"": 2, ""exit_confirm_bars"": 3, ""long_ma_days"": 200.0, ""macd_fast_days"": 12.0, ""macd_signal_days"": 9.0, ""macd_slow_days"": 24.0, ""peak_stop_drawdown"": 0.4, ""profit_lock_scheme"": [[3.0, 0.75], [4.0, 0.5]], ""q100_activation_gain"": 1.1, ""q100_distance_quantile"": 1.0, ""q100_reentry_rule"": ""ma20"", ""q100_trim_weight"": 0.5}",annual_net_eoy,5.141418332363975,0.358267277944234,252.71240199264406,10.842867569814622,3.1898734177215187
705.1116050464909,0.3094907938670557,0.4074338418346673,0.8662971082684343,-0.5344258837663102,0.5791089153204031,0.6536809482383645,0.002819373625643381,124,0.6871058068725533,36784,25,9,5,3,25/9/5/3,bear_buf020bp_slope40,bear_filter,start_date_cv_fast_slice,2002-01-10 15:00:00,2026-06-01 15:00:00,36784,"{""average_type"": ""sma"", ""bear_filter_buffer"": 0.02, ""bear_filter_require_20gt50"": false, ""bear_filter_slope_days"": 40, ""entry_confirm_bars"": 2, ""exit_confirm_bars"": 3, ""long_ma_days"": 200.0, ""macd_fast_days"": 12.0, ""macd_signal_days"": 9.0, ""macd_slow_days"": 24.0, ""peak_stop_drawdown"": 0.4, ""profit_lock_scheme"": [[3.0, 0.75], [4.0, 0.5]], ""q100_activation_gain"": 1.1, ""q100_distance_quantile"": 1.0, ""q100_reentry_rule"": ""ma20"", ""q100_trim_weight"": 0.5}",annual_net_eoy,705.1116050464909,0.312108520016581,223.92587983322875,10.882608959949199,5.096998695084819
768.214465018413,0.3290908468100724,0.4155902126224001,0.8931541732281225,-0.5344258837663087,0.6157838847378427,0.6396171923664987,0.0028797734709118897,122,0.7153151367574608,35318,24,9,5,3,24/9/5/3,bear_buf020bp_slope40,bear_filter,start_date_cv_fast_slice,2003-01-01 00:00:00,2026-06-01 15:00:00,35318,"{""average_type"": ""sma"", ""bear_filter_buffer"": 0.02, ""bear_filter_require_20gt50"": false, ""bear_filter_slope_days"": 40, ""entry_confirm_bars"": 2, ""exit_confirm_bars"": 3, ""long_ma_days"": 200.0, ""macd_fast_days"": 12.0, ""macd_signal_days"": 9.0, ""macd_slow_days"": 24.0, ""peak_stop_drawdown"": 0.4, ""profit_lock_scheme"": [[3.0, 0.75], [4.0, 0.5]], ""q100_activation_gain"": 1.1, ""q100_distance_quantile"": 1.0, ""q100_reentry_rule"": ""ma20"", ""q100_trim_weight"": 0.5}",annual_net_eoy,768.214465018413,0.28386657795712994,223.91916804544422,10.855481606868263,5.222945806670819
385.13010121133175,0.3051882999866786,0.4075237398539736,0.8582309090960357,-0.5344258837663087,0.5710582313788715,0.6390926298355614,0.0029193138366753256,119,0.714642730391577,33812,23,9,5,3,23/9/5/3,bear_buf020bp_slope40,bear_filter,start_date_cv_fast_slice,2004-01-01 00:00:00,2026-06-01 15:00:00,33812,"{""average_type"": ""sma"", ""bear_filter_buffer"": 0.02, ""bear_filter_require_20gt50"": false, ""bear_filter_slope_days"": 40, ""entry_confirm_bars"": 2, ""exit_confirm_bars"": 3, ""long_ma_days"": 200.0, ""macd_fast_days"": 12.0, ""macd_signal_days"": 9.0, ""macd_slow_days"": 24.0, ""peak_stop_drawdown"": 0.4, ""profit_lock_scheme"": [[3.0, 0.75], [4.0, 0.5]], ""q100_activation_gain"": 1.1, ""q100_distance_quantile"": 1.0, ""q100_reentry_rule"": ""ma20"", ""q100_trim_weight"": 0.5}",annual_net_eoy,385.13010121133175,0.2845025375692037,223.91762444125857,10.849049922761283,5.321424346385898
393.33844965501964,0.32277359810749173,0.4080527521528231,0.8904733760588204,-0.5344258837663104,0.6039632583526431,0.6364677479262102,0.0029314052075543554,115,0.7189705336139656,32308,23,9,4,2,23/9/4/2,bear_buf020bp_slope40,bear_filter,start_date_cv_fast_slice,2005-01-01 00:00:00,2026-06-01 15:00:00,32308,"{""average_type"": ""sma"", ""bear_filter_buffer"": 0.02, ""bear_filter_require_20gt50"": false, ""bear_filter_slope_days"": 40, ""entry_confirm_bars"": 2, ""exit_confirm_bars"": 3, ""long_ma_days"": 200.0, ""macd_fast_days"": 12.0, ""macd_signal_days"": 9.0, ""macd_slow_days"": 24.0, ""peak_stop_drawdown"": 0.4, ""profit_lock_scheme"": [[3.0, 0.75], [4.0, 0.5]], ""q100_activation_gain"": 1.1, ""q100_distance_quantile"": 1.0, ""q100_reentry_rule"": ""ma20"", ""q100_trim_weight"": 0.5}",annual_net_eoy,393.33844965501964,0.28013494491426005,223.78387527162872,10.831020355038046,5.381948743345301
478.01150068836836,0.3751045322655142,0.4156055321229957,0.9752459437878159,-0.5344258837663098,0.7018831678248904,0.6362302020753686,0.0028231785720120874,103,0.7209687329328236,29296,23,8,4,2,23/8/4/2,bear_buf020bp_slope40,bear_filter,start_date_cv_fast_slice,2007-01-01 00:00:00,2026-06-01 15:00:00,29296,"{""average_type"": ""sma"", ""bear_filter_buffer"": 0.02, ""bear_filter_require_20gt50"": false, ""bear_filter_slope_days"": 40, ""entry_confirm_bars"": 2, ""exit_confirm_bars"": 3, ""long_ma_days"": 200.0, ""macd_fast_days"": 12.0, ""macd_signal_days"": 9.0, ""macd_slow_days"": 24.0, ""peak_stop_drawdown"": 0.4, ""profit_lock_scheme"": [[3.0, 0.75], [4.0, 0.5]], ""q100_activation_gain"": 1.1, ""q100_distance_quantile"": 1.0, ""q100_reentry_rule"": ""ma20"", ""q100_trim_weight"": 0.5}",annual_net_eoy,478.01150068836836,0.2780447774539157,223.77832059758776,10.807875879867485,5.31594756963408
461.86275975216085,0.42364426843944925,0.4194243128867236,1.0529473677050665,-0.5279067864595433,0.8024982426929185,0.6236297198538368,0.002957819710934307,98,0.7446901644336176,26272,21,6,3,1,21/6/3/1,bear_buf020bp_slope40,bear_filter,start_date_cv_fast_slice,2009-01-01 00:00:00,2026-06-01 15:00:00,26272,"{""average_type"": ""sma"", ""bear_filter_buffer"": 0.02, ""bear_filter_require_20gt50"": false, ""bear_filter_slope_days"": 40, ""entry_confirm_bars"": 2, ""exit_confirm_bars"": 3, ""long_ma_days"": 200.0, ""macd_fast_days"": 12.0, ""macd_signal_days"": 9.0, ""macd_slow_days"": 24.0, ""peak_stop_drawdown"": 0.4, ""profit_lock_scheme"": [[3.0, 0.75], [4.0, 0.5]], ""q100_activation_gain"": 1.1, ""q100_distance_quantile"": 1.0, ""q100_reentry_rule"": ""ma20"", ""q100_trim_weight"": 0.5}",annual_net_eoy,461.86275975216085,0.25420979751408024,223.72999798616638,10.761423479439056,5.640073081607795
270.4394335225513,0.4080408210577384,0.4182081876296651,1.028455048644609,-0.5279067864595426,0.7729410409635066,0.6180533117932149,0.0030172794606488735,95,0.7536954765751211,24760,20,6,3,1,20/6/3/1,bear_buf020bp_slope40,bear_filter,start_date_cv_fast_slice,2010-01-01 00:00:00,2026-06-01 15:00:00,24760,"{""average_type"": ""sma"", ""bear_filter_buffer"": 0.02, ""bear_filter_require_20gt50"": false, ""bear_filter_slope_days"": 40, ""entry_confirm_bars"": 2, ""exit_confirm_bars"": 3, ""long_ma_days"": 200.0, ""macd_fast_days"": 12.0, ""macd_signal_days"": 9.0, ""macd_slow_days"": 24.0, ""peak_stop_drawdown"": 0.4, ""profit_lock_scheme"": [[3.0, 0.75], [4.0, 0.5]], ""q100_activation_gain"": 1.1, ""q100_distance_quantile"": 1.0, ""q100_reentry_rule"": ""ma20"", ""q100_trim_weight"": 0.5}",annual_net_eoy,270.4394335225513,0.24513731018941498,223.72547589593918,10.742581436825676,5.801292407108239
256.62355795580544,0.4348461100229999,0.4114303059784282,1.0843934457179383,-0.4862299126256239,0.8943220043268146,0.6184187887130076,0.002869401214971874,87,0.7485160013764625,23248,18,5,2,0,18/5/2/0,bear_buf020bp_slope40,bear_filter,start_date_cv_fast_slice,2011-01-01 00:00:00,2026-06-01 15:00:00,23248,"{""average_type"": ""sma"", ""bear_filter_buffer"": 0.02, ""bear_filter_require_20gt50"": false, ""bear_filter_slope_days"": 40, ""entry_confirm_bars"": 2, ""exit_confirm_bars"": 3, ""long_ma_days"": 200.0, ""macd_fast_days"": 12.0, ""macd_signal_days"": 9.0, ""macd_slow_days"": 24.0, ""peak_stop_drawdown"": 0.4, ""profit_lock_scheme"": [[3.0, 0.75], [4.0, 0.5]], ""q100_activation_gain"": 1.1, ""q100_distance_quantile"": 1.0, ""q100_reentry_rule"": ""ma20"", ""q100_trim_weight"": 0.5}",annual_net_eoy,256.62355795580544,0.2502408723455745,223.7183172254891,10.733599868832648,5.658293186510668
323.73232606301394,0.5404503466961621,0.4082502377033562,1.2636841677390391,-0.45546445694739524,1.1865917053514068,0.6185699461382616,0.0024057519270833687,68,0.744403814794683,20237,16,4,1,0,16/4/1/0,bear_buf020bp_slope40,bear_filter,start_date_cv_fast_slice,2013-01-01 00:00:00,2026-06-01 15:00:00,20237,"{""average_type"": ""sma"", ""bear_filter_buffer"": 0.02, ""bear_filter_require_20gt50"": false, ""bear_filter_slope_days"": 40, ""entry_confirm_bars"": 2, ""exit_confirm_bars"": 3, ""long_ma_days"": 200.0, ""macd_fast_days"": 12.0, ""macd_signal_days"": 9.0, ""macd_slow_days"": 24.0, ""peak_stop_drawdown"": 0.4, ""profit_lock_scheme"": [[3.0, 0.75], [4.0, 0.5]], ""q100_activation_gain"": 1.1, ""q100_distance_quantile"": 1.0, ""q100_reentry_rule"": ""ma20"", ""q100_trim_weight"": 0.5}",annual_net_eoy,323.73232606301394,0.25416477953844463,223.5306625537499,10.699894391263815,5.080594949844344
91.93147350356382,0.5471100934957087,0.41756871693668335,1.2551612722967695,-0.4554644569473957,1.2012135857154222,0.638390014010954,0.002654581586955475,58,0.7006591517004204,15702,13,3,1,0,13/3/1/0,bear_buf020bp_slope40,bear_filter,start_date_cv_fast_slice,2016-01-01 00:00:00,2026-06-01 15:00:00,15702,"{""average_type"": ""sma"", ""bear_filter_buffer"": 0.02, ""bear_filter_require_20gt50"": false, ""bear_filter_slope_days"": 40, ""entry_confirm_bars"": 2, ""exit_confirm_bars"": 3, ""long_ma_days"": 200.0, ""macd_fast_days"": 12.0, ""macd_signal_days"": 9.0, ""macd_slow_days"": 24.0, ""peak_stop_drawdown"": 0.4, ""profit_lock_scheme"": [[3.0, 0.75], [4.0, 0.5]], ""q100_activation_gain"": 1.1, ""q100_distance_quantile"": 1.0, ""q100_reentry_rule"": ""ma20"", ""q100_trim_weight"": 0.5}",annual_net_eoy,91.93147350356382,0.29769464897038367,222.06176607959102,10.627102570131047,5.585021016431028
39.07189744491079,0.552626551626868,0.44219500307483395,1.2173464456271013,-0.45546445694739457,1.2133253060637739,0.6371018606117944,0.0025735364565918936,46,0.6833609271523179,12684,13,3,1,0,13/3/1/0,bear_buf020bp_slope40,bear_filter,start_date_cv_fast_slice,2018-01-01 00:00:00,2026-06-01 15:00:00,12684,"{""average_type"": ""sma"", ""bear_filter_buffer"": 0.02, ""bear_filter_require_20gt50"": false, ""bear_filter_slope_days"": 40, ""entry_confirm_bars"": 2, ""exit_confirm_bars"": 3, ""long_ma_days"": 200.0, ""macd_fast_days"": 12.0, ""macd_signal_days"": 9.0, ""macd_slow_days"": 24.0, ""peak_stop_drawdown"": 0.4, ""profit_lock_scheme"": [[3.0, 0.75], [4.0, 0.5]], ""q100_activation_gain"": 1.1, ""q100_distance_quantile"": 1.0, ""q100_reentry_rule"": ""ma20"", ""q100_trim_weight"": 0.5}",annual_net_eoy,39.07189744491079,0.314585620634547,220.42431115653787,10.523193772410005,5.483443708609271
26.149663238817606,0.6760076742569079,0.4525307617159776,1.3687080344488518,-0.39461676793577727,1.7130738711207685,0.6424581005586593,0.0020790796559799606,30,0.6709342023587833,9666,10,2,0,0,10/2/0/0,bear_buf020bp_slope40,bear_filter,start_date_cv_fast_slice,2020-01-01 00:00:00,2026-06-01 15:00:00,9666,"{""average_type"": ""sma"", ""bear_filter_buffer"": 0.02, ""bear_filter_require_20gt50"": false, ""bear_filter_slope_days"": 40, ""entry_confirm_bars"": 2, ""exit_confirm_bars"": 3, ""long_ma_days"": 200.0, ""macd_fast_days"": 12.0, ""macd_signal_days"": 9.0, ""macd_slow_days"": 24.0, ""peak_stop_drawdown"": 0.4, ""profit_lock_scheme"": [[3.0, 0.75], [4.0, 0.5]], ""q100_activation_gain"": 1.1, ""q100_distance_quantile"": 1.0, ""q100_reentry_rule"": ""ma20"", ""q100_trim_weight"": 0.5}",annual_net_eoy,26.149663238817606,0.32804145954337605,217.97348753055402,10.159004525375087,4.692737430167598
5.192493648033249,0.5150433745220695,0.40404893960906807,1.231413396510815,-0.3065360283356593,1.680205022941359,0.6734478601567209,0.0015761699610767396,14,0.6432338758288125,6636,6,1,0,0,6/1/0/0,bear_buf020bp_slope40,bear_filter,start_date_cv_fast_slice,2022-01-01 00:00:00,2026-06-01 15:00:00,6636,"{""average_type"": ""sma"", ""bear_filter_buffer"": 0.02, ""bear_filter_require_20gt50"": false, ""bear_filter_slope_days"": 40, ""entry_confirm_bars"": 2, ""exit_confirm_bars"": 3, ""long_ma_days"": 200.0, ""macd_fast_days"": 12.0, ""macd_signal_days"": 9.0, ""macd_slow_days"": 24.0, ""peak_stop_drawdown"": 0.4, ""profit_lock_scheme"": [[3.0, 0.75], [4.0, 0.5]], ""q100_activation_gain"": 1.1, ""q100_distance_quantile"": 1.0, ""q100_reentry_rule"": ""ma20"", ""q100_trim_weight"": 0.5}",annual_net_eoy,5.192493648033249,0.35766450518956255,201.4969687341391,8.854021623569638,3.1898734177215187
700.0320681810219,0.3091022425339349,0.40578790273336346,0.8674205696713693,-0.5469915120540624,0.5650951353398415,0.6565626359286646,0.0027650021597886614,122,0.6811793170943888,36784,22,7,4,2,22/7/4/2,bear_buf020bp_slope40_20gt50,bear_filter,start_date_cv_fast_slice,2002-01-10 15:00:00,2026-06-01 15:00:00,36784,"{""average_type"": ""sma"", ""bear_filter_buffer"": 0.02, ""bear_filter_require_20gt50"": true, ""bear_filter_slope_days"": 40, ""entry_confirm_bars"": 2, ""exit_confirm_bars"": 3, ""long_ma_days"": 200.0, ""macd_fast_days"": 12.0, ""macd_signal_days"": 9.0, ""macd_slow_days"": 24.0, ""peak_stop_drawdown"": 0.4, ""profit_lock_scheme"": [[3.0, 0.75], [4.0, 0.5]], ""q100_activation_gain"": 1.1, ""q100_distance_quantile"": 1.0, ""q100_reentry_rule"": ""ma20"", ""q100_trim_weight"": 0.5}",annual_net_eoy,700.0320681810219,0.3180350097947454,222.4258839058134,11.067272379838972,5.014789038712483
762.6809867345607,0.3286801126745913,0.4139096228626646,0.8943398857216113,-0.5469915120540634,0.6008870438232784,0.6426184948185062,0.0028231451227608054,120,0.7091426468089925,35318,22,7,4,2,22/7/4/2,bear_buf020bp_slope40_20gt50,bear_filter,start_date_cv_fast_slice,2003-01-01 00:00:00,2026-06-01 15:00:00,35318,"{""average_type"": ""sma"", ""bear_filter_buffer"": 0.02, ""bear_filter_require_20gt50"": true, ""bear_filter_slope_days"": 40, ""entry_confirm_bars"": 2, ""exit_confirm_bars"": 3, ""long_ma_days"": 200.0, ""macd_fast_days"": 12.0, ""macd_signal_days"": 9.0, ""macd_slow_days"": 24.0, ""peak_stop_drawdown"": 0.4, ""profit_lock_scheme"": [[3.0, 0.75], [4.0, 0.5]], ""q100_activation_gain"": 1.1, ""q100_distance_quantile"": 1.0, ""q100_reentry_rule"": ""ma20"", ""q100_trim_weight"": 0.5}",annual_net_eoy,762.6809867345607,0.2900390679055982,222.4191721180289,11.040145026758038,5.13732374426638
314.61631946761344,0.2934720288044308,0.4065710348239913,0.8371265086301475,-0.5469915120540614,0.5365202609861079,0.6416656808233763,0.0029193138366753256,119,0.7091417248314208,33812,21,7,4,2,21/7/4/2,bear_buf020bp_slope40_20gt50,bear_filter,start_date_cv_fast_slice,2004-01-01 00:00:00,2026-06-01 15:00:00,33812,"{""average_type"": ""sma"", ""bear_filter_buffer"": 0.02, ""bear_filter_require_20gt50"": true, ""bear_filter_slope_days"": 40, ""entry_confirm_bars"": 2, ""exit_confirm_bars"": 3, ""long_ma_days"": 200.0, ""macd_fast_days"": 12.0, ""macd_signal_days"": 9.0, ""macd_slow_days"": 24.0, ""peak_stop_drawdown"": 0.4, ""profit_lock_scheme"": [[3.0, 0.75], [4.0, 0.5]], ""q100_activation_gain"": 1.1, ""q100_distance_quantile"": 1.0, ""q100_reentry_rule"": ""ma20"", ""q100_trim_weight"": 0.5}",annual_net_eoy,314.61631946761344,0.29000354312935983,222.4171895477009,11.031884317057989,5.321424346385898
329.2315165528608,0.3118361183777665,0.4068357973500969,0.8715067189606602,-0.527906786459543,0.5907029922254362,0.6391605794230532,0.0029314052075543563,115,0.7132134455862326,32308,23,9,5,2,23/9/5/2,bear_buf020bp_slope40_20gt50,bear_filter,start_date_cv_fast_slice,2005-01-01 00:00:00,2026-06-01 15:00:00,32308,"{""average_type"": ""sma"", ""bear_filter_buffer"": 0.02, ""bear_filter_require_20gt50"": true, ""bear_filter_slope_days"": 40, ""entry_confirm_bars"": 2, ""exit_confirm_bars"": 3, ""long_ma_days"": 200.0, ""macd_fast_days"": 12.0, ""macd_signal_days"": 9.0, ""macd_slow_days"": 24.0, ""peak_stop_drawdown"": 0.4, ""profit_lock_scheme"": [[3.0, 0.75], [4.0, 0.5]], ""q100_activation_gain"": 1.1, ""q100_distance_quantile"": 1.0, ""q100_reentry_rule"": ""ma20"", ""q100_trim_weight"": 0.5}",annual_net_eoy,329.2315165528608,0.28589203294199317,222.20024868354824,11.009985328449297,5.381948743345301
459.9590543160603,0.37238086573934437,0.4147882642249238,0.9715643242845035,-0.5279067864595428,0.7053913215186192,0.6379710540688148,0.0028231785720120874,103,0.7171115510649918,29296,23,8,4,2,23/8/4/2,bear_buf020bp_slope40_20gt50,bear_filter,start_date_cv_fast_slice,2007-01-01 00:00:00,2026-06-01 15:00:00,29296,"{""average_type"": ""sma"", ""bear_filter_buffer"": 0.02, ""bear_filter_require_20gt50"": true, ""bear_filter_slope_days"": 40, ""entry_confirm_bars"": 2, ""exit_confirm_bars"": 3, ""long_ma_days"": 200.0, ""macd_fast_days"": 12.0, ""macd_signal_days"": 9.0, ""macd_slow_days"": 24.0, ""peak_stop_drawdown"": 0.4, ""profit_lock_scheme"": [[3.0, 0.75], [4.0, 0.5]], ""q100_activation_gain"": 1.1, ""q100_distance_quantile"": 1.0, ""q100_reentry_rule"": ""ma20"", ""q100_trim_weight"": 0.5}",annual_net_eoy,459.9590543160603,0.28190195932174755,222.19371482889576,10.982760934063851,5.31594756963408
436.21491069576666,0.4189812571627154,0.41858879607435057,1.0463703578560066,-0.5279067864595434,0.7936652225531191,0.6255709500609014,0.002957819710934307,98,0.7403890073081608,26272,21,6,3,1,21/6/3/1,bear_buf020bp_slope40_20gt50,bear_filter,start_date_cv_fast_slice,2009-01-01 00:00:00,2026-06-01 15:00:00,26272,"{""average_type"": ""sma"", ""bear_filter_buffer"": 0.02, ""bear_filter_require_20gt50"": true, ""bear_filter_slope_days"": 40, ""entry_confirm_bars"": 2, ""exit_confirm_bars"": 3, ""long_ma_days"": 200.0, ""macd_fast_days"": 12.0, ""macd_signal_days"": 9.0, ""macd_slow_days"": 24.0, ""peak_stop_drawdown"": 0.4, ""profit_lock_scheme"": [[3.0, 0.75], [4.0, 0.5]], ""q100_activation_gain"": 1.1, ""q100_distance_quantile"": 1.0, ""q100_reentry_rule"": ""ma20"", ""q100_trim_weight"": 0.5}",annual_net_eoy,436.21491069576666,0.258510954639537,222.1820005140138,10.933951288722287,5.640073081607795
255.39860884556305,0.40314777568695415,0.4173189401946639,1.0214098151840458,-0.5279067864595426,0.7636722732638148,0.6201130856219709,0.0030172794606488735,95,0.7491316639741519,24760,20,6,3,1,20/6/3/1,bear_buf020bp_slope40_20gt50,bear_filter,start_date_cv_fast_slice,2010-01-01 00:00:00,2026-06-01 15:00:00,24760,"{""average_type"": ""sma"", ""bear_filter_buffer"": 0.02, ""bear_filter_require_20gt50"": true, ""bear_filter_slope_days"": 40, ""entry_confirm_bars"": 2, ""exit_confirm_bars"": 3, ""long_ma_days"": 200.0, ""macd_fast_days"": 12.0, ""macd_signal_days"": 9.0, ""macd_slow_days"": 24.0, ""peak_stop_drawdown"": 0.4, ""profit_lock_scheme"": [[3.0, 0.75], [4.0, 0.5]], ""q100_activation_gain"": 1.1, ""q100_distance_quantile"": 1.0, ""q100_reentry_rule"": ""ma20"", ""q100_trim_weight"": 0.5}",annual_net_eoy,255.39860884556305,0.24970112279038434,222.17724758820887,10.914147431201856,5.801292407108239
241.92454836083243,0.42937419655494713,0.4104670751739931,1.0766597080552263,-0.48985658145982336,0.8765304229972118,0.6206125258086718,0.002869401214971874,87,0.7436553682037165,23248,18,5,2,0,18/5/2/0,bear_buf020bp_slope40_20gt50,bear_filter,start_date_cv_fast_slice,2011-01-01 00:00:00,2026-06-01 15:00:00,23248,"{""average_type"": ""sma"", ""bear_filter_buffer"": 0.02, ""bear_filter_require_20gt50"": true, ""bear_filter_slope_days"": 40, ""entry_confirm_bars"": 2, ""exit_confirm_bars"": 3, ""long_ma_days"": 200.0, ""macd_fast_days"": 12.0, ""macd_signal_days"": 9.0, ""macd_slow_days"": 24.0, ""peak_stop_drawdown"": 0.4, ""profit_lock_scheme"": [[3.0, 0.75], [4.0, 0.5]], ""q100_activation_gain"": 1.1, ""q100_distance_quantile"": 1.0, ""q100_reentry_rule"": ""ma20"", ""q100_trim_weight"": 0.5}",annual_net_eoy,241.92454836083243,0.25510150551832056,222.17498197788422,10.904707388182441,5.658293186510668
310.6986607250419,0.5357427971997692,0.40735170524233216,1.2580547267102111,-0.45546445694739424,1.176255993256675,0.6203982803775263,0.0024057519270833687,68,0.7402035874882641,20237,16,4,1,0,16/4/1/0,bear_buf020bp_slope40_20gt50,bear_filter,start_date_cv_fast_slice,2013-01-01 00:00:00,2026-06-01 15:00:00,20237,"{""average_type"": ""sma"", ""bear_filter_buffer"": 0.02, ""bear_filter_require_20gt50"": true, ""bear_filter_slope_days"": 40, ""entry_confirm_bars"": 2, ""exit_confirm_bars"": 3, ""long_ma_days"": 200.0, ""macd_fast_days"": 12.0, ""macd_signal_days"": 9.0, ""macd_slow_days"": 24.0, ""peak_stop_drawdown"": 0.4, ""profit_lock_scheme"": [[3.0, 0.75], [4.0, 0.5]], ""q100_activation_gain"": 1.1, ""q100_distance_quantile"": 1.0, ""q100_reentry_rule"": ""ma20"", ""q100_trim_weight"": 0.5}",annual_net_eoy,310.6986607250419,0.2583650068448636,222.00738509136983,10.86827924178457,5.080594949844344
88.20151615778579,0.5410193861719177,0.41643628065444155,1.2479633468797002,-0.4554644569473951,1.1878410662336356,0.6407464017322634,0.002654581586955475,58,0.6952458285568718,15702,13,3,1,0,13/3/1/0,bear_buf020bp_slope40_20gt50,bear_filter,start_date_cv_fast_slice,2016-01-01 00:00:00,2026-06-01 15:00:00,15702,"{""average_type"": ""sma"", ""bear_filter_buffer"": 0.02, ""bear_filter_require_20gt50"": true, ""bear_filter_slope_days"": 40, ""entry_confirm_bars"": 2, ""exit_confirm_bars"": 3, ""long_ma_days"": 200.0, ""macd_fast_days"": 12.0, ""macd_signal_days"": 9.0, ""macd_slow_days"": 24.0, ""peak_stop_drawdown"": 0.4, ""profit_lock_scheme"": [[3.0, 0.75], [4.0, 0.5]], ""q100_activation_gain"": 1.1, ""q100_distance_quantile"": 1.0, ""q100_reentry_rule"": ""ma20"", ""q100_trim_weight"": 0.5}",annual_net_eoy,88.20151615778579,0.3031079721139322,220.48807538930933,10.79298917061669,5.585021016431028
37.42366473601759,0.544872243381906,0.4412337209614687,1.2076855684169956,-0.45546445694739435,1.196300249274639,0.6375748975086724,0.0025735364565918936,46,0.6819418164616841,12684,13,3,1,0,13/3/1/0,bear_buf020bp_slope40_20gt50,bear_filter,start_date_cv_fast_slice,2018-01-01 00:00:00,2026-06-01 15:00:00,12684,"{""average_type"": ""sma"", ""bear_filter_buffer"": 0.02, ""bear_filter_require_20gt50"": true, ""bear_filter_slope_days"": 40, ""entry_confirm_bars"": 2, ""exit_confirm_bars"": 3, ""long_ma_days"": 200.0, ""macd_fast_days"": 12.0, ""macd_signal_days"": 9.0, ""macd_slow_days"": 24.0, ""peak_stop_drawdown"": 0.4, ""profit_lock_scheme"": [[3.0, 0.75], [4.0, 0.5]], ""q100_activation_gain"": 1.1, ""q100_distance_quantile"": 1.0, ""q100_reentry_rule"": ""ma20"", ""q100_trim_weight"": 0.5}",annual_net_eoy,37.42366473601759,0.3160047313251808,218.79043073215615,10.676381932473404,5.483443708609271
25.032946391376253,0.6650322235340782,0.4512986491266435,1.3566476675959704,-0.39461676793577727,1.6852609355979273,0.6430788330229671,0.0020790796559799606,30,0.6690720049658597,9666,10,2,0,0,10/2/0/0,bear_buf020bp_slope40_20gt50,bear_filter,start_date_cv_fast_slice,2020-01-01 00:00:00,2026-06-01 15:00:00,9666,"{""average_type"": ""sma"", ""bear_filter_buffer"": 0.02, ""bear_filter_require_20gt50"": true, ""bear_filter_slope_days"": 40, ""entry_confirm_bars"": 2, ""exit_confirm_bars"": 3, ""long_ma_days"": 200.0, ""macd_fast_days"": 12.0, ""macd_signal_days"": 9.0, ""macd_slow_days"": 24.0, ""peak_stop_drawdown"": 0.4, ""profit_lock_scheme"": [[3.0, 0.75], [4.0, 0.5]], ""q100_activation_gain"": 1.1, ""q100_distance_quantile"": 1.0, ""q100_reentry_rule"": ""ma20"", ""q100_trim_weight"": 0.5}",annual_net_eoy,25.032946391376253,0.32990365693629975,216.25286256910897,10.299302558502157,4.692737430167598
4.9377847065778,0.500613541856135,0.40203451476131086,1.2117537690899878,-0.3372847681461607,1.484245922541028,0.6743520192887281,0.0015761699610767396,14,0.6405213984327909,6636,6,1,0,0,6/1/0/0,bear_buf020bp_slope40_20gt50,bear_filter,start_date_cv_fast_slice,2022-01-01 00:00:00,2026-06-01 15:00:00,6636,"{""average_type"": ""sma"", ""bear_filter_buffer"": 0.02, ""bear_filter_require_20gt50"": true, ""bear_filter_slope_days"": 40, ""entry_confirm_bars"": 2, ""exit_confirm_bars"": 3, ""long_ma_days"": 200.0, ""macd_fast_days"": 12.0, ""macd_signal_days"": 9.0, ""macd_slow_days"": 24.0, ""peak_stop_drawdown"": 0.4, ""profit_lock_scheme"": [[3.0, 0.75], [4.0, 0.5]], ""q100_activation_gain"": 1.1, ""q100_distance_quantile"": 1.0, ""q100_reentry_rule"": ""ma20"", ""q100_trim_weight"": 0.5}",annual_net_eoy,4.9377847065778,0.3603769825855842,199.1931732906337,8.948131046266937,3.1898734177215187
370.3373117886216,0.27535149717128715,0.38665172161157446,0.823258685048299,-0.5259690776320276,0.5235127099314484,0.6911700739451936,0.0027901678236238875,119,0.6302060678555894,36784,18,8,4,2,18/8/4/2,peak_stop_35,peak_stop,start_date_cv_fast_slice,2002-01-10 15:00:00,2026-06-01 15:00:00,36784,"{""average_type"": ""sma"", ""bear_filter_buffer"": 0.01, ""bear_filter_require_20gt50"": true, ""bear_filter_slope_days"": 30, ""entry_confirm_bars"": 2, ""exit_confirm_bars"": 3, ""long_ma_days"": 200.0, ""macd_fast_days"": 12.0, ""macd_signal_days"": 9.0, ""macd_slow_days"": 24.0, ""peak_stop_drawdown"": 0.35, ""profit_lock_scheme"": [[3.0, 0.75], [4.0, 0.5]], ""q100_activation_gain"": 1.1, ""q100_distance_quantile"": 1.0, ""q100_reentry_rule"": ""ma20"", ""q100_trim_weight"": 0.5}",annual_net_eoy,370.3373117886216,0.36919626891680485,121.46199729033012,10.500127639221866,4.89147455415398
437.5774684981616,0.29750406545037045,0.39408752153462967,0.8588137132679817,-0.5259690776320227,0.5656303347523208,0.678747380938898,0.0027927270293952398,115,0.6559686278951243,35318,18,8,4,2,18/8/4/2,peak_stop_35,peak_stop,start_date_cv_fast_slice,2003-01-01 00:00:00,2026-06-01 15:00:00,35318,"{""average_type"": ""sma"", ""bear_filter_buffer"": 0.01, ""bear_filter_require_20gt50"": true, ""bear_filter_slope_days"": 30, ""entry_confirm_bars"": 2, ""exit_confirm_bars"": 3, ""long_ma_days"": 200.0, ""macd_fast_days"": 12.0, ""macd_signal_days"": 9.0, ""macd_slow_days"": 24.0, ""peak_stop_drawdown"": 0.35, ""profit_lock_scheme"": [[3.0, 0.75], [4.0, 0.5]], ""q100_activation_gain"": 1.1, ""q100_distance_quantile"": 1.0, ""q100_reentry_rule"": ""ma20"", ""q100_trim_weight"": 0.5}",annual_net_eoy,437.5774684981616,0.34340890072585506,121.4553403653751,10.473228881263696,4.923268588255281
165.57694646405795,0.2570305869607554,0.38519169827344757,0.7874912802139998,-0.5259690776320265,0.4886800344193936,0.6797586655625222,0.0028875409092683386,114,0.6527712054891754,33812,17,8,4,2,17/8/4/2,peak_stop_35,peak_stop,start_date_cv_fast_slice,2004-01-01 00:00:00,2026-06-01 15:00:00,33812,"{""average_type"": ""sma"", ""bear_filter_buffer"": 0.01, ""bear_filter_require_20gt50"": true, ""bear_filter_slope_days"": 30, ""entry_confirm_bars"": 2, ""exit_confirm_bars"": 3, ""long_ma_days"": 200.0, ""macd_fast_days"": 12.0, ""macd_signal_days"": 9.0, ""macd_slow_days"": 24.0, ""peak_stop_drawdown"": 0.35, ""profit_lock_scheme"": [[3.0, 0.75], [4.0, 0.5]], ""q100_activation_gain"": 1.1, ""q100_distance_quantile"": 1.0, ""q100_reentry_rule"": ""ma20"", ""q100_trim_weight"": 0.5}",annual_net_eoy,165.57694646405795,0.34657859800768215,121.45362910660529,10.466098636389496,5.0978350881343895
180.4254080803839,0.2755751933912012,0.38421267961875705,0.8266521739992039,-0.5208254932866463,0.5291123359807065,0.6796149560480377,0.002836249016472115,108,0.6533521109322769,32308,19,10,4,1,19/10/4/1,peak_stop_35,peak_stop,start_date_cv_fast_slice,2005-01-01 00:00:00,2026-06-01 15:00:00,32308,"{""average_type"": ""sma"", ""bear_filter_buffer"": 0.01, ""bear_filter_require_20gt50"": true, ""bear_filter_slope_days"": 30, ""entry_confirm_bars"": 2, ""exit_confirm_bars"": 3, ""long_ma_days"": 200.0, ""macd_fast_days"": 12.0, ""macd_signal_days"": 9.0, ""macd_slow_days"": 24.0, ""peak_stop_drawdown"": 0.35, ""profit_lock_scheme"": [[3.0, 0.75], [4.0, 0.5]], ""q100_activation_gain"": 1.1, ""q100_distance_quantile"": 1.0, ""q100_reentry_rule"": ""ma20"", ""q100_trim_weight"": 0.5}",annual_net_eoy,180.4254080803839,0.3459674246575384,121.25452008171305,10.445265029793909,5.0543518633155875
234.84159933519692,0.32572561524573307,0.39016598028872396,0.9189074655348904,-0.5208254932866463,0.6254025953880559,0.6828577280174768,0.0027182391187937287,96,0.650447160021846,29296,19,9,4,1,19/9/4/1,peak_stop_35,peak_stop,start_date_cv_fast_slice,2007-01-01 00:00:00,2026-06-01 15:00:00,29296,"{""average_type"": ""sma"", ""bear_filter_buffer"": 0.01, ""bear_filter_require_20gt50"": true, ""bear_filter_slope_days"": 30, ""entry_confirm_bars"": 2, ""exit_confirm_bars"": 3, ""long_ma_days"": 200.0, ""macd_fast_days"": 12.0, ""macd_signal_days"": 9.0, ""macd_slow_days"": 24.0, ""peak_stop_drawdown"": 0.35, ""profit_lock_scheme"": [[3.0, 0.75], [4.0, 0.5]], ""q100_activation_gain"": 1.1, ""q100_distance_quantile"": 1.0, ""q100_reentry_rule"": ""ma20"", ""q100_trim_weight"": 0.5}",annual_net_eoy,234.84159933519692,0.34880241520466104,121.24817508876032,10.418827559157446,4.954669579464773
217.12691375097802,0.3633169933193803,0.3909395299220209,0.9894651363965893,-0.5208254932866465,0.6975791277548344,0.6763474421437271,0.0028408013559752237,91,0.664490712545676,26272,17,7,3,1,17/7/3/1,peak_stop_35,peak_stop,start_date_cv_fast_slice,2009-01-01 00:00:00,2026-06-01 15:00:00,26272,"{""average_type"": ""sma"", ""bear_filter_buffer"": 0.01, ""bear_filter_require_20gt50"": true, ""bear_filter_slope_days"": 30, ""entry_confirm_bars"": 2, ""exit_confirm_bars"": 3, ""long_ma_days"": 200.0, ""macd_fast_days"": 12.0, ""macd_signal_days"": 9.0, ""macd_slow_days"": 24.0, ""peak_stop_drawdown"": 0.35, ""profit_lock_scheme"": [[3.0, 0.75], [4.0, 0.5]], ""q100_activation_gain"": 1.1, ""q100_distance_quantile"": 1.0, ""q100_reentry_rule"": ""ma20"", ""q100_trim_weight"": 0.5}",annual_net_eoy,217.12691375097802,0.33467248613869327,121.2239280465815,10.369064255532917,5.23721071863581
122.03519624285653,0.34162216991085703,0.38769777678136325,0.9531307462774967,-0.520825493286647,0.6559244397870484,0.6741114701130856,0.0028931152352254072,88,0.6683158319870759,24760,16,7,3,1,16/7/3/1,peak_stop_35,peak_stop,start_date_cv_fast_slice,2010-01-01 00:00:00,2026-06-01 15:00:00,24760,"{""average_type"": ""sma"", ""bear_filter_buffer"": 0.01, ""bear_filter_require_20gt50"": true, ""bear_filter_slope_days"": 30, ""entry_confirm_bars"": 2, ""exit_confirm_bars"": 3, ""long_ma_days"": 200.0, ""macd_fast_days"": 12.0, ""macd_signal_days"": 9.0, ""macd_slow_days"": 24.0, ""peak_stop_drawdown"": 0.35, ""profit_lock_scheme"": [[3.0, 0.75], [4.0, 0.5]], ""q100_activation_gain"": 1.1, ""q100_distance_quantile"": 1.0, ""q100_reentry_rule"": ""ma20"", ""q100_trim_weight"": 0.5}",annual_net_eoy,122.03519624285653,0.3307962663907814,121.2189183189328,10.34819039032995,5.373828756058158
115.38721314035966,0.36258010219455605,0.3782747409933408,1.0083070120555244,-0.4574899957258234,0.7925421442698664,0.6780798348245011,0.002737161614942407,80,0.6576694769442533,23248,14,6,2,0,14/6/2/0,peak_stop_35,peak_stop,start_date_cv_fast_slice,2011-01-01 00:00:00,2026-06-01 15:00:00,23248,"{""average_type"": ""sma"", ""bear_filter_buffer"": 0.01, ""bear_filter_require_20gt50"": true, ""bear_filter_slope_days"": 30, ""entry_confirm_bars"": 2, ""exit_confirm_bars"": 3, ""long_ma_days"": 200.0, ""macd_fast_days"": 12.0, ""macd_signal_days"": 9.0, ""macd_slow_days"": 24.0, ""peak_stop_drawdown"": 0.35, ""profit_lock_scheme"": [[3.0, 0.75], [4.0, 0.5]], ""q100_activation_gain"": 1.1, ""q100_distance_quantile"": 1.0, ""q100_reentry_rule"": ""ma20"", ""q100_trim_weight"": 0.5}",annual_net_eoy,115.38721314035966,0.3413848742186747,121.17159992033754,10.337508689194529,5.203028217481074
136.06566492621278,0.44430807351059487,0.37030762209549445,1.1793398411591547,-0.45748999572582505,0.971186425193153,0.6855759252853684,0.0023526656879429304,63,0.6427583139793448,20237,12,5,1,0,12/5/1/0,peak_stop_35,peak_stop,start_date_cv_fast_slice,2013-01-01 00:00:00,2026-06-01 15:00:00,20237,"{""average_type"": ""sma"", ""bear_filter_buffer"": 0.01, ""bear_filter_require_20gt50"": true, ""bear_filter_slope_days"": 30, ""entry_confirm_bars"": 2, ""exit_confirm_bars"": 3, ""long_ma_days"": 200.0, ""macd_fast_days"": 12.0, ""macd_signal_days"": 9.0, ""macd_slow_days"": 24.0, ""peak_stop_drawdown"": 0.35, ""profit_lock_scheme"": [[3.0, 0.75], [4.0, 0.5]], ""q100_activation_gain"": 1.1, ""q100_distance_quantile"": 1.0, ""q100_reentry_rule"": ""ma20"", ""q100_trim_weight"": 0.5}",annual_net_eoy,136.06566492621278,0.3561520185336432,120.89500640550395,10.294373245133606,4.707021791767555
38.22527320506681,0.4238032860298724,0.3691759487353531,1.1432665291925659,-0.45748999572582394,0.926366237490054,0.7247484396892115,0.0025861631548140256,53,0.5696567316265444,15702,9,4,1,0,9/4/1/0,peak_stop_35,peak_stop,start_date_cv_fast_slice,2016-01-01 00:00:00,2026-06-01 15:00:00,15702,"{""average_type"": ""sma"", ""bear_filter_buffer"": 0.01, ""bear_filter_require_20gt50"": true, ""bear_filter_slope_days"": 30, ""entry_confirm_bars"": 2, ""exit_confirm_bars"": 3, ""long_ma_days"": 200.0, ""macd_fast_days"": 12.0, ""macd_signal_days"": 9.0, ""macd_slow_days"": 24.0, ""peak_stop_drawdown"": 0.35, ""profit_lock_scheme"": [[3.0, 0.75], [4.0, 0.5]], ""q100_activation_gain"": 1.1, ""q100_distance_quantile"": 1.0, ""q100_reentry_rule"": ""ma20"", ""q100_trim_weight"": 0.5}",annual_net_eoy,38.22527320506681,0.4291375069213347,119.06487078295453,10.20368005658769,5.103553687428353
15.270359208566965,0.3944564557119039,0.3852497949773511,1.057372552249045,-0.45748999572582316,0.8622187575623059,0.7425890886155787,0.002488838709707232,41,0.5239474929044465,12684,9,4,1,0,9/4/1/0,peak_stop_35,peak_stop,start_date_cv_fast_slice,2018-01-01 00:00:00,2026-06-01 15:00:00,12684,"{""average_type"": ""sma"", ""bear_filter_buffer"": 0.01, ""bear_filter_require_20gt50"": true, ""bear_filter_slope_days"": 30, ""entry_confirm_bars"": 2, ""exit_confirm_bars"": 3, ""long_ma_days"": 200.0, ""macd_fast_days"": 12.0, ""macd_signal_days"": 9.0, ""macd_slow_days"": 24.0, ""peak_stop_drawdown"": 0.35, ""profit_lock_scheme"": [[3.0, 0.75], [4.0, 0.5]], ""q100_activation_gain"": 1.1, ""q100_distance_quantile"": 1.0, ""q100_reentry_rule"": ""ma20"", ""q100_trim_weight"": 0.5}",annual_net_eoy,15.270359208566965,0.4745442894729129,116.84355866447342,10.066023230255063,4.887417218543046
10.063962203696367,0.4564423249789862,0.37782600937035055,1.1857530166387373,-0.38076003665592484,1.19876636473657,0.781812538795779,0.0019679368645993435,25,0.45967825367266707,9666,6,3,0,0,6/3/0/0,peak_stop_35,peak_stop,start_date_cv_fast_slice,2020-01-01 00:00:00,2026-06-01 15:00:00,9666,"{""average_type"": ""sma"", ""bear_filter_buffer"": 0.01, ""bear_filter_require_20gt50"": true, ""bear_filter_slope_days"": 30, ""entry_confirm_bars"": 2, ""exit_confirm_bars"": 3, ""long_ma_days"": 200.0, ""macd_fast_days"": 12.0, ""macd_signal_days"": 9.0, ""macd_slow_days"": 24.0, ""peak_stop_drawdown"": 0.35, ""profit_lock_scheme"": [[3.0, 0.75], [4.0, 0.5]], ""q100_activation_gain"": 1.1, ""q100_distance_quantile"": 1.0, ""q100_reentry_rule"": ""ma20"", ""q100_trim_weight"": 0.5}",annual_net_eoy,10.063962203696367,0.5400128805599117,113.67175228974939,9.60477795671667,3.9106145251396645
5.314518233034996,0.5217944639038814,0.38243519337320103,1.2906805633072451,-0.3728071652212356,1.3996363605142408,0.7426160337552743,0.0015000314346898416,12,0.5511980108499096,6636,5,1,0,0,5/1/0/0,peak_stop_35,peak_stop,start_date_cv_fast_slice,2022-01-01 00:00:00,2026-06-01 15:00:00,6636,"{""average_type"": ""sma"", ""bear_filter_buffer"": 0.01, ""bear_filter_require_20gt50"": true, ""bear_filter_slope_days"": 30, ""entry_confirm_bars"": 2, ""exit_confirm_bars"": 3, ""long_ma_days"": 200.0, ""macd_fast_days"": 12.0, ""macd_signal_days"": 9.0, ""macd_slow_days"": 24.0, ""peak_stop_drawdown"": 0.35, ""profit_lock_scheme"": [[3.0, 0.75], [4.0, 0.5]], ""q100_activation_gain"": 1.1, ""q100_distance_quantile"": 1.0, ""q100_reentry_rule"": ""ma20"", ""q100_trim_weight"": 0.5}",annual_net_eoy,5.314518233034996,0.4489606826725628,102.47862407960965,6.921876762014568,2.7341772151898733
959.4879930433176,0.3261566236497664,0.4073372062163306,0.897462668870009,-0.5279067864595443,0.6178299503159752,0.6545237059591127,0.002819373625643381,124,0.6858008916920401,36784,22,7,4,2,22/7/4/2,peak_stop_40,peak_stop,start_date_cv_fast_slice,2002-01-10 15:00:00,2026-06-01 15:00:00,36784,"{""average_type"": ""sma"", ""bear_filter_buffer"": 0.01, ""bear_filter_require_20gt50"": true, ""bear_filter_slope_days"": 30, ""entry_confirm_bars"": 2, ""exit_confirm_bars"": 3, ""long_ma_days"": 200.0, ""macd_fast_days"": 12.0, ""macd_signal_days"": 9.0, ""macd_slow_days"": 24.0, ""peak_stop_drawdown"": 0.4, ""profit_lock_scheme"": [[3.0, 0.75], [4.0, 0.5]], ""q100_activation_gain"": 1.1, ""q100_distance_quantile"": 1.0, ""q100_reentry_rule"": ""ma20"", ""q100_trim_weight"": 0.5}",annual_net_eoy,959.4879930433176,0.3134134351970943,304.79796016905505,14.014936440207977,5.096998695084819
1133.409010726081,0.3513810963541517,0.41522209069931576,0.9336324713692902,-0.5279067864595445,0.6656120083447334,0.6405798742850671,0.0028231451227608054,120,0.7138711138796081,35318,22,7,4,2,22/7/4/2,peak_stop_40,peak_stop,start_date_cv_fast_slice,2003-01-01 00:00:00,2026-06-01 15:00:00,35318,"{""average_type"": ""sma"", ""bear_filter_buffer"": 0.01, ""bear_filter_require_20gt50"": true, ""bear_filter_slope_days"": 30, ""entry_confirm_bars"": 2, ""exit_confirm_bars"": 3, ""long_ma_days"": 200.0, ""macd_fast_days"": 12.0, ""macd_signal_days"": 9.0, ""macd_slow_days"": 24.0, ""peak_stop_drawdown"": 0.4, ""profit_lock_scheme"": [[3.0, 0.75], [4.0, 0.5]], ""q100_activation_gain"": 1.1, ""q100_distance_quantile"": 1.0, ""q100_reentry_rule"": ""ma20"", ""q100_trim_weight"": 0.5}",annual_net_eoy,1133.409010726081,0.2853106008349826,304.79130324410005,13.988037682249807,5.13732374426638
429.8620543028554,0.31160162770972555,0.407726875293079,0.8700537824939563,-0.5279067864595439,0.5902588026941478,0.6398911629007453,0.0029193138366753256,119,0.7132526913521826,33812,21,7,4,2,21/7/4/2,peak_stop_40,peak_stop,start_date_cv_fast_slice,2004-01-01 00:00:00,2026-06-01 15:00:00,33812,"{""average_type"": ""sma"", ""bear_filter_buffer"": 0.01, ""bear_filter_require_20gt50"": true, ""bear_filter_slope_days"": 30, ""entry_confirm_bars"": 2, ""exit_confirm_bars"": 3, ""long_ma_days"": 200.0, ""macd_fast_days"": 12.0, ""macd_signal_days"": 9.0, ""macd_slow_days"": 24.0, ""peak_stop_drawdown"": 0.4, ""profit_lock_scheme"": [[3.0, 0.75], [4.0, 0.5]], ""q100_activation_gain"": 1.1, ""q100_distance_quantile"": 1.0, ""q100_reentry_rule"": ""ma20"", ""q100_trim_weight"": 0.5}",annual_net_eoy,429.8620543028554,0.285892576608598,304.7895919853302,13.980907437375606,5.321424346385898
468.2685613919287,0.3335869396857032,0.407821846676039,0.9107227936804192,-0.5279067864595444,0.6319050033869328,0.6378915438900582,0.0028695010352131393,113,0.71664912715117,32308,23,9,4,1,23/9/4/1,peak_stop_40,peak_stop,start_date_cv_fast_slice,2005-01-01 00:00:00,2026-06-01 15:00:00,32308,"{""average_type"": ""sma"", ""bear_filter_buffer"": 0.01, ""bear_filter_require_20gt50"": true, ""bear_filter_slope_days"": 30, ""entry_confirm_bars"": 2, ""exit_confirm_bars"": 3, ""long_ma_days"": 200.0, ""macd_fast_days"": 12.0, ""macd_signal_days"": 9.0, ""macd_slow_days"": 24.0, ""peak_stop_drawdown"": 0.4, ""profit_lock_scheme"": [[3.0, 0.75], [4.0, 0.5]], ""q100_activation_gain"": 1.1, ""q100_distance_quantile"": 1.0, ""q100_reentry_rule"": ""ma20"", ""q100_trim_weight"": 0.5}",annual_net_eoy,468.2685613919287,0.2824563513770557,304.590482960438,13.960073830780019,5.2883496347653836
609.0195623501876,0.3923703639138352,0.4157497585442943,1.0050767247633299,-0.5279067864595445,0.7432569043965189,0.6368446204259968,0.002754909866386746,101,0.7202519115237576,29296,23,8,4,1,23/8/4/1,peak_stop_40,peak_stop,start_date_cv_fast_slice,2007-01-01 00:00:00,2026-06-01 15:00:00,29296,"{""average_type"": ""sma"", ""bear_filter_buffer"": 0.01, ""bear_filter_require_20gt50"": true, ""bear_filter_slope_days"": 30, ""entry_confirm_bars"": 2, ""exit_confirm_bars"": 3, ""long_ma_days"": 200.0, ""macd_fast_days"": 12.0, ""macd_signal_days"": 9.0, ""macd_slow_days"": 24.0, ""peak_stop_drawdown"": 0.4, ""profit_lock_scheme"": [[3.0, 0.75], [4.0, 0.5]], ""q100_activation_gain"": 1.1, ""q100_distance_quantile"": 1.0, ""q100_reentry_rule"": ""ma20"", ""q100_trim_weight"": 0.5}",annual_net_eoy,609.0195623501876,0.27876159886298185,304.5841379674853,13.93363636014356,5.212725286728563
563.1993814418164,0.43995793660826576,0.4193120051207676,1.0803042919330597,-0.5279067864595446,0.8334007970590492,0.6250380633373934,0.002881693036147462,96,0.7423302375152253,26272,21,6,3,1,21/6/3/1,peak_stop_40,peak_stop,start_date_cv_fast_slice,2009-01-01 00:00:00,2026-06-01 15:00:00,26272,"{""average_type"": ""sma"", ""bear_filter_buffer"": 0.01, ""bear_filter_require_20gt50"": true, ""bear_filter_slope_days"": 30, ""entry_confirm_bars"": 2, ""exit_confirm_bars"": 3, ""long_ma_days"": 200.0, ""macd_fast_days"": 12.0, ""macd_signal_days"": 9.0, ""macd_slow_days"": 24.0, ""peak_stop_drawdown"": 0.4, ""profit_lock_scheme"": [[3.0, 0.75], [4.0, 0.5]], ""q100_activation_gain"": 1.1, ""q100_distance_quantile"": 1.0, ""q100_reentry_rule"": ""ma20"", ""q100_trim_weight"": 0.5}",annual_net_eoy,563.1993814418164,0.25656972443247245,304.55989092530643,13.883873056519032,5.524969549330085
317.23849896414856,0.42178421327585935,0.4179756788641114,1.0520481797743837,-0.5279067864595433,0.7989747889103587,0.6196688206785137,0.00293650401638393,93,0.7509087237479806,24760,20,6,3,1,20/6/3/1,peak_stop_40,peak_stop,start_date_cv_fast_slice,2010-01-01 00:00:00,2026-06-01 15:00:00,24760,"{""average_type"": ""sma"", ""bear_filter_buffer"": 0.01, ""bear_filter_require_20gt50"": true, ""bear_filter_slope_days"": 30, ""entry_confirm_bars"": 2, ""exit_confirm_bars"": 3, ""long_ma_days"": 200.0, ""macd_fast_days"": 12.0, ""macd_signal_days"": 9.0, ""macd_slow_days"": 24.0, ""peak_stop_drawdown"": 0.4, ""profit_lock_scheme"": [[3.0, 0.75], [4.0, 0.5]], ""q100_activation_gain"": 1.1, ""q100_distance_quantile"": 1.0, ""q100_reentry_rule"": ""ma20"", ""q100_trim_weight"": 0.5}",annual_net_eoy,317.23849896414856,0.24792406301655562,304.5548811976577,13.86299919131606,5.679159935379644
303.95663588325704,0.4506729428055545,0.4111727329356514,1.1115112899844457,-0.4574899957258237,0.985099012035326,0.6201823812801102,0.0027833723092595547,85,0.7455480041293875,23248,18,5,2,0,18/5/2/0,peak_stop_40,peak_stop,start_date_cv_fast_slice,2011-01-01 00:00:00,2026-06-01 15:00:00,23248,"{""average_type"": ""sma"", ""bear_filter_buffer"": 0.01, ""bear_filter_require_20gt50"": true, ""bear_filter_slope_days"": 30, ""entry_confirm_bars"": 2, ""exit_confirm_bars"": 3, ""long_ma_days"": 200.0, ""macd_fast_days"": 12.0, ""macd_signal_days"": 9.0, ""macd_slow_days"": 24.0, ""peak_stop_drawdown"": 0.4, ""profit_lock_scheme"": [[3.0, 0.75], [4.0, 0.5]], ""q100_activation_gain"": 1.1, ""q100_distance_quantile"": 1.0, ""q100_reentry_rule"": ""ma20"", ""q100_trim_weight"": 0.5}",annual_net_eoy,303.95663588325704,0.25320886959264954,304.51475559049385,13.852578633300418,5.528217481073641
358.13811271167066,0.5520847127791157,0.4086026812255113,1.2813762778015387,-0.4574899957258246,1.206768930330844,0.6190640905272521,0.0024057519270833687,68,0.7437120126500963,20237,16,4,1,0,16/4/1/0,peak_stop_40,peak_stop,start_date_cv_fast_slice,2013-01-01 00:00:00,2026-06-01 15:00:00,20237,"{""average_type"": ""sma"", ""bear_filter_buffer"": 0.01, ""bear_filter_require_20gt50"": true, ""bear_filter_slope_days"": 30, ""entry_confirm_bars"": 2, ""exit_confirm_bars"": 3, ""long_ma_days"": 200.0, ""macd_fast_days"": 12.0, ""macd_signal_days"": 9.0, ""macd_slow_days"": 24.0, ""peak_stop_drawdown"": 0.4, ""profit_lock_scheme"": [[3.0, 0.75], [4.0, 0.5]], ""q100_activation_gain"": 1.1, ""q100_distance_quantile"": 1.0, ""q100_reentry_rule"": ""ma20"", ""q100_trim_weight"": 0.5}",annual_net_eoy,358.13811271167066,0.2548565816830313,304.24171166102224,13.809996755872865,5.080594949844344
101.7776766490085,0.5621858794183769,0.41801262496681235,1.277490133170296,-0.4574899957258234,1.2288484659133365,0.6390268755572539,0.002654581586955475,58,0.6997675455356006,15702,13,3,1,0,13/3/1/0,peak_stop_40,peak_stop,start_date_cv_fast_slice,2016-01-01 00:00:00,2026-06-01 15:00:00,15702,"{""average_type"": ""sma"", ""bear_filter_buffer"": 0.01, ""bear_filter_require_20gt50"": true, ""bear_filter_slope_days"": 30, ""entry_confirm_bars"": 2, ""exit_confirm_bars"": 3, ""long_ma_days"": 200.0, ""macd_fast_days"": 12.0, ""macd_signal_days"": 9.0, ""macd_slow_days"": 24.0, ""peak_stop_drawdown"": 0.4, ""profit_lock_scheme"": [[3.0, 0.75], [4.0, 0.5]], ""q100_activation_gain"": 1.1, ""q100_distance_quantile"": 1.0, ""q100_reentry_rule"": ""ma20"", ""q100_trim_weight"": 0.5}",annual_net_eoy,101.7776766490085,0.2985862551352034,302.4350625711199,13.7204674529469,5.585021016431028
41.63143583370339,0.564128558279289,0.44272850355362914,1.2330986189024031,-0.45748999572582316,1.2330948513623345,0.6364711447492905,0.0025735364565918936,46,0.6850165562913907,12684,13,3,1,0,13/3/1/0,peak_stop_40,peak_stop,start_date_cv_fast_slice,2018-01-01 00:00:00,2026-06-01 15:00:00,12684,"{""average_type"": ""sma"", ""bear_filter_buffer"": 0.01, ""bear_filter_require_20gt50"": true, ""bear_filter_slope_days"": 30, ""entry_confirm_bars"": 2, ""exit_confirm_bars"": 3, ""long_ma_days"": 200.0, ""macd_fast_days"": 12.0, ""macd_signal_days"": 9.0, ""macd_slow_days"": 24.0, ""peak_stop_drawdown"": 0.4, ""profit_lock_scheme"": [[3.0, 0.75], [4.0, 0.5]], ""q100_activation_gain"": 1.1, ""q100_distance_quantile"": 1.0, ""q100_reentry_rule"": ""ma20"", ""q100_trim_weight"": 0.5}",annual_net_eoy,41.63143583370339,0.3129299914954741,300.24225703922565,13.584577206918986,5.483443708609271
27.989685397053176,0.6932879865500554,0.4529767497056562,1.3904705730746523,-0.3946167679357776,1.7568639826853112,0.6425615559693773,0.0020790796559799606,30,0.6710376577695013,9666,10,2,0,0,10/2/0/0,peak_stop_40,peak_stop,start_date_cv_fast_slice,2020-01-01 00:00:00,2026-06-01 15:00:00,9666,"{""average_type"": ""sma"", ""bear_filter_buffer"": 0.01, ""bear_filter_require_20gt50"": true, ""bear_filter_slope_days"": 30, ""entry_confirm_bars"": 2, ""exit_confirm_bars"": 3, ""long_ma_days"": 200.0, ""macd_fast_days"": 12.0, ""macd_signal_days"": 9.0, ""macd_slow_days"": 24.0, ""peak_stop_drawdown"": 0.4, ""profit_lock_scheme"": [[3.0, 0.75], [4.0, 0.5]], ""q100_activation_gain"": 1.1, ""q100_distance_quantile"": 1.0, ""q100_reentry_rule"": ""ma20"", ""q100_trim_weight"": 0.5}",annual_net_eoy,27.989685397053176,0.3279380041326581,297.1111551527659,13.12925119534227,4.692737430167598
5.61081161684006,0.5377774727569544,0.40479019635634367,1.2667236311479384,-0.28926220617910237,1.8591349345651431,0.6735985533453888,0.0015761699610767396,14,0.6433845690174804,6636,6,0,0,0,6/0/0/0,peak_stop_40,peak_stop,start_date_cv_fast_slice,2022-01-01 00:00:00,2026-06-01 15:00:00,6636,"{""average_type"": ""sma"", ""bear_filter_buffer"": 0.01, ""bear_filter_require_20gt50"": true, ""bear_filter_slope_days"": 30, ""entry_confirm_bars"": 2, ""exit_confirm_bars"": 3, ""long_ma_days"": 200.0, ""macd_fast_days"": 12.0, ""macd_signal_days"": 9.0, ""macd_slow_days"": 24.0, ""peak_stop_drawdown"": 0.4, ""profit_lock_scheme"": [[3.0, 0.75], [4.0, 0.5]], ""q100_activation_gain"": 1.1, ""q100_distance_quantile"": 1.0, ""q100_reentry_rule"": ""ma20"", ""q100_trim_weight"": 0.5}",annual_net_eoy,5.61081161684006,0.3575138120008946,276.1405323685362,11.466532811959418,3.1898734177215187
959.4879930433176,0.3261566236497664,0.4073372062163306,0.897462668870009,-0.5279067864595443,0.6178299503159752,0.6545237059591127,0.002819373625643381,124,0.6858008916920401,36784,22,7,4,2,22/7/4/2,peak_stop_45,peak_stop,start_date_cv_fast_slice,2002-01-10 15:00:00,2026-06-01 15:00:00,36784,"{""average_type"": ""sma"", ""bear_filter_buffer"": 0.01, ""bear_filter_require_20gt50"": true, ""bear_filter_slope_days"": 30, ""entry_confirm_bars"": 2, ""exit_confirm_bars"": 3, ""long_ma_days"": 200.0, ""macd_fast_days"": 12.0, ""macd_signal_days"": 9.0, ""macd_slow_days"": 24.0, ""peak_stop_drawdown"": 0.45, ""profit_lock_scheme"": [[3.0, 0.75], [4.0, 0.5]], ""q100_activation_gain"": 1.1, ""q100_distance_quantile"": 1.0, ""q100_reentry_rule"": ""ma20"", ""q100_trim_weight"": 0.5}",annual_net_eoy,959.4879930433176,0.3134134351970943,304.79796016905505,14.014936440207977,5.096998695084819
1133.409010726081,0.3513810963541517,0.41522209069931576,0.9336324713692902,-0.5279067864595445,0.6656120083447334,0.6405798742850671,0.0028231451227608054,120,0.7138711138796081,35318,22,7,4,2,22/7/4/2,peak_stop_45,peak_stop,start_date_cv_fast_slice,2003-01-01 00:00:00,2026-06-01 15:00:00,35318,"{""average_type"": ""sma"", ""bear_filter_buffer"": 0.01, ""bear_filter_require_20gt50"": true, ""bear_filter_slope_days"": 30, ""entry_confirm_bars"": 2, ""exit_confirm_bars"": 3, ""long_ma_days"": 200.0, ""macd_fast_days"": 12.0, ""macd_signal_days"": 9.0, ""macd_slow_days"": 24.0, ""peak_stop_drawdown"": 0.45, ""profit_lock_scheme"": [[3.0, 0.75], [4.0, 0.5]], ""q100_activation_gain"": 1.1, ""q100_distance_quantile"": 1.0, ""q100_reentry_rule"": ""ma20"", ""q100_trim_weight"": 0.5}",annual_net_eoy,1133.409010726081,0.2853106008349826,304.79130324410005,13.988037682249807,5.13732374426638
429.8620543028554,0.31160162770972555,0.407726875293079,0.8700537824939563,-0.5279067864595439,0.5902588026941478,0.6398911629007453,0.0029193138366753256,119,0.7132526913521826,33812,21,7,4,2,21/7/4/2,peak_stop_45,peak_stop,start_date_cv_fast_slice,2004-01-01 00:00:00,2026-06-01 15:00:00,33812,"{""average_type"": ""sma"", ""bear_filter_buffer"": 0.01, ""bear_filter_require_20gt50"": true, ""bear_filter_slope_days"": 30, ""entry_confirm_bars"": 2, ""exit_confirm_bars"": 3, ""long_ma_days"": 200.0, ""macd_fast_days"": 12.0, ""macd_signal_days"": 9.0, ""macd_slow_days"": 24.0, ""peak_stop_drawdown"": 0.45, ""profit_lock_scheme"": [[3.0, 0.75], [4.0, 0.5]], ""q100_activation_gain"": 1.1, ""q100_distance_quantile"": 1.0, ""q100_reentry_rule"": ""ma20"", ""q100_trim_weight"": 0.5}",annual_net_eoy,429.8620543028554,0.285892576608598,304.7895919853302,13.980907437375606,5.321424346385898
468.2685613919287,0.3335869396857032,0.407821846676039,0.9107227936804192,-0.5279067864595444,0.6319050033869328,0.6378915438900582,0.0028695010352131393,113,0.71664912715117,32308,23,9,4,1,23/9/4/1,peak_stop_45,peak_stop,start_date_cv_fast_slice,2005-01-01 00:00:00,2026-06-01 15:00:00,32308,"{""average_type"": ""sma"", ""bear_filter_buffer"": 0.01, ""bear_filter_require_20gt50"": true, ""bear_filter_slope_days"": 30, ""entry_confirm_bars"": 2, ""exit_confirm_bars"": 3, ""long_ma_days"": 200.0, ""macd_fast_days"": 12.0, ""macd_signal_days"": 9.0, ""macd_slow_days"": 24.0, ""peak_stop_drawdown"": 0.45, ""profit_lock_scheme"": [[3.0, 0.75], [4.0, 0.5]], ""q100_activation_gain"": 1.1, ""q100_distance_quantile"": 1.0, ""q100_reentry_rule"": ""ma20"", ""q100_trim_weight"": 0.5}",annual_net_eoy,468.2685613919287,0.2824563513770557,304.590482960438,13.960073830780019,5.2883496347653836
609.0195623501876,0.3923703639138352,0.4157497585442943,1.0050767247633299,-0.5279067864595445,0.7432569043965189,0.6368446204259968,0.002754909866386746,101,0.7202519115237576,29296,23,8,4,1,23/8/4/1,peak_stop_45,peak_stop,start_date_cv_fast_slice,2007-01-01 00:00:00,2026-06-01 15:00:00,29296,"{""average_type"": ""sma"", ""bear_filter_buffer"": 0.01, ""bear_filter_require_20gt50"": true, ""bear_filter_slope_days"": 30, ""entry_confirm_bars"": 2, ""exit_confirm_bars"": 3, ""long_ma_days"": 200.0, ""macd_fast_days"": 12.0, ""macd_signal_days"": 9.0, ""macd_slow_days"": 24.0, ""peak_stop_drawdown"": 0.45, ""profit_lock_scheme"": [[3.0, 0.75], [4.0, 0.5]], ""q100_activation_gain"": 1.1, ""q100_distance_quantile"": 1.0, ""q100_reentry_rule"": ""ma20"", ""q100_trim_weight"": 0.5}",annual_net_eoy,609.0195623501876,0.27876159886298185,304.5841379674853,13.93363636014356,5.212725286728563
563.1993814418164,0.43995793660826576,0.4193120051207676,1.0803042919330597,-0.5279067864595446,0.8334007970590492,0.6250380633373934,0.002881693036147462,96,0.7423302375152253,26272,21,6,3,1,21/6/3/1,peak_stop_45,peak_stop,start_date_cv_fast_slice,2009-01-01 00:00:00,2026-06-01 15:00:00,26272,"{""average_type"": ""sma"", ""bear_filter_buffer"": 0.01, ""bear_filter_require_20gt50"": true, ""bear_filter_slope_days"": 30, ""entry_confirm_bars"": 2, ""exit_confirm_bars"": 3, ""long_ma_days"": 200.0, ""macd_fast_days"": 12.0, ""macd_signal_days"": 9.0, ""macd_slow_days"": 24.0, ""peak_stop_drawdown"": 0.45, ""profit_lock_scheme"": [[3.0, 0.75], [4.0, 0.5]], ""q100_activation_gain"": 1.1, ""q100_distance_quantile"": 1.0, ""q100_reentry_rule"": ""ma20"", ""q100_trim_weight"": 0.5}",annual_net_eoy,563.1993814418164,0.25656972443247245,304.55989092530643,13.883873056519032,5.524969549330085
317.23849896414856,0.42178421327585935,0.4179756788641114,1.0520481797743837,-0.5279067864595433,0.7989747889103587,0.6196688206785137,0.00293650401638393,93,0.7509087237479806,24760,20,6,3,1,20/6/3/1,peak_stop_45,peak_stop,start_date_cv_fast_slice,2010-01-01 00:00:00,2026-06-01 15:00:00,24760,"{""average_type"": ""sma"", ""bear_filter_buffer"": 0.01, ""bear_filter_require_20gt50"": true, ""bear_filter_slope_days"": 30, ""entry_confirm_bars"": 2, ""exit_confirm_bars"": 3, ""long_ma_days"": 200.0, ""macd_fast_days"": 12.0, ""macd_signal_days"": 9.0, ""macd_slow_days"": 24.0, ""peak_stop_drawdown"": 0.45, ""profit_lock_scheme"": [[3.0, 0.75], [4.0, 0.5]], ""q100_activation_gain"": 1.1, ""q100_distance_quantile"": 1.0, ""q100_reentry_rule"": ""ma20"", ""q100_trim_weight"": 0.5}",annual_net_eoy,317.23849896414856,0.24792406301655562,304.5548811976577,13.86299919131606,5.679159935379644
303.95663588325704,0.4506729428055545,0.4111727329356514,1.1115112899844457,-0.4574899957258237,0.985099012035326,0.6201823812801102,0.0027833723092595547,85,0.7455480041293875,23248,18,5,2,0,18/5/2/0,peak_stop_45,peak_stop,start_date_cv_fast_slice,2011-01-01 00:00:00,2026-06-01 15:00:00,23248,"{""average_type"": ""sma"", ""bear_filter_buffer"": 0.01, ""bear_filter_require_20gt50"": true, ""bear_filter_slope_days"": 30, ""entry_confirm_bars"": 2, ""exit_confirm_bars"": 3, ""long_ma_days"": 200.0, ""macd_fast_days"": 12.0, ""macd_signal_days"": 9.0, ""macd_slow_days"": 24.0, ""peak_stop_drawdown"": 0.45, ""profit_lock_scheme"": [[3.0, 0.75], [4.0, 0.5]], ""q100_activation_gain"": 1.1, ""q100_distance_quantile"": 1.0, ""q100_reentry_rule"": ""ma20"", ""q100_trim_weight"": 0.5}",annual_net_eoy,303.95663588325704,0.25320886959264954,304.51475559049385,13.852578633300418,5.528217481073641
358.13811271167066,0.5520847127791157,0.4086026812255113,1.2813762778015387,-0.4574899957258246,1.206768930330844,0.6190640905272521,0.0024057519270833687,68,0.7437120126500963,20237,16,4,1,0,16/4/1/0,peak_stop_45,peak_stop,start_date_cv_fast_slice,2013-01-01 00:00:00,2026-06-01 15:00:00,20237,"{""average_type"": ""sma"", ""bear_filter_buffer"": 0.01, ""bear_filter_require_20gt50"": true, ""bear_filter_slope_days"": 30, ""entry_confirm_bars"": 2, ""exit_confirm_bars"": 3, ""long_ma_days"": 200.0, ""macd_fast_days"": 12.0, ""macd_signal_days"": 9.0, ""macd_slow_days"": 24.0, ""peak_stop_drawdown"": 0.45, ""profit_lock_scheme"": [[3.0, 0.75], [4.0, 0.5]], ""q100_activation_gain"": 1.1, ""q100_distance_quantile"": 1.0, ""q100_reentry_rule"": ""ma20"", ""q100_trim_weight"": 0.5}",annual_net_eoy,358.13811271167066,0.2548565816830313,304.24171166102224,13.809996755872865,5.080594949844344
101.7776766490085,0.5621858794183769,0.41801262496681235,1.277490133170296,-0.4574899957258234,1.2288484659133365,0.6390268755572539,0.002654581586955475,58,0.6997675455356006,15702,13,3,1,0,13/3/1/0,peak_stop_45,peak_stop,start_date_cv_fast_slice,2016-01-01 00:00:00,2026-06-01 15:00:00,15702,"{""average_type"": ""sma"", ""bear_filter_buffer"": 0.01, ""bear_filter_require_20gt50"": true, ""bear_filter_slope_days"": 30, ""entry_confirm_bars"": 2, ""exit_confirm_bars"": 3, ""long_ma_days"": 200.0, ""macd_fast_days"": 12.0, ""macd_signal_days"": 9.0, ""macd_slow_days"": 24.0, ""peak_stop_drawdown"": 0.45, ""profit_lock_scheme"": [[3.0, 0.75], [4.0, 0.5]], ""q100_activation_gain"": 1.1, ""q100_distance_quantile"": 1.0, ""q100_reentry_rule"": ""ma20"", ""q100_trim_weight"": 0.5}",annual_net_eoy,101.7776766490085,0.2985862551352034,302.4350625711199,13.7204674529469,5.585021016431028
41.63143583370339,0.564128558279289,0.44272850355362914,1.2330986189024031,-0.45748999572582316,1.2330948513623345,0.6364711447492905,0.0025735364565918936,46,0.6850165562913907,12684,13,3,1,0,13/3/1/0,peak_stop_45,peak_stop,start_date_cv_fast_slice,2018-01-01 00:00:00,2026-06-01 15:00:00,12684,"{""average_type"": ""sma"", ""bear_filter_buffer"": 0.01, ""bear_filter_require_20gt50"": true, ""bear_filter_slope_days"": 30, ""entry_confirm_bars"": 2, ""exit_confirm_bars"": 3, ""long_ma_days"": 200.0, ""macd_fast_days"": 12.0, ""macd_signal_days"": 9.0, ""macd_slow_days"": 24.0, ""peak_stop_drawdown"": 0.45, ""profit_lock_scheme"": [[3.0, 0.75], [4.0, 0.5]], ""q100_activation_gain"": 1.1, ""q100_distance_quantile"": 1.0, ""q100_reentry_rule"": ""ma20"", ""q100_trim_weight"": 0.5}",annual_net_eoy,41.63143583370339,0.3129299914954741,300.24225703922565,13.584577206918986,5.483443708609271
27.989685397053176,0.6932879865500554,0.4529767497056562,1.3904705730746523,-0.3946167679357776,1.7568639826853112,0.6425615559693773,0.0020790796559799606,30,0.6710376577695013,9666,10,2,0,0,10/2/0/0,peak_stop_45,peak_stop,start_date_cv_fast_slice,2020-01-01 00:00:00,2026-06-01 15:00:00,9666,"{""average_type"": ""sma"", ""bear_filter_buffer"": 0.01, ""bear_filter_require_20gt50"": true, ""bear_filter_slope_days"": 30, ""entry_confirm_bars"": 2, ""exit_confirm_bars"": 3, ""long_ma_days"": 200.0, ""macd_fast_days"": 12.0, ""macd_signal_days"": 9.0, ""macd_slow_days"": 24.0, ""peak_stop_drawdown"": 0.45, ""profit_lock_scheme"": [[3.0, 0.75], [4.0, 0.5]], ""q100_activation_gain"": 1.1, ""q100_distance_quantile"": 1.0, ""q100_reentry_rule"": ""ma20"", ""q100_trim_weight"": 0.5}",annual_net_eoy,27.989685397053176,0.3279380041326581,297.1111551527659,13.12925119534227,4.692737430167598
5.61081161684006,0.5377774727569544,0.40479019635634367,1.2667236311479384,-0.28926220617910237,1.8591349345651431,0.6735985533453888,0.0015761699610767396,14,0.6433845690174804,6636,6,0,0,0,6/0/0/0,peak_stop_45,peak_stop,start_date_cv_fast_slice,2022-01-01 00:00:00,2026-06-01 15:00:00,6636,"{""average_type"": ""sma"", ""bear_filter_buffer"": 0.01, ""bear_filter_require_20gt50"": true, ""bear_filter_slope_days"": 30, ""entry_confirm_bars"": 2, ""exit_confirm_bars"": 3, ""long_ma_days"": 200.0, ""macd_fast_days"": 12.0, ""macd_signal_days"": 9.0, ""macd_slow_days"": 24.0, ""peak_stop_drawdown"": 0.45, ""profit_lock_scheme"": [[3.0, 0.75], [4.0, 0.5]], ""q100_activation_gain"": 1.1, ""q100_distance_quantile"": 1.0, ""q100_reentry_rule"": ""ma20"", ""q100_trim_weight"": 0.5}",annual_net_eoy,5.61081161684006,0.3575138120008946,276.1405323685362,11.466532811959418,3.1898734177215187
865.6179804120983,0.3205623242645992,0.4075042817145866,0.8868842923037941,-0.5279067864595443,0.6072328155022975,0.6544421487603306,0.002819373625643381,124,0.6859096346237494,36784,22,7,5,2,22/7/5/2,peak_stop_50,peak_stop,start_date_cv_fast_slice,2002-01-10 15:00:00,2026-06-01 15:00:00,36784,"{""average_type"": ""sma"", ""bear_filter_buffer"": 0.01, ""bear_filter_require_20gt50"": true, ""bear_filter_slope_days"": 30, ""entry_confirm_bars"": 2, ""exit_confirm_bars"": 3, ""long_ma_days"": 200.0, ""macd_fast_days"": 12.0, ""macd_signal_days"": 9.0, ""macd_slow_days"": 24.0, ""peak_stop_drawdown"": 0.5, ""profit_lock_scheme"": [[3.0, 0.75], [4.0, 0.5]], ""q100_activation_gain"": 1.1, ""q100_distance_quantile"": 1.0, ""q100_reentry_rule"": ""ma20"", ""q100_trim_weight"": 0.5}",annual_net_eoy,865.6179804120983,0.3133046922653848,275.0295028918104,12.72970989498485,5.096998695084819
1022.541421607736,0.34544428155521434,0.4153929486501606,0.9228161666223439,-0.5279067864595445,0.6543660555530424,0.6404949317628404,0.0028231451227608054,120,0.7139843705759104,35318,22,7,5,2,22/7/5/2,peak_stop_50,peak_stop,start_date_cv_fast_slice,2003-01-01 00:00:00,2026-06-01 15:00:00,35318,"{""average_type"": ""sma"", ""bear_filter_buffer"": 0.01, ""bear_filter_require_20gt50"": true, ""bear_filter_slope_days"": 30, ""entry_confirm_bars"": 2, ""exit_confirm_bars"": 3, ""long_ma_days"": 200.0, ""macd_fast_days"": 12.0, ""macd_signal_days"": 9.0, ""macd_slow_days"": 24.0, ""peak_stop_drawdown"": 0.5, ""profit_lock_scheme"": [[3.0, 0.75], [4.0, 0.5]], ""q100_activation_gain"": 1.1, ""q100_distance_quantile"": 1.0, ""q100_reentry_rule"": ""ma20"", ""q100_trim_weight"": 0.5}",annual_net_eoy,1022.541421607736,0.2851973441386804,275.02284596685536,12.702811137026682,5.13732374426638
387.7532234037067,0.30558351524994776,0.407908378658818,0.8585697535584349,-0.5279067864595439,0.578858849872668,0.6398024370046137,0.0029193138366753256,119,0.7133709925470247,33812,21,7,5,2,21/7/5/2,peak_stop_50,peak_stop,start_date_cv_fast_slice,2004-01-01 00:00:00,2026-06-01 15:00:00,33812,"{""average_type"": ""sma"", ""bear_filter_buffer"": 0.01, ""bear_filter_require_20gt50"": true, ""bear_filter_slope_days"": 30, ""entry_confirm_bars"": 2, ""exit_confirm_bars"": 3, ""long_ma_days"": 200.0, ""macd_fast_days"": 12.0, ""macd_signal_days"": 9.0, ""macd_slow_days"": 24.0, ""peak_stop_drawdown"": 0.5, ""profit_lock_scheme"": [[3.0, 0.75], [4.0, 0.5]], ""q100_activation_gain"": 1.1, ""q100_distance_quantile"": 1.0, ""q100_reentry_rule"": ""ma20"", ""q100_trim_weight"": 0.5}",annual_net_eoy,387.7532234037067,0.285774275413756,275.0211347080856,12.695680892152481,5.321424346385898
422.40620173272805,0.32718378461724296,0.40801188037953773,0.8986880952088279,-0.5279067864595444,0.6197756744358814,0.6377986876315463,0.0028695010352131393,113,0.7167729354958524,32308,23,9,5,1,23/9/5/1,peak_stop_50,peak_stop,start_date_cv_fast_slice,2005-01-01 00:00:00,2026-06-01 15:00:00,32308,"{""average_type"": ""sma"", ""bear_filter_buffer"": 0.01, ""bear_filter_require_20gt50"": true, ""bear_filter_slope_days"": 30, ""entry_confirm_bars"": 2, ""exit_confirm_bars"": 3, ""long_ma_days"": 200.0, ""macd_fast_days"": 12.0, ""macd_signal_days"": 9.0, ""macd_slow_days"": 24.0, ""peak_stop_drawdown"": 0.5, ""profit_lock_scheme"": [[3.0, 0.75], [4.0, 0.5]], ""q100_activation_gain"": 1.1, ""q100_distance_quantile"": 1.0, ""q100_reentry_rule"": ""ma20"", ""q100_trim_weight"": 0.5}",annual_net_eoy,422.40620173272805,0.28233254303237326,274.8220256831934,12.674847285556892,5.2883496347653836
549.4013844678487,0.3849994414688105,0.4159557146865322,0.9920193705136755,-0.5279067864595445,0.7292943590493404,0.6367422173675588,0.002754909866386746,101,0.7203884489350082,29296,23,8,5,1,23/8/5/1,peak_stop_50,peak_stop,start_date_cv_fast_slice,2007-01-01 00:00:00,2026-06-01 15:00:00,29296,"{""average_type"": ""sma"", ""bear_filter_buffer"": 0.01, ""bear_filter_require_20gt50"": true, ""bear_filter_slope_days"": 30, ""entry_confirm_bars"": 2, ""exit_confirm_bars"": 3, ""long_ma_days"": 200.0, ""macd_fast_days"": 12.0, ""macd_signal_days"": 9.0, ""macd_slow_days"": 24.0, ""peak_stop_drawdown"": 0.5, ""profit_lock_scheme"": [[3.0, 0.75], [4.0, 0.5]], ""q100_activation_gain"": 1.1, ""q100_distance_quantile"": 1.0, ""q100_reentry_rule"": ""ma20"", ""q100_trim_weight"": 0.5}",annual_net_eoy,549.4013844678487,0.27862506145173116,274.8156806902406,12.64840981492043,5.212725286728563
508.0592824025062,0.4314602731844561,0.4195400308380836,1.065831418975617,-0.5279067864595446,0.817303895784489,0.6249238733252132,0.002881693036147462,96,0.742482490864799,26272,21,6,4,1,21/6/4/1,peak_stop_50,peak_stop,start_date_cv_fast_slice,2009-01-01 00:00:00,2026-06-01 15:00:00,26272,"{""average_type"": ""sma"", ""bear_filter_buffer"": 0.01, ""bear_filter_require_20gt50"": true, ""bear_filter_slope_days"": 30, ""entry_confirm_bars"": 2, ""exit_confirm_bars"": 3, ""long_ma_days"": 200.0, ""macd_fast_days"": 12.0, ""macd_signal_days"": 9.0, ""macd_slow_days"": 24.0, ""peak_stop_drawdown"": 0.5, ""profit_lock_scheme"": [[3.0, 0.75], [4.0, 0.5]], ""q100_activation_gain"": 1.1, ""q100_distance_quantile"": 1.0, ""q100_reentry_rule"": ""ma20"", ""q100_trim_weight"": 0.5}",annual_net_eoy,508.0592824025062,0.25641747108289875,274.7914336480618,12.598646511295904,5.524969549330085
286.13654648387546,0.41288303505355417,0.4182182670261101,1.0366577112827635,-0.5279067864595433,0.7821135201208403,0.6195476575121163,0.00293650401638393,93,0.7510702746365105,24760,20,6,4,1,20/6/4/1,peak_stop_50,peak_stop,start_date_cv_fast_slice,2010-01-01 00:00:00,2026-06-01 15:00:00,24760,"{""average_type"": ""sma"", ""bear_filter_buffer"": 0.01, ""bear_filter_require_20gt50"": true, ""bear_filter_slope_days"": 30, ""entry_confirm_bars"": 2, ""exit_confirm_bars"": 3, ""long_ma_days"": 200.0, ""macd_fast_days"": 12.0, ""macd_signal_days"": 9.0, ""macd_slow_days"": 24.0, ""peak_stop_drawdown"": 0.5, ""profit_lock_scheme"": [[3.0, 0.75], [4.0, 0.5]], ""q100_activation_gain"": 1.1, ""q100_distance_quantile"": 1.0, ""q100_reentry_rule"": ""ma20"", ""q100_trim_weight"": 0.5}",annual_net_eoy,286.13654648387546,0.2477625121280257,274.7864239204131,12.577772646092935,5.679159935379644
274.1527409156271,0.44100220153346825,0.4114355464419629,1.0948002807195338,-0.4574899957258237,0.9639603175011576,0.6200533379215416,0.0027833723092595547,85,0.7457200619408121,23248,18,5,3,0,18/5/3/0,peak_stop_50,peak_stop,start_date_cv_fast_slice,2011-01-01 00:00:00,2026-06-01 15:00:00,23248,"{""average_type"": ""sma"", ""bear_filter_buffer"": 0.01, ""bear_filter_require_20gt50"": true, ""bear_filter_slope_days"": 30, ""entry_confirm_bars"": 2, ""exit_confirm_bars"": 3, ""long_ma_days"": 200.0, ""macd_fast_days"": 12.0, ""macd_signal_days"": 9.0, ""macd_slow_days"": 24.0, ""peak_stop_drawdown"": 0.5, ""profit_lock_scheme"": [[3.0, 0.75], [4.0, 0.5]], ""q100_activation_gain"": 1.1, ""q100_distance_quantile"": 1.0, ""q100_reentry_rule"": ""ma20"", ""q100_trim_weight"": 0.5}",annual_net_eoy,274.1527409156271,0.2530368117812249,274.74629831324927,12.567352088077289,5.528217481073641
323.0389762094204,0.5402043611186198,0.4089072891866535,1.261926339712654,-0.4574899957258246,1.180800380698087,0.6189158472105549,0.0024057519270833687,68,0.7439096704056926,20237,16,4,2,0,16/4/2/0,peak_stop_50,peak_stop,start_date_cv_fast_slice,2013-01-01 00:00:00,2026-06-01 15:00:00,20237,"{""average_type"": ""sma"", ""bear_filter_buffer"": 0.01, ""bear_filter_require_20gt50"": true, ""bear_filter_slope_days"": 30, ""entry_confirm_bars"": 2, ""exit_confirm_bars"": 3, ""long_ma_days"": 200.0, ""macd_fast_days"": 12.0, ""macd_signal_days"": 9.0, ""macd_slow_days"": 24.0, ""peak_stop_drawdown"": 0.5, ""profit_lock_scheme"": [[3.0, 0.75], [4.0, 0.5]], ""q100_activation_gain"": 1.1, ""q100_distance_quantile"": 1.0, ""q100_reentry_rule"": ""ma20"", ""q100_trim_weight"": 0.5}",annual_net_eoy,323.0389762094204,0.25465892392743517,274.47325438377754,12.524770210649738,5.080594949844344
91.7330515468433,0.5467916999148832,0.41839648213511565,1.2530215458403524,-0.4574899957258234,1.195199250307932,0.6388358170933639,0.002654581586955475,58,0.7000222901541205,15702,13,3,2,0,13/3/2/0,peak_stop_50,peak_stop,start_date_cv_fast_slice,2016-01-01 00:00:00,2026-06-01 15:00:00,15702,"{""average_type"": ""sma"", ""bear_filter_buffer"": 0.01, ""bear_filter_require_20gt50"": true, ""bear_filter_slope_days"": 30, ""entry_confirm_bars"": 2, ""exit_confirm_bars"": 3, ""long_ma_days"": 200.0, ""macd_fast_days"": 12.0, ""macd_signal_days"": 9.0, ""macd_slow_days"": 24.0, ""peak_stop_drawdown"": 0.5, ""profit_lock_scheme"": [[3.0, 0.75], [4.0, 0.5]], ""q100_activation_gain"": 1.1, ""q100_distance_quantile"": 1.0, ""q100_reentry_rule"": ""ma20"", ""q100_trim_weight"": 0.5}",annual_net_eoy,91.7330515468433,0.29833151051668355,272.6666052938752,12.435240907723772,5.585021016431028
37.46499809665581,0.545070252142511,0.4431773390762911,1.2046227047315579,-0.45748999572582316,1.1914364406542681,0.6362346263008515,0.0025735364565918936,46,0.6853319142226427,12684,13,3,2,0,13/3/2/0,peak_stop_50,peak_stop,start_date_cv_fast_slice,2018-01-01 00:00:00,2026-06-01 15:00:00,12684,"{""average_type"": ""sma"", ""bear_filter_buffer"": 0.01, ""bear_filter_require_20gt50"": true, ""bear_filter_slope_days"": 30, ""entry_confirm_bars"": 2, ""exit_confirm_bars"": 3, ""long_ma_days"": 200.0, ""macd_fast_days"": 12.0, ""macd_signal_days"": 9.0, ""macd_slow_days"": 24.0, ""peak_stop_drawdown"": 0.5, ""profit_lock_scheme"": [[3.0, 0.75], [4.0, 0.5]], ""q100_activation_gain"": 1.1, ""q100_distance_quantile"": 1.0, ""q100_reentry_rule"": ""ma20"", ""q100_trim_weight"": 0.5}",annual_net_eoy,37.46499809665581,0.31261463356422214,270.473799761981,12.299350661695861,5.483443708609271
25.15647753385616,0.6662656498612416,0.45355421967575604,1.3537894983727843,-0.45375558451525355,1.4683359777775788,0.6422511897372233,0.0020790796559799606,30,0.6714514794123733,9666,10,2,1,0,10/2/1/0,peak_stop_50,peak_stop,start_date_cv_fast_slice,2020-01-01 00:00:00,2026-06-01 15:00:00,9666,"{""average_type"": ""sma"", ""bear_filter_buffer"": 0.01, ""bear_filter_require_20gt50"": true, ""bear_filter_slope_days"": 30, ""entry_confirm_bars"": 2, ""exit_confirm_bars"": 3, ""long_ma_days"": 200.0, ""macd_fast_days"": 12.0, ""macd_signal_days"": 9.0, ""macd_slow_days"": 24.0, ""peak_stop_drawdown"": 0.5, ""profit_lock_scheme"": [[3.0, 0.75], [4.0, 0.5]], ""q100_activation_gain"": 1.1, ""q100_distance_quantile"": 1.0, ""q100_reentry_rule"": ""ma20"", ""q100_trim_weight"": 0.5}",annual_net_eoy,25.15647753385616,0.32752418248978626,267.34269787552125,11.844024650119144,4.692737430167598
5.61081161684011,0.5377774727569571,0.40479019635634367,1.266723631147943,-0.2892622061791029,1.8591349345651489,0.6735985533453888,0.0015761699610767396,14,0.6433845690174804,6636,6,0,0,0,6/0/0/0,peak_stop_50,peak_stop,start_date_cv_fast_slice,2022-01-01 00:00:00,2026-06-01 15:00:00,6636,"{""average_type"": ""sma"", ""bear_filter_buffer"": 0.01, ""bear_filter_require_20gt50"": true, ""bear_filter_slope_days"": 30, ""entry_confirm_bars"": 2, ""exit_confirm_bars"": 3, ""long_ma_days"": 200.0, ""macd_fast_days"": 12.0, ""macd_signal_days"": 9.0, ""macd_slow_days"": 24.0, ""peak_stop_drawdown"": 0.5, ""profit_lock_scheme"": [[3.0, 0.75], [4.0, 0.5]], ""q100_activation_gain"": 1.1, ""q100_distance_quantile"": 1.0, ""q100_reentry_rule"": ""ma20"", ""q100_trim_weight"": 0.5}",annual_net_eoy,5.61081161684011,0.35751381200089466,249.1528808318456,10.345890401340032,3.1898734177215187
870.9593660050431,0.32089590261946754,0.42829195219887134,0.8648593253963106,-0.5279067864595443,0.6078647042436898,0.6539528055676381,0.002833877470468186,119,0.7223249238799478,36784,24,9,5,2,24/9/5/2,profit_lock_none,profit_lock,start_date_cv_fast_slice,2002-01-10 15:00:00,2026-06-01 15:00:00,36784,"{""average_type"": ""sma"", ""bear_filter_buffer"": 0.01, ""bear_filter_require_20gt50"": true, ""bear_filter_slope_days"": 30, ""entry_confirm_bars"": 2, ""exit_confirm_bars"": 3, ""long_ma_days"": 200.0, ""macd_fast_days"": 12.0, ""macd_signal_days"": 9.0, ""macd_slow_days"": 24.0, ""peak_stop_drawdown"": 0.4, ""profit_lock_scheme"": [], ""q100_activation_gain"": 1.1, ""q100_distance_quantile"": 1.0, ""q100_reentry_rule"": ""ma20"", ""q100_trim_weight"": 0.5}",annual_net_eoy,870.9593660050431,0.2775665260430142,276.7539165725725,8.65291242551434,4.89147455415398
1028.8500022358135,0.34579825428524047,0.43663081084306193,0.8994055590271867,-0.5279067864595445,0.6550365768251785,0.6399852766294807,0.002838251001577149,115,0.7519112067500991,35318,24,9,5,2,24/9/5/2,profit_lock_none,profit_lock,start_date_cv_fast_slice,2003-01-01 00:00:00,2026-06-01 15:00:00,35318,"{""average_type"": ""sma"", ""bear_filter_buffer"": 0.01, ""bear_filter_require_20gt50"": true, ""bear_filter_slope_days"": 30, ""entry_confirm_bars"": 2, ""exit_confirm_bars"": 3, ""long_ma_days"": 200.0, ""macd_fast_days"": 12.0, ""macd_signal_days"": 9.0, ""macd_slow_days"": 24.0, ""peak_stop_drawdown"": 0.4, ""profit_lock_scheme"": [], ""q100_activation_gain"": 1.1, ""q100_distance_quantile"": 1.0, ""q100_reentry_rule"": ""ma20"", ""q100_trim_weight"": 0.5}",annual_net_eoy,1028.8500022358135,0.24797573741339354,276.7472596476175,8.626013667556172,4.923268588255281
390.1492974682213,0.3059423021124501,0.4304541795316552,0.8363545109008249,-0.5279067864595439,0.5795384904298744,0.6392700816278244,0.0029350925373743566,114,0.7529871051697622,33812,23,9,5,2,23/9/5/2,profit_lock_none,profit_lock,start_date_cv_fast_slice,2004-01-01 00:00:00,2026-06-01 15:00:00,33812,"{""average_type"": ""sma"", ""bear_filter_buffer"": 0.01, ""bear_filter_require_20gt50"": true, ""bear_filter_slope_days"": 30, ""entry_confirm_bars"": 2, ""exit_confirm_bars"": 3, ""long_ma_days"": 200.0, ""macd_fast_days"": 12.0, ""macd_signal_days"": 9.0, ""macd_slow_days"": 24.0, ""peak_stop_drawdown"": 0.4, ""profit_lock_scheme"": [], ""q100_activation_gain"": 1.1, ""q100_distance_quantile"": 1.0, ""q100_reentry_rule"": ""ma20"", ""q100_trim_weight"": 0.5}",annual_net_eoy,390.1492974682213,0.24689480344156609,276.7455483888477,8.618883422681971,5.0978350881343895
425.01585885618846,0.3275654884362271,0.4315726214822598,0.8733776249384482,-0.5279067864595444,0.6204987259835687,0.6372415500804754,0.0028860142650025305,108,0.7582332549213817,32308,25,11,5,1,25/11/5/1,profit_lock_none,profit_lock,start_date_cv_fast_slice,2005-01-01 00:00:00,2026-06-01 15:00:00,32308,"{""average_type"": ""sma"", ""bear_filter_buffer"": 0.01, ""bear_filter_require_20gt50"": true, ""bear_filter_slope_days"": 30, ""entry_confirm_bars"": 2, ""exit_confirm_bars"": 3, ""long_ma_days"": 200.0, ""macd_fast_days"": 12.0, ""macd_signal_days"": 9.0, ""macd_slow_days"": 24.0, ""peak_stop_drawdown"": 0.4, ""profit_lock_scheme"": [], ""q100_activation_gain"": 1.1, ""q100_distance_quantile"": 1.0, ""q100_reentry_rule"": ""ma20"", ""q100_trim_weight"": 0.5}",annual_net_eoy,425.01585885618846,0.24164315630698996,276.54643936395547,8.598049816086384,5.0543518633155875
552.7937743002592,0.3854387333774869,0.441399429025274,0.9604463128034376,-0.5279067864595445,0.730126498207131,0.6361277990169306,0.0027731208654322007,96,0.7661114145275806,29296,25,10,5,1,25/10/5/1,profit_lock_none,profit_lock,start_date_cv_fast_slice,2007-01-01 00:00:00,2026-06-01 15:00:00,29296,"{""average_type"": ""sma"", ""bear_filter_buffer"": 0.01, ""bear_filter_require_20gt50"": true, ""bear_filter_slope_days"": 30, ""entry_confirm_bars"": 2, ""exit_confirm_bars"": 3, ""long_ma_days"": 200.0, ""macd_fast_days"": 12.0, ""macd_signal_days"": 9.0, ""macd_slow_days"": 24.0, ""peak_stop_drawdown"": 0.4, ""profit_lock_scheme"": [], ""q100_activation_gain"": 1.1, ""q100_distance_quantile"": 1.0, ""q100_reentry_rule"": ""ma20"", ""q100_trim_weight"": 0.5}",annual_net_eoy,552.7937743002592,0.23375229020911495,276.54009437100274,8.571612345449921,4.954669579464773
511.19686087242314,0.4319665709653744,0.44759183780635226,1.0271957695619451,-0.5279067864595446,0.8182629624112202,0.6242387332521315,0.002902000185509354,91,0.7934683313032886,26272,23,8,4,1,23/8/4/1,profit_lock_none,profit_lock,start_date_cv_fast_slice,2009-01-01 00:00:00,2026-06-01 15:00:00,26272,"{""average_type"": ""sma"", ""bear_filter_buffer"": 0.01, ""bear_filter_require_20gt50"": true, ""bear_filter_slope_days"": 30, ""entry_confirm_bars"": 2, ""exit_confirm_bars"": 3, ""long_ma_days"": 200.0, ""macd_fast_days"": 12.0, ""macd_signal_days"": 9.0, ""macd_slow_days"": 24.0, ""peak_stop_drawdown"": 0.4, ""profit_lock_scheme"": [], ""q100_activation_gain"": 1.1, ""q100_distance_quantile"": 1.0, ""q100_reentry_rule"": ""ma20"", ""q100_trim_weight"": 0.5}",annual_net_eoy,511.19686087242314,0.20637968536716778,276.5158473288239,8.521849041825394,5.23721071863581
287.90630784039354,0.41341328437238656,0.4480142646963637,0.9975674723226765,-0.5279067864595433,0.7831179575185646,0.6188206785137318,0.0029580512469184876,88,0.8051696284329564,24760,22,8,4,1,22/8/4/1,profit_lock_none,profit_lock,start_date_cv_fast_slice,2010-01-01 00:00:00,2026-06-01 15:00:00,24760,"{""average_type"": ""sma"", ""bear_filter_buffer"": 0.01, ""bear_filter_require_20gt50"": true, ""bear_filter_slope_days"": 30, ""entry_confirm_bars"": 2, ""exit_confirm_bars"": 3, ""long_ma_days"": 200.0, ""macd_fast_days"": 12.0, ""macd_signal_days"": 9.0, ""macd_slow_days"": 24.0, ""peak_stop_drawdown"": 0.4, ""profit_lock_scheme"": [], ""q100_activation_gain"": 1.1, ""q100_distance_quantile"": 1.0, ""q100_reentry_rule"": ""ma20"", ""q100_trim_weight"": 0.5}",annual_net_eoy,287.90630784039354,0.1946691071876507,276.51083760117524,8.500975176622426,5.373828756058158
275.8486402846735,0.441578183513073,0.4435851541279517,1.0475664302329089,-0.49054358658642694,0.9001813408384518,0.6192790777701308,0.00280632092540011,80,0.803337921541638,23248,20,7,3,0,20/7/3/0,profit_lock_none,profit_lock,start_date_cv_fast_slice,2011-01-01 00:00:00,2026-06-01 15:00:00,23248,"{""average_type"": ""sma"", ""bear_filter_buffer"": 0.01, ""bear_filter_require_20gt50"": true, ""bear_filter_slope_days"": 30, ""entry_confirm_bars"": 2, ""exit_confirm_bars"": 3, ""long_ma_days"": 200.0, ""macd_fast_days"": 12.0, ""macd_signal_days"": 9.0, ""macd_slow_days"": 24.0, ""peak_stop_drawdown"": 0.4, ""profit_lock_scheme"": [], ""q100_activation_gain"": 1.1, ""q100_distance_quantile"": 1.0, ""q100_reentry_rule"": ""ma20"", ""q100_trim_weight"": 0.5}",annual_net_eoy,275.8486402846735,0.1964903257900134,276.47071199401137,8.490554618606781,5.203028217481074
325.03618508138044,0.5409116144116823,0.44585002956561065,1.1940686366178195,-0.4905435865864275,1.1026779866306144,0.6180263873103721,0.0024321149961171007,63,0.810100311310965,20237,18,6,2,0,18/6/2/0,profit_lock_none,profit_lock,start_date_cv_fast_slice,2013-01-01 00:00:00,2026-06-01 15:00:00,20237,"{""average_type"": ""sma"", ""bear_filter_buffer"": 0.01, ""bear_filter_require_20gt50"": true, ""bear_filter_slope_days"": 30, ""entry_confirm_bars"": 2, ""exit_confirm_bars"": 3, ""long_ma_days"": 200.0, ""macd_fast_days"": 12.0, ""macd_signal_days"": 9.0, ""macd_slow_days"": 24.0, ""peak_stop_drawdown"": 0.4, ""profit_lock_scheme"": [], ""q100_activation_gain"": 1.1, ""q100_distance_quantile"": 1.0, ""q100_reentry_rule"": ""ma20"", ""q100_trim_weight"": 0.5}",annual_net_eoy,325.03618508138044,0.18969906296367153,276.1976680645397,8.447972741179228,4.707021791767555
94.75803112663014,0.5515801938702836,0.46102836095325267,1.184845709568573,-0.49054358658642694,1.1244264708638747,0.6385173863202139,0.0026871696529039636,54,0.773054387976054,15702,15,5,2,0,15/5/2/0,profit_lock_none,profit_lock,start_date_cv_fast_slice,2016-01-01 00:00:00,2026-06-01 15:00:00,15702,"{""average_type"": ""sma"", ""bear_filter_buffer"": 0.01, ""bear_filter_require_20gt50"": true, ""bear_filter_slope_days"": 30, ""entry_confirm_bars"": 2, ""exit_confirm_bars"": 3, ""long_ma_days"": 200.0, ""macd_fast_days"": 12.0, ""macd_signal_days"": 9.0, ""macd_slow_days"": 24.0, ""peak_stop_drawdown"": 0.4, ""profit_lock_scheme"": [], ""q100_activation_gain"": 1.1, ""q100_distance_quantile"": 1.0, ""q100_reentry_rule"": ""ma20"", ""q100_trim_weight"": 0.5}",annual_net_eoy,94.75803112663014,0.22666943111789029,274.4592562143246,8.400761092305753,5.199847153228888
38.719737715788575,0.5509936905399426,0.4927655540485301,1.13863649988991,-0.4905435865864274,1.1232308516643195,0.6358404288867865,0.00261387844740892,42,0.7757410911384421,12684,15,5,2,0,15/5/2/0,profit_lock_none,profit_lock,start_date_cv_fast_slice,2018-01-01 00:00:00,2026-06-01 15:00:00,12684,"{""average_type"": ""sma"", ""bear_filter_buffer"": 0.01, ""bear_filter_require_20gt50"": true, ""bear_filter_slope_days"": 30, ""entry_confirm_bars"": 2, ""exit_confirm_bars"": 3, ""long_ma_days"": 200.0, ""macd_fast_days"": 12.0, ""macd_signal_days"": 9.0, ""macd_slow_days"": 24.0, ""peak_stop_drawdown"": 0.4, ""profit_lock_scheme"": [], ""q100_activation_gain"": 1.1, ""q100_distance_quantile"": 1.0, ""q100_reentry_rule"": ""ma20"", ""q100_trim_weight"": 0.5}",annual_net_eoy,38.719737715788575,0.22390145391112765,272.3226326545084,8.26835249656418,5.006622516556291
25.858686648354347,0.67318509343423,0.5055496777158228,1.272497416639581,-0.46760782609932006,1.4396360707856188,0.6420442789157873,0.0020808339654589704,26,0.7664494103041589,9666,12,4,1,0,12/4/1/0,profit_lock_none,profit_lock,start_date_cv_fast_slice,2020-01-01 00:00:00,2026-06-01 15:00:00,9666,"{""average_type"": ""sma"", ""bear_filter_buffer"": 0.01, ""bear_filter_require_20gt50"": true, ""bear_filter_slope_days"": 30, ""entry_confirm_bars"": 2, ""exit_confirm_bars"": 3, ""long_ma_days"": 200.0, ""macd_fast_days"": 12.0, ""macd_signal_days"": 9.0, ""macd_slow_days"": 24.0, ""peak_stop_drawdown"": 0.4, ""profit_lock_scheme"": [], ""q100_activation_gain"": 1.1, ""q100_distance_quantile"": 1.0, ""q100_reentry_rule"": ""ma20"", ""q100_trim_weight"": 0.5}",annual_net_eoy,25.858686648354347,0.23320516391908164,269.2237049051779,7.95636335528721,4.067039106145251
3.9630409355983964,0.44053836225184706,0.4503682189448754,1.0374250904306597,-0.43876993277130727,1.004030425397133,0.6732971669680531,0.0016602283033024918,12,0.7034358047016275,6636,6,2,1,0,6/2/1/0,profit_lock_none,profit_lock,start_date_cv_fast_slice,2022-01-01 00:00:00,2026-06-01 15:00:00,6636,"{""average_type"": ""sma"", ""bear_filter_buffer"": 0.01, ""bear_filter_require_20gt50"": true, ""bear_filter_slope_days"": 30, ""entry_confirm_bars"": 2, ""exit_confirm_bars"": 3, ""long_ma_days"": 200.0, ""macd_fast_days"": 12.0, ""macd_signal_days"": 9.0, ""macd_slow_days"": 24.0, ""peak_stop_drawdown"": 0.4, ""profit_lock_scheme"": [], ""q100_activation_gain"": 1.1, ""q100_distance_quantile"": 1.0, ""q100_reentry_rule"": ""ma20"", ""q100_trim_weight"": 0.5}",annual_net_eoy,3.9630409355983964,0.29659954829474816,256.9096068700492,7.675270875307536,2.7341772151898733
959.4879930433176,0.3261566236497664,0.4073372062163306,0.897462668870009,-0.5279067864595443,0.6178299503159752,0.6545237059591127,0.002819373625643381,124,0.6858008916920401,36784,22,7,4,2,22/7/4/2,profit_lock_300_400,profit_lock,start_date_cv_fast_slice,2002-01-10 15:00:00,2026-06-01 15:00:00,36784,"{""average_type"": ""sma"", ""bear_filter_buffer"": 0.01, ""bear_filter_require_20gt50"": true, ""bear_filter_slope_days"": 30, ""entry_confirm_bars"": 2, ""exit_confirm_bars"": 3, ""long_ma_days"": 200.0, ""macd_fast_days"": 12.0, ""macd_signal_days"": 9.0, ""macd_slow_days"": 24.0, ""peak_stop_drawdown"": 0.4, ""profit_lock_scheme"": [[3.0, 0.75], [4.0, 0.5]], ""q100_activation_gain"": 1.1, ""q100_distance_quantile"": 1.0, ""q100_reentry_rule"": ""ma20"", ""q100_trim_weight"": 0.5}",annual_net_eoy,959.4879930433176,0.3134134351970943,304.79796016905505,14.014936440207977,5.096998695084819
1133.409010726081,0.3513810963541517,0.41522209069931576,0.9336324713692902,-0.5279067864595445,0.6656120083447334,0.6405798742850671,0.0028231451227608054,120,0.7138711138796081,35318,22,7,4,2,22/7/4/2,profit_lock_300_400,profit_lock,start_date_cv_fast_slice,2003-01-01 00:00:00,2026-06-01 15:00:00,35318,"{""average_type"": ""sma"", ""bear_filter_buffer"": 0.01, ""bear_filter_require_20gt50"": true, ""bear_filter_slope_days"": 30, ""entry_confirm_bars"": 2, ""exit_confirm_bars"": 3, ""long_ma_days"": 200.0, ""macd_fast_days"": 12.0, ""macd_signal_days"": 9.0, ""macd_slow_days"": 24.0, ""peak_stop_drawdown"": 0.4, ""profit_lock_scheme"": [[3.0, 0.75], [4.0, 0.5]], ""q100_activation_gain"": 1.1, ""q100_distance_quantile"": 1.0, ""q100_reentry_rule"": ""ma20"", ""q100_trim_weight"": 0.5}",annual_net_eoy,1133.409010726081,0.2853106008349826,304.79130324410005,13.988037682249807,5.13732374426638
429.8620543028554,0.31160162770972555,0.407726875293079,0.8700537824939563,-0.5279067864595439,0.5902588026941478,0.6398911629007453,0.0029193138366753256,119,0.7132526913521826,33812,21,7,4,2,21/7/4/2,profit_lock_300_400,profit_lock,start_date_cv_fast_slice,2004-01-01 00:00:00,2026-06-01 15:00:00,33812,"{""average_type"": ""sma"", ""bear_filter_buffer"": 0.01, ""bear_filter_require_20gt50"": true, ""bear_filter_slope_days"": 30, ""entry_confirm_bars"": 2, ""exit_confirm_bars"": 3, ""long_ma_days"": 200.0, ""macd_fast_days"": 12.0, ""macd_signal_days"": 9.0, ""macd_slow_days"": 24.0, ""peak_stop_drawdown"": 0.4, ""profit_lock_scheme"": [[3.0, 0.75], [4.0, 0.5]], ""q100_activation_gain"": 1.1, ""q100_distance_quantile"": 1.0, ""q100_reentry_rule"": ""ma20"", ""q100_trim_weight"": 0.5}",annual_net_eoy,429.8620543028554,0.285892576608598,304.7895919853302,13.980907437375606,5.321424346385898
468.2685613919287,0.3335869396857032,0.407821846676039,0.9107227936804192,-0.5279067864595444,0.6319050033869328,0.6378915438900582,0.0028695010352131393,113,0.71664912715117,32308,23,9,4,1,23/9/4/1,profit_lock_300_400,profit_lock,start_date_cv_fast_slice,2005-01-01 00:00:00,2026-06-01 15:00:00,32308,"{""average_type"": ""sma"", ""bear_filter_buffer"": 0.01, ""bear_filter_require_20gt50"": true, ""bear_filter_slope_days"": 30, ""entry_confirm_bars"": 2, ""exit_confirm_bars"": 3, ""long_ma_days"": 200.0, ""macd_fast_days"": 12.0, ""macd_signal_days"": 9.0, ""macd_slow_days"": 24.0, ""peak_stop_drawdown"": 0.4, ""profit_lock_scheme"": [[3.0, 0.75], [4.0, 0.5]], ""q100_activation_gain"": 1.1, ""q100_distance_quantile"": 1.0, ""q100_reentry_rule"": ""ma20"", ""q100_trim_weight"": 0.5}",annual_net_eoy,468.2685613919287,0.2824563513770557,304.590482960438,13.960073830780019,5.2883496347653836
609.0195623501876,0.3923703639138352,0.4157497585442943,1.0050767247633299,-0.5279067864595445,0.7432569043965189,0.6368446204259968,0.002754909866386746,101,0.7202519115237576,29296,23,8,4,1,23/8/4/1,profit_lock_300_400,profit_lock,start_date_cv_fast_slice,2007-01-01 00:00:00,2026-06-01 15:00:00,29296,"{""average_type"": ""sma"", ""bear_filter_buffer"": 0.01, ""bear_filter_require_20gt50"": true, ""bear_filter_slope_days"": 30, ""entry_confirm_bars"": 2, ""exit_confirm_bars"": 3, ""long_ma_days"": 200.0, ""macd_fast_days"": 12.0, ""macd_signal_days"": 9.0, ""macd_slow_days"": 24.0, ""peak_stop_drawdown"": 0.4, ""profit_lock_scheme"": [[3.0, 0.75], [4.0, 0.5]], ""q100_activation_gain"": 1.1, ""q100_distance_quantile"": 1.0, ""q100_reentry_rule"": ""ma20"", ""q100_trim_weight"": 0.5}",annual_net_eoy,609.0195623501876,0.27876159886298185,304.5841379674853,13.93363636014356,5.212725286728563
563.1993814418164,0.43995793660826576,0.4193120051207676,1.0803042919330597,-0.5279067864595446,0.8334007970590492,0.6250380633373934,0.002881693036147462,96,0.7423302375152253,26272,21,6,3,1,21/6/3/1,profit_lock_300_400,profit_lock,start_date_cv_fast_slice,2009-01-01 00:00:00,2026-06-01 15:00:00,26272,"{""average_type"": ""sma"", ""bear_filter_buffer"": 0.01, ""bear_filter_require_20gt50"": true, ""bear_filter_slope_days"": 30, ""entry_confirm_bars"": 2, ""exit_confirm_bars"": 3, ""long_ma_days"": 200.0, ""macd_fast_days"": 12.0, ""macd_signal_days"": 9.0, ""macd_slow_days"": 24.0, ""peak_stop_drawdown"": 0.4, ""profit_lock_scheme"": [[3.0, 0.75], [4.0, 0.5]], ""q100_activation_gain"": 1.1, ""q100_distance_quantile"": 1.0, ""q100_reentry_rule"": ""ma20"", ""q100_trim_weight"": 0.5}",annual_net_eoy,563.1993814418164,0.25656972443247245,304.55989092530643,13.883873056519032,5.524969549330085
317.23849896414856,0.42178421327585935,0.4179756788641114,1.0520481797743837,-0.5279067864595433,0.7989747889103587,0.6196688206785137,0.00293650401638393,93,0.7509087237479806,24760,20,6,3,1,20/6/3/1,profit_lock_300_400,profit_lock,start_date_cv_fast_slice,2010-01-01 00:00:00,2026-06-01 15:00:00,24760,"{""average_type"": ""sma"", ""bear_filter_buffer"": 0.01, ""bear_filter_require_20gt50"": true, ""bear_filter_slope_days"": 30, ""entry_confirm_bars"": 2, ""exit_confirm_bars"": 3, ""long_ma_days"": 200.0, ""macd_fast_days"": 12.0, ""macd_signal_days"": 9.0, ""macd_slow_days"": 24.0, ""peak_stop_drawdown"": 0.4, ""profit_lock_scheme"": [[3.0, 0.75], [4.0, 0.5]], ""q100_activation_gain"": 1.1, ""q100_distance_quantile"": 1.0, ""q100_reentry_rule"": ""ma20"", ""q100_trim_weight"": 0.5}",annual_net_eoy,317.23849896414856,0.24792406301655562,304.5548811976577,13.86299919131606,5.679159935379644
303.95663588325704,0.4506729428055545,0.4111727329356514,1.1115112899844457,-0.4574899957258237,0.985099012035326,0.6201823812801102,0.0027833723092595547,85,0.7455480041293875,23248,18,5,2,0,18/5/2/0,profit_lock_300_400,profit_lock,start_date_cv_fast_slice,2011-01-01 00:00:00,2026-06-01 15:00:00,23248,"{""average_type"": ""sma"", ""bear_filter_buffer"": 0.01, ""bear_filter_require_20gt50"": true, ""bear_filter_slope_days"": 30, ""entry_confirm_bars"": 2, ""exit_confirm_bars"": 3, ""long_ma_days"": 200.0, ""macd_fast_days"": 12.0, ""macd_signal_days"": 9.0, ""macd_slow_days"": 24.0, ""peak_stop_drawdown"": 0.4, ""profit_lock_scheme"": [[3.0, 0.75], [4.0, 0.5]], ""q100_activation_gain"": 1.1, ""q100_distance_quantile"": 1.0, ""q100_reentry_rule"": ""ma20"", ""q100_trim_weight"": 0.5}",annual_net_eoy,303.95663588325704,0.25320886959264954,304.51475559049385,13.852578633300418,5.528217481073641
358.13811271167066,0.5520847127791157,0.4086026812255113,1.2813762778015387,-0.4574899957258246,1.206768930330844,0.6190640905272521,0.0024057519270833687,68,0.7437120126500963,20237,16,4,1,0,16/4/1/0,profit_lock_300_400,profit_lock,start_date_cv_fast_slice,2013-01-01 00:00:00,2026-06-01 15:00:00,20237,"{""average_type"": ""sma"", ""bear_filter_buffer"": 0.01, ""bear_filter_require_20gt50"": true, ""bear_filter_slope_days"": 30, ""entry_confirm_bars"": 2, ""exit_confirm_bars"": 3, ""long_ma_days"": 200.0, ""macd_fast_days"": 12.0, ""macd_signal_days"": 9.0, ""macd_slow_days"": 24.0, ""peak_stop_drawdown"": 0.4, ""profit_lock_scheme"": [[3.0, 0.75], [4.0, 0.5]], ""q100_activation_gain"": 1.1, ""q100_distance_quantile"": 1.0, ""q100_reentry_rule"": ""ma20"", ""q100_trim_weight"": 0.5}",annual_net_eoy,358.13811271167066,0.2548565816830313,304.24171166102224,13.809996755872865,5.080594949844344
101.7776766490085,0.5621858794183769,0.41801262496681235,1.277490133170296,-0.4574899957258234,1.2288484659133365,0.6390268755572539,0.002654581586955475,58,0.6997675455356006,15702,13,3,1,0,13/3/1/0,profit_lock_300_400,profit_lock,start_date_cv_fast_slice,2016-01-01 00:00:00,2026-06-01 15:00:00,15702,"{""average_type"": ""sma"", ""bear_filter_buffer"": 0.01, ""bear_filter_require_20gt50"": true, ""bear_filter_slope_days"": 30, ""entry_confirm_bars"": 2, ""exit_confirm_bars"": 3, ""long_ma_days"": 200.0, ""macd_fast_days"": 12.0, ""macd_signal_days"": 9.0, ""macd_slow_days"": 24.0, ""peak_stop_drawdown"": 0.4, ""profit_lock_scheme"": [[3.0, 0.75], [4.0, 0.5]], ""q100_activation_gain"": 1.1, ""q100_distance_quantile"": 1.0, ""q100_reentry_rule"": ""ma20"", ""q100_trim_weight"": 0.5}",annual_net_eoy,101.7776766490085,0.2985862551352034,302.4350625711199,13.7204674529469,5.585021016431028
41.63143583370339,0.564128558279289,0.44272850355362914,1.2330986189024031,-0.45748999572582316,1.2330948513623345,0.6364711447492905,0.0025735364565918936,46,0.6850165562913907,12684,13,3,1,0,13/3/1/0,profit_lock_300_400,profit_lock,start_date_cv_fast_slice,2018-01-01 00:00:00,2026-06-01 15:00:00,12684,"{""average_type"": ""sma"", ""bear_filter_buffer"": 0.01, ""bear_filter_require_20gt50"": true, ""bear_filter_slope_days"": 30, ""entry_confirm_bars"": 2, ""exit_confirm_bars"": 3, ""long_ma_days"": 200.0, ""macd_fast_days"": 12.0, ""macd_signal_days"": 9.0, ""macd_slow_days"": 24.0, ""peak_stop_drawdown"": 0.4, ""profit_lock_scheme"": [[3.0, 0.75], [4.0, 0.5]], ""q100_activation_gain"": 1.1, ""q100_distance_quantile"": 1.0, ""q100_reentry_rule"": ""ma20"", ""q100_trim_weight"": 0.5}",annual_net_eoy,41.63143583370339,0.3129299914954741,300.24225703922565,13.584577206918986,5.483443708609271
27.989685397053176,0.6932879865500554,0.4529767497056562,1.3904705730746523,-0.3946167679357776,1.7568639826853112,0.6425615559693773,0.0020790796559799606,30,0.6710376577695013,9666,10,2,0,0,10/2/0/0,profit_lock_300_400,profit_lock,start_date_cv_fast_slice,2020-01-01 00:00:00,2026-06-01 15:00:00,9666,"{""average_type"": ""sma"", ""bear_filter_buffer"": 0.01, ""bear_filter_require_20gt50"": true, ""bear_filter_slope_days"": 30, ""entry_confirm_bars"": 2, ""exit_confirm_bars"": 3, ""long_ma_days"": 200.0, ""macd_fast_days"": 12.0, ""macd_signal_days"": 9.0, ""macd_slow_days"": 24.0, ""peak_stop_drawdown"": 0.4, ""profit_lock_scheme"": [[3.0, 0.75], [4.0, 0.5]], ""q100_activation_gain"": 1.1, ""q100_distance_quantile"": 1.0, ""q100_reentry_rule"": ""ma20"", ""q100_trim_weight"": 0.5}",annual_net_eoy,27.989685397053176,0.3279380041326581,297.1111551527659,13.12925119534227,4.692737430167598
5.61081161684006,0.5377774727569544,0.40479019635634367,1.2667236311479384,-0.28926220617910237,1.8591349345651431,0.6735985533453888,0.0015761699610767396,14,0.6433845690174804,6636,6,0,0,0,6/0/0/0,profit_lock_300_400,profit_lock,start_date_cv_fast_slice,2022-01-01 00:00:00,2026-06-01 15:00:00,6636,"{""average_type"": ""sma"", ""bear_filter_buffer"": 0.01, ""bear_filter_require_20gt50"": true, ""bear_filter_slope_days"": 30, ""entry_confirm_bars"": 2, ""exit_confirm_bars"": 3, ""long_ma_days"": 200.0, ""macd_fast_days"": 12.0, ""macd_signal_days"": 9.0, ""macd_slow_days"": 24.0, ""peak_stop_drawdown"": 0.4, ""profit_lock_scheme"": [[3.0, 0.75], [4.0, 0.5]], ""q100_activation_gain"": 1.1, ""q100_distance_quantile"": 1.0, ""q100_reentry_rule"": ""ma20"", ""q100_trim_weight"": 0.5}",annual_net_eoy,5.61081161684006,0.3575138120008946,276.1405323685362,11.466532811959418,3.1898734177215187
963.3096254003439,0.32637310351030524,0.40973634628776795,0.8950092440293386,-0.5279067864595443,0.6182400224463047,0.6545237059591127,0.0028194200290689573,123,0.6914351348412353,36784,22,7,4,2,22/7/4/2,profit_lock_300_500,profit_lock,start_date_cv_fast_slice,2002-01-10 15:00:00,2026-06-01 15:00:00,36784,"{""average_type"": ""sma"", ""bear_filter_buffer"": 0.01, ""bear_filter_require_20gt50"": true, ""bear_filter_slope_days"": 30, ""entry_confirm_bars"": 2, ""exit_confirm_bars"": 3, ""long_ma_days"": 200.0, ""macd_fast_days"": 12.0, ""macd_signal_days"": 9.0, ""macd_slow_days"": 24.0, ""peak_stop_drawdown"": 0.4, ""profit_lock_scheme"": [[3.0, 0.75], [5.0, 0.5]], ""q100_activation_gain"": 1.1, ""q100_distance_quantile"": 1.0, ""q100_reentry_rule"": ""ma20"", ""q100_trim_weight"": 0.5}",annual_net_eoy,963.3096254003439,0.30731031700577766,304.43650730381586,13.121590558733793,5.055893866898652
1137.9226477656773,0.35161085128633607,0.41767330739714054,0.9310155762027524,-0.5279067864595445,0.666047227095614,0.6405798742850671,0.002823193452326647,119,0.7197392264567642,35318,22,7,4,2,22/7/4/2,profit_lock_300_500,profit_lock,start_date_cv_fast_slice,2003-01-01 00:00:00,2026-06-01 15:00:00,35318,"{""average_type"": ""sma"", ""bear_filter_buffer"": 0.01, ""bear_filter_require_20gt50"": true, ""bear_filter_slope_days"": 30, ""entry_confirm_bars"": 2, ""exit_confirm_bars"": 3, ""long_ma_days"": 200.0, ""macd_fast_days"": 12.0, ""macd_signal_days"": 9.0, ""macd_slow_days"": 24.0, ""peak_stop_drawdown"": 0.4, ""profit_lock_scheme"": [[3.0, 0.75], [5.0, 0.5]], ""q100_activation_gain"": 1.1, ""q100_distance_quantile"": 1.0, ""q100_reentry_rule"": ""ma20"", ""q100_trim_weight"": 0.5}",annual_net_eoy,1137.9226477656773,0.2789541508788868,304.4298503788608,13.094691800775625,5.0945127130641605
431.5763874127568,0.31183455256634063,0.41033376692076856,0.8675695648808047,-0.5279067864595439,0.5907000261498591,0.6398911629007453,0.0029193643188593554,118,0.7193821720099373,33812,21,7,4,2,21/7/4/2,profit_lock_300_500,profit_lock,start_date_cv_fast_slice,2004-01-01 00:00:00,2026-06-01 15:00:00,33812,"{""average_type"": ""sma"", ""bear_filter_buffer"": 0.01, ""bear_filter_require_20gt50"": true, ""bear_filter_slope_days"": 30, ""entry_confirm_bars"": 2, ""exit_confirm_bars"": 3, ""long_ma_days"": 200.0, ""macd_fast_days"": 12.0, ""macd_signal_days"": 9.0, ""macd_slow_days"": 24.0, ""peak_stop_drawdown"": 0.4, ""profit_lock_scheme"": [[3.0, 0.75], [5.0, 0.5]], ""q100_activation_gain"": 1.1, ""q100_distance_quantile"": 1.0, ""q100_reentry_rule"": ""ma20"", ""q100_trim_weight"": 0.5}",annual_net_eoy,431.5763874127568,0.2792530078297801,304.42813912009103,13.087561555901427,5.276706494735596
470.13570802087264,0.33383479475433675,0.41054902466098936,0.9078564061898404,-0.5279067864595444,0.6323745087522565,0.6378915438900582,0.00286955386744065,112,0.7230639470100285,32308,23,9,4,1,23/9/4/1,profit_lock_300_500,profit_lock,start_date_cv_fast_slice,2005-01-01 00:00:00,2026-06-01 15:00:00,32308,"{""average_type"": ""sma"", ""bear_filter_buffer"": 0.01, ""bear_filter_require_20gt50"": true, ""bear_filter_slope_days"": 30, ""entry_confirm_bars"": 2, ""exit_confirm_bars"": 3, ""long_ma_days"": 200.0, ""macd_fast_days"": 12.0, ""macd_signal_days"": 9.0, ""macd_slow_days"": 24.0, ""peak_stop_drawdown"": 0.4, ""profit_lock_scheme"": [[3.0, 0.75], [5.0, 0.5]], ""q100_activation_gain"": 1.1, ""q100_distance_quantile"": 1.0, ""q100_reentry_rule"": ""ma20"", ""q100_trim_weight"": 0.5}",annual_net_eoy,470.13570802087264,0.2755076978067514,304.22903009519877,13.066727949305836,5.241550080475424
611.4467353234888,0.39265575285374044,0.418699268947045,1.0014387754331808,-0.5279067864595445,0.743797509191201,0.6368446204259968,0.0027549681304366645,100,0.7273262561441836,29296,23,8,4,1,23/8/4/1,profit_lock_300_500,profit_lock,start_date_cv_fast_slice,2007-01-01 00:00:00,2026-06-01 15:00:00,29296,"{""average_type"": ""sma"", ""bear_filter_buffer"": 0.01, ""bear_filter_require_20gt50"": true, ""bear_filter_slope_days"": 30, ""entry_confirm_bars"": 2, ""exit_confirm_bars"": 3, ""long_ma_days"": 200.0, ""macd_fast_days"": 12.0, ""macd_signal_days"": 9.0, ""macd_slow_days"": 24.0, ""peak_stop_drawdown"": 0.4, ""profit_lock_scheme"": [[3.0, 0.75], [5.0, 0.5]], ""q100_activation_gain"": 1.1, ""q100_distance_quantile"": 1.0, ""q100_reentry_rule"": ""ma20"", ""q100_trim_weight"": 0.5}",annual_net_eoy,611.4467353234888,0.2710985356615417,304.22268510224603,13.040290478669375,5.161114145275805
565.4442430408657,0.4402870552540703,0.4225718797369468,1.0757737423015108,-0.5279067864595446,0.8340242378903593,0.6250380633373934,0.0028817580065953305,95,0.7502188641900122,26272,21,6,3,1,21/6/3/1,profit_lock_300_500,profit_lock,start_date_cv_fast_slice,2009-01-01 00:00:00,2026-06-01 15:00:00,26272,"{""average_type"": ""sma"", ""bear_filter_buffer"": 0.01, ""bear_filter_require_20gt50"": true, ""bear_filter_slope_days"": 30, ""entry_confirm_bars"": 2, ""exit_confirm_bars"": 3, ""long_ma_days"": 200.0, ""macd_fast_days"": 12.0, ""macd_signal_days"": 9.0, ""macd_slow_days"": 24.0, ""peak_stop_drawdown"": 0.4, ""profit_lock_scheme"": [[3.0, 0.75], [5.0, 0.5]], ""q100_activation_gain"": 1.1, ""q100_distance_quantile"": 1.0, ""q100_reentry_rule"": ""ma20"", ""q100_trim_weight"": 0.5}",annual_net_eoy,565.4442430408657,0.24802461558847916,304.19843806006725,12.99052717504485,5.46741778319123
318.5047204616608,0.4221290248974614,0.4214448079936492,1.0474345904308304,-0.5279067864595433,0.7996279565347314,0.6196688206785137,0.002936572954332493,92,0.7592790791599354,24760,20,6,3,1,20/6/3/1,profit_lock_300_500,profit_lock,start_date_cv_fast_slice,2010-01-01 00:00:00,2026-06-01 15:00:00,24760,"{""average_type"": ""sma"", ""bear_filter_buffer"": 0.01, ""bear_filter_require_20gt50"": true, ""bear_filter_slope_days"": 30, ""entry_confirm_bars"": 2, ""exit_confirm_bars"": 3, ""long_ma_days"": 200.0, ""macd_fast_days"": 12.0, ""macd_signal_days"": 9.0, ""macd_slow_days"": 24.0, ""peak_stop_drawdown"": 0.4, ""profit_lock_scheme"": [[3.0, 0.75], [5.0, 0.5]], ""q100_activation_gain"": 1.1, ""q100_distance_quantile"": 1.0, ""q100_reentry_rule"": ""ma20"", ""q100_trim_weight"": 0.5}",annual_net_eoy,318.5047204616608,0.2388571365404089,304.19342833241853,12.969653309841878,5.618093699515347
305.1700109130616,0.45104764495662875,0.41492701370099705,1.105831501815862,-0.4574899957258237,0.9859180510407141,0.6201823812801102,0.0027834457307842624,84,0.7544627494838265,23248,18,5,2,0,18/5/2/0,profit_lock_300_500,profit_lock,start_date_cv_fast_slice,2011-01-01 00:00:00,2026-06-01 15:00:00,23248,"{""average_type"": ""sma"", ""bear_filter_buffer"": 0.01, ""bear_filter_require_20gt50"": true, ""bear_filter_slope_days"": 30, ""entry_confirm_bars"": 2, ""exit_confirm_bars"": 3, ""long_ma_days"": 200.0, ""macd_fast_days"": 12.0, ""macd_signal_days"": 9.0, ""macd_slow_days"": 24.0, ""peak_stop_drawdown"": 0.4, ""profit_lock_scheme"": [[3.0, 0.75], [5.0, 0.5]], ""q100_activation_gain"": 1.1, ""q100_distance_quantile"": 1.0, ""q100_reentry_rule"": ""ma20"", ""q100_trim_weight"": 0.5}",annual_net_eoy,305.1700109130616,0.24355224968773764,304.15330272525466,12.959232751826235,5.463179628355127
359.56706741191056,0.5525452660876062,0.4129392529313007,1.2729723266235067,-0.4574899957258246,1.2077756262428712,0.6190640905272521,0.0024058362727673336,67,0.7539531551119237,20237,16,4,1,0,16/4/1/0,profit_lock_300_500,profit_lock,start_date_cv_fast_slice,2013-01-01 00:00:00,2026-06-01 15:00:00,20237,"{""average_type"": ""sma"", ""bear_filter_buffer"": 0.01, ""bear_filter_require_20gt50"": true, ""bear_filter_slope_days"": 30, ""entry_confirm_bars"": 2, ""exit_confirm_bars"": 3, ""long_ma_days"": 200.0, ""macd_fast_days"": 12.0, ""macd_signal_days"": 9.0, ""macd_slow_days"": 24.0, ""peak_stop_drawdown"": 0.4, ""profit_lock_scheme"": [[3.0, 0.75], [5.0, 0.5]], ""q100_activation_gain"": 1.1, ""q100_distance_quantile"": 1.0, ""q100_reentry_rule"": ""ma20"", ""q100_trim_weight"": 0.5}",annual_net_eoy,359.56706741191056,0.24376318347433482,303.880258795783,12.916650874398682,5.005880318228987
102.18661304124525,0.5627833368392667,0.42346918681204127,1.267379265375854,-0.4574899957258234,1.2301544123306825,0.6390268755572539,0.002654690293082491,57,0.7129665010826647,15702,13,3,1,0,13/3/1/0,profit_lock_300_500,profit_lock,start_date_cv_fast_slice,2016-01-01 00:00:00,2026-06-01 15:00:00,15702,"{""average_type"": ""sma"", ""bear_filter_buffer"": 0.01, ""bear_filter_require_20gt50"": true, ""bear_filter_slope_days"": 30, ""entry_confirm_bars"": 2, ""exit_confirm_bars"": 3, ""long_ma_days"": 200.0, ""macd_fast_days"": 12.0, ""macd_signal_days"": 9.0, ""macd_slow_days"": 24.0, ""peak_stop_drawdown"": 0.4, ""profit_lock_scheme"": [[3.0, 0.75], [5.0, 0.5]], ""q100_activation_gain"": 1.1, ""q100_distance_quantile"": 1.0, ""q100_reentry_rule"": ""ma20"", ""q100_trim_weight"": 0.5}",annual_net_eoy,102.18661304124525,0.28428889813931807,302.07360970588064,12.827121571472716,5.488727550630493
41.801059687191,0.564869126710241,0.4491019761919126,1.2230113146449306,-0.45748999572582316,1.2347136155711063,0.6364711447492905,0.002573671027989434,45,0.7013560391043835,12684,13,3,1,0,13/3/1/0,profit_lock_300_500,profit_lock,start_date_cv_fast_slice,2018-01-01 00:00:00,2026-06-01 15:00:00,12684,"{""average_type"": ""sma"", ""bear_filter_buffer"": 0.01, ""bear_filter_require_20gt50"": true, ""bear_filter_slope_days"": 30, ""entry_confirm_bars"": 2, ""exit_confirm_bars"": 3, ""long_ma_days"": 200.0, ""macd_fast_days"": 12.0, ""macd_signal_days"": 9.0, ""macd_slow_days"": 24.0, ""peak_stop_drawdown"": 0.4, ""profit_lock_scheme"": [[3.0, 0.75], [5.0, 0.5]], ""q100_activation_gain"": 1.1, ""q100_distance_quantile"": 1.0, ""q100_reentry_rule"": ""ma20"", ""q100_trim_weight"": 0.5}",annual_net_eoy,41.801059687191,0.29523075627398315,299.8808041739864,12.691231325444804,5.364238410596026
28.1050308470077,0.6943401061605656,0.46113580348392885,1.3753412828143472,-0.3946167679357776,1.7595301633851679,0.6425615559693773,0.002079256244393617,29,0.6924787916408028,9666,10,2,0,0,10/2/0/0,profit_lock_300_500,profit_lock,start_date_cv_fast_slice,2020-01-01 00:00:00,2026-06-01 15:00:00,9666,"{""average_type"": ""sma"", ""bear_filter_buffer"": 0.01, ""bear_filter_require_20gt50"": true, ""bear_filter_slope_days"": 30, ""entry_confirm_bars"": 2, ""exit_confirm_bars"": 3, ""long_ma_days"": 200.0, ""macd_fast_days"": 12.0, ""macd_signal_days"": 9.0, ""macd_slow_days"": 24.0, ""peak_stop_drawdown"": 0.4, ""profit_lock_scheme"": [[3.0, 0.75], [5.0, 0.5]], ""q100_activation_gain"": 1.1, ""q100_distance_quantile"": 1.0, ""q100_reentry_rule"": ""ma20"", ""q100_trim_weight"": 0.5}",annual_net_eoy,28.1050308470077,0.3047125644937805,296.7497022875267,12.235905313868088,4.536312849162011
5.409146053122658,0.52696079459676,0.41185881974936844,1.2348326495015132,-0.2892622061791035,1.8217409095970176,0.6735985533453888,0.0015723393689700976,13,0.656758589511754,6636,6,0,0,0,6/0/0/0,profit_lock_300_500,profit_lock,start_date_cv_fast_slice,2022-01-01 00:00:00,2026-06-01 15:00:00,6636,"{""average_type"": ""sma"", ""bear_filter_buffer"": 0.01, ""bear_filter_require_20gt50"": true, ""bear_filter_slope_days"": 30, ""entry_confirm_bars"": 2, ""exit_confirm_bars"": 3, ""long_ma_days"": 200.0, ""macd_fast_days"": 12.0, ""macd_signal_days"": 9.0, ""macd_slow_days"": 24.0, ""peak_stop_drawdown"": 0.4, ""profit_lock_scheme"": [[3.0, 0.75], [5.0, 0.5]], ""q100_activation_gain"": 1.1, ""q100_distance_quantile"": 1.0, ""q100_reentry_rule"": ""ma20"", ""q100_trim_weight"": 0.5}",annual_net_eoy,5.409146053122658,0.34263711625627163,273.4831029792754,10.902753304007259,2.962025316455696
954.2017765881593,0.3258558157366045,0.42311011058035225,0.8790088335530688,-0.5279067864595443,0.6172601377640676,0.6540343627664201,0.002831881585788602,121,0.7144342648977816,36784,23,9,5,2,23/9/5/2,profit_lock_400_600,profit_lock,start_date_cv_fast_slice,2002-01-10 15:00:00,2026-06-01 15:00:00,36784,"{""average_type"": ""sma"", ""bear_filter_buffer"": 0.01, ""bear_filter_require_20gt50"": true, ""bear_filter_slope_days"": 30, ""entry_confirm_bars"": 2, ""exit_confirm_bars"": 3, ""long_ma_days"": 200.0, ""macd_fast_days"": 12.0, ""macd_signal_days"": 9.0, ""macd_slow_days"": 24.0, ""peak_stop_drawdown"": 0.4, ""profit_lock_scheme"": [[4.0, 0.75], [6.0, 0.5]], ""q100_activation_gain"": 1.1, ""q100_distance_quantile"": 1.0, ""q100_reentry_rule"": ""ma20"", ""q100_trim_weight"": 0.5}",annual_net_eoy,954.2017765881593,0.2851808680717458,301.6872648148622,10.513549854885134,4.973684210526316
1127.1655890250163,0.35106184475260105,0.4313368280278087,0.91407890310701,-0.5279067864595445,0.665007258396941,0.6400702191517074,0.002836172270560279,117,0.743693017724673,35318,23,9,5,2,23/9/5/2,profit_lock_400_600,profit_lock,start_date_cv_fast_slice,2003-01-01 00:00:00,2026-06-01 15:00:00,35318,"{""average_type"": ""sma"", ""bear_filter_buffer"": 0.01, ""bear_filter_require_20gt50"": true, ""bear_filter_slope_days"": 30, ""entry_confirm_bars"": 2, ""exit_confirm_bars"": 3, ""long_ma_days"": 200.0, ""macd_fast_days"": 12.0, ""macd_signal_days"": 9.0, ""macd_slow_days"": 24.0, ""peak_stop_drawdown"": 0.4, ""profit_lock_scheme"": [[4.0, 0.75], [6.0, 0.5]], ""q100_activation_gain"": 1.1, ""q100_distance_quantile"": 1.0, ""q100_reentry_rule"": ""ma20"", ""q100_trim_weight"": 0.5}",annual_net_eoy,1127.1655890250163,0.2559061399612407,301.6806078899072,10.486651096926966,5.008890650659721
427.49072837494816,0.31127797432819904,0.4248425617372646,0.8512561362257529,-0.5279067864595439,0.5896457145698274,0.639358807523956,0.0029329212188467977,116,0.7444028747190347,33812,22,9,5,2,22/9/5/2,profit_lock_400_600,profit_lock,start_date_cv_fast_slice,2004-01-01 00:00:00,2026-06-01 15:00:00,33812,"{""average_type"": ""sma"", ""bear_filter_buffer"": 0.01, ""bear_filter_require_20gt50"": true, ""bear_filter_slope_days"": 30, ""entry_confirm_bars"": 2, ""exit_confirm_bars"": 3, ""long_ma_days"": 200.0, ""macd_fast_days"": 12.0, ""macd_signal_days"": 9.0, ""macd_slow_days"": 24.0, ""peak_stop_drawdown"": 0.4, ""profit_lock_scheme"": [[4.0, 0.75], [6.0, 0.5]], ""q100_activation_gain"": 1.1, ""q100_distance_quantile"": 1.0, ""q100_reentry_rule"": ""ma20"", ""q100_trim_weight"": 0.5}",annual_net_eoy,427.49072837494816,0.2551784292899295,301.6788966311374,10.479520852052765,5.187270791434993
465.6858584231464,0.33324254390112995,0.4257133544613479,0.8894239299358201,-0.5279067864595444,0.6312526234717531,0.6373344063389873,0.0028837418673903653,110,0.7492494119103628,32308,24,11,5,1,24/11/5/1,profit_lock_400_600,profit_lock,start_date_cv_fast_slice,2005-01-01 00:00:00,2026-06-01 15:00:00,32308,"{""average_type"": ""sma"", ""bear_filter_buffer"": 0.01, ""bear_filter_require_20gt50"": true, ""bear_filter_slope_days"": 30, ""entry_confirm_bars"": 2, ""exit_confirm_bars"": 3, ""long_ma_days"": 200.0, ""macd_fast_days"": 12.0, ""macd_signal_days"": 9.0, ""macd_slow_days"": 24.0, ""peak_stop_drawdown"": 0.4, ""profit_lock_scheme"": [[4.0, 0.75], [6.0, 0.5]], ""q100_activation_gain"": 1.1, ""q100_distance_quantile"": 1.0, ""q100_reentry_rule"": ""ma20"", ""q100_trim_weight"": 0.5}",annual_net_eoy,465.6858584231464,0.2503124009889531,301.47978760624517,10.458687245457178,5.147950971895506
605.6622112205305,0.39197382369167544,0.4350791143728524,0.9787425120354298,-0.5279067864595445,0.7425057486388535,0.6362302020753686,0.002770614836552701,98,0.7562039186237028,29296,24,10,5,1,24/10/5/1,profit_lock_400_600,profit_lock,start_date_cv_fast_slice,2007-01-01 00:00:00,2026-06-01 15:00:00,29296,"{""average_type"": ""sma"", ""bear_filter_buffer"": 0.01, ""bear_filter_require_20gt50"": true, ""bear_filter_slope_days"": 30, ""entry_confirm_bars"": 2, ""exit_confirm_bars"": 3, ""long_ma_days"": 200.0, ""macd_fast_days"": 12.0, ""macd_signal_days"": 9.0, ""macd_slow_days"": 24.0, ""peak_stop_drawdown"": 0.4, ""profit_lock_scheme"": [[4.0, 0.75], [6.0, 0.5]], ""q100_activation_gain"": 1.1, ""q100_distance_quantile"": 1.0, ""q100_reentry_rule"": ""ma20"", ""q100_trim_weight"": 0.5}",annual_net_eoy,605.6622112205305,0.2433128430895377,301.47344261329243,10.432249774820715,5.0578918623702895
560.0942098251268,0.4395006480310646,0.44063715579818524,1.0481911246689206,-0.5279067864595446,0.832534567283395,0.6243529232643118,0.0028992057038538343,93,0.7824204476248477,26272,22,8,4,1,22/8/4/1,profit_lock_400_600,profit_lock,start_date_cv_fast_slice,2009-01-01 00:00:00,2026-06-01 15:00:00,26272,"{""average_type"": ""sma"", ""bear_filter_buffer"": 0.01, ""bear_filter_require_20gt50"": true, ""bear_filter_slope_days"": 30, ""entry_confirm_bars"": 2, ""exit_confirm_bars"": 3, ""long_ma_days"": 200.0, ""macd_fast_days"": 12.0, ""macd_signal_days"": 9.0, ""macd_slow_days"": 24.0, ""peak_stop_drawdown"": 0.4, ""profit_lock_scheme"": [[4.0, 0.75], [6.0, 0.5]], ""q100_activation_gain"": 1.1, ""q100_distance_quantile"": 1.0, ""q100_reentry_rule"": ""ma20"", ""q100_trim_weight"": 0.5}",annual_net_eoy,560.0942098251268,0.217040691654655,301.4491955711136,10.38248647119619,5.35231425091352
315.4870167987557,0.4213051283364495,0.44063844752335923,1.0193406219270875,-0.5279067864595433,0.7980672708566074,0.6189418416801292,0.002955086116787073,90,0.7934470920840064,24760,21,8,4,1,21/8/4/1,profit_lock_400_600,profit_lock,start_date_cv_fast_slice,2010-01-01 00:00:00,2026-06-01 15:00:00,24760,"{""average_type"": ""sma"", ""bear_filter_buffer"": 0.01, ""bear_filter_require_20gt50"": true, ""bear_filter_slope_days"": 30, ""entry_confirm_bars"": 2, ""exit_confirm_bars"": 3, ""long_ma_days"": 200.0, ""macd_fast_days"": 12.0, ""macd_signal_days"": 9.0, ""macd_slow_days"": 24.0, ""peak_stop_drawdown"": 0.4, ""profit_lock_scheme"": [[4.0, 0.75], [6.0, 0.5]], ""q100_activation_gain"": 1.1, ""q100_distance_quantile"": 1.0, ""q100_reentry_rule"": ""ma20"", ""q100_trim_weight"": 0.5}",annual_net_eoy,315.4870167987557,0.20598114099964038,301.4441858434649,10.36161260599322,5.4959612277867524
302.27825281299744,0.4501523374568861,0.43564538290186655,1.0721255973055965,-0.49054358658642694,0.9176602238129058,0.6194081211286993,0.002803162949571917,82,0.7908529766001376,23248,19,7,3,0,19/7/3/0,profit_lock_400_600,profit_lock,start_date_cv_fast_slice,2011-01-01 00:00:00,2026-06-01 15:00:00,23248,"{""average_type"": ""sma"", ""bear_filter_buffer"": 0.01, ""bear_filter_require_20gt50"": true, ""bear_filter_slope_days"": 30, ""entry_confirm_bars"": 2, ""exit_confirm_bars"": 3, ""long_ma_days"": 200.0, ""macd_fast_days"": 12.0, ""macd_signal_days"": 9.0, ""macd_slow_days"": 24.0, ""peak_stop_drawdown"": 0.4, ""profit_lock_scheme"": [[4.0, 0.75], [6.0, 0.5]], ""q100_activation_gain"": 1.1, ""q100_distance_quantile"": 1.0, ""q100_reentry_rule"": ""ma20"", ""q100_trim_weight"": 0.5}",annual_net_eoy,302.27825281299744,0.2085380699910141,301.40406023630106,10.351192047977573,5.3331039229181005
356.1615322496085,0.5514448565452617,0.43676360793563807,1.2251742943172146,-0.4905435865864275,1.1241505783056531,0.6181746306270692,0.0024284871549324475,65,0.7957577704205169,20237,17,6,2,0,17/6/2/0,profit_lock_400_600,profit_lock,start_date_cv_fast_slice,2013-01-01 00:00:00,2026-06-01 15:00:00,20237,"{""average_type"": ""sma"", ""bear_filter_buffer"": 0.01, ""bear_filter_require_20gt50"": true, ""bear_filter_slope_days"": 30, ""entry_confirm_bars"": 2, ""exit_confirm_bars"": 3, ""long_ma_days"": 200.0, ""macd_fast_days"": 12.0, ""macd_signal_days"": 9.0, ""macd_slow_days"": 24.0, ""peak_stop_drawdown"": 0.4, ""profit_lock_scheme"": [[4.0, 0.75], [6.0, 0.5]], ""q100_activation_gain"": 1.1, ""q100_distance_quantile"": 1.0, ""q100_reentry_rule"": ""ma20"", ""q100_trim_weight"": 0.5}",annual_net_eoy,356.1615322496085,0.2035393533814639,301.1310163068294,10.30861017055002,4.856451054998271
103.8996604896979,0.5652630742045179,0.4496788089869487,1.222591942433934,-0.49054358658642694,1.1523197727199854,0.6387084447841039,0.0026824940305594327,56,0.7545694815947013,15702,14,5,2,0,14/5/2/0,profit_lock_400_600,profit_lock,start_date_cv_fast_slice,2016-01-01 00:00:00,2026-06-01 15:00:00,15702,"{""average_type"": ""sma"", ""bear_filter_buffer"": 0.01, ""bear_filter_require_20gt50"": true, ""bear_filter_slope_days"": 30, ""entry_confirm_bars"": 2, ""exit_confirm_bars"": 3, ""long_ma_days"": 200.0, ""macd_fast_days"": 12.0, ""macd_signal_days"": 9.0, ""macd_slow_days"": 24.0, ""peak_stop_drawdown"": 0.4, ""profit_lock_scheme"": [[4.0, 0.75], [6.0, 0.5]], ""q100_activation_gain"": 1.1, ""q100_distance_quantile"": 1.0, ""q100_reentry_rule"": ""ma20"", ""q100_trim_weight"": 0.5}",annual_net_eoy,103.8996604896979,0.24450702869685248,299.3926044566143,10.261398521676547,5.392434084829958
42.51161936084707,0.5679435638556716,0.4796064366354462,1.1789793342127017,-0.4905435865864274,1.1577840978573417,0.6360769473352255,0.00260809031889632,44,0.752857931251971,12684,14,5,2,0,14/5/2/0,profit_lock_400_600,profit_lock,start_date_cv_fast_slice,2018-01-01 00:00:00,2026-06-01 15:00:00,12684,"{""average_type"": ""sma"", ""bear_filter_buffer"": 0.01, ""bear_filter_require_20gt50"": true, ""bear_filter_slope_days"": 30, ""entry_confirm_bars"": 2, ""exit_confirm_bars"": 3, ""long_ma_days"": 200.0, ""macd_fast_days"": 12.0, ""macd_signal_days"": 9.0, ""macd_slow_days"": 24.0, ""peak_stop_drawdown"": 0.4, ""profit_lock_scheme"": [[4.0, 0.75], [6.0, 0.5]], ""q100_activation_gain"": 1.1, ""q100_distance_quantile"": 1.0, ""q100_reentry_rule"": ""ma20"", ""q100_trim_weight"": 0.5}",annual_net_eoy,42.51161936084707,0.24598328591876437,297.25598089679806,10.128989925934974,5.245033112582782
28.422776110399674,0.6972203254624652,0.4886605718701758,1.3281997305948112,-0.40764462687832903,1.7103630944473769,0.6423546451479413,0.0020732386186708652,28,0.736421477343265,9666,11,4,1,0,11/4/1/0,profit_lock_400_600,profit_lock,start_date_cv_fast_slice,2020-01-01 00:00:00,2026-06-01 15:00:00,9666,"{""average_type"": ""sma"", ""bear_filter_buffer"": 0.01, ""bear_filter_require_20gt50"": true, ""bear_filter_slope_days"": 30, ""entry_confirm_bars"": 2, ""exit_confirm_bars"": 3, ""long_ma_days"": 200.0, ""macd_fast_days"": 12.0, ""macd_signal_days"": 9.0, ""macd_slow_days"": 24.0, ""peak_stop_drawdown"": 0.4, ""profit_lock_scheme"": [[4.0, 0.75], [6.0, 0.5]], ""q100_activation_gain"": 1.1, ""q100_distance_quantile"": 1.0, ""q100_reentry_rule"": ""ma20"", ""q100_trim_weight"": 0.5}",annual_net_eoy,28.422776110399674,0.26218157165598044,294.1570531474676,9.817000784658003,4.379888268156424
4.878889139207888,0.49720912976508114,0.43491859001649213,1.1468768183478606,-0.37507925862142055,1.3256108364737123,0.6735985533453888,0.001611491621257009,13,0.6870102471368295,6636,6,2,0,0,6/2/0/0,profit_lock_400_600,profit_lock,start_date_cv_fast_slice,2022-01-01 00:00:00,2026-06-01 15:00:00,6636,"{""average_type"": ""sma"", ""bear_filter_buffer"": 0.01, ""bear_filter_require_20gt50"": true, ""bear_filter_slope_days"": 30, ""entry_confirm_bars"": 2, ""exit_confirm_bars"": 3, ""long_ma_days"": 200.0, ""macd_fast_days"": 12.0, ""macd_signal_days"": 9.0, ""macd_slow_days"": 24.0, ""peak_stop_drawdown"": 0.4, ""profit_lock_scheme"": [[4.0, 0.75], [6.0, 0.5]], ""q100_activation_gain"": 1.1, ""q100_distance_quantile"": 1.0, ""q100_reentry_rule"": ""ma20"", ""q100_trim_weight"": 0.5}",annual_net_eoy,4.878889139207888,0.3132519766174341,277.0564922890939,9.015952214316243,2.962025316455696
15.629404966314663,0.1224937392355574,0.22163772682969898,0.632893657530411,-0.540353078876536,0.22669203530816873,0.5222107438016529,0.0,0,1.0,36784,7,3,2,2,7/3/2/2,QQQ_BH,benchmark,start_date_cv_fast_slice,2002-01-10 15:00:00,2026-06-01 15:00:00,36784,{},annual_net_eoy,15.629404966314663,0.0,2.0604554966084065,0.0,0.0
27.25566726922924,0.15378084816023962,0.21127001656803637,0.7835456866498123,-0.5403530788765369,0.2845932672021961,0.5241519904864375,0.0,0,1.0,35318,6,2,1,1,6/2/1/1,QQQ_BH,benchmark,start_date_cv_fast_slice,2003-01-01 00:00:00,2026-06-01 15:00:00,35318,{},annual_net_eoy,27.25566726922924,0.0,2.0604554966084065,0.0,0.0
17.972426782599385,0.1406565786537084,0.20961640166672996,0.7335378205148075,-0.540353078876537,0.260304945326029,0.5246066485271501,0.0,0,1.0,33812,6,2,1,1,6/2/1/1,QQQ_BH,benchmark,start_date_cv_fast_slice,2004-01-01 00:00:00,2026-06-01 15:00:00,33812,{},annual_net_eoy,17.972426782599385,0.0,2.0604554966084065,0.0,0.0
16.121008530694105,0.14216441032353688,0.2112573133828574,0.7357690033533818,-0.5403530788765383,0.2630954016568472,0.5255664231769221,0.0,0,1.0,32308,6,2,1,1,6/2/1/1,QQQ_BH,benchmark,start_date_cv_fast_slice,2005-01-01 00:00:00,2026-06-01 15:00:00,32308,{},annual_net_eoy,16.121008530694105,0.0,2.0604554966084065,0.0,0.0
14.740047946610781,0.15286604601288278,0.21717510339869245,0.7645958870729784,-0.5403530788765378,0.2829002961003027,0.5292872747132714,0.0,0,1.0,29296,6,2,1,1,6/2/1/1,QQQ_BH,benchmark,start_date_cv_fast_slice,2007-01-01 00:00:00,2026-06-01 15:00:00,29296,{},annual_net_eoy,14.740047946610781,0.0,2.0604554966084065,0.0,0.0
21.683442879986355,0.19680514000454719,0.20620051466673844,0.9755745874442109,-0.3609918275426901,0.5451789347814902,0.5331151035322778,0.0,0,1.0,26272,5,1,0,0,5/1/0/0,QQQ_BH,benchmark,start_date_cv_fast_slice,2009-01-01 00:00:00,2026-06-01 15:00:00,26272,{},annual_net_eoy,21.683442879986355,0.0,2.0604554966084065,0.0,0.0
13.66005189841608,0.17817961965329276,0.20265368872226489,0.9117456133288099,-0.36099182754268744,0.49358352754460333,0.5336833602584814,0.0,0,1.0,24760,5,1,0,0,5/1/0/0,QQQ_BH,benchmark,start_date_cv_fast_slice,2010-01-01 00:00:00,2026-06-01 15:00:00,24760,{},annual_net_eoy,13.66005189841608,0.0,2.0604554966084065,0.0,0.0
11.228676204399124,0.1768492211080599,0.2031793761302271,0.9044340164012736,-0.360991827542691,0.48989812958340634,0.5334652443220922,0.0,0,1.0,23248,5,1,0,0,5/1/0/0,QQQ_BH,benchmark,start_date_cv_fast_slice,2011-01-01 00:00:00,2026-06-01 15:00:00,23248,{},annual_net_eoy,11.228676204399124,0.0,2.0604554966084065,0.0,0.0
9.015946758471925,0.18786294450399477,0.20463330593926274,0.9451919549625568,-0.3609918275426881,0.5204077493465681,0.5365419775658448,0.0,0,1.0,20237,5,1,0,0,5/1/0/0,QQQ_BH,benchmark,start_date_cv_fast_slice,2013-01-01 00:00:00,2026-06-01 15:00:00,20237,{},annual_net_eoy,9.015946758471925,0.0,2.0604554966084065,0.0,0.0
4.618545286689926,0.1808204938951985,0.21958430121770137,0.8686140285319913,-0.3609918275426881,0.500899134271443,0.5406317666539294,0.0,0,1.0,15702,5,1,0,0,5/1/0/0,QQQ_BH,benchmark,start_date_cv_fast_slice,2016-01-01 00:00:00,2026-06-01 15:00:00,15702,{},annual_net_eoy,4.618545286689926,0.0,2.0604554966084065,0.0,0.0
2.954948917329597,0.17810054357382743,0.23546571564897256,0.8159674829621957,-0.3609918275426901,0.49336447527407157,0.5389467045096185,0.0,0,1.0,12684,5,1,0,0,5/1/0/0,QQQ_BH,benchmark,start_date_cv_fast_slice,2018-01-01 00:00:00,2026-06-01 15:00:00,12684,{},annual_net_eoy,2.954948917329597,0.0,2.0604554966084065,0.0,0.0
1.8496437103856498,0.17798679841739817,0.24924109913745343,0.7844776395856383,-0.3609918275426892,0.4930493846051135,0.5396234223049865,0.0,0,1.0,9666,4,1,0,0,4/1/0/0,QQQ_BH,benchmark,start_date_cv_fast_slice,2020-01-01 00:00:00,2026-06-01 15:00:00,9666,{},annual_net_eoy,1.8496437103856498,0.0,2.0604554966084065,0.0,0.0
0.5056825953418176,0.0977317475078141,0.24571395700009982,0.5060885239011671,-0.35344482829202273,0.27651203153853,0.533001808318264,0.0,0,1.0,6636,3,1,0,0,3/1/0/0,QQQ_BH,benchmark,start_date_cv_fast_slice,2022-01-01 00:00:00,2026-06-01 15:00:00,6636,{},annual_net_eoy,0.5056825953418176,0.0,2.0604554966084065,0.0,0.0
