date,gross_return,cost,net_return,turnover,equity
2005-01-03,0.0,0.0,0.0,0.0,1.0
2005-01-04,0.0,0.0,0.0,0.0,1.0
2005-01-05,0.0,0.0,0.0,0.0,1.0
2005-01-06,0.0,0.0,0.0,0.0,1.0
2005-01-07,0.0,0.0,0.0,0.0,1.0
2005-01-10,0.0,0.0,0.0,0.0,1.0
2005-01-11,0.0,0.0,0.0,0.0,1.0
2005-01-12,0.0,0.0,0.0,0.0,1.0
2005-01-13,0.0,0.0,0.0,0.0,1.0
2005-01-14,0.0,0.0,0.0,0.0,1.0
2005-01-18,0.0,0.0,0.0,0.0,1.0
2005-01-19,0.0,0.0,0.0,0.0,1.0
2005-01-20,0.0,0.0,0.0,0.0,1.0
2005-01-21,0.0,0.0,0.0,0.0,1.0
2005-01-24,0.0,0.0,0.0,0.0,1.0
2005-01-25,0.0,0.0,0.0,0.0,1.0
2005-01-26,0.0,0.0,0.0,0.0,1.0
2005-01-27,0.0,0.0,0.0,0.0,1.0
2005-01-28,0.0,0.0,0.0,0.0,1.0
2005-01-31,0.0,0.0,0.0,0.0,1.0
2005-02-01,0.0,0.0,0.0,0.0,1.0
2005-02-02,0.0,0.0,0.0,0.0,1.0
2005-02-03,0.0,0.0,0.0,0.0,1.0
2005-02-04,0.0,0.0,0.0,0.0,1.0
2005-02-07,0.0,0.0,0.0,0.0,1.0
2005-02-08,0.0,0.0,0.0,0.0,1.0
2005-02-09,0.0,0.0,0.0,0.0,1.0
2005-02-10,0.0,0.0,0.0,0.0,1.0
2005-02-11,0.0,0.0,0.0,0.0,1.0
2005-02-14,0.0,0.0,0.0,0.0,1.0
2005-02-15,0.0,0.0,0.0,0.0,1.0
2005-02-16,0.0,0.0,0.0,0.0,1.0
2005-02-17,0.0,0.0,0.0,0.0,1.0
2005-02-18,0.0,0.0,0.0,0.0,1.0
2005-02-22,0.0,0.0,0.0,0.0,1.0
2005-02-23,0.0,0.0,0.0,0.0,1.0
2005-02-24,0.0,0.0,0.0,0.0,1.0
2005-02-25,0.0,0.0,0.0,0.0,1.0
2005-02-28,0.0,0.0,0.0,0.0,1.0
2005-03-01,0.0,0.0,0.0,0.0,1.0
2005-03-02,0.0,0.0,0.0,0.0,1.0
2005-03-03,0.0,0.0,0.0,0.0,1.0
2005-03-04,0.0,0.0,0.0,0.0,1.0
2005-03-07,0.0,0.0,0.0,0.0,1.0
2005-03-08,0.0,0.0,0.0,0.0,1.0
2005-03-09,0.0,0.0,0.0,0.0,1.0
2005-03-10,0.0,0.0,0.0,0.0,1.0
2005-03-11,0.0,0.0,0.0,0.0,1.0
2005-03-14,0.0,0.0,0.0,0.0,1.0
2005-03-15,0.0,0.0,0.0,0.0,1.0
2005-03-16,0.0,0.0,0.0,0.0,1.0
2005-03-17,0.0,0.0,0.0,0.0,1.0
2005-03-18,0.0,0.0,0.0,0.0,1.0
2005-03-21,0.0,0.0,0.0,0.0,1.0
2005-03-22,0.0,0.0,0.0,0.0,1.0
2005-03-23,0.0,0.0,0.0,0.0,1.0
2005-03-24,0.0,0.0,0.0,0.0,1.0
2005-03-28,0.0,0.0,0.0,0.0,1.0
2005-03-29,0.0,0.0,0.0,0.0,1.0
2005-03-30,0.0,0.0,0.0,0.0,1.0
2005-03-31,0.0,0.0,0.0,0.0,1.0
2005-04-01,0.0,0.0,0.0,0.0,1.0
2005-04-04,0.0,0.0,0.0,0.0,1.0
2005-04-05,0.0,0.0,0.0,0.0,1.0
2005-04-06,0.0,0.0,0.0,0.0,1.0
2005-04-07,0.0,0.0,0.0,0.0,1.0
2005-04-08,0.0,0.0,0.0,0.0,1.0
2005-04-11,0.0,0.0,0.0,0.0,1.0
2005-04-12,0.0,0.0,0.0,0.0,1.0
2005-04-13,0.0,0.0,0.0,0.0,1.0
2005-04-14,0.0,0.0,0.0,0.0,1.0
2005-04-15,0.0,0.0,0.0,0.0,1.0
2005-04-18,0.0,0.0,0.0,0.0,1.0
2005-04-19,0.0,0.0,0.0,0.0,1.0
2005-04-20,0.0,0.0,0.0,0.0,1.0
2005-04-21,0.0,0.0,0.0,0.0,1.0
2005-04-22,0.0,0.0,0.0,0.0,1.0
2005-04-25,0.0,0.0,0.0,0.0,1.0
2005-04-26,0.0,0.0,0.0,0.0,1.0
2005-04-27,0.0,0.0,0.0,0.0,1.0
2005-04-28,0.0,0.0,0.0,0.0,1.0
2005-04-29,0.0,0.0,0.0,0.0,1.0
2005-05-02,0.0,0.0,0.0,0.0,1.0
2005-05-03,0.0,0.0,0.0,0.0,1.0
2005-05-04,0.0,0.0,0.0,0.0,1.0
2005-05-05,0.0,0.0,0.0,0.0,1.0
2005-05-06,0.0,0.0,0.0,0.0,1.0
2005-05-09,0.0,0.0,0.0,0.0,1.0
2005-05-10,0.0,0.0,0.0,0.0,1.0
2005-05-11,0.0,0.0,0.0,0.0,1.0
2005-05-12,0.0,0.0,0.0,0.0,1.0
2005-05-13,0.0,0.0,0.0,0.0,1.0
2005-05-16,0.0,0.0,0.0,0.0,1.0
2005-05-17,0.0,0.0,0.0,0.0,1.0
2005-05-18,0.0,0.0,0.0,0.0,1.0
2005-05-19,0.0,0.0,0.0,0.0,1.0
2005-05-20,0.0,0.0,0.0,0.0,1.0
2005-05-23,0.0,0.0,0.0,0.0,1.0
2005-05-24,0.0,0.0,0.0,0.0,1.0
2005-05-25,0.0,0.0,0.0,0.0,1.0
2005-05-26,0.0,0.0,0.0,0.0,1.0
2005-05-27,0.0,0.0,0.0,0.0,1.0
2005-05-31,0.0,0.0,0.0,0.0,1.0
2005-06-01,0.0,0.0,0.0,0.0,1.0
2005-06-02,0.0,0.0,0.0,0.0,1.0
2005-06-03,0.0,0.0,0.0,0.0,1.0
2005-06-06,0.0,0.0,0.0,0.0,1.0
2005-06-07,0.0,0.0,0.0,0.0,1.0
2005-06-08,0.0,0.0,0.0,0.0,1.0
2005-06-09,0.0,0.0,0.0,0.0,1.0
2005-06-10,0.0,0.0,0.0,0.0,1.0
2005-06-13,0.0,0.0,0.0,0.0,1.0
2005-06-14,0.0,0.0,0.0,0.0,1.0
2005-06-15,0.0,0.0,0.0,0.0,1.0
2005-06-16,0.0,0.0,0.0,0.0,1.0
2005-06-17,0.0,0.0,0.0,0.0,1.0
2005-06-20,0.0,0.0,0.0,0.0,1.0
2005-06-21,0.0,0.0,0.0,0.0,1.0
2005-06-22,0.0,0.0,0.0,0.0,1.0
2005-06-23,0.0,0.0,0.0,0.0,1.0
2005-06-24,0.0,0.0,0.0,0.0,1.0
2005-06-27,0.0,0.0,0.0,0.0,1.0
2005-06-28,0.0,0.0,0.0,0.0,1.0
2005-06-29,0.0,0.0,0.0,0.0,1.0
2005-06-30,0.0,0.0,0.0,0.0,1.0
2005-07-01,0.0,0.0,0.0,0.0,1.0
2005-07-05,0.0,0.0,0.0,0.0,1.0
2005-07-06,0.0,0.0,0.0,0.0,1.0
2005-07-07,0.0,0.0,0.0,0.0,1.0
2005-07-08,0.0,0.0,0.0,0.0,1.0
2005-07-11,0.0,0.0,0.0,0.0,1.0
2005-07-12,0.0,0.0,0.0,0.0,1.0
2005-07-13,0.0,0.0,0.0,0.0,1.0
2005-07-14,0.0,0.0,0.0,0.0,1.0
2005-07-15,0.0,0.0,0.0,0.0,1.0
2005-07-18,0.0,0.0,0.0,0.0,1.0
2005-07-19,0.0,0.0,0.0,0.0,1.0
2005-07-20,0.0,0.0,0.0,0.0,1.0
2005-07-21,0.0,0.0,0.0,0.0,1.0
2005-07-22,0.0,0.0,0.0,0.0,1.0
2005-07-25,0.0,0.0,0.0,0.0,1.0
2005-07-26,0.0,0.0,0.0,0.0,1.0
2005-07-27,0.0,0.0,0.0,0.0,1.0
2005-07-28,0.0,0.0,0.0,0.0,1.0
2005-07-29,0.0,0.0,0.0,0.0,1.0
2005-08-01,0.0,0.0,0.0,0.0,1.0
2005-08-02,0.0,0.0,0.0,0.0,1.0
2005-08-03,0.0,0.0,0.0,0.0,1.0
2005-08-04,0.0,0.0,0.0,0.0,1.0
2005-08-05,0.0,0.0,0.0,0.0,1.0
2005-08-08,0.0,0.0,0.0,0.0,1.0
2005-08-09,0.0,0.0,0.0,0.0,1.0
2005-08-10,0.0,0.0,0.0,0.0,1.0
2005-08-11,0.0,0.0,0.0,0.0,1.0
2005-08-12,0.0,0.0,0.0,0.0,1.0
2005-08-15,0.0,0.0,0.0,0.0,1.0
2005-08-16,0.0,0.0,0.0,0.0,1.0
2005-08-17,0.0,0.0,0.0,0.0,1.0
2005-08-18,0.0,0.0,0.0,0.0,1.0
2005-08-19,0.0,0.0,0.0,0.0,1.0
2005-08-22,0.0,0.0,0.0,0.0,1.0
2005-08-23,0.0,0.0,0.0,0.0,1.0
2005-08-24,0.0,0.0,0.0,0.0,1.0
2005-08-25,0.0,0.0,0.0,0.0,1.0
2005-08-26,0.0,0.0,0.0,0.0,1.0
2005-08-29,0.0,0.0,0.0,0.0,1.0
2005-08-30,0.0,0.0,0.0,0.0,1.0
2005-08-31,0.0,0.0,0.0,0.0,1.0
2005-09-01,0.0,0.0,0.0,0.0,1.0
2005-09-02,0.0,0.0,0.0,0.0,1.0
2005-09-06,0.0,0.0,0.0,0.0,1.0
2005-09-07,0.0,0.0,0.0,0.0,1.0
2005-09-08,0.0,0.0,0.0,0.0,1.0
2005-09-09,0.0,0.0,0.0,0.0,1.0
2005-09-12,0.0,0.0,0.0,0.0,1.0
2005-09-13,0.0,0.0,0.0,0.0,1.0
2005-09-14,0.0,0.0,0.0,0.0,1.0
2005-09-15,0.0,0.0,0.0,0.0,1.0
2005-09-16,0.0,0.0,0.0,0.0,1.0
2005-09-19,0.0,0.0,0.0,0.0,1.0
2005-09-20,0.0,0.0,0.0,0.0,1.0
2005-09-21,0.0,0.0,0.0,0.0,1.0
2005-09-22,0.0,0.0,0.0,0.0,1.0
2005-09-23,0.0,0.0,0.0,0.0,1.0
2005-09-26,0.0,0.0,0.0,0.0,1.0
2005-09-27,0.0,0.0,0.0,0.0,1.0
2005-09-28,0.0,0.0,0.0,0.0,1.0
2005-09-29,0.0,0.0,0.0,0.0,1.0
2005-09-30,0.0,0.0,0.0,0.0,1.0
2005-10-03,0.0,0.0,0.0,0.0,1.0
2005-10-04,0.0,0.0,0.0,0.0,1.0
2005-10-05,0.0,0.0,0.0,0.0,1.0
2005-10-06,0.0,0.0,0.0,0.0,1.0
2005-10-07,0.0,0.0,0.0,0.0,1.0
2005-10-10,0.0,0.0,0.0,0.0,1.0
2005-10-11,0.0,0.0,0.0,0.0,1.0
2005-10-12,0.0,0.0,0.0,0.0,1.0
2005-10-13,0.0,0.0,0.0,0.0,1.0
2005-10-14,0.0,0.0,0.0,0.0,1.0
2005-10-17,0.0,0.0,0.0,0.0,1.0
2005-10-18,0.0,0.0,0.0,0.0,1.0
2005-10-19,0.010444198927148221,0.0002,0.01024419892714822,1.0,1.0102441989271482
2005-10-20,-0.01619636186323671,0.0,-0.01619636186323671,0.0,0.9938819183110884
2005-10-21,0.010353474866458684,0.0,0.010353474866458684,0.0,1.00417204977255
2005-10-24,0.013201880061179061,0.0,0.013201880061179061,0.0,1.0174290087344355
2005-10-25,-0.00390858845909034,0.0,-0.00390858845909034,0.0,1.0134522974529523
2005-10-26,-0.003961595999135523,0.0,-0.003961595999135523,0.0,1.009437408886048
2005-10-27,-0.009910706833349964,0.0,-0.009910706833349964,0.0,0.9994331706599621
2005-10-28,0.012753792785878515,0.0,0.012753792785878515,0.0,1.0121797342218928
2005-10-31,0.004737481834544741,0.0,0.004737481834544741,0.0,1.0169749173260634
2005-11-01,-0.0005435357790344736,0.0,-0.0005435357790344736,0.0,1.016422155072116
2005-11-02,0.010773609027335818,0.0,0.010773609027335818,0.0,1.027372689977585
2005-11-03,0.0012479387084843307,0.0,0.0012479387084843307,0.0,1.0286547881254477
2005-11-04,-0.0035393383033162223,0.0,-0.0035393383033162223,0.0,1.0250140308329458
2005-11-07,0.003280005654347329,0.0,0.003280005654347329,0.0,1.0283760826498634
2005-11-08,-0.0006512589804584523,0.0,-0.0006512589804584523,0.0,1.027706343490749
2005-11-09,0.004326267155853228,0.0,0.004326267155853228,0.0,1.032152475690455
2005-11-10,0.007326276812725532,0.0,0.007326276812725532,0.0,1.0397143104403033
2005-11-11,0.0038470907833722257,0.0,0.0038470907833722257,0.0,1.0437141857813386
2005-11-14,-0.0031165317984766933,0.0,-0.0031165317984766933,0.0,1.0404614173328297
2005-11-15,-0.003381160365696592,0.0,-0.003381160365696592,0.0,1.0369434504265074
2005-11-16,0.005510659175539112,0.0,0.005510659175539112,0.0,1.0426576923661155
2005-11-17,0.013164933359616576,0.0,0.013164933359616576,0.0,1.056384211403007
2005-11-18,0.002910136565639418,0.0,0.002910136565639418,0.0,1.0594584337239752
2005-11-21,0.004808656464443589,0.0,0.004808656464443589,0.0,1.0645530053701113
2005-11-22,0.004446914284710141,2.5e-05,0.004421914284710141,0.125,1.0692603675113885
2005-11-23,0.003205756825347586,0.0,0.003205756825347586,0.0,1.0726881562326118
2005-11-25,0.00010151897000278132,0.0,0.00010151897000278132,0.0,1.0727970544293668
2005-11-28,-0.004611545110488155,0.0,-0.004611545110488155,0.0,1.067849802418467
2005-11-29,-0.0016231696797951167,0.0,-0.0016231696797951167,0.0,1.0661165009966063
2005-11-30,-0.003617384934216525,0.0,-0.003617384934216525,0.0,1.0622599472277816
2005-12-01,0.01580723260166042,0.0,0.01580723260166042,0.0,1.0790513372970387
2005-12-02,0.0010211485108938406,0.0,0.0010211485108938406,0.0,1.0801532089632975
2005-12-05,0.0001679385043736603,0.0,0.0001679385043736603,0.0,1.080334608277705
2005-12-06,0.0024355294573245173,0.0,0.0024355294573245173,0.0,1.0829657950399325
2005-12-07,-0.0033352925578794823,0.0,-0.0033352925578794823,0.0,1.079353787283298
2005-12-08,0.0007542824547462218,0.0,0.0007542824547462218,0.0,1.0801679249075096
2005-12-09,0.005488754442827509,0.0,0.005488754442827509,0.0,1.0860967014043454
2005-12-12,0.003707224513809615,0.0,0.003707224513809615,0.0,1.0901231057201595
2005-12-13,0.0020628345461344705,0.0,0.0020628345461344705,0.0,1.0923718493221783
2005-12-14,-0.0038677035940524046,0.0,-0.0038677035940524046,0.0,1.0881468787945132
2005-12-15,-0.004312510947957732,0.0,-0.004312510947957732,0.0,1.0834542334667259
2005-12-16,-0.001079269139034042,0.0,-0.001079269139034042,0.0,1.0822848947489896
2005-12-19,-0.006001804722283274,0.0,-0.006001804722283274,0.0,1.0757892321568292
2005-12-20,-0.0015050760532313995,0.0,-0.0015050760532313995,0.0,1.0741700875451858
2005-12-21,0.006489392699034563,0.0,0.006489392699034563,0.0,1.0811407990688229
2005-12-22,0.005703055778696897,0.0,0.005703055778696897,0.0,1.0873066053505371
2005-12-23,0.0014211916801583208,0.0,0.0014211916801583208,0.0,1.0888518764518424
2005-12-27,-0.006038184235811775,0.0,-0.006038184235811775,0.0,1.082277188216317
2005-12-28,0.0040228947453581215,0.0,0.0040228947453581215,0.0,1.0866310754298134
2005-12-29,-0.0026360110687882188,0.0,-0.0026360110687882188,0.0,1.0837667038872911
2005-12-30,-0.0031558469446842236,0.0,-0.0031558469446842236,0.0,1.080346502046078
2006-01-03,0.022584688586196777,0.0,0.022584688586196777,0.0,1.1047457913599756
2006-01-04,0.0060934267014035315,0.0,0.0060934267014035315,0.0,1.1114774788633115
2006-01-05,1.2205412542848348e-05,0.0,1.2205412542848348e-05,0.0,1.111491044904473
2006-01-06,0.013562961258278688,0.0,0.013562961258278688,0.0,1.126566154885436
2006-01-09,0.006043327618713679,0.0,0.006043327618713679,0.0,1.1333743632435633
2006-01-10,-0.0017642464002127767,0.0,-0.0017642464002127767,0.0,1.1313748116031175
2006-01-11,0.004969229881801734,0.0,0.004969229881801734,0.0,1.1369968731244535
2006-01-12,-0.004886586942218829,0.0,-0.004886586942218829,0.0,1.1314408390509
2006-01-13,0.0012696542574630182,0.0,0.0012696542574630182,0.0,1.1328773777292687
2006-01-17,-0.0063998637834523225,0.0,-0.0063998637834523225,0.0,1.1256271168284466
2006-01-18,-0.006667895071192573,0.0,-0.006667895071192573,0.0,1.1181215533241455
2006-01-19,0.013953116494402784,0.0,0.013953116494402784,0.0,1.13372283361258
2006-01-20,-0.015148003517476943,0.0,-0.015148003517476943,0.0,1.1165491961411727
2006-01-23,0.00809515975928507,0.0,0.00809515975928507,0.0,1.1255878402630368
2006-01-24,0.005521419674311578,0.0,0.005521419674311578,0.0,1.131802683109431
2006-01-25,0.0013721515125598438,0.0,0.0013721515125598438,0.0,1.1333556878729787
2006-01-26,0.007649311511932461,0.0,0.007649311511932461,0.0,1.1420250785833397
2006-01-27,0.006402574800521574,0.0,0.006402574800521574,0.0,1.149336979573041
2006-01-30,0.0015565827058133391,0.0,0.0015565827058133391,0.0,1.151126017638596
2006-01-31,-0.0005193040271378041,0.0,-0.0005193040271378041,0.0,1.1505282332618931
2006-02-01,0.003516136426943886,0.0,0.003516136426943886,0.0,1.1545736474930925
2006-02-02,-0.010345350169626899,0.0,-0.010345350169626899,0.0,1.142629178813153
2006-02-03,-0.006717309184616632,0.0,-0.006717309184616632,0.0,1.1349537853357006
2006-02-06,0.0048545655540663535,0.0,0.0048545655540663535,0.0,1.1404634928874484
2006-02-07,-0.01353719242137047,0.0,-0.01353719242137047,0.0,1.1250248191346828
2006-02-08,0.0041774062339811485,0.0,0.0041774062339811485,0.0,1.1297245048275195
2006-02-09,0.0022017623868130637,0.0,0.0022017623868130637,0.0,1.1322118897497098
2006-02-10,-0.002717241648491686,0.0,-0.002717241648491686,0.0,1.1291353964479642
2006-02-13,-0.008702096937911477,0.0,-0.008702096937911477,0.0,1.119309550772047
2006-02-14,0.01106920343336465,0.0,0.01106920343336465,0.0,1.1316994158944507
2006-02-15,0.0002947516384119858,2.5e-05,0.0002697516384119858,0.125,1.1320046936660781
2006-02-16,0.01027191475155717,0.0,0.01027191475155717,0.0,1.1436325493777786
2006-02-17,0.0012258846614214003,0.0,0.0012258846614214003,0.0,1.145034510978363
2006-02-21,-0.003332772248533525,0.0,-0.003332772248533525,0.0,1.1412183717365612
2006-02-22,0.007547255114076945,0.0,0.007547255114076945,0.0,1.1498314379289285
2006-02-23,-0.0024246446828569967,0.0,-0.0024246446828569967,0.0,1.1470435052467722
2006-02-24,0.003741971967958682,0.0,0.003741971967958682,0.0,1.1513357098894348
2006-02-27,0.0022314277071958794,0.0,0.0022314277071958794,0.0,1.1539048322927663
2006-02-28,-0.007013906948333509,0.0,-0.007013906948333509,0.0,1.1458114511718325
2006-03-01,0.009866280018476808,0.0,0.009866280018476808,0.0,1.157116347797471
2006-03-02,-0.0001781699965695549,0.0,-0.0001781699965695549,0.0,1.1569101843817535
2006-03-03,-0.006949763026220648,0.0,-0.006949763026220648,0.0,1.148869932757679
2006-03-06,-0.0061839742466712755,0.0,-0.0061839742466712755,0.0,1.1417653506807306
2006-03-07,-0.010713340880155978,0.0,-0.010713340880155978,0.0,1.129533229273737
2006-03-08,0.00030211606969905713,0.0,0.00030211606969905713,0.0,1.1298744794135596
2006-03-09,-0.002722266275019647,0.0,-0.002722266275019647,0.0,1.1267986602232465
2006-03-10,0.007490158433150859,0.0,0.007490158433150859,0.0,1.1352385607105806
2006-03-13,0.001960922035924184,0.0,0.001960922035924184,0.0,1.1374646750203088
2006-03-14,0.013059515949913947,0.0,0.013059515949913947,0.0,1.1523194130862002
2006-03-15,0.006916161984742417,0.0,0.006916161984742417,0.0,1.1602890408052677
2006-03-16,0.001145493999640576,0.0,0.001145493999640576,0.0,1.1616181449393588
2006-03-17,0.0030517617468830277,2.5e-05,0.003026761746883028,0.125,1.1651340863049466
2006-03-20,-0.0009951723081141062,0.0,-0.0009951723081141062,0.0,1.1639745771270162
2006-03-21,-0.009886227241078946,0.0,-0.009886227241078946,0.0,1.1524672599547
2006-03-22,0.005644974010231202,0.0,0.005644974010231202,0.0,1.1589729076847866
2006-03-23,-0.002529456133111882,0.0,-0.002529456133111882,0.0,1.1560413365553328
2006-03-24,0.0059770029266653785,0.0,0.0059770029266653785,0.0,1.1629509990072704
2006-03-27,0.0004992511549625905,0.0,0.0004992511549625905,0.0,1.1635316036366896
2006-03-28,-0.0047663272669764,0.0,-0.0047663272669764,0.0,1.1579858312282871
2006-03-29,0.014088918330997735,0.0,0.014088918330997735,0.0,1.1743005990329152
2006-03-30,0.003531683972143526,0.0,0.003531683972143526,0.0,1.1784478576369983
2006-03-31,-0.0017587645085580111,0.0,-0.0017587645085580111,0.0,1.1763752453698002
2006-04-03,0.00256124154023403,0.0,0.00256124154023403,0.0,1.1793882265151443
2006-04-04,0.0026152594995795947,0.0,0.0026152594995795947,0.0,1.1824726327782304
2006-04-05,0.005342908967591986,0.0,0.005342908967591986,0.0,1.1887904764118333
2006-04-06,0.0007688354824660487,0.0,0.0007688354824660487,0.0,1.1897044607113163
2006-04-07,-0.01114521688234825,0.0,-0.01114521688234825,0.0,1.1764449464707916
2006-04-10,0.0006486907388810748,0.0,0.0006486907388810748,0.0,1.1772080954123707
2006-04-11,-0.007730870809632556,0.0,-0.007730870809632556,0.0,1.168107251710684
2006-04-12,0.0025723476087939484,0.0,0.0025723476087939484,0.0,1.171112029606437
2006-04-13,8.613551435260325e-05,0.0,8.613551435260325e-05,0.0,1.1712129039434718
2006-04-17,0.0037736413521253648,0.0,0.0037736413521253648,0.0,1.1756326413899358
2006-04-18,0.019194491562694704,0.0,0.019194491562694704,0.0,1.1981983122059234
2006-04-19,0.008714756382570799,0.0,0.008714756382570799,0.0,1.2086403185948054
2006-04-20,-0.007272241336684929,0.0,-0.007272241336684929,0.0,1.1998507945087362
2006-04-21,0.004701707322769644,0.0,0.004701707322769644,0.0,1.2054921417755087
2006-04-24,-0.0065591451026677655,0.0,-0.0065591451026677655,0.0,1.1975851438974774
2006-04-25,-0.0011542734040181496,0.0,-0.0011542734040181496,0.0,1.1962028032168293
2006-04-26,0.004489749626588421,0.0,0.004489749626588421,0.0,1.201573454305896
2006-04-27,-0.001549652897515491,0.0,-0.001549652897515491,0.0,1.199711432520853
2006-04-28,0.00640991137916487,0.0,0.00640991137916487,0.0,1.2074014764838827
2006-05-01,-0.005245161442916091,0.0,-0.005245161442916091,0.0,1.2010684608133095
2006-05-02,0.008492894852847238,0.0,0.008492894852847238,0.0,1.2112690089620681
2006-05-03,-0.0013975329468688402,0.0,-0.0013975329468688402,0.0,1.2095762206145224
2006-05-04,0.008875031721660737,0.0,0.008875031721660737,0.0,1.2203112479422429
2006-05-05,0.00927553633438949,0.0,0.00927553633438949,0.0,1.2316302892617954
2006-05-08,0.0007042952855862983,0.0,0.0007042952855862983,0.0,1.2324977206681078
2006-05-09,0.004321215520613361,0.0,0.004321215520613361,0.0,1.2378236089477794
2006-05-10,-0.0028606168874033694,0.0,-0.0028606168874033694,0.0,1.2342826698283969
2006-05-11,-0.012722046655659028,0.0,-0.012722046655659028,0.0,1.2185800681165686
2006-05-12,-0.012629836944259926,0.0,-0.012629836944259926,0.0,1.2031896005527312
2006-05-15,-0.009274249417659156,0.0,-0.009274249417659156,0.0,1.1920309201004713
2006-05-16,0.0012742899955894282,0.0,0.0012742899955894282,0.0,1.1935499131763885
2006-05-17,-0.017808649269823673,0.0,-0.017808649269823673,0.0,1.1722944013866017
2006-05-18,-0.0076848350982737235,0.0,-0.0076848350982737235,0.0,1.1632855122253163
2006-05-19,0.0030850223978524244,0.0,0.0030850223978524244,0.0,1.1668742740856286
2006-05-22,-0.013052168447119428,0.0,-0.013052168447119428,0.0,1.1516440345036527
2006-05-23,-0.004417382032499709,0.0,-0.004417382032499709,0.0,1.1465567828378007
2006-05-24,-0.0023135892262666213,0.0,-0.0023135892262666213,0.0,1.1439041214177241
2006-05-25,0.01641584717080863,0.0,0.01641584717080863,0.0,1.1626822766529756
2006-05-26,0.004699606657826483,0.0,0.004699606657826483,0.0,1.1681464260212708
2006-05-30,-0.016646218178033495,0.0,-0.016646218178033495,0.0,1.1487012057498307
2006-05-31,0.00570922934770518,0.0,0.00570922934770518,0.0,1.155259404385442
2006-06-01,0.008997818893134571,0.0,0.008997818893134571,0.0,1.1656542192806927
2006-06-02,0.005678759433776229,0.0,0.005678759433776229,0.0,1.172273689174954
2006-06-05,-0.015987534189484995,0.0,-0.015987534189484995,0.0,1.1535319234898356
2006-06-06,-0.00632203888718906,0.0,-0.00632203888718906,0.0,1.1462392498119187
2006-06-07,-0.007211043805783635,0.0,-0.007211043805783635,0.0,1.1379736683696164
2006-06-08,-0.008201259999971636,0.0,-0.008201259999971636,0.0,1.1286408504421956
2006-06-09,-0.004211874414358427,0.0,-0.004211874414358427,0.0,1.1238871569212183
2006-06-12,-0.014776097234439511,0.0,-0.014776097234439511,0.0,1.1072804910100127
2006-06-13,-0.020852409719695833,0.0,-0.020852409719695833,0.0,1.084191024536846
2006-06-14,0.007401787491913225,0.0,0.007401787491913225,0.0,1.0922159761011074
2006-06-15,0.0283485136228753,0.0,0.0283485136228753,0.0,1.1231786755787319
2006-06-16,-0.004640271068765495,0.0,-0.004640271068765495,0.0,1.1179668220653896
2006-06-19,-0.01243315496693842,2.5e-05,-0.01245815496693842,0.125,1.1040390181482032
2006-06-20,0.003993092708076587,0.0,0.003993092708076587,0.0,1.1084475483010028
2006-06-21,0.012478584999776249,0.0,0.012478584999776249,0.0,1.1222794052502703
2006-06-22,-0.006081144251278661,0.0,-0.006081144251278661,0.0,1.115454662296704
2006-06-23,-0.00022661475293170308,0.0,-0.00022661475293170308,0.0,1.1152018838140012
2006-06-26,0.005042429932638953,0.0,0.005042429932638953,0.0,1.1208252111738803
2006-06-27,-0.00932960447425947,0.0,-0.00932960447425947,0.0,1.1103683552688497
2006-06-28,0.006800644758759716,0.0,0.006800644758759716,0.0,1.1179195760044014
2006-06-29,0.026474327123108654,0.0,0.026474327123108654,0.0,1.1475157445568689
2006-06-30,0.007094122826981519,0.0,0.007094122826981519,0.0,1.1556563621946503
2006-07-03,0.009756346813456163,0.0,0.009756346813456163,0.0,1.1669313464613982
2006-07-05,-0.008356875865322466,0.0,-0.008356875865322466,0.0,1.1571794460556666
2006-07-06,0.0055377624236196965,0.0,0.0055377624236196965,0.0,1.1635876309094186
2006-07-07,-0.006903946716259116,0.0,-0.006903946716259116,0.0,1.1555542839059219
2006-07-10,0.0020692940196241627,0.0,0.0020692940196241627,0.0,1.1579454654749595
2006-07-11,0.006404968931027655,0.0,0.006404968931027655,0.0,1.165362070205151
2006-07-12,-0.0065404403620768214,0.0,-0.0065404403620768214,0.0,1.1577400890847478
2006-07-13,-0.012487240420173684,0.0,-0.012487240420173684,0.0,1.1432831102482732
2006-07-14,-0.0030472312018956227,0.0,-0.0030472312018956227,0.0,1.1397992622821245
2006-07-17,-0.007676673125231917,0.0,-0.007676673125231917,0.0,1.131049395917204
2006-07-18,0.002863266026387465,0.0,0.002863266026387465,0.0,1.1342878912266998
2006-07-19,0.019649355700110255,0.0,0.019649355700110255,0.0,1.1565759174677412
2006-07-20,-0.01225467096609592,0.0,-0.01225467096609592,0.0,1.1424024601518636
2006-07-21,-0.00880762570078275,0.0,-0.00880762570078275,0.0,1.1323406068831927
2006-07-24,0.015065648708066079,0.0,0.015065648708066079,0.0,1.1494000526843733
2006-07-25,0.002199079494197287,2.5e-05,0.002174079494197287,0.125,1.1518989397695438
2006-07-26,0.0024010729205054537,2.5e-05,0.002376072920505454,0.125,1.1546359356474891
2006-07-27,0.0021879241140477235,2.5e-05,0.0021629241140477236,0.125,1.157133325555647
2006-07-28,0.004739757575772802,0.0,0.004739757575772802,0.0,1.1626178570016286
2006-07-31,-0.0007515207514896399,0.0,-0.0007515207514896399,0.0,1.1617441255560395
2006-08-01,0.0007701639714580849,0.0,0.0007701639714580849,0.0,1.1626388590255958
2006-08-02,0.001973392128178403,0.0,0.001973392128178403,0.0,1.1649332013979112
2006-08-03,-0.00023590816065521825,0.0,-0.00023590816065521825,0.0,1.1646583841490832
2006-08-04,0.0023799729318934038,0.0,0.0023799729318934038,0.0,1.1674302395782608
2006-08-07,-0.0015771359402632773,0.0,-0.0015771359402632773,0.0,1.1655890433896716
2006-08-08,-0.003318812882899577,0.0,-0.003318812882899577,0.0,1.1617206714563033
2006-08-09,0.001133037171037951,0.0,0.001133037171037951,0.0,1.1630369441594264
2006-08-10,-0.002292129794295411,0.0,-0.002292129794295411,0.0,1.1603711125278524
2006-08-11,-0.0029191517330470207,0.0,-0.0029191517330470207,0.0,1.156983813183739
2006-08-14,0.0007052411618784921,0.0,0.0007052411618784921,0.0,1.1577997657924233
2006-08-15,0.0036520592619325998,0.0,0.0036520592619325998,0.0,1.162028119150549
2006-08-16,0.0023405755474420753,0.0,0.0023405755474420753,0.0,1.164747933751673
2006-08-17,-0.0035631691116332215,0.0,-0.0035631691116332215,0.0,1.1605977398912906
2006-08-18,0.0011009053067147223,0.0,0.0011009053067147223,0.0,1.161875448102098
2006-08-21,0.0031995715833446348,0.0,0.0031995715833446348,0.0,1.1655929517692314
2006-08-22,-0.0002552058201623769,0.0,-0.0002552058201623769,0.0,1.1652954856639997
2006-08-23,-0.0018497201243653366,0.0,-0.0018497201243653366,0.0,1.1631400151533349
2006-08-24,-3.2093806540733905e-05,0.0,-3.2093806540733905e-05,0.0,1.1631026855627087
2006-08-25,-0.000142347850786817,0.0,-0.000142347850786817,0.0,1.1629371203951744
2006-08-28,0.0004488848584546373,0.0,0.0004488848584546373,0.0,1.1634591452598548
2006-08-29,0.0009011366354600564,0.0,0.0009011366354600564,0.0,1.1645075809195096
2006-08-30,0.001726177451975397,0.0,0.001726177451975397,0.0,1.1665177276483474
2006-08-31,0.0018567117786769533,2.5e-05,0.0018317117786769532,0.125,1.1686544519101165
2006-09-01,0.0006508947514322766,0.0,0.0006508947514322766,0.0,1.1694151229591028
2006-09-05,0.0046226750060354704,0.0,0.0046226750060354704,0.0,1.1748209490196857
2006-09-06,-0.004781013744142554,0.0,-0.004781013744142554,0.0,1.169204113915516
2006-09-07,-0.006298071781032533,0.0,-0.006298071781032533,0.0,1.1618403824793975
2006-09-08,0.00033377883115849605,0.0,0.00033377883115849605,0.0,1.1622281802042542
2006-09-11,-0.0046351401915273455,0.0,-0.0046351401915273455,0.0,1.1568410896544639
2006-09-12,0.00388573893035514,0.0,0.00388573893035514,0.0,1.1613362721127685
2006-09-13,0.0016101122925230305,0.0,0.0016101122925230305,0.0,1.16320615392025
2006-09-14,-0.003539934673949044,0.0,-0.003539934673949044,0.0,1.1590884801230368
2006-09-15,0.0014904179735047984,0.0,0.0014904179735047984,0.0,1.1608160064266944
2006-09-18,0.0014133868163181545,2.5e-05,0.0013883868163181545,0.125,1.1624276680661885
2006-09-19,-0.0019483907676568213,0.0,-0.0019483907676568213,0.0,1.1601628047296595
2006-09-20,0.002545357924426936,0.0,0.002545357924426936,0.0,1.1631158343183037
2006-09-21,0.0009580435183890734,0.0,0.0009580435183890734,0.0,1.164230149904508
2006-09-22,0.001138592954202891,0.0,0.001138592954202891,0.0,1.1655557341502598
2006-09-25,0.0025505573953908955,0.0,0.0025505573953908955,0.0,1.1685285509477372
2006-09-26,0.0010267267351558446,0.0,0.0010267267351558446,0.0,1.1697283104517882
2006-09-27,0.00396414291334482,0.0,0.00396414291334482,0.0,1.1743652806442044
2006-09-28,-0.0002066062136817648,0.0,-0.0002066062136817648,0.0,1.1741226494800912
2006-09-29,-0.0023222621390792952,2.5e-05,-0.002347262139079295,0.125,1.171366675838331
2006-10-02,-0.0008972812629731847,0.0,-0.0008972812629731847,0.0,1.17031563046803
2006-10-03,-0.004582987798740973,0.0,-0.004582987798740973,0.0,1.1649520882129192
2006-10-04,0.006740178408196046,0.0,0.006740178408196046,0.0,1.1728040731244747
2006-10-05,0.003207749088158296,0.0,0.003207749088158296,0.0,1.1765661343206282
2006-10-06,-0.003509729530928582,0.0,-0.003509729530928582,0.0,1.1724367054139126
2006-10-09,0.0012137875016277333,0.0,0.0012137875016277333,0.0,1.1738597944333937
2006-10-10,3.357504006910872e-05,0.0,3.357504006910872e-05,0.0,1.1738992068230274
2006-10-11,-0.0020129528072909825,0.0,-0.0020129528072909825,0.0,1.1715362031191763
2006-10-12,0.008016959675874041,0.0,0.008016959675874041,0.0,1.1809283616184094
2006-10-13,0.00443059807739539,0.0,0.00443059807739539,0.0,1.1861605805469375
2006-10-16,0.003112514452264903,0.0,0.003112514452264903,0.0,1.189852522496597
2006-10-17,-0.0042214620314699886,0.0,-0.0042214620314699886,0.0,1.1848296052498288
2006-10-18,0.002462965164975059,0.0,0.002462965164975059,0.0,1.1877477992939902
2006-10-19,0.0029181486750242958,0.0,0.0029181486750242958,0.0,1.191213823960763
2006-10-20,-0.0030118859977555784,2.5e-05,-0.0030368859977555783,0.125,1.1875962433784437
2006-10-23,0.0010696789772810522,2.5e-05,0.0010446789772810521,0.125,1.1888369002073993
2006-10-24,0.0007058377433423191,0.0,0.0007058377433423191,0.0,1.1896760261622437
2006-10-25,0.0060617072419670015,2.5e-05,0.006036707241967002,0.125,1.1968577520449717
2006-10-26,0.005897866243392225,0.0,0.005897866243392225,0.0,1.2039166589788999
2006-10-27,-0.007229548932355251,0.0,-0.007229548932355251,0.0,1.1952128845823342
2006-10-30,0.0016162593600388686,0.0,0.0016162593600388686,0.0,1.1971446585942795
2006-10-31,0.003534039059423552,0.0,0.003534039059423552,0.0,1.2013754145775322
2006-11-01,-0.006994701554097232,0.0,-0.006994701554097232,0.0,1.1929721520981325
2006-11-02,-0.0021756447843140625,0.0,-0.0021756447843140625,0.0,1.1903766684575883
2006-11-03,-0.0028907580212901296,0.0,-0.0028907580212901296,0.0,1.1869355775548878
2006-11-06,0.011025638794324971,0.0,0.011025638794324971,0.0,1.2000223005051416
2006-11-07,0.0009778061064391746,0.0,0.0009778061064391746,0.0,1.2011956896384386
2006-11-08,0.00272414563936188,0.0,0.00272414563936188,0.0,1.2044679216383873
2006-11-09,-0.0024675526683929083,0.0,-0.0024675526683929083,0.0,1.2014958336043549
2006-11-10,0.003399577221928879,0.0,0.003399577221928879,0.0,1.2055804114725186
2006-11-13,0.0016764222405046686,0.0,0.0016764222405046686,0.0,1.2076014732870277
2006-11-14,0.010074417727249929,0.0,0.010074417727249929,0.0,1.2197673549769639
2006-11-15,0.001689420762928412,0.0,0.001689420762928412,0.0,1.2218280552724041
2006-11-16,-0.0004796938520271049,0.0,-0.0004796938520271049,0.0,1.2212419518660558
2006-11-17,-0.0003174926946025447,0.0,-0.0003174926946025447,0.0,1.220854216467996
2006-11-20,0.0035796433141676576,0.0,0.0035796433141676576,0.0,1.2252244391015492
2006-11-21,0.005436300075846556,0.0,0.005436300075846556,0.0,1.2318851268127662
2006-11-22,0.0040307056703308974,0.0,0.0040307056703308974,0.0,1.2368504931786066
2006-11-24,-0.0012303890522849803,0.0,-0.0012303890522849803,0.0,1.2353286858724863
2006-11-27,-0.013663027309843534,0.0,-0.013663027309843534,0.0,1.2184503563007776
2006-11-28,0.003774100898993299,0.0,0.003774100898993299,0.0,1.223048910885871
2006-11-29,0.008697492010799723,0.0,0.008697492010799723,0.0,1.2336863690171185
2006-11-30,0.0032174472516204866,0.0,0.0032174472516204866,0.0,1.2376556898344742
2006-12-01,-0.0024027658426037796,0.0,-0.0024027658426037796,0.0,1.2346818930180357
2006-12-04,0.010239789124527443,0.0,0.010239789124527443,0.0,1.2473247752384127
2006-12-05,0.0024267940667030558,0.0,0.0024267940667030558,0.0,1.2503517756022131
2006-12-06,-0.003061175757171214,0.0,-0.003061175757171214,0.0,1.2465242290588037
2006-12-07,-0.00354586057200057,0.0,-0.00354586057200057,0.0,1.2421042279429406
2006-12-08,-0.0005421270313973187,0.0,-0.0005421270313973187,0.0,1.2414308496651598
2006-12-11,0.002527370455190886,0.0,0.002527370455190886,0.0,1.244568405316766
2006-12-12,-0.0028148389552660052,0.0,-0.0028148389552660052,0.0,1.241065145686987
2006-12-13,-8.872823234264138e-05,0.0,-8.872823234264138e-05,0.0,1.240955028170388
2006-12-14,0.005284736290907088,0.0,0.005284736290907088,0.0,1.2475131482431436
2006-12-15,-0.0005941246183474302,0.0,-0.0005941246183474302,0.0,1.2467719699700603
2006-12-18,-0.0049437857805769425,0.0,-0.0049437857805769425,0.0,1.2406081964333004
2006-12-19,-0.001695613127971049,0.0,-0.001695613127971049,0.0,1.2385046048887596
2006-12-20,0.00229519967358012,2.5e-05,0.00227019967358012,0.125,1.2413162576385055
2006-12-21,-0.0030934306606782147,0.0,-0.0030934306606782147,0.0,1.2374763318675281
2006-12-22,-0.004235449290145243,0.0,-0.004235449290145243,0.0,1.2322350636161483
2006-12-26,0.006097836852241273,0.0,0.006097836852241273,0.0,1.2397490319976907
2006-12-27,0.006968544745668492,0.0,0.006968544745668492,0.0,1.2483882786005658
2006-12-28,-0.0001643426388390351,0.0,-0.0001643426388390351,0.0,1.2481831151765648
2006-12-29,-0.0008543031433963649,0.0,-0.0008543031433963649,0.0,1.2471167884177352
2007-01-03,0.0010226079696300239,0.0,0.0010226079696300239,0.0,1.2483920999846305
2007-01-04,0.0005439124110269977,0.0,0.0005439124110269977,0.0,1.24907111594164
2007-01-05,-0.015598957062713414,0.0,-0.015598957062713414,0.0,1.229586909235791
2007-01-08,0.002304952859062029,0.0,0.002304952859062029,0.0,1.2324210490976992
2007-01-09,0.0013725928717636116,0.0,0.0013725928717636116,0.0,1.2341126614447022
2007-01-10,0.002141209792707932,0.0,0.002141209792707932,0.0,1.2367551555606926
2007-01-11,0.005963398673039022,0.0,0.005963398673039022,0.0,1.2441304196142373
2007-01-12,0.009737426468898094,0.0,0.009737426468898094,0.0,1.2562450480929503
2007-01-16,0.0007644201231341852,0.0,0.0007644201231341852,0.0,1.2572053470873004
2007-01-17,-0.001043234650448449,0.0,-0.001043234650448449,0.0,1.25589378690649
2007-01-18,-0.006047132748863843,0.0,-0.006047132748863843,0.0,1.2482992304585931
2007-01-19,0.007155126732694694,0.0,0.007155126732694694,0.0,1.2572309696528494
2007-01-22,-0.0047394162235145365,0.0,-0.0047394162235145365,0.0,1.2512724287985717
2007-01-23,0.007968091200952654,0.0,0.007968091200952654,0.0,1.261242681628476
2007-01-24,0.00814130446277235,0.0,0.00814130446277235,0.0,1.2715108423010568
2007-01-25,-0.011180994325401608,0.0,-0.011180994325401608,0.0,1.257294086788602
2007-01-26,0.0014249230292421727,0.0,0.0014249230292421727,0.0,1.2590856340873973
2007-01-29,-0.0010299938906029593,0.0,-0.0010299938906029593,0.0,1.2577887835765413
2007-01-30,0.005824049665592357,0.0,0.005824049665592357,0.0,1.2651142079209161
2007-01-31,0.007043529645768126,0.0,0.007043529645768126,0.0,1.2740250773496895
2007-02-01,0.005557198957452783,0.0,0.005557198957452783,0.0,1.281105088181306
2007-02-02,-0.0013440191070168,0.0,-0.0013440191070168,0.0,1.2793832584646938
2007-02-05,-0.000146283073471698,0.0,-0.000146283073471698,0.0,1.2791961063494972
2007-02-06,0.005843946776019571,0.0,0.005843946776019571,0.0,1.2866716603110953
2007-02-07,0.0051073429094169315,0.0,0.0051073429094169315,0.0,1.2932431336921326
2007-02-08,-0.0006962987086001488,0.0,-0.0006962987086001488,0.0,1.292342650168237
2007-02-09,-0.006709791055274278,0.0,-0.006709791055274278,0.0,1.2836713010137886
2007-02-12,-0.005991696363394819,0.0,-0.005991696363394819,0.0,1.27597993234771
2007-02-13,0.008462223790296153,0.0,0.008462223790296153,0.0,1.2867775600871634
2007-02-14,0.008806280547280401,0.0,0.008806280547280401,0.0,1.2981092842832358
2007-02-15,0.002576364580762436,0.0,0.002576364580762436,0.0,1.301453687065222
2007-02-16,0.0002625958215726476,0.0,0.0002625958215726476,0.0,1.3017954433654157
2007-02-20,0.0021954505693692616,0.0,0.0021954505693692616,0.0,1.3046534709127546
2007-02-21,0.0035854678127317935,0.0,0.0035854678127317935,0.0,1.3093312639394812
2007-02-22,-0.0004913018945232189,0.0,-0.0004913018945232189,0.0,1.3086879870089494
2007-02-23,-0.0023289079763707116,0.0,-0.0023289079763707116,0.0,1.3056401731174236
2007-02-26,0.00010697523599084713,0.0,0.00010697523599084713,0.0,1.305779844283062
2007-02-27,-0.038312229977095574,0.0,-0.038312229977095574,0.0,1.2557525065894333
2007-02-28,0.00935226397513067,0.0,0.00935226397513067,0.0,1.2674966355184896
2007-03-01,-0.0072558387453210554,0.0,-0.0072558387453210554,0.0,1.2582998843209303
2007-03-02,-0.014215292057934897,0.0,-0.014215292057934897,0.0,1.2404127839688426
2007-03-05,-0.016892229907781553,0.0,-0.016892229907781553,0.0,1.2194594460414894
2007-03-06,0.0236265936407635,0.0,0.0236265936407635,0.0,1.2482711188345024
2007-03-07,-0.002730056882825238,0.0,-0.002730056882825238,0.0,1.2448632676748963
2007-03-08,0.00978953747492367,0.0,0.00978953747492367,0.0,1.2570499032849558
2007-03-09,0.0012565108954444432,0.0,0.0012565108954444432,0.0,1.2586294001845508
2007-03-12,0.004121610889084498,0.0,0.004121610889084498,0.0,1.2638169808256734
2007-03-13,-0.01813699445543486,0.0,-0.01813699445543486,0.0,1.2408951392517538
2007-03-14,0.005631733538886435,0.0,0.005631733538886435,0.0,1.247883530025719
2007-03-15,0.003622075218209647,0.0,0.003622075218209647,0.0,1.2524034580350372
2007-03-16,-0.002381013662980269,0.0,-0.002381013662980269,0.0,1.249421468289892
2007-03-19,0.010232090624302331,0.0,0.010232090624302331,0.0,1.262205661981383
2007-03-20,0.00604630560159003,0.0,0.00604630560159003,0.0,1.2698373431457797
2007-03-21,0.015751635044994716,0.0,0.015751635044994716,0.0,1.2898393575415177
2007-03-22,-0.002533459026367396,0.0,-0.002533459026367396,0.0,1.2865716023785903
2007-03-23,-0.000577303219941358,0.0,-0.000577303219941358,0.0,1.285828860449852
2007-03-26,-0.00046933626399363326,0.0,-0.00046933626399363326,0.0,1.2852253743363533
2007-03-27,-0.004643296617170473,0.0,-0.004643296617170473,0.0,1.2792576917033958
2007-03-28,-0.0068567134549009645,0.0,-0.0068567134549009645,0.0,1.2704861882764076
2007-03-29,0.003291557805331885,0.0,0.003291557805331885,0.0,1.274668067005995
2007-03-30,0.0021230791740955435,0.0,0.0021230791740955435,0.0,1.2773742882329402
2007-04-02,0.0030181557627798616,0.0,0.0030181557627798616,0.0,1.2812296028021974
2007-04-03,0.00830755398620553,0.0,0.00830755398620553,0.0,1.2918734868962014
2007-04-04,0.0033060667634588065,0.0,0.0033060667634588065,0.0,1.2961445068938227
2007-04-05,0.0009481222351409718,0.0,0.0009481222351409718,0.0,1.2973734103207646
2007-04-09,-0.0005512883450442679,0.0,-0.0005512883450442679,0.0,1.2966581834804844
2007-04-10,0.004775810729427676,0.0,0.004775810729427676,0.0,1.3028507775455507
2007-04-11,-0.006456012894223234,0.0,-0.006456012894223234,0.0,1.2944395561264679
2007-04-12,0.004320283960619273,0.0,0.004320283960619273,0.0,1.3000319025787923
2007-04-13,0.005266462753587761,0.0,0.005266462753587761,0.0,1.3068784721721993
2007-04-16,0.008737805945583571,0.0,0.008737805945583571,0.0,1.3182977226565007
2007-04-17,0.0011699581943627607,0.0,0.0011699581943627607,0.0,1.3198400758797324
2007-04-18,-0.001419488747908093,0.0,-0.001419488747908093,0.0,1.317966577742983
2007-04-19,-0.004327705862617479,0.0,-0.004327705862617479,0.0,1.3122628060577508
2007-04-20,0.009038050233802275,0.0,0.009038050233802275,0.0,1.3241231032188512
2007-04-23,-0.0010772017848819232,0.0,-0.0010772017848819232,0.0,1.3226967554486604
2007-04-24,-0.0008271939531322298,0.0,-0.0008271939531322298,0.0,1.3216026286907256
2007-04-25,0.00566388676404507,0.0,0.00566388676404507,0.0,1.3290880363266941
2007-04-26,-0.002127228048571142,0.0,-0.002127228048571142,0.0,1.3262607629767997
2007-04-27,-0.0005154739508811401,0.0,-0.0005154739508811401,0.0,1.3255771101014096
2007-04-30,-0.009818472501003206,0.0,-0.009818472501003206,0.0,1.3125619676979197
2007-05-01,-0.0006504934900580239,0.0,-0.0006504934900580239,0.0,1.3117081546826346
2007-05-02,0.0080489805538045,0.0,0.0080489805538045,0.0,1.3222660681119418
2007-05-03,0.004191526671553827,0.0,0.004191526671553827,0.0,1.3278083816033235
2007-05-04,0.003225985848440291,0.0,0.003225985848440291,0.0,1.332091872651816
2007-05-07,0.0014585827568463494,0.0,0.0014585827568463494,0.0,1.3340348388878012
2007-05-08,-0.004764884890898824,0.0,-0.004764884890898824,0.0,1.327678316440052
2007-05-09,0.003883525959929232,0.0,0.003883525959929232,0.0,1.332834389648382
2007-05-10,-0.014148450664059717,0.0,-0.014148450664059717,0.0,1.3139768480430798
2007-05-11,0.01119255030522294,0.0,0.01119255030522294,0.0,1.3286836000147004
2007-05-14,-0.005285312221502525,0.0,-0.005285312221502525,0.0,1.3216610923450327
2007-05-15,-0.0030173596605159586,0.0,-0.0030173596605159586,0.0,1.3176731654801173
2007-05-16,0.0013566363399804965,0.0,0.0013566363399804965,0.0,1.3194607687806246
2007-05-17,-0.006609237836944393,0.0,-0.006609237836944393,0.0,1.3107401387432358
2007-05-18,0.00397992765146872,0.0,0.00397992765146872,0.0,1.31595678966531
2007-05-21,0.0031266893887971214,0.0,0.0031266893887971214,0.0,1.320071377795672
2007-05-22,0.001221431723041802,0.0,0.001221431723041802,0.0,1.3216837548531912
2007-05-23,-0.0011177761639346723,0.0,-0.0011177761639346723,0.0,1.3202064082557565
2007-05-24,-0.012241647077212495,0.0,-0.012241647077212495,0.0,1.3040449073368152
2007-05-25,0.0056189754691607224,0.0,0.0056189754691607224,0.0,1.3113723036818248
2007-05-29,0.006998561997942604,0.0,0.006998561997942604,0.0,1.3205500240515269
2007-05-30,0.007619509002115332,0.0,0.007619509002115332,0.0,1.3306119668475311
2007-05-31,0.0029620717974527533,0.0,0.0029620717974527533,0.0,1.3345533350278833
2007-06-01,0.006509260290310015,0.0,0.006509260290310015,0.0,1.3432402900568812
2007-06-04,0.001561615906791644,0.0,0.001561615906791644,0.0,1.3453379154604774
2007-06-05,-0.005160674826262715,0.0,-0.005160674826262715,0.0,1.3383950639473439
2007-06-06,-0.009850515048776251,0.0,-0.009850515048776251,0.0,1.3252111832287228
2007-06-07,-0.01918125237684666,0.0,-0.01918125237684666,0.0,1.2997919730705931
2007-06-08,0.007773160191431483,0.0,0.007773160191431483,0.0,1.3098954642928076
2007-06-11,0.00020248014993257124,0.0,0.00020248014993257124,0.0,1.3101606921228135
2007-06-12,-0.013708115553240863,0.0,-0.013708115553240863,0.0,1.29220085796188
2007-06-13,0.014130825116703105,0.0,0.014130825116703105,0.0,1.310460722301393
2007-06-14,0.0044350862556196274,2.5e-05,0.004410086255619628,0.125,1.3162399671213438
2007-06-15,0.009073349699745659,0.0,0.009073349699745659,0.0,1.3281826726318176
2007-06-18,-0.0012827188762707248,0.0,-0.0012827188762707248,0.0,1.326478987646497
2007-06-19,0.0021320187755275305,0.0,0.0021320187755275305,0.0,1.3293070657535022
2007-06-20,-0.012842724316767154,0.0,-0.012842724316767154,0.0,1.3122351415756994
2007-06-21,0.005909026575406498,0.0,0.005909026575406498,0.0,1.3199891739004526
2007-06-22,-0.006759730135422873,0.0,-0.006759730135422873,0.0,1.3110664033032058
2007-06-25,-0.00548181930900607,0.0,-0.00548181930900607,0.0,1.303879374178189
2007-06-26,-0.006696754228495097,0.0,-0.006696754228495097,0.0,1.2951476144657137
2007-06-27,0.01228953466381899,0.0,0.01228953466381899,0.0,1.3110643759684526
2007-06-28,0.0005488122285868258,0.0,0.0005488122285868258,0.0,1.3117839041304487
2007-06-29,0.0008504352913073498,2.5e-05,0.0008254352913073499,0.125,1.3128666968594869
2007-07-02,0.009677601290293908,0.0,0.009677601290293908,0.0,1.3255720972989982
2007-07-03,0.00282968559587575,0.0,0.00282968559587575,0.0,1.32932304956902
2007-07-05,0.0002954633308569765,0.0,0.0002954633308569765,0.0,1.3297158157850306
2007-07-06,0.0056897827765983455,0.0,0.0056897827765983455,0.0,1.3372816099314546
2007-07-09,0.0023792197571541746,0.0,0.0023792197571541746,0.0,1.3404632967586825
2007-07-10,-0.008427374876547267,0.0,-0.008427374876547267,0.0,1.3291667100486446
2007-07-11,0.004373284516390213,0.0,0.004373284516390213,0.0,1.3349795342414017
2007-07-12,0.010965757301788781,0.0,0.010965757301788781,0.0,1.349618595816748
2007-07-13,0.0028280145358875186,0.0,0.0028280145358875186,0.0,1.3534353368236216
2007-07-16,-0.002666968679614995,0.0,-0.002666968679614995,0.0,1.3498257671704288
2007-07-17,0.00032696458741414414,0.0,0.00032696458741414414,0.0,1.3502671123954728
2007-07-18,-0.0010876252831719946,0.0,-0.0010876252831719946,0.0,1.3487985277449959
2007-07-19,0.003901718258281256,0.0,0.003901718258281256,0.0,1.3540611595874414
2007-07-20,-0.004887878827715228,0.0,-0.004887878827715228,0.0,1.3474426727140625
2007-07-23,0.004138652328994463,0.0,0.004138652328994463,0.0,1.3530192694696772
2007-07-24,-0.013101965007009705,0.0,-0.013101965007009705,0.0,1.3352920583472758
2007-07-25,-0.0007034154228530015,0.0,-0.0007034154228530015,0.0,1.3343527933194212
2007-07-26,-0.020234089762190655,0.0,-0.020234089762190655,0.0,1.3073533791249663
2007-07-27,-0.011830733584440381,0.0,-0.011830733584440381,0.0,1.2918864295958208
2007-07-30,0.012585378209761688,0.0,0.012585378209761688,0.0,1.308145308916343
2007-07-31,-0.00809162517444037,0.0,-0.00809162517444037,0.0,1.2975602874028895
2007-08-01,0.0022445873746933936,0.0,0.0022445873746933936,0.0,1.3004727748418976
2007-08-02,0.004816452251085443,0.0,0.004816452251085443,0.0,1.3067364398657602
2007-08-03,-0.01617450963704825,0.0,-0.01617450963704825,0.0,1.2856006187260693
2007-08-06,0.007949760184016025,0.0,0.007949760184016025,0.0,1.2958208353373641
2007-08-07,0.005429365416824095,0.0,0.005429365416824095,0.0,1.3028563201671448
2007-08-08,0.013639963219594098,0.0,0.013639963219594098,0.0,1.3206272324546402
2007-08-09,-0.02066175377032199,0.0,-0.02066175377032199,0.0,1.2933407577552807
2007-08-10,-0.0033113568846644126,0.0,-0.0033113568846644126,0.0,1.2890580449328706
2007-08-13,0.001520010044270978,0.0,0.001520010044270978,0.0,1.2910174261088168
2007-08-14,-0.010558819280037948,0.0,-0.010558819280037948,0.0,1.277385806419154
2007-08-15,-0.014056743508061284,0.0,-0.014056743508061284,0.0,1.2594299217774818
2007-08-16,-0.00291518555430062,0.0,-0.00291518555430062,0.0,1.2557584498628622
2007-08-17,0.012908422668918673,0.0,0.012908422668918673,0.0,1.2719683107037583
2007-08-20,0.001498070037027746,0.0,0.001498070037027746,0.0,1.2738738083180723
2007-08-21,0.0012788260974231497,0.0,0.0012788260974231497,0.0,1.2755028713889733
2007-08-22,0.013646334588317738,0.0,0.013646334588317738,0.0,1.2929088103403072
2007-08-23,-0.001031643264716206,0.0,-0.001031643264716206,0.0,1.2915749896742275
2007-08-24,0.011616559422491873,0.0,0.011616559422491873,0.0,1.3065786472903826
2007-08-27,-0.004718544774885924,0.0,-0.004718544774885924,0.0,1.3004134974412331
2007-08-28,-0.01721438309410324,0.0,-0.01721438309410324,0.0,1.2780276813155371
2007-08-29,0.018050679302135164,0.0,0.018050679302135164,0.0,1.3010969491302151
2007-08-30,-0.002544873556396293,0.0,-0.002544873556396293,0.0,1.2977858219100658
2007-08-31,0.010549069667307315,0.0,0.010549069667307315,0.0,1.3114762549586387
2007-09-04,0.009922648592678218,0.0,0.009922648592678218,0.0,1.324489572974235
2007-09-05,-0.006984022598467393,0.0,-0.006984022598467393,0.0,1.3152393078651485
2007-09-06,0.004066052277155924,0.0,0.004066052277155924,0.0,1.3205871396478985
2007-09-07,-0.009484167935955218,0.0,-0.009484167935955218,0.0,1.3080624694414151
2007-09-10,-0.0020624520936146917,0.0,-0.0020624520936146917,0.0,1.305364653262737
2007-09-11,0.011834335225422599,0.0,0.011834335225422599,0.0,1.320812776160866
2007-09-12,-0.000438986811410233,2.5e-05,-0.000463986811410233,0.125,1.320199936452385
2007-09-13,0.0016111616352198627,2.5e-05,0.0015861616352198626,0.125,1.3222939869424057
2007-09-14,-0.00037011550069625254,0.0,-0.00037011550069625254,0.0,1.321804585441361
2007-09-17,-0.001913661931676136,0.0,-0.001913661931676136,0.0,1.3192750983250867
2007-09-18,0.017292185408275318,0.0,0.017292185408275318,0.0,1.3420882479298446
2007-09-19,0.0011325940793033284,0.0,0.0011325940793033284,0.0,1.3436082891333523
2007-09-20,-0.0018363202407841173,0.0,-0.0018363202407841173,0.0,1.3411409940363315
2007-09-21,0.003839549168453346,0.0,0.003839549168453346,0.0,1.3462903708247622
2007-09-24,0.0024229322827083455,0.0,0.0024229322827083455,0.0,1.3495523412261328
2007-09-25,0.0002720232588520749,0.0,0.0002720232588520749,0.0,1.3499194508519845
2007-09-26,0.0031000655348649153,0.0,0.0031000655348649153,0.0,1.3541042896164146
2007-09-27,0.006969499961390402,0.0,0.006969499961390402,0.0,1.3635417194106145
2007-09-28,0.00025428079355153954,0.0,0.00025428079355153954,0.0,1.3638884418810668
2007-10-01,0.00975640621724494,0.0,0.00975640621724494,0.0,1.377195091555064
2007-10-02,-0.001836328595760911,0.0,-0.001836328595760911,0.0,1.3746661088264998
2007-10-03,-0.006613378402054462,0.0,-0.006613378402054462,0.0,1.3655749216723503
2007-10-04,0.004332182484146935,0.0,0.004332182484146935,0.0,1.3714908414288096
2007-10-05,0.009029032817298499,0.0,0.009029032817298499,0.0,1.383874077244695
2007-10-08,-0.003952414672577953,0.0,-0.003952414672577953,0.0,1.3784044330367926
2007-10-09,0.005867492391393878,0.0,0.005867492391393878,0.0,1.3864922105598996
2007-10-10,0.0005588002515907325,0.0,0.0005588002515907325,0.0,1.3872669827559891
2007-10-11,-0.0022965724692018824,0.0,-0.0022965724692018824,0.0,1.3840810235959589
2007-10-12,0.006125221252819571,0.0,0.006125221252819571,0.0,1.392558826097313
2007-10-15,-0.0036060845918283735,0.0,-0.0036060845918283735,0.0,1.3875371411713087
2007-10-16,-0.00581589486804357,0.0,-0.00581589486804357,0.0,1.3794673710327505
2007-10-17,0.006538443707223451,0.0,0.006538443707223451,0.0,1.3884869407841995
2007-10-18,0.004221312931015395,0.0,0.004221312931015395,0.0,1.3943481786618779
2007-10-19,-0.013109896006419292,0.0,-0.013109896006419292,0.0,1.3760684190428805
2007-10-22,0.001177011042616069,0.0,0.001177011042616069,0.0,1.3776880667674893
2007-10-23,0.009749149542825908,0.0,0.009749149542825908,0.0,1.3911193537537723
2007-10-24,-0.0008552408920317889,0.0,-0.0008552408920317889,0.0,1.3899296115967452
2007-10-25,0.0012028162569863998,0.0,0.0012028162569863998,0.0,1.3916014415296405
2007-10-26,0.01178110213580659,0.0,0.01178110213580659,0.0,1.4079960402446368
2007-10-29,0.005888199324622173,0.0,0.005888199324622173,0.0,1.4162866015778761
2007-10-30,-0.005269232951393407,0.0,-0.005269232951393407,0.0,1.408823857548225
2007-10-31,0.008505620544525083,0.0,0.008505620544525083,0.0,1.4208067786946044
2007-11-01,-0.01241291659870633,0.0,-0.01241291659870633,0.0,1.4031704226477917
2007-11-02,0.005966018615199742,0.0,0.005966018615199742,0.0,1.4115417635096061
2007-11-05,-0.008271929247433585,0.0,-0.008271929247433585,0.0,1.3998655899120571
2007-11-06,0.011753547009899043,0.0,0.011753547009899043,0.0,1.4163189759306285
2007-11-07,-0.011148219679492144,0.0,-0.011148219679492144,0.0,1.4005295408507206
2007-11-08,-0.003800780473279336,0.0,-0.003800780473279336,0.0,1.3952064355196043
2007-11-09,-0.010279215765695182,0.0,-0.010279215765695182,0.0,1.3808648075312118
2007-11-12,-0.018831925749600506,0.0,-0.018831925749600506,0.0,1.3548604640055477
2007-11-13,0.0220003000591215,0.0,0.0220003000591215,0.0,1.3846678007519104
2007-11-14,-5.410740164715766e-05,0.0,-5.410740164715766e-05,0.0,1.3845928799750673
2007-11-15,-0.009869353807844553,0.0,-0.009869353807844553,0.0,1.370927842962771
2007-11-16,0.003172264157593474,0.0,0.003172264157593474,0.0,1.3752767882216488
2007-11-19,-0.012258019488729413,0.0,-0.012258019488729413,0.0,1.3584186185492306
2007-11-20,0.010970943661246041,0.0,0.010970943661246041,0.0,1.3733217526817219
2007-11-21,-0.012602867534797377,0.0,-0.012602867534797377,0.0,1.3560139605500183
2007-11-23,0.013694779005858804,0.0,0.013694779005858804,0.0,1.3745842720686101
2007-11-26,-0.009289815716188893,0.0,-0.009289815716188893,0.0,1.361814637494721
2007-11-27,0.007380624474391181,0.0,0.007380624474391181,0.0,1.3718656799377988
2007-11-28,0.016529730607890744,0.0,0.016529730607890744,0.0,1.3945422500573814
2007-11-29,-0.002926711886930916,0.0,-0.002926711886930916,0.0,1.390460826677311
2007-11-30,-8.231324901203374e-05,0.0,-8.231324901203374e-05,0.0,1.3903463733290433
2007-12-03,-0.0008793910554243944,0.0,-0.0008793910554243944,0.0,1.389123715164396
2007-12-04,-0.0009708885235311937,0.0,-0.0009708885235311937,0.0,1.387775030891578
2007-12-05,0.008631312518899287,0.0,0.008631312518899287,0.0,1.3997533508891282
2007-12-06,0.0068200542393339475,0.0,0.0068200542393339475,0.0,1.4092997446638815
2007-12-07,-0.004588150960003756,0.0,-0.004588150960003756,0.0,1.4028336646874688
2007-12-10,0.004273147028260982,0.0,0.004273147028260982,0.0,1.4088281791928727
2007-12-11,-0.014240700859438876,0.0,-0.014240700859438876,0.0,1.3887654785306391
2007-12-12,0.009939349719017304,0.0,0.009939349719017304,0.0,1.4025689042994534
2007-12-13,-0.01136851714600097,0.0,-0.01136851714600097,0.0,1.3866237756624773
2007-12-14,-0.009773029925718504,0.0,-0.009773029925718504,0.0,1.3730722600072152
2007-12-17,-0.012314866480795467,0.0,-0.012314866480795467,0.0,1.3561630584567421
2007-12-18,0.008696143653545041,0.0,0.008696143653545041,0.0,1.367956447230713
2007-12-19,0.0014048231292382168,0.0,0.0014048231292382168,0.0,1.3698781840875733
2007-12-20,0.0037502117438080323,0.0,0.0037502117438080323,0.0,1.375015517341125
2007-12-21,0.010267080921895697,0.0,0.010267080921895697,0.0,1.3891329129265284
2007-12-24,0.003969910445358535,0.0,0.003969910445358535,0.0,1.3946476461875468
2007-12-26,0.0029444290974192933,0.0,0.0029444290974192933,0.0,1.3987540872976285
2007-12-27,-0.005293207739182723,0.0,-0.005293207739182723,0.0,1.3913501913375312
2007-12-28,0.005262054427713034,0.0,0.005262054427713034,0.0,1.3986715517723585
2007-12-31,-0.004707710674042104,0.0,-0.004707710674042104,0.0,1.3920870107786008
2008-01-02,0.0009532717244157968,2.5e-05,0.0009282717244157968,0.125,1.3933792457886331
2008-01-03,0.0027268509004681613,0.0,0.0027268509004681613,0.0,1.3971787832397053
2008-01-04,-0.012692657566721513,0.0,-0.012692657566721513,0.0,1.379444871384555
2008-01-07,0.0004674715628925352,0.0,0.0004674715628925352,0.0,1.3800897226345052
2008-01-08,-0.0020954644208774215,0.0,-0.0020954644208774215,0.0,1.3771977937231061
2008-01-09,0.007570048299880991,0.0,0.007570048299880991,0.0,1.3876232475400796
2008-01-10,0.0022922349799816416,0.0,0.0022922349799816416,0.0,1.3908040060871267
2008-01-11,-0.007014451579035741,0.0,-0.007014451579035741,0.0,1.3810482787304996
2008-01-14,0.007831958110523396,0.0,0.007831958110523396,0.0,1.391864590998127
2008-01-15,-0.01392305534227227,0.0,-0.01392305534227227,0.0,1.372485583268711
2008-01-16,-0.011799621655106729,0.0,-0.011799621655106729,0.0,1.3562907726590518
2008-01-17,-0.005927492385357808,0.0,-0.005927492385357808,0.0,1.3482513694317841
2008-01-18,0.003876735757101013,0.0,0.003876735757101013,0.0,1.3534781837252208
2008-01-22,-0.007442494731565441,0.0,-0.007442494731565441,0.0,1.343404929473557
2008-01-23,-0.0003674268443182166,2.5e-05,-0.0003924268443182166,0.125,1.3428777413164423
2008-01-24,0.005593261280367967,0.0,0.005593261280367967,0.0,1.3503888073912156
2008-01-25,-0.002050567462411612,0.0,-0.002050567462411612,0.0,1.3476197440411744
2008-01-28,0.005597427589017018,0.0,0.005597427589017018,0.0,1.3551629479759744
2008-01-29,-0.0020546479884371444,0.0,-0.0020546479884371444,0.0,1.352378565150911
2008-01-30,-0.00132635607703889,0.0,-0.00132635607703889,0.0,1.350584829622566
2008-01-31,0.00463859618099377,0.0,0.00463859618099377,0.0,1.3568496472553615
2008-02-01,0.0017146449802145358,0.0,0.0017146449802145358,0.0,1.3591761626919339
2008-02-04,-0.0030059053890757054,0.0,-0.0030059053890757054,0.0,1.3550906077397948
2008-02-05,-0.011326525013576533,0.0,-0.011326525013576533,0.0,1.3397421400755674
2008-02-06,-0.0006182038689100805,2.5e-05,-0.0006432038689100805,0.125,1.338880412747729
2008-02-07,0.0006911218381673301,0.0,0.0006911218381673301,0.0,1.3398057422396734
2008-02-08,0.0027943659634464407,0.0,0.0027943659634464407,0.0,1.343549649803418
2008-02-11,0.0025230877911211202,0.0,0.0025230877911211202,0.0,1.346939543521602
2008-02-12,-0.001465515546636445,0.0,-0.001465515546636445,0.0,1.3449655826801918
2008-02-13,0.0016412564082794456,0.0,0.0016412564082794456,0.0,1.347173016061681
2008-02-14,-0.0030675086108416516,0.0,-0.0030675086108416516,0.0,1.3430405512346184
2008-02-15,0.0010710056054965833,0.0,0.0010710056054965833,0.0,1.3444789551933998
2008-02-19,0.003777323845088748,0.0,0.003777323845088748,0.0,1.3495574876100718
2008-02-20,0.004175076667387506,0.0,0.004175076667387506,0.0,1.3551919935878909
2008-02-21,-0.0004138345949862565,0.0,-0.0004138345949862565,0.0,1.3546311682580958
2008-02-22,0.001149295374130166,0.0,0.001149295374130166,0.0,1.3561880395934274
2008-02-25,0.00018090588930616547,0.0,0.00018090588930616547,0.0,1.3564333819967962
2008-02-26,0.0029997828358411527,0.0,0.0029997828358411527,0.0,1.3605023875740723
2008-02-27,0.0025918751705442666,0.0,0.0025918751705442666,0.0,1.3640286399318917
2008-02-28,0.0024727040954899,0.0,0.0024727040954899,0.0,1.3674014791362168
2008-02-29,-0.0028090556160992597,0.0,-0.0028090556160992597,0.0,1.3635603723317868
2008-03-03,0.0017357914320319107,0.0,0.0017357914320319107,0.0,1.3659272287431388
2008-03-04,-0.006765773211020093,0.0,-0.006765773211020093,0.0,1.3566856748907055
2008-03-05,0.0044649841612393465,0.0,0.0044649841612393465,0.0,1.362743254940873
2008-03-06,-0.005177743775493779,0.0,-0.005177743775493779,0.0,1.3556873195350068
2008-03-07,-0.002097205251516382,0.0,-0.002097205251516382,0.0,1.352844164969064
2008-03-10,-0.000636729338029593,0.0,-0.000636729338029593,0.0,1.351982769399446
2008-03-11,0.007495184026806684,0.0,0.007495184026806684,0.0,1.3621161290571666
2008-03-12,0.0037395763918768032,2.5e-05,0.0037145763918768034,0.125,1.367175813473157
2008-03-13,0.0007357499549716651,0.0,0.0007357499549716651,0.0,1.3681817130163583
2008-03-14,0.0020155113806502867,0.0,0.0020155113806502867,0.0,1.3709392988297404
2008-03-17,0.0015429856400877018,0.0,0.0015429856400877018,0.0,1.3730546384812665
2008-03-18,-0.003848501000254495,0.0,-0.003848501000254495,0.0,1.3677704363316674
2008-03-19,-0.002410758302751531,0.0,-0.002410758302751531,0.0,1.3644730723960228
2008-03-20,-0.003895737055717191,0.0,-0.003895737055717191,0.0,1.3591574440863612
2008-03-24,-0.0021540084891438355,0.0,-0.0021540084891438355,0.0,1.3562298074137162
2008-03-25,0.004173355852906624,0.0,0.004173355852906624,0.0,1.3618898370183727
2008-03-26,0.0009199263500157817,0.0,0.0009199263500157817,0.0,1.3631426753652645
2008-03-27,-0.001331880352916412,0.0,-0.001331880352916412,0.0,1.3613271324177236
2008-03-28,-0.0008979862410135597,0.0,-0.0008979862410135597,0.0,1.360104679383294
2008-03-31,-0.001555028770876446,0.0,-0.001555028770876446,0.0,1.3579896774754494
2008-04-01,-0.006942673810152622,0.0,-0.006942673810152622,0.0,1.348561598107183
2008-04-02,0.0037343230623804735,0.0,0.0037343230623804735,0.0,1.3535975627840353
2008-04-03,0.0004889263228740337,0.0,0.0004889263228740337,0.0,1.3542593722630585
2008-04-04,0.0022997690985904207,0.0,0.0022997690985904207,0.0,1.3573738561188655
2008-04-07,0.0006177726373375603,0.0,0.0006177726373375603,0.0,1.358212404545813
2008-04-08,-0.0015598750019891333,0.0,-0.0015598750019891333,0.0,1.3560937629685703
2008-04-09,0.003982132553736584,0.0,0.003982132553736584,0.0,1.3614939080880066
2008-04-10,-0.0011238569723311248,0.0,-0.0011238569723311248,0.0,1.3599637836666156
2008-04-11,0.00020168573059650696,0.0,0.00020168573059650696,0.0,1.360238068955909
2008-04-14,-0.0009917878032311284,0.0,-0.0009917878032311284,0.0,1.3588890014296278
2008-04-15,-0.0007963155265227895,0.0,-0.0007963155265227895,0.0,1.3578068970189683
2008-04-16,0.000971347618743526,0.0,0.000971347618743526,0.0,1.3591257995151014
2008-04-17,-0.0011665279822179325,0.0,-0.0011665279822179325,0.0,1.3575403412386127
2008-04-18,-0.0027277593139538453,0.0,-0.0027277593139538453,0.0,1.353837297928731
2008-04-21,-1.1862949814714363e-05,0.0,-1.1862949814714363e-05,0.0,1.3538212374248084
2008-04-22,0.0004572716110021191,0.0,0.0004572716110021191,0.0,1.3544403014430544
2008-04-23,-0.0018685549734128448,0.0,-0.0018685549734128448,0.0,1.3519094552816022
2008-04-24,-0.0038622192936727806,0.0,-0.0038622192936727806,0.0,1.346688084500115
2008-04-25,-0.0006591920372684412,0.0,-0.0006591920372684412,0.0,1.3458003584381282
2008-04-28,0.0009827999505728213,0.0,0.0009827999505728213,0.0,1.347123010963882
2008-04-29,-0.0022049314266586184,0.0,-0.0022049314266586184,0.0,1.3441526971014328
2008-04-30,0.00211609113149977,0.0,0.00211609113149977,0.0,1.3469970467031505
2008-05-01,-0.003829242999387486,0.0,-0.003829242999387486,0.0,1.3418390676918668
2008-05-02,-0.0006982884335493961,0.0,-0.0006982884335493961,0.0,1.340902076991213
2008-05-05,0.0024976276534425523,0.0,0.0024976276534425523,0.0,1.3442511510992647
2008-05-06,-0.00037887232191533005,0.0,-0.00037887232191533005,0.0,1.3437418515444104
2008-05-07,-0.0006327141539307357,0.0,-0.0006327141539307357,0.0,1.342891647055709
2008-05-08,0.003190494738301325,0.0,0.003190494738301325,0.0,1.347176135789749
2008-05-09,0.0007190302276801896,0.0,0.0007190302276801896,0.0,1.3481447961533912
2008-05-12,-0.000804085506903085,0.0,-0.000804085506903085,0.0,1.3470607724615975
2008-05-13,-0.003665977705528914,0.0,-0.003665977705528914,0.0,1.3421224777017609
2008-05-14,-0.00022346238509031446,0.0,-0.00022346238509031446,0.0,1.3418225638118104
2008-05-15,0.003776167855367135,0.0,0.003776167855367135,0.0,1.3468895110448829
2008-05-16,0.0018451851771403294,2.5e-05,0.0018201851771403293,0.125,1.3493410993681323
2008-05-19,0.0007718824743078445,0.0,0.0007718824743078445,0.0,1.350382632114598
2008-05-20,0.0010787950018394943,0.0,0.0010787950018394943,0.0,1.3518394181486941
2008-05-21,-0.0015234743006267565,0.0,-0.0015234743006267565,0.0,1.3497799255365703
2008-05-22,-0.0038709644564663415,0.0,-0.0038709644564663415,0.0,1.3445549754207666
2008-05-23,0.0002956945233479752,0.0,0.0002956945233479752,0.0,1.3449525529633386
2008-05-27,-0.0016906693782782894,0.0,-0.0016906693782782894,0.0,1.3426786828668063
2008-05-28,-0.001209261427190883,0.0,-0.001209261427190883,0.0,1.3410550333265039
2008-05-29,-0.0029649315740866017,2.5e-05,-0.0029899315740866015,0.125,1.3370453705397733
2008-05-30,0.0020291034167785466,0.0,0.0020291034167785466,0.0,1.3397583738695236
2008-06-02,-0.0023708484438604155,0.0,-0.0023708484438604155,0.0,1.336582009813686
2008-06-03,-0.002067189932903696,0.0,-0.002067189932903696,0.0,1.3338190409384991
2008-06-04,-0.0018857958415492565,0.0,-0.0018857958415492565,0.0,1.331303730537718
2008-06-05,0.0058045169122837165,0.0,0.0058045169122837165,0.0,1.3390313055570107
2008-06-06,-0.004366658925375216,0.0,-0.004366658925375216,0.0,1.3331842125552433
2008-06-09,-0.004298947398895053,0.0,-0.004298947398895053,0.0,1.327452923752431
2008-06-10,-0.0071033097312187266,0.0,-0.0071033097312187266,0.0,1.3180236144814057
2008-06-11,-0.0019086129644021177,0.0,-0.0019086129644021177,0.0,1.3155080175234184
2008-06-12,-0.001278727568011756,0.0,-0.001278727568011756,0.0,1.3138258411554709
2008-06-13,0.0035031756381504325,0.0,0.0035031756381504325,0.0,1.3184284038349794
2008-06-16,0.0038302147803175868,0.0,0.0038302147803175868,0.0,1.3234782677941386
2008-06-17,-0.002416280908783236,0.0,-0.002416280908783236,0.0,1.320280372522478
2008-06-18,7.87884024953528e-05,0.0,7.87884024953528e-05,0.0,1.320384395303875
2008-06-19,0.00255160300977314,0.0,0.00255160300977314,0.0,1.32375349210099
2008-06-20,-0.005414710211511992,0.0,-0.005414710211511992,0.0,1.316585750549786
2008-06-23,-0.005082342523489353,0.0,-0.005082342523489353,0.0,1.3098944108039465
2008-06-24,0.0009040441689524004,0.0,0.0009040441689524004,0.0,1.311078613207977
2008-06-25,0.004533446100844246,0.0,0.004533446100844246,0.0,1.317022317434925
2008-06-26,-0.008102815105799563,2.5e-05,-0.008127815105799564,0.125,1.3063178035486023
2008-06-27,0.002882827080509326,0.0,0.002882827080509326,0.0,1.3100836918884236
2008-06-30,-0.00026488177544661817,0.0,-0.00026488177544661817,0.0,1.3097366745941326
2008-07-01,0.0008621461571121508,0.0,0.0008621461571121508,0.0,1.3108658590349627
2008-07-02,-0.006765117989749839,0.0,-0.006765117989749839,0.0,1.3019976968298563
2008-07-03,-0.0036201209850788008,0.0,-0.0036201209850788008,0.0,1.2972843076450382
2008-07-07,-0.003049929588410119,0.0,-0.003049929588410119,0.0,1.2933276818505715
2008-07-08,0.012605183257763733,2.5e-05,0.012580183257763732,0.125,1.3095979811005902
2008-07-09,-0.010415878089119965,0.0,-0.010415878089119965,0.0,1.295957368183689
2008-07-10,0.0066573352762054755,0.0,0.0066573352762054755,0.0,1.3045849908873564
2008-07-11,-0.002201964328869488,0.0,-0.002201964328869488,0.0,1.3017123412734437
2008-07-14,-0.0031888120038374296,0.0,-0.0031888120038374296,0.0,1.2975614253340475
2008-07-15,-0.0009131763005142124,2.5e-05,-0.0009381763005142123,0.125,1.2963440839563376
2008-07-16,0.004610161811515814,0.0,0.004610161811515814,0.0,1.3023204399467774
2008-07-17,-0.0009350179573661271,2.5e-05,-0.0009600179573661271,0.125,1.3010701889381835
2008-07-18,-0.0005345234497865087,0.0,-0.0005345234497865087,0.0,1.3003747364123779
2008-07-21,0.0017447554235126006,0.0,0.0017447554235126006,0.0,1.302643572286332
2008-07-22,-0.003326565202873749,0.0,-0.003326565202873749,0.0,1.2983102435070173
2008-07-23,-0.0033446135948501238,2.5e-05,-0.0033696135948501236,0.125,1.293935439660163
2008-07-24,0.001048915395262362,0.0,0.001048915395262362,0.0,1.2952926684632982
2008-07-25,0.0004927195378489901,0.0,0.0004927195378489901,0.0,1.2959308844682826
2008-07-28,5.453282045786434e-05,0.0,5.453282045786434e-05,0.0,1.2960015552345312
2008-07-29,-0.0015534816544798408,0.0,-0.0015534816544798408,0.0,1.293988240594297
2008-07-30,-0.0014764319158834527,0.0,-0.0014764319158834527,0.0,1.2920777550571059
2008-07-31,0.000781955441504778,0.0,0.000781955441504778,0.0,1.29308810228852
2008-08-01,-0.0007077072128436751,0.0,-0.0007077072128436751,0.0,1.292172974511688
2008-08-04,-0.0019956462962598537,0.0,-0.0019956462962598537,0.0,1.2895942543009768
2008-08-05,-0.0029214850987900193,0.0,-0.0029214850987900193,0.0,1.2858267239035515
2008-08-06,0.000813193463466727,0.0,0.000813193463466727,0.0,1.2868723497905807
2008-08-07,-0.0007935177972535901,0.0,-0.0007935177972535901,0.0,1.2858511936782284
2008-08-08,-0.0024102626660007093,0.0,-0.0024102626660007093,0.0,1.2827519545520734
2008-08-11,-0.004885708634119704,0.0,-0.004885708634119704,0.0,1.2764848022522843
2008-08-12,-0.0009398505962692205,0.0,-0.0009398505962692205,0.0,1.275285097249759
2008-08-13,0.0016145072014494832,0.0,0.0016145072014494832,0.0,1.27734405422317
2008-08-14,-0.0033870756967669113,0.0,-0.0033870756967669113,0.0,1.273017593220701
2008-08-15,-0.00270951678288954,0.0,-0.00270951678288954,0.0,1.2695683306869558
2008-08-18,0.0018839460255943852,0.0,0.0018839460255943852,0.0,1.271960128897774
2008-08-19,0.0025856554414524224,0.0,0.0025856554414524224,0.0,1.275248979526369
2008-08-20,-0.000575038457631058,0.0,-0.000575038457631058,0.0,1.2745156623200866
2008-08-21,0.003497385650562679,0.0,0.003497385650562679,0.0,1.2789731351089022
2008-08-22,-0.0018529786990649916,0.0,-0.0018529786990649916,0.0,1.276603225132869
2008-08-25,-0.00023125543057994635,0.0,-0.00023125543057994635,0.0,1.2763080037043613
2008-08-26,0.0005696846280959789,2.5e-05,0.0005446846280959789,0.125,1.2770031890546947
2008-08-27,0.00041266928477831644,0.0,0.00041266928477831644,0.0,1.2775301690473815
2008-08-28,0.0012731610378790281,0.0,0.0012731610378790281,0.0,1.2791566706833277
2008-08-29,-0.001271928841486955,0.0,-0.001271928841486955,0.0,1.277529674421105
2008-09-02,-0.0026767534629539014,0.0,-0.0026767534629539014,0.0,1.274110042441072
2008-09-03,4.061000113982083e-05,0.0,4.061000113982083e-05,0.0,1.274161784051348
2008-09-04,0.0010024188204807438,2.5e-05,0.0009774188204807438,0.125,1.275407173759417
2008-09-05,-6.5394086990897e-05,0.0,-6.5394086990897e-05,0.0,1.2753237696717474
2008-09-08,0.000523646001054423,0.0,0.000523646001054423,0.0,1.2759915878637857
2008-09-09,0.001238599281450009,0.0,0.001238599281450009,0.0,1.2775720301276503
2008-09-10,-0.0007746009657620401,0.0,-0.0007746009657620401,0.0,1.2765824215992827
2008-09-11,-6.50021340734136e-05,0.0,-6.50021340734136e-05,0.0,1.276499441017558
2008-09-12,-0.001611552557464091,0.0,-0.001611552557464091,0.0,1.2744422950787848
2008-09-15,0.004055155321399079,0.0,0.004055155321399079,0.0,1.2796103565334895
2008-09-16,-2.5448761570345813e-05,0.0,-2.5448761570345813e-05,0.0,1.2795777920346232
2008-09-17,-0.005008925940648376,2.5e-05,-0.005033925940648376,0.125,1.2731364921942225
2008-09-18,0.005547123636644363,0.0,0.005547123636644363,0.0,1.2801987377227477
2008-09-19,0.0016038970267613917,0.0,0.0016038970267613917,0.0,1.2822520446718448
2008-09-22,-0.005096556868206786,0.0,-0.005096556868206786,0.0,1.2757169742068004
2008-09-23,-0.0021467744573543113,0.0,-0.0021467744573543113,0.0,1.2729782975917598
2008-09-24,-0.0010404508923449046,0.0,-0.0010404508923449046,0.0,1.2716538261860948
2008-09-25,0.00039078506919892897,0.0,0.00039078506919892897,0.0,1.272150769514558
2008-09-26,0.0014928577293472078,0.0,0.0014928577293472078,0.0,1.2740499096237228
2008-09-29,-0.006238065529595188,0.0,-0.006238065529595188,0.0,1.2661023027995153
2008-09-30,0.0026224990396583187,0.0,0.0026224990396583187,0.0,1.2694226548727163
2008-10-01,-0.0002288798614347859,0.0,-0.0002288798614347859,0.0,1.2691321095913668
2008-10-02,-0.013480289366264109,2.5e-05,-0.01350528936626411,0.125,1.2519921132073182
2008-10-03,-0.006035190500939744,0.0,-0.006035190500939744,0.0,1.244436102298438
2008-10-06,-0.0036693762242588635,2.5e-05,-0.0036943762242588633,0.125,1.2398386871494973
2008-10-07,-0.008583162174553807,0.0,-0.008583162174553807,0.0,1.2291969506274072
2008-10-08,-0.004797049381315643,0.0,-0.004797049381315643,0.0,1.223300432155885
2008-10-09,-0.011311516389830883,0.0,-0.011311516389830883,0.0,1.2094630492678664
2008-10-10,0.005271443859330718,0.0,0.005271443859330718,0.0,1.2158386658320168
2008-10-13,-0.0016023634425316041,2.5e-05,-0.0016273634425316042,0.125,1.2138600544352254
2008-10-14,-0.0008049940697059527,0.0,-0.0008049940697059527,0.0,1.212882904289952
2008-10-15,0.0011954370019197358,0.0,0.0011954370019197358,0.0,1.2143328293927362
2008-10-16,-0.0006447272063497822,0.0,-0.0006447272063497822,0.0,1.2135499159800631
2008-10-17,-0.0008596074425058775,0.0,-0.0008596074425058775,0.0,1.2125067394404343
2008-10-20,0.0009987419128594521,0.0,0.0009987419128594521,0.0,1.213717720740738
2008-10-21,0.0006605048981643824,0.0,0.0006605048981643824,0.0,1.2145193872402762
2008-10-22,0.0025362930965739106,0.0,0.0025362930965739106,0.0,1.217599764377789
2008-10-23,0.0009274264483606631,0.0,0.0009274264483606631,0.0,1.2187289986027907
2008-10-24,-0.0013297061870124194,0.0,-0.0013297061870124194,0.0,1.217108447113057
2008-10-27,9.048515794207734e-05,0.0,9.048515794207734e-05,0.0,1.2172185773631266
2008-10-28,-0.001820811968119146,0.0,-0.001820811968119146,0.0,1.2150022512096468
2008-10-29,-0.0006290101778452656,0.0,-0.0006290101778452656,0.0,1.214238002427531
2008-10-30,-0.001132676993447504,0.0,-0.001132676993447504,0.0,1.2128626629776116
2008-10-31,-0.0016214155170622552,0.0,-0.0016214155170622552,0.0,1.210896108635794
2008-11-03,0.00033800545448187114,0.0,0.00033800545448187114,0.0,1.211305398125324
2008-11-04,0.0023460184242338755,0.0,0.0023460184242338755,0.0,1.2141471429067
2008-11-05,0.0014823003825542858,0.0,0.0014823003825542858,0.0,1.2159468736811079
2008-11-06,-0.0009025116881439532,0.0,-0.0009025116881439532,0.0,1.2148494674154486
2008-11-07,-0.000816889874209456,0.0,-0.000816889874209456,0.0,1.2138570691868282
2008-11-10,0.0006100538421845159,0.0,0.0006100538421845159,0.0,1.2145975873557484
2008-11-11,0.0003694829428828872,0.0,0.0003694829428828872,0.0,1.215046360446743
2008-11-12,0.0008026575319551588,0.0,0.0008026575319551588,0.0,1.2160216265596302
2008-11-13,-0.0029939399994589333,0.0,-0.0029939399994589333,0.0,1.2123809307716662
2008-11-14,0.0024780788597096315,0.0,0.0024780788597096315,0.0,1.2153853063261266
2008-11-17,0.0005515700274201507,0.0,0.0005515700274201507,0.0,1.216055676432863
2008-11-18,0.0016085011296563534,0.0,0.0016085011296563534,0.0,1.21801170336213
2008-11-19,0.0032017643978843047,0.0,0.0032017643978843047,0.0,1.2219114898701613
2008-11-20,0.006457688560898539,0.0,0.006457688560898539,0.0,1.2298022137207263
2008-11-21,-0.001807377681362507,0.0,-0.001807377681362507,0.0,1.2275794966471572
2008-11-24,-0.0019554330167108336,0.0,-0.0019554330167108336,0.0,1.225179047168776
2008-11-25,0.003676814917249638,0.0,0.003676814917249638,0.0,1.2296838037657079
2008-11-26,0.00016779668904118306,0.0,0.00016779668904118306,0.0,1.2298901406365474
2008-11-28,0.0015441721756535576,0.0,0.0015441721756535576,0.0,1.2317893027708289
2008-12-01,0.004786813791486266,0.0,0.004786813791486266,0.0,1.2376856487935377
2008-12-02,0.00047998647283012397,0.0,0.00047998647283012397,0.0,1.2382797211625747
2008-12-03,0.0003527479711907533,0.0,0.0003527479711907533,0.0,1.2387165218219813
2008-12-04,0.0024631129123579287,0.0,0.0024631129123579287,0.0,1.2417676204816324
2008-12-05,-0.002025825424566488,0.0,-0.002025825424566488,0.0,1.2392520160646572
2008-12-08,-0.00027162954973719566,0.0,-0.00027162954973719566,0.0,1.2389153985975228
2008-12-09,0.0024718983667776084,0.0,0.0024718983667776084,0.0,1.2419778715478915
2008-12-10,-0.0003000759108191531,0.0,-0.0003000759108191531,0.0,1.2416051839068696
2008-12-11,0.00024516737495325347,0.0,0.00024516737495325347,0.0,1.2419095849905364
2008-12-12,0.0,0.0,0.0,0.0,1.2419095849905364
2008-12-15,0.0014238606899857065,0.0,0.0014238606899857065,0.0,1.2436778912291209
2008-12-16,0.0030906220130509365,0.0,0.0030906220130509365,0.0,1.2475216294968983
2008-12-17,0.003391669627204552,0.0,0.003391669627204552,0.0,1.2517528107169436
2008-12-18,0.0026228363583757075,0.0,0.0026228363583757075,0.0,1.255035953500591
2008-12-19,0.00013308687248539397,0.0,0.00013308687248539397,0.0,1.255202982310499
2008-12-22,-0.0009610059053872938,0.0,-0.0009610059053872938,0.0,1.253996724832039
2008-12-23,-0.0001649544191952984,0.0,-0.0001649544191952984,0.0,1.2537898725306216
2008-12-24,-0.0002681072384714822,0.0,-0.0002681072384714822,0.0,1.253453722390274
2008-12-26,0.00041356125176889025,0.0,0.00041356125176889025,0.0,1.25397210228074
2008-12-29,-0.000149962929447911,0.0,-0.000149962929447911,0.0,1.253784052950836
2008-12-30,0.0011905187010069762,0.0,0.0011905187010069762,0.0,1.2552767063128984
2008-12-31,-0.0026148772160036055,0.0,-0.0026148772160036055,0.0,1.2519943118537809
2009-01-02,-0.0031420454339577963,0.0,-0.0031420454339577963,0.0,1.2480604888428795
2009-01-05,-0.0032230614787799178,0.0,-0.0032230614787799178,0.0,1.2440379131581027
2009-01-06,-0.0012571325175472492,0.0,-0.0012571325175472492,0.0,1.2424739926444102
2009-01-07,0.0004900802253450798,0.0,0.0004900802253450798,0.0,1.2430829045787108
2009-01-08,-9.989710513488848e-05,0.0,-9.989710513488848e-05,0.0,1.2429587241951008
2009-01-09,0.00018882348055576648,0.0,0.00018882348055576648,0.0,1.2431934239875906
2009-01-12,0.001297430424320345,0.0,0.001297430424320345,0.0,1.244806380959187
2009-01-13,0.00013167379405343294,0.0,0.00013167379405343294,0.0,1.24497028933823
2009-01-14,0.002061002230172748,0.0,0.002061002230172748,0.0,1.247536175881055
2009-01-15,0.00020491911223410875,0.0,0.00020491911223410875,0.0,1.2477918198866966
2009-01-16,-0.001927384691910991,0.0,-0.001927384691910991,0.0,1.2453868450343553
2009-01-20,-2.194998430395112e-05,0.0,-2.194998430395112e-05,0.0,1.2453595088126543
2009-01-21,-0.003948546878431158,0.0,-0.003948546878431158,0.0,1.2404421484116075
2009-01-22,-0.0024058444442886517,0.0,-0.0024058444442886517,0.0,1.23745783756039
2009-01-23,-0.0009788501340953215,0.0,-0.0009788501340953215,0.0,1.2362465517901566
2009-01-26,-0.001091133006671588,0.0,-0.001091133006671588,0.0,1.2348976423731144
2009-01-27,0.002939128309760619,0.0,0.002939128309760619,0.0,1.23852716499347
2009-01-28,-0.0031233225585153845,0.0,-0.0031233225585153845,0.0,1.2346588451597116
2009-01-29,-0.0028747844594454175,0.0,-0.0028747844594454175,0.0,1.2311094670989295
2009-01-30,-0.0003963098721432995,0.0,-0.0003963098721432995,0.0,1.230621566263429
2009-02-02,0.002325679721418311,0.0,0.002325679721418311,0.0,1.233483597884828
2009-02-03,-0.002977024732772532,0.0,-0.002977024732772532,0.0,1.2298114867064556
2009-02-04,-0.0004373736209927759,0.0,-0.0004373736209927759,0.0,1.2292735996033761
2009-02-05,0.0001097060746373113,0.0,0.0001097060746373113,0.0,1.2294084583846439
2009-02-06,-0.00038976520818288785,0.0,-0.00038976520818288785,0.0,1.2289292777409198
2009-02-09,0.0004031987305967155,0.0,0.0004031987305967155,0.0,1.2294247804656981
2009-02-10,0.002716309590769711,0.0,0.002716309590769711,0.0,1.2327642787880069
2009-02-11,0.0016213173742956055,0.0,0.0016213173742956055,0.0,1.234762980931617
2009-02-12,-0.0011767097765401635,0.0,-0.0011767097765401635,0.0,1.2333100232602447
2009-02-13,-0.004158517833478273,2.5e-05,-0.004183517833478273,0.125,1.228150448783728
2009-02-17,0.0078104346984610995,0.0,0.0078104346984610995,0.0,1.237742837663839
2009-02-18,0.0008465665852153137,0.0,0.0008465665852153137,0.0,1.238790669391295
2009-02-19,-0.0035955012445823,0.0,-0.0035955012445823,0.0,1.2343365959977215
2009-02-20,0.003864048219297228,0.0,0.003864048219297228,0.0,1.2391061321235
2009-02-23,0.001065263453318685,0.0,0.001065263453318685,0.0,1.240426106600834
2009-02-24,-0.00396809711015654,0.0,-0.00396809711015654,0.0,1.2355039753518684
2009-02-25,-0.0035286108003292765,0.0,-0.0035286108003292765,0.0,1.231144362680592
2009-02-26,-0.001436332929006065,0.0,-0.001436332929006065,0.0,1.2293760294921137
2009-02-27,-0.0012974007242324836,0.0,-0.0012974007242324836,0.0,1.2277810361410966
2009-03-02,-0.00022455668310858434,0.0,-0.00022455668310858434,0.0,1.227505329704037
2009-03-03,-0.0020585349854618795,0.0,-0.0020585349854618795,0.0,1.2249784670380004
2009-03-04,-0.0020304058691062443,0.0,-0.0020304058691062443,0.0,1.2224912635689975
2009-03-05,0.007690201169154254,0.0,0.007690201169154254,0.0,1.2318924673133766
2009-03-06,-0.0004258773810984495,0.0,-0.0004258773810984495,0.0,1.2313678321756023
2009-03-09,-0.003061092569225571,0.0,-0.003061092569225571,0.0,1.227598501254546
2009-03-10,-0.005753671258160495,0.0,-0.005753671258160495,0.0,1.2205353030413169
2009-03-11,0.002884249263474553,0.0,0.002884249263474553,0.0,1.2240556310901585
2009-03-12,0.0032300381559041136,0.0,0.0032300381559041136,0.0,1.228009377483529
2009-03-13,-0.00035513809019802056,0.0,-0.00035513809019802056,0.0,1.2275732645784643
2009-03-16,-0.0026558226499447807,0.0,-0.0026558226499447807,0.0,1.22431304769793
2009-03-17,-0.0017261983148597476,0.0,-0.0017261983148597476,0.0,1.222199640578133
2009-03-18,0.008970194418351424,0.0,0.008970194418351424,0.0,1.233163008972158
2009-03-19,0.0018476057946698043,0.0,0.0018476057946698043,0.0,1.2354414080933072
2009-03-20,-0.0017006494735741784,0.0,-0.0017006494735741784,0.0,1.2333403553130016
2009-03-23,-0.0030993022476349524,0.0,-0.0030993022476349524,0.0,1.229517860777681
2009-03-24,-0.0003449465223765158,0.0,-0.0003449465223765158,0.0,1.229093742867406
2009-03-25,-0.0002669954695607851,0.0,-0.0002669954695607851,0.0,1.2287655804063948
2009-03-26,0.0013818170671698327,0.0,0.0013818170671698327,0.0,1.2304635096569512
2009-03-27,-0.0007587954753818099,0.0,-0.0007587954753818099,0.0,1.229529839513201
2009-03-30,-0.0005003507988596972,0.0,-0.0005003507988596972,0.0,1.2289146432757787
2009-03-31,0.0013099951041283808,0.0,0.0013099951041283808,0.0,1.2305245154418618
2009-04-01,0.0021793111466267834,0.0,0.0021793111466267834,0.0,1.2332062112345619
2009-04-02,-0.004589926182957366,0.0,-0.004589926182957366,0.0,1.2275458857566306
2009-04-03,-0.004261108571559771,0.0,-0.004261108571559771,0.0,1.22231517946085
2009-04-06,-0.003845316582239175,0.0,-0.003845316582239175,0.0,1.2176149906325464
2009-04-07,0.0024720495556056488,0.0,0.0024720495556056488,0.0,1.2206249952290384
2009-04-08,0.0009199091060114462,0.0,0.0009199091060114462,0.0,1.2217478592771749
2009-04-09,-0.0020007963065442474,0.0,-0.0020007963065442474,0.0,1.2193033906728048
2009-04-13,0.003421908011118968,0.0,0.003421908011118968,0.0,1.2234757347133327
2009-04-14,-7.197616669299411e-05,0.0,-7.197616669299411e-05,0.0,1.223387673619906
2009-04-15,-3.0715762828134596e-05,0.0,-3.0715762828134596e-05,0.0,1.2233500963342763
2009-04-16,-0.0034032441804400793,0.0,-0.0034032441804400793,0.0,1.2191867372382859
2009-04-17,-0.0022330814572320834,0.0,-0.0022330814572320834,0.0,1.2164641939424556
2009-04-20,0.00443037157190998,0.0,0.00443037157190998,0.0,1.2218535823255448
2009-04-21,-0.0013212516735550545,0.0,-0.0013212516735550545,0.0,1.220239206235058
2009-04-22,-5.325479089020313e-05,0.0,-5.325479089020313e-05,0.0,1.220174222651294
2009-04-23,0.0020190597894014922,0.0,0.0020190597894014922,0.0,1.2226378273603133
2009-04-24,3.9985039499659814e-05,0.0,3.9985039499659814e-05,0.0,1.222686714582134
2009-04-27,-0.0004546472670898666,0.0,-0.0004546472670898666,0.0,1.2221308234088422
2009-04-28,-0.0038115733722162842,0.0,-0.0038115733722162842,0.0,1.2174725821049723
2009-04-29,-0.00028106810880165756,0.0,-0.00028106810880165756,0.0,1.2171303893888021
2009-04-30,-0.0019951356789328356,0.0,-0.0019951356789328356,0.0,1.2147020491230192
2009-05-01,-0.001318571009527647,0.0,-0.001318571009527647,0.0,1.2131003782158318
2009-05-04,0.0028413194278227027,0.0,0.0028413194278227027,0.0,1.2165471838883555
2009-05-05,-0.0007039043036556614,0.0,-0.0007039043036556614,0.0,1.2156908510900164
2009-05-06,0.001531835835247769,0.0,0.001531835835247769,0.0,1.217553089900299
2009-05-07,-0.0031912172324511934,0.0,-0.0031912172324511934,0.0,1.213667613498385
2009-05-08,0.0010582242896896576,0.0,0.0010582242896896576,0.0,1.2149519460465987
2009-05-11,0.0013746110398527162,0.0,0.0013746110398527162,0.0,1.216622032404525
2009-05-12,0.001861980454760187,0.0,0.001861980454760187,0.0,1.2188873588496927
2009-05-13,0.0018956505733738471,0.0,0.0018956505733738471,0.0,1.2211979433703741
2009-05-14,0.00040383658976787806,0.0,0.00040383658976787806,0.0,1.2216911077832564
2009-05-15,0.0006759416201076174,0.0,0.0006759416201076174,0.0,1.2225168996499225
2009-05-18,-0.0035629094301931202,0.0,-0.0035629094301931202,0.0,1.2181611826595893
2009-05-19,0.00016962249154860165,0.0,0.00016962249154860165,0.0,1.2183678101945
2009-05-20,0.0030877479376817396,0.0,0.0030877479376817396,0.0,1.222129822887766
2009-05-21,-0.0009757487456290292,0.0,-0.0009757487456290292,0.0,1.2209373312460874
2009-05-22,-0.0004345279228276655,2.5e-05,-0.0004595279228276655,0.125,1.2203762764503572
2009-05-26,-0.0009061018247392416,0.0,-0.0009061018247392416,0.0,1.219270491279397
2009-05-27,-0.001852759446795832,2.5e-05,-0.001877759446795832,0.125,1.2169809945961978
2009-05-28,0.004913794247550951,0.0,0.004913794247550951,0.0,1.2229609888068236
2009-05-29,0.004508683213518105,0.0,0.004508683213518105,0.0,1.2284749324878446
2009-06-01,0.004654063219085722,0.0,0.004654063219085722,0.0,1.234192332486705
2009-06-02,-0.0009816511107160752,0.0,-0.0009816511107160752,0.0,1.232980786212682
2009-06-03,-0.0073372290747276,2.5e-05,-0.0073622290747276,0.125,1.2239032992198464
2009-06-04,0.006135912785932701,0.0,0.006135912785932701,0.0,1.2314130631222746
2009-06-05,-0.00287643015253998,0.0,-0.00287643015253998,0.0,1.2278709894572781
2009-06-08,-0.0025079370358360165,0.0,-0.0025079370358360165,0.0,1.2247915663275895
2009-06-09,0.0015418972962607802,0.0,0.0015418972962607802,0.0,1.226680069132193
2009-06-10,0.0011838566912906329,0.0,0.0011838566912906329,0.0,1.2281322825401082
2009-06-11,0.002467865598086677,0.0,0.002467865598086677,0.0,1.2311631479500886
2009-06-12,-0.004623151417445459,0.0,-0.004623151417445459,0.0,1.2254712942975365
2009-06-15,-0.012982866380312472,2.5e-05,-0.013007866380312472,0.125,1.2095305274484056
2009-06-16,-0.003408417227622973,0.0,-0.003408417227622973,0.0,1.2054079427613145
2009-06-17,0.0007142528494308437,0.0,0.0007142528494308437,0.0,1.2062689088191583
2009-06-18,-0.0018166269937818919,0.0,-0.0018166269937818919,0.0,1.2040775681576374
2009-06-19,0.004345544332963858,0.0,0.004345544332963858,0.0,1.2093099406103938
2009-06-22,-0.022314884002526306,5e-05,-0.022364884002526307,0.25,1.1822638640655403
2009-06-23,0.0017826721269127987,0.0,0.0017826721269127987,0.0,1.184371452902666
2009-06-24,0.008115072221192232,0.0,0.008115072221192232,0.0,1.1939827127796896
2009-06-25,0.016311564165387343,0.0,0.016311564165387343,0.0,1.2134584384115585
2009-06-26,0.0007800420336227798,0.0,0.0007800420336227798,0.0,1.2144049869995739
2009-06-29,0.0030959006517869703,0.0,0.0030959006517869703,0.0,1.2181646641903592
2009-06-30,-0.005508663328506594,0.0,-0.005508663328506594,0.0,1.2114542051766513
2009-07-01,0.008539418924499942,0.0,0.008539418924499942,0.0,1.2217993201425017
2009-07-02,-0.01902796106098105,0.0,-0.01902796106098105,0.0,1.198550970254497
2009-07-06,-0.0025626417837946724,0.0,-0.0025626417837946724,0.0,1.195479513458115
2009-07-07,-0.014280379372940286,0.0,-0.014280379372940286,0.0,1.1784076124733551
2009-07-08,-0.004226451203133183,0.0,-0.004226451203133183,0.0,1.1734271302018358
2009-07-09,0.004043875155332069,0.0,0.004043875155332069,0.0,1.1781723230202514
2009-07-10,-0.0019972784443568897,0.0,-0.0019972784443568897,0.0,1.175819184835745
2009-07-13,0.01238054109206796,0.0,0.01238054109206796,0.0,1.1903764625704458
2009-07-14,0.00479399354219881,0.0,0.00479399354219881,0.0,1.196083119644794
2009-07-15,0.025626346688179258,0.0,0.025626346688179258,0.0,1.2267343603366905
2009-07-16,0.003817236726745596,0.0,0.003817236726745596,0.0,1.2314170957909283
2009-07-17,-0.0010178888127381353,2.5e-05,-0.0010428888127381353,0.125,1.2301328646779135
2009-07-20,0.017206909612089344,0.0,0.017206909612089344,0.0,1.2512996496912867
2009-07-21,0.0010914232366984467,0.0,0.0010914232366984467,0.0,1.2526653472050324
2009-07-22,0.002596654246786609,0.0,0.002596654246786609,0.0,1.2559180859986547
2009-07-23,0.01984586710737439,0.0,0.01984586710737439,0.0,1.280842869431132
2009-07-24,0.0014435567206770306,0.0,0.0014435567206770306,0.0,1.2826918387634305
2009-07-27,0.005400848587278212,0.0,0.005400848587278212,0.0,1.2896194631687294
2009-07-28,-0.004712412346818309,0.0,-0.004712412346818309,0.0,1.283542244487796
2009-07-29,-0.006738036547998025,0.0,-0.006738036547998025,0.0,1.274893689933538
2009-07-30,0.01481400522996601,0.0,0.01481400522996601,0.0,1.293779971723864
2009-07-31,0.00404450639632524,0.0,0.00404450639632524,0.0,1.2990126730949387
2009-08-03,0.01664844649303851,0.0,0.01664844649303851,0.0,1.3206392160767388
2009-08-04,0.008150824850866656,0.0,0.008150824850866656,0.0,1.331403515018166
2009-08-05,0.000772455812388842,0.0,0.000772455812388842,0.0,1.332431965401977
2009-08-06,-0.006487295153283501,0.0,-0.006487295153283501,0.0,1.3237880859707447
2009-08-07,0.013202936766599505,0.0,0.013202936766599505,0.0,1.3412659763621944
2009-08-10,-0.006854822400409091,0.0,-0.006854822400409091,0.0,1.3320718363025201
2009-08-11,-0.01153114148703166,0.0,-0.01153114148703166,0.0,1.3167115274872259
2009-08-12,0.00884983401842826,0.0,0.00884983401842826,0.0,1.3283642059556389
2009-08-13,0.008442790004996398,0.0,0.008442790004996398,0.0,1.339579305996676
2009-08-14,-0.010284198832650554,0.0,-0.010284198832650554,0.0,1.3258028060617022
2009-08-17,-0.02768127402466536,0.0,-0.02768127402466536,0.0,1.2891028952844379
2009-08-18,0.011198585602215316,0.0,0.011198585602215316,0.0,1.3035390244073444
2009-08-19,0.004526500161999847,0.0,0.004526500161999847,0.0,1.3094394940124974
2009-08-20,0.011800883424935335,0.0,0.011800883424935335,0.0,1.324892036833345
2009-08-21,0.016764461751540782,0.0,0.016764461751540782,0.0,1.3471031387097585
2009-08-24,-0.0018200793506663177,0.0,-0.0018200793506663177,0.0,1.344651304103775
2009-08-25,0.004081169048179081,0.0,0.004081169048179081,0.0,1.350139053386677
2009-08-26,-0.00039993839050954383,0.0,-0.00039993839050954383,0.0,1.3495990809467016
2009-08-27,0.0028567346345236277,0.0,0.0028567346345236277,0.0,1.3534545273839633
2009-08-28,0.0007410497744115563,0.0,0.0007410497744115563,0.0,1.3544575045561575
2009-08-31,-0.010192036182947312,0.0,-0.010192036182947312,0.0,1.3406528246614566
2009-09-01,-0.019391828399613925,0.0,-0.019391828399613925,0.0,1.314655115142164
2009-09-02,0.0005197977088875483,0.0,0.0005197977088875483,0.0,1.315338469858992
2009-09-03,0.010889834720711145,0.0,0.010889834720711145,0.0,1.3296622883975495
2009-09-04,0.01205715961399359,0.0,0.01205715961399359,0.0,1.3456942388414668
2009-09-08,0.012916124857872857,0.0,0.012916124857872857,0.0,1.3630753936508633
2009-09-09,0.008386258745080144,0.0,0.008386258745080144,0.0,1.3745064965910716
2009-09-10,0.009424265844524882,0.0,0.009424265844524882,0.0,1.3874602112199725
2009-09-11,0.001209219428658273,0.0,0.001209219428658273,0.0,1.3891379550638703
2009-09-14,0.004870277470552062,0.0,0.004870277470552062,0.0,1.3959034423499066
2009-09-15,0.00664069153344668,0.0,0.00664069153344668,0.0,1.4051732065210287
2009-09-16,0.018270176340162286,0.0,0.018270176340162286,0.0,1.4308459687926391
2009-09-17,-0.0032121389491955032,0.0,-0.0032121389491955032,0.0,1.426249892725981
2009-09-18,0.0008166009293226473,0.0,0.0008166009293226473,0.0,1.4274145697138274
2009-09-21,-0.0050341177602046955,0.0,-0.0050341177602046955,0.0,1.4202287966772562
2009-09-22,0.01108419866316529,0.0,0.01108419866316529,0.0,1.435970894806775
2009-09-23,-0.01133798745847256,0.0,-0.01133798745847256,0.0,1.4196898748107243
2009-09-24,-0.015468424161817401,0.0,-0.015468424161817401,0.0,1.3977295096489146
2009-09-25,-0.0028403695664000472,0.0,-0.0028403695664000472,0.0,1.3937594412876486
2009-09-28,0.015902769118912113,0.0,0.015902769118912113,0.0,1.4159240758897502
2009-09-29,-0.0034838949856570017,0.0,-0.0034838949856570017,0.0,1.4109911451016868
2009-09-30,-0.0004831030761914823,0.0,-0.0004831030761914823,0.0,1.4103094909390093
2009-10-01,-0.02403237031715416,0.0,-0.02403237031715416,0.0,1.3764164109909658
2009-10-02,-0.0035127793370770405,0.0,-0.0035127793370770405,0.0,1.371581363863223
2009-10-05,0.01510267555068004,0.0,0.01510267555068004,0.0,1.3922959121930085
2009-10-06,0.013244976584460874,0.0,0.013244976584460874,0.0,1.4107368389486454
2009-10-07,0.00108057201305449,0.0,0.00108057201305449,0.0,1.4122612416945983
2009-10-08,0.009925721785498831,0.0,0.009925721785498831,0.0,1.4262789538681022
2009-10-09,0.0028136499215053873,0.0,0.0028136499215053873,0.0,1.430292003534698
2009-10-12,0.0032512446111974402,0.0,0.0032512446111974402,0.0,1.434942232703629
2009-10-13,-0.0017176870310622872,0.0,-0.0017176870310622872,0.0,1.4324774510401905
2009-10-14,0.017761675477766484,0.0,0.017761675477766484,0.0,1.4579206506547846
2009-10-15,-0.0026808261646052434,0.0,-0.0026808261646052434,0.0,1.454012218828591
2009-10-16,-0.009498295168018395,0.0,-0.009498295168018395,0.0,1.440201581596252
2009-10-19,0.011691404576675474,0.0,0.011691404576675474,0.0,1.4570395609586615
2009-10-20,-0.007955896762769768,0.0,-0.007955896762769768,0.0,1.4454475046324031
2009-10-21,-0.005326226594238884,0.0,-0.005326226594238884,0.0,1.4377487236926538
2009-10-22,0.009246156415707557,0.0,0.009246156415707557,0.0,1.4510423732784001
2009-10-23,-0.009558802218846793,0.0,-0.009558802218846793,0.0,1.4371721462210658
2009-10-26,-0.008612530986299605,0.0,-0.008612530986299605,0.0,1.4247944565790902
2009-10-27,-0.008983207247879474,0.0,-0.008983207247879474,0.0,1.4119952326900105
2009-10-28,-0.02468563965814831,0.0,-0.02468563965814831,0.0,1.3771392271768017
2009-10-29,0.024530393601371797,0.0,0.024530393601371797,0.0,1.4109209944633376
2009-10-30,-0.022761221778889534,0.0,-0.022761221778889534,0.0,1.3788067087958662
2009-11-02,0.005974403935170056,0.0,0.005974403935170056,0.0,1.3870442570227353
2009-11-03,0.007239037714786595,0.0,0.007239037714786595,0.0,1.397085122711401
2009-11-04,0.00039678106679946756,0.0,0.00039678106679946756,0.0,1.3976394596368
2009-11-05,0.016238691154145668,0.0,0.016238691154145668,0.0,1.420335295166689
2009-11-06,-0.000167681740959727,0.0,-0.000167681740959727,0.0,1.420097130871649
2009-11-09,0.023121797842133418,0.0,0.023121797842133418,0.0,1.452932329647857
2009-11-10,-0.002385905103640368,0.0,-0.002385905103640368,0.0,1.449465770987306
2009-11-11,0.007491750311057754,0.0,0.007491750311057754,0.0,1.4603248066279675
2009-11-12,-0.01175196083113171,0.0,-0.01175196083113171,0.0,1.4431631266997456
2009-11-13,0.010255126299165862,0.0,0.010255126299165862,0.0,1.4579629468343507
2009-11-16,0.016705518180749113,0.0,0.016705518180749113,0.0,1.4823189733495505
2009-11-17,-0.0025295324725342766,0.0,-0.0025295324725342766,0.0,1.4785693993718092
2009-11-18,0.00017769126790098677,0.0,0.00017769126790098677,0.0,1.4788321282430632
2009-11-19,-0.014176860296065005,0.0,-0.014176860296065005,0.0,1.457866931759629
2009-11-20,-0.0026175229673527922,0.0,-0.0026175229673527922,0.0,1.4540509315824037
2009-11-23,0.013705984135942623,0.0,0.013705984135942623,0.0,1.4739801305835247
2009-11-24,-0.0033801362119325745,0.0,-0.0033801362119325745,0.0,1.4689978769684702
2009-11-25,0.007226862963565825,2.5e-05,0.007201862963565825,0.125,1.479577398372166
2009-11-27,-0.02091345961410719,0.0,-0.02091345961410719,0.0,1.448634316205364
2009-11-30,0.008894223022291647,0.0,0.008894223022291647,0.0,1.4615187928914397
2009-12-01,0.01410784242729897,0.0,0.01410784242729897,0.0,1.4821376697260882
2009-12-02,0.0063701309898532565,0.0,0.0063701309898532565,0.0,1.4915790808272391
2009-12-03,-0.007675632008926736,0.0,-0.007675632008926736,0.0,1.480130268690596
2009-12-04,0.0023213605508187046,0.0,0.0023213605508187046,0.0,1.483566184706407
2009-12-07,-0.005526099324843339,0.0,-0.005526099324843339,0.0,1.4753678506147405
2009-12-08,-0.01054096797310071,0.0,-0.01054096797310071,0.0,1.4598160453528681
2009-12-09,0.0009828442387241482,0.0,0.0009828442387241482,0.0,1.4612508171426402
2009-12-10,-8.351799398648163e-06,0.0,-8.351799398648163e-06,0.0,1.4612386130689443
2009-12-11,0.0019425077115728523,0.0,0.0019425077115728523,0.0,1.4640770803432788
2009-12-14,0.009467473360175699,0.0,0.009467473360175699,0.0,1.4779381910986724
2009-12-15,-0.005579913571132453,2.5e-05,-0.0056049135711324525,0.125,1.4696544752740885
2009-12-16,0.005832120372357225,0.0,0.005832120372357225,0.0,1.4782256770796605
2009-12-17,-0.016468546858617247,0.0,-0.016468546858617247,0.0,1.453881448249063
2009-12-18,0.007237554142029479,0.0,0.007237554142029479,0.0,1.4644039939468578
2009-12-21,0.003941469273080395,0.0,0.003941469273080395,0.0,1.4701758972923755
2009-12-22,0.004821246961996026,0.0,0.004821246961996026,0.0,1.477263978370796
2009-12-23,0.007083322724312363,0.0,0.007083322724312363,0.0,1.4877279158785979
2009-12-24,0.007902073196630471,0.0,0.007902073196630471,0.0,1.499484050766541
2009-12-28,0.0025045719371532132,0.0,0.0025045719371532132,0.0,1.5032396164402997
2009-12-29,-0.004109536412299136,0.0,-0.004109536412299136,0.0,1.4970619985001277
2009-12-30,-0.00014688518458007283,0.0,-0.00014688518458007283,0.0,1.49684210227215
2009-12-31,-0.005970876468489317,0.0,-0.005970876468489317,0.0,1.4879046429866492
2010-01-04,0.016326513451973113,0.0,0.016326513451973113,0.0,1.5121969381556242
2010-01-05,0.0006644296696827617,0.0,0.0006644296696827617,0.0,1.513201686667738
2010-01-06,0.0018440686031903908,0.0,0.0018440686031903908,0.0,1.5159921343884168
2010-01-07,0.0009012972871832448,0.0,0.0009012972871832448,0.0,1.517358493986532
2010-01-08,0.003810150727200326,0.0,0.003810150727200326,0.0,1.5231398585558185
2010-01-11,0.002316638543734331,0.0,0.002316638543734331,0.0,1.526668423059647
2010-01-12,-0.012269828214009015,0.0,-0.012269828214009015,0.0,1.5079364637689532
2010-01-13,0.009371311893268564,0.0,0.009371311893268564,0.0,1.5220678066861646
2010-01-14,0.0019830350528604046,0.0,0.0019830350528604046,0.0,1.5250861204996538
2010-01-15,-0.010333531966848011,0.0,-0.010333531966848011,0.0,1.5093265943212744
2010-01-19,0.01293096482056355,0.0,0.01293096482056355,0.0,1.5288436434151838
2010-01-20,-0.015371183378306619,0.0,-0.015371183378306619,0.0,1.5053435074154906
2010-01-21,-0.01745597229941423,0.0,-0.01745597229941423,0.0,1.4790662728489428
2010-01-22,-0.017279064239442476,0.0,-0.017279064239442476,0.0,1.4535093917059931
2010-01-25,0.004895864597632998,0.0,0.004895864597632998,0.0,1.4606255768791734
2010-01-26,-0.006028138752165749,0.0,-0.006028138752165749,0.0,1.4518207232367835
2010-01-27,0.002371327988338251,0.0,0.002371327988338251,0.0,1.4552634663518442
2010-01-28,-0.010896133246020873,0.0,-0.010896133246020873,0.0,1.4394067217144082
2010-01-29,-0.009398125517380715,0.0,-0.009398125517380715,0.0,1.4258789966731746
2010-02-01,0.015539641507458707,0.0,0.015539641507458707,0.0,1.4480366451144906
2010-02-02,0.009729648969733273,0.0,0.009729648969733273,0.0,1.4621255333667647
2010-02-03,-0.005332665148889748,0.0,-0.005332665148889748,0.0,1.4543285074916779
2010-02-04,-0.03199928416313884,0.0,-0.03199928416313884,0.0,1.4077910363138981
2010-02-05,0.002857343396661813,0.0,0.002857343396661813,0.0,1.4118135787353894
2010-02-08,-0.010264849490976655,0.0,-0.010264849490976655,0.0,1.3973215248403534
2010-02-09,0.013847331768578969,0.0,0.013847331768578969,0.0,1.4166706995821945
2010-02-10,-0.0014330703752083174,0.0,-0.0014330703752083174,0.0,1.4146405107711977
2010-02-11,0.013219770586318291,0.0,0.013219770586318291,0.0,1.4333417337857048
2010-02-12,-0.00021888975306354197,0.0,-0.00021888975306354197,0.0,1.4330279899675409
2010-02-16,0.018228041280163476,0.0,0.018228041280163476,0.0,1.459149283324299
2010-02-17,0.003459469481044239,0.0,0.003459469481044239,0.0,1.4641971657382469
2010-02-18,0.006424129978656129,0.0,0.006424129978656129,0.0,1.4736033586453292
2010-02-19,-0.001976933034237377,0.0,-0.001976933034237377,0.0,1.47069014348626
2010-02-22,0.00039688245589239446,0.0,0.00039688245589239446,0.0,1.4712738346022636
2010-02-23,-0.011563615962774984,0.0,-0.011563615962774984,0.0,1.4542605890028437
2010-02-24,0.006136529966197263,0.0,0.006136529966197263,0.0,1.4631847026859195
2010-02-25,-0.0003624714646286997,0.0,-0.0003624714646286997,0.0,1.4626543399837146
2010-02-26,0.0032773454752819398,0.0,0.0032773454752819398,0.0,1.4674479635667617
2010-03-01,0.010175142354047734,0.0,0.010175142354047734,0.0,1.4823794554932108
2010-03-02,0.005919211146611675,0.0,0.005919211146611675,0.0,1.4911539724896745
2010-03-03,0.002969924551439518,0.0,0.002969924551439518,0.0,1.4955825872825483
2010-03-04,2.15354358673453e-05,0.0,2.15354358673453e-05,0.0,1.4956147953054408
2010-03-05,0.015289069578771006,0.0,0.015289069578771006,0.0,1.5184813539739053
2010-03-08,0.0007973116168882993,0.0,0.0007973116168882993,0.0,1.5196920567974568
2010-03-09,0.0018731199596786346,0.0,0.0018731199596786346,0.0,1.5225386223216093
2010-03-10,0.0037327301854723216,0.0,0.0037327301854723216,0.0,1.5282218481956966
2010-03-11,0.0027635655555687533,0.0,0.0027635655555687533,0.0,1.5324451894566378
2010-03-12,0.0006443225647654177,0.0,0.0006443225647654177,0.0,1.5334325784714709
2010-03-15,-0.0023023374511071115,0.0,-0.0023023374511071115,0.0,1.5299020992173082
2010-03-16,0.011435989850802908,0.0,0.011435989850802908,0.0,1.5473980440966795
2010-03-17,0.004779785037581641,0.0,0.004779785037581641,0.0,1.554794274115036
2010-03-18,-0.0015336324800031553,0.0,-0.0015336324800031553,0.0,1.5524097911165302
2010-03-19,-0.009531432789520455,0.0,-0.009531432789520455,0.0,1.5376131015307095
2010-03-22,0.005346232740865153,0.0,0.005346232740865153,0.0,1.545833539036896
2010-03-23,0.005394472469662265,0.0,0.005394472469662265,0.0,1.554172495505911
2010-03-24,-0.008196868212968958,0.0,-0.008196868212968958,0.0,1.541433148380028
2010-03-25,-0.00070584721152403,0.0,-0.00070584721152403,0.0,1.5403451320904933
2010-03-26,0.0033023494700814976,0.0,0.0033023494700814976,0.0,1.545431890021195
2010-03-29,0.005947891490730717,0.0,0.005947891490730717,0.0,1.5546239512093558
2010-03-30,0.0002894581095536364,0.0,0.0002894581095536364,0.0,1.5550739497193395
2010-03-31,-0.002024623321044347,0.0,-0.002024623321044347,0.0,1.5519255107347891
2010-04-01,0.009634656855051327,0.0,0.009634656855051327,0.0,1.5668777804953191
2010-04-05,0.009250299572178822,0.0,0.009250299572178822,0.0,1.5813718693578915
2010-04-06,0.004436715875860614,0.0,0.004436715875860614,0.0,1.5883879670363112
2010-04-07,-0.004489397629694469,0.0,-0.004489397629694469,0.0,1.5812570618620632
2010-04-08,0.001217497881985788,0.0,0.001217497881985788,0.0,1.5831822389857555
2010-04-09,0.007597701195449641,0.0,0.007597701195449641,0.0,1.5952107845755121
2010-04-12,-0.001267363259215254,0.0,-0.001267363259215254,0.0,1.593189073036437
2010-04-13,0.003354981350524283,0.0,0.003354981350524283,0.0,1.5985341926643333
2010-04-14,0.009658151361396167,0.0,0.009658151361396167,0.0,1.6139730778534527
2010-04-15,-0.0024655494199311984,0.0,-0.0024655494199311984,0.0,1.6099937474675665
2010-04-16,-0.017097356029836405,0.0,-0.017097356029836405,0.0,1.582467111161303
2010-04-19,-0.0005915781738885101,0.0,-0.0005915781738885101,0.0,1.5815309581574435
2010-04-20,0.008170821383116672,0.0,0.008170821383116672,0.0,1.5944533651284172
2010-04-21,0.003256925731984092,0.0,0.003256925731984092,0.0,1.5996463813217525
2010-04-22,0.003201165750713525,0.0,0.003201165750713525,0.0,1.6047671145308926
2010-04-23,0.007439970642997007,0.0,0.007439970642997007,0.0,1.6167065347518494
2010-04-26,-0.0005745584497800771,0.0,-0.0005745584497800771,0.0,1.6157776423514931
2010-04-27,-0.019871756992929063,0.0,-0.019871756992929063,0.0,1.5836693016880763
2010-04-28,0.002349752394033011,0.0,0.002349752394033011,0.0,1.5873905324210744
2010-04-29,0.015974148824060785,0.0,0.015974148824060785,0.0,1.6127477450278738
2010-04-30,-0.014014083579824338,0.0,-0.014014083579824338,0.0,1.5901465633358798
2010-05-03,0.012319813966439996,0.0,0.012319813966439996,0.0,1.6097368731755517
2010-05-04,-0.025078411482144056,0.0,-0.025078411482144056,0.0,1.5693672294920753
2010-05-05,-0.009323798265411437,0.0,-0.009323798265411437,0.0,1.5547347660399435
2010-05-06,-0.02513602140218782,0.0,-0.02513602140218782,0.0,1.515654919686038
2010-05-07,-0.010530816557419262,0.0,-0.010530816557419262,0.0,1.4996938357624743
2010-05-10,0.043629683782532055,0.0,0.043629683782532055,0.0,1.5651250035874036
2010-05-11,8.534143459668075e-05,0.0,8.534143459668075e-05,0.0,1.5652585736005329
2010-05-12,0.013682171169935892,0.0,0.013682171169935892,0.0,1.5866747093297453
2010-05-13,-0.01043224083531298,0.0,-0.01043224083531298,0.0,1.5701221366347171
2010-05-14,-0.017362954314308468,0.0,-0.017362954314308468,0.0,1.542860177708444
2010-05-17,-0.0007628647801929123,0.0,-0.0007628647801929123,0.0,1.541683184018108
2010-05-18,-0.01416038632670262,0.0,-0.01416038632670262,0.0,1.5198523545390308
2010-05-19,-0.008055239415913865,0.0,-0.008055239415913865,0.0,1.5076095799463785
2010-05-20,-0.03350615794271729,0.0,-0.03350615794271729,0.0,1.4570953752447415
2010-05-21,0.01568357088252703,0.0,0.01568357088252703,0.0,1.479947833844995
2010-05-24,-0.008997107483011094,0.0,-0.008997107483011094,0.0,1.4666325841146421
2010-05-25,-4.540463082722268e-05,0.0,-4.540463082722268e-05,0.0,1.4665659922036012
2010-05-26,-0.0028377364704338798,0.0,-0.0028377364704338798,0.0,1.462404264401227
2010-05-27,0.028928481574484244,2.5e-05,0.028903481574484243,0.125,1.504672839111795
2010-05-28,-0.0073666108846209555,0.0,-0.0073666108846209555,0.0,1.4935884997974005
2010-06-01,-0.009982192000545356,2.5e-05,-0.010007192000545357,0.125,1.4786418729101214
2010-06-02,0.015280937302724881,0.0,0.015280937302724881,0.0,1.5012369066632447
2010-06-03,-0.00038961377404779507,0.0,-0.00038961377404779507,0.0,1.5006520040862998
2010-06-04,-0.021803621709347007,0.0,-0.021803621709347007,0.0,1.4679323554718287
2010-06-07,-0.006305026498089755,0.0,-0.006305026498089755,0.0,1.4586770030731755
2010-06-08,0.005037552278421592,0.0,0.005037552278421592,0.0,1.466025164733488
2010-06-09,-0.002152969477256933,0.0,-0.002152969477256933,0.0,1.4628688573009263
2010-06-10,0.01742898615813701,0.0,0.01742898615813701,0.0,1.4883651783659937
2010-06-11,0.008316036726364856,0.0,0.008316036726364856,0.0,1.500742477851528
2010-06-14,0.0010814669580730962,0.0,0.0010814669580730962,0.0,1.5023654812539013
2010-06-15,0.01683088707313854,0.0,0.01683088707313854,0.0,1.5276516250114673
2010-06-16,-0.0012194202965244982,0.0,-0.0012194202965244982,0.0,1.5257887756139097
2010-06-17,0.0030414200721307627,0.0,0.0030414200721307627,0.0,1.5304293402218936
2010-06-18,0.001240358393721816,0.0,0.001240358393721816,0.0,1.5323276211000358
2010-06-21,-0.004369655027923705,0.0,-0.004369655027923705,0.0,1.5256318780060696
2010-06-22,-0.006725812079900292,2.5e-05,-0.006750812079900292,0.125,1.5153326238945453
2010-06-23,-0.0005845467628061429,0.0,-0.0005845467628061429,0.0,1.5144468411146732
2010-06-24,-0.008992860530080582,0.0,-0.008992860530080582,0.0,1.5008276318923077
2010-06-25,0.007858335193580424,0.0,0.007858335193580424,0.0,1.512621638491505
2010-06-28,-0.003552773062779027,0.0,-0.003552773062779027,0.0,1.5072476370800958
2010-06-29,-0.015950506959599722,0.0,-0.015950506959599722,0.0,1.4832062731550095
2010-06-30,-0.0045916634529644534,0.0,-0.0045916634529644534,0.0,1.476395889117356
2010-07-01,-0.006807749837231716,0.0,-0.006807749837231716,0.0,1.4663449552435277
2010-07-02,-0.0042487956618915,0.0,-0.0042487956618915,0.0,1.4601147551588525
2010-07-06,-0.004265540389116168,0.0,-0.004265540389116168,0.0,1.4538865766979778
2010-07-07,0.018211153762704588,0.0,0.018211153762704588,0.0,1.4803635286997567
2010-07-08,0.003927228989819828,0.0,0.003927228989819828,0.0,1.4861772552651384
2010-07-09,0.005226233720553614,2.5e-05,0.005201233720553614,0.125,1.4939072105199434
2010-07-12,-0.0017810038249256865,0.0,-0.0017810038249256865,0.0,1.4912465560639232
2010-07-13,0.008670549666668206,0.0,0.008670549666668206,0.0,1.5041764833935232
2010-07-14,0.000643354088444098,0.0,0.000643354088444098,0.0,1.5051442014838559
2010-07-15,-0.00028079501703069665,0.0,-0.00028079501703069665,0.0,1.5047215644921665
2010-07-16,-0.013108294127830891,0.0,-0.013108294127830891,0.0,1.4849972316443134
2010-07-19,0.001367913063590312,0.0,0.001367913063590312,0.0,1.4870285787568753
2010-07-20,0.007124101928536963,0.0,0.007124101928536963,0.0,1.4976223219225866
2010-07-21,-0.005297398473418688,0.0,-0.005297398473418688,0.0,1.4896888197206761
2010-07-22,0.011939061148698346,0.0,0.011939061148698346,0.0,1.5074743056318534
2010-07-23,0.0033140543483277662,0.0,0.0033140543483277662,0.0,1.5124701574094248
2010-07-26,0.005149149689585186,2.5e-05,0.005124149689585186,0.125,1.520220280897021
2010-07-27,-0.0038554844428178997,0.0,-0.0038554844428178997,0.0,1.5143590952543664
2010-07-28,-0.00156126817540507,0.0,-0.00156126817540507,0.0,1.5119947745928106
2010-07-29,-0.0008560676135243445,0.0,-0.0008560676135243445,0.0,1.5107004048344637
2010-07-30,0.004075306629899578,0.0,0.004075306629899578,0.0,1.5168569722100775
2010-08-02,0.004667006290615949,0.0,0.004667006290615949,0.0,1.5239361532413467
2010-08-03,-0.0010035127127075855,0.0,-0.0010035127127075855,0.0,1.5224068639382142
2010-08-04,0.0020313187889030304,0.0,0.0020313187889030304,0.0,1.5254993576052867
2010-08-05,-0.0021793501854653757,0.0,-0.0021793501854653757,0.0,1.5221747602973623
2010-08-06,0.000959974074350986,0.0,0.000959974074350986,0.0,1.5236360086038792
2010-08-09,0.001881589002948117,0.0,0.001881589002948117,0.0,1.5265028653621642
2010-08-10,-0.0029599265596640945,0.0,-0.0029599265596640945,0.0,1.5219845289875755
2010-08-11,-0.0067704578959269235,0.0,-0.0067704578959269235,0.0,1.511679996815813
2010-08-12,-0.00034735185207267205,2.5e-05,-0.00037235185207267206,0.125,1.5111171199692575
2010-08-13,0.0015273098568057003,0.0,0.0015273098568057003,0.0,1.5134250640413742
2010-08-16,0.0040702399949846535,0.0,0.0040702399949846535,0.0,1.5195850672664475
2010-08-17,0.0021703887550702933,0.0,0.0021703887550702933,0.0,1.5228831576088153
2010-08-18,0.0009491795219842003,0.0,0.0009491795219842003,0.0,1.5243286471163924
2010-08-19,-0.0010646458532684172,0.0,-0.0010646458532684172,0.0,1.5227057769432217
2010-08-20,-0.0009803935956113063,0.0,-0.0009803935956113063,0.0,1.5212129259515064
2010-08-23,-0.0008313753675215363,0.0,-0.0008313753675215363,0.0,1.5199482269961149
2010-08-24,0.002100898775181409,0.0,0.002100898775181409,0.0,1.52314148436455
2010-08-25,0.002621807444969454,0.0,0.002621807444969454,0.0,1.527134868047999
2010-08-26,1.0356338528152986e-05,0.0,1.0356338528152986e-05,0.0,1.5271506835736706
2010-08-27,-0.0014166997998300984,0.0,-0.0014166997998300984,0.0,1.5249871695059414
2010-08-30,0.001324403243553901,0.0,0.001324403243553901,0.0,1.5270068674596133
2010-08-31,0.004299919072366737,2.5e-05,0.004274919072366737,0.125,1.5335346982409515
2010-09-01,0.0054912390386099436,0.0,0.0054912390386099436,0.0,1.541955703842995
2010-09-02,0.0010949788680322675,0.0,0.0010949788680322675,0.0,1.543644112754145
2010-09-03,0.001315365264331625,0.0,0.001315365264331625,0.0,1.5456745686005517
2010-09-07,-0.0003145932952802605,0.0,-0.0003145932952802605,0.0,1.5451883097445849
2010-09-08,0.0006364468423537134,0.0,0.0006364468423537134,0.0,1.5461717399651635
2010-09-09,-0.004370490348741554,0.0,-0.004370490348741554,0.0,1.5394142112981488
2010-09-10,0.0007208657342424735,0.0,0.0007208657342424735,0.0,1.5405239222538798
2010-09-13,0.0055396130860479315,0.0,0.0055396130860479315,0.0,1.5490578287329673
2010-09-14,0.0031425741474734453,0.0,0.0031425741474734453,0.0,1.553925857818485
2010-09-15,-0.0006763983375830396,0.0,-0.0006763983375830396,0.0,1.5528747849515292
2010-09-16,-0.0018284765916934398,0.0,-0.0018284765916934398,0.0,1.5500353897574144
2010-09-17,0.0005889484503443787,0.0,0.0005889484503443787,0.0,1.550948280698191
2010-09-20,0.006079581671310702,0.0,0.006079581671310702,0.0,1.5603773974386743
2010-09-21,0.0006744848392700176,0.0,0.0006744848392700176,0.0,1.5614298483367866
2010-09-22,-0.00029938811344643046,0.0,-0.00029938811344643046,0.0,1.5609623748002142
2010-09-23,-0.0034289104583964114,0.0,-0.0034289104583964114,0.0,1.5556099745880985
2010-09-24,0.004550410175831798,0.0,0.004550410175831798,0.0,1.5626886380460896
2010-09-27,-0.00024215019936499327,2.5e-05,-0.0002671501993649933,0.125,1.5622711654648902
2010-09-28,0.0033305916869587615,0.0,0.0033305916869587615,0.0,1.567474452821363
2010-09-29,-0.0011800111909244099,0.0,-0.0011800111909244099,0.0,1.5656248154255459
2010-09-30,-0.0005148442432465622,2.5e-05,-0.0005398442432465622,0.125,1.5647796218818544
2010-10-01,0.003938741342168248,0.0,0.003938741342168248,0.0,1.5709428840699429
2010-10-04,-0.0025070191723593066,0.0,-0.0025070191723593066,0.0,1.567004500140898
2010-10-05,0.012548538179619262,0.0,0.012548538179619262,0.0,1.5866681159385514
2010-10-06,0.0015860661134357162,0.0,0.0015860661134357162,0.0,1.5891846764705104
2010-10-07,-0.003130198490058786,0.0,-0.003130198490058786,0.0,1.5842102129957978
2010-10-08,0.00422179408626161,0.0,0.00422179408626161,0.0,1.5908984223044187
2010-10-11,0.00041403254166867687,0.0,0.00041403254166867687,0.0,1.591557106021742
2010-10-12,-0.0005859108480465169,0.0,-0.0005859108480465169,0.0,1.5906245954480382
2010-10-13,0.007843735403659013,0.0,0.007843735403659013,0.0,1.603101033901285
2010-10-14,-0.0011431432932785396,0.0,-0.0011431432932785396,0.0,1.6012684597059328
2010-10-15,-0.0003438764547520623,2.5e-05,-0.0003688764547520623,0.125,1.6006777894734103
2010-10-18,0.003670324073888287,0.0,0.003670324073888287,0.0,1.6065527956986527
2010-10-19,-0.014189322892439946,0.0,-0.014189322892439946,0.0,1.5837568993367326
2010-10-20,0.010636048064242315,0.0,0.010636048064242315,0.0,1.6006018138401532
2010-10-21,-0.0035347785412200156,0.0,-0.0035347785412200156,0.0,1.5949440408955533
2010-10-22,0.002712522182043514,0.0,0.002712522182043514,0.0,1.5992703619856006
2010-10-25,0.004474340795534354,0.0,0.004474340795534354,0.0,1.6064260426093218
2010-10-26,-0.0034414112968532,2.5e-05,-0.0034664112968532,0.125,1.6008575092276616
2010-10-27,-0.006899048132354951,0.0,-0.006899048132354951,0.0,1.5898131162184581
2010-10-28,0.002513113036556325,0.0,0.002513113036556325,0.0,1.5938084962865149
2010-10-29,0.003015879412938613,0.0,0.003015879412938613,0.0,1.598615230518632
2010-11-01,8.543579421450842e-05,0.0,8.543579421450842e-05,0.0,1.5987518094804951
2010-11-02,0.011597469605241467,0.0,0.011597469605241467,0.0,1.6172932849972699
2010-11-03,-0.00022266229481890387,0.0,-0.00022266229481890387,0.0,1.616933174763037
2010-11-04,0.020880371880034804,0.0,0.020880371880034804,0.0,1.6506953407572547
2010-11-05,-8.646562920044953e-05,0.0,-8.646562920044953e-05,0.0,1.650552612345998
2010-11-08,-0.0002805845739537183,0.0,-0.0002805845739537183,0.0,1.6500894927444745
2010-11-09,-0.015877259806983623,0.0,-0.015877259806983623,0.0,1.6238905931633967
2010-11-10,0.0070543100523027535,0.0,0.0070543100523027535,0.0,1.6353460208985893
2010-11-11,-0.004724049588582413,0.0,-0.004724049588582413,0.0,1.6276205652013733
2010-11-12,-0.015097905715517806,0.0,-0.015097905715517806,0.0,1.6030469033673251
2010-11-15,-0.005768089417328037,0.0,-0.005768089417328037,0.0,1.5938003854885316
2010-11-16,-0.015215023836734204,0.0,-0.015215023836734204,0.0,1.5695506746323273
2010-11-17,0.0018007784110797148,0.0,0.0018007784110797148,0.0,1.5723770876023007
2010-11-18,0.01565639497489102,0.0,0.01565639497489102,0.0,1.5969948443352708
2010-11-19,0.0024695489736084597,0.0,0.0024695489736084597,0.0,1.6009387013139569
2010-11-22,0.0019002827616231566,0.0,0.0019002827616231566,0.0,1.6039809375304792
2010-11-23,-0.012198878847179379,0.0,-0.012198878847179379,0.0,1.5844141684003596
2010-11-24,0.012020623773692812,0.0,0.012020623773692812,0.0,1.6034598150204087
2010-11-26,-0.007848176786325059,0.0,-0.007848176786325059,0.0,1.5908755789223603
2010-11-29,0.0017169232882041363,0.0,0.0017169232882041363,0.0,1.5936069902524475
2010-11-30,-0.003763406179564513,0.0,-0.003763406179564513,0.0,1.5876095998575341
2010-12-01,0.013127628831659341,0.0,0.013127628831659341,0.0,1.608451149414043
2010-12-02,0.010409286536135029,0.0,0.010409286536135029,0.0,1.6251939783076694
2010-12-03,0.004872752828051899,0.0,0.004872752828051899,0.0,1.633113146861601
2010-12-06,0.0027775813866351,0.0,0.0027775813866351,0.0,1.6376492515405927
2010-12-07,-0.00440258265819618,0.0,-0.00440258265819618,0.0,1.6304393653455522
2010-12-08,-0.004206817276833336,0.0,-0.004206817276833336,0.0,1.6235804048545874
2010-12-09,0.0009692327413802632,0.0,0.0009692327413802632,0.0,1.6251540321412357
2010-12-10,0.004062517935955565,0.0,0.004062517935955565,0.0,1.6317562495454998
2010-12-13,0.0024201618278450326,0.0,0.0024201618278450326,0.0,1.6357053637329972
2010-12-14,-0.002268821520328243,0.0,-0.002268821520328243,0.0,1.6319942402028436
2010-12-15,-0.009361460210409733,0.0,-0.009361460210409733,0.0,1.6167163910595668
2010-12-16,0.00414508691304416,0.0,0.00414508691304416,0.0,1.6234178210142518
2010-12-17,0.003807447013904619,0.0,0.003807447013904619,0.0,1.6295988983491922
2010-12-20,0.0028143230555400522,0.0,0.0028143230555400522,0.0,1.6341851161000989
2010-12-21,0.008188536695248022,0.0,0.008188536695248022,0.0,1.6475667008901127
2010-12-22,0.000814608340711509,0.0,0.000814608340711509,0.0,1.6489088224665363
2010-12-23,-0.0020377660903960065,0.0,-0.0020377660903960065,0.0,1.6455487319819593
2010-12-27,0.0028410792613947494,0.0,0.0028410792613947494,0.0,1.6502238663580076
2010-12-28,-9.258022211237893e-05,0.0,-9.258022211237893e-05,0.0,1.650071088265925
2010-12-29,0.006128384795910352,0.0,0.006128384795910352,0.0,1.6601833588354253
2010-12-30,-0.0009757555622240122,2.5e-05,-0.0010007555622240122,0.125,1.658521921104759
2010-12-31,0.001668850300910088,0.0,0.001668850300910088,0.0,1.6612897459118607
2011-01-03,0.009330181888111772,0.0,0.009330181888111772,0.0,1.6767898814100732
2011-01-04,-0.007161423937217595,0.0,-0.007161423937217595,0.0,1.6647816782156588
2011-01-05,0.0024341634434711795,0.0,0.0024341634434711795,0.0,1.668834028918132
2011-01-06,-0.004857071263492246,0.0,-0.004857071263492246,0.0,1.6607283831127357
2011-01-07,-0.0029098585966245427,0.0,-0.0029098585966245427,0.0,1.6558958983504768
2011-01-10,-2.632577899064348e-06,0.0,-2.632577899064348e-06,0.0,1.6558915390755318
2011-01-11,0.0037793230249406617,0.0,0.0037793230249406617,0.0,1.6621496880959645
2011-01-12,0.009389552693182368,0.0,0.009389552693182368,0.0,1.6777565301762982
2011-01-13,-0.001849329726188162,0.0,-0.001849329726188162,0.0,1.674653805151737
2011-01-14,0.003467572123470597,0.0,0.003467572123470597,0.0,1.680460788002945
2011-01-18,0.0030689817458963015,0.0,0.0030689817458963015,0.0,1.6856180914860204
2011-01-19,-0.009055884423677552,0.0,-0.009055884423677552,0.0,1.6703533288670631
2011-01-20,-0.007130205646594903,0.0,-0.007130205646594903,0.0,1.6584433661297666
2011-01-21,-0.0022082329159203995,0.0,-0.0022082329159203995,0.0,1.654781136899489
2011-01-24,0.005651940048343934,0.0,0.005651940048343934,0.0,1.664133860678375
2011-01-25,0.0006484559989409361,0.0,0.0006484559989409361,0.0,1.665212978263373
2011-01-26,0.0062510785203508945,0.0,0.0062510785203508945,0.0,1.6756223553436047
2011-01-27,0.00019838043606074107,0.0,0.00019838043606074107,0.0,1.675954766037131
2011-01-28,-0.014913859515969186,0.0,-0.014913859515969186,0.0,1.6509598121013342
2011-01-31,0.006090897817396954,0.0,0.006090897817396954,0.0,1.6610156396174725
2011-02-01,0.014426579035913462,0.0,0.014426579035913462,0.0,1.6849784130223022
2011-02-02,-0.002276108240986008,0.0,-0.002276108240986008,0.0,1.6811432197705387
2011-02-03,0.002822978197693962,0.0,0.002822978197693962,0.0,1.6858890504271522
2011-02-04,-0.00021784816397132922,0.0,-0.00021784816397132922,0.0,1.6855217825928572
2011-02-07,0.004404055536684576,0.0,0.004404055536684576,0.0,1.692944914131688
2011-02-08,0.00507749812054481,0.0,0.00507749812054481,0.0,1.7015408387513775
2011-02-09,-0.004269489738316312,0.0,-0.004269489738316312,0.0,1.6942761276010023
2011-02-10,-0.0009503971822246299,0.0,-0.0009503971822246299,0.0,1.69266589234342
2011-02-11,0.004911024574479048,0.0,0.004911024574479048,0.0,1.7009786161371008
2011-02-14,0.0014727482071665021,0.0,0.0014727482071665021,0.0,1.7034837293444454
2011-02-15,-0.0009086705222515756,0.0,-0.0009086705222515756,0.0,1.7019358238944549
2011-02-16,0.005552980532750718,0.0,0.005552980532750718,0.0,1.711386640392532
2011-02-17,0.003075354888696369,0.0,0.003075354888696369,0.0,1.7166497616635128
2011-02-18,0.002139439835251833,0.0,0.002139439835251833,0.0,1.7203224305467915
2011-02-22,-0.017177550404825104,0.0,-0.017177550404825104,0.0,1.6907715052835228
2011-02-23,-0.0036083306954422245,0.0,-0.0036083306954422245,0.0,1.6846706425620293
2011-02-24,-0.00010290424241428398,0.0,-0.00010290424241428398,0.0,1.6844972828058387
2011-02-25,0.01222974036792665,0.0,0.01222974036792665,0.0,1.7050982472250318
2011-02-28,0.006397949242473389,0.0,0.006397949242473389,0.0,1.7160073792642077
2011-03-01,-0.011197993239845105,0.0,-0.011197993239845105,0.0,1.6967915402316827
2011-03-02,0.0025845686988817257,0.0,0.0025845686988817257,0.0,1.7011770145350926
2011-03-03,0.01170798563833518,0.0,0.01170798563833518,0.0,1.7210943705895352
2011-03-04,-0.003181437575464602,0.0,-0.003181437575464602,0.0,1.715618816288021
2011-03-07,-0.008249899656505896,0.0,-0.008249899656505896,0.0,1.7014651332048314
2011-03-08,0.007140867978815718,0.0,0.007140867978815718,0.0,1.7136150710916052
2011-03-09,-0.0013315519447412438,0.0,-0.0013315519447412438,0.0,1.7113333036111553
2011-03-10,-0.017663583157565027,0.0,-0.017663583157565027,0.0,1.6811050254925093
2011-03-11,0.004937341542771367,0.0,0.004937341542771367,0.0,1.689405215172635
2011-03-14,-0.0040419602321984105,0.0,-0.0040419602321984105,0.0,1.6825767064768387
2011-03-15,-0.012003496149399787,0.0,-0.012003496149399787,0.0,1.662379903459574
2011-03-16,-0.014883736453558505,0.0,-0.014883736453558505,0.0,1.6376374790907897
2011-03-17,0.010408998788593332,0.0,0.010408998788593332,0.0,1.6546836456268008
2011-03-18,0.006318404247565412,0.0,0.006318404247565412,0.0,1.6651386058017064
2011-03-21,0.014785089055240203,0.0,0.014785089055240203,0.0,1.689757828377803
2011-03-22,-0.0021801949567128442,0.0,-0.0021801949567128442,0.0,1.6860738268823077
2011-03-23,0.0030273223745480443,0.0,0.0030273223745480443,0.0,1.6911781159035684
2011-03-24,0.006918604150407001,0.0,0.006918604150407001,0.0,1.7028787078353362
2011-03-25,0.0012860825654714553,0.0,0.0012860825654714553,0.0,1.7050687504525959
2011-03-28,-0.0027565706664418876,0.0,-0.0027565706664418876,0.0,1.7003686079508316
2011-03-29,0.005522342100022767,0.0,0.005522342100022767,0.0,1.7097586251000756
2011-03-30,0.008387958901332537,0.0,0.008387958901332537,0.0,1.7241000101786137
2011-03-31,0.003010416012180245,0.0,0.003010416012180245,0.0,1.7292902684558555
2011-04-01,0.003934359671758356,0.0,0.003934359671758356,0.0,1.7360939183488322
2011-04-04,0.0016868568948271295,0.0,0.0016868568948271295,0.0,1.7390224603450664
2011-04-05,0.00187666200477489,0.0,0.00187666200477489,0.0,1.7422860177218462
2011-04-06,0.003043324174356765,0.0,0.003043324174356765,0.0,1.747588358878223
2011-04-07,-0.0031628850839544864,0.0,-0.0031628850839544864,0.0,1.7420609377250347
2011-04-08,-0.0010756752007547582,0.0,-0.0010756752007547582,0.0,1.7401870459761202
2011-04-11,-0.004428962744919121,0.0,-0.004428962744919121,0.0,1.732479822380301
2011-04-12,-0.008065741715906308,0.0,-0.008065741715906308,0.0,1.7185060876049623
2011-04-13,0.0026843987903909516,0.0,0.0026843987903909516,0.0,1.7231192432678084
2011-04-14,0.004881700826741317,0.0,0.004881700826741317,0.0,1.7315309959022425
2011-04-15,0.0042236899233897285,0.0,0.0042236899233897285,0.0,1.7388444459216716
2011-04-18,-0.010407410008765952,0.0,-0.010407410008765952,0.0,1.7207475788314992
2011-04-19,0.00523201610742105,0.0,0.00523201610742105,0.0,1.7297505578807515
2011-04-20,0.015178264526781005,0.0,0.015178264526781005,0.0,1.7560051694136127
2011-04-21,0.005516925358424213,0.0,0.005516925358424213,0.0,1.7656929188622748
2011-04-25,-4.9372571351666283e-05,0.0,-4.9372571351666283e-05,0.0,1.7656057420626532
2011-04-26,0.005752587721453095,0.0,0.005752587721453095,0.0,1.7757625439753697
2011-04-27,0.007080649985727688,0.0,0.007080649985727688,0.0,1.7883360970070246
2011-04-28,0.002799781477634794,0.0,0.002799781477634794,0.0,1.7933430472872105
2011-04-29,0.0022087305044371924,0.0,0.0022087305044371924,0.0,1.7973040587806741
2011-05-02,-0.002479894386861123,0.0,-0.002479894386861123,0.0,1.7928469345338212
2011-05-03,-0.007926803878483463,0.0,-0.007926803878483463,0.0,1.7786353884996313
2011-05-04,-0.008278716149279455,0.0,-0.008278716149279455,0.0,1.7639105709851794
2011-05-05,-0.009734234912709153,0.0,-0.009734234912709153,0.0,1.7467402511221988
2011-05-06,0.003799307158982898,0.0,0.003799307158982898,0.0,1.7533766538631708
2011-05-09,0.005967136880678625,0.0,0.005967136880678625,0.0,1.7638392923601585
2011-05-10,0.009124533549100144,0.0,0.009124533549100144,0.0,1.7799335031585197
2011-05-11,-0.012273455167101738,0.0,-0.012273455167101738,0.0,1.7580875691070812
2011-05-12,0.0034619738320562643,0.0,0.0034619738320562643,0.0,1.7641740222657933
2011-05-13,-0.01101598337706941,0.0,-0.01101598337706941,0.0,1.7447399105622556
2011-05-16,-0.00523096190072303,0.0,-0.00523096190072303,0.0,1.7356132425634336
2011-05-17,2.057173515615518e-05,0.0,2.057173515615518e-05,0.0,1.7356489471393932
2011-05-18,0.008823221506196938,0.0,0.008823221506196938,0.0,1.7509629622570015
2011-05-19,0.0014138689415590378,0.0,0.0014138689415590378,0.0,1.7534385944071569
2011-05-20,-0.005571561769372013,0.0,-0.005571561769372013,0.0,1.7436692029696166
2011-05-23,-0.01202189216064066,0.0,-0.01202189216064066,0.0,1.7227069998476856
2011-05-24,0.0015123102478917516,0.0,0.0015123102478917516,0.0,1.7253122672976702
2011-05-25,0.004117771974471593,0.0,0.004117771974471593,0.0,1.7324167097991605
2011-05-26,0.007140454664415333,0.0,0.007140454664415333,0.0,1.744786952775357
2011-05-27,0.00616661446012623,0.0,0.00616661446012623,0.0,1.755546381228181
2011-05-31,0.011671440866752689,0.0,0.011671440866752689,0.0,1.7760361370055273
2011-06-01,-0.018115787455800197,0.0,-0.018115787455800197,0.0,1.7438618438337148
2011-06-02,0.0006587722640423732,0.0,0.0006587722640423732,0.0,1.7450106516487542
2011-06-03,-0.004413177314651143,0.0,-0.004413177314651143,0.0,1.7373096102270733
2011-06-06,-0.009647010375879159,0.0,-0.009647010375879159,0.0,1.7205497663910982
2011-06-07,0.003389779275895302,0.0,0.003389779275895302,0.0,1.7263820503323573
2011-06-08,-0.006175251996696121,0.0,-0.006175251996696121,0.0,1.715721206128982
2011-06-09,0.0033976261705559174,0.0,0.0033976261705559174,0.0,1.7215505854003035
2011-06-10,-0.015499736549054233,0.0,-0.015499736549054233,0.0,1.6948670048707286
2011-06-13,-0.0009944288807434004,0.0,-0.0009944288807434004,0.0,1.693181580172066
2011-06-14,0.012598938863027098,0.0,0.012598938863027098,0.0,1.7145138713846573
2011-06-15,-0.015243910440629893,0.0,-0.015243910440629893,0.0,1.6883779754800519
2011-06-16,0.00013076794784053214,2.5e-05,0.00010576794784053214,0.125,1.6885565517536973
2011-06-17,0.0028193259739919263,0.0,0.0028193259739919263,0.0,1.6933171430986107
2011-06-20,0.0038485134817385774,0.0,0.0038485134817385774,0.0,1.6998338969526847
2011-06-21,0.013141692368704702,0.0,0.013141692368704702,0.0,1.7221725911043333
2011-06-22,-0.005178970945581118,0.0,-0.005178970945581118,0.0,1.7132535092917276
2011-06-23,-0.0037180243710495803,0.0,-0.0037180243710495803,0.0,1.7068835909903946
2011-06-24,-0.0079295673113296,0.0,-0.0079295673113296,0.0,1.6933487426630323
2011-06-27,0.004934350100476964,0.0,0.004934350100476964,0.0,1.7017043182015343
2011-06-28,0.009107459447478025,0.0,0.009107459447478025,0.0,1.717202521271153
2011-06-29,0.006799752045911239,0.0,0.006799752045911239,0.0,1.7288790726284107
2011-06-30,0.0060727061275442085,0.0,0.0060727061275442085,0.0,1.7393780471665443
2011-07-01,0.009547389661471603,0.0,0.009547389661471603,0.0,1.7559845671514527
2011-07-05,0.003602489074407758,0.0,0.003602489074407758,0.0,1.7623104823694444
2011-07-06,0.0021031292049620703,0.0,0.0021031292049620703,0.0,1.7660168490131263
2011-07-07,0.009099775093505486,0.0,0.009099775093505486,0.0,1.782087205150487
2011-07-08,-0.0024182848259688833,0.0,-0.0024182848259688833,0.0,1.7777776107037184
2011-07-11,-0.013641754000616652,0.0,-0.013641754000616652,0.0,1.7535256058706943
2011-07-12,-0.0024702877531660034,0.0,-0.0024702877531660034,0.0,1.7491938930416489
2011-07-13,0.006190907662911124,0.0,0.006190907662911124,0.0,1.7600229909179979
2011-07-14,-0.00934756969782262,0.0,-0.00934756969782262,0.0,1.7435710533406217
2011-07-15,0.006560334276526608,0.0,0.006560334276526608,0.0,1.7550094622854118
2011-07-18,-0.007978097977355075,0.0,-0.007978097977355075,0.0,1.7410078248441136
2011-07-19,0.014472851759351674,0.0,0.014472851759351674,0.0,1.766205173004954
2011-07-20,0.0015691634920817349,0.0,0.0015691634920817349,0.0,1.7689766376819593
2011-07-21,0.007445494488308502,0.0,0.007445494488308502,0.0,1.7821475434877667
2011-07-22,0.004188070373203359,0.0,0.004188070373203359,0.0,1.7896113028153249
2011-07-25,-0.005029207367990646,0.0,-0.005029207367990646,0.0,1.7806109764653668
2011-07-26,0.0015498045453741643,0.0,0.0015498045453741643,0.0,1.7833705754502358
2011-07-27,-0.01870612373841435,0.0,-0.01870612373841435,0.0,1.7500106247944165
2011-07-28,0.00015347930366431395,0.0,0.00015347930366431395,0.0,1.7502792152065152
2011-07-29,0.002698778606119598,0.0,0.002698778606119598,0.0,1.7550028313072505
2011-08-01,-0.0046827360138910895,0.0,-0.0046827360138910895,0.0,1.7467846163446072
2011-08-02,-0.014628982950008557,0.0,-0.014628982950008557,0.0,1.7212309339747647
2011-08-03,0.0021920788843091538,0.0,0.0021920788843091538,0.0,1.7250040079601503
2011-08-04,-0.037389406441128564,0.0,-0.037389406441128564,0.0,1.6605071319939526
2011-08-05,-0.007635997680166595,0.0,-0.007635997680166595,0.0,1.6478275033861467
2011-08-08,-0.04905789540182945,0.0,-0.04905789540182945,0.0,1.5669885540847712
2011-08-09,0.04879983564593976,0.0,0.04879983564593976,0.0,1.643457337983177
2011-08-10,-0.018958923323531232,2.5e-05,-0.018983923323531233,0.125,1.6122580698934095
2011-08-11,0.020775359282316178,0.0,0.020775359282316178,0.0,1.6457533105512585
2011-08-12,0.004604584665171649,2.5e-05,0.004579584665171649,0.125,1.6532901771749147
2011-08-15,0.012659258182620897,0.0,0.012659258182620897,0.0,1.6742196043785629
2011-08-16,-0.001186856784689716,0.0,-0.001186856784689716,0.0,1.6722325454820455
2011-08-17,0.0022428074384379937,2.5e-05,0.002217807438437994,0.125,1.6759412352602137
2011-08-18,-0.012162990585978,0.0,-0.012162990585978,0.0,1.6555567777930913
2011-08-19,-0.0020764854218977696,2.5e-05,-0.0021014854218977695,0.125,1.652077649359435
2011-08-22,0.0034991245948149396,0.0,0.0034991245948149396,0.0,1.6578584748948528
2011-08-23,-0.003336403672852553,2.5e-05,-0.003361403672852553,0.125,1.6522857433282716
2011-08-24,-0.006140121546324623,0.0,-0.006140121546324623,0.0,1.6421405080349767
2011-08-25,-0.0004586343804847126,0.0,-0.0004586343804847126,0.0,1.6413873659404052
2011-08-26,0.006459389114184477,0.0,0.006459389114184477,0.0,1.6519897256241205
2011-08-29,2.8338344077796784e-05,0.0,2.8338344077796784e-05,0.0,1.6520365402773782
2011-08-30,0.00610685303975797,0.0,0.00610685303975797,0.0,1.6621252846451622
2011-08-31,-0.001490654670442182,0.0,-0.001490654670442182,0.0,1.6596476298267457
2011-09-01,0.0009543174643197594,0.0,0.0009543174643197594,0.0,1.6612314605445064
2011-09-02,0.004884565300573726,0.0,0.004884565300573726,0.0,1.6693458540929036
2011-09-06,0.0005269009565911364,0.0,0.0005269009565911364,0.0,1.6702254340203067
2011-09-07,-0.0016535393825119898,0.0,-0.0016535393825119898,0.0,1.667463650487481
2011-09-08,0.003499580286496315,0.0,0.003499580286496315,0.0,1.6732990734071762
2011-09-09,-0.0033443428006116604,0.0,-0.0033443428006116604,0.0,1.6677029876977567
2011-09-12,-0.0022472926700609075,0.0,-0.0022472926700609075,0.0,1.6639551709976648
2011-09-13,-0.00016167693300060682,0.0,-0.00016167693300060682,0.0,1.6636861478289673
2011-09-14,0.0009397957931478462,0.0,0.0009397957931478462,0.0,1.6652496730718154
2011-09-15,-0.0018295411775782616,0.0,-0.0018295411775782616,0.0,1.6622030302239816
2011-09-16,0.003290464969037038,0.0,0.003290464969037038,0.0,1.667672451066361
2011-09-19,-0.0022798163178678887,0.0,-0.0022798163178678887,0.0,1.6638704641995612
2011-09-20,0.002239039603769949,0.0,0.002239039603769949,0.0,1.667595936064447
2011-09-21,-0.0040161424622437575,0.0,-0.0040161424622437575,0.0,1.6608986332157534
2011-09-22,0.00142913465240177,2.5e-05,0.00140413465240177,0.125,1.6632307585407784
2011-09-23,-0.009164646830800136,0.0,-0.009164646830800136,0.0,1.6479878360406284
2011-09-26,-0.003743465840107374,0.0,-0.003743465840107374,0.0,1.6418186498714977
2011-09-27,0.0005058050415624737,0.0,0.0005058050415624737,0.0,1.6426490900219342
2011-09-28,-0.0034744403462586143,0.0,-0.0034744403462586143,0.0,1.6369418037488168
2011-09-29,0.0020493877620668954,0.0,0.0020493877620668954,0.0,1.6402965322486354
2011-09-30,0.003425232723018312,0.0,0.003425232723018312,0.0,1.6459149296063467
2011-10-03,0.005733337922627257,0.0,0.005733337922627257,0.0,1.655351516089677
2011-10-04,-0.004163398238503646,0.0,-0.004163398238503646,0.0,1.648459628503485
2011-10-05,0.0005433981541258098,0.0,0.0005433981541258098,0.0,1.6493553984227647
2011-10-06,-0.0014998053756568458,0.0,-0.0014998053756568458,0.0,1.6468816863298417
2011-10-07,-0.001943778050188208,0.0,-0.001943778050188208,0.0,1.6436805138566968
2011-10-10,0.0014463531117494266,0.0,0.0014463531117494266,0.0,1.6460578562826353
2011-10-11,-0.0013140449926112713,0.0,-0.0013140449926112713,0.0,1.6438948621990388
2011-10-12,-0.000923807036801616,0.0,-0.000923807036801616,0.0,1.6423762205575774
2011-10-13,0.0005096769929704009,0.0,0.0005096769929704009,0.0,1.6432133019309973
2011-10-14,-0.0009689029908642038,0.0,-0.0009689029908642038,0.0,1.6416211876481286
2011-10-17,0.0015642824706852548,0.0,0.0015642824706852548,0.0,1.644189146895472
2011-10-18,-0.0013759099929496754,0.0,-0.0013759099929496754,0.0,1.641926890617959
2011-10-19,-0.00156502080488366,0.0,-0.00156502080488366,0.0,1.639357240874044
2011-10-20,-0.00253203723857523,0.0,-0.00253203723857523,0.0,1.635206327292823
2011-10-21,6.373115830336784e-05,0.0,6.373115830336784e-05,0.0,1.6353105408861264
2011-10-24,0.0013853734487314084,0.0,0.0013853734487314084,0.0,1.6375760566899007
2011-10-25,0.0067245172000152675,0.0,0.0067245172000152675,0.0,1.648587965049445
2011-10-26,-0.0008174252962671186,0.0,-0.0008174252962671186,0.0,1.647240367543692
2011-10-27,-0.002631529346776962,0.0,-0.002631529346776962,0.0,1.6429056061753051
2011-10-28,0.0013661207330980252,0.0,0.0013661207330980252,0.0,1.645150013586424
2011-10-31,0.003276741989239773,0.0,0.003276741989239773,0.0,1.6505407457145413
2011-11-01,0.004214211839578597,0.0,0.004214211839578597,0.0,1.6574964740668383
2011-11-02,-0.00030472863843472586,0.0,-0.00030472863843472586,0.0,1.6569913874230855
2011-11-03,0.00025006354573268996,0.0,0.00025006354573268996,0.0,1.6574057405646732
2011-11-04,-0.00048290283922659827,0.0,-0.00048290283922659827,0.0,1.6566053746268041
2011-11-07,0.0038158528134275282,0.0,0.0038158528134275282,0.0,1.662926736906313
2011-11-08,-0.0026353688656400864,0.0,-0.0026353688656400864,0.0,1.6585443115580296
2011-11-09,0.0015407227200418122,0.0,0.0015407227200418122,0.0,1.6610996684610433
2011-11-10,-0.002538003465775124,0.0,-0.002538003465775124,0.0,1.6568837917454913
2011-11-11,0.0012969050776496793,0.0,0.0012969050776496793,0.0,1.6590326127480814
2011-11-14,0.00146432937267027,0.0,0.00146432937267027,0.0,1.6614619829331465
2011-11-15,-5.4766856258423036e-05,0.0,-5.4766856258423036e-05,0.0,1.6613709898835485
2011-11-16,-0.00019417303612423442,0.0,-0.00019417303612423442,0.0,1.6610483964343141
2011-11-17,-0.0022113498174401447,0.0,-0.0022113498174401447,0.0,1.6573752373661
2011-11-18,0.0003575877331052635,0.0,0.0003575877331052635,0.0,1.6579678944201344
2011-11-21,-0.002328723685466494,0.0,-0.002328723685466494,0.0,1.654106945314655
2011-11-22,0.002779028127822547,0.0,0.002779028127822547,0.0,1.6587037550421113
2011-11-23,0.0008624752262047508,0.0,0.0008624752262047508,0.0,1.6601343459384479
2011-11-25,-0.0028996174624744964,0.0,-0.0028996174624744964,0.0,1.655320591398911
2011-11-28,0.0024088848906608507,0.0,0.0024088848906608507,0.0,1.6593080681607317
2011-11-29,-0.0008374622210864796,0.0,-0.0008374622210864796,0.0,1.657918460340503
2011-11-30,0.0004824461379563383,0.0,0.0004824461379563383,0.0,1.6587183166987407
2011-12-01,-0.0009945533200223788,0.0,-0.0009945533200223788,0.0,1.657068632889886
2011-12-02,0.0018921566657316147,0.0,0.0018921566657316147,0.0,1.6602040663491835
2011-12-05,-0.0020931094383111887,0.0,-0.0020931094383111887,0.0,1.6567290775483854
2011-12-06,-0.0005504234984218953,0.0,-0.0005504234984218953,0.0,1.655817174933584
2011-12-07,0.0013544979121059286,2.5e-05,0.0013294979121059286,0.125,1.6580185804104872
2011-12-08,-0.0030647061929634234,0.0,-0.0030647061929634234,0.0,1.6529372405990548
2011-12-09,-0.0002491590987229869,0.0,-0.0002491590987229869,0.0,1.6525253962459414
2011-12-12,-0.003323446302077482,0.0,-0.003323446302077482,0.0,1.6470333168286988
2011-12-13,-0.0029411362613678688,0.0,-0.0029411362613678688,0.0,1.642189167416893
2011-12-14,-0.003975312673177286,0.0,-0.003975312673177286,0.0,1.635660952007906
2011-12-15,-0.001262948740543196,0.0,-0.001262948740543196,0.0,1.633595196068612
2011-12-16,0.004480982582168946,0.0,0.004480982582168946,0.0,1.6409153076885103
2011-12-19,6.364909408092256e-05,0.0,6.364909408092256e-05,0.0,1.6410197504613082
2011-12-20,0.0022897622574070686,0.0,0.0022897622574070686,0.0,1.6447772955495743
2011-12-21,-0.003383223217170786,0.0,-0.003383223217170786,0.0,1.6392126468161956
2011-12-22,0.0006994483189857459,0.0,0.0006994483189857459,0.0,1.6403591913464712
2011-12-23,-9.46174629162938e-05,0.0,-9.46174629162938e-05,0.0,1.6402039847215146
2011-12-27,-5.942705980714613e-05,0.0,-5.942705980714613e-05,0.0,1.6401065122212188
2011-12-28,-0.0022644722472852236,0.0,-0.0022644722472852236,0.0,1.6363925365417022
2011-12-29,0.0005563510011031003,0.0,0.0005563510011031003,0.0,1.6373029451676049
2011-12-30,0.0014180571186585833,0.0,0.0014180571186585833,0.0,1.6396247342644006
2012-01-03,0.0037514325204129617,0.0,0.0037514325204129617,0.0,1.6457756758137934
2012-01-04,-0.00032563549192683727,0.0,-0.00032563549192683727,0.0,1.6452397528419984
2012-01-05,0.001659313159031367,0.0,0.001659313159031367,0.0,1.6479697208136508
2012-01-06,0.0009612169953686495,0.0,0.0009612169953686495,0.0,1.6495537773171496
2012-01-09,-0.0011884687560128199,0.0,-0.0011884687560128199,0.0,1.647593334191445
2012-01-10,0.002409411385706925,0.0,0.002409411385706925,0.0,1.6515630643298607
2012-01-11,0.0026969337955436157,0.0,0.0026969337955436157,0.0,1.6560172205735233
2012-01-12,0.0008729442226349388,0.0,0.0008729442226349388,0.0,1.6574628312388069
2012-01-13,-7.970861284888053e-05,0.0,-7.970861284888053e-05,0.0,1.6573307171756801
2012-01-17,0.0026909853474940126,0.0,0.0026909853474940126,0.0,1.6617905698515518
2012-01-18,0.0010043405224103574,0.0,0.0010043405224103574,0.0,1.663459573460613
2012-01-19,-0.0012357207600961345,0.0,-0.0012357207600961345,0.0,1.661404001932107
2012-01-20,-0.0009445324933843313,0.0,-0.0009445324933843313,0.0,1.6598347518676433
2012-01-23,9.180907941194749e-05,0.0,9.180907941194749e-05,0.0,1.6599871397681882
2012-01-24,-0.0008852400447522113,0.0,-0.0008852400447522113,0.0,1.6585176526782917
2012-01-25,0.005718808913087806,2.5e-05,0.005693808913087806,0.125,1.6679609352716247
2012-01-26,0.0012199681044969407,0.0,0.0012199681044969407,0.0,1.6699957944122028
2012-01-27,0.002020463591429947,2.5e-05,0.001995463591429947,0.125,1.6733282102177933
2012-01-30,-0.00047672871232048997,0.0,-0.00047672871232048997,0.0,1.6725304866148465
2012-01-31,0.0031247457775304133,0.0,0.0031247457775304133,0.0,1.6777567191906873
2012-02-01,0.0020951088727730466,0.0,0.0020951088727730466,0.0,1.6812718021794182
2012-02-02,0.001914294968769853,0.0,0.001914294968769853,0.0,1.6844902523314649
2012-02-03,3.0972738469997596e-05,0.0,3.0972738469997596e-05,0.0,1.6845424256075054
2012-02-06,0.0003216780405061459,0.0,0.0003216780405061459,0.0,1.6850843059141245
2012-02-07,0.0005954407198197065,0.0,0.0005954407198197065,0.0,1.6860876737261947
2012-02-08,0.0004661072702638741,0.0,0.0004661072702638741,0.0,1.6868735714492207
2012-02-09,-0.0017635097967439173,2.5e-05,-0.0017885097967439173,0.125,1.6838565815408153
2012-02-10,-0.003701096501670817,0.0,-0.003701096501670817,0.0,1.6776244658375592
2012-02-13,0.005412448373560558,0.0,0.005412448373560558,0.0,1.686704521649127
2012-02-14,-0.0013078244949566858,0.0,-0.0013078244949566858,0.0,1.68449860815996
2012-02-15,-0.0027179724247888143,0.0,-0.0027179724247888143,0.0,1.6799201873933862
2012-02-16,0.00568659294815381,0.0,0.00568659294815381,0.0,1.6894732096844787
2012-02-17,-0.0004926409044831992,0.0,-0.0004926409044831992,0.0,1.6886409060743597
2012-02-21,-0.0010225326586303929,0.0,-0.0010225326586303929,0.0,1.6869142155991994
2012-02-22,-4.432530380914235e-05,0.0,-4.432530380914235e-05,0.0,1.686839442614093
2012-02-23,0.004868537935743766,0.0,0.004868537935743766,0.0,1.6950518844319686
2012-02-24,0.0008696598806390149,0.0,0.0008696598806390149,0.0,1.6965260030514606
2012-02-27,0.0006931955579829313,0.0,0.0006931955579829313,0.0,1.6977020273407786
2012-02-28,0.0014610634535822953,0.0,0.0014610634535822953,0.0,1.7001824777279988
2012-02-29,-0.010820201573211702,0.0,-0.010820201573211702,0.0,1.6817861606077393
2012-03-01,0.0036318837936263754,0.0,0.0036318837936263754,0.0,1.687894212508796
2012-03-02,-0.0015612344890797852,0.0,-0.0015612344890797852,0.0,1.685259013850309
2012-03-05,-0.0019066319453500818,0.0,-0.0019066319453500818,0.0,1.6820458451783127
2012-03-06,-0.007909890174431458,0.0,-0.007909890174431458,0.0,1.6687410472745936
2012-03-07,0.005138615443530475,2.5e-05,0.0051136154435304755,0.125,1.6772743472651903
2012-03-08,0.006189840626306661,0.0,0.006189840626306661,0.0,1.6876564081613543
2012-03-09,0.0043342043565128135,0.0,0.0043342043565128135,0.0,1.694971055917904
2012-03-12,-0.0016377676875938413,0.0,-0.0016377676875938413,0.0,1.6921950870911149
2012-03-13,0.008700782282266492,0.0,0.008700782282266492,0.0,1.7069185081230156
2012-03-14,-0.009390654594347167,2.5e-05,-0.009415654594347168,0.125,1.690846753029831
2012-03-15,0.005512552790419317,0.0,0.005512552790419317,0.0,1.7001676350164172
2012-03-16,0.001833813249776453,0.0,0.001833813249776453,0.0,1.7032854249523512
2012-03-19,0.0022018080808859086,0.0,0.0022018080808859086,0.0,1.7070357325650665
2012-03-20,-0.005708143241674166,0.0,-0.005708143241674166,0.0,1.697291728084929
2012-03-21,0.0004981773408614526,0.0,0.0004981773408614526,0.0,1.6981372803646924
2012-03-22,-0.0069530677874167085,0.0,-0.0069530677874167085,0.0,1.6863300167419772
2012-03-23,0.006860902550271913,0.0,0.006860902550271913,0.0,1.6978997626544423
2012-03-26,0.013367616122463025,0.0,0.013367616122463025,0.0,1.7205966348960278
2012-03-27,-0.0024889982170733654,0.0,-0.0024889982170733654,0.0,1.716314072939469
2012-03-28,-0.00650756568931686,0.0,-0.00650756568931686,0.0,1.7051450463663165
2012-03-29,-0.0011780117513801175,0.0,-0.0011780117513801175,0.0,1.7031363654638894
2012-03-30,0.0014722336745193743,0.0,0.0014722336745193743,0.0,1.7056437801734239
2012-04-02,0.009132363317810532,0.0,0.009132363317810532,0.0,1.7212203388647316
2012-04-03,-0.009277365231009402,0.0,-0.009277365231009402,0.0,1.7052519491380416
2012-04-04,-0.01173406461850321,0.0,-0.01173406461850321,0.0,1.6852424125760272
2012-04-05,0.001397642229872112,0.0,0.001397642229872112,0.0,1.687597778539415
2012-04-09,-0.0043549436471832514,0.0,-0.0043549436471832514,0.0,1.680248385314764
2012-04-10,-0.012077887501353746,0.0,-0.012077887501353746,0.0,1.659954534342601
2012-04-11,0.0065721398504308,0.0,0.0065721398504308,0.0,1.6708639876876574
2012-04-12,0.012819451471735771,0.0,0.012819451471735771,0.0,1.6922835474936901
2012-04-13,-0.009234297487473966,0.0,-0.009234297487473966,0.0,1.6766564977829757
2012-04-16,0.0002314507304045782,0.0,0.0002314507304045782,0.0,1.6770445611540252
2012-04-17,0.010449475245033674,0.0,0.010449475245033674,0.0,1.6945687967806227
2012-04-18,-0.004140302868129678,0.0,-0.004140302868129678,0.0,1.6875527687310687
2012-04-19,-0.004122617733203701,2.5e-05,-0.004147617733203701,0.125,1.6805534449417627
2012-04-20,0.004198158580484834,0.0,0.004198158580484834,0.0,1.6876086748066084
2012-04-23,-0.009198504983469552,0.0,-0.009198504983469552,0.0,1.6720851980012534
2012-04-24,0.0030192137116611395,0.0,0.0030192137116611395,0.0,1.6771335805581244
2012-04-25,0.010622175044695481,0.0,0.010622175044695481,0.0,1.6949483870241497
2012-04-26,0.005420259710200048,0.0,0.005420259710200048,0.0,1.7041354474772052
2012-04-27,0.003589578839967411,0.0,0.003589578839967411,0.0,1.7102525760199077
2012-04-30,-0.004010605327224609,0.0,-0.004010605327224609,0.0,1.7033934279276226
2012-05-01,0.003154236354211651,0.0,0.003154236354211651,0.0,1.708766333403517
2012-05-02,-0.0001971532017858435,0.0,-0.0001971532017858435,0.0,1.7084294446497827
2012-05-03,-0.006541743406833694,0.0,-0.006541743406833694,0.0,1.6972533375942045
2012-05-04,-0.011724992025053643,0.0,-0.011724992025053643,0.0,1.677353055746417
2012-05-07,0.0028031694367192383,0.0,0.0028031694367192383,0.0,1.6820549605668729
2012-05-08,-0.004515872886160108,0.0,-0.004515872886160108,0.0,1.6744590141774178
2012-05-09,-0.005223222762716889,0.0,-0.005223222762716889,0.0,1.6657129417393297
2012-05-10,0.0013212578175480078,0.0,0.0013212578175480078,0.0,1.6679137779853939
2012-05-11,-0.001793791790126828,0.0,-0.001793791790126828,0.0,1.6649218879438041
2012-05-14,-0.009289950648844789,0.0,-0.009289950648844789,0.0,1.6494548457706248
2012-05-15,-0.004163572515226616,0.0,-0.004163572515226616,0.0,1.642587220909667
2012-05-16,-0.00625683913716657,0.0,-0.00625683913716657,0.0,1.6323098168996697
2012-05-17,-0.011998771237339279,0.0,-0.011998771237339279,0.0,1.6127241048182275
2012-05-18,-0.00745357551354997,0.0,-0.00745357551354997,0.0,1.6007035439204425
2012-05-21,0.016785287797419612,0.0,0.016785287797419612,0.0,1.6275718135834967
2012-05-22,-0.0035929297844086716,0.0,-0.0035929297844086716,0.0,1.6217240623382085
2012-05-23,0.00027822237363700486,0.0,0.00027822237363700486,0.0,1.6221752622562167
2012-05-24,-0.001685448537624784,0.0,-0.001685448537624784,0.0,1.6194411693326758
2012-05-25,-0.0017198853300088857,0.0,-0.0017198853300088857,0.0,1.616655916222728
2012-05-29,0.01142497348721215,0.0,0.01142497348721215,0.0,1.6351261672035173
2012-05-30,-0.010174942299687975,0.0,-0.010174942299687975,0.0,1.6184888527995116
2012-05-31,0.0024714668347809443,0.0,0.0024714668347809443,0.0,1.6224888943216682
2012-06-01,-0.016838622532528547,0.0,-0.016838622532528547,0.0,1.595168416266966
2012-06-04,0.00034916605912606313,0.0,0.00034916605912606313,0.0,1.5957253949365164
2012-06-05,0.005224599366721941,0.0,0.005224599366721941,0.0,1.604062420824364
2012-06-06,0.016170448902099788,0.0,0.016170448902099788,0.0,1.6300008302360827
2012-06-07,-0.0010060288624958308,0.0,-0.0010060288624958308,0.0,1.628361002354973
2012-06-08,0.004148010253970186,0.0,0.004148010253970186,0.0,1.6351154604899065
2012-06-11,-0.011719386390902017,0.0,-0.011719386390902017,0.0,1.6159529106146877
2012-06-12,0.009263557750086138,0.0,0.009263557750086138,0.0,1.6309223837235867
2012-06-13,-0.003961710833689111,0.0,-0.003961710833689111,0.0,1.6244611408470828
2012-06-14,0.004876522589346441,5e-05,0.004826522589346441,0.25,1.6323016392388967
2012-06-15,0.005969936505032025,0.0,0.005969936505032025,0.0,1.6420463763822126
2012-06-18,0.0032701868193802386,0.0,0.0032701868193802386,0.0,1.647416174799069
2012-06-19,0.003545896583738592,0.0,0.003545896583738592,0.0,1.6532577421852845
2012-06-20,0.00026378654648814837,0.0,0.00026378654648814837,0.0,1.6536938493355502
2012-06-21,-0.010325450248027043,0.0,-0.010325450248027043,0.0,1.6366187157687677
2012-06-22,0.0020505176220028676,0.0,0.0020505176220028676,0.0,1.6399746312859513
2012-06-25,-0.0051809263303864705,0.0,-0.0051809263303864705,0.0,1.6314780435375562
2012-06-26,0.0018282346001634031,0.0,0.0018282346001634031,0.0,1.6344607681461585
2012-06-27,0.0046159128802363,0.0,0.0046159128802363,0.0,1.6420052966580854
2012-06-28,-0.00028481817433190226,0.0,-0.00028481817433190226,0.0,1.6415376237072479
2012-06-29,0.012260351787353282,0.0,0.012260351787353282,0.0,1.6616634524460745
2012-07-02,0.004857435646911518,0.0,0.004857435646911518,0.0,1.6697348757331563
2012-07-03,0.0032801984228222336,0.0,0.0032801984228222336,0.0,1.6752119374390677
2012-07-05,-0.0007563681761668661,0.0,-0.0007563681761668661,0.0,1.673944860441254
2012-07-06,-0.002679874126086196,0.0,-0.002679874126086196,0.0,1.6694588989212624
2012-07-09,0.00036179283614599933,0.0,0.00036179283614599933,0.0,1.6700628971911322
2012-07-10,-0.004791230209683431,0.0,-0.004791230209683431,0.0,1.6620612413860387
2012-07-11,-0.0008080381318057717,0.0,-0.0008080381318057717,0.0,1.6607182325256025
2012-07-12,-0.0009379345419819052,0.0,-0.0009379345419819052,0.0,1.6591605875308175
2012-07-13,0.006761982261136057,0.0,0.006761982261136057,0.0,1.6703798019920768
2012-07-16,-0.00032696975637665215,0.0,-0.00032696975637665215,0.0,1.6698336383151628
2012-07-17,0.002165635672234642,0.0,0.002165635672234642,0.0,1.6734498896089955
2012-07-18,0.002713434447924948,0.0,0.002713434447924948,0.0,1.6779906861863367
2012-07-19,-0.00033903523046315,0.0,-0.00033903523046315,0.0,1.6774217882273306
2012-07-20,-0.003521231555148399,0.0,-0.003521231555148399,0.0,1.671515197695331
2012-07-23,-0.004983888050278704,0.0,-0.004983888050278704,0.0,1.6631845530756781
2012-07-24,-0.003134898204662756,0.0,-0.003134898204662756,0.0,1.6579706388062183
2012-07-25,-0.0002634627064589806,0.0,-0.0002634627064589806,0.0,1.657533825374489
2012-07-26,0.004760502795967528,0.0,0.004760502795967528,0.0,1.6654245197845952
2012-07-27,0.007068636429134495,0.0,0.007068636429134495,0.0,1.6771968002151185
2012-07-30,0.0009944941108079308,0.0,0.0009944941108079308,0.0,1.6788647625555984
2012-07-31,-0.001955623452099972,0.0,-0.001955623452099972,0.0,1.6755815352530403
2012-08-01,-0.003757681699026072,0.0,-0.003757681699026072,0.0,1.6692852331827939
2012-08-02,-0.0006961540168170938,0.0,-0.0006961540168170938,0.0,1.6681231535625003
2012-08-03,0.00678581055305405,0.0,0.00678581055305405,0.0,1.6794427212617384
2012-08-06,0.0020835830727491816,0.0,0.0020835830727491816,0.0,1.6829419796874114
2012-08-07,-0.00027788032681806685,0.0,-0.00027788032681806685,0.0,1.68247432322008
2012-08-08,-0.0016067682160139651,0.0,-0.0016067682160139651,0.0,1.6797709769532705
2012-08-09,0.000588184527450103,0.0,0.000588184527450103,0.0,1.680758992251574
2012-08-10,0.000644103675909044,0.0,0.000644103675909044,0.0,1.6818415752968003
2012-08-13,-0.0002702392026450312,0.0,-0.0002702392026450312,0.0,1.681387075770517
2012-08-14,-0.002183946709075249,0.0,-0.002183946709075249,0.0,1.6777150159997063
2012-08-15,0.00037367546582288413,0.0,0.00037367546582288413,0.0,1.6783419369398278
2012-08-16,0.003602196170303551,0.0,0.003602196170303551,0.0,1.6843876538375322
2012-08-17,0.002243851621149151,0.0,0.002243851621149151,0.0,1.6881671698052392
2012-08-20,-0.0001847034094740463,0.0,-0.0001847034094740463,0.0,1.687855359573214
2012-08-21,-0.00012945407284856159,0.0,-0.00012945407284856159,0.0,1.687636859822538
2012-08-22,0.001955861261732264,0.0,0.001955861261732264,0.0,1.6909376433805365
2012-08-23,-0.002778928297428082,0.0,-0.002778928297428082,0.0,1.68623864891416
2012-08-24,0.0021667280700971014,0.0,0.0021667280700971014,0.0,1.6898922695276448
2012-08-27,0.0017078194230010502,0.0,0.0017078194230010502,0.0,1.6927783003683237
2012-08-28,0.0011788378609889072,0.0,0.0011788378609889072,0.0,1.6947738115190583
2012-08-29,-0.0001025237349811664,0.0,-0.0001025237349811664,0.0,1.694600056977953
2012-08-30,-0.0030353891762753965,0.0,-0.0030353891762753965,0.0,1.6894562863068863
2012-08-31,0.004098769539070235,0.0,0.004098769539070235,0.0,1.6963809782707915
2012-09-04,0.0020368770300920047,0.0,0.0020368770300920047,0.0,1.6998362977197163
2012-09-05,-0.0013574743565110542,2.5e-05,-0.0013824743565110543,0.125,1.697486317627852
2012-09-06,0.009747361749676803,0.0,0.009747361749676803,0.0,1.7140323308308976
2012-09-07,0.0026448063750890705,0.0,0.0026448063750890705,0.0,1.7185656144665877
2012-09-10,-0.004537635473480683,0.0,-0.004537635473480683,0.0,1.71076739017088
2012-09-11,0.0014231171950461613,0.0,0.0014231171950461613,0.0,1.7132020126605563
2012-09-12,0.0009420408521260554,0.0,0.0009420408521260554,0.0,1.7148159189444272
2012-09-13,0.008190209538356502,0.0,0.008190209538356502,0.0,1.7288606206402917
2012-09-14,0.0014450828129693033,0.0,0.0014450828129693033,0.0,1.7313589674091985
2012-09-17,-0.0004701383328851172,0.0,-0.0004701383328851172,0.0,1.730544989190635
2012-09-18,-0.001485092567665533,0.0,-0.001485092567665533,0.0,1.7279749696891773
2012-09-19,0.0007280751680745212,0.0,0.0007280751680745212,0.0,1.7292330653556622
2012-09-20,-0.0030096635423031842,0.0,-0.0030096635423031842,0.0,1.7240286556427162
2012-09-21,0.0006700029045457745,0.0,0.0006700029045457745,0.0,1.7251837598495172
2012-09-24,-0.0019110129389900976,2.5e-05,-0.0019360129389900977,0.125,1.721843781768313
2012-09-25,-0.0065706197333468275,0.0,-0.0065706197333468275,0.0,1.7105302010380856
2012-09-26,-0.003141342645753137,0.0,-0.003141342645753137,0.0,1.705156839570716
2012-09-27,0.007263903507897115,0.0,0.007263903507897115,0.0,1.7175429343191886
2012-09-28,-0.005423671049914966,0.0,-0.005423671049914966,0.0,1.7082275464293357
2012-10-01,0.0014124635315198447,0.0,0.0014124635315198447,0.0,1.7106403555422047
2012-10-02,0.0018662816777733765,0.0,0.0018662816777733765,0.0,1.713832892295013
2012-10-03,0.0009565715612414455,0.0,0.0009565715612414455,0.0,1.7154722961005024
2012-10-04,0.004270226156668347,2.5e-05,0.004245226156668347,0.125,1.7227548639629482
2012-10-05,-0.0028234323109748855,0.0,-0.0028234323109748855,0.0,1.717890782216146
2012-10-08,-0.0038270445203387876,0.0,-0.0038270445203387876,0.0,1.7113163377115252
2012-10-09,-0.008895047839089482,0.0,-0.008895047839089482,0.0,1.6960940970197658
2012-10-10,-0.0014635489066430613,0.0,-0.0014635489066430613,0.0,1.693611780358509
2012-10-11,0.0032141536638959217,0.0,0.0032141536638959217,0.0,1.6990553088675655
2012-10-12,-0.0030596356973361938,0.0,-0.0030596356973361938,0.0,1.6938568185928056
2012-10-15,0.004021825519108055,0.0,0.004021825519108055,0.0,1.7006692151715372
2012-10-16,0.007157479390672419,0.0,0.007157479390672419,0.0,1.7128417200294785
2012-10-17,0.0023585344466175023,0.0,0.0023585344466175023,0.0,1.7168815162277715
2012-10-18,-0.0033293246391621345,0.0,-0.0033293246391621345,0.0,1.7111654602932724
2012-10-19,-0.011907390961469144,0.0,-0.011907390961469144,0.0,1.6907899441577983
2012-10-22,0.001742455192271411,0.0,0.001742455192271411,0.0,1.693736069875036
2012-10-23,-0.009882809655831548,0.0,-0.009882809655831548,0.0,1.676997198689245
2012-10-24,-0.002699155449165061,0.0,-0.002699155449165061,0.0,1.6724707225621682
2012-10-25,0.002882857258229579,0.0,0.002882857258229579,0.0,1.677292216923883
2012-10-26,-0.0007685994584250982,0.0,-0.0007685994584250982,0.0,1.6760030510343347
2012-10-31,0.0023418016988892565,0.0,0.0023418016988892565,0.0,1.6799279178265905
2012-11-01,0.006910350583996916,0.0,0.006910350583996916,0.0,1.691536808694616
2012-11-02,-0.008139254648559774,0.0,-0.008139254648559774,0.0,1.6777689598612384
2012-11-05,0.002574866422413419,0.0,0.002574866422413419,0.0,1.6820889908205527
2012-11-06,0.00602954495353554,0.0,0.00602954495353554,0.0,1.6922312220065523
2012-11-07,-0.0108840440555944,0.0,-0.0108840440555944,0.0,1.6738129028339805
2012-11-08,-0.006430717510689618,0.0,-0.006430717510689618,0.0,1.6630490848901078
2012-11-09,0.0008831006869527702,0.0,0.0008831006869527702,0.0,1.6645177246794105
2012-11-12,-0.00028121012793796973,0.0,-0.00028121012793796973,0.0,1.6640496454370985
2012-11-13,-0.0036952408822544802,0.0,-0.0036952408822544802,0.0,1.6579005811571783
2012-11-14,-0.010908244982038837,0.0,-0.010908244982038837,0.0,1.6398157954620514
2012-11-15,-0.002048931234152576,0.0,-0.002048931234152576,0.0,1.6364559256604723
2012-11-16,0.003001416514912758,0.0,0.003001416514912758,0.0,1.6413676115016766
2012-11-19,0.015391813858788073,0.0,0.015391813858788073,0.0,1.6666312362517541
2012-11-20,-0.0004223370839521595,0.0,-0.0004223370839521595,0.0,1.665927356075412
2012-11-21,0.0009586687766763302,0.0,0.0009586687766763302,0.0,1.6675244286158923
2012-11-23,0.011909047731403624,0.0,0.011909047731403624,0.0,1.6873830566295607
2012-11-26,0.0010948500109835002,0.0,0.0010948500109835002,0.0,1.689230487987645
2012-11-27,-0.003627828096197619,0.0,-0.003627828096197619,0.0,1.6831022501623698
2012-11-28,0.0027986732132672387,0.0,0.0027986732132672387,0.0,1.687812703345089
2012-11-29,0.005916895610305728,0.0,0.005916895610305728,0.0,1.6977993149205297
2012-11-30,-0.0012571656492216532,0.0,-0.0012571656492216532,0.0,1.6956648999425397
2012-12-03,-0.00021843633608575885,0.0,-0.00021843633608575885,0.0,1.695294505114567
2012-12-04,0.00020513691659959643,0.0,0.00020513691659959643,0.0,1.6956422726020743
2012-12-05,-0.0004728386162710929,0.0,-0.0004728386162710929,0.0,1.6948405074562063
2012-12-06,0.004348245588992439,0.0,0.004348245588992439,0.0,1.7022100902167985
2012-12-07,-4.168615807004228e-05,0.0,-4.168615807004228e-05,0.0,1.702139131617909
2012-12-10,0.0027816181820660008,0.0,0.0027816181820660008,0.0,1.7068738327748234
2012-12-11,0.004402807441902981,0.0,0.004402807441902981,0.0,1.7143888695881537
2012-12-12,-0.0018350408179772792,0.0,-0.0018350408179772792,0.0,1.7112428960345736
2012-12-13,-0.00540239240698516,0.0,-0.00540239240698516,0.0,1.701998090406529
2012-12-14,5.882242678098559e-06,0.0,5.882242678098559e-06,0.0,1.7020081019723343
2012-12-17,0.004743478513212815,0.0,0.004743478513212815,0.0,1.710081540833354
2012-12-18,0.005400688061191178,0.0,0.005400688061191178,0.0,1.7193171577945963
2012-12-19,-0.000865307779615479,0.0,-0.000865307779615479,0.0,1.7178294192823302
2012-12-20,0.0030760268936087937,2.5e-05,0.003051026893608794,0.125,1.723070563039193
2012-12-21,-0.0022223934490748914,0.0,-0.0022223934490748914,0.0,1.7192412223076008
2012-12-24,-0.0014187285122435056,0.0,-0.0014187285122435056,0.0,1.7168020857660886
2012-12-26,-0.0010843159537547442,0.0,-0.0010843159537547442,0.0,1.7149405298750529
2012-12-27,0.002197584839871272,0.0,0.002197584839871272,0.0,1.718709257184787
2012-12-28,-0.003691096889868059,0.0,-0.003691096889868059,0.0,1.7123653347910048
2012-12-31,0.00890996256186348,0.0,0.00890996256186348,0.0,1.7276224458162253
2013-01-02,0.01204075177321122,0.0,0.01204075177321122,0.0,1.7484243188441266
2013-01-03,-0.00588901829156635,0.0,-0.00588901829156635,0.0,1.7381278160490343
2013-01-04,0.0028372578567075063,0.0,0.0028372578567075063,0.0,1.7430593328510813
2013-01-07,-0.00275672178566759,0.0,-0.00275672178566759,0.0,1.7382542032144996
2013-01-08,-0.0007982746169235971,0.0,-0.0007982746169235971,0.0,1.7368665990063128
2013-01-09,0.002281257289082933,0.0,0.002281257289082933,0.0,1.7408288385954607
2013-01-10,0.004917265605219906,0.0,0.004917265605219906,0.0,1.749388956368061
2013-01-11,-0.0006081002179223749,0.0,-0.0006081002179223749,0.0,1.7483251525624626
2013-01-14,0.001053368099091706,0.0,0.001053368099091706,0.0,1.7501667825050113
2013-01-15,0.0018616472495392028,0.0,0.0018616472495392028,0.0,1.7534249756818967
2013-01-16,-0.0009213694976833303,0.0,-0.0009213694976833303,0.0,1.7518094233928274
2013-01-17,0.0033651897555632693,0.0,0.0033651897555632693,0.0,1.7577045945181282
2013-01-18,0.002084479430260633,0.0,0.002084479430260633,0.0,1.7613684935898757
2013-01-22,0.0027731751607604216,0.0,0.0027731751607604216,0.0,1.7662530769452451
2013-01-23,-0.0014678372320404837,0.0,-0.0014678372320404837,0.0,1.7636605049176988
2013-01-24,-0.00267894766718825,2.5e-05,-0.00270394766718825,0.125,1.7588916592097144
2013-01-25,0.0015771009756751359,0.0,0.0015771009756751359,0.0,1.7616656089615608
2013-01-28,-0.0012318657983393516,2.5e-05,-0.0012568657983393517,0.125,1.7594514317095462
2013-01-29,0.0037350761687918177,0.0,0.0037350761687918177,0.0,1.766023116822271
2013-01-30,-0.0029727938546977584,0.0,-0.0029727938546977584,0.0,1.7607730941533277
2013-01-31,-0.0014498211559370866,0.0,-0.0014498211559370866,0.0,1.7582202880706195
2013-02-01,0.00660728896367907,0.0,0.00660728896367907,0.0,1.769837357575705
2013-02-04,-0.008864961645267386,0.0,-0.008864961645267386,0.0,1.754147817282435
2013-02-05,0.004622426670078492,0.0,0.004622426670078492,0.0,1.7622562369363013
2013-02-06,0.0008181946341327268,0.0,0.0008181946341327268,0.0,1.7636981055333296
2013-02-07,-0.0035535641831615644,0.0,-0.0035535641831615644,0.0,1.7574306911155966
2013-02-08,0.005523288082676492,0.0,0.005523288082676492,0.0,1.7671374871079653
2013-02-11,-0.0015761340416868969,0.0,-0.0015761340416868969,0.0,1.7643522415581934
2013-02-12,0.0022951522280145603,0.0,0.0022951522280145603,0.0,1.7684016985364082
2013-02-13,0.0012662668115153708,0.0,0.0012662668115153708,0.0,1.770640966916692
2013-02-14,-0.001414998784741911,0.0,-0.001414998784741911,0.0,1.7681355121002906
2013-02-15,-0.0032380875710175533,0.0,-0.0032380875710175533,0.0,1.762410134474684
2013-02-19,0.005324286827775818,0.0,0.005324286827775818,0.0,1.7717937115388063
2013-02-20,-0.01207306300142777,0.0,-0.01207306300142777,0.0,1.7504027344338648
2013-02-21,-0.00686962859267605,0.0,-0.00686962859267605,0.0,1.7383781177606996
2013-02-22,0.007872887770707243,0.0,0.007872887770707243,0.0,1.752064173584883
2013-02-25,-0.012605206245212747,0.0,-0.012605206245212747,0.0,1.7299790433219973
2013-02-26,0.004389874582943543,2.5e-05,0.004364874582943543,0.125,1.7375301848772182
2013-02-27,0.008030673620401357,0.0,0.008030673620401357,0.0,1.751483722697563
2013-02-28,-0.001103014436748928,0.0,-0.001103014436748928,0.0,1.7495518108656967
2013-03-01,0.0019480213173539568,0.0,0.0019480213173539568,0.0,1.7529599750890783
2013-03-04,0.0018444630736464268,0.0,0.0018444630736464268,0.0,1.7561932450327105
2013-03-05,0.00816281729392307,0.0,0.00816281729392307,0.0,1.7705287296247343
2013-03-06,0.0007360379149607965,0.0,0.0007360379149607965,0.0,1.7718319058992655
2013-03-07,0.0012656506612916396,0.0,0.0012656506612916396,0.0,1.7740744261226644
2013-03-08,0.003410801196770119,0.0,0.003410801196770119,0.0,1.7801254412984429
2013-03-11,0.0006043367526522431,0.0,0.0006043367526522431,0.0,1.7812012365269507
2013-03-12,-0.003504749247960043,0.0,-0.003504749247960043,0.0,1.7749585728327673
2013-03-13,-0.0007647665789823066,0.0,-0.0007647665789823066,0.0,1.7736011438371866
2013-03-14,0.004872529082505989,0.0,0.004872529082505989,0.0,1.7822430669912992
2013-03-15,-0.0011722117333786558,0.0,-0.0011722117333786558,0.0,1.7801539007564393
2013-03-18,-0.0051224320943634855,0.0,-0.0051224320943634855,0.0,1.7710351832822981
2013-03-19,-0.002932253443637012,0.0,-0.002932253443637012,0.0,1.7658420592673163
2013-03-20,0.0047828151557523235,0.0,0.0047828151557523235,0.0,1.7742877554310448
2013-03-21,-0.006367127175478396,0.0,-0.006367127175478396,0.0,1.7629906396463213
2013-03-22,0.004824270519212359,0.0,0.004824270519212359,0.0,1.7714957834148144
2013-03-25,-0.0025654311526192297,0.0,-0.0025654311526192297,0.0,1.7669511329453085
2013-03-26,0.005732505391986276,0.0,0.005732505391986276,0.0,1.7770801898422939
2013-03-27,0.00033075648394015333,0.0,0.00033075648394015333,0.0,1.7776679706375658
2013-03-28,0.0021387184043812624,0.0,0.0021387184043812624,0.0,1.7814699018432474
2013-04-01,-0.0056741531866668915,0.0,-0.0056741531866668915,0.0,1.7713615687227524
2013-04-02,0.002603638204217537,0.0,0.002603638204217537,0.0,1.7759735533765617
2013-04-03,-0.00689897741251036,0.0,-0.00689897741251036,0.0,1.7637211519466012
2013-04-04,0.0043987501523154865,0.0,0.0043987501523154865,0.0,1.7714793206323685
2013-04-05,-0.0020403529434806084,0.0,-0.0020403529434806084,0.0,1.7678648775862011
2013-04-08,0.00424766085881062,0.0,0.00424766085881062,0.0,1.7753741680303903
2013-04-09,0.002601656978097111,0.0,0.002601656978097111,0.0,1.7799930826233799
2013-04-10,0.010051620321434113,0.0,0.010051620321434113,0.0,1.797884897264689
2013-04-11,0.0023578463450800585,0.0,0.0023578463450800585,0.0,1.802124033598579
2013-04-12,-0.0028154328789375543,0.0,-0.0028154328789375543,0.0,1.7970502743424621
2013-04-15,-0.01817013094392353,0.0,-0.01817013094392353,0.0,1.7643976355448459
2013-04-16,0.012083999359944197,0.0,0.012083999359944197,0.0,1.7857186154434568
2013-04-17,-0.012346870596944323,0.0,-0.012346870596944323,0.0,1.7636705787760218
2013-04-18,-0.0037721142608183045,0.0,-0.0037721142608183045,0.0,1.7570178118344353
2013-04-19,0.008991753312665218,0.0,0.008991753312665218,0.0,1.7728164825644093
2013-04-22,0.003158228616834305,0.0,0.003158228616834305,0.0,1.7784154423120397
2013-04-23,0.0075309784634434995,0.0,0.0075309784634434995,0.0,1.791808650707147
2013-04-24,0.0027682490843338597,0.0,0.0027682490843338597,0.0,1.7967688233637686
2013-04-25,0.0033559771818530565,0.0,0.0033559771818530565,0.0,1.8027987385360422
2013-04-26,-0.0028465046607582534,0.0,-0.0028465046607582534,0.0,1.7976670635243903
2013-04-29,0.006854547093819829,0.0,0.006854547093819829,0.0,1.8099892570703269
2013-04-30,0.005323811977539145,0.0,0.005323811977539145,0.0,1.8196252995563351
2013-05-01,-0.007808012833462413,0.0,-0.007808012833462413,0.0,1.8054176418653063
2013-05-02,0.006927346548819019,0.0,0.006927346548819019,0.0,1.817924395535859
2013-05-03,0.007864551880520987,0.0,0.007864551880520987,0.0,1.8322215562594155
2013-05-06,0.002265898583931794,0.0,0.002265898583931794,0.0,1.8363731844891933
2013-05-07,0.003368096981776522,0.0,0.003368096981776522,0.0,1.8425582674692864
2013-05-08,0.0038900368896895576,0.0,0.0038900368896895576,0.0,1.8497258871011442
2013-05-09,-0.0038809759915770237,0.0,-0.0038809759915770237,0.0,1.8425471453423061
2013-05-10,0.0017472339137832582,0.0,0.0017472339137832582,0.0,1.8457665062023927
2013-05-13,-0.00045291838239268356,0.0,-0.00045291838239268356,0.0,1.8449305246221288
2013-05-14,0.004819131358534706,0.0,0.004819131358534706,0.0,1.853821487167653
2013-05-15,0.0029878744112326605,0.0,0.0029878744112326605,0.0,1.8593604729521545
2013-05-16,-0.0029706468841255163,0.0,-0.0029706468841255163,0.0,1.853836969556713
2013-05-17,0.00592414102874117,0.0,0.00592414102874117,0.0,1.864819361208661
2013-05-20,0.0013101260794886743,0.0,0.0013101260794886743,0.0,1.867262509687316
2013-05-21,0.0010452665306441011,0.0,0.0010452665306441011,0.0,1.8692142966926188
2013-05-22,-0.009527076171829865,0.0,-0.009527076171829865,0.0,1.8514061497065548
2013-05-23,-0.005561068483256965,0.0,-0.005561068483256965,0.0,1.8411103533177136
2013-05-24,-0.0026903860939932883,0.0,-0.0026903860939932883,0.0,1.8361570556256406
2013-05-28,0.00312146429617359,0.0,0.00312146429617359,0.0,1.8418885543169434
2013-05-29,-0.008001379178621204,0.0,-0.008001379178621204,0.0,1.827150905589091
2013-05-30,0.0012821119470271675,0.0,0.0012821119470271675,0.0,1.8294935175941685
2013-05-31,-0.010686425689808932,0.0,-0.010686425689808932,0.0,1.8099427710684113
2013-06-03,0.00513461124711892,0.0,0.00513461124711892,0.0,1.8192361235773806
2013-06-04,-0.005384868758364747,0.0,-0.005384868758364747,0.0,1.8094397758114402
2013-06-05,-0.01103740209189201,0.0,-0.01103740209189201,0.0,1.7894682614447466
2013-06-06,0.006817286346869789,0.0,0.006817286346869789,0.0,1.8016675789916508
2013-06-07,0.0053178595681740715,0.0,0.0053178595681740715,0.0,1.8112485941652603
2013-06-10,-0.0018283104406646294,0.0,-0.0018283104406646294,0.0,1.8079370694499088
2013-06-11,-0.009638839544495958,0.0,-0.009638839544495958,0.0,1.790510654130935
2013-06-12,-0.006424344186529485,0.0,-0.006424344186529485,0.0,1.7790077974191498
2013-06-13,0.010850070357318137,2.5e-05,0.010825070357318136,0.125,1.7982656819924296
2013-06-14,-0.0034732207840773716,0.0,-0.0034732207840773716,0.0,1.7920199082504404
2013-06-17,0.005148391272748742,0.0,0.005148391272748742,0.0,1.801245927906669
2013-06-18,0.005015813947026687,0.0,0.005015813947026687,0.0,1.8102806423538882
2013-06-19,-0.010819850488463872,0.0,-0.010819850488463872,0.0,1.7906936764614587
2013-06-20,-0.019158483557901368,0.0,-0.019158483557901368,0.0,1.756386701103734
2013-06-21,0.0022073485336307486,0.0,0.0022073485336307486,0.0,1.7602636587129037
2013-06-24,-0.00699271866033635,0.0,-0.00699271866033635,0.0,1.7479546301795101
2013-06-25,0.007010476339815691,0.0,0.007010476339815691,0.0,1.760208624757455
2013-06-26,0.0053353959508593285,0.0,0.0053353959508593285,0.0,1.7696000347266536
2013-06-27,0.0069673202109313825,0.0,0.0069673202109313825,0.0,1.7819294048138696
2013-06-28,-0.0020709189321141547,0.0,-0.0020709189321141547,0.0,1.7782391734737497
2013-07-01,0.004445350374249257,0.0,0.004445350374249257,0.0,1.7861440696490558
2013-07-02,0.0011343861618752782,0.0,0.0011343861618752782,0.0,1.7881702467647813
2013-07-03,3.1995857597721944e-05,0.0,3.1995857597721944e-05,0.0,1.788227460805357
2013-07-05,0.00406069446156182,0.0,0.00406069446156182,0.0,1.795488906151462
2013-07-08,0.0022404871337810828,0.0,0.0022404871337810828,0.0,1.799511675944541
2013-07-09,0.005283615132107844,0.0,0.005283615132107844,0.0,1.8090196030659664
2013-07-10,0.0015270546580591904,0.0,0.0015270546580591904,0.0,1.8117820748773488
2013-07-11,0.011913070000754672,0.0,0.011913070000754672,0.0,1.833365961561475
2013-07-12,-0.0007399022428460217,0.0,-0.0007399022428460217,0.0,1.832009449974558
2013-07-15,0.0031555943769667194,0.0,0.0031555943769667194,0.0,1.8377905286934477
2013-07-16,-0.0012570459621520785,0.0,-0.0012570459621520785,0.0,1.8354803415300724
2013-07-17,0.0019496747119397695,0.0,0.0019496747119397695,0.0,1.8390589311362164
2013-07-18,0.0030953935246946923,0.0,0.0030953935246946923,0.0,1.8447515422431875
2013-07-19,-0.0010687693804775633,0.0,-0.0010687693804775633,0.0,1.842779928280249
2013-07-22,0.0019568171239194576,0.0,0.0019568171239194576,0.0,1.846385911599523
2013-07-23,-0.0011396537028429687,0.0,-0.0011396537028429687,0.0,1.8442816710584915
2013-07-24,-0.0036908526321024065,0.0,-0.0036908526321024065,0.0,1.837474699198527
2013-07-25,0.002678156813273297,0.0,0.002678156813273297,0.0,1.8423957445834025
2013-07-26,-0.0003730147174232368,0.0,-0.0003730147174232368,0.0,1.841708503855355
2013-07-29,-0.0036155128681815557,0.0,-0.0036155128681815557,0.0,1.8350497830602266
2013-07-30,0.00038139479495755135,0.0,0.00038139479495755135,0.0,1.8357496614959739
2013-07-31,-0.0012108290606321348,0.0,-0.0012108290606321348,0.0,1.833526882457789
2013-08-01,0.005627074571193366,0.0,0.005627074571193366,0.0,1.8438442749536665
2013-08-02,0.0014280664222193762,0.0,0.0014280664222193762,0.0,1.8464774070505294
2013-08-05,-2.8062010118068414e-05,0.0,-2.8062010118068414e-05,0.0,1.84642559118285
2013-08-06,-0.003332206550483399,0.0,-0.003332206550483399,0.0,1.8402729197329304
2013-08-07,-0.002397113025506492,0.0,-0.002397113025506492,0.0,1.8358615775465517
2013-08-08,0.0027765780123356343,0.0,0.0027765780123356343,0.0,1.8409589904364594
2013-08-09,0.00032367680951400635,0.0,0.00032367680951400635,0.0,1.84155486616893
2013-08-12,-0.00042544853259278426,0.0,-0.00042544853259278426,0.0,1.8407713793534295
2013-08-13,-3.7143072727785498e-06,0.0,-3.7143072727785498e-06,0.0,1.8407645421629077
2013-08-14,-0.002023357200290149,0.0,-0.002023357200290149,0.0,1.8370400179724837
2013-08-15,-0.009517267666792853,0.0,-0.009517267666792853,0.0,1.8195564164068296
2013-08-16,-0.0038356236339183863,0.0,-0.0038356236339183863,0.0,1.8125772828128117
2013-08-19,-0.004823228179371544,0.0,-0.004823228179371544,0.0,1.8038348089850602
2013-08-20,0.005634164548192239,0.0,0.005634164548192239,0.0,1.813997911116639
2013-08-21,-0.0037185297508748605,0.0,-0.0037185297508748605,0.0,1.807252505916127
2013-08-22,0.006099668940596409,0.0,0.006099668940596409,0.0,1.8182761478942786
2013-08-23,0.003963842426384201,0.0,0.003963842426384201,0.0,1.8254835080321843
2013-08-26,-0.0016619655610806555,0.0,-0.0016619655610806555,0.0,1.8224496173095142
2013-08-27,-0.01023674199418842,0.0,-0.01023674199418842,0.0,1.803793670779709
2013-08-28,0.00026373012337374546,0.0,0.00026373012337374546,0.0,1.8042693855070444
2013-08-29,0.002311151493411462,0.0,0.002311151493411462,0.0,1.8084393253918758
2013-08-30,-0.005752338480736849,0.0,-0.005752338480736849,0.0,1.7980365702703462
2013-09-03,0.004532636506132559,2.5e-05,0.004507636506132559,0.125,1.8061414655538581
2013-09-04,0.004588201957663629,0.0,0.004588201957663629,0.0,1.8144284073619297
2013-09-05,0.0004635680410194354,0.0,0.0004635680410194354,0.0,1.8152695183843004
2013-09-06,0.0012279335825105264,0.0,0.0012279335825105264,0.0,1.8174985487872322
2013-09-09,0.006269259949000516,0.0,0.006269259949000516,0.0,1.8288929196465107
2013-09-10,0.004173691698061366,0.0,0.004173691698061366,0.0,1.8365261548418823
2013-09-11,0.0006508806632160857,0.0,0.0006508806632160857,0.0,1.8377215142035597
2013-09-12,-0.002044120217011197,0.0,-0.002044120217011197,0.0,1.8339649905031399
2013-09-13,0.0016443984304112813,0.0,0.0016443984304112813,0.0,1.8369807596549526
2013-09-16,0.001636349333911713,0.0,0.001636349333911713,0.0,1.8399867018974227
2013-09-17,0.0027093229876417046,0.0,0.0027093229876417046,0.0,1.8449718201658287
2013-09-18,0.00747028532761021,0.0,0.00747028532761021,0.0,1.858754286083868
2013-09-19,-0.0006340872453091395,0.0,-0.0006340872453091395,0.0,1.8575756736988984
2013-09-20,-0.0026661061482464304,0.0,-0.0026661061482464304,0.0,1.8526231797744168
2013-09-23,-0.0008588644816005936,0.0,-0.0008588644816005936,0.0,1.8510320275275187
2013-09-24,-7.370525033516262e-05,0.0,-7.370525033516262e-05,0.0,1.8508955967485514
2013-09-25,-0.0008872969231556727,0.0,-0.0008872969231556727,0.0,1.849253302780474
2013-09-26,0.0026694025875887983,0.0,0.0026694025875887983,0.0,1.8541897043320235
2013-09-27,-0.0017386678204356354,0.0,-0.0017386678204356354,0.0,1.8509658843601182
2013-09-30,-0.001826024313926311,0.0,-0.001826024313926311,0.0,1.8475859756510284
2013-10-01,0.0043772308005952665,0.0,0.0043772308005952665,0.0,1.8556732858903962
2013-10-02,-0.0007140866501698373,0.0,-0.0007140866501698373,0.0,1.854348174369865
2013-10-03,-0.004710958797969178,0.0,-0.004710958797969178,0.0,1.8456124165233192
2013-10-04,0.003155971269615171,0.0,0.003155971269615171,0.0,1.8514371162847119
2013-10-07,-0.004871739533568273,0.0,-0.004871739533568273,0.0,1.8424173968913922
2013-10-08,-0.006858908627023,0.0,-0.006858908627023,0.0,1.8297804243132765
2013-10-09,-0.0002641883182698118,0.0,-0.0002641883182698118,0.0,1.8292970177001742
2013-10-10,0.010599878565913157,0.0,0.010599878565913157,0.0,1.8486873439487832
2013-10-11,0.004267966208894636,0.0,0.004267966208894636,0.0,1.8565774790635678
2013-10-14,0.0024363786541760912,0.0,0.0024363786541760912,0.0,1.8611008048033824
2013-10-15,-0.0032161198846789446,0.0,-0.0032161198846789446,0.0,1.8551152814976621
2013-10-16,0.005645055497988577,0.0,0.005645055497988577,0.0,1.865587510216883
2013-10-17,0.004303541962252744,0.0,0.004303541962252744,0.0,1.8736161443513561
2013-10-18,0.005039693760286318,0.0,0.005039693760286318,0.0,1.8830585959432153
2013-10-21,0.00022179504934026484,0.0,0.00022179504934026484,0.0,1.883476249017413
2013-10-22,0.0024808578783678814,0.0,0.0024808578783678814,0.0,1.8881488859085067
2013-10-23,-0.0029897991817803143,0.0,-0.0029897991817803143,0.0,1.882503699914338
2013-10-24,0.0025011929020864188,0.0,0.0025011929020864188,0.0,1.8872122048067153
2013-10-25,0.0012232363145257275,0.0,0.0012232363145257275,0.0,1.889520711308851
2013-10-28,-3.406253722001984e-05,0.0,-3.406253722001984e-05,0.0,1.889456349439294
2013-10-29,0.0015018310693218628,0.0,0.0015018310693218628,0.0,1.8922939936890093
2013-10-30,-0.0028987509356180052,0.0,-0.0028987509356180052,0.0,1.886808704704339
2013-10-31,-0.0020673267608918994,0.0,-0.0020673267608918994,0.0,1.8829080545764199
2013-11-01,-0.0007574929422288906,2.5e-05,-0.0007824929422288906,0.125,1.881434692312848
2013-11-04,0.0034334079119534844,0.0,0.0034334079119534844,0.0,1.8878944250712588
2013-11-05,-0.004288880046100507,0.0,-0.004288880046100507,0.0,1.8797974723424262
2013-11-06,0.0015509777594511498,0.0,0.0015509777594511498,0.0,1.8827129964143017
2013-11-07,-0.010272302223328603,0.0,-0.010272302223328603,0.0,1.8633731995153453
2013-11-08,0.0061067329483344285,0.0,0.0061067329483344285,0.0,1.874752322027869
2013-11-11,-0.00037350860669072006,0.0,-0.00037350860669072006,0.0,1.8740520859001781
2013-11-12,-0.0010460042031716493,0.0,-0.0010460042031716493,0.0,1.8720918195413638
2013-11-13,0.0043343415142759745,0.0,0.0043343415142759745,0.0,1.8802061048333385
2013-11-14,0.0034840868587406454,0.0,0.0034840868587406454,0.0,1.8867569062149123
2013-11-15,0.004648954611884248,0.0,0.004648954611884248,0.0,1.8955283534355645
2013-11-18,-0.0014136976684413216,0.0,-0.0014136976684413216,0.0,1.8928486494218482
2013-11-19,-0.0024883336023852343,0.0,-0.0024883336023852343,0.0,1.8881386105232623
2013-11-20,-0.0033203785033159294,0.0,-0.0033203785033159294,0.0,1.8818692756696
2013-11-21,0.005192725019095165,0.0,0.005192725019095165,0.0,1.8916413053400358
2013-11-22,0.0031745420143786396,0.0,0.0031745420143786396,0.0,1.897646400139972
2013-11-25,-0.001653459739482513,0.0,-0.001653459739482513,0.0,1.8945087182175666
2013-11-26,0.0020357912013633517,0.0,0.0020357912013633517,0.0,1.89836554239702
2013-11-27,0.00298752281866857,0.0,0.00298752281866857,0.0,1.9040369527731054
2013-11-29,0.0022593982846161043,0.0,0.0022593982846161043,0.0,1.9083389305980467
2013-12-02,-0.00549606241462805,0.0,-0.00549606241462805,0.0,1.8978505807272152
2013-12-03,-0.0025397691408400175,0.0,-0.0025397691408400175,0.0,1.8930304783883591
2013-12-04,-0.0010535873710664778,0.0,-0.0010535873710664778,0.0,1.8910360053832853
2013-12-05,-0.002059743063729677,0.0,-0.002059743063729677,0.0,1.887140957087934
2013-12-06,0.007600335033937422,0.0,0.007600335033937422,0.0,1.901483860618068
2013-12-09,0.0008381680265337338,0.0,0.0008381680265337338,0.0,1.9030776235930078
2013-12-10,-0.0018197291681942562,0.0,-0.0018197291681942562,0.0,1.8996145377320177
2013-12-11,-0.009000759682880985,0.0,-0.009000759682880985,0.0,1.8825165637877848
2013-12-12,-0.0021016403832758157,0.0,-0.0021016403832758157,0.0,1.8785601909551426
2013-12-13,0.0004617828095018067,0.0,0.0004617828095018067,0.0,1.87942767775794
2013-12-16,0.0046789283583205665,0.0,0.0046789283583205665,0.0,1.8882213852168142
2013-12-17,-0.0024600692098952076,0.0,-0.0024600692098952076,0.0,1.8835762299255767
2013-12-18,0.009759270165213968,0.0,0.009759270165213968,0.0,1.9019585592301957
2013-12-19,-0.0037230008821370203,0.0,-0.0037230008821370203,0.0,1.8948775658363937
2013-12-20,0.004638422961405889,0.0,0.004638422961405889,0.0,1.9036668094468219
2013-12-23,0.005613688801124922,0.0,0.005613688801124922,0.0,1.9143534024960867
2013-12-24,0.0017933079560307763,0.0,0.0017933079560307763,0.0,1.9177864276834375
2013-12-26,0.0006774728813098152,0.0,0.0006774728813098152,0.0,1.919085675980337
2013-12-27,0.002181808427544632,0.0,0.002181808427544632,0.0,1.9232727532813712
2013-12-30,0.0007885463621517957,0.0,0.0007885463621517957,0.0,1.9247893430143967
2013-12-31,0.003131878019442924,0.0,0.003131878019442924,0.0,1.9308175484498415
2014-01-02,-0.010564419161394542,0.0,-0.010564419161394542,0.0,1.9104195825438413
2014-01-03,-0.00037241182740008205,0.0,-0.00037241182740008205,0.0,1.909708119696005
2014-01-06,-0.003173104813310762,0.0,-0.003173104813310762,0.0,1.903648415669379
2014-01-07,0.00420658908478147,0.0,0.00420658908478147,0.0,1.9116562823159955
2014-01-08,1.8493186830892405e-05,0.0,1.8493186830892405e-05,0.0,1.9116916349327806
2014-01-09,-0.0010550609164155511,0.0,-0.0010550609164155511,0.0,1.9096746838045247
2014-01-10,0.004791149804287187,0.0,0.004791149804287187,0.0,1.918824221292087
2014-01-13,-0.0077950020621215255,0.0,-0.0077950020621215255,0.0,1.9038669825302663
2014-01-14,0.007632744984675921,0.0,0.007632744984675921,0.0,1.9183987136926641
2014-01-15,0.0031257303342694526,0.0,0.0031257303342694526,0.0,1.924395110745277
2014-01-16,-0.0007375249048212767,0.0,-0.0007375249048212767,0.0,1.9229758214243862
2014-01-17,-0.0026747124173709808,0.0,-0.0026747124173709808,0.0,1.9178324141165182
2014-01-21,0.002474901494909268,0.0,0.002474901494909268,0.0,1.9225788604252005
2014-01-22,0.002705878112442356,0.0,0.002705878112442356,0.0,1.9277811244830694
2014-01-23,-0.006200667240359725,0.0,-0.006200667240359725,0.0,1.9158275952179034
2014-01-24,-0.015023248846278855,0.0,-0.015023248846278855,0.0,1.8870456405083769
2014-01-27,-0.004722937391262491,0.0,-0.004722937391262491,0.0,1.878133242093801
2014-01-28,0.0038630489051425104,0.0,0.0038630489051425104,0.0,1.8853885626583833
2014-01-29,-0.00753894244673653,0.0,-0.00753894244673653,0.0,1.8711747267947665
2014-01-30,0.007298246086174021,0.0,0.007298246086174021,0.0,1.8848310204211443
2014-01-31,-0.003921979580255308,0.0,-0.003921979580255308,0.0,1.8774387516468207
2014-02-03,-0.015683494698288725,0.0,-0.015683494698288725,0.0,1.8479939509390062
2014-02-04,0.006709093954294532,0.0,0.006709093954294532,0.0,1.8603923159828237
2014-02-05,-0.0016214628976933265,0.0,-0.0016214628976933265,0.0,1.8573757588673037
2014-02-06,0.006448454648218527,2.5e-05,0.006423454648218527,0.125,1.8693065278190881
2014-02-07,0.006828212684068996,0.0,0.006828212684068996,0.0,1.8820705503627555
2014-02-10,0.0008504480078328075,0.0,0.0008504480078328075,0.0,1.8836711535129125
2014-02-11,0.005889910831699957,0.0,0.005889910831699957,0.0,1.8947658086433488
2014-02-12,0.0010006955825836994,0.0,0.0010006955825836994,0.0,1.8966618924180887
2014-02-13,0.0035404890017633472,0.0,0.0035404890017633472,0.0,1.9033770029882586
2014-02-14,0.0015881503079772652,0.0,0.0015881503079772652,0.0,1.9063998517617513
2014-02-18,0.0031376115887722378,0.0,0.0031376115887722378,0.0,1.9123813940294727
2014-02-19,-0.003805030941426979,0.0,-0.003805030941426979,0.0,1.9051047236533811
2014-02-20,0.0031027540157713696,0.0,0.0031027540157713696,0.0,1.9110157949851616
2014-02-21,0.00032428771992505656,0.0,0.00032428771992505656,0.0,1.911635513940058
2014-02-24,0.0033617548362599725,0.0,0.0033617548362599725,0.0,1.9180619638742122
2014-02-25,-0.000352913626855092,0.0,-0.000352913626855092,0.0,1.9173850536700086
2014-02-26,0.00024110923855132083,0.0,0.00024110923855132083,0.0,1.9178473529203084
2014-02-27,0.002576782755857737,0.0,0.002576782755857737,0.0,1.9227892289076811
2014-02-28,-9.73588773398315e-05,0.0,-9.73588773398315e-05,0.0,1.9226020283069936
2014-03-03,-0.00512404854563181,0.0,-0.00512404854563181,0.0,1.9127505221800183
2014-03-04,0.010769905725241669,2.5e-05,0.010744905725241668,0.125,1.9333028462167492
2014-03-05,0.0001163700102423948,0.0,0.0001163700102423948,0.0,1.9335278246887653
2014-03-06,0.00040916210122703134,0.0,0.00040916210122703134,0.0,1.9343189509962957
2014-03-07,-0.003426393223199334,2.5e-05,-0.0034513932231993337,0.125,1.927642855677321
2014-03-10,-0.00163026255217312,0.0,-0.00163026255217312,0.0,1.9245002917157463
2014-03-11,-0.0022496418369127857,0.0,-0.0022496418369127857,0.0,1.9201708553443517
2014-03-12,0.0016602112952469467,0.0,0.0016602112952469467,0.0,1.9233587446871983
2014-03-13,-0.005848313604663216,0.0,-0.005848313604663216,0.0,1.9121103395739962
2014-03-14,-0.0006066577718074201,0.0,-0.0006066577718074201,0.0,1.9109503429759402
2014-03-17,0.0036901302727267438,0.0,0.0036901302727267438,0.0,1.9180019986862333
2014-03-18,0.005824057474548339,0.0,0.005824057474548339,0.0,1.9291725525628804
2014-03-19,-0.007019061084596226,0.0,-0.007019061084596226,0.0,1.9156315725737152
2014-03-20,0.0007626672272758456,0.0,0.0007626672272758456,0.0,1.917092561993652
2014-03-21,-0.00031106954164983325,0.0,-0.00031106954164983325,0.0,1.9164962128890923
2014-03-24,-0.002638342914861605,0.0,-0.002638342914861605,0.0,1.9114398386844573
2014-03-25,0.00300384847150402,0.0,0.00300384847150402,0.0,1.9171815143222615
2014-03-26,-0.005355579703129332,0.0,-0.005355579703129332,0.0,1.9069138959169425
2014-03-27,0.0007672734097752681,0.0,0.0007672734097752681,0.0,1.9083770202440105
2014-03-28,0.0017021561470871444,2.5e-05,0.0016771561470871443,0.125,1.9115776664944726
2014-03-31,0.004583490048729488,0.0,0.004583490048729488,0.0,1.9203393637062234
2014-04-01,0.004743872853030309,0.0,0.004743872853030309,0.0,1.9294492094823148
2014-04-02,0.0018725483508427593,0.0,0.0018725483508427593,0.0,1.9330621964175658
2014-04-03,-0.00289377626598282,0.0,-0.00289377626598282,0.0,1.927468346912904
2014-04-04,-0.005158179367463656,0.0,-0.005158179367463656,0.0,1.9175261194544184
2014-04-07,-0.0044886547191006765,0.0,-0.0044886547191006765,0.0,1.9089190067893307
2014-04-08,0.00472028804227724,0.0,0.00472028804227724,0.0,1.917929654350754
2014-04-09,0.006192604043305003,0.0,0.006192604043305003,0.0,1.9298066332830608
2014-04-10,-0.011620656224315448,0.0,-0.011620656224315448,0.0,1.9073810138182747
2014-04-11,-0.004884828450467477,0.0,-0.004884828450467477,0.0,1.8980637847760937
2014-04-14,0.004357014378440577,0.0,0.004357014378440577,0.0,1.9063336759775606
2014-04-15,0.001188870117967103,0.0,0.001188870117967103,0.0,1.908600059119805
2014-04-16,0.006884985052680981,0.0,0.006884985052680981,0.0,1.921740741998391
2014-04-17,-0.0014067124765684558,0.0,-0.0014067124765684558,0.0,1.919037405319892
2014-04-21,0.0022180496714884063,0.0,0.0022180496714884063,0.0,1.9232939256063355
2014-04-22,0.0036029733565073607,0.0,0.0036029733565073607,0.0,1.9302235023770273
2014-04-23,-0.002279675030433262,0.0,-0.002279675030433262,0.0,1.925823220055503
2014-04-24,0.002677597525366268,0.0,0.002677597525366268,0.0,1.9309797995438167
2014-04-25,-0.0052631096939326355,0.0,-0.0052631096939326355,0.0,1.9208168410420496
2014-04-28,0.00028034256226099064,0.0,0.00028034256226099064,0.0,1.9213553277569015
2014-04-29,0.0026049812074471212,0.0,0.0026049812074471212,0.0,1.9263604222785367
2014-04-30,0.0023563165436484013,0.0,0.0023563165436484013,0.0,1.930899537210581
2014-05-01,0.0021378857720070893,0.0,0.0021378857720070893,0.0,1.9350275798583587
2014-05-02,0.0015004291351199406,0.0,0.0015004291351199406,0.0,1.937930951616439
2014-05-05,0.0006192619323561466,2.5e-05,0.0005942619323561466,0.125,1.9390825902085194
2014-05-06,-0.004565404366014422,0.0,-0.004565404366014422,0.0,1.930229894085119
2014-05-07,0.0005276148194610641,0.0,0.0005276148194610641,0.0,1.931248311982205
2014-05-08,-0.002037266047668171,0.0,-0.002037266047668171,0.0,1.9273138453665872
2014-05-09,0.001013272834597581,0.0,0.001013272834597581,0.0,1.929266740129841
2014-05-12,0.00977111982234298,0.0,0.00977111982234298,0.0,1.9481178366169105
2014-05-13,-0.0004333166211124978,0.0,-0.0004333166211124978,0.0,1.9472736847784187
2014-05-14,-9.483357070724785e-06,0.0,-9.483357070724785e-06,0.0,1.9472552180867515
2014-05-15,-0.004743296814156292,0.0,-0.004743296814156292,0.0,1.9380188086144514
2014-05-16,0.0044968466571543575,0.0,0.0044968466571543575,0.0,1.9467337820154718
2014-05-19,0.0010719835358385943,0.0,0.0010719835358385943,0.0,1.9488206485784532
2014-05-20,-0.004952962537502242,0.0,-0.004952962537502242,0.0,1.9391682129137333
2014-05-21,0.00294114650740529,0.0,0.00294114650740529,0.0,1.9448715907304157
2014-05-22,0.0030734065513764453,0.0,0.0030734065513764453,0.0,1.9508489718189526
2014-05-23,0.004488272764662918,0.0,0.004488272764662918,0.0,1.959604914127138
2014-05-27,0.0028976151838853575,0.0,0.0028976151838853575,0.0,1.9652830950807292
2014-05-28,-0.0007198731185405899,0.0,-0.0007198731185405899,0.0,1.9638683406102584
2014-05-29,0.0022960444808362013,0.0,0.0022960444808362013,0.0,1.9683774696748055
2014-05-30,-0.0015217953308196142,2.5e-05,-0.0015467953308196142,0.125,1.965332792595422
2014-06-02,-0.000566361453237893,0.0,-0.000566361453237893,0.0,1.9642197038589118
2014-06-03,-0.0016278469557907543,0.0,-0.0016278469557907543,0.0,1.9610222547934808
2014-06-04,0.0006918737770469918,0.0,0.0006918737770469918,0.0,1.9623790346677779
2014-06-05,0.009029184250133104,0.0,0.009029184250133104,0.0,1.9800977165403915
2014-06-06,0.00391648922156497,0.0,0.00391648922156497,0.0,1.9878527479048675
2014-06-09,-0.00022211785273586193,0.0,-0.00022211785273586193,0.0,1.9874112103209478
2014-06-10,-0.0010183046938886942,0.0,-0.0010183046938886942,0.0,1.985387420156791
2014-06-11,-0.0022336255137550276,0.0,-0.0022336255137550276,0.0,1.9809528081604404
2014-06-12,-0.0025498738886645528,0.0,-0.0025498738886645528,0.0,1.9759016283202353
2014-06-13,0.001364625212995088,0.0,0.001364625212995088,0.0,1.978597993500639
2014-06-16,-4.678072646639719e-05,0.0,-4.678072646639719e-05,0.0,1.978505433249118
2014-06-17,0.0005680992090954795,0.0,0.0005680992090954795,0.0,1.9796294206209382
2014-06-18,0.0067624223197020605,0.0,0.0067624223197020605,0.0,1.993016510799684
2014-06-19,-0.00043496410338823843,0.0,-0.00043496410338823843,0.0,1.992149620160026
2014-06-20,0.0017219668875371602,0.0,0.0017219668875371602,0.0,1.9955800358409614
2014-06-23,-0.0017530920714148995,0.0,-0.0017530920714148995,0.0,1.9920816003022548
2014-06-24,-0.0016885482396986479,0.0,-0.0016885482396986479,0.0,1.9887178744227283
2014-06-25,0.0027112489076633745,0.0,0.0027112489076633745,0.0,1.9941097835874073
2014-06-26,0.0004821981094132177,0.0,0.0004821981094132177,0.0,1.9950713395550155
2014-06-27,0.0027639833718580975,0.0,0.0027639833718580975,0.0,2.000585683563216
2014-06-30,0.0004188919823518017,0.0,0.0004188919823518017,0.0,2.0014237128660683
2014-07-01,0.00538470183862487,0.0,0.00538470183862487,0.0,2.0122007828126054
2014-07-02,-0.0008352392852293972,0.0,-0.0008352392852293972,0.0,2.0105201136690307
2014-07-03,0.001986546887133428,0.0,0.001986546887133428,0.0,2.014514106142359
2014-07-07,-0.0027294569404773955,0.0,-0.0027294569404773955,0.0,2.0090155766336593
2014-07-08,-0.003936279127406378,0.0,-0.003936279127406378,0.0,2.001107530552722
2014-07-09,0.0038230652856365843,2.5e-05,0.0037980652856365845,0.125,2.0087078675973404
2014-07-10,-0.0029912345518009753,0.0,-0.0029912345518009753,0.0,2.002699351219309
2014-07-11,0.0017939962081024996,0.0,0.0017939962081024996,0.0,2.0062921862613656
2014-07-14,0.0010155273045702878,0.0,0.0010155273045702878,0.0,2.00832963075746
2014-07-15,-0.0036486915488029986,0.0,-0.0036486915488029986,0.0,2.0010018554065043
2014-07-16,0.0032082768483271407,0.0,0.0032082768483271407,0.0,2.007421623332665
2014-07-17,-0.005881421768462403,0.0,-0.005881421768462403,0.0,1.9956151300987142
2014-07-18,0.008032210485576702,0.0,0.008032210485576702,0.0,2.0116443308718686
2014-07-21,-0.0005559875411263598,0.0,-0.0005559875411263598,0.0,2.010525881686726
2014-07-22,0.004165209284610172,0.0,0.004165209284610172,0.0,2.0189001427560767
2014-07-23,0.00154857181603274,0.0,0.00154857181603274,0.0,2.0220265546165335
2014-07-24,-0.0018931704292831641,0.0,-0.0018931704292831641,0.0,2.0181985137361083
2014-07-25,-0.0011634574915737328,0.0,-0.0011634574915737328,0.0,2.015850425555819
2014-07-28,0.0008356391476029013,0.0,0.0008356391476029013,0.0,2.0175349490871257
2014-07-29,-0.0019477872213733427,0.0,-0.0019477872213733427,0.0,2.0136052202946195
2014-07-30,-0.002158570160580811,0.0,-0.002158570160580811,0.0,2.009258712150902
2014-07-31,-0.015794527635015862,0.0,-0.015794527635015862,0.0,1.977523419895938
2014-08-01,7.553582028961559e-05,0.0,7.553582028961559e-05,0.0,1.9776727937496015
2014-08-04,0.004767507989837258,0.0,0.004767507989837258,0.0,1.9871013645950866
2014-08-05,-0.006988935417427386,0.0,-0.006988935417427386,0.0,1.9732136414900496
2014-08-06,0.0010205353338479939,0.0,0.0010205353338479939,0.0,1.975227375732421
2014-08-07,-0.0014384163551720008,0.0,-0.0014384163551720008,0.0,1.9723861763699841
2014-08-08,0.005898080665605446,0.0,0.005898080665605446,0.0,1.9840194691419395
2014-08-11,0.0049170296554944815,0.0,0.0049170296554944815,0.0,1.993774951708789
2014-08-12,-0.0020218096383253087,0.0,-0.0020218096383253087,0.0,1.9897439182947727
2014-08-13,0.007365109979973222,0.0,0.007365109979973222,0.0,2.0043986010849966
2014-08-14,0.003319891486846041,0.0,0.003319891486846041,0.0,2.0110529869369844
2014-08-15,0.00028117229424731716,0.0,0.00028117229424731716,0.0,2.0116184393191743
2014-08-18,0.005318579716734093,0.0,0.005318579716734093,0.0,2.0223173923483455
2014-08-19,0.002265744360906763,0.0,0.002265744360906763,0.0,2.026899446576022
2014-08-20,-0.0009378076994085716,0.0,-0.0009378076994085716,0.0,2.024998604669096
2014-08-21,4.741946253117302e-05,0.0,4.741946253117302e-05,0.0,2.025094629014556
2014-08-22,-0.0009168073754447781,0.0,-0.0009168073754447781,0.0,2.023238007322702
2014-08-25,0.003127236361607416,0.0,0.003127236361607416,0.0,2.0295651507873878
2014-08-26,0.0025708321614095753,0.0,0.0025708321614095753,0.0,2.034782822150708
2014-08-27,0.0016578275260721725,0.0,0.0016578275260721725,0.0,2.038156141122848
2014-08-28,-0.0013160660028201793,0.0,-0.0013160660028201793,0.0,2.035473793117077
2014-08-29,0.0018826646116080759,0.0,0.0018826646116080759,0.0,2.0393059075952342
2014-09-02,-0.003333672650092101,0.0,-0.003333672650092101,0.0,2.0325075292659127
2014-09-03,0.002457086775506448,0.0,0.002457086775506448,0.0,2.0375015766371893
2014-09-04,-0.004377164165885308,0.0,-0.004377164165885308,0.0,2.0285830977479984
2014-09-05,0.004369501230961845,0.0,0.004369501230961845,0.0,2.037446994090717
2014-09-08,-0.00412537831638074,0.0,-0.00412537831638074,0.0,2.02904175444052
2014-09-09,-0.005934110878054469,0.0,-0.005934110878054469,0.0,2.0170011956934677
2014-09-10,-0.0009619552170507251,0.0,-0.0009619552170507251,0.0,2.0150609308704728
2014-09-11,-0.0018201392339852185,0.0,-0.0018201392339852185,0.0,2.011393239411325
2014-09-12,-0.010482577676361196,0.0,-0.010482577676361196,0.0,1.990308653541488
2014-09-15,-0.0037060608668620793,0.0,-0.0037060608668620793,0.0,1.982932448527621
2014-09-16,0.005468897546183599,0.0,0.005468897546183599,0.0,1.9937769029296215
2014-09-17,-0.0030754428414015017,0.0,-0.0030754428414015017,0.0,1.987645156026155
2014-09-18,0.0030717931154632533,0.0,0.0030717931154632533,0.0,1.9937507907324201
2014-09-19,-0.0021361206486583406,0.0,-0.0021361206486583406,0.0,1.9894918985000578
2014-09-22,-0.007418780138770023,0.0,-0.007418780138770023,0.0,1.9747322955172217
2014-09-23,-0.004105271841488872,2.5e-05,-0.004130271841488872,0.125,1.9665761143225684
2014-09-24,0.00484949161479932,0.0,0.00484949161479932,0.0,1.9761130086988405
2014-09-25,-0.010387460233666934,0.0,-0.010387460233666934,0.0,1.9555862134037496
2014-09-26,0.0060314451679800984,0.0,0.0060314451679800984,0.0,1.9673812244211522
2014-09-29,-0.003356028943723402,0.0,-0.003356028943723402,0.0,1.9607786360886568
2014-09-30,-0.003469058410687245,0.0,-0.003469058410687245,0.0,1.9539765804696376
2014-10-01,-0.0069747951452149015,0.0,-0.0069747951452149015,0.0,1.9403479941023143
2014-10-02,-0.0007500205934296844,0.0,-0.0007500205934296844,0.0,1.9388926931483177
2014-10-03,0.004996297177940701,2.5e-05,0.004971297177940701,0.125,1.948531504922096
2014-10-06,0.00242214765815546,0.0,0.00242214765815546,0.0,1.953251135943585
2014-10-07,-0.006225438745148651,0.0,-0.006225438745148651,0.0,1.941091290642876
2014-10-08,0.009234380038544793,2.5e-05,0.009209380038544792,0.125,1.958967538027916
2014-10-09,-0.007003440122384838,0.0,-0.007003440122384838,0.0,1.9452480261736418
2014-10-10,-0.005906544372236755,0.0,-0.005906544372236755,0.0,1.933758332392041
2014-10-13,-0.0018679661336077208,0.0,-0.0018679661336077208,0.0,1.930146137316551
2014-10-14,0.003779792985203534,0.0,0.003779792985203534,0.0,1.9374416901467977
2014-10-15,-0.002729565793479924,0.0,-0.002729565793479924,0.0,1.932153315582511
2014-10-16,-0.002624518095059175,0.0,-0.002624518095059175,0.0,1.9270823442433362
2014-10-17,0.0039737256063565735,0.0,0.0039737256063565735,0.0,1.9347400407002135
2014-10-20,0.005812992767480651,0.0,0.005812992767480651,0.0,1.945986670563759
2014-10-21,0.006420773426968743,0.0,0.006420773426968743,0.0,1.9584814100673502
2014-10-22,-0.002189516783357867,0.0,-0.002189516783357867,0.0,1.9541932821501133
2014-10-23,0.0031583982545961425,0.0,0.0031583982545961425,0.0,1.9603654028015998
2014-10-24,0.00290254693240595,0.0,0.00290254693240595,0.0,1.9660554553878964
2014-10-27,9.61878221227147e-05,0.0,9.61878221227147e-05,0.0,1.9662445659803225
2014-10-28,0.005605248727524104,0.0,0.005605248727524104,0.0,1.9772658558317846
2014-10-29,-0.0008922966171113766,0.0,-0.0008922966171113766,0.0,1.975501548197496
2014-10-30,0.0031315607711678295,0.0,0.0031315607711678295,0.0,1.9816879513492127
2014-10-31,0.004936269160848147,0.0,0.004936269160848147,0.0,1.9914700964698822
2014-11-03,0.0004920259092281581,0.0,0.0004920259092281581,0.0,1.9924499513547986
2014-11-04,-0.00013925910752177195,0.0,-0.00013925910752177195,0.0,1.992172484552791
2014-11-05,-0.0007478344925636732,0.0,-0.0007478344925636732,0.0,1.9906826692537063
2014-11-06,-0.0024075108943324847,0.0,-0.0024075108943324847,0.0,1.9858900790403191
2014-11-07,0.0020775434806302173,0.0,0.0020775434806302173,0.0,1.9900158520272775
2014-11-10,0.0010512021844270303,0.0,0.0010512021844270303,0.0,1.9921077610379732
2014-11-11,-8.854710526987053e-06,0.0,-8.854710526987053e-06,0.0,1.9920901215004105
2014-11-12,-0.0012083030160994074,0.0,-0.0012083030160994074,0.0,1.9896830729982597
2014-11-13,0.0013224196005551664,0.0,0.0013224196005551664,0.0,1.9923142688928857
2014-11-14,0.0010359141286188922,0.0,0.0010359141286188922,0.0,1.9943781353926808
2014-11-17,-0.001379287235627899,0.0,-0.001379287235627899,0.0,1.9916273150875183
2014-11-18,0.002542517033832903,2.5e-05,0.002517517033832903,0.125,1.9966412707782981
2014-11-19,-0.0026836720071984482,0.0,-0.0026836720071984482,0.0,1.9912829404914933
2014-11-20,0.001843384682056054,0.0,0.001843384682056054,0.0,1.9949536409616349
2014-11-21,0.0024422313234002957,0.0,0.0024422313234002957,0.0,1.9998257792323229
2014-11-24,0.001871626981707758,0.0,0.001871626981707758,0.0,2.003568707119449
2014-11-25,0.001360901972896636,0.0,0.001360901972896636,0.0,2.0062953677258015
2014-11-26,0.002680039326714956,0.0,0.002680039326714956,0.0,2.011672318212313
2014-11-28,0.001614079154049708,0.0,0.001614079154049708,0.0,2.0149193165659183
2014-12-01,-0.0033232123875264336,0.0,-0.0033232123875264336,0.0,2.00822331173324
2014-12-02,0.0008726065638972186,0.0,0.0008726065638972186,0.0,2.00997570057683
2014-12-03,0.001073124723164287,0.0,0.001073124723164287,0.0,2.012132655194079
2014-12-04,0.0011725807035317254,0.0,0.0011725807035317254,0.0,2.0144920431185054
2014-12-05,-0.0011450145773256731,0.0,-0.0011450145773256731,0.0,2.0121854203632283
2014-12-08,0.0005939461575063115,0.0,0.0005939461575063115,0.0,2.0133805501618434
2014-12-09,0.001522277114746562,0.0,0.001522277114746562,0.0,2.0164454732966304
2014-12-10,-0.003178517330179015,0.0,-0.003178517330179015,0.0,2.010036166414396
2014-12-11,0.001970761880331323,0.0,0.001970761880331323,0.0,2.0139974690692526
2014-12-12,-0.00277421905797956,0.0,-0.00277421905797956,0.0,2.0084101989078382
2014-12-15,-0.004030303597316723,0.0,-0.004030303597316723,0.0,2.0003156960582924
2014-12-16,-0.0016328323358342778,0.0,-0.0016328323358342778,0.0,1.9970495159078914
2014-12-17,0.006470673752944106,0.0,0.006470673752944106,0.0,2.0099717717938064
2014-12-18,0.006610279432484545,2.5e-05,0.006585279432484545,0.125,2.0232079975624746
2014-12-19,0.002986224575563523,0.0,0.002986224575563523,0.0,2.029249751006272
2014-12-22,0.003996727032347769,0.0,0.003996727032347769,0.0,2.037360108341504
2014-12-23,-0.0029457072829918163,0.0,-0.0029457072829918163,0.0,2.031358641832285
2014-12-24,0.0006434494773682742,0.0,0.0006434494773682742,0.0,2.03266571848872
2014-12-26,0.003011779630228334,0.0,0.003011779630228334,0.0,2.0387876596947274
2014-12-29,0.002293233713471038,0.0,0.002293233713471038,0.0,2.043463076290548
2014-12-30,-0.0019889385032832163,0.0,-0.0019889385032832163,0.0,2.0393987538980762
2014-12-31,-0.005140482936539209,0.0,-0.005140482936539209,0.0,2.0289152594028637
2015-01-02,0.0021091845854016578,0.0,0.0021091845854016578,0.0,2.0331946161930823
2015-01-05,-0.0031145017955269277,0.0,-0.0031145017955269277,0.0,2.0268622279102932
2015-01-06,-0.0015238780866884266,0.0,-0.0015238780866884266,0.0,2.0237735369764445
2015-01-07,0.0063778486182706345,0.0,0.0063778486182706345,0.0,2.0366808582329425
2015-01-08,0.0055473573468721865,0.0,0.0055473573468721865,0.0,2.0479790547550953
2015-01-09,-0.001597136423602083,0.0,-0.001597136423602083,0.0,2.044708152811972
2015-01-12,-0.001027452071735907,0.0,-0.001027452071735907,0.0,2.04260731318427
2015-01-13,-0.000482003331448419,0.0,-0.000482003331448419,0.0,2.041622769654474
2015-01-14,8.314747022578062e-05,0.0,8.314747022578062e-05,0.0,2.0417925254229266
2015-01-15,-0.0026190421492134075,0.0,-0.0026190421492134075,0.0,2.0364449847388952
2015-01-16,0.004631612110009356,0.0,0.004631612110009356,0.0,2.04587700799158
2015-01-20,0.0014073198003623222,0.0,0.0014073198003623222,0.0,2.0487562112140325
2015-01-21,-0.0006587991727426967,0.0,-0.0006587991727426967,0.0,2.047406492316933
2015-01-22,0.0084917860489514,0.0,0.0084917860489514,0.0,2.0647926302049227
2015-01-23,0.0008917085861560592,0.0,0.0008917085861560592,0.0,2.0666338235219084
2015-01-26,0.0020274631795680342,0.0,0.0020274631795680342,0.0,2.070823847504749
2015-01-27,-0.005249431324927389,0.0,-0.005249431324927389,0.0,2.059953199931251
2015-01-28,-0.0031385802775597826,0.0,-0.0031385802775597826,0.0,2.0534878714452507
2015-01-29,0.0036990547876157576,0.0,0.0036990547876157576,0.0,2.061083835587431
2015-01-30,-0.0056454708396570935,0.0,-0.0056454708396570935,0.0,2.0494480468955336
2015-02-02,0.002977189751949799,0.0,0.002977189751949799,0.0,2.0555496426179043
2015-02-03,0.003686514066172833,0.0,0.003686514066172833,0.0,2.063127455289132
2015-02-04,-0.0013510989975164672,0.0,-0.0013510989975164672,0.0,2.060339965852542
2015-02-05,0.00408526056875419,0.0,0.00408526056875419,0.0,2.0687569914732675
2015-02-06,-0.007085250128934184,0.0,-0.007085250128934184,0.0,2.054099330732698
2015-02-09,-0.0030313927805607904,0.0,-0.0030313927805607904,0.0,2.04787254885096
2015-02-10,0.0034812148459822667,0.0,0.0034812148459822667,0.0,2.0550016331706993
2015-02-11,0.00021285547633984048,0.0,0.00021285547633984048,0.0,2.055439051522207
2015-02-12,0.005159022348332154,0.0,0.005159022348332154,0.0,2.066043107524645
2015-02-13,0.00021688683625907534,0.0,0.00021688683625907534,0.0,2.066491205077811
2015-02-17,-0.001485987560181909,0.0,-0.001485987560181909,0.0,2.06342042485384
2015-02-18,0.0022267038937709704,0.0,0.0022267038937709704,0.0,2.068015051148348
2015-02-19,-0.002973157818682945,0.0,-0.002973157818682945,0.0,2.0618665160298724
2015-02-20,0.003498664114785832,0.0,0.003498664114785832,0.0,2.0690802944189848
2015-02-23,0.0026686089735794977,0.0,0.0026686089735794977,0.0,2.074601860659728
2015-02-24,-0.00021094649255348763,0.0,-0.00021094649255348763,0.0,2.0741642306737766
2015-02-25,0.00029531268074468875,0.0,0.00029531268074468875,0.0,2.074776757673042
2015-02-26,-0.0021234858360096864,0.0,-0.0021234858360096864,0.0,2.070370998615241
2015-02-27,0.0003768473787088278,0.0,0.0003768473787088278,0.0,2.071151212499024
2015-03-02,0.0012181656626552434,0.0,0.0012181656626552434,0.0,2.0736742177882572
2015-03-03,-0.002526626308565663,0.0,-0.002526626308565663,0.0,2.068434817954199
2015-03-04,-0.002551530003372937,0.0,-0.002551530003372937,0.0,2.0631571444561674
2015-03-05,0.0009273421755885691,0.0,0.0009273421755885691,0.0,2.0650703970910884
2015-03-06,-0.01166381224607331,0.0,-0.01166381224607331,0.0,2.040983803704494
2015-03-09,0.0035748902865301857,0.0,0.0035748902865301857,0.0,2.0482800968793224
2015-03-10,-0.004234367333866812,0.0,-0.004234367333866812,0.0,2.039606926546487
2015-03-11,0.0007735523209921047,0.0,0.0007735523209921047,0.0,2.041184669218429
2015-03-12,0.0065727132713935404,0.0,0.0065727132713935404,0.0,2.054600790783166
2015-03-13,-0.002216297170829301,0.0,-0.002216297170829301,0.0,2.0500471848633697
2015-03-16,0.006511103822016806,0.0,0.006511103822016806,0.0,2.0633952549240484
2015-03-17,0.0011525171733958312,0.0,0.0011525171733958312,0.0,2.065773353390852
2015-03-18,0.008758686582889141,0.0,0.008758686582889141,0.0,2.0838668147444865
2015-03-19,-0.0008399913446598684,0.0,-0.0008399913446598684,0.0,2.0821163846566773
2015-03-20,0.00680869280155974,0.0,0.00680869280155974,0.0,2.096292875496899
2015-03-23,-0.0009046063788318015,0.0,-0.0009046063788318015,0.0,2.094396555589825
2015-03-24,-0.001037810163125527,0.0,-0.001037810163125527,0.0,2.0922229695588186
2015-03-25,-0.010890459583291406,0.0,-0.010890459583291406,0.0,2.0694376998696042
2015-03-26,-0.0034794276537600116,0.0,-0.0034794276537600116,0.0,2.0622372411089445
2015-03-27,0.00330150627703249,0.0,0.00330150627703249,0.0,2.069045730305196
2015-03-30,0.005823021358839414,0.0,0.005823021358839414,0.0,2.0810938277851787
2015-03-31,-0.0036504350118814477,0.0,-0.0036504350118814477,0.0,2.073496930013221
2015-04-01,0.00042109357918028445,0.0,0.00042109357918028445,0.0,2.0743700662568996
2015-04-02,0.00038987526741009193,0.0,0.00038987526741009193,0.0,2.075178811841189
2015-04-06,0.003014541479400723,0.0,0.003014541479400723,0.0,2.081434524446658
2015-04-07,-0.002495955866093913,0.0,-0.002495955866093913,0.0,2.0762393557354746
2015-04-08,0.0032532711264245673,2.5e-05,0.0032282711264245674,0.125,2.082942019299142
2015-04-09,-0.003154236471012206,0.0,-0.003154236471012206,0.0,2.076371927614865
2015-04-10,0.002132893019562973,0.0,0.002132893019562973,0.0,2.0808006068052913
2015-04-13,-0.0017509274614102427,0.0,-0.0017509274614102427,0.0,2.0771572758811168
2015-04-14,0.0021054031404110912,0.0,0.0021054031404110912,0.0,2.0815305293328845
2015-04-15,0.0017395535438725213,0.0,0.0017395535438725213,0.0,2.085151463141864
2015-04-16,-0.00024283135531613653,0.0,-0.00024283135531613653,0.0,2.08464512298603
2015-04-17,-0.0061305373445736805,0.0,-0.0061305373445736805,0.0,2.0718651282093807
2015-04-20,0.003455555178378561,0.0,0.003455555178378561,0.0,2.0790245724820666
2015-04-21,0.001020382677239029,0.0,0.001020382677239029,0.0,2.0811459731413815
2015-04-22,8.06097641807696e-05,0.0,8.06097641807696e-05,0.0,2.081313733827502
2015-04-23,0.002693774426603096,0.0,0.002693774426603096,0.0,2.0869203235374245
2015-04-24,0.003335568018041593,0.0,0.003335568018041593,0.0,2.093881388224817
2015-04-27,-0.0017713328328192862,0.0,-0.0017713328328192862,0.0,2.090172427373825
2015-04-28,-0.0009777726413383453,0.0,-0.0009777726413383453,0.0,2.088128713958659
2015-04-29,-0.007795657429471137,0.0,-0.007795657429471137,0.0,2.0718503778359953
2015-04-30,-0.00899501347976614,0.0,-0.00899501347976614,0.0,2.053214055759302
2015-05-01,0.0044721606253806945,0.0,0.0044721606253806945,0.0,2.062396358814947
2015-05-04,-0.00017139027104914883,0.0,-0.00017139027104914883,0.0,2.0620428841439993
2015-05-05,-0.009811768693091916,0.0,-0.009811768693091916,0.0,2.0418105963295425
2015-05-06,-0.0029995264715323017,0.0,-0.0029995264715323017,0.0,2.035686131395997
2015-05-07,0.004906648919673726,0.0,0.004906648919673726,0.0,2.0456745285534055
2015-05-08,0.01071288514410218,2.5e-05,0.01068788514410218,0.125,2.0675384629567994
2015-05-11,-0.008213684758883857,0.0,-0.008213684758883857,0.0,2.050556353795205
2015-05-12,-0.0009477079758451884,0.0,-0.0009477079758451884,0.0,2.0486130251837933
2015-05-13,-0.0007484319892218927,0.0,-0.0007484319892218927,0.0,2.047079777662209
2015-05-14,0.00994529444644146,0.0,0.00994529444644146,0.0,2.0674385888064157
2015-05-15,0.0048871302828485536,0.0,0.0048871302828485536,0.0,2.077542430541701
2015-05-18,-0.0017645300417769572,0.0,-0.0017645300417769572,0.0,2.073876544509944
2015-05-19,-0.0021601597591650867,0.0,-0.0021601597591650867,0.0,2.0693966398530175
2015-05-20,0.00047588168455245383,0.0,0.00047588168455245383,0.0,2.070381427811998
2015-05-21,0.0022528088492446696,0.0,0.0022528088492446696,0.0,2.0750456014138847
2015-05-22,-0.0014601105446730989,0.0,-0.0014601105446730989,0.0,2.0720158054505826
2015-05-26,-0.007022413118750168,0.0,-0.007022413118750168,0.0,2.0574652544761287
2015-05-27,0.007492592351036637,0.0,0.007492592351036637,0.0,2.0728810029043405
2015-05-28,-0.002944416137849473,0.0,-0.002944416137849473,0.0,2.0667775786275473
2015-05-29,-0.005846398237605452,0.0,-0.005846398237605452,0.0,2.054694373834337
2015-06-01,0.0004329431609696732,0.0,0.0004329431609696732,0.0,2.0555839397113713
2015-06-02,-0.0021062829779676245,0.0,-0.0021062829779676245,0.0,2.0512542982493733
2015-06-03,-0.0017996453507567733,0.0,-0.0017996453507567733,0.0,2.047562767988309
2015-06-04,-0.0051064863160165536,0.0,-0.0051064863160165536,0.0,2.037106916732392
2015-06-05,-0.0045676908242515135,0.0,-0.0045676908242515135,0.0,2.027802042160814
2015-06-08,-0.0031837462454518267,0.0,-0.0031837462454518267,0.0,2.0213460350225647
2015-06-09,-0.003939053182005159,0.0,-0.003939053182005159,0.0,2.0133838454913757
2015-06-10,0.009003323348024436,0.0,0.009003323348024436,0.0,2.0315109912760234
2015-06-11,0.004014935521935908,0.0,0.004014935521935908,0.0,2.039667376918101
2015-06-12,-0.003464646916704048,0.0,-0.003464646916704048,0.0,2.03260064962956
2015-06-15,-0.004183052432801565,0.0,-0.004183052432801565,0.0,2.0240981745372126
2015-06-16,0.0042327544284003205,0.0,0.0042327544284003205,0.0,2.0326656850490017
2015-06-17,0.0009243303503107259,0.0,0.0009243303503107259,0.0,2.034544539633728
2015-06-18,0.008184309099556308,0.0,0.008184309099556308,0.0,2.0511958810229047
2015-06-19,-0.003576659108523478,2.5e-05,-0.0036016591085234776,0.125,2.0438081726946526
2015-06-22,0.005311825897089964,0.0,0.005311825897089964,0.0,2.054664525875056
2015-06-23,0.000974897720165166,0.0,0.000974897720165166,0.0,2.056667613637036
2015-06-24,-0.005243598410458669,0.0,-0.005243598410458669,0.0,2.045883274607327
2015-06-25,-0.0011825260787223235,2.5e-05,-0.0012075260787223236,0.125,2.0434128171992167
2015-06-26,-0.002431023163617374,0.0,-0.002431023163617374,0.0,2.038445233307773
2015-06-29,-0.015356542819060584,0.0,-0.015356542819060584,0.0,2.007141761798172
2015-06-30,0.0026961268261040394,0.0,0.0026961268261040394,0.0,2.0125532705459497
2015-07-01,0.003077194283793508,0.0,0.003077194283793508,0.0,2.0187462879659037
2015-07-02,-0.00024651983119124143,0.0,-0.00024651983119124143,0.0,2.0182486269717765
2015-07-06,-0.006693863547166667,0.0,-0.006693863547166667,0.0,2.004738746058571
2015-07-07,-0.0005940324534144531,0.0,-0.0005940324534144531,0.0,2.0035478661827946
2015-07-08,-0.013390013733080006,0.0,-0.013390013733080006,0.0,1.9767203327397238
2015-07-09,0.005080503294584676,0.0,0.005080503294584676,0.0,1.9867630669026803
2015-07-10,0.012482689167903738,0.0,0.012482689167903738,0.0,2.0115632127170975
2015-07-13,0.006296115314593398,0.0,0.006296115314593398,0.0,2.024228246666958
2015-07-14,0.0033328294729284558,0.0,0.0033328294729284558,0.0,2.030974654227384
2015-07-15,-0.0024485421936642077,0.0,-0.0024485421936642077,0.0,2.0260017270922455
2015-07-16,0.006161272852110877,0.0,0.006161272852110877,0.0,2.0384844765317083
2015-07-17,0.001032887896901466,0.0,0.001032887896901466,0.0,2.0405900024755392
2015-07-20,-0.0006627842680268642,0.0,-0.0006627842680268642,0.0,2.0392375315244053
2015-07-21,-0.0014906340486036396,0.0,-0.0014906340486036396,0.0,2.0361977746267246
2015-07-22,-0.003920414816026896,0.0,-0.003920414816026896,0.0,2.028215034702717
2015-07-23,-0.002878544288252613,2.5e-05,-0.002903544288252613,0.125,2.022326022523358
2015-07-24,-0.005908838746294803,0.0,-0.005908838746294803,0.0,2.0103764241638316
2015-07-27,-0.0037202126052549994,0.0,-0.0037202126052549994,0.0,2.0028973964493497
2015-07-28,0.005257771391704719,0.0,0.005257771391704719,0.0,2.013428173080921
2015-07-29,0.002129474874849463,0.0,0.002129474874849463,0.0,2.017715717787811
2015-07-30,0.0008853786674762887,0.0,0.0008853786674762887,0.0,2.019502160241372
2015-07-31,0.0010876720250982824,0.0,0.0010876720250982824,0.0,2.021698716245692
2015-08-03,-0.0017605288546979625,0.0,-0.0017605288546979625,0.0,2.0181394573202356
2015-08-04,-0.0006790524463790026,0.0,-0.0006790524463790026,0.0,2.016769034784608
2015-08-05,0.002321096003069456,0.0,0.002321096003069456,0.0,2.021450149330361
2015-08-06,-0.005233087786258889,0.0,-0.005233087786258889,0.0,2.0108717232433695
2015-08-07,-0.001469107714146406,0.0,-0.001469107714146406,0.0,2.007917536082594
2015-08-10,0.005970076016223652,0.0,0.005970076016223652,0.0,2.019904956407315
2015-08-11,-0.005713436949078013,0.0,-0.005713436949078013,0.0,2.008364356795752
2015-08-12,-0.0005510228868747663,0.0,-0.0005510228868747663,0.0,2.007257702069974
2015-08-13,-0.0008540748855194458,0.0,-0.0008540748855194458,0.0,2.0055433536778704
2015-08-14,0.0016484099085838644,0.0,0.0016484099085838644,0.0,2.0088493112141674
2015-08-17,0.002823534906604669,0.0,0.002823534906604669,0.0,2.014521367366489
2015-08-18,-0.002937610593982995,0.0,-0.002937610593982995,0.0,2.008603488055908
2015-08-19,-0.004210355499859125,0.0,-0.004210355499859125,0.0,2.0001465533129354
2015-08-20,-0.012256895751804067,0.0,-0.012256895751804067,0.0,1.9756309655206485
2015-08-21,-0.013540519841128737,0.0,-0.013540519841128737,0.0,1.948879895233268
2015-08-24,-0.01927033405506827,0.0,-0.01927033405506827,0.0,1.9113243286189165
2015-08-25,-0.0017134395002223052,0.0,-0.0017134395002223052,0.0,1.908049390016525
2015-08-26,0.017227576950187756,0.0,0.017227576950187756,0.0,1.9409204577077934
2015-08-27,0.010018590283727563,0.0,0.010018590283727563,0.0,1.9603657445468727
2015-08-28,0.0010304133729786419,0.0,0.0010304133729786419,0.0,1.962385731625983
2015-08-31,-0.003945254329125666,0.0,-0.003945254329125666,0.0,1.9546436208228712
2015-09-01,-0.015407978516156495,0.0,-0.015407978516156495,0.0,1.92452651390649
2015-09-02,0.009998235927434013,0.0,0.009998235927434013,0.0,1.943768384041129
2015-09-03,-0.0004240568075185025,0.0,-0.0004240568075185025,0.0,1.9429441158256373
2015-09-04,-0.0071865757863261714,0.0,-0.0071865757863261714,0.0,1.9289810006886599
2015-09-08,0.006381214556563125,5e-05,0.006331214556563125,0.25,1.9411937932795535
2015-09-09,-0.0014042166714402227,2.5e-05,-0.0014292166714402227,0.125,1.938419406747702
2015-09-10,0.0013599688402552712,0.0,0.0013599688402552712,0.0,1.941055596740225
2015-09-11,0.0006905458624786309,0.0,0.0006905458624786309,0.0,1.942395984651395
2015-09-14,-0.0003788463998053715,0.0,-0.0003788463998053715,0.0,1.9416601149256134
2015-09-15,0.0014726593220247275,0.0,0.0014726593220247275,0.0,1.944519518794062
2015-09-16,0.0007042775889571085,0.0,0.0007042775889571085,0.0,1.9458890003124385
2015-09-17,4.6712561549533405e-05,0.0,4.6712561549533405e-05,0.0,1.945979897772134
2015-09-18,-0.00177787349344187,0.0,-0.00177787349344187,0.0,1.9425201916931143
2015-09-21,0.00039161888663408195,0.0,0.00039161888663408195,0.0,1.943280919287849
2015-09-22,-0.0018689380197563082,0.0,-0.0018689380197563082,0.0,1.939649047694725
2015-09-23,9.610279475433248e-05,0.0,9.610279475433248e-05,0.0,1.9398354533890512
2015-09-24,-0.0004559374229989033,0.0,-0.0004559374229989033,0.0,1.9389510098113911
2015-09-25,-0.001059729290898162,0.0,-0.001059729290898162,0.0,1.9368962466326773
2015-09-28,-0.0035586087993904475,0.0,-0.0035586087993904475,0.0,1.930003590605904
2015-09-29,-0.0006500509420614975,0.0,-0.0006500509420614975,0.0,1.9287489899536487
2015-09-30,0.0028777478323820938,0.0,0.0028777478323820938,0.0,1.9342994431786968
2015-10-01,0.0005650828506179317,0.0,0.0005650828506179317,0.0,1.9353924826219968
2015-10-02,0.0021888882916045183,0.0,0.0021888882916045183,0.0,1.9396288405668676
2015-10-05,0.0017907015831479245,0.0,0.0017907015831479245,0.0,1.9431021370023902
2015-10-06,0.0,2.5e-05,-2.5e-05,0.125,1.943053559448965
2015-10-07,0.0,0.0,0.0,0.0,1.943053559448965
2015-10-08,0.0,0.0,0.0,0.0,1.943053559448965
2015-10-09,0.0,0.0,0.0,0.0,1.943053559448965
2015-10-12,0.0,0.0,0.0,0.0,1.943053559448965
2015-10-13,0.0,0.0,0.0,0.0,1.943053559448965
2015-10-14,0.0,0.0,0.0,0.0,1.943053559448965
2015-10-15,0.0,0.0,0.0,0.0,1.943053559448965
2015-10-16,0.0,0.0,0.0,0.0,1.943053559448965
2015-10-19,0.0,0.0,0.0,0.0,1.943053559448965
2015-10-20,0.0,0.0,0.0,0.0,1.943053559448965
2015-10-21,0.0,0.0,0.0,0.0,1.943053559448965
2015-10-22,0.0,0.0,0.0,0.0,1.943053559448965
2015-10-23,0.0,0.0,0.0,0.0,1.943053559448965
2015-10-26,0.0,0.0,0.0,0.0,1.943053559448965
2015-10-27,0.0,0.0,0.0,0.0,1.943053559448965
2015-10-28,0.0,0.0,0.0,0.0,1.943053559448965
2015-10-29,0.0,0.0,0.0,0.0,1.943053559448965
2015-10-30,0.0,0.0,0.0,0.0,1.943053559448965
2015-11-02,0.0,0.0,0.0,0.0,1.943053559448965
2015-11-03,0.0,0.0,0.0,0.0,1.943053559448965
2015-11-04,0.0,0.0,0.0,0.0,1.943053559448965
2015-11-05,0.0,0.0,0.0,0.0,1.943053559448965
2015-11-06,0.0,0.0,0.0,0.0,1.943053559448965
2015-11-09,0.0,0.0,0.0,0.0,1.943053559448965
2015-11-10,0.0,0.0,0.0,0.0,1.943053559448965
2015-11-11,0.0,0.0,0.0,0.0,1.943053559448965
2015-11-12,0.0,0.0,0.0,0.0,1.943053559448965
2015-11-13,0.0,0.0,0.0,0.0,1.943053559448965
2015-11-16,0.0017980337759780085,2.5e-05,0.0017730337759780084,0.125,1.9464986590384024
2015-11-17,7.855042369722676e-05,0.0,7.855042369722676e-05,0.0,1.946651557332796
2015-11-18,0.0023993126263600617,0.0,0.0023993126263600617,0.0,1.951322182993428
2015-11-19,8.799743928358805e-05,0.0,8.799743928358805e-05,0.0,1.9514938943487485
2015-11-20,0.0008464542327692448,0.0,0.0008464542327692448,0.0,1.9531457446158436
2015-11-23,-0.00036030554269832205,0.0,-0.00036030554269832205,0.0,1.9524420153783608
2015-11-24,-0.00010950923767569232,0.0,-0.00010950923767569232,0.0,1.9522282049416506
2015-11-25,0.00010960525998343629,0.0,0.00010960525998343629,0.0,1.9524421794216
2015-11-27,0.00017520215049837695,0.0,0.00017520215049837695,0.0,1.9527842514901583
2015-11-30,-0.00031714940761301547,0.0,-0.00031714940761301547,0.0,1.9521649271216022
2015-12-01,0.00298178081669348,2.5e-05,0.00295678081669348,0.125,1.9579370509291372
2015-12-02,-0.003317572420726944,0.0,-0.003317572420726944,0.0,1.9514414529674553
2015-12-03,-0.004084623566527834,0.0,-0.004084623566527834,0.0,1.943470549219965
2015-12-04,0.006403817735200018,2.5e-05,0.006378817735200018,0.125,1.9558675936271683
2015-12-07,0.00030055397506004167,0.0,0.00030055397506004167,0.0,1.9564554374071241
2015-12-08,-0.00010004643597023855,2.5e-05,-0.00012504643597023856,0.125,1.9562107896275418
2015-12-09,-0.0027288209331414043,2.5e-05,-0.002753820933141404,0.125,1.9508237354054285
2015-12-10,-0.00016418496528840254,0.0,-0.00016418496528840254,0.0,1.9505034394781473
2015-12-11,-0.003554799554402077,2.5e-05,-0.003579799554402077,0.125,1.9435210281346436
2015-12-14,0.0005426834992332541,0.0,0.0005426834992332541,0.0,1.9445757449270251
2015-12-15,0.0026987653421036983,0.0,0.0026987653421036983,0.0,1.94982369855253
2015-12-16,0.005860829801706269,0.0,0.005860829801706269,0.0,1.9612512833930795
2015-12-17,-0.0029338722530370676,0.0,-0.0029338722530370676,0.0,1.9554972226714993
2015-12-18,-0.005383958880321255,0.0,-0.005383958880321255,0.0,1.9449689060340534
2015-12-21,0.0028790976052986555,0.0,0.0028790976052986555,0.0,1.9505686613537963
2015-12-22,0.0015568586497885922,0.0,0.0015568586497885922,0.0,1.9536054210462312
2015-12-23,0.002820598932547519,0.0,0.002820598932547519,0.0,1.9591157584114534
2015-12-24,0.0004877135452604764,0.0,0.0004877135452604764,0.0,1.960071245703564
2015-12-28,0.0007095737707542571,0.0,0.0007095737707542571,0.0,1.961462060848325
2015-12-29,0.002553992268319344,0.0,0.002553992268319344,0.0,1.9664716197863334
2015-12-30,-0.0025709476278442805,0.0,-0.0025709476278442805,0.0,1.9614159242402207
2015-12-31,-0.0038943353171332767,2.5e-05,-0.003919335317133277,0.125,1.9537284775367585
2016-01-04,-0.005889753950021878,0.0,-0.005889753950021878,0.0,1.942221497518916
2016-01-05,0.002406659019406912,0.0,0.002406659019406912,0.0,1.946895762403606
2016-01-06,-0.00312002048968979,0.0,-0.00312002048968979,0.0,1.9408214077336168
2016-01-07,-0.009348540150208307,0.0,-0.009348540150208307,0.0,1.9226775608790354
2016-01-08,-0.003509053583664573,2.5e-05,-0.003534053583664573,0.125,1.9158827153547795
2016-01-11,-0.00014961264076104874,0.0,-0.00014961264076104874,0.0,1.9155960750823469
2016-01-12,0.0034270032566569297,0.0,0.0034270032566569297,0.0,1.9221608290700936
2016-01-13,-0.007989670330210114,0.0,-0.007989670330210114,0.0,1.90680339772418
2016-01-14,0.0032489041748028497,0.0,0.0032489041748028497,0.0,1.9129984192435745
2016-01-15,-0.005468783344734468,0.0,-0.005468783344734468,0.0,1.902536645349912
2016-01-19,0.0007130815755639897,0.0,0.0007130815755639897,0.0,1.9038933091785464
2016-01-20,-0.002423761962772747,2.5e-05,-0.0024487619627727468,0.125,1.8992311276618523
2016-01-21,-3.132379802033014e-05,0.0,-3.132379802033014e-05,0.0,1.8991716365296156
2016-01-22,0.006622932999773082,0.0,0.006622932999773082,0.0,1.9117497230334208
2016-01-25,-0.001962084994104857,0.0,-0.001962084994104857,0.0,1.9079987075893727
2016-01-26,0.0038019846834832505,0.0,0.0038019846834832505,0.0,1.9152528894517336
2016-01-27,-0.0055628606177118844,0.0,-0.0055628606177118844,0.0,1.9045986045800438
2016-01-28,0.00098948976298123,0.0,0.00098948976298123,0.0,1.906483185401864
2016-01-29,0.006238145857390215,0.0,0.006238145857390215,0.0,1.9183761055870625
2016-02-01,0.00016447129610379363,0.0,0.00016447129610379363,0.0,1.918691623391563
2016-02-02,-0.0015211988758835338,0.0,-0.0015211988758835338,0.0,1.9157729118508926
2016-02-03,-0.0008020238338929675,0.0,-0.0008020238338929675,0.0,1.9142364163152616
2016-02-04,0.0006583857002721849,0.0,0.0006583857002721849,0.0,1.915496722198704
2016-02-05,-0.0065660956591673675,0.0,-0.0065660956591673675,0.0,1.9029193874859258
2016-02-08,-0.002796680805098345,0.0,-0.002796680805098345,0.0,1.8975975293612946
2016-02-09,-0.0025555901701534572,0.0,-0.0025555901701534572,0.0,1.8927480477683514
2016-02-10,0.0019696042155933347,2.5e-05,0.0019446042155933346,0.125,1.8964286936010977
2016-02-11,-0.0009004058067185877,0.0,-0.0009004058067185877,0.0,1.8947211381933515
2016-02-12,-0.000641143852669751,0.0,-0.000641143852669751,0.0,1.8935063493830753
2016-02-16,0.0009784747732734106,0.0,0.0009784747732734106,0.0,1.8953590975789798
2016-02-17,0.0003011610287517036,0.0,0.0003011610287517036,0.0,1.8959299058746608
2016-02-18,0.002799604524103022,0.0,0.002799604524103022,0.0,1.9012377598165298
2016-02-19,0.0008217180705119842,0.0,0.0008217180705119842,0.0,1.9028000412401105
2016-02-22,0.0011263786213785154,0.0,0.0011263786213785154,0.0,1.9049433145273214
2016-02-23,0.0001776388401516643,0.0,0.0001776388401516643,0.0,1.9052817064482688
2016-02-24,-0.00039530847868234076,0.0,-0.00039530847868234076,0.0,1.9045285324354315
2016-02-25,0.0030017759660078136,0.0,0.0030017759660078136,0.0,1.9102455004106722
2016-02-26,-0.0018513614668934364,0.0,-0.0018513614668934364,0.0,1.9067089454989052
2016-02-29,5.930709574696047e-05,0.0,5.930709574696047e-05,0.0,1.9068220268688973
2016-03-01,0.0013186585483861424,0.0,0.0013186585483861424,0.0,1.909336474034879
2016-03-02,0.001419336804204363,0.0,0.001419336804204363,0.0,1.9120464655640865
2016-03-03,0.0032755444575973403,2.5e-05,0.0032505444575973404,0.125,1.9182616576053946
2016-03-04,-0.0009826251205176245,0.0,-0.0009826251205176245,0.0,1.9163767255129058
2016-03-07,0.0009118472111541848,0.0,0.0009118472111541848,0.0,1.9181241682855856
2016-03-08,-0.0004770889457205718,0.0,-0.0004770889457205718,0.0,1.917209052448377
2016-03-09,-0.0011024499408157362,0.0,-0.0011024499408157362,0.0,1.9150954254419739
2016-03-10,0.0010394097885717407,0.0,0.0010394097885717407,0.0,1.9170859943732272
2016-03-11,-0.000611321349756791,0.0,-0.000611321349756791,0.0,1.9159140387755471
2016-03-14,-0.0012041407037244045,0.0,-0.0012041407037244045,0.0,1.9136070086966204
2016-03-15,0.00027439847244567495,0.0,0.00027439847244567495,0.0,1.914132099536668
2016-03-16,0.004666407126524802,0.0,0.004666407126524802,0.0,1.9230642192070557
2016-03-17,0.0018032623896494376,0.0,0.0018032623896494376,0.0,1.9265320085864321
2016-03-18,-0.000621091547524516,0.0,-0.000621091547524516,0.0,1.9253354558398637
2016-03-21,-0.002963477868874312,0.0,-0.002963477868874312,0.0,1.9196297668263231
2016-03-22,0.00033851390708136697,0.0,0.00033851390708136697,0.0,1.920279588198841
2016-03-23,-0.002089260709512472,0.0,-0.002089260709512472,0.0,1.9162676235039384
2016-03-24,-0.00020552222282395338,0.0,-0.00020552222282395338,0.0,1.9158737879224303
2016-03-28,0.0015813705131692002,0.0,0.0015813705131692002,0.0,1.9189034942376049
2016-03-29,0.006335021411894515,0.0,0.006335021411894515,0.0,1.931059788960959
2016-03-30,-0.0033029953823630054,0.0,-0.0033029953823630054,0.0,1.9246815073949541
2016-03-31,0.0022285500947597237,0.0,0.0022285500947597237,0.0,1.9289707565506413
2016-04-01,-0.0005924456719890031,0.0,-0.0005924456719890031,0.0,1.9278279461745296
2016-04-04,-0.0009365997671213072,0.0,-0.0009365997671213072,0.0,1.9260223429690926
2016-04-05,0.0021694242660658253,0.0,0.0021694242660658253,0.0,1.9302007025769148
2016-04-06,-0.001371484405075049,0.0,-0.001371484405075049,0.0,1.9275534624146655
2016-04-07,0.002547105883743142,0.0,0.002547105883743142,0.0,1.9324631451800114
2016-04-08,-0.00028474427863453555,0.0,-0.00028474427863453555,0.0,1.9319128873557492
2016-04-11,0.0012722299244026097,0.0,0.0012722299244026097,0.0,1.934370724742382
2016-04-12,6.163895095157024e-05,0.0,6.163895095157024e-05,0.0,1.9344899573246066
2016-04-13,-0.0014468097657596157,0.0,-0.0014468097657596157,0.0,1.9316911183625856
2016-04-14,-0.0030373970205278683,0.0,-0.0030373970205278683,0.0,1.925823805515091
2016-04-15,0.0028716644204097586,0.0,0.0028716644204097586,0.0,1.9313541252173665
2016-04-18,-0.0001314135786271292,0.0,-0.0001314135786271292,0.0,1.9311003190601754
2016-04-19,0.001622863864440785,0.0,0.001622863864440785,0.0,1.9342342319865884
2016-04-20,-0.004130355699302812,0.0,-0.004130355699302812,0.0,1.926245156602716
2016-04-21,-0.0025005944052770707,0.0,-0.0025005944052770707,0.0,1.921428398740923
2016-04-22,-0.0005628187652381017,2.5e-05,-0.0005878187652381017,0.125,1.920298947072082
2016-04-25,0.0006680254377634115,0.0,0.0006680254377634115,0.0,1.9215817556168362
2016-04-26,0.0006003644619987369,0.0,0.0006003644619987369,0.0,1.9227354050137337
2016-04-27,0.0017874160559770563,0.0,0.0017874160559770563,0.0,1.9261721331480508
2016-04-28,0.0014868641804991478,0.0,0.0014868641804991478,0.0,1.929036089498304
2016-04-29,0.0009267301324885763,0.0,0.0009267301324885763,0.0,1.9308237853691004
2016-05-02,0.0009334538369572126,2.5e-05,0.0009084538369572127,0.125,1.9325778496454074
2016-05-03,-0.003136783787272057,0.0,-0.003136783787272057,0.0,1.9265157707789986
2016-05-04,-0.001012056783597129,0.0,-0.001012056783597129,0.0,1.9245660274244747
2016-05-05,0.0009495929490346833,2.5e-05,0.0009245929490346833,0.125,1.926345467603383
2016-05-06,0.003290083753027792,0.0,0.003290083753027792,0.0,1.9326833055290638
2016-05-09,-0.0019423823328282575,0.0,-0.0019423823328282575,0.0,1.9289292956214519
2016-05-10,0.005994299876353651,0.0,0.005994299876353651,0.0,1.9404918762596903
2016-05-11,-0.0033898285945331563,0.0,-0.0033898285945331563,0.0,1.9339139414100859
2016-05-12,-0.0016866492064550737,0.0,-0.0016866492064550737,0.0,1.930652106995454
2016-05-13,-0.003130384584049503,0.0,-0.003130384584049503,0.0,1.924608423402553
2016-05-16,0.004507795302332598,0.0,0.004507795302332598,0.0,1.9332841642123968
2016-05-17,-0.004986177881554352,0.0,-0.004986177881554352,0.0,1.9236444654740417
2016-05-18,-0.00664943123331628,0.0,-0.00664943123331628,0.0,1.9108533238835226
2016-05-19,-0.003343467236416167,0.0,-0.003343467236416167,0.0,1.904464448401521
2016-05-20,0.004348387239915666,0.0,0.004348387239915666,0.0,1.9127457973078232
2016-05-23,-0.0006286637830962699,0.0,-0.0006286637830962699,0.0,1.9115433232987862
2016-05-24,0.006813168636810377,2.5e-05,0.006788168636810377,0.125,1.9245192017339072
2016-05-25,0.003165641392022883,0.0,0.003165641392022883,0.0,1.930611539378659
2016-05-26,0.0015563440836284526,0.0,0.0015563440836284526,0.0,1.9336162352257555
2016-05-27,0.0018585012436050236,0.0,0.0018585012436050236,0.0,1.9372098634035775
2016-05-31,0.001347188314789971,0.0,0.001347188314789971,0.0,1.9398196498948506
2016-06-01,0.0015222778367167539,0.0,0.0015222778367167539,0.0,1.942772594355113
2016-06-02,0.003873192065027259,0.0,0.003873192065027259,0.0,1.9502973257517218
2016-06-03,0.005952562021221838,0.0,0.005952562021221838,0.0,1.9619065915430818
2016-06-06,0.0026203509464161473,2.5e-05,0.0025953509464161474,0.125,1.966998427672223
2016-06-07,0.0032405763245535596,0.0,0.0032405763245535596,0.0,1.9733726362073716
2016-06-08,0.006025865581551826,0.0,0.006025865581551826,0.0,1.98526391445547
2016-06-09,-0.002364019763768127,0.0,-0.002364019763768127,0.0,1.9805707113254016
2016-06-10,-0.010571792500838811,0.0,-0.010571792500838811,0.0,1.9596325287320306
2016-06-13,-0.005422509512720733,0.0,-0.005422509512720733,0.0,1.9490064027035443
2016-06-14,-0.0033030170484121685,0.0,-0.0033030170484121685,0.0,1.94256880132795
2016-06-15,0.004307183888659652,0.0,0.004307183888659652,0.0,1.9509358023716428
2016-06-16,0.0005489801219186463,0.0,0.0005489801219186463,0.0,1.9520068273462843
2016-06-17,-0.0002757496909081003,0.0,-0.0002757496909081003,0.0,1.9514685620669932
2016-06-20,0.006359088317069689,0.0,0.006359088317069689,0.0,1.9638781230011622
2016-06-21,-1.7565494911886415e-05,0.0,-1.7565494911886415e-05,0.0,1.963843626509985
2016-06-22,-0.0006766014158316319,0.0,-0.0006766014158316319,0.0,1.9625148871318165
2016-06-23,0.010661448191919137,0.0,0.010661448191919137,0.0,1.9834381379268424
2016-06-24,-0.024332197319001228,0.0,-0.024332197319001228,0.0,1.935176729784774
2016-06-27,-0.008947577424246081,0.0,-0.008947577424246081,0.0,1.9178615861654253
2016-06-28,0.01544114796309598,0.0,0.01544114796309598,0.0,1.9474755706901437
2016-06-29,0.013713966041716152,0.0,0.013713966041716152,0.0,1.97418318453366
2016-06-30,0.010972987192004097,0.0,0.010972987192004097,0.0,1.9958458713322178
2016-07-01,0.006231755728650562,0.0,0.006231755728650562,0.0,2.008283495274396
2016-07-05,-0.004611046662265722,0.0,-0.004611046662265722,0.0,1.9990232063666278
2016-07-06,0.0025138078872104785,0.0,0.0025138078872104785,0.0,2.004048366669509
2016-07-07,-0.0020473486029441157,0.0,-0.0020473486029441157,0.0,1.999945381045776
2016-07-08,0.015011496865483476,0.0,0.015011496865483476,0.0,2.029967554864483
2016-07-11,0.002355859264634594,2.5e-05,0.002330859264634594,0.125,2.034699123546646
2016-07-12,0.0008315453900214487,0.0,0.0008315453900214487,0.0,2.036391068222912
2016-07-13,0.002291557152513002,0.0,0.002291557152513002,0.0,2.041057574740612
2016-07-14,-0.00041028308945081915,0.0,-0.00041028308945081915,0.0,2.0402201633331005
2016-07-15,-0.0018168100528523634,0.0,-0.0018168100528523634,0.0,2.0365134708303247
2016-07-18,0.0029054831482847737,0.0,0.0029054831482847737,0.0,2.0424305264010774
2016-07-19,-0.0010109468263549831,0.0,-0.0010109468263549831,0.0,2.040365737742362
2016-07-20,0.0009714416886055094,0.0,0.0009714416886055094,0.0,2.042347834080007
2016-07-21,0.000669123585037304,0.0,0.000669123585037304,0.0,2.04371441718464
2016-07-22,0.0033035187325073517,0.0,0.0033035187325073517,0.0,2.0504658660457054
2016-07-25,-0.0029586033196699613,0.0,-0.0029586033196699613,0.0,2.0443993509275526
2016-07-26,0.0018989553577386797,0.0,0.0018989553577386797,0.0,2.048281574028354
2016-07-27,0.004101759877077893,0.0,0.004101759877077893,0.0,2.056683133205661
2016-07-28,0.0008641389275915456,0.0,0.0008641389275915456,0.0,2.058460393162785
2016-07-29,0.005303829739208343,0.0,0.005303829739208343,0.0,2.0693781166130245
2016-08-01,-0.00125097745884388,2.5e-05,-0.00127597745884388,0.125,2.0667376367824013
2016-08-02,-0.007290774409245526,0.0,-0.007290774409245526,0.0,2.0516695189095238
2016-08-03,0.0005263782597573763,0.0,0.0005263782597573763,0.0,2.0527494731404845
2016-08-04,0.002661762931037731,0.0,0.002661762931037731,0.0,2.058213405594797
2016-08-05,0.002591818446408614,0.0,0.002591818446408614,0.0,2.063547921066063
2016-08-08,0.001221339733716409,0.0,0.001221339733716409,0.0,2.0660682141344893
2016-08-09,0.004754061093270062,0.0,0.004754061093270062,0.0,2.075890428647348
2016-08-10,-0.00013459647477258307,0.0,-0.00013459647477258307,0.0,2.0756110211136383
2016-08-11,0.0008282706898695424,0.0,0.0008282706898695424,0.0,2.0773301888859965
2016-08-12,0.0006335300283517864,0.0,0.0006335300283517864,0.0,2.0786462399394576
2016-08-15,0.0030502997775550683,0.0,0.0030502997775550683,0.0,2.0849867341027606
2016-08-16,-0.004314605688350001,0.0,-0.004314605688350001,0.0,2.0759908384796666
2016-08-17,0.0005375936692735006,0.0,0.0005375936692735006,0.0,2.0771068780119033
2016-08-18,0.003368243026510634,0.0,0.003368243026510634,0.0,2.0841030787690844
2016-08-19,-0.0043954596227292475,0.0,-0.0043954596227292475,0.0,2.0749424878367493
2016-08-22,0.00038686684824440487,0.0,0.00038686684824440487,0.0,2.0757452142973074
2016-08-23,0.001558193799275659,0.0,0.001558193799275659,0.0,2.0789796276191015
2016-08-24,-0.004654161807264592,0.0,-0.004654161807264592,0.0,2.0693037200381554
2016-08-25,-0.0004724200387057481,0.0,-0.0004724200387057481,0.0,2.068326139494641
2016-08-26,-0.004271254068699715,0.0,-0.004271254068699715,0.0,2.0594917930559267
2016-08-29,0.005927032908881136,0.0,0.005927032908881136,0.0,2.0716984686889397
2016-08-30,-0.002865086229340452,0.0,-0.002865086229340452,0.0,2.065762873934953
2016-08-31,-0.002778592401079777,0.0,-0.002778592401079777,0.0,2.0600229609110046
2016-09-01,0.0025739030545383623,0.0,0.0025739030545383623,0.0,2.0653252603025125
2016-09-02,0.007002845955124751,0.0,0.007002845955124751,0.0,2.079788414947639
2016-09-06,0.008779471137364547,0.0,0.008779471137364547,0.0,2.098047857308497
2016-09-07,0.0007465776225676346,0.0,0.0007465776225676346,0.0,2.0996142128898394
2016-09-08,-0.005708480026470911,0.0,-0.005708480026470911,0.0,2.087628607092263
2016-09-09,-0.024515658090366904,0.0,-0.024515658090366904,0.0,2.0364490179411203
2016-09-12,0.009042025636692569,0.0,0.009042025636692569,0.0,2.0548626421691614
2016-09-13,-0.0163674331266197,0.0,-0.0163674331266197,0.0,2.0212298152890686
2016-09-14,0.0017928565889848008,0.0,0.0017928565889848008,0.0,2.0248535904812623
2016-09-15,0.007041310726884298,0.0,0.007041310726884298,0.0,2.039111213788288
2016-09-16,-0.0024273256608830507,0.0,-0.0024273256608830507,0.0,2.034161626813665
2016-09-19,0.0029403981998817885,0.0,0.0029403981998817885,0.0,2.0401428719994166
2016-09-20,0.0009039524779218266,0.0,0.0009039524779218266,0.0,2.041987064203875
2016-09-21,0.014575905988189752,0.0,0.014575905988189752,0.0,2.0717508756808103
2016-09-22,0.009259943662271286,0.0,0.009259943662271286,0.0,2.090935172071876
2016-09-23,-0.004678133505248469,0.0,-0.004678133505248469,0.0,2.081153498186104
2016-09-26,-0.0052937077098763885,0.0,-0.0052937077098763885,0.0,2.07013647986732
2016-09-27,0.0035831694178779655,0.0,0.0035831694178779655,0.0,2.0775541295928144
2016-09-28,0.004170950438762228,0.0,0.004170950438762228,0.0,2.086219504901192
2016-09-29,-0.009090756898802357,0.0,-0.009090756898802357,0.0,2.0672541905445954
2016-09-30,0.002364445180074573,0.0,0.002364445180074573,0.0,2.0721420997514177
2016-10-03,-0.00340790876950077,0.0,-0.00340790876950077,0.0,2.065080428518023
2016-10-04,-0.0103604603676761,0.0,-0.0103604603676761,0.0,2.0436852445822984
2016-10-05,0.0007566224591876308,0.0,0.0007566224591876308,0.0,2.04523154273786
2016-10-06,-0.0024939497681760736,0.0,-0.0024939497681760736,0.0,2.0401308380059824
2016-10-07,-0.0029450131048397027,0.0,-0.0029450131048397027,0.0,2.034122625952467
2016-10-10,0.005137988179541697,0.0,0.005137988179541697,0.0,2.0445739239603493
2016-10-11,-0.012423041898467643,0.0,-0.012423041898467643,0.0,2.0191740964384755
2016-10-12,0.0011958573404055872,0.0,0.0011958573404055872,0.0,2.021588740603258
2016-10-13,-0.0017240907171692799,0.0,-0.0017240907171692799,0.0,2.0181033382216502
2016-10-14,-0.002874978329206926,0.0,-0.002874978329206926,0.0,2.012301334858163
2016-10-17,-2.1029049972975944e-05,0.0,-2.1029049972975944e-05,0.0,2.0122590180728315
2016-10-18,0.008031711528518504,0.0,0.008031711528518504,0.0,2.028420902026652
2016-10-19,0.0030493483356172774,0.0,0.0030493483356172774,0.0,2.0346062639281786
2016-10-20,-0.0014566662450329615,0.0,-0.0014566662450329615,0.0,2.0316425216615817
2016-10-21,-2.9696208699345195e-05,0.0,-2.9696208699345195e-05,0.0,2.031582189581256
2016-10-24,0.0028006800610122784,0.0,0.0028006800610122784,0.0,2.0372720013119237
2016-10-25,-0.0006541184349573154,0.0,-0.0006541184349573154,0.0,2.035939384138843
2016-10-26,-0.007399266604785709,0.0,-0.007399266604785709,0.0,2.0208749258444163
2016-10-27,-0.007964542474454231,0.0,-0.007964542474454231,0.0,2.004779581661969
2016-10-28,-0.0014444135276549391,0.0,-0.0014444135276549391,0.0,2.00188385091425
2016-10-31,0.004334117344774152,0.0,0.004334117344774152,0.0,2.010560250434721
2016-11-01,-0.006827589365043851,0.0,-0.006827589365043851,0.0,1.996832970651073
2016-11-02,-0.006042412068696504,0.0,-0.006042412068696504,0.0,1.9847672830100398
2016-11-03,-0.004138638776793074,0.0,-0.004138638776793074,0.0,1.9765530481696643
2016-11-04,-4.771054895524873e-05,0.0,-4.771054895524873e-05,0.0,1.9764587457386968
2016-11-07,0.013904179693716129,0.0,0.013904179693716129,0.0,2.0039397832966643
2016-11-08,0.002486412489661069,0.0,0.002486412489661069,0.0,2.008922404202382
2016-11-09,-0.005489022382284492,0.0,-0.005489022382284492,0.0,1.9978953841614422
2016-11-10,-0.009408056189488201,0.0,-0.009408056189488201,0.0,1.979099072126532
2016-11-11,-0.003219076333490903,0.0,-0.003219076333490903,0.0,1.9727282011418157
2016-11-14,0.00016408147709774668,0.0,0.00016408147709774668,0.0,1.9730518892989715
2016-11-15,0.006825586825809027,0.0,0.006825586825809027,0.0,1.9865191262812079
2016-11-16,-0.0014606096863515744,0.0,-0.0014606096863515744,0.0,1.983617597203239
2016-11-17,-0.0003370667567286767,0.0,-0.0003370667567286767,0.0,1.98294898565316
2016-11-18,-0.0027564963817768157,2.5e-05,-0.0027814963817768155,0.125,1.9774334202243176
2016-11-21,0.005588992306843704,2.5e-05,0.005563992306843704,0.125,1.9884358445617414
2016-11-22,0.003969005210137405,2.5e-05,0.003944005210137405,0.125,1.9962782458927169
2016-11-23,-0.0014349179982134364,0.0,-0.0014349179982134364,0.0,1.9934137503082436
2016-11-25,0.0022581917996888634,0.0,0.0022581917996888634,0.0,1.9979152608925768
2016-11-28,-0.002657033781427273,0.0,-0.002657033781427273,0.0,1.992606732551956
2016-11-29,0.0015831866879045808,0.0,0.0015831866879045808,0.0,1.9957614010051614
2016-11-30,-0.002347907631027185,0.0,-0.002347907631027185,0.0,1.991075537582032
2016-12-01,-0.005189963073058218,0.0,-0.005189963073058218,0.0,1.9807419290663117
2016-12-02,0.0006966662560690534,0.0,0.0006966662560690534,0.0,1.9821218451302733
2016-12-05,0.006138549946425709,0.0,0.006138549946425709,0.0,1.994289199076507
2016-12-06,0.0035699121366854214,0.0,0.0035699121366854214,0.0,2.001408636292351
2016-12-07,0.008405663935426272,0.0,0.008405663935426272,0.0,2.018231804686484
2016-12-08,0.002941957385279831,0.0,0.002941957385279831,0.0,2.0241693566494883
2016-12-09,0.0018612137667080725,0.0,0.0018612137667080725,0.0,2.027936768522233
2016-12-12,-0.003410683262812561,0.0,-0.003410683262812561,0.0,2.021020118527792
2016-12-13,0.00515819574304352,0.0,0.00515819574304352,0.0,2.0314449358997875
2016-12-14,-0.008409347082158125,0.0,-0.008409347082158125,0.0,2.014361810355514
2016-12-15,0.0015800416237435194,0.0,0.0015800416237435194,0.0,2.0175445858611547
2016-12-16,-0.001417728975324023,0.0,-0.001417728975324023,0.0,2.014684254442771
2016-12-19,0.0005558761299239573,0.0,0.0005558761299239573,0.0,2.0158041693291495
2016-12-20,0.0028813187764524795,0.0,0.0028813187764524795,0.0,2.021612343731889
2016-12-21,-0.0017416283693177798,0.0,-0.0017416283693177798,0.0,2.0180914463222823
2016-12-22,-0.003414321669888337,0.0,-0.003414321669888337,0.0,2.011201032965288
2016-12-23,0.001990855693753374,0.0,0.001990855693753374,0.0,2.0152050439930496
2016-12-27,0.0019105413683518507,0.0,0.0019105413683518507,0.0,2.0190551765953093
2016-12-28,-0.0028195777359650703,0.0,-0.0028195777359650703,0.0,2.013362293571696
2016-12-29,0.0022646265859129766,0.0,0.0022646265859129766,0.0,2.0179218073487935
2016-12-30,-0.002673143874979897,0.0,-0.002673143874979897,0.0,2.0125276120292908
2017-01-03,0.004974795203819854,0.0,0.004974795203819854,0.0,2.0225395247411693
2017-01-04,0.0058806579867233255,0.0,0.0058806579867233255,0.0,2.0344333879508016
2017-01-05,0.0015947179799348232,0.0,0.0015947179799348232,0.0,2.037677735453547
2017-01-06,0.00014307301846427922,0.0,0.00014307301846427922,0.0,2.0379692721578153
2017-01-09,-0.0011172474456847825,0.0,-0.0011172474456847825,0.0,2.035692356194113
2017-01-10,0.00222435505614052,0.0,0.00222435505614052,0.0,2.04022045877936
2017-01-11,0.0030553804502786996,0.0,0.0030553804502786996,0.0,2.046454108483373
2017-01-12,-0.0007327449363377092,0.0,-0.0007327449363377092,0.0,2.0449545795979347
2017-01-13,0.001981255053399855,0.0,0.001981255053399855,0.0,2.0490061561927364
2017-01-17,-0.0030427226448161426,0.0,-0.0030427226448161426,0.0,2.042771598761921
2017-01-18,-0.00010002505339500034,0.0,-0.00010002505339500034,0.0,2.0425672704236812
2017-01-19,-0.0022374179017619067,0.0,-0.0022374179017619067,0.0,2.0379971938472825
2017-01-20,0.0023389767876874357,0.0,0.0023389767876874357,0.0,2.0427640219770633
2017-01-23,0.0014245521393906196,0.0,0.0014245521393906196,0.0,2.045674045834841
2017-01-24,0.004649383006132546,0.0,0.004649383006132546,0.0,2.055185167979632
2017-01-25,0.006193722347171221,0.0,0.006193722347171221,0.0,2.0679144142821224
2017-01-26,-0.0015315323093202937,0.0,-0.0015315323093202937,0.0,2.06474733654374
2017-01-27,-0.0004952133497601041,0.0,-0.0004952133497601041,0.0,2.063724846098802
2017-01-30,-0.005056254422313597,0.0,-0.005056254422313597,0.0,2.053290128219276
2017-01-31,0.0010373055566521017,0.0,0.0010373055566521017,0.0,2.055420017478697
2017-02-01,0.001408475908142956,0.0,0.001408475908142956,0.0,2.0583150270544306
2017-02-02,0.00025630711447591215,0.0,0.00025630711447591215,0.0,2.058842587839697
2017-02-03,0.0043979061230269845,0.0,0.0043979061230269845,0.0,2.0678971842631064
2017-02-06,-0.0022068438589233214,0.0,-0.0022068438589233214,0.0,2.0633336580611306
2017-02-07,-0.0008458038409075302,0.0,-0.0008458038409075302,0.0,2.0615884825280686
2017-02-08,0.0011265997785025322,0.0,0.0011265997785025322,0.0,2.063911067655848
2017-02-09,0.004042060600680436,0.0,0.004042060600680436,0.0,2.072253521265728
2017-02-10,0.0033033212560202307,0.0,0.0033033212560202307,0.0,2.0790988403703876
2017-02-13,0.0026044476120363758,0.0,0.0026044476120363758,0.0,2.084513744380378
2017-02-14,0.0012788423683438577,0.0,0.0012788423683438577,0.0,2.0871795088740868
2017-02-15,0.0036258500874336297,0.0,0.0036258500874336297,0.0,2.0947473088788273
2017-02-16,-0.0006575294962875983,0.0,-0.0006575294962875983,0.0,2.0933699507359704
2017-02-17,-0.00019063343881847716,0.0,-0.00019063343881847716,0.0,2.0929708844235426
2017-02-21,0.00412094641550384,0.0,0.00412094641550384,0.0,2.101595905287462
2017-02-22,-0.00022940072210340945,0.0,-0.00022940072210340945,0.0,2.1011137976692194
2017-02-23,-0.0008282204616367056,0.0,-0.0008282204616367056,0.0,2.0993736122297624
2017-02-24,-0.002071966902550862,0.0,-0.002071966902550862,0.0,2.0950237795891336
2017-02-27,0.001259056888168783,0.0,0.001259056888168783,0.0,2.0976615337097027
2017-02-28,-0.0040411904510649355,0.0,-0.0040411904510649355,0.0,2.089184483950109
2017-03-01,0.008646494787949821,0.0,0.008646494787949821,0.0,2.107248606701649
2017-03-02,-0.005871948925628603,0.0,-0.005871948925628603,0.0,2.094874950509495
2017-03-03,0.0019174147016510351,0.0,0.0019174147016510351,0.0,2.098891694537722
2017-03-06,-0.0018297039809933163,0.0,-0.0018297039809933163,0.0,2.0950513440485525
2017-03-07,-0.0017020717082946446,0.0,-0.0017020717082946446,0.0,2.091485416428423
2017-03-08,-0.002464844793753057,0.0,-0.002464844793753057,0.0,2.086330229488529
2017-03-09,-0.0007556800232276784,0.0,-0.0007556800232276784,0.0,2.0847536314122483
2017-03-10,0.003967219371094954,0.0,0.003967219371094954,0.0,2.0930243064027474
2017-03-13,0.0029648991012602988,0.0,0.0029648991012602988,0.0,2.0992299122877167
2017-03-14,-0.0030493594323510176,0.0,-0.0030493594323510176,0.0,2.0928286057540086
2017-03-15,0.008835960866912157,0.0,0.008835960866912157,0.0,2.1113207574156054
2017-03-16,0.001202423149967366,0.0,0.001202423149967366,0.0,2.1138594583713286
2017-03-17,0.0003364211839261555,0.0,0.0003364211839261555,0.0,2.1145706054729674
2017-03-20,0.0006300493235375237,0.0,0.0006300493235375237,0.0,2.115902889252518
2017-03-21,-0.008969088934863395,0.0,-0.008969088934863395,0.0,2.096925168061278
2017-03-22,0.0017909347404774512,0.0,0.0017909347404774512,0.0,2.1006806241929405
2017-03-23,0.0005930482639047302,0.0,0.0005930482639047302,0.0,2.1019264291901365
2017-03-24,0.0009160484366448479,0.0,0.0009160484366448479,0.0,2.1038518956095387
2017-03-27,0.00028144566359025736,0.0,0.00028144566359025736,0.0,2.104444015602394
2017-03-28,0.0035962740120438486,0.0,0.0035962740120438486,0.0,2.1120121729255064
2017-03-29,0.0013208984600839857,0.0,0.0013208984600839857,0.0,2.114801926552402
2017-03-30,0.0004535486908936459,0.0,0.0004535486908936459,0.0,2.115761092197689
2017-03-31,-0.0012381600067989246,0.0,-0.0012381600067989246,0.0,2.1131414414293888
2017-04-03,-0.0010937897223343152,0.0,-0.0010937897223343152,0.0,2.1108301090389148
2017-04-04,0.0001540148726698748,0.0,0.0001540148726698748,0.0,2.1111552082693863
2017-04-05,-0.00333966094637278,0.0,-0.00333966094637278,0.0,2.1041046656685976
2017-04-06,0.0013795727144663011,0.0,0.0013795727144663011,0.0,2.1070074310537352
2017-04-07,-0.0005516672991708188,0.0,-0.0005516672991708188,0.0,2.105845063954913
2017-04-10,-0.00025102862604288456,0.0,-0.00025102862604288456,0.0,2.105316436561849
2017-04-11,0.0006056376917291661,0.0,0.0006056376917291661,0.0,2.106591495548848
2017-04-12,-0.0022436912404194542,0.0,-0.0022436912404194542,0.0,2.101864954663143
2017-04-13,-0.0038773417373558078,0.0,-0.0038773417373558078,0.0,2.0937153059481424
2017-04-17,0.005690950177949183,0.0,0.005690950177949183,0.0,2.1056305354411027
2017-04-18,-0.00268042719226437,0.0,-0.00268042719226437,0.0,2.0999865460970444
2017-04-19,-0.0008705215348714795,0.0,-0.0008705215348714795,0.0,2.098158462585727
2017-04-20,0.006213157202367092,2.5e-05,0.006188157202367092,0.125,2.111142196987684
2017-04-21,-0.0010814648852886383,0.0,-0.0010814648852886383,0.0,2.1088590708337906
2017-04-24,0.00800920346472743,0.0,0.00800920346472743,0.0,2.1257493522105344
2017-04-25,0.0053487861875088916,0.0,0.0053487861875088916,0.0,2.1371195309837443
2017-04-26,-0.001362678856839411,0.0,-0.001362678856839411,0.0,2.1342073233843344
2017-04-27,0.00045337669114389745,0.0,0.00045337669114389745,0.0,2.1351749232388255
2017-04-28,-0.0029769716181320266,0.0,-0.0029769716181320266,0.0,2.1288185680925964
2017-05-01,0.0041132806135908695,0.0,0.0041132806135908695,0.0,2.137574996238584
2017-05-02,0.0009556096106176776,0.0,0.0009556096106176776,0.0,2.1396176834484053
2017-05-03,-0.004077380173385645,0.0,-0.004077380173385645,0.0,2.1308936487272874
2017-05-04,-0.0007978710092295671,0.0,-0.0007978710092295671,0.0,2.1291934704612165
2017-05-05,0.005355139092975025,0.0,0.005355139092975025,0.0,2.140595597651391
2017-05-08,-0.002114537728472532,0.0,-0.002114537728472532,0.0,2.1360692274987545
2017-05-09,0.0008736060992151073,0.0,0.0008736060992151073,0.0,2.1379353106042434
2017-05-10,0.003078669192037753,0.0,0.003078669192037753,0.0,2.14451730617957
2017-05-11,-0.001883411970383761,0.0,-0.001883411970383761,0.0,2.1404782966144165
2017-05-12,0.00011705310684856363,0.0,0.00011705310684856363,0.0,2.140728846249177
2017-05-15,0.004334908477469063,0.0,0.004334908477469063,0.0,2.150008709872745
2017-05-16,0.0005295392322784559,0.0,0.0005295392322784559,0.0,2.151147223834363
2017-05-17,-0.011809103546734964,0.0,-0.011809103546734964,0.0,2.125744103523832
2017-05-18,0.0008788147584182088,0.0,0.0008788147584182088,0.0,2.127612238814629
2017-05-19,0.006735990375067891,0.0,0.006735990375067891,0.0,2.141943814377161
2017-05-22,0.003291490700711164,0.0,0.003291490700711164,0.0,2.1489940025236294
2017-05-23,0.0010595412422162442,0.0,0.0010595412422162442,0.0,2.1512709502985787
2017-05-24,0.003016366070662191,2.5e-05,0.002991366070662191,0.125,2.157706189228103
2017-05-25,0.0022265453038191885,0.0,0.0022265453038191885,0.0,2.1625104198107508
2017-05-26,0.0004600393229461791,0.0,0.0004600393229461791,0.0,2.1635052596401443
2017-05-30,-0.002976411796510217,0.0,-0.002976411796510217,0.0,2.1570657770635395
2017-05-31,-0.0004398820384171054,0.0,-0.0004398820384171054,0.0,2.156116922572525
2017-06-01,0.006525390440429241,0.0,0.006525390440429241,0.0,2.1701864273275273
2017-06-02,0.006865048680309571,0.0,0.006865048680309571,0.0,2.1850848627964776
2017-06-05,-0.002149419055682014,0.0,-0.002149419055682014,0.0,2.1803881997541006
2017-06-06,-0.0005033493727190225,0.0,-0.0005033493727190225,0.0,2.1792907027214703
2017-06-07,0.0009424746693354608,0.0,0.0009424746693354608,0.0,2.1813446290059035
2017-06-08,0.0013093098737055886,0.0,0.0013093098737055886,0.0,2.1842006850666156
2017-06-09,-0.004359160249252023,0.0,-0.004359160249252023,0.0,2.1746794042638844
2017-06-12,-0.0010968569447222104,0.0,-0.0010968569447222104,0.0,2.1722940920567733
2017-06-13,0.004237346364536265,0.0,0.004237346364536265,0.0,2.1814988545304534
2017-06-14,-0.002072096473645188,0.0,-0.002072096473645188,0.0,2.17697857844672
2017-06-15,-0.003908757442940183,0.0,-0.003908757442940183,0.0,2.168469297225095
2017-06-16,0.00014778874632835615,0.0,0.00014778874632835615,0.0,2.1687897725839838
2017-06-19,0.004871257829163533,0.0,0.004871257829163533,0.0,2.179354506743493
2017-06-20,-0.006033447264316288,0.0,-0.006033447264316288,0.0,2.166205486256806
2017-06-21,0.0011236774537149163,0.0,0.0011236774537149163,0.0,2.1686396025218264
2017-06-22,0.001817329561086281,2.5e-05,0.001792329561086281,0.125,2.1725265193887684
2017-06-23,0.0033447572016253035,0.0,0.0033447572016253035,0.0,2.1797930931102156
2017-06-26,0.001305666524630919,0.0,0.001305666524630919,0.0,2.1826391759825112
2017-06-27,-0.007834925222027195,0.0,-0.007834925222027195,0.0,2.165538361252021
2017-06-28,0.006870639434890677,0.0,0.006870639434890677,0.0,2.1804169945146077
2017-06-29,-0.009912541703715791,0.0,-0.009912541703715791,0.0,2.158803520124991
2017-06-30,0.0001308767551925355,0.0,0.0001308767551925355,0.0,2.1590860573248034
2017-07-03,-0.0003413510722753005,0.0,-0.0003413510722753005,0.0,2.158349050984001
2017-07-05,-0.00044145705903556043,0.0,-0.00044145705903556043,0.0,2.1573962325595812
2017-07-06,-0.009397853879633586,0.0,-0.009397853879633586,0.0,2.1371213380055143
2017-07-07,0.0023132997225832758,0.0,0.0023132997225832758,0.0,2.142065140203849
2017-07-10,0.0011480029038413025,0.0,0.0011480029038413025,0.0,2.14452423720502
2017-07-11,0.002174726037994665,0.0,0.002174726037994665,0.0,2.1491879899027806
2017-07-12,0.009647786561244404,0.0,0.009647786561244404,0.0,2.1699228969093523
2017-07-13,0.0007534516358291693,0.0,0.0007534516358291693,0.0,2.1715578288656516
2017-07-14,0.006603828948804014,0.0,0.006603828948804014,0.0,2.1858984253199165
2017-07-17,0.0014258211386480313,0.0,0.0014258211386480313,0.0,2.1890151255016748
2017-07-18,0.0027618524942765316,0.0,0.0027618524942765316,0.0,2.195060862386051
2017-07-19,0.005200123650859034,0.0,0.005200123650859034,0.0,2.2064754502916193
2017-07-20,0.0006232941691441257,0.0,0.0006232941691441257,0.0,2.207850733574146
2017-07-21,0.00021509508770928276,0.0,0.00021509508770928276,0.0,2.2083256314213333
2017-07-24,7.808917455989772e-05,0.0,7.808917455989772e-05,0.0,2.2084980777470506
2017-07-25,-0.0008935625481957393,0.0,-0.0008935625481957393,0.0,2.2065246465770136
2017-07-26,0.0035974524991108647,0.0,0.0035974524991108647,0.0,2.214462514181192
2017-07-27,-0.003219060869986287,0.0,-0.003219060869986287,0.0,2.20733402455374
2017-07-28,0.0008287648468035258,0.0,0.0008287648468035258,0.0,2.209163385398443
2017-07-31,-0.0002155036066285032,0.0,-0.0002155036066285032,0.0,2.208687302721258
2017-08-01,0.0032049840110438543,0.0,0.0032049840110438543,0.0,2.2157661102118755
2017-08-02,-0.002122685636562871,0.0,-0.002122685636562871,0.0,2.211062735315746
2017-08-03,-0.0005534182416720296,0.0,-0.0005534182416720296,0.0,2.209839092864541
2017-08-04,6.963513261096232e-05,0.0,6.963513261096232e-05,0.0,2.209992975302822
2017-08-07,0.001998070483442013,0.0,0.001998070483442013,0.0,2.2144086970353882
2017-08-08,-0.0022336965953074495,0.0,-0.0022336965953074495,0.0,2.209462379868201
2017-08-09,-0.0008094187692091331,0.0,-0.0008094187692091331,0.0,2.2076739995480743
2017-08-10,-0.010356453998992848,0.0,-0.010356453998992848,0.0,2.184810325326982
2017-08-11,0.0012622688999338327,0.0,0.0012622688999338327,0.0,2.1875681434528964
2017-08-14,0.007493658194683228,0.0,0.007493658194683228,0.0,2.20396103139751
2017-08-15,-0.0027717684335533815,0.0,-0.0027717684335533815,0.0,2.1978521617819005
2017-08-16,0.004357220692900399,0.0,0.004357220692900399,0.0,2.2074286887011523
2017-08-17,-0.0089951923666316,0.0,-0.0089951923666316,0.0,2.187572443010664
2017-08-18,-0.00037222804966269285,0.0,-0.00037222804966269285,0.0,2.186758167186706
2017-08-21,0.0023899468565347914,0.0,0.0023899468565347914,0.0,2.1919844029943754
2017-08-22,0.005164209698116526,0.0,0.005164209698116526,0.0,2.203304270106439
2017-08-23,0.0021194351585357707,0.0,0.0021194351585357707,0.0,2.207974030641455
2017-08-24,-0.0013994246221738504,0.0,-0.0013994246221738504,0.0,2.2048841374178547
2017-08-25,0.003409010134620624,0.0,0.003409010134620624,0.0,2.2124006097879767
2017-08-28,0.0014299149729956329,0.0,0.0014299149729956329,0.0,2.2155641545461773
2017-08-29,-7.008137796112035e-05,0.0,-7.008137796112035e-05,0.0,2.2154088847572653
2017-08-30,0.0034951684925632054,0.0,0.0034951684925632054,0.0,2.2231521120894135
2017-08-31,0.007033583226981166,0.0,0.007033583226981166,0.0,2.2387888374960334
2017-09-01,0.001514429208842677,0.0,0.001514429208842677,0.0,2.2421793247039683
2017-09-05,-0.002663480606993132,0.0,-0.002663480606993132,0.0,2.2362073235552185
2017-09-06,0.001573449285267245,0.0,0.001573449285267245,0.0,2.239725882370176
2017-09-07,0.005291653798145765,0.0,0.005291653798145765,0.0,2.2515777363424254
2017-09-08,-0.0022656565488912567,0.0,-0.0022656565488912567,0.0,2.2464764344987436
2017-09-11,0.004652093687015302,0.0,0.004652093687015302,0.0,2.256927253337704
2017-09-12,-2.973851771261027e-05,0.0,-2.973851771261027e-05,0.0,2.2568601356666043
2017-09-13,-0.0024918888066324946,0.0,-0.0024918888066324946,0.0,2.2512362911564017
2017-09-14,0.0017620186669464466,0.0,0.0017620186669464466,0.0,2.2552030115251265
2017-09-15,0.0016237361551911383,0.0,0.0016237361551911383,0.0,2.2588648661922357
2017-09-18,-0.0010007932402927022,0.0,-0.0010007932402927022,0.0,2.256604209503416
2017-09-19,0.00032951195330999106,0.0,0.00032951195330999106,0.0,2.2573477875643366
2017-09-20,-0.0020407404590513795,0.0,-0.0020407404590513795,0.0,2.252741126604104
2017-09-21,-0.002744657134883824,0.0,-0.002744657134883824,0.0,2.246558124597924
2017-09-22,0.00015396951032885242,0.0,0.00015396951032885242,0.0,2.2469040260522934
2017-09-25,-0.0014144400113997313,0.0,-0.0014144400113997313,0.0,2.24372591509607
2017-09-26,-0.0012255573172239576,0.0,-0.0012255573172239576,0.0,2.240976100382979
2017-09-27,-0.0004870525020221478,0.0,-0.0004870525020221478,0.0,2.2398846273663158
2017-09-28,0.0013993371514507552,0.0,0.0013993371514507552,0.0,2.2430189811403527
2017-09-29,0.0037019847810193796,0.0,0.0037019847810193796,0.0,2.251322603272072
2017-10-02,0.0008656560186201118,0.0,0.0008656560186201118,0.0,2.25327147423345
2017-10-03,0.003211039544166003,0.0,0.003211039544166003,0.0,2.260506818040955
2017-10-04,0.000600395351280883,0.0,0.000600395351280883,0.0,2.2618640158260455
2017-10-05,0.002475020470098538,0.0,0.002475020470098538,0.0,2.267462175565794
2017-10-06,-0.0010313820547265817,0.0,-0.0010313820547265817,0.0,2.2651235557681444
2017-10-09,0.0008040417235172098,0.0,0.0008040417235172098,0.0,2.2669448096159033
2017-10-10,0.004106797952753094,0.0,0.004106797952753094,0.0,2.2762546939190385
2017-10-11,0.002412570913503831,0.0,0.002412570913503831,0.0,2.2817463197853143
2017-10-12,0.0007692793152789118,0.0,0.0007692793152789118,0.0,2.283501620031839
2017-10-13,0.004365842376353721,0.0,0.004365842376353721,0.0,2.293471028171046
2017-10-16,-0.0012492314327625237,0.0,-0.0012492314327625237,0.0,2.2906059520725246
2017-10-17,-0.0016261598262068133,0.0,-0.0016261598262068133,0.0,2.286881060695594
2017-10-18,-0.00020325368574290736,0.0,-0.00020325368574290736,0.0,2.286416243691152
2017-10-19,-0.0013305664912611759,0.0,-0.0013305664912611759,0.0,2.2833740148522215
2017-10-20,-0.0009776560254015354,0.0,-0.0009776560254015354,0.0,2.281141660488356
2017-10-23,-0.00356612824942118,0.0,-0.00356612824942118,0.0,2.273006816771957
2017-10-24,-0.0011171075026494143,0.0,-0.0011171075026494143,0.0,2.2704676238033676
2017-10-25,-0.003393573663321589,0.0,-0.003393573663321589,0.0,2.262762624671804
2017-10-26,-0.0033374277197245616,0.0,-0.0033374277197245616,0.0,2.2552108179650676
2017-10-27,0.009615459127382181,0.0,0.009615459127382181,0.0,2.2768957054088412
2017-10-30,-0.0006713511370506908,0.0,-0.0006713511370506908,0.0,2.2753671088880694
2017-10-31,0.0027957470170289767,0.0,0.0027957470170289767,0.0,2.281728459695389
2017-11-01,0.0016896414067664733,0.0,0.0016896414067664733,0.0,2.2855837625798876
2017-11-02,0.0024120058374438452,0.0,0.0024120058374438452,0.0,2.291096603957197
2017-11-03,0.0001307910528296763,0.0,0.0001307910528296763,0.0,2.291396258894163
2017-11-06,0.004719727638475946,0.0,0.004719727638475946,0.0,2.302211025147966
2017-11-07,-0.0016849989717797331,0.0,-0.0016849989717797331,0.0,2.298331801937772
2017-11-08,0.002669072273080955,0.0,0.002669072273080955,0.0,2.304466215624664
2017-11-09,-0.002750415202696435,0.0,-0.002750415202696435,0.0,2.2981279767111094
2017-11-10,-0.003796174542824729,0.0,-0.003796174542824729,0.0,2.2894038817897653
2017-11-13,0.0005922510067504633,0.0,0.0005922510067504633,0.0,2.2907597835436135
2017-11-14,-0.0011774194585170844,0.0,-0.0011774194585170844,0.0,2.288062598399681
2017-11-15,-0.003019356760192146,0.0,-0.003019356760192146,0.0,2.2811541211254602
2017-11-16,0.008041809264150948,0.0,0.008041809264150948,0.0,2.299498727469683
2017-11-17,0.001781856681177918,0.0,0.001781856681177918,0.0,2.303596104640585
2017-11-20,-5.756100175395573e-05,0.0,-5.756100175395573e-05,0.0,2.3034635073411653
2017-11-21,0.007628389683200287,0.0,0.007628389683200287,0.0,2.321035224596195
2017-11-22,0.00180985168576063,0.0,0.00180985168576063,0.0,2.32523595411014
2017-11-24,0.0010577562377485916,0.0,0.0010577562377485916,0.0,2.327695486944837
2017-11-27,-0.0033244431780457273,0.0,-0.0033244431780457273,0.0,2.319957195562696
2017-11-28,0.004876822484319102,0.0,0.004876822484319102,0.0,2.3312712149766743
2017-11-29,-0.006287039710077144,0.0,-0.006287039710077144,0.0,2.3166144202731562
2017-11-30,-6.0335270136921415e-05,0.0,-6.0335270136921415e-05,0.0,2.3164746467163058
2017-12-01,-1.9057514749690196e-05,0.0,-1.9057514749690196e-05,0.0,2.3164305004665584
2017-12-04,-0.003242055238226349,0.0,-0.003242055238226349,0.0,2.3089205048285333
2017-12-05,-0.0032698035220855015,0.0,-0.0032698035220855015,0.0,2.3013707884296295
2017-12-06,-0.0018877228092368525,0.0,-0.0018877228092368525,0.0,2.2970264382997994
2017-12-07,6.58777698812063e-05,0.0,6.58777698812063e-05,0.0,2.297177761278913
2017-12-08,0.004116139067817479,0.0,0.004116139067817479,0.0,2.3066332644078344
2017-12-11,0.0014773660629711222,0.0,0.0014773660629711222,0.0,2.310041006112391
2017-12-12,-0.0003057293751956708,0.0,-0.0003057293751956708,0.0,2.309334758718916
2017-12-13,0.00517906049177122,0.0,0.00517906049177122,0.0,2.321294943130071
2017-12-14,-0.0033421578093680987,0.0,-0.0033421578093680987,0.0,2.313536809108042
2017-12-15,0.00599362712923987,0.0,0.00599362712923987,0.0,2.3274032860916067
2017-12-18,0.006682833314572062,0.0,0.006682833314572062,0.0,2.342956934308344
2017-12-19,-0.007512357602583453,0.0,-0.007512357602583453,0.0,2.3253558039703672
2017-12-20,-0.0025029997083724637,0.0,-0.0025029997083724637,0.0,2.319535439071167
2017-12-21,0.0025088833474822825,0.0,0.0025088833474822825,0.0,2.325354882908148
2017-12-22,0.002661958779370005,0.0,0.002661958779370005,0.0,2.3315448817538558
2017-12-26,0.0009603450917854278,0.0,0.0009603450917854278,0.0,2.3337839694373255
2017-12-27,0.0030199704141118527,0.0,0.0030199704141118527,0.0,2.3408319279779546
2017-12-28,0.003020750565453159,0.0,0.003020750565453159,0.0,2.347902997348025
2017-12-29,-0.0005457114037473593,0.0,-0.0005457114037473593,0.0,2.3466217199074797
2018-01-02,0.00725121995184784,0.0,0.00725121995184784,0.0,2.363637590142312
2018-01-03,0.0038379382922658217,0.0,0.0038379382922658217,0.0,2.372709085358558
2018-01-04,0.0015348730517765752,0.0,0.0015348730517765752,0.0,2.37635089259338
2018-01-05,0.0036954009538826688,0.0,0.0036954009538826688,0.0,2.3851324619486296
2018-01-08,0.0014225225021110566,0.0,0.0014225225021110566,0.0,2.388525366546267
2018-01-09,-0.0038050938228177816,0.0,-0.0038050938228177816,0.0,2.379436803428378
2018-01-10,-0.002748668205686061,0.0,-0.002748668205686061,0.0,2.372896521139355
2018-01-11,0.006049483622370441,0.0,0.006049483622370441,0.0,2.387251319781567
2018-01-12,0.005425720370992287,0.0,0.005425720370992287,0.0,2.400203877897984
2018-01-16,-0.002012470745667752,0.0,-0.002012470745667752,0.0,2.395373537810076
2018-01-17,0.00571010969591991,0.0,0.00571010969591991,0.0,2.4090513834736753
2018-01-18,-0.004092767914379902,0.0,-0.004092767914379902,0.0,2.399191695267302
2018-01-19,0.004895339509845761,0.0,0.004895339509845761,0.0,2.4109365531648375
2018-01-22,0.005876118618337645,0.0,0.005876118618337645,0.0,2.42510350233252
2018-01-23,0.005583298058191494,0.0,0.005583298058191494,0.0,2.4386435780080067
2018-01-24,-0.00016803701507603352,0.0,-0.00016803701507603352,0.0,2.4382337956203237
2018-01-25,-0.0005282530484880393,0.0,-0.0005282530484880393,0.0,2.436945791184861
2018-01-26,0.00584109861037313,0.0,0.00584109861037313,0.0,2.4511802318593054
2018-01-29,-0.008433844867296966,0.0,-0.008433844867296966,0.0,2.430507358042019
2018-01-30,-0.008432975169036627,0.0,-0.008432975169036627,0.0,2.41001094984349
2018-01-31,0.00466444521930047,0.0,0.00466444521930047,0.0,2.4212523138969493
2018-02-01,-0.006238044799505071,0.0,-0.006238044799505071,0.0,2.4061484334919547
2018-02-02,-0.017217404018271085,0.0,-0.017217404018271085,0.0,2.3647208037845937
2018-02-05,-0.0267955021527925,0.0,-0.0267955021527925,0.0,2.3013569223960304
2018-02-06,0.011712930010197131,2.5e-05,0.01168793001019713,0.125,2.3282550210334776
2018-02-07,-0.009207826137295358,0.0,-0.009207826137295358,0.0,2.3068168535965166
2018-02-08,-0.021173025117343203,0.0,-0.021173025117343203,0.0,2.2579745624142067
2018-02-09,0.006707345518330257,0.0,0.006707345518330257,0.0,2.273119577975919
2018-02-12,0.010269077056904274,0.0,0.010269077056904274,0.0,2.2964624180817115
2018-02-13,0.0030708225705651515,0.0,0.0030708225705651515,0.0,2.303514446707611
2018-02-14,0.012365540726482799,0.0,0.012365540726482799,0.0,2.3319986484124158
2018-02-15,0.009196337475045335,0.0,0.009196337475045335,0.0,2.3534444949745663
2018-02-16,0.0003488689314730814,0.0,0.0003488689314730814,0.0,2.354265538640809
2018-02-20,-0.006675931914589456,0.0,-0.006675931914589456,0.0,2.3385486221959786
2018-02-21,-0.002123032494555893,2.5e-05,-0.002148032494555893,0.125,2.3335253437654027
2018-02-22,0.001320121705400551,0.0,0.001320121705400551,0.0,2.33660588122181
2018-02-23,0.009233653605077191,0.0,0.009233653605077191,0.0,2.3581812905405983
2018-02-26,0.006566572546374383,0.0,0.006566572546374383,0.0,2.373666459062436
2018-02-27,-0.011706255660586543,0.0,-0.011706255660586543,0.0,2.3458797126396917
2018-02-28,-0.007146880523744584,0.0,-0.007146880523744584,0.0,2.3291139906103795
2018-03-01,-0.006804276216548166,0.0,-0.006804276216548166,0.0,2.3132660556784397
2018-03-02,0.005582695752987671,0.0,0.005582695752987671,0.0,2.3261803162630064
2018-03-05,0.004584849331936411,0.0,0.004584849331936411,0.0,2.3368455025319887
2018-03-06,0.005445052168185166,0.0,0.005445052168185166,0.0,2.3495697482022644
2018-03-07,0.0006383276973658397,0.0,0.0006383276973658397,0.0,2.3510695436494347
2018-03-08,0.001032427434449923,0.0,0.001032427434449923,0.0,2.353496852346598
2018-03-09,0.010189849758267144,0.0,0.010189849758267144,0.0,2.3774786316785645
2018-03-12,0.0011702526931550578,0.0,0.0011702526931550578,0.0,2.3802608824502047
2018-03-13,-0.0048086975862412645,0.0,-0.0048086975862412645,0.0,2.368814927690142
2018-03-14,-0.0008301952108605709,0.0,-0.0008301952108605709,0.0,2.3668483488817587
2018-03-15,-0.002192552043331908,0.0,-0.002192552043331908,0.0,2.361658910698161
2018-03-16,-0.00020271638206355302,0.0,-0.00020271638206355302,0.0,2.361180163748116
2018-03-19,-0.0076488570085435775,0.0,-0.0076488570085435775,0.0,2.343119834304197
2018-03-20,0.001400028707205847,0.0,0.001400028707205847,0.0,2.3464002693366464
2018-03-21,0.0030591854632220222,0.0,0.0030591854632220222,0.0,2.353578342931501
2018-03-22,-0.015932307475277532,0.0,-0.015932307475277532,0.0,2.3160804091047624
2018-03-23,-0.010947102171071976,0.0,-0.010947102171071976,0.0,2.2907260402298744
2018-03-26,0.017750134097879483,0.0,0.017750134097879483,0.0,2.331386734625459
2018-03-27,-0.012556615791795248,0.0,-0.012556615791795248,0.0,2.3021124071366788
2018-03-28,-0.0034773174286972103,0.0,-0.0034773174286972103,0.0,2.294107231540522
2018-03-29,0.008967626223366998,0.0,0.008967626223366998,0.0,2.3146799277093013
2018-04-02,-0.011864665406885952,0.0,-0.011864665406885952,0.0,2.2872170248429957
2018-04-03,0.005894398274022036,0.0,0.005894398274022036,0.0,2.300698792926544
2018-04-04,0.0055321200734930465,0.0,0.0055321200734930465,0.0,2.313426534901954
2018-04-05,0.003232827114172332,0.0,0.003232827114172332,0.0,2.320905442930631
2018-04-06,-0.011090575660918173,0.0,-0.011090575660918173,0.0,2.295165265513972
2018-04-09,0.0032282504315765126,0.0,0.0032282504315765126,0.0,2.302574633772907
2018-04-10,0.0111792017757609,0.0,0.0111792017757609,0.0,2.3283155802076028
2018-04-11,-0.0005591276827700692,0.0,-0.0005591276827700692,0.0,2.3270137545124836
2018-04-12,0.002360610043930733,0.0,0.002360610043930733,0.0,2.332506926553751
2018-04-13,-0.0019737434694145767,0.0,-0.0019737434694145767,0.0,2.3279031562401014
2018-04-16,0.0036618827718984948,0.0,0.0036618827718984948,0.0,2.336427664702585
2018-04-17,0.006331788303226449,0.0,0.006331788303226449,0.0,2.3512214300612837
2018-04-18,0.0025036566101836466,0.0,0.0025036566101836466,0.0,2.357108081136662
2018-04-19,-0.004150617668130685,0.0,-0.004150617668130685,0.0,2.3473246266894026
2018-04-20,-0.006700181675359407,0.0,-0.006700181675359407,0.0,2.3315971252395387
2018-04-23,-0.002679734239885226,0.0,-0.002679734239885226,0.0,2.325349064589416
2018-04-24,-0.005538608179821505,0.0,-0.005538608179821505,0.0,2.312469867239341
2018-04-25,-0.0017160163868231298,0.0,-0.0017160163868231298,0.0,2.3085016310531232
2018-04-26,0.006468264315741948,0.0,0.006468264315741948,0.0,2.3234336297760962
2018-04-27,0.0014423326906859296,0.0,0.0014423326906859296,0.0,2.3267847940549613
2018-04-30,-0.005165964825489172,0.0,-0.005165964825489172,0.0,2.3147647056523906
2018-05-01,0.00032520737044273995,0.0,0.00032520737044273995,0.0,2.3155174841955093
2018-05-02,-0.0022106256978327854,0.0,-0.0022106256978327854,0.0,2.3103987417411656
2018-05-03,-0.00021260212663505584,0.0,-0.00021260212663505584,0.0,2.3099075460552965
2018-05-04,0.006821987899813031,0.0,0.006821987899813031,0.0,2.3256657073841724
2018-05-07,0.00184201087081369,0.0,0.00184201087081369,0.0,2.3299496088990526
2018-05-08,0.0012347201955923287,0.0,0.0012347201955923287,0.0,2.3328264447358724
2018-05-09,0.00352478280191007,0.0,0.00352478280191007,0.0,2.3410491512681184
2018-05-10,0.007404031424129015,0.0,0.007404031424129015,0.0,2.3583823527495382
2018-05-11,0.000447823898184721,0.0,0.000447823898184721,0.0,2.3594384927281564
2018-05-14,-0.00032886845220997385,0.0,-0.00032886845220997385,0.0,2.358662547842968
2018-05-15,-0.007725127260050937,0.0,-0.007725127260050937,0.0,2.3404415794973654
2018-05-16,0.004518866240718511,0.0,0.004518866240718511,0.0,2.35101772193933
2018-05-17,-0.0016553290906402701,0.0,-0.0016553290906402701,0.0,2.347126013911593
2018-05-18,-0.0022483801856263974,0.0,-0.0022483801856263974,0.0,2.341848782288746
2018-05-21,0.004087560763718384,0.0,0.004087560763718384,0.0,2.3514212314857907
2018-05-22,-0.001212742609699724,0.0,-0.001212742609699724,0.0,2.3485695627650154
2018-05-23,0.0002631724568340488,0.0,0.0002631724568340488,0.0,2.349187641586894
2018-05-24,-0.00023560163101710163,0.0,-0.00023560163101710163,0.0,2.3486341691469708
2018-05-25,-0.0010805043345083198,0.0,-0.0010805043345083198,0.0,2.346096459747033
2018-05-29,-0.007633492815368528,0.0,-0.007633492815368528,0.0,2.3281875492773927
2018-05-30,0.007627323322804885,0.0,0.007627323322804885,0.0,2.34594538847186
2018-05-31,-0.002960298462667682,0.0,-0.002960298462667682,0.0,2.3390006899448643
2018-06-01,0.00622353912890064,0.0,0.00622353912890064,0.0,2.353557552261262
2018-06-04,0.00390718442277313,0.0,0.00390718442277313,0.0,2.3627533356675574
2018-06-05,0.0005852393410341328,0.0,0.0005852393410341328,0.0,2.36413611187275
2018-06-06,0.005758188402951586,0.0,0.005758188402951586,0.0,2.3777492530151347
2018-06-07,-0.004388542890409575,0.0,-0.004388542890409575,0.0,2.3673143984356386
2018-06-08,0.0008055605543878103,0.0,0.0008055605543878103,0.0,2.3692214135348526
2018-06-11,0.0017132217545973993,0.0,0.0017132217545973993,0.0,2.3732804152019784
2018-06-12,-0.0001448663841097375,0.0,-0.0001448663841097375,0.0,2.3729366066497497
2018-06-13,-0.0011829310169551993,0.0,-0.0011829310169551993,0.0,2.3701295863364753
2018-06-14,0.001329628987687556,0.0,0.001329628987687556,0.0,2.3732809793390444
2018-06-15,-0.003264927431227971,2.5e-05,-0.0032899274312279706,0.125,2.365473057143105
2018-06-18,-0.0008706256269441631,0.0,-0.0008706256269441631,0.0,2.3634136156797103
2018-06-19,-0.002294096564251613,0.0,-0.002294096564251613,0.0,2.357991716624074
2018-06-20,0.0016431942731988808,0.0,0.0016431942731988808,0.0,2.3618663551090813
2018-06-21,-0.00414524021991558,0.0,-0.00414524021991558,0.0,2.3520758516998175
2018-06-22,0.0011595529531638893,0.0,0.0011595529531638893,0.0,2.3548032081997214
2018-06-25,-0.00829183770161114,2.5e-05,-0.008316837701611141,0.125,2.3352186920978912
2018-06-26,0.0017386440344677456,0.0,0.0017386440344677456,0.0,2.3392788061460847
2018-06-27,-0.005913668167573605,0.0,-0.005913668167573605,0.0,2.3254450875350994
2018-06-28,0.0026434417991783865,0.0,0.0026434417991783865,0.0,2.3315922662811834
2018-06-29,0.0011263788910727962,0.0,0.0011263788910727962,0.0,2.334218522592511
2018-07-02,0.0008286129622872562,0.0,0.0008286129622872562,0.0,2.336152686317142
2018-07-03,-0.001013036686679597,0.0,-0.001013036686679597,0.0,2.3337860779402178
2018-07-05,0.0052352143810208696,0.0,0.0052352143810208696,0.0,2.3460039483776765
2018-07-06,0.004727711019366088,0.0,0.004727711019366088,0.0,2.3570951770958977
2018-07-09,0.003246259043972327,2.5e-05,0.0032212590439723273,0.125,2.3646879912526217
2018-07-10,0.00017610983414755033,0.0,0.00017610983414755033,0.0,2.365104436062572
2018-07-11,-0.005107756268297528,0.0,-0.005107756268297528,0.0,2.353024059054095
2018-07-12,0.005242298492511233,0.0,0.005242298492511233,0.0,2.365359313531717
2018-07-13,-0.0005480168932811974,2.5e-05,-0.0005730168932811974,0.125,2.364003922686383
2018-07-16,-0.001565033884866715,0.0,-0.001565033884866715,0.0,2.360304176443421
2018-07-17,0.0009957781873158184,0.0,0.0009957781873158184,0.0,2.3626545158577534
2018-07-18,-0.00017565647724832045,0.0,-0.00017565647724832045,0.0,2.362239500288543
2018-07-19,0.0012563208974530199,0.0,0.0012563208974530199,0.0,2.365207231137544
2018-07-20,-0.0018868455312504168,0.0,-0.0018868455312504168,0.0,2.360744450442991
2018-07-23,0.0005241831266238062,0.0,0.0005241831266238062,0.0,2.361981912850184
2018-07-24,-0.0008230530292747257,0.0,-0.0008230530292747257,0.0,2.3600378764817203
2018-07-25,0.00426309799515362,0.0,0.00426309799515362,0.0,2.370098949221436
2018-07-26,-0.001101217140985128,0.0,-0.001101217140985128,0.0,2.3674889556327225
2018-07-27,-0.006200702431117672,0.0,-0.006200702431117672,0.0,2.3528088611098865
2018-07-30,-0.0031434428652828833,0.0,-0.0031434428652828833,0.0,2.3454129408820563
2018-07-31,0.0049378686746911205,0.0,0.0049378686746911205,0.0,2.3569942819720526
2018-08-01,0.0010677054027167093,0.0,0.0010677054027167093,0.0,2.3595108575010864
2018-08-02,0.0027944494626368915,0.0,0.0027944494626368915,0.0,2.366104391348916
2018-08-03,0.0018378041992915817,0.0,0.0018378041992915817,0.0,2.3704528279352997
2018-08-06,0.0017274658174489532,0.0,0.0017274658174489532,0.0,2.374547704167433
2018-08-07,0.0009410464177600358,0.0,0.0009410464177600358,0.0,2.3767822637782396
2018-08-08,-0.0007375895514437764,0.0,-0.0007375895514437764,0.0,2.37502917401442
2018-08-09,0.0001352909504537675,0.0,0.0001352909504537675,0.0,2.3753504939687278
2018-08-10,-0.0030983382323097747,0.0,-0.0030983382323097747,0.0,2.3679908547181285
2018-08-13,-0.0015823323905902326,0.0,-0.0015823323905902326,0.0,2.3642439060880864
2018-08-14,0.003432134813987242,0.0,0.003432134813987242,0.0,2.3723583099069283
2018-08-15,-0.0030703494175795265,0.0,-0.0030703494175795265,0.0,2.3650743409518156
2018-08-16,0.0035956110933030305,0.0,0.0035956110933030305,0.0,2.373578228488628
2018-08-17,0.0021603426354762645,0.0,0.0021603426354762645,0.0,2.378705970734271
2018-08-20,0.0014314331144693743,2.5e-05,0.0014064331144693742,0.125,2.3820514615810975
2018-08-21,0.0010100213616849457,0.0,0.0010100213616849457,0.0,2.3844573844419275
2018-08-22,0.0005099894973939201,0.0,0.0005099894973939201,0.0,2.385673432664976
2018-08-23,-0.0008459832768205611,0.0,-0.0008459832768205611,0.0,2.383655192836986
2018-08-24,0.003579297808905285,0.0,0.003579297808905285,0.0,2.3921870046458933
2018-08-27,0.0012781733187655353,0.0,0.0012781733187655353,0.0,2.395244634248729
2018-08-28,0.001293736101320636,0.0,0.001293736101320636,0.0,2.398343448703551
2018-08-29,0.002673224867512841,0.0,0.002673224867512841,0.0,2.4047547600514614
2018-08-30,-0.0013609034470727782,0.0,-0.0013609034470727782,0.0,2.401482121009143
2018-08-31,0.0008480369530342591,0.0,0.0008480369530342591,0.0,2.40351866658981
2018-09-04,-0.0035172258431641207,0.0,-0.0035172258431641207,0.0,2.395064948621153
2018-09-05,-0.00189518441134702,0.0,-0.00189518441134702,0.0,2.3905258588663623
2018-09-06,-0.0015192803859116755,0.0,-0.0015192803859116755,0.0,2.386893979816972
2018-09-07,-0.003209127184455568,0.0,-0.003209127184455568,0.0,2.3792341334599283
2018-09-10,0.001812034928202061,0.0,0.001812034928202061,0.0,2.383545388812128
2018-09-11,0.0006138686860157061,0.0,0.0006138686860157061,0.0,2.385008572688017
2018-09-12,-0.0002828945993962745,0.0,-0.0002828945993962745,0.0,2.38433386664329
2018-09-13,0.002908330556260219,0.0,0.002908330556260219,0.0,2.3912682976839745
2018-09-14,-0.0012068112077355947,0.0,-0.0012068112077355947,0.0,2.3883824883016267
2018-09-17,-0.003383652478297139,0.0,-0.003383652478297139,0.0,2.3803010319759634
2018-09-18,0.0003285759674196975,0.0,0.0003285759674196975,0.0,2.381083141690295
2018-09-19,-0.0026241418420273888,0.0,-0.0026241418420273888,0.0,2.3748348417888394
2018-09-20,0.005303928683938447,0.0,0.005303928683938447,0.0,2.3874307964258197
2018-09-21,-0.00149504295401294,0.0,-0.00149504295401294,0.0,2.3838614848354296
2018-09-24,-0.003094649306773306,0.0,-0.003094649306773306,0.0,2.37648426954394
2018-09-25,0.0001325709952702675,0.0,0.0001325709952702675,0.0,2.3767993224287975
2018-09-26,-0.0020464977868644013,0.0,-0.0020464977868644013,0.0,2.371935207875626
2018-09-27,0.0020995969225898747,0.0,0.0020995969225898747,0.0,2.3769153157386644
2018-09-28,0.0017318638324769209,0.0,0.0017318638324769209,0.0,2.3810318094068528
2018-10-01,-0.0021184321105404136,2.5e-05,-0.0021434321105404134,0.125,2.3759282293703516
2018-10-02,-0.001989199608693565,0.0,-0.001989199608693565,0.0,2.371202033866204
2018-10-03,-3.5081681696455536e-05,0.0,-3.5081681696455536e-05,0.0,2.3711188481112138
2018-10-04,-0.006177188942767212,0.0,-0.006177188942767212,0.0,2.356471998980674
2018-10-05,-0.0034224296642694635,0.0,-0.0034224296642694635,0.0,2.3484071393083426
2018-10-08,0.0007808905916772552,0.0,0.0007808905916772552,0.0,2.3502409883488564
2018-10-09,-9.071337788756073e-05,0.0,-9.071337788756073e-05,0.0,2.3500277900499533
2018-10-10,-0.014902676863157355,0.0,-0.014902676863157355,0.0,2.315006085275399
2018-10-11,-0.010268774489586574,0.0,-0.010268774489586574,0.0,2.291233809843685
2018-10-12,0.0049104118293324395,0.0,0.0049104118293324395,0.0,2.302484711447308
2018-10-15,-0.0009105041849711837,0.0,-0.0009105041849711837,0.0,2.300388289481703
2018-10-16,0.012565170828619299,0.0,0.012565170828619299,0.0,2.3292930613111955
2018-10-17,-0.000945594576132594,0.0,-0.000945594576132594,0.0,2.327090494426196
2018-10-18,-0.007286937265070612,0.0,-0.007286937265070612,0.0,2.31013313198317
2018-10-19,-0.00042455538513822,0.0,-0.00042455538513822,0.0,2.3091523525216004
2018-10-22,-0.0019311938292736475,0.0,-0.0019311938292736475,0.0,2.304692931747558
2018-10-23,-0.0016636804320601523,0.0,-0.0016636804320601523,0.0,2.3008586592151024
2018-10-24,-0.013034999369465783,0.0,-0.013034999369465783,0.0,2.2708669680430034
2018-10-25,0.01087386075486807,0.0,0.01087386075486807,0.0,2.2955600592463323
2018-10-26,-0.00978257310797806,0.0,-0.00978257310797806,0.0,2.2731035751430007
2018-10-29,-0.0023649441198391047,0.0,-0.0023649441198391047,0.0,2.267727812209181
2018-10-30,0.008230959967018059,0.0,0.008230959967018059,0.0,2.2863933890475683
2018-10-31,0.003056966487813839,0.0,0.003056966487813839,0.0,2.2933828170158455
2018-11-01,0.006452332732608729,0.0,0.006452332732608729,0.0,2.308180486034479
2018-11-02,-0.003304600532631652,0.0,-0.003304600532631652,0.0,2.3005528715709196
2018-11-05,0.0021402716877380046,0.0,0.0021402716877380046,0.0,2.305476679748087
2018-11-06,0.002986578285137681,0.0,0.002986578285137681,0.0,2.312362166336714
2018-11-07,0.010328015987721567,0.0,0.010328015987721567,0.0,2.336244279760042
2018-11-08,-0.001264580848498384,0.0,-0.001264580848498384,0.0,2.3332899099864437
2018-11-09,-0.005660184305666893,0.0,-0.005660184305666893,0.0,2.3200830590573673
2018-11-12,-0.008344230826377627,0.0,-0.008344230826377627,0.0,2.3007237504762243
2018-11-13,-0.0006497632689267813,0.0,-0.0006497632689267813,0.0,2.2992288246912174
2018-11-14,-0.0030313666969523367,0.0,-0.0030313666969523367,0.0,2.2922590190033754
2018-11-15,0.004418626274758572,0.0,0.004418626274758572,0.0,2.302387654933296
2018-11-16,0.0015280962400613524,0.0,0.0015280962400613524,0.0,2.3059059248519636
2018-11-19,-0.006003794372384477,2.5e-05,-0.006028794372384477,0.125,2.292004092188968
2018-11-20,-0.005832564105489449,0.0,-0.005832564105489449,0.0,2.2786358313912314
2018-11-21,0.0014856173082194724,0.0,0.0014856173082194724,0.0,2.2820210122214752
2018-11-23,-0.001988589972614682,0.0,-0.001988589972614682,0.0,2.2774830081192756
2018-11-26,0.005141732215616535,0.0,0.005141732215616535,0.0,2.289193215872642
2018-11-27,0.001373023298277043,0.0,0.001373023298277043,0.0,2.2923363314922933
2018-11-28,0.008019470616417335,0.0,0.008019470616417335,0.0,2.310719655345642
2018-11-29,-0.0006498718780056922,0.0,-0.0006498718780056922,0.0,2.309217983623678
2018-11-30,0.0028539580227406047,0.0,0.0028539580227406047,0.0,2.315808394814298
2018-12-03,0.004510671746027761,0.0,0.004510671746027761,0.0,2.3262542463100004
2018-12-04,-0.010695148784216305,0.0,-0.010695148784216305,0.0,2.3013746110358
2018-12-06,0.003787083379097375,0.0,0.003787083379097375,0.0,2.3100901085743306
2018-12-07,-0.004541921152419387,2.5e-05,-0.004566921152419387,0.125,2.2995401091934875
2018-12-10,-0.0005696170251854177,0.0,-0.0005696170251854177,0.0,2.298230251997194
2018-12-11,8.969091277885588e-05,0.0,8.969091277885588e-05,0.0,2.2984363823662712
2018-12-12,-0.0013000079463095782,0.0,-0.0013000079463095782,0.0,2.2954483968051083
2018-12-13,0.0006800249514886392,0.0,0.0006800249514886392,0.0,2.2970093589897904
2018-12-14,-0.0003599449235797414,2.5e-05,-0.0003849449235797414,0.125,2.296125136897632
2018-12-17,-0.004708072213366249,0.0,-0.004708072213366249,0.0,2.2853148139421924
2018-12-18,0.0012883092618337089,0.0,0.0012883092618337089,0.0,2.2882590061831998
2018-12-19,-0.0013720536083771245,0.0,-0.0013720536083771245,0.0,2.2851193921568647
2018-12-20,-0.0018768297136765033,0.0,-0.0018768297136765033,0.0,2.280830612182366
2018-12-21,-0.0017398047937360467,0.0,-0.0017398047937360467,0.0,2.2768624121495913
2018-12-24,-0.004452887442768977,0.0,-0.004452887442768977,0.0,2.2667238001056176
2018-12-26,0.004181759681134378,0.0,0.004181759681134378,0.0,2.2762026943011673
2018-12-27,-1.6858098045552383e-05,0.0,-1.6858098045552383e-05,0.0,2.2761643218529755
2018-12-28,0.000404733439125754,0.0,0.000404733439125754,0.0,2.2770855616669743
2018-12-31,0.0003361107050724732,0.0,0.0003361107050724732,0.0,2.2778509145006165
2019-01-02,-0.002715549560879854,0.0,-0.002715549560879854,0.0,2.2716652974499945
2019-01-03,0.0008738994627611185,0.0,0.0008738994627611185,0.0,2.273650504533009
2019-01-04,0.0014633700036064956,0.0,0.0014633700036064956,0.0,2.2769776964800275
2019-01-07,0.0012277700187004748,0.0,0.0012277700187004748,0.0,2.279773301429015
2019-01-08,0.0025816226194487757,0.0,0.0025816226194487757,0.0,2.2856588157511997
2019-01-09,-0.00017951644196891048,0.0,-0.00017951644196891048,0.0,2.285248502413041
2019-01-10,0.0016995987280386537,0.0,0.0016995987280386537,0.0,2.2891325078609945
2019-01-11,0.0003547018655467582,0.0,0.0003547018655467582,0.0,2.2899444674320164
2019-01-14,-0.0004179915878890772,0.0,-0.0004179915878890772,0.0,2.288987289907897
2019-01-15,0.0011936891137299122,0.0,0.0011936891137299122,0.0,2.291719629117326
2019-01-16,0.0008787999699909899,0.0,0.0008787999699909899,0.0,2.293733592258622
2019-01-17,0.0006029884253960505,0.0,0.0006029884253960505,0.0,2.295116687065696
2019-01-18,-0.00022890159587114767,2.5e-05,-0.0002539015958711477,0.125,2.2945339532761397
2019-01-22,0.0004691785823883743,0.0,0.0004691785823883743,0.0,2.2956104994635798
2019-01-23,-3.615323626735001e-05,0.0,-3.615323626735001e-05,0.0,2.295527505714815
2019-01-24,0.0012468945496797723,0.0,0.0012468945496797723,0.0,2.2983897864503304
2019-01-25,0.0027856854844256207,2.5e-05,0.002760685484425621,0.125,2.3047349177713357
2019-01-28,0.001540397400307536,0.0,0.001540397400307536,0.0,2.308285125447069
2019-01-29,0.002317440050768005,0.0,0.002317440050768005,0.0,2.313634437845372
2019-01-30,0.0016303104716898081,0.0,0.0016303104716898081,0.0,2.317406380297053
2019-01-31,0.002437361513953795,0.0,0.002437361513953795,0.0,2.32305473742058
2019-02-01,-0.001799698297077157,0.0,-0.001799698297077157,0.0,2.318873939765627
2019-02-04,-0.0001651465859466711,0.0,-0.0001651465859466711,0.0,2.318490985651234
2019-02-05,0.0016122358143387527,0.0,0.0016122358143387527,0.0,2.3222289398535225
2019-02-06,-0.001601502427981169,0.0,-0.001601502427981169,0.0,2.318509884568019
2019-02-07,0.002163798213235063,0.0,0.002163798213235063,0.0,2.3235266721136147
2019-02-08,0.0010082613097308624,0.0,0.0010082613097308624,0.0,2.3258693941592345
2019-02-11,-0.0007624365756985774,0.0,-0.0007624365756985774,0.0,2.3240960662628294
2019-02-12,-0.0008404174360484296,0.0,-0.0008404174360484296,0.0,2.3221428554056907
2019-02-13,-0.0003262822391721931,0.0,-0.0003262822391721931,0.0,2.321385181435151
2019-02-14,0.0018118834049211108,0.0,0.0018118834049211108,0.0,2.3255912607218234
2019-02-15,0.0017835985561271972,0.0,0.0017835985561271972,0.0,2.329739181936589
2019-02-19,0.002191344261821951,0.0,0.002191344261821951,0.0,2.3348444425244677
2019-02-20,-0.001353522723251968,0.0,-0.001353522723251968,0.0,2.3316841775162525
2019-02-21,-0.0024123465057446503,0.0,-0.0024123465057446503,0.0,2.3260593473381213
2019-02-22,0.0019331602428559747,0.0,0.0019331602428559747,0.0,2.330555992790919
2019-02-25,-0.0014835490941268598,0.0,-0.0014835490941268598,0.0,2.3270984985590024
2019-02-26,0.000443252603131411,0.0,0.000443252603131411,0.0,2.3281299910262323
2019-02-27,-0.0029257215926837415,0.0,-0.0029257215926837415,0.0,2.3213185308409123
2019-02-28,-0.0007989095524812972,0.0,-0.0007989095524812972,0.0,2.3194640072922716
2019-03-01,-0.0036694796733583723,0.0,-0.0036694796733583723,0.0,2.3109527812644264
2019-03-04,0.0012188096620350808,0.0,0.0012188096620350808,0.0,2.3137693928427385
2019-03-05,0.0007676089202773018,0.0,0.0007676089202773018,0.0,2.3155454628681493
2019-03-06,-0.00023197807645861102,0.0,-0.00023197807645861102,0.0,2.3150083070857206
2019-03-07,0.00043966768226451347,0.0,0.00043966768226451347,0.0,2.31602614142252
2019-03-08,0.0020291847619428316,0.0,0.0020291847619428316,0.0,2.320725786376956
2019-03-11,0.0008526864376249554,0.0,0.0008526864376249554,0.0,2.322704637780446
2019-03-12,0.0022063227291691245,0.0,0.0022063227291691245,0.0,2.3278292738159276
2019-03-13,0.0013992897641010305,2.5e-05,0.0013742897641010304,0.125,2.3310283857595073
2019-03-14,-0.002830654139989619,0.0,-0.002830654139989619,0.0,2.3244300506089237
2019-03-15,0.002831644567070385,0.0,0.002831644567070385,0.0,2.3310120103332657
2019-03-18,0.0007652521461842671,0.0,0.0007652521461842671,0.0,2.3327958222769545
2019-03-19,-0.0002553773893022582,0.0,-0.0002553773893022582,0.0,2.3322000789700863
2019-03-20,0.002700873393529618,0.0,0.002700873393529618,0.0,2.3384990561117642
2019-03-21,0.002170250087662917,0.0,0.002170250087662917,0.0,2.3435741838932906
2019-03-22,-0.0023322532117085876,0.0,-0.0023322532117085876,0.0,2.338108375476028
2019-03-25,0.0016120712655233183,0.0,0.0016120712655233183,0.0,2.3418775728038126
2019-03-26,0.0006709517849476654,0.0,0.0006709517849476654,0.0,2.3434488597414145
2019-03-27,-0.0012104245533948038,0.0,-0.0012104245533948038,0.0,2.3406122917019583
2019-03-28,0.001183096206627765,2.5e-05,0.001158096206627765,0.125,2.343322945918165
2019-03-29,0.001962200432222047,0.0,0.001962200432222047,0.0,2.3479210152154812
2019-04-01,0.0012111114790891303,0.0,0.0012111114790891303,0.0,2.3507646093090035
2019-04-02,0.0012319499708936948,0.0,0.0012319499708936948,0.0,2.3536606337010197
2019-04-03,0.00036637624311475214,2.5e-05,0.00034137624311475213,0.125,2.35446411752572
2019-04-04,0.0015269207754782382,0.0,0.0015269207754782382,0.0,2.358059197701888
2019-04-05,0.003118519799286637,0.0,0.003118519799286637,0.0,2.3654128519978115
2019-04-08,-0.00018421188599319904,0.0,-0.00018421188599319904,0.0,2.3649771148351926
2019-04-09,-0.0009436186430604454,0.0,-0.0009436186430604454,0.0,2.3627454783392228
2019-04-10,0.004003040503610278,2.5e-05,0.003978040503610278,0.125,2.3721445755517783
2019-04-11,-0.004362253821890372,0.0,-0.004362253821890372,0.0,2.361796678811001
2019-04-12,0.0027518816876788837,0.0,0.0027518816876788837,0.0,2.368296063841442
2019-04-15,-0.0012123431398505247,0.0,-0.0012123431398505247,0.0,2.3654248763553087
2019-04-16,-0.003187325944524255,0.0,-0.003187325944524255,0.0,2.357885496277078
2019-04-17,-0.0004738781632311617,0.0,-0.0004738781632311617,0.0,2.356768145828993
2019-04-18,0.0019528902577813922,0.0,0.0019528902577813922,0.0,2.3613706553808322
2019-04-22,-0.002532874717320985,0.0,-0.002532874717320985,0.0,2.3553895993495946
2019-04-23,0.004902179496528117,0.0,0.004902179496528117,0.0,2.3669361419498616
2019-04-24,-0.000920845072359136,0.0,-0.000920845072359136,0.0,2.3647565604669585
2019-04-25,-0.00017447364303932456,0.0,-0.00017447364303932456,0.0,2.3643439727749525
2019-04-26,0.003931683006139025,0.0,0.003931683006139025,0.0,2.373639823793379
2019-04-29,-0.0013748666600937737,0.0,-0.0013748666600937737,0.0,2.370376385536575
2019-04-30,0.0006901965018732137,2.5e-05,0.0006651965018732137,0.125,2.3719531516163563
2019-05-01,-0.004385433923978235,0.0,-0.004385433923978235,0.0,2.361551107799171
2019-05-02,-0.0010752801492889402,0.0,-0.0010752801492889402,0.0,2.359011778771423
2019-05-03,0.01059083454344717,0.0,0.01059083454344717,0.0,2.383995682206434
2019-05-06,-0.005019777147221294,0.0,-0.005019777147221294,0.0,2.37202855516182
2019-05-07,-0.012526850079004545,0.0,-0.012526850079004545,0.0,2.34231450906819
2019-05-08,-0.002103620858732863,0.0,-0.002103620858732863,0.0,2.3373871674092013
2019-05-09,-0.0029236304774364202,0.0,-0.0029236304774364202,0.0,2.330553511048995
2019-05-10,0.004207022124826085,0.0,0.004207022124826085,0.0,2.3403582012330695
2019-05-13,-0.01640971778618025,0.0,-0.01640971778618025,0.0,2.301953583632262
2019-05-14,0.006965540815860302,0.0,0.006965540815860302,0.0,2.3179879352752684
2019-05-15,0.005137080639802505,0.0,0.005137080639802505,0.0,2.3298956262208668
2019-05-16,0.0027755199835798744,0.0,0.0027755199835798744,0.0,2.3363622980910983
2019-05-17,-0.007754184080109694,0.0,-0.007754184080109694,0.0,2.3182457147538718
2019-05-20,-0.006907969579536308,0.0,-0.006907969579536308,0.0,2.3022313438784616
2019-05-21,0.0071144772465876055,0.0,0.0071144772465876055,0.0,2.3186105163908657
2019-05-22,-0.002140322825027921,0.0,-0.002140322825027921,0.0,2.3136479413802844
2019-05-23,-0.006103198634341167,0.0,-0.006103198634341167,0.0,2.299527288424106
2019-05-24,0.003489205788413441,0.0,0.003489205788413441,0.0,2.30755081234949
2019-05-28,-0.004224388522766659,0.0,-0.004224388522766659,0.0,2.2978028211821
2019-05-29,-0.004142736215461712,0.0,-0.004142736215461712,0.0,2.2882836302187988
2019-05-30,0.00411953380822587,0.0,0.00411953380822587,0.0,2.297710291996295
2019-05-31,-0.0021564560516575404,0.0,-0.0021564560516575404,0.0,2.2927553807321637
2019-06-03,0.002174832790894851,0.0,0.002174832790894851,0.0,2.2977417403156806
2019-06-04,0.009229415026068152,0.0,0.009229415026068152,0.0,2.318948552459774
2019-06-05,0.0032185931389912548,0.0,0.0032185931389912548,0.0,2.3264123043603946
2019-06-06,0.003098346950955108,0.0,0.003098346950955108,0.0,2.333620336830274
2019-06-07,0.009363169865312437,0.0,0.009363169865312437,0.0,2.355470420445164
2019-06-10,0.0015885683135108547,0.0,0.0015885683135108547,0.0,2.3592122461184952
2019-06-11,0.0020741173155600645,0.0,0.0020741173155600645,0.0,2.364105529089251
2019-06-12,-0.0019002129911799975,0.0,-0.0019002129911799975,0.0,2.359613225050355
2019-06-13,0.0042082403704727656,0.0,0.0042082403704727656,0.0,2.3695430446827137
2019-06-14,-0.00371687084720998,0.0,-0.00371687084720998,0.0,2.3607357592187235
2019-06-17,0.0037237300535784557,0.0,0.0037237300535784557,0.0,2.3695265019138834
2019-06-18,0.010400059150089985,0.0,0.010400059150089985,0.0,2.3941697176914936
2019-06-19,0.004626993695532877,0.0,0.004626993695532877,0.0,2.405247525881288
2019-06-20,0.009983330489951814,0.0,0.009983330489951814,0.0,2.4292599068423
2019-06-21,-0.004692429103822865,0.0,-0.004692429103822865,0.0,2.4178607769546834
2019-06-24,0.0007838106263612366,0.0,0.0007838106263612366,0.0,2.4197559219247227
2019-06-25,-0.007387241478149537,0.0,-0.007387241478149537,0.0,2.4018806006112823
2019-06-26,-0.002939395707606554,0.0,-0.002939395707606554,0.0,2.394820523083662
2019-06-27,0.00682019177906891,0.0,0.00682019177906891,0.0,2.4111536583275424
2019-06-28,0.003543258836481933,0.0,0.003543258836481933,0.0,2.419696999833527
2019-07-01,0.00260840108188036,0.0,0.00260840108188036,0.0,2.4260085401057156
2019-07-02,0.005912207126707952,0.0,0.005912207126707952,0.0,2.440351605085983
2019-07-03,0.006040858760606213,0.0,0.006040858760606213,0.0,2.455093424458526
2019-07-05,-0.005380885966433685,0.0,-0.005380885966433685,0.0,2.4418828467045732
2019-07-08,-0.0044149599079401775,0.0,-0.0044149599079401775,0.0,2.4311020318364855
2019-07-09,0.0008458080088767084,0.0,0.0008458080088767084,0.0,2.433158277405409
2019-07-10,0.005562210960462,0.0,0.005562210960462,0.0,2.4466920170445325
2019-07-11,-0.005028698968351231,0.0,-0.005028698968351231,0.0,2.4343883394225476
2019-07-12,0.003247341321499911,0.0,0.003247341321499911,0.0,2.442293629269732
2019-07-15,0.0009882934209406308,0.0,0.0009882934209406308,0.0,2.4447073319955446
2019-07-16,-0.003497845523457152,0.0,-0.003497845523457152,0.0,2.436156123398161
2019-07-17,7.839029618962601e-05,0.0,7.839029618962601e-05,0.0,2.436347094398238
2019-07-18,0.0039859702310483525,0.0,0.0039859702310483525,0.0,2.4460583013890105
2019-07-19,-0.007503023401814038,0.0,-0.007503023401814038,0.0,2.427705468711487
2019-07-22,0.0014550210083832393,0.0,0.0014550210083832393,0.0,2.431237831170629
2019-07-23,0.003496689055815419,0.0,0.003496689055815419,0.0,2.4397391138869677
2019-07-24,0.005109704816568694,0.0,0.005109704816568694,0.0,2.452205460588367
2019-07-25,-0.007881928151471942,0.0,-0.007881928151471942,0.0,2.4328773533353627
2019-07-26,0.005187809857008757,0.0,0.005187809857008757,0.0,2.4454986584498895
2019-07-29,-0.000248104914058897,0.0,-0.000248104914058897,0.0,2.4448919182154034
2019-07-30,-0.00018394426005957643,0.0,-0.00018394426005957643,0.0,2.444442194380582
2019-07-31,-0.007599691771107503,0.0,-0.007599691771107503,0.0,2.4258651871509995
2019-08-01,-0.0008400436296892577,0.0,-0.0008400436296892577,0.0,2.4238273545540485
2019-08-02,-0.005213442764825479,0.0,-0.005213442764825479,0.0,2.4111908693692627
2019-08-05,-0.018226508292247548,0.0,-0.018226508292247548,0.0,2.367243278994512
2019-08-06,0.010689214804287861,0.0,0.010689214804287861,0.0,2.392547250897691
2019-08-07,0.004921087697840151,0.0,0.004921087697840151,0.0,2.4043211857405846
2019-08-08,0.013715214331471687,0.0,0.013715214331471687,0.0,2.437296966124715
2019-08-09,-0.006555275461793839,0.0,-0.006555275461793839,0.0,2.421319813129573
2019-08-12,-0.0035839328985646512,0.0,-0.0035839328985646512,0.0,2.4126419653933517
2019-08-13,0.007802316452528074,0.0,0.007802316452528074,0.0,2.431466161494
2019-08-14,-0.016189425871244167,0.0,-0.016189425871244167,0.0,2.3921021203140542
2019-08-15,0.004424155163060078,0.0,0.004424155163060078,0.0,2.4026851512602088
2019-08-16,0.009269521838360772,0.0,0.009269521838360772,0.0,2.42495689374052
2019-08-19,0.0036794782565089945,0.0,0.0036794782565089945,0.0,2.43387946990401
2019-08-20,-0.0015267721665934153,0.0,-0.0015267721665934153,0.0,2.430163490472517
2019-08-21,0.004524912084263574,0.0,0.004524912084263574,0.0,2.4411597666172926
2019-08-22,-0.003164992069913025,0.0,-0.003164992069913025,0.0,2.433433515314558
2019-08-23,-0.011663626062726307,0.0,-0.011663626062726307,0.0,2.4050508567434234
2019-08-26,0.006823575360660333,0.0,0.006823575360660333,0.0,2.4214619025106328
2019-08-27,0.0002820515878681068,0.0,0.0002820515878681068,0.0,2.422144879685198
2019-08-28,0.0033558122873844076,0.0,0.0033558122873844076,0.0,2.430273143234271
2019-08-29,0.0077774409382509735,0.0,0.0077774409382509735,0.0,2.449174449069593
2019-08-30,0.0006947868804892676,0.0,0.0006947868804892676,0.0,2.450876103344836
2019-09-03,-0.001642484246369258,0.0,-0.001642484246369258,0.0,2.446850577955289
2019-09-04,0.010103318082951673,0.0,0.010103318082951673,0.0,2.4715718876458257
2019-09-05,0.0007172950371570341,2.5e-05,0.0006922950371570342,0.125,2.47328294459762
2019-09-06,-8.644169976972094e-05,0.0,-8.644169976972094e-05,0.0,2.4730691498158777
2019-09-09,-0.0014432992376364612,0.0,-0.0014432992376364612,0.0,2.4694997709973263
2019-09-10,-0.00313123115239157,0.0,-0.00313123115239157,0.0,2.4617671963835557
2019-09-11,0.005987729776918416,0.0,0.005987729776918416,0.0,2.4765075931291824
2019-09-12,0.0018160774541348679,0.0,0.0018160774541348679,0.0,2.481005122734058
2019-09-13,-0.004649841577354943,0.0,-0.004649841577354943,0.0,2.469468841960739
2019-09-16,0.002133583147509735,0.0,0.002133583147509735,0.0,2.474737659065247
2019-09-17,0.0032906834422847947,0.0,0.0032906834422847947,0.0,2.4828812373039315
2019-09-18,-0.0015828953885509839,0.0,-0.0015828953885509839,0.0,2.4789510960430836
2019-09-19,0.001337761992725811,0.0,0.001337761992725811,0.0,2.4822673426011956
2019-09-20,0.0006657797901608031,0.0,0.0006657797901608031,0.0,2.4839199860316756
2019-09-23,0.00047896990469041556,0.0,0.00047896990469041556,0.0,2.4851097089506435
2019-09-24,-0.0031152550625788145,0.0,-0.0031152550625788145,0.0,2.477367958348771
2019-09-25,-0.0007563011300475847,0.0,-0.0007563011300475847,0.0,2.4754943221623282
2019-09-26,0.00016510754530479899,0.0,0.00016510754530479899,0.0,2.4759030449532764
2019-09-27,-0.00467788866630954,0.0,-0.00467788866630954,0.0,2.464321046160408
2019-09-30,0.0009606820231910784,0.0,0.0009606820231910784,0.0,2.4666884750888256
2019-10-01,-0.006305565148810741,0.0,-0.006305565148810741,0.0,2.4511346102073324
2019-10-02,-0.00661934424934732,0.0,-0.00661934424934732,0.0,2.4349097064208802
2019-10-03,0.006557942212622431,0.0,0.006557942212622431,0.0,2.450877703568542
2019-10-04,0.007375119662573926,0.0,0.007375119662573926,0.0,2.4689532199106945
2019-10-07,-0.0036599878436209266,0.0,-0.0036599878436209266,0.0,2.4599168811393524
2019-10-08,-0.006242675300240946,0.0,-0.006242675300240946,0.0,2.444560418784818
2019-10-09,0.003535666356339298,0.0,0.003535666356339298,0.0,2.4532035688135543
2019-10-10,-5.794254432699153e-05,2.5e-05,-8.294254432699153e-05,0.125,2.453000093867805
2019-10-11,0.002844612053576265,0.0,0.002844612053576265,0.0,2.459977927502245
2019-10-14,0.0007942036506652095,0.0,0.0007942036506652095,0.0,2.461931650952823
2019-10-15,0.002061336673890246,0.0,0.002061336673890246,0.0,2.467006520953543
2019-10-16,0.000560120347465623,0.0,0.000560120347465623,0.0,2.4683883415032595
2019-10-17,0.0016937884364775085,0.0,0.0016937884364775085,0.0,2.472569269132834
2019-10-18,-0.0009789350192392077,0.0,-0.0009789350192392077,0.0,2.470148784487785
2019-10-21,0.0020504827227717792,0.0,0.0020504827227717792,0.0,2.475213781893053
2019-10-22,-0.000973875381316186,0.0,-0.000973875381316186,0.0,2.4728032321273727
2019-10-23,0.0019779870725289417,0.0,0.0019779870725289417,0.0,2.4776944049534286
2019-10-24,0.0019681383223036503,0.0,0.0019681383223036503,0.0,2.482570850262775
2019-10-25,0.00025513818319265746,0.0,0.00025513818319265746,0.0,2.4832042488791575
2019-10-28,-0.00047158829171527195,0.0,-0.00047158829171527195,0.0,2.4820331988294484
2019-10-29,-0.0005454565626660246,0.0,-0.0005454565626660246,0.0,2.480679357532392
2019-10-30,0.004476216680463357,0.0,0.004476216680463357,0.0,2.4917834158514593
2019-10-31,0.0021394482151137345,0.0,0.0021394482151137345,0.0,2.497114457432953
2019-11-01,0.0031084880642647666,0.0,0.0031084880642647666,0.0,2.5048767079189864
2019-11-04,-0.0009611068319788918,0.0,-0.0009611068319788918,0.0,2.5024692538017406
2019-11-05,-0.005858565665782925,0.0,-0.005858565665782925,0.0,2.4878083733517404
2019-11-06,0.0012570423841210682,0.0,0.0012570423841210682,0.0,2.490935653920615
2019-11-07,-0.0042082091012047435,0.0,-0.0042082091012047435,0.0,2.4804532758312705
2019-11-08,-0.0005497564987782949,2.5e-05,-0.0005747564987782949,0.125,2.4790276191910707
2019-11-11,-0.0007490460999872023,0.0,-0.0007490460999872023,0.0,2.477170713221155
2019-11-12,0.0006852035654576899,0.0,0.0006852035654576899,0.0,2.4788680794261015
2019-11-13,0.0015537058940994913,0.0,0.0015537058940994913,0.0,2.4827195113718012
2019-11-14,0.002481811980539636,0.0,0.002481811980539636,0.0,2.488881154399443
2019-11-15,0.004482855310822306,2.5e-05,0.004457855310822306,0.125,2.4999762264715883
2019-11-18,0.001024435902630183,0.0,0.001024435902630183,0.0,2.5025372918737077
2019-11-19,0.002030289824693332,0.0,0.002030289824693332,0.0,2.5076181678733143
2019-11-20,-0.001733950538982884,0.0,-0.001733950538982884,0.0,2.5032700819995672
2019-11-21,-0.00474599591288076,0.0,-0.00474599591288076,0.0,2.4913895724215607
2019-11-22,0.0005601896665286266,0.0,0.0005601896665286266,0.0,2.4927852231153285
2019-11-25,0.007513584170193113,0.0,0.007513584170193113,0.0,2.5115149747074192
2019-11-26,0.003151626732442833,0.0,0.003151626732442833,0.0,2.5194303324406375
2019-11-27,0.0023509138340172403,0.0,0.0023509138340172403,0.0,2.525353296063015
2019-11-29,-0.004754011738943215,0.0,-0.004754011738943215,0.0,2.5133477368485524
2019-12-02,-0.007857551829971263,0.0,-0.007857551829971263,0.0,2.493598976739524
2019-12-03,0.001300511758436873,0.0,0.001300511758436873,0.0,2.4968419315295995
2019-12-04,0.0034534716496088247,0.0,0.0034534716496088247,0.0,2.5054647043536917
2019-12-05,0.00044645798050832464,0.0,0.00044645798050832464,0.0,2.5065832890658326
2019-12-06,0.0041310382987185396,0.0,0.0041310382987185396,0.0,2.5169380806318915
2019-12-09,-0.0018694459502142519,0.0,-0.0018694459502142519,0.0,2.5122328009301143
2019-12-10,-3.6837118215449216e-05,0.0,-3.6837118215449216e-05,0.0,2.5121402575134417
2019-12-11,0.004039153049541666,0.0,0.004039153049541666,0.0,2.5222871764954533
2019-12-12,0.0019077096306795854,0.0,0.0019077096306795854,0.0,2.5270989680333935
2019-12-13,0.0028508309314743963,0.0,0.0028508309314743963,0.0,2.53430329993836
2019-12-16,0.005157291859758037,0.0,0.005157291859758037,0.0,2.5473734417172897
2019-12-17,-0.00023436005239947655,0.0,-0.00023436005239947655,0.0,2.5467764391440078
2019-12-18,0.0013675911402607765,0.0,0.0013675911402607765,0.0,2.5502593880384063
2019-12-19,0.003519274676547446,0.0,0.003519274676547446,0.0,2.5592344513213576
2019-12-20,0.0025526837647638634,0.0,0.0025526837647638634,0.0,2.5657673675554697
2019-12-23,0.0007109281073119783,0.0,0.0007109281073119783,0.0,2.5675914436938885
2019-12-24,0.001813867414948142,0.0,0.001813867414948142,0.0,2.5722487141485044
2019-12-26,0.005038599150076345,0.0,0.005038599150076345,0.0,2.585209244333398
2019-12-27,0.00045368598146867944,0.0,0.00045368598146867944,0.0,2.5863821175267154
2019-12-30,-0.003659672849357698,0.0,-0.003659672849357698,0.0,2.5769168051131386
2019-12-31,0.0014787390066301198,0.0,0.0014787390066301198,0.0,2.5807273925097003
2020-01-02,0.007996127705920647,0.0,0.007996127705920647,0.0,2.6013632183143756
2020-01-03,-0.0020924455662942876,0.0,-0.0020924455662942876,0.0,2.5959200073818924
2020-01-06,0.002380436043262532,0.0,0.002380436043262532,0.0,2.6020994289328905
2020-01-07,-0.0027260870389215486,0.0,-0.0027260870389215486,0.0,2.5950058794056914
2020-01-08,0.0016976466865792628,0.0,0.0016976466865792628,0.0,2.5994112825385183
2020-01-09,0.002842102562342505,0.0,0.002842102562342505,0.0,2.6067990760052027
2020-01-10,0.0018678400489463426,0.0,0.0018678400489463426,0.0,2.611668159718921
2020-01-13,0.005904447284234532,0.0,0.005904447284234532,0.0,2.627088616691895
2020-01-14,-0.0007368286359551585,0.0,-0.0007368286359551585,0.0,2.6251529025699245
2020-01-15,0.002643331221762288,0.0,0.002643331221762288,0.0,2.632092051199187
2020-01-16,0.005571923932361125,0.0,0.005571923932361125,0.0,2.6467578678914414
2020-01-17,0.0010304550002080692,0.0,0.0010304550002080692,0.0,2.64948523277075
2020-01-21,-0.0028565102993540342,0.0,-0.0028565102993540342,0.0,2.6419169509153537
2020-01-22,0.0011854674553371247,0.0,0.0011854674553371247,0.0,2.645048857480367
2020-01-23,0.0010755473888672262,0.0,0.0010755473888672262,0.0,2.6478937328724568
2020-01-24,-0.003928373827547946,0.0,-0.003928373827547946,0.0,2.637491816434112
2020-01-27,-0.01071791374808799,0.0,-0.01071791374808799,0.0,2.6092234066342836
2020-01-28,0.0048955007302976805,0.0,0.0048955007302976805,0.0,2.6219968617269718
2020-01-29,0.0014509011244219217,0.0,0.0014509011244219217,0.0,2.6258011199218823
2020-01-30,-0.001002849040539544,0.0,-0.001002849040539544,0.0,2.6231678377881207
2020-01-31,-0.011146715635358115,0.0,-0.011146715635358115,0.0,2.5939281318364795
2020-02-03,0.005401836244361219,0.0,0.005401836244361219,0.0,2.6079401068343024
2020-02-04,0.009947597030534439,0.0,0.009947597030534439,0.0,2.6338828440968594
2020-02-05,0.0045632201892229635,0.0,0.0045632201892229635,0.0,2.64590183146709
2020-02-06,0.0033283863114584866,0.0,0.0033283863114584866,0.0,2.6547084149044085
2020-02-07,-0.003793755428859291,0.0,-0.003793755428859291,0.0,2.6446371004433264
2020-02-10,0.006161694513429822,0.0,0.006161694513429822,0.0,2.660932546355141
2020-02-11,0.003473433128028211,0.0,0.003473433128028211,0.0,2.6701751176130992
2020-02-12,0.005022864883933345,0.0,0.005022864883933345,0.0,2.683587046445311
2020-02-13,-0.0005467463897680797,0.0,-0.0005467463897680797,0.0,2.6821198049160384
2020-02-14,0.0022797542278262667,0.0,0.0022797542278262667,0.0,2.6882343788808325
2020-02-18,0.00016315044758222208,0.0,0.00016315044758222208,0.0,2.688672965522953
2020-02-19,0.0028027247821097723,0.0,0.0028027247821097723,0.0,2.696208575874413
2020-02-20,-0.0010822176152043839,0.0,-0.0010822176152043839,0.0,2.6932906914593366
2020-02-21,-0.0028448055573483955,0.0,-0.0028448055573483955,0.0,2.6856288031327185
2020-02-24,-0.021123862017894027,0.0,-0.021123862017894027,0.0,2.628897950864061
2020-02-25,-0.01963367993086859,0.0,-0.01963367993086859,0.0,2.5772830099258797
2020-02-26,-0.0015731932169558427,0.0,-0.0015731932169558427,0.0,2.573228445776489
2020-02-27,-0.02824563551476332,0.0,-0.02824563551476332,0.0,2.5005459730008655
2020-02-28,-0.008692724499392554,0.0,-0.008692724499392554,0.0,2.4788094157595038
2020-03-02,0.025310096909760313,0.0,0.025310096909760313,0.0,2.5415483222932034
2020-03-03,-0.006411678331088744,0.0,-0.006411678331088744,0.0,2.525252731987741
2020-03-04,0.023595033599770707,0.0,0.023595033599770707,0.0,2.584836155046905
2020-03-05,-0.01474310570183704,0.0,-0.01474310570183704,0.0,2.5467276423911183
2020-03-06,-0.006691335190414746,0.0,-0.006691335190414746,0.0,2.5296866340971844
2020-03-09,-0.05487224423400962,0.0,-0.05487224423400962,0.0,2.390877051275494
2020-03-10,0.02437376858952385,0.0,0.02437376858952385,0.0,2.449151735249286
2020-03-11,-0.044236634031209116,0.0,-0.044236634031209116,0.0,2.3408095062501624
2020-03-12,-0.08035917239856194,0.0,-0.08035917239856194,0.0,2.152703991585213
2020-03-13,0.05049380500875961,0.0,0.05049380500875961,0.0,2.2614022071778948
2020-03-16,-0.08922823444610149,0.0,-0.08922823444610149,0.0,2.0596212808588943
2020-03-17,0.037244927779979176,0.0,0.037244927779979176,0.0,2.1363317267185917
2020-03-18,-0.05920803393389726,0.0,-0.05920803393389726,0.0,2.009843725348976
2020-03-19,0.010288239693931361,0.0,0.010288239693931361,0.0,2.03052147934271
2020-03-20,-0.008836035190790056,0.0,-0.008836035190790056,0.0,2.012579720095583
2020-03-23,-0.0012234408275503678,5e-05,-0.0012734408275503677,0.25,2.0100168189113132
2020-03-24,0.04538284883765997,0.0,0.04538284883765997,0.0,2.1012371083651193
2020-03-25,-0.0010494736104085106,5e-05,-0.0010994736104085105,0.25,2.0989268536152608
2020-03-26,0.016099338006101194,0.0,0.016099338006101194,0.0,2.1327181864816955
2020-03-27,-0.005493275992374341,0.0,-0.005493275992374341,0.0,2.1210025768693956
2020-03-30,0.008127617734735998,0.0,0.008127617734735998,0.0,2.13824127502858
2020-03-31,-0.007926212279104991,0.0,-0.007926212279104991,0.0,2.1212931207787595
2020-04-01,-0.008003412941314306,0.0,-0.008003412941314306,0.0,2.1043155359635977
2020-04-02,0.005379281374146672,2.5e-05,0.005354281374146672,0.125,2.115582633443135
2020-04-03,-0.0008594440371495621,0.0,-0.0008594440371495621,0.0,2.1137644085637253
2020-04-06,0.012074223296255751,0.0,0.012074223296255751,0.0,2.139286472028402
2020-04-07,-0.002029211059924166,0.0,-0.002029211059924166,0.0,2.1349454082590156
2020-04-08,0.000630978305152366,0.0,0.000630978305152366,0.0,2.1362925124943115
2020-04-09,0.0036734143705224875,0.0,0.0036734143705224875,0.0,2.1441400001093474
2020-04-13,0.002351669469026374,0.0,0.002351669469026374,0.0,2.1491823086849227
2020-04-14,0.0063894338737070094,0.0,0.0063894338737070094,0.0,2.162914366928806
2020-04-15,0.0012395989234216809,0.0,0.0012395989234216809,0.0,2.165595513249504
2020-04-16,0.0035915690923379873,0.0,0.0035915690923379873,0.0,2.1733733991613966
2020-04-17,-0.002907018577511883,0.0,-0.002907018577511883,0.0,2.1670553623141644
2020-04-20,0.0004158175317264534,0.0,0.0004158175317264534,0.0,2.1679564619260363
2020-04-21,-0.003891655631058727,0.0,-0.003891655631058727,0.0,2.159519521953092
2020-04-22,0.00489110762443791,0.0,0.00489110762443791,0.0,2.1700819643520393
2020-04-23,0.0016413549090513457,0.0,0.0016413549090513457,0.0,2.173643839037272
2020-04-24,0.0017289122858766964,0.0,0.0017289122858766964,0.0,2.177401878575704
2020-04-27,-0.0021513672931506717,0.0,-0.0021513672931506717,0.0,2.1727174873900914
2020-04-28,-0.0014725191593842751,0.0,-0.0014725191593842751,0.0,2.1695181192619803
2020-04-29,0.004475729764445283,0.0,0.004475729764445283,0.0,2.1792282960828646
2020-04-30,-0.003775591146865473,0.0,-0.003775591146865473,0.0,2.1710004210211755
2020-05-01,-0.0016812518744026422,0.0,-0.0016812518744026422,0.0,2.167350422494005
2020-05-04,0.0013072957340552332,0.0,0.0013072957340552332,0.0,2.170183790455534
2020-05-05,-0.00027001514705099483,2.5e-05,-0.00029501514705099484,0.125,2.169543553365465
2020-05-06,-0.003623945363720349,0.0,-0.003623945363720349,0.0,2.161681246063857
2020-05-07,0.004007133937557139,0.0,0.004007133937557139,0.0,2.1703433923471405
2020-05-08,-0.0023764413249750538,0.0,-0.0023764413249750538,0.0,2.16518569862018
2020-05-11,-0.0017548485828878246,0.0,-0.0017548485828878246,0.0,2.1613861255652678
2020-05-12,0.0017691212923393318,0.0,0.0017691212923393318,0.0,2.1652098797809725
2020-05-13,0.0020773776403968103,0.0,0.0020773776403968103,0.0,2.1697078383719957
2020-05-14,0.002329702737004724,0.0,0.002329702737004724,0.0,2.174762612661551
2020-05-15,0.000383855542652925,0.0,0.000383855542652925,0.0,2.175597407344376
2020-05-18,-0.0036897486701216314,0.0,-0.0036897486701216314,0.0,2.1675699997039066
2020-05-19,0.0016739279932594386,0.0,0.0016739279932594386,0.0,2.17119835580376
2020-05-20,0.0006709777953152196,0.0,0.0006709777953152196,0.0,2.1726551816897297
2020-05-21,-0.0028711355056130206,2.5e-05,-0.0028961355056130204,0.125,2.1663628778765838
2020-05-22,0.00192306437132847,0.0,0.00192306437132847,0.0,2.1705289331423967
2020-05-26,-0.0037905557790743477,0.0,-0.0037905557790743477,0.0,2.162301422151226
2020-05-27,0.0006779233697674636,0.0,0.0006779233697674636,0.0,2.1637672968177832
2020-05-28,-0.00020417132357629375,0.0,-0.00020417132357629375,0.0,2.1633255175848807
2020-05-29,0.0036441987681222754,0.0,0.0036441987681222754,0.0,2.171209105771111
2020-06-01,0.00010876285593032498,0.0,0.00010876285593032498,0.0,2.171445252674277
2020-06-02,-0.00042553013623890246,0.0,-0.00042553013623890246,0.0,2.170521237280071
2020-06-03,-0.0034061421576034173,0.0,-0.0034061421576034173,0.0,2.163128133389798
2020-06-04,-0.0013707792501365529,0.0,-0.0013707792501365529,0.0,2.1601629622291605
2020-06-05,-0.000946381927377879,0.0,-0.000946381927377879,0.0,2.1581186230415157
2020-06-08,0.0028031941106619607,0.0,0.0028031941106619607,0.0,2.164168248455735
2020-06-09,0.00353059008824691,0.0,0.00353059008824691,0.0,2.1718090394230316
2020-06-10,0.005144326415244871,0.0,0.005144326415244871,0.0,2.182981534033403
2020-06-11,-0.00473284570328418,0.0,-0.00473284570328418,0.0,2.1726498192597044
2020-06-12,-3.463790490483565e-05,0.0,-3.463790490483565e-05,0.0,2.172574563221873
2020-06-15,0.001367316318738307,0.0,0.001367316318738307,0.0,2.175545159875842
2020-06-16,0.00016833281681782886,0.0,0.00016833281681782886,0.0,2.1759113755207182
2020-06-17,0.0011510954352605962,0.0,0.0011510954352605962,0.0,2.178416057172612
2020-06-18,0.0014160835217122414,0.0,0.0014160835217122414,0.0,2.1815008762546073
2020-06-19,0.001458815272764133,0.0,0.001458815272764133,0.0,2.1846832830504357
2020-06-22,0.0023222211470906584,0.0,0.0023222211470906584,0.0,2.1897566007700306
2020-06-23,0.0012620130359354553,0.0,0.0012620130359354553,0.0,2.1925201021457283
2020-06-24,-0.0016717456698300825,0.0,-0.0016717456698300825,0.0,2.188854766158951
2020-06-25,0.0014749838484084538,0.0,0.0014749838484084538,0.0,2.1920832915855475
2020-06-26,-0.0010561231994494352,0.0,-0.0010561231994494352,0.0,2.1897681815661785
2020-06-29,0.0010376026009828732,0.0,0.0010376026009828732,0.0,2.192040290726921
2020-06-30,0.0023982119028429782,0.0,0.0023982119028429782,0.0,2.1972972678436538
2020-07-01,0.0006561245026513035,0.0,0.0006561245026513035,0.0,2.198738968420695
2020-07-02,0.001248426871010816,0.0,0.001248426871010816,0.0,2.20148393323121
2020-07-06,0.003309707437130341,0.0,0.003309707437130341,0.0,2.2087702009777486
2020-07-07,0.0016847356536647679,0.0,0.0016847356536647679,0.0,2.212491394886088
2020-07-08,0.0028795023679378945,2.5e-05,0.0028545023679378946,0.125,2.2188069568118323
2020-07-09,0.001993622447574478,0.0,0.001993622447574478,0.0,2.223230420167767
2020-07-10,0.0011774165855349544,0.0,0.0011774165855349544,0.0,2.2258480885379384
2020-07-13,-0.0030851999465224406,0.0,-0.0030851999465224406,0.0,2.218980902134214
2020-07-14,0.0032672550117099908,0.0,0.0032672550117099908,0.0,2.226230878607601
2020-07-15,0.0009296863955549073,0.0,0.0009296863955549073,0.0,2.2283005751688068
2020-07-16,-0.0018522452992275895,0.0,-0.0018522452992275895,0.0,2.224173215903184
2020-07-17,0.0012749920812189092,0.0,0.0012749920812189092,0.0,2.22700901914072
2020-07-20,0.00546641393936706,0.0,0.00546641393936706,0.0,2.2391827722860467
2020-07-21,0.0005445542617151383,0.0,0.0005445542617151383,0.0,2.240402128807454
2020-07-22,0.0034257225910949707,0.0,0.0034257225910949707,0.0,2.248077124993247
2020-07-23,-0.0021931413951066653,0.0,-0.0021931413951066653,0.0,2.243146773991032
2020-07-24,-0.0009270878597736343,0.0,-0.0009270878597736343,0.0,2.241067179849175
2020-07-27,0.005147297257642569,0.0,0.005147297257642569,0.0,2.252602618798205
2020-07-28,-0.0015031555324992452,2.5e-05,-0.0015281555324992452,0.125,2.2491602916437663
2020-07-29,0.005717720339356261,0.0,0.005717720339356261,0.0,2.2620203611897707
2020-07-30,-0.0014785073406125837,0.0,-0.0014785073406125837,0.0,2.2586759474811364
2020-07-31,0.0034138838934291427,0.0,0.0034138838934291427,0.0,2.266386804918718
2020-08-03,0.0029357867553446437,0.0,0.0029357867553446437,0.0,2.2730404332830862
2020-08-04,0.006461352773235507,0.0,0.006461352773235507,0.0,2.2877273493903565
2020-08-05,0.002512084571855061,0.0,0.002512084571855061,0.0,2.293474313969371
2020-08-06,0.005240559878397805,0.0,0.005240559878397805,0.0,2.305493403441295
2020-08-07,-0.007248213141365159,2.5e-05,-0.007273213141365159,0.125,2.2887250585220547
2020-08-10,-0.00042604523311397247,0.0,-0.00042604523311397247,0.0,2.287749958120963
2020-08-11,-0.011487639589039964,0.0,-0.011487639589039964,0.0,2.261469111132228
2020-08-12,0.007618111565991598,0.0,0.007618111565991598,0.0,2.278697235123877
2020-08-13,0.0004943200915210333,2.5e-05,0.0004693200915210333,0.125,2.2797666735188145
2020-08-14,-0.002242141816154744,0.0,-0.002242141816154744,0.0,2.274655113329042
2020-08-17,0.008046306521472146,0.0,0.008046306521472146,0.0,2.2929576856015212
2020-08-18,0.0020816459906958934,0.0,0.0020816459906958934,0.0,2.297730811774589
2020-08-19,-0.00817236440426529,0.0,-0.00817236440426529,0.0,2.2789529182778585
2020-08-20,0.002805842985888707,0.0,0.002805842985888707,0.0,2.2853473023387787
2020-08-21,0.00012152051995101276,0.0,0.00012152051995101276,0.0,2.2856250189312273
2020-08-24,0.005479107998339838,0.0,0.005479107998339838,0.0,2.298148205253659
2020-08-25,0.0020844100377995084,0.0,0.0020844100377995084,0.0,2.30293848844104
2020-08-26,0.005194281815071866,0.0,0.005194281815071866,0.0,2.3149005999527787
2020-08-27,-0.005704559645300228,0.0,-0.005704559645300228,0.0,2.301695111407407
2020-08-28,0.00710625384889102,0.0,0.00710625384889102,0.0,2.3180515411518194
2020-08-31,-0.003390886127329615,0.0,-0.003390886127329615,0.0,2.3101912923384926
2020-09-01,0.008591277891426025,0.0,0.008591277891426025,0.0,2.3300387877133253
2020-09-02,0.004874829848521611,0.0,0.004874829848521611,0.0,2.341397330343883
2020-09-03,-0.020193745939597496,0.0,-0.020193745939597496,0.0,2.294115747511267
2020-09-04,-0.005280386127110986,0.0,-0.005280386127110986,0.0,2.2820019305441215
2020-09-08,-0.015002537266665325,0.0,-0.015002537266665325,0.0,2.2477661115385312
2020-09-09,0.013110357272396511,0.0,0.013110357272396511,0.0,2.2772351283255867
2020-09-10,-0.009527330317648339,0.0,-0.009527330317648339,0.0,2.255539157047077
2020-09-11,0.0010768086372124064,0.0,0.0010768086372124064,0.0,2.257967941092956
2020-09-14,0.01079139377651539,0.0,0.01079139377651539,0.0,2.2823345622800377
2020-09-15,0.004158989287632947,0.0,0.004158989287632947,0.0,2.291826767275355
2020-09-16,-0.0014928495330237407,0.0,-0.0014928495330237407,0.0,2.2884054147560566
2020-09-17,-0.004596666954238049,0.0,-0.004596666954238049,0.0,2.277886377208148
2020-09-18,-0.005568439321568613,0.0,-0.005568439321568613,0.0,2.2652021051352365
2020-09-21,-0.011664915669347672,0.0,-0.011664915669347672,0.0,2.238778713604805
2020-09-22,0.002879654332340678,0.0,0.002879654332340678,0.0,2.245225622426589
2020-09-23,-0.015958574115628066,0.0,-0.015958574115628066,0.0,2.209395022924787
2020-09-24,0.0011596025483148753,0.0,0.0011596025483148753,0.0,2.211957043023605
2020-09-25,0.007135109931386191,0.0,0.007135109931386191,0.0,2.227739599689082
2020-09-28,0.011935880308238306,0.0,0.011935880308238306,0.0,2.2543296329088935
2020-09-29,-0.000835666871887325,0.0,-0.000835666871887325,0.0,2.2524457643163576
2020-09-30,0.0016424154095848187,0.0,0.0016424154095848187,0.0,2.256145215948925
2020-10-01,0.007991311535794382,0.0,0.007991311535794382,0.0,2.274174775239565
2020-10-02,-0.006417960845061396,0.0,-0.006417960845061396,0.0,2.259579210577251
2020-10-05,0.010074624700537077,0.0,0.010074624700537077,0.0,2.2823436231049525
2020-10-06,-0.006267852944054991,0.0,-0.006267852944054991,0.0,2.268038228907529
2020-10-07,0.008725709838140014,2.5e-05,0.008700709838140013,0.125,2.2877717714390626
2020-10-08,0.008296526547024036,0.0,0.008296526547024036,0.0,2.306752330674339
2020-10-09,0.007256257483793924,0.0,0.007256257483793924,0.0,2.323490719537054
2020-10-12,0.00914791703084912,0.0,0.00914791703084912,0.0,2.344745819861327
2020-10-13,-0.0067798831033277634,0.0,-0.0067798831033277634,0.0,2.3288487172956507
2020-10-14,-0.004970687463671672,0.0,-0.004970687463671672,0.0,2.3172727381718015
2020-10-15,-0.001195070090955569,0.0,-0.001195070090955569,0.0,2.3145034348298257
2020-10-16,-0.001716724070966194,0.0,-0.001716724070966194,0.0,2.3105300710709193
2020-10-19,-0.008612931586996983,0.0,-0.008612931586996983,0.0,2.290629633639086
2020-10-20,0.003346701689755538,0.0,0.003346701689755538,0.0,2.29829568770459
2020-10-21,-0.0015151530908479038,0.0,-0.0015151530908479038,0.0,2.294813417889682
2020-10-22,0.00036750209760634533,0.0,0.00036750209760634533,0.0,2.2956567666343717
2020-10-23,0.004323914304441581,0.0,0.004323914304441581,0.0,2.30558298976571
2020-10-26,-0.011441468057837204,0.0,-0.011441468057837204,0.0,2.279203735633613
2020-10-27,-0.001797342339222907,0.0,-0.001797342339222907,0.0,2.2751072262598435
2020-10-28,-0.024740512117425978,0.0,-0.024740512117425978,0.0,2.2188199083601186
2020-10-29,0.006739282022525453,0.0,0.006739282022525453,0.0,2.233773161479751
2020-10-30,-0.00967300769818065,0.0,-0.00967300769818065,0.0,2.212165856492768
2020-11-02,0.012267094579036353,0.0,0.012267094579036353,0.0,2.23930270427888
2020-11-03,0.014134776445588706,0.0,0.014134776445588706,0.0,2.2709547473978646
2020-11-04,0.01667580301385256,0.0,0.01667580301385256,0.0,2.3088247414188445
2020-11-05,0.01801355144816072,0.0,0.01801355144816072,0.0,2.3504148746831794
2020-11-06,-0.0022592094490111736,0.0,-0.0022592094490111736,0.0,2.345104795189199
2020-11-09,0.004317906215848238,0.0,0.004317906215848238,0.0,2.355230737761162
2020-11-10,0.0011154685685478283,0.0,0.0011154685685478283,0.0,2.357857923620813
2020-11-11,0.005927695882790046,0.0,0.005927695882790046,0.0,2.371834588326864
2020-11-12,-0.0052233286253801775,0.0,-0.0052233286253801775,0.0,2.3594457168269893
2020-11-13,0.013117654801334241,0.0,0.013117654801334241,0.0,2.3903961112628127
2020-11-16,0.009458541168079815,0.0,0.009458541168079815,0.0,2.41300577128921
2020-11-17,-0.0010800931611464198,2.5e-05,-0.00110509316114642,0.125,2.4103391751135517
2020-11-18,-0.008419856942421713,0.0,-0.008419856942421713,0.0,2.3900444640763805
2020-11-19,0.003799803669112839,0.0,0.003799803669112839,0.0,2.3991261638003207
2020-11-20,-0.000808767385977599,0.0,-0.000808767385977599,0.0,2.3971858288041936
2020-11-23,0.0010375727460044115,0.0,0.0010375727460044115,0.0,2.3996730834872686
2020-11-24,0.008413661196367175,0.0,0.008413661196367175,0.0,2.419863119793772
2020-11-25,-0.0006973616026803159,0.0,-0.0006973616026803159,0.0,2.4181756001702857
2020-11-27,0.00225078533407852,0.0,0.00225078533407852,0.0,2.4236183943463754
2020-11-30,-0.010706233393899825,0.0,-0.010706233393899825,0.0,2.397670570158754
2020-12-01,0.013771639484419645,0.0,0.013771639484419645,0.0,2.4306904248533834
2020-12-02,0.0007029481334455134,0.0,0.0007029481334455134,0.0,2.432399074150518
2020-12-03,0.004523138543897187,0.0,0.004523138543897187,0.0,2.4434011521569476
2020-12-04,0.008401617343660364,0.0,0.008401617343660364,0.0,2.463929673654429
2020-12-07,0.0003332628532311116,0.0,0.0003332628532311116,0.0,2.4647508098876316
2020-12-08,0.0028763656203049243,0.0,0.0028763656203049243,0.0,2.471840334379811
2020-12-09,-0.008682688479628525,0.0,-0.008682688479628525,0.0,2.4503781147850106
2020-12-10,0.002668540881692716,0.0,0.002668540881692716,0.0,2.4569170489599195
2020-12-11,-0.002184691523369031,0.0,-0.002184691523369031,0.0,2.4515494431094362
2020-12-14,-0.0013159697319835711,0.0,-0.0013159697319835711,0.0,2.448323278245843
2020-12-15,0.013087441223158552,0.0,0.013087441223158552,0.0,2.4803655652451764
2020-12-16,0.002348500281562277,0.0,0.002348500281562277,0.0,2.4861907044735316
2020-12-17,0.007220496068467391,0.0,0.007220496068467391,0.0,2.5041422346806432
2020-12-18,-0.0050007424859230265,0.0,-0.0050007424859230265,0.0,2.4916196642168815
2020-12-21,-0.0052862235671038565,0.0,-0.0052862235671038565,0.0,2.478448405627639
2020-12-22,0.00012711534495929433,0.0,0.00012711534495929433,0.0,2.478763454451684
2020-12-23,0.0031929607598790294,0.0,0.0031929607598790294,0.0,2.486678048894771
2020-12-24,0.0020545969310618722,0.0,0.0020545969310618722,0.0,2.491787169982569
2020-12-28,0.003528621393360784,0.0,0.003528621393360784,0.0,2.500579743498271
2020-12-29,-0.0004885715558999859,0.0,-0.0004885715558999859,0.0,2.499358031362338
2020-12-30,0.0049357820839545374,0.0,0.0049357820839545374,0.0,2.5116943179549245
2020-12-31,0.0013631831786659332,0.0,0.0013631831786659332,0.0,2.515118217399112
2021-01-04,-0.004929434154557516,0.0,-0.004929434154557516,0.0,2.502720107755515
2021-01-05,0.008675807375400302,0.0,0.008675807375400302,0.0,2.524433225324943
2021-01-06,0.0026905870777921698,0.0,0.0026905870777921698,0.0,2.5312254327397516
2021-01-07,0.007888553211906332,0.0,0.007888553211906332,0.0,2.5511931392572498
2021-01-08,0.003461477724958806,0.0,0.003461477724958806,0.0,2.5600240374808565
2021-01-11,-0.007982460739267463,0.0,-0.007982460739267463,0.0,2.5395887461100846
2021-01-12,0.004963344107042744,0.0,0.004963344107042744,0.0,2.552193598947402
2021-01-13,0.0013790810615833815,0.0,0.0013790810615833815,0.0,2.5557132808052048
2021-01-14,0.004229929320031037,0.0,0.004229929320031037,0.0,2.5665237673452754
2021-01-15,-0.007602109859699127,0.0,-0.007602109859699127,0.0,2.547012771708388
2021-01-19,0.00808840498195161,0.0,0.00808840498195161,0.0,2.5676140425001686
2021-01-20,0.012653807048385285,0.0,0.012653807048385285,0.0,2.60010413516869
2021-01-21,-0.0003233392522344475,0.0,-0.0003233392522344475,0.0,2.599263419441893
2021-01-22,-0.0017252445210741985,0.0,-0.0017252445210741985,0.0,2.594779054468672
2021-01-25,0.003250027031852093,0.0,0.003250027031852093,0.0,2.6032121565373787
2021-01-26,-0.001033792777629633,0.0,-0.001033792777629633,0.0,2.600520974611313
2021-01-27,-0.018164801385080392,0.0,-0.018164801385080392,0.0,2.553283027609763
2021-01-28,0.0038779102523834597,0.0,0.0038779102523834597,0.0,2.563184430039767
2021-01-29,-0.014211867386570667,0.0,-0.014211867386570667,0.0,2.5267567928327193
2021-02-01,0.01716378797985632,0.0,0.01716378797985632,0.0,2.570125510701562
2021-02-02,0.007698150274952284,0.0,0.007698150274952284,0.0,2.589910723108431
2021-02-03,0.0004087483790022328,0.0,0.0004087483790022328,0.0,2.5909693449182623
2021-02-04,0.003797015537122514,0.0,0.003797015537122514,0.0,2.600807295777125
2021-02-05,0.006174231384680012,0.0,0.006174231384680012,0.0,2.616865281808217
2021-02-08,0.007964189469634453,0.0,0.007964189469634453,0.0,2.637706492729046
2021-02-09,0.0033369953103556116,0.0,0.0033369953103556116,0.0,2.6465085069253775
2021-02-10,-1.8428138695444907e-05,0.0,-1.8428138695444907e-05,0.0,2.646459736699553
2021-02-11,0.002106378945576623,0.0,0.002106378945576623,0.0,2.652034183769253
2021-02-12,0.002117366650625868,0.0,0.002117366650625868,0.0,2.6576495125062856
2021-02-16,-0.0027860132329001336,0.0,-0.0027860132329001336,0.0,2.6502452657960323
2021-02-17,-0.0038133796283867094,0.0,-0.0038133796283867094,0.0,2.6401388744892174
2021-02-18,-0.005903855811982245,0.0,-0.005903855811982245,0.0,2.624551875250624
2021-02-19,0.0037326853422121747,2.5e-05,0.003707685342212175,0.125,2.634282887768366
2021-02-22,-0.007955118168411865,0.0,-0.007955118168411865,0.0,2.6133268561071437
2021-02-23,0.00013434607757983885,0.0,0.00013434607757983885,0.0,2.6136779463196955
2021-02-24,0.005909295974885528,0.0,0.005909295974885528,0.0,2.629122942887529
2021-02-25,-0.019358609901452703,0.0,-0.019358609901452703,0.0,2.57822677745321
2021-02-26,-0.005555164842291113,0.0,-0.005555164842291113,0.0,2.5639043027036483
2021-03-01,0.01748605206286824,0.0,0.01748605206286824,0.0,2.6087368668249358
2021-03-02,-0.007945437051268572,0.0,-0.007945437051268572,0.0,2.5880093122662546
2021-03-03,-0.008366380957633937,0.0,-0.008366380957633937,0.0,2.566357040437931
2021-03-04,-0.0126077200138148,0.0,-0.0126077200138148,0.0,2.5340011294166067
2021-03-05,0.010370571837000658,0.0,0.010370571837000658,0.0,2.5602801701642623
2021-03-08,-0.006293420840099706,0.0,-0.006293420840099706,0.0,2.5441672495848566
2021-03-09,0.01459621260616234,0.0,0.01459621260616234,0.0,2.5813024556654325
2021-03-10,0.0038103715887932432,0.0,0.0038103715887932432,0.0,2.591138177204582
2021-03-11,0.012957842785876111,0.0,0.012957842785876111,0.0,2.6247137383412804
2021-03-12,7.004108405828102e-05,0.0,7.004108405828102e-05,0.0,2.6248975761368567
2021-03-15,0.0047797880980746665,0.0,0.0047797880980746665,0.0,2.6374440303299407
2021-03-16,-0.00132865196876715,0.0,-0.00132865196876715,0.0,2.6339397851265294
2021-03-17,0.002927085418494735,0.0,0.002927085418494735,0.0,2.641649551864766
2021-03-18,-0.014154041091667,0.0,-0.014154041091667,0.0,2.6042595355578886
2021-03-19,0.0013383751985765607,0.0,0.0013383751985765607,0.0,2.6077450119309358
2021-03-22,0.003029217574617979,0.0,0.003029217574617979,0.0,2.6156444389511995
2021-03-23,-0.010361626492594839,0.0,-0.010361626492594839,0.0,2.588542108237354
2021-03-24,-0.009824442948626472,0.0,-0.009824442948626472,0.0,2.563111123974859
2021-03-25,0.00623630269352464,0.0,0.00623630269352464,0.0,2.5790954607811063
2021-03-26,0.013734341753909612,0.0,0.013734341753909612,0.0,2.6145176392554306
2021-03-29,-0.005702230012056456,0.0,-0.005702230012056456,0.0,2.599609058305817
2021-03-30,0.0015443319439378683,0.0,0.0015443319439378683,0.0,2.6036237176163093
2021-03-31,0.0034367095400140574,0.0,0.0034367095400140574,0.0,2.612571616085248
2021-04-01,0.01018698142224933,0.0,0.01018698142224933,0.0,2.6391858346026043
2021-04-05,0.007766967563867605,0.0,0.007766967563867605,0.0,2.6596843053749817
2021-04-06,-0.0008448196957577397,0.0,-0.0008448196957577397,0.0,2.657437351689303
2021-04-07,-0.0030573668861259423,0.0,-0.0030573668861259423,0.0,2.649312590728294
2021-04-08,0.00423036799635694,0.0,0.00423036799635694,0.0,2.660520157924456
2021-04-09,0.0008576340136089156,0.0,0.0008576340136089156,0.0,2.662801910505784
2021-04-12,-0.001308946976494016,0.0,-0.001308946976494016,0.0,2.6593164439960253
2021-04-13,0.003367590356203487,0.0,0.003367590356203487,0.0,2.6682719324069195
2021-04-14,-0.0006275657105329485,0.0,-0.0006275657105329485,0.0,2.6665974164357635
2021-04-15,0.008149104924278255,0.0,0.008149104924278255,0.0,2.688327798573108
2021-04-16,0.0022663776829775772,0.0,0.0022663776829775772,0.0,2.694420564700323
2021-04-19,-0.0038164150115712475,0.0,-0.0038164150115712475,0.0,2.6841375376097143
2021-04-20,-0.0066186199376711274,0.0,-0.0066186199376711274,0.0,2.6663722513878394
2021-04-21,0.008187373585727825,0.0,0.008187373585727825,0.0,2.68820283712857
2021-04-22,-0.004696492078125669,0.0,-0.004696492078125669,0.0,2.675577713799601
2021-04-23,0.009108252763607327,0.0,0.009108252763607327,0.0,2.699947551905562
2021-04-26,0.0030017223464798015,0.0,0.0030017223464798015,0.0,2.7080520448064402
2021-04-27,-0.0008741584245318262,0.0,-0.0008741584245318262,0.0,2.705684778297402
2021-04-28,0.0007416448529500574,0.0,0.0007416448529500574,0.0,2.7076914354869315
2021-04-29,0.001607613057815968,0.0,0.001607613057815968,0.0,2.7120443555951566
2021-04-30,-0.006617395280527821,0.0,-0.006617395280527821,0.0,2.694097686075859
2021-05-03,0.001351871016069317,0.0,0.001351871016069317,0.0,2.6977397586521246
2021-05-04,-0.008587577661266194,0.0,-0.008587577661266194,0.0,2.674572708964814
2021-05-05,-0.0006645818026312228,0.0,-0.0006645818026312228,0.0,2.6727952366126217
2021-05-06,0.004965033022768878,0.0,0.004965033022768878,0.0,2.6860657532255026
2021-05-07,0.007851338478642028,0.0,0.007851338478642028,0.0,2.7071549646299644
2021-05-10,-0.01051889694630194,0.0,-0.01051889694630194,0.0,2.678678680539352
2021-05-11,-0.005251715661109949,0.0,-0.005251715661109949,0.0,2.664611021761682
2021-05-12,-0.018564143872418504,0.0,-0.018564143872418504,0.0,2.6151447993896664
2021-05-13,0.007157918570154256,0.0,0.007157918570154256,0.0,2.63386379291286
2021-05-14,0.01356953432483568,0.0,0.01356953432483568,0.0,2.669604098057733
2021-05-17,-0.0011316823402068577,0.0,-0.0011316823402068577,0.0,2.666582954244617
2021-05-18,-0.0008986465469931898,0.0,-0.0008986465469931898,0.0,2.664186638680514
2021-05-19,-0.0030172268477324377,0.0,-0.0030172268477324377,0.0,2.656148183226917
2021-05-20,0.008373591147424558,0.0,0.008373591147424558,0.0,2.6783896821402338
2021-05-21,-0.0018665469140763252,0.0,-0.0018665469140763252,0.0,2.6733903421443412
2021-05-24,0.00754762471701384,0.0,0.00754762471701384,0.0,2.693568089168936
2021-05-25,-8.290327361930305e-05,0.0,-8.290327361930305e-05,0.0,2.6933447835566278
2021-05-26,0.004416851810146366,0.0,0.004416851810146366,0.0,2.7052408883392283
2021-05-27,0.0008521622581867672,0.0,0.0008521622581867672,0.0,2.7075461925235746
2021-05-28,0.0023872209483042223,0.0,0.0023872209483042223,0.0,2.7140097035128683
2021-06-01,0.006168824792613117,0.0,0.006168824792613117,0.0,2.730751953859291
2021-06-02,0.002668596240905763,0.0,0.002668596240905763,0.0,2.7380392282582062
2021-06-03,-0.005223524371602242,0.0,-0.005223524371602242,0.0,2.7237370136189964
2021-06-04,0.006057718718799149,0.0,0.006057718718799149,0.0,2.7402366463114824
2021-06-07,0.0031908845560291027,0.0,0.0031908845560291027,0.0,2.7489804251060628
2021-06-08,0.0017788437732128987,0.0,0.0017788437732128987,0.0,2.7538704318179468
2021-06-09,-0.0015178655304673716,0.0,-0.0015178655304673716,0.0,2.749690426814117
2021-06-10,0.00319744821286172,0.0,0.00319744821286172,0.0,2.7584824195552566
2021-06-11,0.001220951478897489,0.0,0.001220951478897489,0.0,2.7618503927449254
2021-06-14,0.002153775789911591,0.0,0.002153775789911591,0.0,2.767798799256177
2021-06-15,-0.0034444462529880093,0.0,-0.0034444462529880093,0.0,2.758265265053054
2021-06-16,-0.004706866072793747,0.0,-0.004706866072793747,0.0,2.74528247985721
2021-06-17,-0.0001904204589766728,0.0,-0.0001904204589766728,0.0,2.744759721907375
2021-06-18,-0.011087339944875998,0.0,-0.011087339944875998,0.0,2.7143276378035845
2021-06-21,0.009988056420977443,0.0,0.009988056420977443,0.0,2.7414384953949855
2021-06-22,0.0011931770508872286,0.0,0.0011931770508872286,0.0,2.7447095168941096
2021-06-23,6.369474348756621e-05,0.0,6.369474348756621e-05,0.0,2.744884340462736
2021-06-24,0.005356129944767779,0.0,0.005356129944767779,0.0,2.7595862976736125
2021-06-25,0.0026553206726962625,0.0,0.0026553206726962625,0.0,2.7669138842179146
2021-06-28,-0.00026685731674350177,0.0,-0.00026685731674350177,0.0,2.766175513003112
2021-06-29,-0.00047671591959780324,0.0,-0.00047671591959780324,0.0,2.764856833099662
2021-06-30,-0.002505109160779076,0.0,-0.002505109160779076,0.0,2.7579305649188215
2021-07-01,0.0019810422934539718,0.0,0.0019810422934539718,0.0,2.763394142010335
2021-07-02,0.0018709465672329256,0.0,0.0018709465672329256,0.0,2.7685643047942405
2021-07-06,-0.0035991972207742445,0.0,-0.0035991972207742445,0.0,2.75859969584289
2021-07-07,0.0005215122057315585,0.0,0.0005215122057315585,0.0,2.760038339255
2021-07-08,-0.0074869439203428395,0.0,-0.0074869439203428395,0.0,2.7393740869910013
2021-07-09,0.011095434694576717,0.0,0.011095434694576717,0.0,2.7697686332772253
2021-07-12,0.0026074574058742306,2.5e-05,0.0025824574058742307,0.125,2.77692144279679
2021-07-13,-0.004905551884565221,0.0,-0.004905551884565221,0.0,2.763299110579789
2021-07-14,0.001518704167716392,0.0,0.001518704167716392,0.0,2.767495744455674
2021-07-15,-0.002680054307307403,0.0,-0.002680054307307403,0.0,2.7600787055652902
2021-07-16,-0.006719084325446142,0.0,-0.006719084325446142,0.0,2.741533503997729
2021-07-19,-0.011239744490066803,0.0,-0.011239744490066803,0.0,2.7107193679018367
2021-07-20,0.011223544145383013,0.0,0.011223544145383013,0.0,2.7411432463932277
2021-07-21,0.006361515362508674,0.0,0.006361515362508674,0.0,2.7585810712659953
2021-07-22,-0.001364183884157849,0.0,-0.001364183884157849,0.0,2.7548178594254313
2021-07-23,0.002994461552045871,0.0,0.002994461552045871,0.0,2.76306705558837
2021-07-26,-0.0016748845439424481,0.0,-0.0016748845439424481,0.0,2.7584392372830884
2021-07-27,-0.005517529618258674,0.0,-0.005517529618258674,0.0,2.7432194670912122
2021-07-28,0.00639455379452028,0.0,0.00639455379452028,0.0,2.760761131543702
2021-07-29,0.00460793618400146,0.0,0.00460793618400146,0.0,2.7734825426571272
2021-07-30,-0.004746414080119277,0.0,-0.004746414080119277,0.0,2.7603184460656944
2021-08-02,0.0002263269543543861,0.0,0.0002263269543543861,0.0,2.7609431805326405
2021-08-03,0.0037775098964790976,0.0,0.0037775098964790976,0.0,2.7713726707207194
2021-08-04,-0.0020758443041843516,0.0,-0.0020758443041843516,0.0,2.7656197325474317
2021-08-05,0.005218372571549071,0.0,0.005218372571549071,0.0,2.780051766703092
2021-08-06,-0.004436415828695653,0.0,-0.004436415828695653,0.0,2.7677183010406967
2021-08-09,-0.0030956252309510546,0.0,-0.0030956252309510546,0.0,2.75915048243583
2021-08-10,-0.000976626868526717,2.5e-05,-0.0010016268685267172,0.125,2.756386843178314
2021-08-11,0.002633708487847608,0.0,0.002633708487847608,0.0,2.763646362602984
2021-08-12,-0.0004065835482496699,0.0,-0.0004065835482496699,0.0,2.7625227094587697
2021-08-13,0.0006553736416548689,0.0,0.0006553736416548689,0.0,2.7643331940270217
2021-08-16,-0.002748634587948523,0.0,-0.002748634587948523,0.0,2.756735052197305
2021-08-17,-0.007037929039585625,0.0,-0.007037929039585625,0.0,2.737333346519002
2021-08-18,-0.004665566329732654,2.5e-05,-0.004690566329732654,0.125,2.7244937028905656
2021-08-19,-0.0025437730398202157,0.0,-0.0025437730398202157,0.0,2.717563209261993
2021-08-20,0.005497238086571113,0.0,0.005497238086571113,0.0,2.7325023012386125
2021-08-23,0.008087821646089483,0.0,0.008087821646089483,0.0,2.75460229249856
2021-08-24,0.003386037350568888,0.0,0.003386037350568888,0.0,2.7639294787469226
2021-08-25,-8.27848937304948e-05,0.0,-8.27848937304948e-05,0.0,2.763700667138746
2021-08-26,-0.003116727697145147,2.5e-05,-0.0031417276971451467,0.125,2.7550178722061776
2021-08-27,0.009159688711494335,0.0,0.009159688711494335,0.0,2.7802529783101897
2021-08-30,0.0029840374998555963,0.0,0.0029840374998555963,0.0,2.7885493574565525
2021-08-31,-0.00036605015923142636,0.0,-0.00036605015923142636,0.0,2.787528608520231
2021-09-01,0.004458851843337719,0.0,0.004458851843337719,0.0,2.799957785594688
2021-09-02,0.0029035508998681986,0.0,0.0029035508998681986,0.0,2.8080876055426445
2021-09-03,-0.0007725083844022651,0.0,-0.0007725083844022651,0.0,2.8059183343232266
2021-09-07,-0.0035027742645852705,0.0,-0.0035027742645852705,0.0,2.7960898357932313
2021-09-08,-0.0014627574210738514,0.0,-0.0014627574210738514,0.0,2.7919998346359356
2021-09-09,-0.002269094112312464,0.0,-0.002269094112312464,0.0,2.7856645242495857
2021-09-10,-0.006365164405425519,0.0,-0.006365164405425519,0.0,2.7679333115743754
2021-09-13,0.003533944585914356,0.0,0.003533944585914356,0.0,2.7777150345149857
2021-09-14,-0.0018485636177670156,0.0,-0.0018485636177670156,0.0,2.772580251561657
2021-09-15,0.0034311704375926677,0.0,0.0034311704375926677,0.0,2.7820934469566683
2021-09-16,-0.0006888411134404193,0.0,-0.0006888411134404193,0.0,2.780177026608971
2021-09-17,-0.005892636959406672,0.0,-0.005892636959406672,0.0,2.763794452708282
2021-09-20,-0.009166505233243138,0.0,-0.009166505233243138,0.0,2.738460116393923
2021-09-21,0.0014113199435232815,0.0,0.0014113199435232815,0.0,2.7423249597707327
2021-09-22,0.006918398391359465,0.0,0.006918398391359465,0.0,2.761297456360995
2021-09-23,0.0031704692408033586,0.0,0.0031704692408033586,0.0,2.7700520650110962
2021-09-24,-0.004009978303130324,0.0,-0.004009978303130324,0.0,2.7589442163318605
2021-09-27,-0.0016741832420435337,0.0,-0.0016741832420435337,0.0,2.754325238159145
2021-09-28,-0.014418107956665108,0.0,-0.014418107956665108,0.0,2.714613079527599
2021-09-29,0.0006072517827365592,0.0,0.0006072517827365592,0.0,2.716261533159582
2021-09-30,-0.0057363722057317545,0.0,-0.0057363722057317545,0.0,2.700680045997267
2021-10-01,0.007402907465376751,0.0,0.007402907465376751,0.0,2.720672930471374
2021-10-04,-0.006976393142783102,0.0,-0.006976393142783102,0.0,2.701692446495478
2021-10-05,0.0022086671855986034,0.0,0.0022086671855986034,0.0,2.707659585947632
2021-10-06,0.0017357605568336792,0.0,0.0017357605568336792,0.0,2.7123594346582527
2021-10-07,0.004154972361866599,0.0,0.004154972361866599,0.0,2.7236292131447057
2021-10-08,-0.0038630358846722807,0.0,-0.0038630358846722807,0.0,2.713107735757786
2021-10-11,-0.002982039111978016,0.0,-0.002982039111978016,0.0,2.7050171423747464
2021-10-12,0.0037820123589459437,0.0,0.0037820123589459437,0.0,2.7152475506383684
2021-10-13,0.005406392563353318,0.0,0.005406392563353318,0.0,2.7299272448038034
2021-10-14,0.009485074104666258,0.0,0.009485074104666258,0.0,2.7558208070211148
2021-10-15,0.0015643793178646004,0.0,0.0015643793178646004,0.0,2.7601319560953597
2021-10-18,0.001926877891894857,0.0,0.001926877891894857,0.0,2.7654503933402723
2021-10-19,0.001464593498734984,0.0,0.001464593498734984,0.0,2.7695006540074325
2021-10-20,0.0027191150361395022,0.0,0.0027191150361395022,0.0,2.777031244878342
2021-10-21,0.0008416131267250937,0.0,0.0008416131267250937,0.0,2.779368430827357
2021-10-22,0.0012379013076085355,0.0,0.0012379013076085355,0.0,2.782809014642204
2021-10-25,0.0030993062144245437,0.0,0.0030993062144245437,0.0,2.7914337919148413
2021-10-26,0.0011894624291967637,0.0,0.0011894624291967637,0.0,2.7947540975339145
2021-10-27,-0.0018447018250353359,0.0,-0.0018447018250353359,0.0,2.7895986095496688
2021-10-28,0.007626857697622988,0.0,0.007626857697622988,0.0,2.810874481178191
2021-10-29,-0.0009134750007594311,0.0,-0.0009134750007594311,0.0,2.8083068176093624
2021-11-01,0.004812214634571557,0.0,0.004812214634571557,0.0,2.821820992775429
2021-11-02,0.002176258950538107,0.0,0.002176258950538107,0.0,2.827962005967773
2021-11-03,0.00446971837801019,0.0,0.00446971837801019,0.0,2.8406021997181616
2021-11-04,0.002193550425224705,0.0,0.002193550425224705,0.0,2.8468332038812476
2021-11-05,0.00495402997684255,0.0,0.00495402997684255,0.0,2.860936500912346
2021-11-08,-2.696329252922791e-05,0.0,-2.696329252922791e-05,0.0,2.860859360644564
2021-11-09,-0.0004318067509022222,0.0,-0.0004318067509022222,0.0,2.859624022259256
2021-11-10,-0.009192732160078834,0.0,-0.009192732160078834,0.0,2.833336264544099
2021-11-11,0.0018621807413428393,0.0,0.0018621807413428393,0.0,2.8386124487696813
2021-11-12,0.002423322274106965,0.0,0.002423322274106965,0.0,2.8454913215443423
2021-11-15,-0.0014037691730929558,0.0,-0.0014037691730929558,0.0,2.8414969085448547
2021-11-16,0.00019419639912236775,0.0,0.00019419639912236775,0.0,2.842048717012611
2021-11-17,-0.0006508828298288499,0.0,-0.0006508828298288499,0.0,2.8401988763011707
2021-11-18,0.0018060759855393904,0.0,0.0018060759855393904,0.0,2.845328491285814
2021-11-19,-0.001148484370411193,0.0,-0.001148484370411193,0.0,2.8420606759848868
2021-11-22,-0.0051489199459661406,0.0,-0.0051489199459661406,0.0,2.8274271330826624
2021-11-23,-0.0015421097296894892,0.0,-0.0015421097296894892,0.0,2.8230669301907474
2021-11-24,0.0035626454876465513,0.0,0.0035626454876465513,0.0,2.8331245168509156
2021-11-26,-0.013547368746470279,0.0,-0.013547368746470279,0.0,2.794743134316471
2021-11-29,0.0047207523592949635,0.0,0.0047207523592949635,0.0,2.8079364245614187
2021-11-30,-0.00837912327125799,0.0,-0.00837912327125799,0.0,2.784408379122163
2021-12-01,-0.008333927161708485,0.0,-0.008333927161708485,0.0,2.761203322502108
2021-12-02,0.011763968783455703,0.0,0.011763968783455703,0.0,2.793686032192797
2021-12-03,-0.005269162100565106,0.0,-0.005269162100565106,0.0,2.778965647631088
2021-12-06,0.006667413777963829,0.0,0.006667413777963829,0.0,2.797494161478592
2021-12-07,0.012676028302471415,0.0,0.012676028302471415,0.0,2.8329552766454933
2021-12-08,0.0007182146936425965,0.0,0.0007182146936425965,0.0,2.8349899467516124
2021-12-09,-0.00842319560436193,2.5e-05,-0.00844819560436193,0.125,2.811039397145055
2021-12-10,0.0030697361710709525,0.0,0.0030697361710709525,0.0,2.8196685464607767
2021-12-13,-0.002574539863570785,0.0,-0.002574539863570785,0.0,2.8124091973858567
2021-12-14,-0.006959995239376585,0.0,-0.006959995239376585,0.0,2.7928348427608722
2021-12-15,0.009573894278549613,0.0,0.009573894278549613,0.0,2.819573148282915
2021-12-16,-0.005312226110753049,0.0,-0.005312226110753049,0.0,2.8045949381834285
2021-12-17,-0.001390301358249732,0.0,-0.001390301358249732,0.0,2.800695706031532
2021-12-20,-0.00701222884447833,0.0,-0.00701222884447833,0.0,2.7810565868170913
2021-12-21,0.010858738650243588,0.0,0.010858738650243588,0.0,2.811255353464877
2021-12-22,0.008174578863947679,0.0,0.008174578863947679,0.0,2.834236182058471
2021-12-23,0.0025203760940657044,0.0,0.0025203760940657044,0.0,2.8413795231766676
2021-12-27,0.008697962945046794,0.0,0.008697962945046794,0.0,2.866093736982073
2021-12-28,-0.0019717826344126943,0.0,-0.0019717826344126943,0.0,2.8604424231228927
2021-12-29,-0.0003328861793922694,0.0,-0.0003328861793922694,0.0,2.859490221373288
2021-12-30,0.0014075092939386802,0.0,0.0014075092939386802,0.0,2.8635149804357978
2021-12-31,-3.105737018858912e-05,0.0,-3.105737018858912e-05,0.0,2.86342604719101
2022-01-03,-0.0018346343635491646,0.0,-0.0018346343635491646,0.0,2.8581727073673515
2022-01-04,-0.0008925480873805819,0.0,-0.0008925480873805819,0.0,2.8556216507839873
2022-01-05,-0.016204546037816875,0.0,-0.016204546037816875,0.0,2.8093475982772715
2022-01-06,-0.001220495467230201,0.0,-0.001220495467230201,0.0,2.8059188022677
2022-01-07,-0.004086206073416421,0.0,-0.004086206073416421,0.0,2.7944532398163604
2022-01-10,-0.0016985119204267346,0.0,-0.0016985119204267346,0.0,2.7897068276774575
2022-01-11,0.008240433021446114,0.0,0.008240433021446114,0.0,2.8126952199404043
2022-01-12,0.0011215459904674735,0.0,0.0011215459904674735,0.0,2.8158497869867354
2022-01-13,-0.006468331986609413,0.0,-0.006468331986609413,0.0,2.7976359357400815
2022-01-14,-0.002502497763167355,0.0,-0.002502497763167355,0.0,2.7906348580687355
2022-01-18,-0.014219241658803866,0.0,-0.014219241658803866,0.0,2.750954146640374
2022-01-19,-0.003650494437141688,0.0,-0.003650494437141688,0.0,2.7409118038312315
2022-01-20,-0.007024007809651123,0.0,-0.007024007809651123,0.0,2.721659617915556
2022-01-21,-0.009184728821926336,0.0,-0.009184728821926336,0.0,2.696661912379414
2022-01-24,-0.00024393601047503766,2.5e-05,-0.00026893601047503767,0.125,2.6959366828830986
2022-01-25,-0.004724003297669824,2.5e-05,-0.004749003297669824,0.125,2.683133670685778
2022-01-26,-0.005993849057532169,0.0,-0.005993849057532169,0.0,2.667051372462505
2022-01-27,-0.003260732250083026,0.0,-0.003260732250083026,0.0,2.6583548320396884
2022-01-28,0.010741614672040614,0.0,0.010741614672040614,0.0,2.6869098553070163
2022-01-31,0.007138777858889153,2.5e-05,0.007113777858889153,0.125,2.7060239351445308
2022-02-01,0.0008331002549364086,0.0,0.0008331002549364086,0.0,2.708278324374764
2022-02-02,0.004247346380475081,0.0,0.004247346380475081,0.0,2.7197813205131163
2022-02-03,-0.010310994051820274,0.0,-0.010310994051820274,0.0,2.6917376714950536
2022-02-04,-0.0009155323957713707,0.0,-0.0009155323957713707,0.0,2.689273298455882
2022-02-07,-0.0015042952256874575,0.0,-0.0015042952256874575,0.0,2.685227837472446
2022-02-08,0.0010130894277915053,0.0,0.0010130894277915053,0.0,2.6879482134058006
2022-02-09,0.0075398032215129585,0.0,0.0075398032215129585,0.0,2.708214814004498
2022-02-10,-0.010012441118486051,0.0,-0.010012441118486051,0.0,2.681098972643066
2022-02-11,-0.005715993667229094,0.0,-0.005715993667229094,0.0,2.665773827894224
2022-02-14,-0.0029467002192322816,0.0,-0.0029467002192322816,0.0,2.6579185915711445
2022-02-15,0.004828546808155254,0.0,0.004828546808155254,0.0,2.670752475902812
2022-02-16,0.0027160148885640722,2.5e-05,0.0026910148885640724,0.125,2.677939510579136
2022-02-17,-0.006005204957110211,2.5e-05,-0.0060302049571102105,0.125,2.6617909864676004
2022-02-18,-0.003081875306009549,0.0,-0.003081875306009549,0.0,2.6535876785566472
2022-02-22,-0.002789164940464925,0.0,-0.002789164940464925,0.0,2.6461863848371676
2022-02-23,-0.006921964952603651,0.0,-0.006921964952603651,0.0,2.6278695754232677
2022-02-24,0.007376298498354764,0.0,0.007376298498354764,0.0,2.6472535258263346
2022-02-25,0.007293109095011116,0.0,0.007293109095011116,0.0,2.6665602345923385
2022-02-28,-0.0005131241936500441,0.0,-0.0005131241936500441,0.0,2.665191958022144
2022-03-01,-0.0022055493024763645,0.0,-0.0022055493024763645,0.0,2.6593137457581624
2022-03-02,0.0054368225480237176,0.0,0.0054368225480237176,0.0,2.67377196269337
2022-03-03,-0.0006412148129459477,0.0,-0.0006412148129459477,0.0,2.6720575005044513
2022-03-04,0.0015482914077827314,2.5e-05,0.0015232914077827314,0.125,2.676127822736071
2022-03-07,-0.004297554868256295,0.0,-0.004297554868256295,0.0,2.6646270165833954
2022-03-08,0.0018663121529686882,0.0,0.0018663121529686882,0.0,2.669600042367574
2022-03-09,0.0015612688992846097,0.0,0.0015612688992846097,0.0,2.673768005887251
2022-03-10,0.00013749314447029926,0.0,0.00013749314447029926,0.0,2.6741356306579642
2022-03-11,-0.003460728431892074,0.0,-0.003460728431892074,0.0,2.6648811734502105
2022-03-14,-0.003774408296540896,0.0,-0.003774408296540896,0.0,2.6548228238398446
2022-03-15,0.001249171846217978,0.0,0.001249171846217978,0.0,2.658139153768082
2022-03-16,0.005039161821043497,0.0,0.005039161821043497,0.0,2.671533947106771
2022-03-17,0.0021749574543041827,2.5e-05,0.002149957454304183,0.125,2.67727763143078
2022-03-18,-0.0010987315103485051,2.5e-05,-0.0011237315103485052,0.125,2.67426909019439
2022-03-21,0.0009550997586932897,0.0,0.0009550997586932897,0.0,2.6768232839571158
2022-03-22,-0.0009063469114063694,0.0,-0.0009063469114063694,0.0,2.6743971534413205
2022-03-23,0.0017074577246215528,0.0,0.0017074577246215528,0.0,2.6789635735196695
2022-03-24,0.000907545887151584,0.0,0.000907545887151584,0.0,2.6813948558926466
2022-03-25,-0.0005119314011922393,0.0,-0.0005119314011922393,0.0,2.68002216566692
2022-03-28,-0.002275473760371932,0.0,-0.002275473760371932,0.0,2.6739238455517294
2022-03-29,5.584848105766316e-05,0.0,5.584848105766316e-05,0.0,2.674073180136967
2022-03-30,0.0010048024215086881,0.0,0.0010048024215086881,0.0,2.6767600953436603
2022-03-31,4.8449485491181e-05,0.0,4.8449485491181e-05,0.0,2.676889782993063
2022-04-01,-0.000795733417754324,0.0,-0.000795733417754324,0.0,2.67475969233709
2022-04-04,0.0006058461818854444,0.0,0.0006058461818854444,0.0,2.676380185284154
2022-04-05,-0.0007831053214319844,0.0,-0.0007831053214319844,0.0,2.6742842977188825
2022-04-06,0.0002929020838496055,0.0,0.0002929020838496055,0.0,2.6750676011624908
2022-04-07,0.0004731107800293455,0.0,0.0004731107800293455,0.0,2.676333204481908
2022-04-08,0.0007832461640229216,0.0,0.0007832461640229216,0.0,2.6784294321979654
2022-04-11,0.0006199329713109103,0.0,0.0006199329713109103,0.0,2.680089878914314
2022-04-12,0.0009595939523753816,0.0,0.0009595939523753816,0.0,2.6826616769539426
2022-04-13,0.0005985672332022296,0.0,0.0005985672332022296,0.0,2.6842674303315346
2022-04-14,-0.0004129438332756835,0.0,-0.0004129438332756835,0.0,2.6831589786493164
2022-04-18,0.00038714908784293067,0.0,0.00038714908784293067,0.0,2.684197761200438
2022-04-19,-0.0018891130470374273,0.0,-0.0018891130470374273,0.0,2.6791270081889254
2022-04-20,0.0006118684370509109,0.0,0.0006118684370509109,0.0,2.6807662814440865
2022-04-21,-0.0004447000242106258,0.0,-0.0004447000242106258,0.0,2.6795741446138255
2022-04-22,-0.0012152616556331125,0.0,-0.0012152616556331125,0.0,2.6763177609024504
2022-04-25,-0.0022463741437613455,0.0,-0.0022463741437613455,0.0,2.6703057498838696
2022-04-26,0.00019062713061773762,0.0,0.00019062713061773762,0.0,2.670814782606842
2022-04-27,-0.0009446280321807887,0.0,-0.0009446280321807887,0.0,2.6682918560944286
2022-04-28,0.0006747904387617298,0.0,0.0006747904387617298,0.0,2.6700923939267467
2022-04-29,-1.4122120682857897e-05,0.0,-1.4122120682857897e-05,0.0,2.6700546865597254
2022-05-02,-0.002317561691961706,0.0,-0.002317561691961706,0.0,2.6638666701027116
2022-05-03,0.000331157808372895,0.0,0.000331157808372895,0.0,2.6647488303509803
2022-05-04,0.0012278180465839783,0.0,0.0012278180465839783,0.0,2.6680206570544986
2022-05-05,-0.0004763923189097241,0.0,-0.0004763923189097241,0.0,2.6667496325067854
2022-05-06,-0.0012766888085383316,2.5e-05,-0.0013016888085383316,0.125,2.663278354354978
2022-05-09,-0.007315425968933795,0.0,-0.007315425968933795,0.0,2.6437953387190305
2022-05-10,-0.0033331381384947567,0.0,-0.0033331381384947567,0.0,2.6349832036451715
2022-05-11,0.0010208910645110592,2.5e-05,0.000995891064511059,0.125,2.6376073598728187
2022-05-12,-0.0019167407150245952,0.0,-0.0019167407150245952,0.0,2.632551750455902
2022-05-13,-0.0010136957877868863,0.0,-0.0010136957877868863,0.0,2.6298831438353343
2022-05-16,0.0011923104704008591,0.0,0.0011923104704008591,0.0,2.63301878104366
2022-05-17,-0.0007849120479426902,0.0,-0.0007849120479426902,0.0,2.630952092879959
2022-05-18,6.643561161448486e-05,0.0,6.643561161448486e-05,0.0,2.6311268817913778
2022-05-19,0.0018371543501914667,0.0,0.0018371543501914667,0.0,2.6359606679881664
2022-05-20,8.725140671811404e-05,0.0,8.725140671811404e-05,0.0,2.6361906592645017
2022-05-23,0.0005812961819410267,0.0,0.0005812961819410267,0.0,2.6377230668296012
2022-05-24,0.0009402324813291008,0.0,0.0009402324813291008,0.0,2.640203139733785
2022-05-25,-0.0007537493699495135,0.0,-0.0007537493699495135,0.0,2.638213088280672
2022-05-26,-0.00023111228971668674,0.0,-0.00023111228971668674,0.0,2.6376033648130788
2022-05-27,6.512763337993e-05,0.0,6.512763337993e-05,0.0,2.637775145678024
2022-05-31,-0.0012366261595928851,0.0,-0.0012366261595928851,0.0,2.6345132039297545
2022-06-01,0.0007961291499488654,0.0,0.0007961291499488654,0.0,2.636610616687328
2022-06-02,0.001538647759222439,0.0,0.001538647759222439,0.0,2.640667431704636
2022-06-03,-0.001269002158372487,0.0,-0.001269002158372487,0.0,2.637316419034259
2022-06-06,-0.0005504653630001161,0.0,-0.0005504653630001161,0.0,2.6358646676943094
2022-06-07,0.0008148026055211643,0.0,0.0008148026055211643,0.0,2.638012377093348
2022-06-08,-0.00011564969053616536,0.0,-0.00011564969053616536,0.0,2.6377072917783067
2022-06-09,-0.0003979070607446067,0.0,-0.0003979070607446067,0.0,2.6366577294227307
2022-06-10,0.0016765354583240522,0.0,0.0016765354583240522,0.0,2.641078179597572
2022-06-13,-0.0033015360287614315,0.0,-0.0033015360287614315,0.0,2.632358564832855
2022-06-14,-0.0010004012020977393,0.0,-0.0010004012020977393,0.0,2.629725150160244
2022-06-15,0.0016313674235141629,0.0,0.0016313674235141629,0.0,2.6340151981030115
2022-06-16,0.0014053976993245731,0.0,0.0014053976993245731,0.0,2.6377170370024117
2022-06-17,-0.001027852038964383,0.0,-0.001027852038964383,0.0,2.6350058541677175
2022-06-21,-0.00046709827588249653,0.0,-0.00046709827588249653,0.0,2.6337750474762953
2022-06-22,0.0004981485204260117,0.0,0.0004981485204260117,0.0,2.6350870586193307
2022-06-23,-0.000766157161521383,0.0,-0.000766157161521383,0.0,2.633068167798137
2022-06-24,-0.0001248077751894311,0.0,-0.0001248077751894311,0.0,2.632739540418192
2022-06-27,-0.00013963375675898893,0.0,-0.00013963375675898893,0.0,2.6323719211055954
2022-06-28,-0.00020600264078546315,0.0,-0.00020600264078546315,0.0,2.631829645538318
2022-06-29,-9.579473806554939e-05,0.0,-9.579473806554939e-05,0.0,2.6315775301067905
2022-06-30,-0.0007596309117902655,0.0,-0.0007596309117902655,0.0,2.6295785024681484
2022-07-01,-0.00010388177020423384,0.0,-0.00010388177020423384,0.0,2.6293053371984207
2022-07-05,-0.002651205418900515,0.0,-0.002651205418900515,0.0,2.6223345086404963
2022-07-06,-0.0019802736042121155,0.0,-0.0019802736042121155,0.0,2.617141568831621
2022-07-07,6.93816595453145e-05,0.0,6.93816595453145e-05,0.0,2.6173231504569316
2022-07-08,0.0,2.5e-05,-2.5e-05,0.125,2.61725771737817
2022-07-11,0.0,0.0,0.0,0.0,2.61725771737817
2022-07-12,0.0,0.0,0.0,0.0,2.61725771737817
2022-07-13,0.0,0.0,0.0,0.0,2.61725771737817
2022-07-14,0.0,0.0,0.0,0.0,2.61725771737817
2022-07-15,0.0,0.0,0.0,0.0,2.61725771737817
2022-07-18,0.0,0.0,0.0,0.0,2.61725771737817
2022-07-19,0.0,0.0,0.0,0.0,2.61725771737817
2022-07-20,0.0,0.0,0.0,0.0,2.61725771737817
2022-07-21,0.0,0.0,0.0,0.0,2.61725771737817
2022-07-22,0.0,0.0,0.0,0.0,2.61725771737817
2022-07-25,0.0,0.0,0.0,0.0,2.61725771737817
2022-07-26,0.0,0.0,0.0,0.0,2.61725771737817
2022-07-27,0.0,0.0,0.0,0.0,2.61725771737817
2022-07-28,0.0,0.0,0.0,0.0,2.61725771737817
2022-07-29,0.0,0.0,0.0,0.0,2.61725771737817
2022-08-01,0.0,0.0,0.0,0.0,2.61725771737817
2022-08-02,0.0,0.0,0.0,0.0,2.61725771737817
2022-08-03,0.0,0.0,0.0,0.0,2.61725771737817
2022-08-04,0.0,0.0,0.0,0.0,2.61725771737817
2022-08-05,0.0,0.0,0.0,0.0,2.61725771737817
2022-08-08,0.0,0.0,0.0,0.0,2.61725771737817
2022-08-09,0.0,0.0,0.0,0.0,2.61725771737817
2022-08-10,0.0,0.0,0.0,0.0,2.61725771737817
2022-08-11,0.0,0.0,0.0,0.0,2.61725771737817
2022-08-12,0.0,0.0,0.0,0.0,2.61725771737817
2022-08-15,0.0,0.0,0.0,0.0,2.61725771737817
2022-08-16,0.0,0.0,0.0,0.0,2.61725771737817
2022-08-17,0.0,0.0,0.0,0.0,2.61725771737817
2022-08-18,0.0,0.0,0.0,0.0,2.61725771737817
2022-08-19,0.0,0.0,0.0,0.0,2.61725771737817
2022-08-22,0.0,0.0,0.0,0.0,2.61725771737817
2022-08-23,0.0,0.0,0.0,0.0,2.61725771737817
2022-08-24,0.0,0.0,0.0,0.0,2.61725771737817
2022-08-25,0.0,0.0,0.0,0.0,2.61725771737817
2022-08-26,0.0,0.0,0.0,0.0,2.61725771737817
2022-08-29,0.0,0.0,0.0,0.0,2.61725771737817
2022-08-30,0.0,0.0,0.0,0.0,2.61725771737817
2022-08-31,0.0,0.0,0.0,0.0,2.61725771737817
2022-09-01,0.0,0.0,0.0,0.0,2.61725771737817
2022-09-02,0.0,0.0,0.0,0.0,2.61725771737817
2022-09-06,0.0,0.0,0.0,0.0,2.61725771737817
2022-09-07,0.0,0.0,0.0,0.0,2.61725771737817
2022-09-08,0.0,0.0,0.0,0.0,2.61725771737817
2022-09-09,0.0,0.0,0.0,0.0,2.61725771737817
2022-09-12,0.0,0.0,0.0,0.0,2.61725771737817
2022-09-13,0.0,0.0,0.0,0.0,2.61725771737817
2022-09-14,0.0,0.0,0.0,0.0,2.61725771737817
2022-09-15,0.0,0.0,0.0,0.0,2.61725771737817
2022-09-16,0.0,0.0,0.0,0.0,2.61725771737817
2022-09-19,0.0,0.0,0.0,0.0,2.61725771737817
2022-09-20,0.0,0.0,0.0,0.0,2.61725771737817
2022-09-21,0.0,0.0,0.0,0.0,2.61725771737817
2022-09-22,0.0,0.0,0.0,0.0,2.61725771737817
2022-09-23,0.0,0.0,0.0,0.0,2.61725771737817
2022-09-26,0.0,0.0,0.0,0.0,2.61725771737817
2022-09-27,0.0,0.0,0.0,0.0,2.61725771737817
2022-09-28,0.0,0.0,0.0,0.0,2.61725771737817
2022-09-29,0.0,0.0,0.0,0.0,2.61725771737817
2022-09-30,0.0,0.0,0.0,0.0,2.61725771737817
2022-10-03,0.0,0.0,0.0,0.0,2.61725771737817
2022-10-04,0.0,0.0,0.0,0.0,2.61725771737817
2022-10-05,0.0,0.0,0.0,0.0,2.61725771737817
2022-10-06,0.0,0.0,0.0,0.0,2.61725771737817
2022-10-07,0.0,0.0,0.0,0.0,2.61725771737817
2022-10-10,0.0,0.0,0.0,0.0,2.61725771737817
2022-10-11,0.0,0.0,0.0,0.0,2.61725771737817
2022-10-12,0.0,0.0,0.0,0.0,2.61725771737817
2022-10-13,0.0,0.0,0.0,0.0,2.61725771737817
2022-10-14,0.0,0.0,0.0,0.0,2.61725771737817
2022-10-17,0.0,0.0,0.0,0.0,2.61725771737817
2022-10-18,0.0,0.0,0.0,0.0,2.61725771737817
2022-10-19,0.0,0.0,0.0,0.0,2.61725771737817
2022-10-20,0.0,0.0,0.0,0.0,2.61725771737817
2022-10-21,0.0,0.0,0.0,0.0,2.61725771737817
2022-10-24,0.0,0.0,0.0,0.0,2.61725771737817
2022-10-25,0.0,0.0,0.0,0.0,2.61725771737817
2022-10-26,0.0,0.0,0.0,0.0,2.61725771737817
2022-10-27,0.0,0.0,0.0,0.0,2.61725771737817
2022-10-28,0.0,0.0,0.0,0.0,2.61725771737817
2022-10-31,0.0,0.0,0.0,0.0,2.61725771737817
2022-11-01,0.0,0.0,0.0,0.0,2.61725771737817
2022-11-02,0.0,0.0,0.0,0.0,2.61725771737817
2022-11-03,0.0,0.0,0.0,0.0,2.61725771737817
2022-11-04,0.0,0.0,0.0,0.0,2.61725771737817
2022-11-07,0.0,0.0,0.0,0.0,2.61725771737817
2022-11-08,0.0,0.0,0.0,0.0,2.61725771737817
2022-11-09,0.0,0.0,0.0,0.0,2.61725771737817
2022-11-10,0.0,0.0,0.0,0.0,2.61725771737817
2022-11-11,0.0,0.0,0.0,0.0,2.61725771737817
2022-11-14,0.0,0.0,0.0,0.0,2.61725771737817
2022-11-15,0.0,0.0,0.0,0.0,2.61725771737817
2022-11-16,0.0,0.0,0.0,0.0,2.61725771737817
2022-11-17,0.0,0.0,0.0,0.0,2.61725771737817
2022-11-18,0.0,0.0,0.0,0.0,2.61725771737817
2022-11-21,0.0,0.0,0.0,0.0,2.61725771737817
2022-11-22,0.0,0.0,0.0,0.0,2.61725771737817
2022-11-23,0.0,0.0,0.0,0.0,2.61725771737817
2022-11-25,0.0,0.0,0.0,0.0,2.61725771737817
2022-11-28,0.0,0.0,0.0,0.0,2.61725771737817
2022-11-29,0.0,0.0,0.0,0.0,2.61725771737817
2022-11-30,0.0,0.0,0.0,0.0,2.61725771737817
2022-12-01,0.0,0.0,0.0,0.0,2.61725771737817
2022-12-02,0.0,0.0,0.0,0.0,2.61725771737817
2022-12-05,0.0,0.0,0.0,0.0,2.61725771737817
2022-12-06,0.0,0.0,0.0,0.0,2.61725771737817
2022-12-07,0.0,0.0,0.0,0.0,2.61725771737817
2022-12-08,0.0,0.0,0.0,0.0,2.61725771737817
2022-12-09,0.0,0.0,0.0,0.0,2.61725771737817
2022-12-12,0.0,0.0,0.0,0.0,2.61725771737817
2022-12-13,0.0,0.0,0.0,0.0,2.61725771737817
2022-12-14,0.0,0.0,0.0,0.0,2.61725771737817
2022-12-15,0.0,0.0,0.0,0.0,2.61725771737817
2022-12-16,0.0,0.0,0.0,0.0,2.61725771737817
2022-12-19,0.0,0.0,0.0,0.0,2.61725771737817
2022-12-20,0.0,0.0,0.0,0.0,2.61725771737817
2022-12-21,0.0,0.0,0.0,0.0,2.61725771737817
2022-12-22,0.0,0.0,0.0,0.0,2.61725771737817
2022-12-23,0.0,0.0,0.0,0.0,2.61725771737817
2022-12-27,0.0,0.0,0.0,0.0,2.61725771737817
2022-12-28,0.0,0.0,0.0,0.0,2.61725771737817
2022-12-29,0.0,0.0,0.0,0.0,2.61725771737817
2022-12-30,0.0,0.0,0.0,0.0,2.61725771737817
2023-01-03,0.0,0.0,0.0,0.0,2.61725771737817
2023-01-04,0.0,0.0,0.0,0.0,2.61725771737817
2023-01-05,0.0,0.0,0.0,0.0,2.61725771737817
2023-01-06,0.003198843751713615,2.5e-05,0.003173843751713615,0.125,2.6255644844310955
2023-01-09,0.000532086748887689,0.0,0.000532086748887689,0.0,2.626961512501611
2023-01-10,0.0003653951551866319,0.0,0.0003653951551866319,0.0,2.627921391511141
2023-01-11,0.0009472415763211728,0.0,0.0009472415763211728,0.0,2.6304106679124843
2023-01-12,0.0018441077578165432,0.0,0.0018441077578165432,0.0,2.6352614286314253
2023-01-13,0.0006591736053887243,0.0,0.0006591736053887243,0.0,2.636998523408478
2023-01-17,0.00038990879520817145,0.0,0.00038990879520817145,0.0,2.638026712325706
2023-01-18,-0.0008006525784776536,2.5e-05,-0.0008256525784776535,0.125,2.6358486187685815
2023-01-19,0.0017885202247159837,0.0,0.0017885202247159837,0.0,2.640562887332539
2023-01-20,0.0006841112475420297,0.0,0.0006841112475420297,0.0,2.642369326103605
2023-01-23,0.0007475310208251151,0.0,0.0007475310208251151,0.0,2.644344579143344
2023-01-24,2.7627209668909525e-05,2.5e-05,2.6272096689095236e-06,0.125,2.6443515263909907
2023-01-25,0.0017482318963843169,0.0,0.0017482318963843169,0.0,2.64897446607468
2023-01-26,0.0009006061104911561,2.5e-05,0.0008756061104911562,0.125,2.65129392430371
2023-01-27,-0.00033013329498189636,0.0,-0.00033013329498189636,0.0,2.650418643904514
2023-01-30,-0.006944761295989282,2.5e-05,-0.006969761295989282,0.125,2.6319458586220597
2023-01-31,0.005777116650694247,0.0,0.005777116650694247,0.0,2.6471509168656304
2023-02-01,0.0075275422483602195,0.0,0.0075275422483602195,0.0,2.667077457230122
2023-02-02,0.0007676412407890271,0.0,0.0007676412407890271,0.0,2.669124815878671
2023-02-03,-0.008670883879377866,0.0,-0.008670883879377866,0.0,2.645981144540621
2023-02-06,-0.005425268389076809,0.0,-0.005425268389076809,0.0,2.631625986679052
2023-02-07,0.004234564047637446,0.0,0.004234564047637446,0.0,2.642769775469071
2023-02-08,-0.0038118329608075735,0.0,-0.0038118329608075735,0.0,2.632695978531112
2023-02-09,-0.003064921275231128,0.0,-0.003064921275231128,0.0,2.6246269726152964
2023-02-10,-0.0009670668408149619,0.0,-0.0009670668408149619,0.0,2.6220887829005717
2023-02-13,0.00461913471122706,0.0,0.00461913471122706,0.0,2.634200564213587
2023-02-14,-9.942023525583155e-06,0.0,-9.942023525583155e-06,0.0,2.6341743749296063
2023-02-15,-0.0011835515227029136,0.0,-0.0011835515227029136,0.0,2.6310566938370936
2023-02-16,-0.0036025202059925543,0.0,-0.0036025202059925543,0.0,2.6215782589344334
2023-02-17,-0.0006482584278375142,0.0,-0.0006482584278375142,0.0,2.6198787987338434
2023-02-21,-0.009611883848987493,0.0,-0.009611883848987493,0.0,2.594696828021989
2023-02-22,-0.0018356922496042122,0.0,-0.0018356922496042122,0.0,2.5899337631647166
2023-02-23,0.002743237131981685,0.0,0.002743237131981685,0.0,2.5970385656332033
2023-02-24,-0.00829413049954554,0.0,-0.00829413049954554,0.0,2.575498388857489
2023-02-27,0.003493124139959891,0.0,0.003493124139959891,0.0,2.5844949244520348
2023-02-28,-0.00167501553119076,0.0,-0.00167501553119076,0.0,2.580165855313294
2023-03-01,0.0037495136451842492,0.0,0.0037495136451842492,0.0,2.5898402223946295
2023-03-02,0.0018966274453997845,0.0,0.0018966274453997845,0.0,2.5947521844396233
2023-03-03,0.008027146388383782,0.0,0.008027146388383782,0.0,2.615580640065699
2023-03-06,-0.0031315741897291333,0.0,-0.0031315741897291333,0.0,2.607389755242114
2023-03-07,-0.009732077777025047,0.0,-0.009732077777025047,0.0,2.5820144353490795
2023-03-08,0.0014045963800029398,0.0,0.0014045963800029398,0.0,2.585641123478086
2023-03-09,-0.008227270860064279,0.0,-0.008227270860064279,0.0,2.5643683536083106
2023-03-10,-0.004702260065587521,0.0,-0.004702260065587521,0.0,2.552310026705682
2023-03-13,-3.5082535619623822e-06,0.0,-3.5082535619623822e-06,0.0,2.5523010725549393
2023-03-14,0.008264395310242437,2.5e-05,0.008239395310242436,0.125,2.5733304900424754
2023-03-15,-0.007225672380751794,0.0,-0.007225672380751794,0.0,2.554736446994029
2023-03-16,0.011300688495313377,0.0,0.011300688495313377,0.0,2.583606727769132
2023-03-17,-0.006871311264281768,2.5e-05,-0.006896311264281768,0.125,2.565789371589944
2023-03-20,0.00716047974563272,0.0,0.00716047974563272,0.0,2.5841616544167736
2023-03-21,0.005833852256047142,0.0,0.005833852256047142,0.0,2.599237271714383
2023-03-22,-0.00985860475011939,0.0,-0.00985860475011939,0.0,2.5736124188007725
2023-03-23,0.0037987927246415365,0.0,0.0037987927246415365,0.0,2.5833890389333596
2023-03-24,0.0035072584920161493,0.0,0.0035072584920161493,0.0,2.59244965207834
2023-03-27,-3.093940322523858e-05,0.0,-3.093940322523858e-05,0.0,2.5923694432332134
2023-03-28,0.0014390051170317802,0.0,0.0014390051170317802,0.0,2.596099876127263
2023-03-29,0.006758977691613058,2.5e-05,0.006733977691613058,0.125,2.6135819547783035
2023-03-30,0.005577344398294576,0.0,0.005577344398294576,0.0,2.62815880145327
2023-03-31,0.005960963140833525,0.0,0.005960963140833525,0.0,2.64382515919699
2023-04-03,0.0023787862906180512,0.0,0.0023787862906180512,0.0,2.650114254240479
2023-04-04,-0.000959852283566362,0.0,-0.000959852283566362,0.0,2.647570536021835
2023-04-05,-0.0047340485259813325,0.0,-0.0047340485259813325,0.0,2.635036808628349
2023-04-06,0.001729163939661063,0.0,0.001729163939661063,0.0,2.6395932192575087
2023-04-10,0.0005096761862744409,0.0,0.0005096761862744409,0.0,2.6409385570628157
2023-04-11,0.00218817471099253,0.0,0.00218817471099253,0.0,2.646717392026666
2023-04-12,-0.002005503856809851,0.0,-0.002005503856809851,0.0,2.6414093900890707
2023-04-13,0.010768974571296247,0.0,0.010768974571296247,0.0,2.669854660643323
2023-04-14,-0.005086225826797061,0.0,-0.005086225826797061,0.0,2.6562751769145647
2023-04-17,0.001918388699212653,0.0,0.001918388699212653,0.0,2.661370945195957
2023-04-18,0.0005704810000409094,0.0,0.0005704810000409094,0.0,2.662889206754252
2023-04-19,-0.0021619212006428884,0.0,-0.0021619212006428884,0.0,2.657132250123207
2023-04-20,-0.0019782056841727708,0.0,-0.0019782056841727708,0.0,2.6518758960024145
2023-04-21,-0.0013894737391483697,0.0,-0.0013894737391483697,0.0,2.6481911840854386
2023-04-24,0.00019945748400113095,0.0,0.00019945748400113095,0.0,2.6487193856361704
2023-04-25,-0.010880677859789925,0.0,-0.010880677859789925,0.0,2.6198995232600826
2023-04-26,-0.0010229925156566844,0.0,-0.0010229925156566844,0.0,2.617219385656015
2023-04-27,0.010820333358002227,0.0,0.010820333358002227,0.0,2.6455385718798388
2023-04-28,0.0025543484493531776,2.5e-05,0.0025293484493531778,0.125,2.6522300607643268
2023-05-01,-0.0014330955618144237,0.0,-0.0014330955618144237,0.0,2.6484291616353346
2023-05-02,-0.002559301371304626,0.0,-0.002559301371304626,0.0,2.641651033250158
2023-05-03,-0.00048393431276756715,0.0,-0.00048393431276756715,0.0,2.64037264767281
2023-05-04,0.0003004526531438234,0.0,0.0003004526531438234,0.0,2.641165954640092
2023-05-05,0.006108385488496015,2.5e-05,0.0060833854884960155,0.125,2.6572331852812594
2023-05-08,-0.0011581761476112534,0.0,-0.0011581761476112534,0.0,2.6541556411874256
2023-05-09,-0.0021699027970934343,0.0,-0.0021699027970934343,0.0,2.6483963814376916
2023-05-10,0.002660151282124462,0.0,0.002660151282124462,0.0,2.655441516467347
2023-05-11,-0.0003151714666315003,0.0,-0.0003151714666315003,0.0,2.6546045970700476
2023-05-12,-0.003567838426042247,0.0,-0.003567838426042247,0.0,2.645133396782673
2023-05-15,0.00334035349910769,0.0,0.00334035349910769,0.0,2.6539690773802223
2023-05-16,-0.004710474458740843,0.0,-0.004710474458740843,0.0,2.6414676238269346
2023-05-17,0.0033925290002013025,0.0,0.0033925290002013025,0.0,2.65042887934386
2023-05-18,0.0001203572426332622,0.0,0.0001203572426332622,0.0,2.650747877655573
2023-05-19,0.0007200899705214203,0.0,0.0007200899705214203,0.0,2.652656654616654
2023-05-22,0.0007928270638146995,0.0,0.0007928270638146995,0.0,2.654759752603442
2023-05-23,-0.006249885039784839,0.0,-0.006249885039784839,0.0,2.638167809341423
2023-05-24,-0.005936031600655103,0.0,-0.005936031600655103,0.0,2.6225075618573412
2023-05-25,0.0021759133832323224,0.0,0.0021759133832323224,0.0,2.6282139111588148
2023-05-26,0.009764709858077342,0.0,0.009764709858077342,0.0,2.6538776574462433
2023-05-30,-7.005212933008931e-05,0.0,-7.005212933008931e-05,0.0,2.6536917476653574
2023-05-31,-0.0025846501335233113,0.0,-0.0025846501335233113,0.0,2.6468328829354246
2023-06-01,0.008192274626082907,0.0,0.008192274626082907,0.0,2.6685164648017787
2023-06-02,0.003307412684842484,0.0,0.003307412684842484,0.0,2.677342350007175
2023-06-05,-0.0003859950132052703,0.0,-0.0003859950132052703,0.0,2.676308909211429
2023-06-06,0.0032701871307861674,0.0,0.0032701871307861674,0.0,2.68506094016434
2023-06-07,-0.007546013889444536,0.0,-0.007546013889444536,0.0,2.664799433015855
2023-06-08,0.007632012715679454,0.0,0.007632012715679454,0.0,2.6851372161733678
2023-06-09,0.0005527770767544543,0.0,0.0005527770767544543,0.0,2.6866214984744086
2023-06-12,0.004296826498539963,0.0,0.004296826498539963,0.0,2.6981654449206003
2023-06-13,0.002063877303107184,0.0,0.002063877303107184,0.0,2.7037341273424
2023-06-14,0.003521961279932151,0.0,0.003521961279932151,0.0,2.7132565742501313
2023-06-15,0.007610000618243407,0.0,0.007610000618243407,0.0,2.7339044584576278
2023-06-16,-0.0025887728089052514,0.0,-0.0025887728089052514,0.0,2.7268270009334277
2023-06-20,-0.005354597903557287,0.0,-0.005354597903557287,0.0,2.712225938790866
2023-06-21,-0.002624940769468162,0.0,-0.002624940769468162,0.0,2.705106506348125
2023-06-22,-0.0020365698665155973,0.0,-0.0020365698665155973,0.0,2.699597367951581
2023-06-23,-0.0043595320926038406,0.0,-0.0043595320926038406,0.0,2.6878283865888872
2023-06-26,-0.0012624612591285167,0.0,-0.0012624612591285167,0.0,2.684435107379633
2023-06-27,0.0049822399905768144,0.0,0.0049822399905768144,0.0,2.697809607323728
2023-06-28,-0.00011677104743691713,0.0,-0.00011677104743691713,0.0,2.6974945812700954
2023-06-29,-0.002987226068748114,0.0,-0.002987226068748114,0.0,2.6894365551366186
2023-06-30,0.00823309524114571,0.0,0.00823309524114571,0.0,2.7115789424400774
2023-07-03,0.0011221468378802696,0.0,0.0011221468378802696,0.0,2.7146217321759996
2023-07-05,-0.003966524407437083,0.0,-0.003966524407437083,0.0,2.7038541188183642
2023-07-06,-0.010800701276022603,2.5e-05,-0.010825701276022604,0.125,2.6745830018340935
2023-07-07,0.0031280816527330946,0.0,0.0031280816527330946,0.0,2.682949315850842
2023-07-10,0.0032055223431793345,0.0,0.0032055223431793345,0.0,2.6915495698284198
2023-07-11,0.006202410732989105,0.0,0.006202410732989105,0.0,2.7082436657686952
2023-07-12,0.012212740654103854,0.0,0.012212740654103854,0.0,2.741318743286848
2023-07-13,0.009155417662533222,0.0,0.009155417662533222,0.0,2.76641666132777
2023-07-14,-0.0038639679103382035,0.0,-0.0038639679103382035,0.0,2.7557273161217744
2023-07-17,0.003090620504584904,0.0,0.003090620504584904,0.0,2.764244223470025
2023-07-18,0.005394180184354891,0.0,0.005394180184354891,0.0,2.7791550548849844
2023-07-19,0.0018980566769921658,0.0,0.0018980566769921658,0.0,2.7844300486933053
2023-07-20,-0.008515829179976245,0.0,-0.008515829179976245,0.0,2.7607183180350403
2023-07-21,-0.0010501580766133362,0.0,-0.0010501580766133362,0.0,2.7578191273961012
2023-07-24,0.001477812819796226,0.0,0.001477812819796226,0.0,2.7618946678572467
2023-07-25,0.0019207490431686625,2.5e-05,0.0018957490431686624,0.125,2.7671305270311697
2023-07-26,0.0029558505217704284,0.0,0.0029558505217704284,0.0,2.7753097512433014
2023-07-27,-0.009243388605674002,2.5e-05,-0.009268388605674003,0.125,2.749587101967662
2023-07-28,0.00993207136663149,0.0,0.00993207136663149,0.0,2.7768961972931745
2023-07-31,0.0029956648866626967,0.0,0.0029956648866626967,0.0,2.785214847725313
2023-08-01,-0.005861368905563033,0.0,-0.005861368905563033,0.0,2.7688896760215433
2023-08-02,-0.012813803113925118,0.0,-0.012813803113925118,0.0,2.7334096688688234
2023-08-03,-0.002163345739971234,0.0,-0.002163345739971234,0.0,2.72749635870608
2023-08-04,-0.001770570788076825,0.0,-0.001770570788076825,0.0,2.722667133328769
2023-08-07,0.004386097978067036,0.0,0.004386097978067036,0.0,2.7346090181372116
2023-08-08,-0.00625566029475047,0.0,-0.00625566029475047,0.0,2.717502233080784
2023-08-09,-0.0035192921305318287,0.0,-0.0035192921305318287,0.0,2.7079385488572
2023-08-10,-0.0001682704017885034,0.0,-0.0001682704017885034,0.0,2.7074828829495656
2023-08-11,-0.0031778919714323534,0.0,-0.0031778919714323534,0.0,2.6988787948330497
2023-08-14,-0.0004831683042572782,0.0,-0.0004831683042572782,0.0,2.6975747821423544
2023-08-15,-0.009148887712202652,0.0,-0.009148887712202652,0.0,2.6728949733652643
2023-08-16,-0.008179803997757362,0.0,-0.008179803997757362,0.0,2.6510312163765453
2023-08-17,-0.00558504996206613,0.0,-0.00558504996206613,0.0,2.6362250745820854
2023-08-18,0.00015436715527589184,0.0,0.00015436715527589184,0.0,2.636632021147516
2023-08-21,0.0025950267793987958,0.0,0.0025950267793987958,0.0,2.643474151849814
2023-08-22,-0.000814746291451604,0.0,-0.000814746291451604,0.0,2.6413203910880463
2023-08-23,0.011279963575098473,0.0,0.011279963575098473,0.0,2.671114388889684
2023-08-24,-0.008833583610120432,0.0,-0.008833583610120432,0.0,2.6475188766032316
2023-08-25,0.0032841531655326966,0.0,0.0032841531655326966,0.0,2.6562137341026357
2023-08-28,0.00691814156959375,0.0,0.00691814156959375,0.0,2.6745897967542573
2023-08-29,0.01215723118934578,0.0,0.01215723118934578,0.0,2.7071054032500643
2023-08-30,0.0019716808599706953,0.0,0.0019716808599706953,0.0,2.712442951159576
2023-08-31,-0.0031850021487293267,0.0,-0.0031850021487293267,0.0,2.703803814531827
2023-09-01,0.0032584205037982233,0.0,0.0032584205037982233,0.0,2.7126139443193455
2023-09-05,-0.007582136365188702,0.0,-0.007582136365188702,0.0,2.692046535487404
2023-09-06,-0.0042010494788896485,0.0,-0.0042010494788896485,0.0,2.680737114792348
2023-09-07,-0.0034472526879687354,0.0,-0.0034472526879687354,0.0,2.6714959365676427
2023-09-08,-0.00027977562863501504,0.0,-0.00027977562863501504,0.0,2.6707485171125938
2023-09-11,0.005687243012319543,0.0,0.005687243012319543,0.0,2.6859377129542055
2023-09-12,-0.0037921298553154625,0.0,-0.0037921298553154625,0.0,2.675752288363394
2023-09-13,-0.002400423090355333,0.0,-0.002400423090355333,0.0,2.6693293507863354
2023-09-14,0.008667879096118575,0.0,0.008667879096118575,0.0,2.6924667748666717
2023-09-15,-0.0053566086008808855,0.0,-0.0053566086008808855,0.0,2.678044284182835
2023-09-18,-0.0016039528432833378,0.0,-0.0016039528432833378,0.0,2.6737488274387813
2023-09-19,-0.0023313573987893133,0.0,-0.0023313573987893133,0.0,2.6675153633274276
2023-09-20,-0.004816888517578624,0.0,-0.004816888517578624,0.0,2.654666239203351
2023-09-21,-0.015698559985405536,0.0,-0.015698559985405536,0.0,2.612991802005986
2023-09-22,0.0004958836113617415,0.0,0.0004958836113617415,0.0,2.6142875418172236
2023-09-25,-0.00018522264549467038,0.0,-0.00018522264549467038,0.0,2.6138033165626444
2023-09-26,-0.011976497803828215,0.0,-0.011976497803828215,0.0,2.5824991068821928
2023-09-27,-7.24172711521337e-05,2.5e-05,-9.74172711521337e-05,0.125,2.5822475268664475
2023-09-28,0.0036265350342757213,0.0,0.0036265350342757213,0.0,2.5916121379898005
2023-09-29,-0.002351103481657499,0.0,-0.002351103481657499,0.0,2.585518989669067
2023-10-02,-0.0033525398939131534,2.5e-05,-0.0033775398939131533,0.125,2.5767862961349897
2023-10-03,-0.009190752113061293,0.0,-0.009190752113061293,0.0,2.5531036920388797
2023-10-04,0.00252445898184768,0.0,0.00252445898184768,0.0,2.5595488975858354
2023-10-05,0.0012483261417810532,0.0,0.0012483261417810532,0.0,2.5627440493858584
2023-10-06,0.006165558564799195,2.5e-05,0.006140558564799195,0.125,2.5784807293077026
2023-10-09,0.0019778330554035273,0.0,0.0019778330554035273,0.0,2.583580533726848
2023-10-10,0.004475492193299124,0.0,0.004475492193299124,0.0,2.5951433282363023
2023-10-11,0.0017134621867095912,0.0,0.0017134621867095912,0.0,2.599590008198327
2023-10-12,-0.005062244544764796,0.0,-0.005062244544764796,0.0,2.5864302478607
2023-10-13,-0.004393177270432411,0.0,-0.004393177270432411,0.0,2.5750676012842395
2023-10-16,0.004747328131046613,2.5e-05,0.004722328131046613,0.125,2.587227915457131
2023-10-17,0.0009792014466901422,0.0,0.0009792014466901422,0.0,2.5897613327748634
2023-10-18,-0.0033053912424484966,2.5e-05,-0.0033303912424484964,0.125,2.5811364143121582
2023-10-19,-0.0022678571177669887,0.0,-0.0022678571177669887,0.0,2.5752827657230326
2023-10-20,-0.0034007562643807027,0.0,-0.0034007562643807027,0.0,2.566524856724948
2023-10-23,0.00016052777731277723,0.0,0.00016052777731277723,0.0,2.5669368552556158
2023-10-24,0.0021584558686076893,0.0,0.0021584558686076893,0.0,2.5724774751751873
2023-10-25,-0.00485350666797614,0.0,-0.00485350666797614,0.0,2.559991938596206
2023-10-26,-0.00388021528455125,0.0,-0.00388021528455125,0.0,2.550058618747737
2023-10-27,3.354497695025327e-05,0.0,3.354497695025327e-05,0.0,2.5501441604053245
2023-10-30,0.0029026499773636416,0.0,0.0029026499773636416,0.0,2.557546336294799
2023-10-31,0.001382810048694727,0.0,0.001382810048694727,0.0,2.56108293706863
2023-11-01,0.0035026889751847146,0.0,0.0035026889751847146,0.0,2.5700536140368344
2023-11-02,0.004664709347006218,0.0,0.004664709347006218,0.0,2.5820421671525393
2023-11-03,0.0026090225421082636,0.0,0.0026090225421082636,0.0,2.5887787733713146
2023-11-06,0.0007974622034031265,0.0,0.0007974622034031265,0.0,2.5908432265960504
2023-11-07,0.0015373530693418014,0.0,0.0015373530693418014,0.0,2.5948262673826417
2023-11-08,0.00017204076610491392,0.0,0.00017204076610491392,0.0,2.5952726832815913
2023-11-09,-0.0019368054917772715,0.0,-0.0019368054917772715,0.0,2.590246144895952
2023-11-10,0.004760902805269335,0.0,0.004760902805269335,0.0,2.602578055033525
2023-11-13,-0.0005089492985195787,0.0,-0.0005089492985195787,0.0,2.6012534747580736
2023-11-14,0.005115873151285061,0.0,0.005115873151285061,0.0,2.614561157569275
2023-11-15,0.000358701840460357,0.0,0.000358701840460357,0.0,2.6154990054684912
2023-11-16,0.00025987737363841745,0.0,0.00025987737363841745,0.0,2.616178714480786
2023-11-17,0.00018463289279144202,0.0,0.00018463289279144202,0.0,2.6166617471249003
2023-11-20,0.002484052315950669,0.0,0.002484052315950669,0.0,2.6231616717979054
2023-11-21,-0.0009986169973254244,0.0,-0.0009986169973254244,0.0,2.6205421379657157
2023-11-22,0.0009942333585162,0.0,0.0009942333585162,0.0,2.6231475683766785
2023-11-24,-9.93535120813599e-05,0.0,-9.93535120813599e-05,0.0,2.6228869494530525
2023-11-27,-0.0003342163657233943,0.0,-0.0003342163657233943,0.0,2.622010337709103
2023-11-28,0.00045138570938013656,0.0,0.00045138570938013656,0.0,2.623193875705392
2023-11-29,-0.00020964909925214048,0.0,-0.00020964909925214048,0.0,2.6226439254721865
2023-11-30,0.00017790059869028652,0.0,0.00017790059869028652,0.0,2.6231104953966797
2023-12-01,0.001096325784084251,0.0,0.001096325784084251,0.0,2.625986279067285
2023-12-04,-0.001816590285011771,0.0,-0.001816590285011771,0.0,2.621215937904157
2023-12-05,0.0002892188907543808,0.0,0.0002892188907543808,0.0,2.621974043070145
2023-12-06,-0.0007658353804045198,2.5e-05,-0.0007908353804045198,0.125,2.619900493230383
2023-12-07,0.002906620561356932,0.0,0.002906620561356932,0.0,2.6275155498727156
2023-12-08,-0.0005730780335650443,0.0,-0.0005730780335650443,0.0,2.626009778428233
2023-12-11,0.00017362628611175546,0.0,0.00017362628611175546,0.0,2.6264657227533545
2023-12-12,0.001498359177198455,0.0,0.001498359177198455,0.0,2.630401111772639
2023-12-13,0.006133713517611106,0.0,0.006133713517611106,0.0,2.6465352386286582
2023-12-14,0.0010256435168676664,0.0,0.0010256435168676664,0.0,2.6492496403383194
2023-12-15,-0.0007473925221900823,0.0,-0.0007473925221900823,0.0,2.6472696109677156
2023-12-18,0.0020586621809442485,0.0,0.0020586621809442485,0.0,2.652719444798578
2023-12-19,0.0022505413878398384,0.0,0.0022505413878398384,0.0,2.6586894996994244
2023-12-20,-0.004270374071290939,0.0,-0.004270374071290939,0.0,2.6473359009962945
2023-12-21,0.00352348411620651,0.0,0.00352348411620651,0.0,2.6566637469937184
2023-12-22,0.0009925065994197957,0.0,0.0009925065994197957,0.0,2.659300503295049
2023-12-26,0.0022456406663358963,0.0,0.0022456406663358963,0.0,2.665272336649256
2023-12-27,0.0010477055949233705,0.0,0.0010477055949233705,0.0,2.668064757388358
2023-12-28,-0.0007404777767188175,0.0,-0.0007404777767188175,0.0,2.666089114728665
2023-12-29,-0.0009658276030796165,2.5e-05,-0.0009908276030796165,0.125,2.6634474800415218
2024-01-02,-0.004502556477306768,0.0,-0.004502556477306768,0.0,2.6514551573382943
2024-01-03,-0.010645625309907092,5e-05,-0.010695625309907092,0.25,2.6230961864493834
2024-01-04,-0.0011075498524860256,0.0,-0.0011075498524860256,0.0,2.6201909766550244
2024-01-05,-0.00026073039403118337,0.0,-0.00026073039403118337,0.0,2.6195078132292444
2024-01-08,0.009111603376567093,2.5e-05,0.009086603376567092,0.125,2.643310241769877
2024-01-09,-0.004747716011104991,0.0,-0.004747716011104991,0.0,2.6307605554127083
2024-01-10,0.002000964881493539,0.0,0.002000964881493539,0.0,2.6360246148957076
2024-01-11,-0.0011902270217182265,0.0,-0.0011902270217182265,0.0,2.632887147169144
2024-01-12,0.002885661683739757,0.0,0.002885661683739757,0.0,2.640484768727341
2024-01-16,-0.009249379010208308,0.0,-0.009249379010208308,0.0,2.6160619243306997
2024-01-17,-0.009001073741293844,0.0,-0.009001073741293844,0.0,2.592514558038008
2024-01-18,0.006115982764897485,0.0,0.006115982764897485,0.0,2.608370332392714
2024-01-19,0.008711116626901577,0.0,0.008711116626901577,0.0,2.631092150564337
2024-01-22,0.002653343595157176,0.0,0.002653343595157176,0.0,2.6380733420703057
2024-01-23,0.0008798448219389104,0.0,0.0008798448219389104,0.0,2.6403944372402215
2024-01-24,-0.0006678555226277694,0.0,-0.0006678555226277694,0.0,2.638631035233395
2024-01-25,0.00448284220819381,0.0,0.00448284220819381,0.0,2.650459601809989
2024-01-26,-0.0006876301784267264,0.0,-0.0006876301784267264,0.0,2.6486370658010836
2024-01-29,0.006961228916918111,0.0,0.006961228916918111,0.0,2.6670748347339592
2024-01-30,-0.004152911935260642,0.0,-0.004152911935260642,0.0,2.6559987078205594
2024-01-31,-0.00891236957827174,2.5e-05,-0.00893736957827174,0.125,2.632261065769355
2024-02-01,0.013221891202599118,0.0,0.013221891202599118,0.0,2.6670645351977953
2024-02-02,-0.004069227661809158,0.0,-0.004069227661809158,0.0,2.656211642415338
2024-02-05,-0.008546512401957515,0.0,-0.008546512401957515,0.0,2.633510296671212
2024-02-06,0.00840523827435001,0.0,0.00840523827435001,0.0,2.6556455782126878
2024-02-07,0.0013124309460542938,0.0,0.0013124309460542938,0.0,2.6591309296512864
2024-02-08,0.0014497127306803553,0.0,0.0014497127306803553,0.0,2.6629859056125476
2024-02-09,0.004413797944184908,0.0,0.004413797944184908,0.0,2.6747397873281336
2024-02-12,0.002770511390828914,0.0,0.002770511390828914,0.0,2.6821501843764297
2024-02-13,-0.019528914563431185,0.0,-0.019528914563431185,0.0,2.6297707025794512
2024-02-14,0.010131363702401197,0.0,0.010131363702401197,0.0,2.656413866021203
2024-02-15,0.010978642744570805,0.0,0.010978642744570805,0.0,2.6855776848379738
2024-02-16,-0.004218811346429055,0.0,-0.004218811346429055,0.0,2.6742477392294624
2024-02-20,-0.002014751328006076,0.0,-0.002014751328006076,0.0,2.6688597950454325
2024-02-21,-0.000845996703239732,0.0,-0.000845996703239732,0.0,2.666601948457415
2024-02-22,0.01077428576329384,0.0,0.01077428576329384,0.0,2.695332679867051
2024-02-23,0.0024210959809685684,0.0,0.0024210959809685684,0.0,2.7018583389856503
2024-02-26,-0.0024894547804932277,0.0,-0.0024894547804932277,0.0,2.695132184827447
2024-02-27,0.0020256951949947644,0.0,0.0020256951949947644,0.0,2.7005917011441283
2024-02-28,-0.0019369542530891237,0.0,-0.0019369542530891237,0.0,2.69536077856274
2024-02-29,0.0053656003372830885,0.0,0.0053656003372830885,0.0,2.709823007265296
2024-03-01,0.01175919011332785,0.0,0.01175919011332785,0.0,2.7416883311811984
2024-03-04,0.0013948024441332585,0.0,0.0013948024441332585,0.0,2.7455124447665815
2024-03-05,-0.0050127624988063335,0.0,-0.0050127624988063335,0.0,2.7317498429434495
2024-03-06,0.008026504750918984,0.0,0.008026504750918984,0.0,2.7536762460361572
2024-03-07,0.006992900203758465,0.0,0.006992900203758465,0.0,2.7729324292181485
2024-03-08,-0.0008880410086302276,0.0,-0.0008880410086302276,0.0,2.770469951506842
2024-03-11,-0.0024312986448327967,0.0,-0.0024312986448327967,0.0,2.7637341116681933
2024-03-12,0.0026555850852928303,0.0,0.0026555850852928303,0.0,2.771073442754854
2024-03-13,-0.0014072396771910023,0.0,-0.0014072396771910023,0.0,2.767173878257799
2024-03-14,-0.008663927904904126,0.0,-0.008663927904904126,0.0,2.7431992832762395
2024-03-15,-0.0035411383873978353,0.0,-0.0035411383873978353,0.0,2.733485234989948
2024-03-18,0.0012840102859432156,0.0,0.0012840102859432156,0.0,2.7369950581481493
2024-03-19,0.0013068135770549355,0.0,0.0013068135770549355,0.0,2.740571800450469
2024-03-20,0.010126311750265155,0.0,0.010126311750265155,0.0,2.768323684875816
2024-03-21,0.0035732450391914305,0.0,0.0035732450391914305,0.0,2.7782155837496747
2024-03-22,-0.004347350557172114,0.0,-0.004347350557172114,0.0,2.7661377066837165
2024-03-25,-0.0016819465375338405,0.0,-0.0016819465375338405,0.0,2.761485210945618
2024-03-26,-0.0005646085066782908,0.0,-0.0005646085066782908,0.0,2.7599260529044516
2024-03-27,0.010538140013112374,0.0,0.010538140013112374,0.0,2.7890105400757954
2024-03-28,0.002711108084058514,0.0,0.002711108084058514,0.0,2.796571849097519
2024-04-01,-0.004598910619233856,0.0,-0.004598910619233856,0.0,2.783710665123254
2024-04-02,-0.005072339543417376,0.0,-0.005072339543417376,0.0,2.7695907394391166
2024-04-03,0.0032277619254489492,0.0,0.0032277619254489492,0.0,2.7785303189769546
2024-04-04,-0.0068359075795003665,0.0,-0.0068359075795003665,0.0,2.7595365425095886
2024-04-05,0.004909319088307926,0.0,0.004909319088307926,0.0,2.7730839879326137
2024-04-08,0.0043322113737667145,0.0,0.0043322113737667145,0.0,2.7850975739255457
2024-04-09,0.0054415812929623775,0.0,0.0054415812929623775,0.0,2.8002529087828942
2024-04-10,-0.018085721624724757,0.0,-0.018085721624724757,0.0,2.749608314195821
2024-04-11,0.007164498716201229,0.0,0.007164498716201229,0.0,2.769307879432933
2024-04-12,-0.013295818639206508,0.0,-0.013295818639206508,0.0,2.732487664111867
2024-04-15,-0.008351949903705663,0.0,-0.008351949903705663,0.0,2.709666064028711
2024-04-16,-0.005990314052312956,0.0,-0.005990314052312956,0.0,2.6934343133282845
2024-04-17,-0.004046715921114677,0.0,-0.004046715921114677,0.0,2.6825347498100625
2024-04-18,-0.0011016832541234922,0.0,-0.0011016832541234922,0.0,2.679579446197592
2024-04-19,-0.002489146069434442,0.0,-0.002489146069434442,0.0,2.672909581551352
2024-04-22,0.004430721126804399,0.0,0.004430721126804399,0.0,2.68475249850437
2024-04-23,0.00871240976823219,0.0,0.00871240976823219,0.0,2.7081431623976253
2024-04-24,-0.0008884840586341203,0.0,-0.0008884840586341203,0.0,2.705737020369336
2024-04-25,-0.0029843346760623918,0.0,-0.0029843346760623918,0.0,2.697662195555142
2024-04-26,0.007877480523579006,0.0,0.007877480523579006,0.0,2.7189129769598233
2024-04-29,0.005727031861165965,0.0,0.005727031861165965,0.0,2.73448427820661
2024-04-30,-0.015874971854896017,0.0,-0.015874971854896017,0.0,2.691074417252424
2024-05-01,0.0009000941105597599,0.0,0.0009000941105597599,0.0,2.693496637486471
2024-05-02,0.01188715629511429,0.0,0.01188715629511429,0.0,2.7255146529966376
2024-05-03,0.009677027613929648,0.0,0.009677027613929648,0.0,2.751889533555856
2024-05-06,0.007158305033586582,0.0,0.007158305033586582,0.0,2.7715883982557834
2024-05-07,0.0014337517620875845,0.0,0.0014337517620875845,0.0,2.775562168005564
2024-05-08,-0.003074443746331479,0.0,-0.003074443746331479,0.0,2.767028858255585
2024-05-09,0.00875637493826173,0.0,0.00875637493826173,0.0,2.7912580004034613
2024-05-10,-2.152958361473223e-05,0.0,-2.152958361473223e-05,0.0,2.791197905780951
2024-05-13,0.0008353717659547732,0.0,0.0008353717659547732,0.0,2.7935295937046325
2024-05-14,0.0070021755898884985,0.0,0.0070021755898884985,0.0,2.8130903784353025
2024-05-15,0.012765577607221662,0.0,0.012765577607221662,0.0,2.8490011019773473
2024-05-16,-0.0025232296022098255,0.0,-0.0025232296022098255,0.0,2.8418124180601096
2024-05-17,0.002389118757325878,0.0,0.002389118757325878,0.0,2.8486018454128987
2024-05-20,0.0003245566419216306,0.0,0.0003245566419216306,0.0,2.8495263780620177
2024-05-21,-0.00012460316161513885,0.0,-0.00012460316161513885,0.0,2.8491713180662055
2024-05-22,-0.006446982890002451,2.5e-05,-0.0064719828900024505,0.125,2.830731530044995
2024-05-23,-0.010270816766538668,0.0,-0.010270816766538668,0.0,2.8016576051846394
2024-05-24,0.004976756733614807,0.0,0.004976756733614807,0.0,2.815600773536525
2024-05-28,0.0006581099370799315,0.0,0.0006581099370799315,0.0,2.8174537483844393
2024-05-29,-0.00981682020065236,0.0,-0.00981682020065236,0.0,2.7897953115128953
2024-05-30,0.0017835694529655527,0.0,0.0017835694529655527,0.0,2.794771105210536
2024-05-31,0.0035497521040419866,0.0,0.0035497521040419866,0.0,2.804691849821573
2024-06-03,0.002568056754111883,0.0,0.002568056754111883,0.0,2.8118944576697102
2024-06-04,-0.0031898073804722538,0.0,-0.0031898073804722538,0.0,2.8029250559755265
2024-06-05,0.01013687305781133,0.0,0.01013687305781133,0.0,2.8313379514585093
2024-06-06,0.001269594865588003,0.0,0.001269594865588003,0.0,2.834932603584426
2024-06-07,-0.010134733850103522,0.0,-0.010134733850103522,0.0,2.8062013161641164
2024-06-10,0.003538758003921394,0.0,0.003538758003921394,0.0,2.816131783532307
2024-06-11,-0.0011987511475092388,0.0,-0.0011987511475092388,0.0,2.8127559423252606
2024-06-12,0.00875805115324818,0.0,0.00875805115324818,0.0,2.8373902027497477
2024-06-13,-0.0027543393575417685,0.0,-0.0027543393575417685,0.0,2.8295750672416107
2024-06-14,-0.0009067400096468559,0.0,-0.0009067400096468559,0.0,2.8270093783178436
2024-06-17,0.0037335793847133036,0.0,0.0037335793847133036,0.0,2.8375642422531224
2024-06-18,0.0032114612853498536,0.0,0.0032114612853498536,0.0,2.8466769699618113
2024-06-20,-0.0007533258379293639,0.0,-0.0007533258379293639,0.0,2.8445324946481008
2024-06-21,-0.0031580408737538895,0.0,-0.0031580408737538895,0.0,2.835549344763281
2024-06-24,0.0011699483116755366,0.0,0.0011699483116755366,0.0,2.8388667909318595
2024-06-25,-0.0006464282740810262,0.0,-0.0006464282740810262,0.0,2.8370316671718516
2024-06-26,-0.0026433373233267915,0.0,-0.0026433373233267915,0.0,2.8295324354785563
2024-06-27,0.005101317930878396,2.5e-05,0.005076317930878396,0.125,2.843896041716778
2024-06-28,-0.001565023571476698,0.0,-0.001565023571476698,0.0,2.839445277376662
2024-07-01,-0.0025508416996080224,0.0,-0.0025508416996080224,0.0,2.8322023019593745
2024-07-02,0.004820676656013975,0.0,0.004820676656013975,0.0,2.845855433481539
2024-07-03,0.007769132703806719,0.0,0.007769132703806719,0.0,2.8679652620001064
2024-07-05,0.0058460118869099464,0.0,0.0058460118869099464,0.0,2.8847314210130035
2024-07-08,-0.0001526125709826187,0.0,-0.0001526125709826187,0.0,2.884291174734248
2024-07-09,-0.0006709312417605973,0.0,-0.0006709312417605973,0.0,2.8823560136747846
2024-07-10,0.008015222785471954,0.0,0.008015222785471954,0.0,2.905458739271433
2024-07-11,0.008784691406942227,0.0,0.008784691406942227,0.0,2.930982297691536
2024-07-12,0.006228280959860097,0.0,0.006228280959860097,0.0,2.9492372789299353
2024-07-15,0.0004413447241827101,0.0,0.0004413447241827101,0.0,2.950538909243354
2024-07-16,0.01215365567412427,0.0,0.01215365567412427,0.0,2.9863987431994037
2024-07-17,-0.009121874835879062,0.0,-0.009121874835879062,0.0,2.9591571876539122
2024-07-18,-0.009237742201950741,0.0,-0.009237742201950741,0.0,2.931821256419316
2024-07-19,-0.0077591333392216105,0.0,-0.0077591333392216105,0.0,2.9090728643639943
2024-07-22,0.008484372783816738,0.0,0.008484372783816738,0.0,2.9337545230005437
2024-07-23,-0.0009441909738427262,0.0,-0.0009441909738427262,0.0,2.9309844984604565
2024-07-24,-0.017024128024249754,0.0,-0.017024128024249754,0.0,2.8810870431215743
2024-07-25,-0.0031074223986771315,0.0,-0.0031074223986771315,0.0,2.8721342887112398
2024-07-26,0.012105455809748117,0.0,0.012105455809748117,0.0,2.9069027834228964
2024-07-29,-0.000889137165827808,0.0,-0.000889137165827808,0.0,2.9043181481207068
2024-07-30,0.0005472738019203921,0.0,0.0005472738019203921,0.0,2.905907605355615
2024-07-31,0.014060028598292681,0.0,0.014060028598292681,0.0,2.946764749390911
2024-08-01,-0.012452905264971822,0.0,-0.012452905264971822,0.0,2.9100689671285878
2024-08-02,-0.009869115744638376,0.0,-0.009869115744638376,0.0,2.8813491596671157
2024-08-05,-0.02216078715163776,0.0,-0.02216078715163776,0.0,2.8174961942301824
2024-08-06,0.0033050722219650913,0.0,0.0033050722219650913,0.0,2.8268082226372253
2024-08-07,-0.0041261972409376985,0.0,-0.0041261972409376985,0.0,2.81514425434832
2024-08-08,0.017105714309186587,0.0,0.017105714309186587,0.0,2.8632993077023503
2024-08-09,0.0042366462840117,0.0,0.0042366462840117,0.0,2.875430094074341
2024-08-12,0.0011898953464893336,0.0,0.0011898953464893336,0.0,2.878851554962435
2024-08-13,0.012526231844880262,0.0,0.012526231844880262,0.0,2.9149127169868887
2024-08-14,-0.0004600036812791447,0.0,-0.0004600036812791447,0.0,2.9135718464064673
2024-08-15,0.010734668438967435,0.0,0.010734668438967435,0.0,2.9448480741507512
2024-08-16,0.006083882794896023,0.0,0.006083882794896023,0.0,2.96276418468266
2024-08-19,0.008512889286646716,0.0,0.008512889286646716,0.0,2.987985868169305
2024-08-20,-0.0019720487851844354,0.0,-0.0019720487851844354,0.0,2.9820934142678337
2024-08-21,0.00486092839800098,0.0,0.00486092839800098,0.0,2.99658915683074
2024-08-22,-0.008717301557861754,0.0,-0.008717301557861754,0.0,2.970466985505628
2024-08-23,0.016065180127660228,0.0,0.016065180127660228,0.0,3.0181880726910433
2024-08-26,-0.0030569073282444847,0.0,-0.0030569073282444847,0.0,3.0089617514536138
2024-08-27,0.0006305912291133253,0.0,0.0006305912291133253,0.0,3.010859176342818
2024-08-28,-0.005721741137416095,0.0,-0.005721741137416095,0.0,2.9936318195345706
2024-08-29,0.0011021457259692835,0.0,0.0011021457259692835,0.0,2.996931238049596
2024-08-30,0.002848377755903006,0.0,0.002848377755903006,0.0,3.005467630324027
2024-09-03,-0.013203780938747994,0.0,-0.013203780938747994,0.0,2.965784094114731
2024-09-04,0.0006702765160859908,0.0,0.0006702765160859908,0.0,2.967771989544797
2024-09-05,0.0007399134919397199,0.0,0.0007399134919397199,0.0,2.969967884080862
2024-09-06,-0.013527823023717564,0.0,-0.013527823023717564,0.0,2.929790684158891
2024-09-09,0.008117064430166826,0.0,0.008117064430166826,0.0,2.9535719839091117
2024-09-10,0.003738026329048655,0.0,0.003738026329048655,0.0,2.964612513749705
2024-09-11,0.00549227997159471,0.0,0.00549227997159471,0.0,2.9808949956825113
2024-09-12,0.008085832991863856,0.0,0.008085832991863856,0.0,3.0049980147838826
2024-09-13,0.008060894889841741,0.0,0.008060894889841741,0.0,3.0292209879252385
2024-09-16,0.00305554001545226,0.0,0.00305554001545226,0.0,3.0384768938694915
2024-09-17,-0.00157036619772577,0.0,-0.00157036619772577,0.0,3.033705372462788
2024-09-18,-0.00438854541912756,0.0,-0.00438854541912756,0.0,3.0203918186474836
2024-09-19,0.014545680534198857,0.0,0.014545680534198857,0.0,3.0643254731296374
2024-09-20,-0.0026704284372086468,0.0,-0.0026704284372086468,0.0,3.0561424112453293
2024-09-23,0.002847552241253215,0.0,0.002847552241253215,0.0,3.06484493641806
2024-09-24,0.00806833680591408,0.0,0.00806833680591408,0.0,3.0895731376229807
2024-09-25,-0.00572541148397461,0.0,-0.00572541148397461,0.0,3.0718840601002544
2024-09-26,0.009230250421509836,0.0,0.009230250421509836,0.0,3.100238319240824
2024-09-27,-0.0012091443818413872,0.0,-0.0012091443818413872,0.0,3.0964896834947444
2024-09-30,-0.0018988711793901936,0.0,-0.0018988711793901936,0.0,3.0906098484774773
2024-10-01,-0.003180712684519374,0.0,-0.003180712684519374,0.0,3.0807795065295247
2024-10-02,0.0007968809495867563,0.0,0.0007968809495867563,0.0,3.0832345210281558
2024-10-03,-0.006213227523838544,0.0,-0.006213227523838544,0.0,3.0640776834396544
2024-10-04,0.003867016308726892,0.0,0.003867016308726892,0.0,3.0759265218127214
2024-10-07,-0.0055780935261595666,0.0,-0.0055780935261595666,0.0,3.0587687159944554
2024-10-08,-0.0006093810334938943,0.0,-0.0006093810334938943,0.0,3.056904760353084
2024-10-09,0.00022001464230694823,0.0,0.00022001464230694823,0.0,3.0575773241604995
2024-10-10,-0.0016440909646411178,0.0,-0.0016440909646411178,0.0,3.0525503889081556
2024-10-11,0.007296386993847173,0.0,0.007296386993847173,0.0,3.0748229778638483
2024-10-14,0.003485759407582542,0.0,0.003485759407582542,0.0,3.085541070985588
2024-10-15,-0.003808283657888961,0.0,-0.003808283657888961,0.0,3.0737904553492084
2024-10-16,0.006431696711358015,0.0,0.006431696711358015,0.0,3.0935601433122817
2024-10-17,-0.0026396814901579607,0.0,-0.0026396814901579607,0.0,3.08539412986329
2024-10-18,0.00547253330529579,0.0,0.00547253330529579,0.0,3.102279051998931
2024-10-21,-0.008939699056818975,0.0,-0.008939699056818975,0.0,3.0745456108837868
2024-10-22,0.00026630069732234973,0.0,0.00026630069732234973,0.0,3.075364364523914
2024-10-23,-0.007129155963434317,0.0,-0.007129155963434317,0.0,3.053439612324835
2024-10-24,0.004104827517806539,0.0,0.004104827517806539,0.0,3.0659734552694666
2024-10-25,-0.0019067626284264422,0.0,-0.0019067626284264422,0.0,3.060127371665211
2024-10-28,0.004058342935311321,0.0,0.004058342935311321,0.0,3.0725464179651616
2024-10-29,0.0008166806282836059,0.0,0.0008166806282836059,0.0,3.075055707104216
2024-10-30,-0.001913936256012494,0.0,-0.001913936256012494,0.0,3.069170246497131
2024-10-31,-0.013109821501783345,0.0,-0.013109821501783345,0.0,3.028933972406969
2024-11-01,-0.0011382357811791366,0.0,-0.0011382357811791366,0.0,3.0254863313807463
2024-11-04,0.004284921561231073,0.0,0.004284921561231073,0.0,3.0384503029952894
2024-11-05,0.011010483641591212,0.0,0.011010483641591212,0.0,3.0719051103522066
2024-11-06,0.0005118621955071262,0.0,0.0005118621955071262,0.0,3.073477502446381
2024-11-07,0.012227121135426067,0.0,0.012227121135426067,0.0,3.1110572841758
2024-11-08,-0.000599082324799341,0.0,-0.000599082324799341,0.0,3.109193504745412
2024-11-11,-0.0031627177576184634,0.0,-0.0031627177576184634,0.0,3.099360003236082
2024-11-12,-0.01218031866736248,0.0,-0.01218031866736248,0.0,3.061608810731789
2024-11-13,-0.004637302154949785,0.0,-0.004637302154949785,0.0,3.0474112055961693
2024-11-14,-0.004518991167637237,0.0,-0.004518991167637237,0.0,3.0336399812739216
2024-11-15,-0.007383195293637318,0.0,-0.007383195293637318,0.0,3.0112420248415903
2024-11-18,0.007239357349170111,0.0,0.007239357349170111,0.0,3.033041481924257
2024-11-19,0.004363269430208538,0.0,0.004363269430208538,0.0,3.0462754591028913
2024-11-20,-0.00020358845766801914,0.0,-0.00020358845766801914,0.0,3.045655272580541
2024-11-21,0.004661993647464502,0.0,0.004661993647464502,0.0,3.059854098113678
2024-11-22,0.0060338193935760565,0.0,0.0060338193935760565,0.0,3.0783167051123894
2024-11-25,0.004547404628713628,0.0,0.004547404628713628,0.0,3.092315056745864
2024-11-26,-0.0005784836350648248,0.0,-0.0005784836350648248,0.0,3.090526203091072
2024-11-27,0.0016074315152977414,0.0,0.0016074315152977414,0.0,3.095494012308774
2024-11-29,0.006033362963640501,0.0,0.006033362963640501,0.0,3.1141702512368084
2024-12-02,-0.00025245209406085656,0.0,-0.00025245209406085656,0.0,3.1133840724356214
2024-12-03,-0.0009389953893000069,0.0,-0.0009389953893000069,0.0,3.1104606191464845
2024-12-04,0.004564249993128516,0.0,0.004564249993128516,0.0,3.12465753900605
2024-12-05,-0.0015394194373555825,0.0,-0.0015394194373555825,0.0,3.1198473804554245
2024-12-06,0.0016363168522870036,0.0,0.0016363168522870036,0.0,3.1249524393006274
2024-12-09,0.0006833787311515682,0.0,0.0006833787311515682,0.0,3.1270879653335055
2024-12-10,-0.0052466782000698264,0.0,-0.0052466782000698264,0.0,3.1106811410760895
2024-12-11,0.004787221275082604,0.0,0.004787221275082604,0.0,3.125572660014647
2024-12-12,-0.008343991363939957,0.0,-0.008343991363939957,0.0,3.099492908732118
2024-12-13,-0.0033058678062362484,0.0,-0.0033058678062362484,0.0,3.089246394909483
2024-12-16,0.0022120063840641996,0.0,0.0022120063840641996,0.0,3.0960798276569705
2024-12-17,-0.0037708747367583423,0.0,-0.0037708747367583423,0.0,3.0844048984518717
2024-12-18,-0.02730078836185537,2.5e-05,-0.027325788361855372,0.125,3.000121102974506
2024-12-19,-0.00288536274237243,0.0,-0.00288536274237243,0.0,2.991464665321378
2024-12-20,0.007330475620682744,0.0,0.007330475620682744,0.0,3.01339352412065
2024-12-23,0.0022890634954314815,2.5e-05,0.0022640634954314816,0.125,3.020216038395981
2024-12-24,0.005663790761558707,0.0,0.005663790761558707,0.0,3.0373219100921593
2024-12-26,0.0019445075395136124,0.0,0.0019445075395136124,0.0,3.0432280054462635
2024-12-27,-0.007472392384268264,0.0,-0.007472392384268264,0.0,3.020487811674775
2024-12-30,-0.006073237378869556,0.0,-0.006073237378869556,0.0,3.002143672194492
2024-12-31,9.407500244058842e-05,0.0,9.407500244058842e-05,0.0,3.0024260988677804
2025-01-02,-3.925380123165345e-05,0.0,-3.925380123165345e-05,0.0,3.0023082422304825
2025-01-03,0.007294955375240567,0.0,0.007294955375240567,0.0,3.024209946880271
2025-01-06,0.0008905663493289362,0.0,0.0008905663493289362,0.0,3.026903206492268
2025-01-07,-0.006017147568103981,0.0,-0.006017147568103981,0.0,3.008689883224437
2025-01-08,3.556667969187299e-05,0.0,3.556667969187299e-05,0.0,3.0087968923338058
2025-01-10,-0.010598814324635275,0.0,-0.010598814324635275,0.0,2.9769072127314202
2025-01-13,-0.0005272872750321927,0.0,-0.0005272872750321927,0.0,2.9753375274391956
2025-01-14,0.004679921045829816,0.0,0.004679921045829816,0.0,2.989261872152305
2025-01-15,0.010894076886999171,0.0,0.010894076886999171,0.0,3.0218271208229073
2025-01-16,0.0024377708296015738,0.0,0.0024377708296015738,0.0,3.029193642830148
2025-01-17,0.004145689790252469,0.0,0.004145689790252469,0.0,3.041751739987927
2025-01-21,0.009892477105933856,0.0,0.009892477105933856,0.0,3.0718421994376923
2025-01-22,3.8859715111111415e-05,0.0,3.8859715111111415e-05,0.0,3.0719615703504286
2025-01-23,0.002553584785856239,0.0,0.002553584785856239,0.0,3.0798060846792104
2025-01-24,0.0006060858977031125,0.0,0.0006060858977031125,0.0,3.0816727117147944
2025-01-27,-0.008507814773463573,0.0,-0.008507814773463573,0.0,3.0554544110910875
2025-01-28,0.0035510035482941155,0.0,0.0035510035482941155,0.0,3.066304340546523
2025-01-29,-0.0031841947229328538,0.0,-0.0031841947229328538,0.0,3.056540630446449
2025-01-30,0.008076034010752492,0.0,0.008076034010752492,0.0,3.081225356533181
2025-01-31,-0.0034140566314341397,0.0,-0.0034140566314341397,0.0,3.070705878671766
2025-02-03,-0.0038064195955276464,0.0,-0.0038064195955276464,0.0,3.0590174836430877
2025-02-04,0.007672125680525971,0.0,0.007672125680525971,0.0,3.0824866502365236
2025-02-05,0.004966290840226928,2.5e-05,0.004941290840226928,0.125,3.097718113286459
2025-02-06,0.0006604810220929846,0.0,0.0006604810220929846,0.0,3.099764097312078
2025-02-07,-0.004354458368927852,0.0,-0.004354458368927852,0.0,3.086266303596835
2025-02-10,0.004988882067833142,0.0,0.004988882067833142,0.0,3.101663322215407
2025-02-11,-0.0008398506300304753,0.0,-0.0008398506300304753,0.0,3.099058388320102
2025-02-12,-0.002505371617485888,0.0,-0.002505371617485888,0.0,3.0912940953930734
2025-02-13,0.007007448461343185,0.0,0.007007448461343185,0.0,3.1129561794453946
2025-02-14,-0.0020045620067855596,0.0,-0.0020045620067855596,0.0,3.10671606575929
2025-02-18,0.003965703080838462,0.0,0.003965703080838462,0.0,3.1190363792325617
2025-02-19,6.431503233110536e-05,0.0,6.431503233110536e-05,0.0,3.119236980158134
2025-02-20,-0.0015868382380640894,0.0,-0.0015868382380640894,0.0,3.114287255644436
2025-02-21,-0.010038282425441816,2.5e-05,-0.010063282425441817,0.125,3.0829473034369315
2025-02-24,-0.00369659782487107,0.0,-0.00369659782487107,0.0,3.0715508871408543
2025-02-25,-0.0026989971331587426,0.0,-0.0026989971331587426,0.0,3.0632607801021097
2025-02-26,0.0014322626058753118,0.0,0.0014322626058753118,0.0,3.0676481739694945
2025-02-27,-0.011213662464727006,0.0,-0.011213662464727006,0.0,3.0332486027860646
2025-02-28,0.0038201708419709213,0.0,0.0038201708419709213,0.0,3.044836130654877
2025-03-03,-0.007209675532945242,0.0,-0.007209675532945242,0.0,3.0228838501018664
2025-03-04,-0.0025761793486437645,0.0,-0.0025761793486437645,0.0,3.0150963591538855
2025-03-05,0.009602150774431079,0.0,0.009602150774431079,0.0,3.044047768993919
2025-03-06,-0.012200492221547302,0.0,-0.012200492221547302,0.0,3.0069088878662904
2025-03-07,0.0034635057668375713,0.0,0.0034635057668375713,0.0,3.0173233341397703
2025-03-10,-0.019545321944708247,2.5e-05,-0.019570321944708247,0.125,2.9582733450793746
2025-03-11,-0.0007324156889897265,0.0,-0.0007324156889897265,0.0,2.956106659269118
2025-03-12,0.004031588144794929,0.0,0.004031588144794929,0.0,2.968024463831377
2025-03-13,-0.007370262203980002,0.0,-0.007370262203980002,0.0,2.9461493453051126
2025-03-14,0.015758920868096243,0.0,0.015758920868096243,0.0,2.9925774797033693
2025-03-17,0.009697788724026574,0.0,0.009697788724026574,0.0,3.0215988638418128
2025-03-18,-0.0044114621085536015,0.0,-0.0044114621085536015,0.0,3.008269194946726
2025-03-19,0.006315991856508996,0.0,0.006315991856508996,0.0,3.0272693986841968
2025-03-20,-0.004027258756440166,0.0,-0.004027258756440166,0.0,3.0150778014902424
2025-03-21,-0.004096201006024286,0.0,-0.004096201006024286,0.0,3.002727436766537
2025-03-24,0.010005478621067584,0.0,0.010005478621067584,0.0,3.0327711619399973
2025-03-25,-0.00020843345154646087,0.0,-0.00020843345154646087,0.0,3.0321390309789638
2025-03-26,-0.005783682177712288,2.5e-05,-0.0058086821777122875,0.125,3.0145262990293706
2025-03-27,0.001202896876680709,0.0,0.001202896876680709,0.0,3.0181524632991446
2025-03-28,-0.008486732523270937,0.0,-0.008486732523270937,0.0,2.9925382106286733
2025-03-31,0.0024791861500690904,0.0,0.0024791861500690904,0.0,2.9999572699140162
2025-04-01,0.0017526229224596457,0.0,0.0017526229224596457,0.0,3.005215063791667
2025-04-02,0.003180021207939754,0.0,0.003180021207939754,0.0,3.0147717114289443
2025-04-03,-0.023141172513493957,0.0,-0.023141172513493957,0.0,2.9450063591659656
2025-04-04,-0.038631207967273595,0.0,-0.038631207967273595,0.0,2.831237206040082
2025-04-07,-0.013554777650635688,0.0,-0.013554777650635688,0.0,2.7928604152360017
2025-04-08,-0.00906900463098706,0.0,-0.00906900463098706,0.0,2.767531951196526
2025-04-09,0.05106518153023146,2.5e-05,0.05104018153023146,0.125,2.9087872843763125
2025-04-10,-0.012360907042074099,0.0,-0.012360907042074099,0.0,2.87283203514897
2025-04-11,0.013972237843684315,0.0,0.013972237843684315,0.0,2.912971927629027
2025-04-14,0.0038298739979242963,0.0,0.0038298739979242963,0.0,2.924128243071337
2025-04-15,0.0014521524511911105,0.0,0.0014521524511911105,0.0,2.92837452306711
2025-04-16,-0.0006472187003433161,2.5e-05,-0.000672218700343316,0.125,2.9264060149510955
2025-04-17,0.001946498735796831,0.0,0.001946498735796831,0.0,2.9321022605596263
2025-04-21,0.0031589735719373263,2.5e-05,0.0031339735719373265,0.125,2.941291391554438
2025-04-22,0.0026925793528884273,0.0,0.0026925793528884273,0.0,2.949211052026166
2025-04-23,-0.0010564744600960602,0.0,-0.0010564744600960602,0.0,2.9460952858722673
2025-04-24,0.0049354588839076174,0.0,0.0049354588839076174,0.0,2.960635618023764
2025-04-25,-0.0010477089919650046,0.0,-0.0010477089919650046,0.0,2.9575337334648286
2025-04-28,0.002842569403150891,0.0,0.002842569403150891,0.0,2.9659407283643624
2025-04-29,-0.0006218426114235343,0.0,-0.0006218426114235343,0.0,2.964096380036509
2025-04-30,-0.0007675729061767805,0.0,-0.0007675729061767805,0.0,2.9618212199638965
2025-05-01,-0.0030233364373977306,0.0,-0.0030233364373977306,0.0,2.9528666379485218
2025-05-02,0.00618696572744723,0.0,0.00618696572744723,0.0,2.971135922635231
2025-05-05,0.0048956895808074385,0.0,0.0048956895808074385,0.0,2.9856816818148393
2025-05-06,0.002847319107903465,0.0,0.002847319107903465,0.0,2.994182870317588
2025-05-07,-0.003734285862691547,0.0,-0.003734285862691547,0.0,2.983001735554648
2025-05-08,-0.0029825833710280664,0.0,-0.0029825833710280664,0.0,2.974104684182435
2025-05-09,0.002361120487788887,0.0,0.002361120487788887,0.0,2.981126903685087
2025-05-12,-0.00018420504007549132,0.0,-0.00018420504007549132,0.0,2.9805777650843233
2025-05-13,0.0009094314554056737,0.0,0.0009094314554056737,0.0,2.983288396259174
2025-05-14,-0.002284599698546219,0.0,-0.002284599698546219,0.0,2.9764727764884036
2025-05-15,0.003306220179373362,0.0,0.003306220179373362,0.0,2.986313650845385
2025-05-16,-0.0013046843978105627,0.0,-0.0013046843978105627,0.0,2.9824174540181585
2025-05-19,0.0030695537493914404,0.0,0.0030695537493914404,0.0,2.9915721446963905
2025-05-20,0.002789086017019604,0.0,0.002789086017019604,0.0,2.999915896734069
2025-05-21,-0.00013611870193620812,0.0,-0.00013611870193620812,0.0,2.9995075520762877
2025-05-22,-0.0015846739492986622,0.0,-0.0015846739492986622,0.0,2.994754310597788
2025-05-23,0.0034247599212932633,0.0,0.0034247599212932633,0.0,3.0050106251348434
2025-05-27,-0.0005987214973173088,0.0,-0.0005987214973173088,0.0,3.003211460673908
2025-05-28,-0.0022938676636093114,0.0,-0.0022938676636093114,0.0,2.9963224910172874
2025-05-29,0.0017556227297984284,0.0,0.0017556227297984284,0.0,3.001582902888323
2025-05-30,-0.002157975489650507,0.0,-0.002157975489650507,0.0,2.9951055605537364
2025-06-02,0.0055659404396682655,0.0,0.0055659404396682655,0.0,3.0117761397142977
2025-06-03,-0.0017540211015984047,0.0,-0.0017540211015984047,0.0,3.0064934208119483
2025-06-04,0.002916805863407229,0.0,0.002916805863407229,0.0,3.015262778450068
2025-06-05,-7.03176094854624e-05,0.0,-7.03176094854624e-05,0.0,3.0150507523795165
2025-06-06,-0.0008287851884601349,0.0,-0.0008287851884601349,0.0,3.012551922973489
2025-06-09,0.0016415442368068606,0.0,0.0016415442368068606,0.0,3.017497160220728
2025-06-10,0.0009170806675933285,0.0,0.0009170806675933285,0.0,3.020264448530884
2025-06-11,0.0009931857954901951,0.0,0.0009931857954901951,0.0,3.0232641322797886
2025-06-12,0.002723301042952958,0.0,0.002723301042952958,0.0,3.0314973906443488
2025-06-13,-0.0019511179501164044,0.0,-0.0019511179501164044,0.0,3.0255825816697315
2025-06-16,0.00021889905572926305,0.0,0.00021889905572926305,0.0,3.02624487883989
2025-06-17,-0.003110145282169949,0.0,-0.003110145282169949,0.0,3.016832817607275
2025-06-18,-0.000484409650750528,0.0,-0.000484409650750528,0.0,3.015371434675725
2025-06-20,-0.0018958923384898019,0.0,-0.0018958923384898019,0.0,3.0096546150750227
2025-06-23,0.0023492986808557326,0.0,0.0023492986808557326,0.0,3.01672519269205
2025-06-24,0.002796474711275851,0.0,0.002796474711275851,0.0,3.0251613884042823
2025-06-25,0.000122051642792248,2.5e-05,9.705164279224801e-05,0.125,3.0254549852867387
2025-06-26,0.00326348007244244,0.0,0.00326348007244244,0.0,3.0353284973412937
2025-06-27,-0.0012000037807317482,0.0,-0.0012000037807317482,0.0,3.0316860916687216
2025-06-30,0.002767561518251249,0.0,0.002767561518251249,0.0,3.0400764694314413
2025-07-01,4.468839695852267e-05,2.5e-05,1.9688396958522668e-05,0.125,3.0401363236637557
2025-07-02,0.0030356014175452473,0.0,0.0030356014175452473,0.0,3.0493649657974
2025-07-03,0.0019568100050140202,0.0,0.0019568100050140202,0.0,3.0553319936714116
2025-07-07,-0.004902826167553331,0.0,-0.004902826167553331,0.0,3.0403522320222764
2025-07-08,0.00039397392169515655,0.0,0.00039397392169515655,0.0,3.0415500515144607
2025-07-09,0.002925516329685074,0.0,0.002925516329685074,0.0,3.0504481558577208
2025-07-10,0.0007040355057841008,0.0,0.0007040355057841008,0.0,3.0525957796679983
2025-07-11,-0.0011305556440313336,0.0,-0.0011305556440313336,0.0,3.0491446502803483
2025-07-14,0.00041627376214875556,0.0,0.00041627376214875556,0.0,3.050413929195256
2025-07-15,-0.001340690460079605,0.0,-0.001340690460079605,0.0,3.04632426834109
2025-07-16,0.0022712588678149292,0.0,0.0022712588678149292,0.0,3.0532432593497996
2025-07-17,0.002545721094413575,0.0,0.002545721094413575,0.0,3.061015965121502
2025-07-18,-0.000518743553423115,0.0,-0.000518743553423115,0.0,3.05942808282267
2025-07-21,0.004286260317727386,0.0,0.004286260317727386,0.0,3.0725415880090137
2025-07-22,0.001321960765572533,0.0,0.001321960765572533,0.0,3.0766033674389517
2025-07-23,0.004454662920238467,0.0,0.004454662920238467,0.0,3.0903085983801626
2025-07-24,-0.0020618494431030032,0.0,-0.0020618494431030032,0.0,3.0839368473175757
2025-07-25,-0.0008562396972994629,0.0,-0.0008562396972994629,0.0,3.081296258164938
2025-07-28,-0.003294121772026898,0.0,-0.003294121772026898,0.0,3.0711460930748515
2025-07-29,-0.0003806545598005612,0.0,-0.0003806545598005612,0.0,3.069977047310709
2025-07-30,-0.003961548526309977,0.0,-0.003961548526309977,0.0,3.0578151842631294
2025-07-31,-0.0023595147079381734,0.0,-0.0023595147079381734,0.0,3.050600224361704
2025-08-01,-0.0032288466924494247,0.0,-0.0032288466924494247,0.0,3.0407503039172883
2025-08-04,0.007892121239717886,0.0,0.007892121239717886,0.0,3.0647482739755123
2025-08-05,-0.0010367001770102552,0.0,-0.0010367001770102552,0.0,3.06157104889739
2025-08-06,0.0025398611545783684,5e-05,0.0024898611545783682,0.25,3.069193935724021
2025-08-07,0.0034957526695734986,0.0,0.0034957526695734986,0.0,3.0799230786182674
2025-08-08,0.0020200294483836145,0.0,0.0020200294483836145,0.0,3.086144613935833
2025-08-11,-0.004149958209802573,0.0,-0.004149958209802573,0.0,3.073337242758592
2025-08-12,0.010255501351955118,0.0,0.010255501351955118,0.0,3.104855857006717
2025-08-13,0.006725882926910676,0.0,0.006725882926910676,0.0,3.1257387540058765
2025-08-14,-0.004900549528274109,0.0,-0.004900549528274109,0.0,3.1104209164294248
2025-08-15,0.00022484632584579556,0.0,0.00022484632584579556,0.0,3.111120283144318
2025-08-18,-0.0002845202524712487,0.0,-0.0002845202524712487,0.0,3.1102351064158893
2025-08-19,-0.0028735487229885476,0.0,-0.0028735487229885476,0.0,3.101297694297654
2025-08-20,0.00038049137588706816,0.0,0.00038049137588706816,0.0,3.1024777113243927
2025-08-21,-0.002636224498938383,0.0,-0.002636224498938383,0.0,3.094298883574389
2025-08-22,0.01687743383442436,0.0,0.01687743383442436,0.0,3.146522708245849
2025-08-25,-0.005611191447951233,0.0,-0.005611191447951233,0.0,3.128866966934556
2025-08-26,0.0021798997057478064,0.0,0.0021798997057478064,0.0,3.1356875831151005
2025-08-27,0.0013483260049322737,0.0,0.0013483260049322737,0.0,3.1399155122267577
2025-08-28,0.0029141369334239747,0.0,0.0029141369334239747,0.0,3.149065655988769
2025-08-29,-0.0021928599336325516,0.0,-0.0021928599336325516,0.0,3.142160196083373
2025-09-02,-0.0030969698561175985,0.0,-0.0030969698561175985,0.0,3.13242902067301
2025-09-03,0.0032557808035654223,0.0,0.0032557808035654223,0.0,3.1426275229470484
2025-09-04,0.004631773296974895,0.0,0.004631773296974895,0.0,3.157183461190173
2025-09-05,0.005583451012861909,0.0,0.005583451012861909,0.0,3.174811440384346
2025-09-08,0.004255282479814201,0.0,0.004255282479814201,0.0,3.1883211598833268
2025-09-09,-0.0003911622286345423,0.0,-0.0003911622286345423,0.0,3.1870740090728242
2025-09-10,0.0012528223653887893,0.0,0.0012528223653887893,0.0,3.1910668466715397
2025-09-11,0.00931505251738425,0.0,0.00931505251738425,0.0,3.2207918019347686
2025-09-12,-0.0016638330884098107,0.0,-0.0016638330884098107,0.0,3.2154329419638303
2025-09-15,0.0051057219696119815,0.0,0.0051057219696119815,0.0,3.2318500485774293
2025-09-16,-0.0003148823887997726,0.0,-0.0003148823887997726,0.0,3.230832395913891
2025-09-17,-0.0014566144468007441,2.5e-05,-0.0014816144468007442,0.125,3.226045547960913
2025-09-18,0.003484176159805244,0.0,0.003484176159805244,0.0,3.237285658949564
2025-09-19,2.5955919819908857e-05,0.0,2.5955919819908857e-05,0.0,3.237369685676562
2025-09-22,0.0048143190324771296,0.0,0.0048143190324771296,0.0,3.2529554161694794
2025-09-23,0.00010349364515688242,0.0,0.00010349364515688242,0.0,3.2532920763830315
2025-09-24,-0.005969973309398274,0.0,-0.005969973309398274,0.0,3.233870009519348
2025-09-25,-0.00378404885164689,0.0,-0.00378404885164689,0.0,3.221632887423451
2025-09-26,0.00487315694151734,0.0,0.00487315694151734,0.0,3.237332410091819
2025-09-29,0.005829010416127878,0.0,0.005829010416127878,0.0,3.2562028544307124
2025-09-30,0.003206341751773187,0.0,0.003206341751773187,0.0,3.2666433535951165
2025-10-01,0.004024509597473747,0.0,0.004024509597473747,0.0,3.279789991123184
2025-10-02,0.0014997041849642984,0.0,0.0014997041849642984,0.0,3.2847087058986753
2025-10-03,0.0030497215154755425,0.0,0.0030497215154755425,0.0,3.294726152711124
2025-10-06,0.002937732336489113,0.0,0.002937732336489113,0.0,3.30440517626982
2025-10-07,-0.0036077033867536606,0.0,-0.0036077033867536606,0.0,3.2924838625241852
2025-10-08,0.006362111606767695,0.0,0.006362111606767695,0.0,3.3134310123210455
2025-10-09,-0.006719679149296262,0.0,-0.006719679149296262,0.0,3.2911658190349202
2025-10-10,-0.01669008317331043,0.0,-0.01669008317331043,0.0,3.236235987778071
2025-10-13,0.01645040376476309,0.0,0.01645040376476309,0.0,3.289473376455077
2025-10-14,0.002817145246889405,0.0,0.002817145246889405,0.0,3.298740300742327
2025-10-15,0.009022643852387255,0.0,0.009022643852387255,0.0,3.328503659637442
2025-10-16,0.0009404707215080743,0.0,0.0009404707215080743,0.0,3.331634019875764
2025-10-17,-0.0008385750182066387,0.0,-0.0008385750182066387,0.0,3.328840194816889
2025-10-20,0.014344700482182504,0.0,0.014344700482182504,0.0,3.3765914103645867
2025-10-21,-0.010702615729942397,0.0,-0.010702615729942397,0.0,3.3404530500224303
2025-10-22,-0.0033758030521833515,0.0,-0.0033758030521833515,0.0,3.3291763384204893
2025-10-23,0.004625842576899297,0.0,0.004625842576899297,0.0,3.3445765840727604
2025-10-24,0.004904683461234807,0.0,0.004904683461234807,0.0,3.360980673529495
2025-10-27,0.003684076718879742,0.0,0.003684076718879742,0.0,3.3733627841814497
2025-10-28,-0.0024963737643804162,0.0,-0.0024963737643804162,0.0,3.364941609829282
2025-10-29,-0.005384494814887716,0.0,-0.005384494814887716,0.0,3.3468230991787564
2025-10-30,-0.0038189842559381293,0.0,-0.0038189842559381293,0.0,3.3340416344555823
2025-10-31,0.0004189181887305632,0.0,0.0004189181887305632,0.0,3.335438325138241
2025-11-03,0.001004956082224298,0.0,0.001004956082224298,0.0,3.3387902941699727
2025-11-04,-0.011452613227499436,0.0,-0.011452613227499436,0.0,3.3005524202831147
2025-11-05,0.005168594149949315,0.0,0.005168594149949315,0.0,3.317611636214191
2025-11-06,-0.006718234709508025,0.0,-0.006718234709508025,0.0,3.295323142567109
2025-11-07,0.002925845524479803,0.0,0.002925845524479803,0.0,3.304964749035504
2025-11-10,0.012800641786195638,0.0,0.012800641786195638,0.0,3.3472704189039115
2025-11-11,0.0035786509360160312,0.0,0.0035786509360160312,0.0,3.359249131321621
2025-11-12,0.0017327484690718709,0.0,0.0017327484690718709,0.0,3.3650698651111495
2025-11-13,-0.014505667738650294,0.0,-0.014505667738650294,0.0,3.3162572797305025
2025-11-14,-0.0025503174028672637,0.0,-0.0025503174028672637,0.0,3.3077997710776206
2025-11-17,-0.009978060450695284,0.0,-0.009978060450695284,0.0,3.274794345003012
2025-11-18,-0.0030612884019563524,0.0,-0.0030612884019563524,0.0,3.264769255055862
2025-11-19,-0.0006387211305804164,0.0,-0.0006387211305804164,0.0,3.2626839779461885
2025-11-20,-0.010691620599254353,0.0,-0.010691620599254353,0.0,3.227800598718722
2025-11-21,0.00984616776076773,0.0,0.00984616776076773,0.0,3.259582064912013
2025-11-24,0.011771834392856922,0.0,0.011771834392856922,0.0,3.2979533251700843
2025-11-25,0.008045339647921465,0.0,0.008045339647921465,0.0,3.3244864798140696
2025-11-26,0.007456782023688269,0.0,0.007456782023688269,0.0,3.349276450834742
2025-11-28,0.004406539839637541,0.0,0.004406539839637541,0.0,3.3640351709493053
2025-12-01,-0.005663057553772138,0.0,-0.005663057553772138,0.0,3.3449844461633056
2025-12-02,0.000257425545566084,0.0,0.000257425545566084,0.0,3.345845530609269
2025-12-03,0.0043303464928916985,0.0,0.0043303464928916985,0.0,3.3603342010685
2025-12-04,0.0004910517226863614,0.0,0.0004910517226863614,0.0,3.361984298966737
2025-12-05,0.00022892196763986405,0.0,0.00022892196763986405,0.0,3.3627539310276306
2025-12-08,-0.002931595656350594,0.0,-0.002931595656350594,0.0,3.3528956962100542
2025-12-09,0.00022292358009022573,0.0,0.00022292358009022573,0.0,3.353643135722322
2025-12-10,0.007294737763925058,0.0,0.007294737763925058,0.0,3.3781070829512037
2025-12-11,0.003225837136550308,0.0,0.003225837136550308,0.0,3.3890043062306314
2025-12-12,-0.008422900563131538,0.0,-0.008422900563131538,0.0,3.3604590599512263
2025-12-15,-0.0007752679926198158,0.0,-0.0007752679926198158,0.0,3.357853803601537
2025-12-16,-0.00225918458932238,0.0,-0.00225918458932238,0.0,3.350267792035243
2025-12-17,-0.005510824799745684,0.0,-0.005510824799745684,0.0,3.3318050532011054
2025-12-18,0.005529154614212828,0.0,0.005529154614212828,0.0,3.35022711848467
2025-12-19,0.00506995293128823,0.0,0.00506995293128823,0.0,3.3672126122845127
2025-12-22,0.007013667429470724,0.0,0.007013667429470724,0.0,3.3908291217113957
2025-12-23,0.0036541475720187344,0.0,0.0036541475720187344,0.0,3.4032197117136276
2025-12-24,0.0025893064976443697,0.0,0.0025893064976443697,0.0,3.412031690626079
2025-12-26,0.0016101360535168419,0.0,0.0016101360535168419,0.0,3.4175255258668975
2025-12-29,-0.007228585751491032,0.0,-0.007228585751491032,0.0,3.3928216495452594
2025-12-30,-0.0006115724857225502,0.0,-0.0006115724857225502,0.0,3.390746693175434
2025-12-31,-0.006647534221929888,0.0,-0.006647534221929888,0.0,3.3682065884946546
2026-01-02,0.006605120612813098,0.0,0.006605120612813098,0.0,3.3904539992605334
2026-01-05,0.010807089708535944,0.0,0.010807089708535944,0.0,3.4270949397832062
2026-01-06,0.006623159269855919,0.0,0.006623159269855919,0.0,3.449793135402308
2026-01-07,-0.003665792697789702,0.0,-0.003665792697789702,0.0,3.4371469089176654
2026-01-08,0.0018776283304096503,0.0,0.0018776283304096503,0.0,3.443600593329629
2026-01-09,0.006711403338873628,0.0,0.006711403338873628,0.0,3.4667119858494484
2026-01-12,0.0055575449623554984,0.0,0.0055575449623554984,0.0,3.4859783935823434
2026-01-13,-0.0014175416854827622,0.0,-0.0014175416854827622,0.0,3.481036873894748
2026-01-14,0.003119667966142131,0.0,0.003119667966142131,0.0,3.4918965531191968
2026-01-15,0.0026501087941347146,0.0,0.0026501087941347146,0.0,3.5011504588828264
2026-01-16,-1.9134691357641787e-05,0.0,-1.9134691357641787e-05,0.0,3.501083465449399
2026-01-20,-0.00903128181032746,0.0,-0.00903128181032746,0.0,3.4694641940314477
2026-01-21,0.012240977223519717,0.0,0.012240977223519717,0.0,3.511933826208404
2026-01-22,0.0055506100952596865,0.0,0.0055506100952596865,0.0,3.53142720155804
2026-01-23,0.0019213666461159323,0.0,0.0019213666461159323,0.0,3.5382123679963002
2026-01-26,0.0038897699408518976,0.0,0.0038897699408518976,0.0,3.551975200109683
2026-01-27,0.008720430437696589,0.0,0.008720430437696589,0.0,3.5829499527586632
2026-01-28,0.002528952074422691,0.0,0.002528952074422691,0.0,3.592011061474245
2026-01-29,0.0013544936118821682,0.0,0.0013544936118821682,0.0,3.596876417510822
2026-01-30,-0.02099670146299422,0.0,-0.02099670146299422,0.0,3.521353877173063
2026-02-02,-0.002760018264715808,0.0,-0.002760018264715808,0.0,3.5116348761555374
2026-02-03,0.006018515223082374,0.0,0.006018515223082374,0.0,3.5327697041155863
2026-02-04,-0.0037419534297918056,0.0,-0.0037419534297918056,0.0,3.5195502444046065
2026-02-05,-0.010115536959876756,0.0,-0.010115536959876756,0.0,3.4839481038251883
2026-02-06,0.02155559833364093,0.0,0.02155559833364093,0.0,3.5590466897664936
2026-02-09,0.008709492528016852,0.0,0.008709492528016852,0.0,3.590044180317878
2026-02-10,0.0011161122473680313,0.0,0.0011161122473680313,0.0,3.594051072596123
2026-02-11,0.002615570595225117,0.0,0.002615570595225117,0.0,3.6034515668993428
2026-02-12,-0.012215751515424741,0.0,-0.012215751515424741,0.0,3.5594326979602324
2026-02-13,0.00823609890677221,0.0,0.00823609890677221,0.0,3.588748537712632
2026-02-17,-0.0029222501700830184,0.0,-0.0029222501700830184,0.0,3.5782613166879162
2026-02-18,0.0036878203393065218,0.0,0.0036878203393065218,0.0,3.5914573015509514
2026-02-19,-0.0009635084106880687,0.0,-0.0009635084106880687,0.0,3.58799690223428
2026-02-20,0.008812004159917342,0.0,0.008812004159917342,0.0,3.619614345862539
2026-02-23,-0.002786514095341891,0.0,-0.002786514095341891,0.0,3.609528239468091
2026-02-24,0.004614794852584508,0.0,0.004614794852584508,0.0,3.626185471807847
2026-02-25,0.005390374140573986,0.0,0.005390374140573986,0.0,3.6457319682040055
2026-02-26,-0.00039845302773627855,0.0,-0.00039845302773627855,0.0,3.6442793152629593
2026-02-27,-0.0010112378184827936,0.0,-0.0010112378184827936,0.0,3.640594082198251
2026-03-02,-0.0025679110643872655,0.0,-0.0025679110643872655,0.0,3.631245360373631
2026-03-03,-0.02124202902949178,0.0,-0.02124202902949178,0.0,3.554110341015367
2026-03-04,0.007704546530772252,0.0,0.007704546530772252,0.0,3.581493149513219
2026-03-05,-0.012467373085950709,0.0,-0.012467373085950709,0.0,3.536841338213461
2026-03-06,-0.008005035501720034,0.0,-0.008005035501720034,0.0,3.508528797737111
2026-03-09,0.008601829233223196,0.0,0.008601829233223196,0.0,3.538708563315092
2026-03-10,0.00034781479700798923,0.0,0.00034781479700798923,0.0,3.539939378515712
2026-03-11,-0.0037030520753728174,0.0,-0.0037030520753728174,0.0,3.5268307986534055
2026-03-12,-0.016248401285203162,0.0,-0.016248401285203162,0.0,3.4695254365718715
2026-03-13,-0.0057110821742743095,0.0,-0.0057110821742743095,0.0,3.4497106916978746
2026-03-16,0.011569874579145448,0.0,0.011569874579145448,0.0,3.489623411735156
2026-03-17,0.003446488751471924,0.0,0.003446488751471924,0.0,3.501650359570575
2026-03-18,-0.016671093255204536,0.0,-0.016671093255204536,0.0,3.4432740198790532
2026-03-19,-0.004867521829075544,0.0,-0.004867521829075544,0.0,3.426513808423803
2026-03-20,-0.02499034327130341,0.0,-0.02499034327130341,0.0,3.340884052127431
2026-03-23,0.011166410627954926,0.0,0.011166410627954926,0.0,3.378189735313872
2026-03-24,-0.004415769251173832,0.0,-0.004415769251173832,0.0,3.363272428956042
2026-03-25,0.011728095286715548,0.0,0.011728095286715548,0.0,3.402717208478022
2026-03-26,-0.020142205815997377,0.0,-0.020142205815997377,0.0,3.334178978131222
2026-03-27,-0.005831634325780613,0.0,-0.005831634325780613,0.0,3.314735265554056
2026-03-30,-0.0017251958342068413,0.0,-0.0017251958342068413,0.0,3.3090166980824236
2026-03-31,0.02753382687486025,0.0,0.02753382687486025,0.0,3.4001265909734464
2026-04-01,0.008660773647481676,0.0,0.008660773647481676,0.0,3.4295743177506512
2026-04-02,-0.0009827214444174948,0.0,-0.0009827214444174948,0.0,3.426204001523374
2026-04-06,0.0031150126094232344,0.0,0.0031150126094232344,0.0,3.4368766701905757
2026-04-07,0.0019879864219175952,0.0,0.0019879864219175952,0.0,3.4437091343447204
2026-04-08,0.0257871323063929,0.0,0.0257871323063929,0.0,3.5325125174168015
2026-04-09,0.003208776591409085,0.0,0.003208776591409085,0.0,3.543847560891548
2026-04-10,0.0003892919477323925,0.0,0.0003892919477323925,0.0,3.545227152210994
2026-04-13,0.006481378985551289,0.0,0.006481378985551289,0.0,3.5682051129743404
2026-04-14,0.01356641514399301,0.0,0.01356641514399301,0.0,3.6166128648558686
2026-04-15,0.0008175290823563414,0.0,0.0008175290823563414,0.0,3.6195695510525128
2026-04-16,0.0015622189554672372,0.0,0.0015622189554672372,0.0,3.6252241112157986
2026-04-17,0.014620142756431115,0.0,0.014620142756431115,0.0,3.67822540524583
2026-04-20,-0.001982565868515501,0.0,-0.001982565868515501,0.0,3.670933081100683
2026-04-21,-0.0136015829472656,0.0,-0.0136015829472656,0.0,3.6210025803042307
2026-04-22,0.007806566356852521,0.0,0.007806566356852521,0.0,3.6492701772257097
2026-04-23,-0.004752402843071962,0.0,-0.004752402843071962,0.0,3.6319273752603243
2026-04-24,0.00793660017106082,0.0,0.00793660017106082,0.0,3.6607525306880957
2026-04-27,-0.0024438412547177074,0.0,-0.0024438412547177074,0.0,3.6518062326302876
2026-04-28,-0.006159313276516379,0.0,-0.006159313276516379,0.0,3.6293136140183826
2026-04-29,-0.005243877578192044,0.0,-0.005243877578192044,0.0,3.6102819377336046
2026-04-30,0.014335756998221885,0.0,0.014335756998221885,0.0,3.662038062288023
2026-05-01,0.0020948216733967517,0.0,0.0020948216733967517,0.0,3.6697093789897077
2026-05-04,-0.007324221214384877,0.0,-0.007324221214384877,0.0,3.642831615705484
2026-05-05,0.011085601290116237,0.0,0.011085601290116237,0.0,3.6832145945642245
2026-05-06,0.020077431314164007,0.0,0.020077431314164007,0.0,3.757164082601914
2026-05-07,-0.0077846800147329115,0.0,-0.0077846800147329115,0.0,3.727915762456011
2026-05-08,0.010173093515909504,0.0,0.010173093515909504,0.0,3.765840198126909
2026-05-11,0.0011446204875662364,2.5e-05,0.0011196204875662363,0.125,3.7700565099656327
2026-05-12,-0.007487633132301372,0.0,-0.007487633132301372,0.0,3.7418277099309654
2026-05-13,0.003804043782299704,0.0,0.003804043782299704,0.0,3.756061786365365
2026-05-14,0.0008347842228719482,0.0,0.0008347842228719482,0.0,3.7591972874847555
