date,gross_return,cost,net_return,turnover,equity
2005-01-03,0.0,0.0,0.0,0.0,1.0
2005-01-04,0.0,0.0,0.0,0.0,1.0
2005-01-05,0.0,0.0,0.0,0.0,1.0
2005-01-06,0.0,0.0,0.0,0.0,1.0
2005-01-07,0.0,0.0,0.0,0.0,1.0
2005-01-10,0.0,0.0,0.0,0.0,1.0
2005-01-11,0.0,0.0,0.0,0.0,1.0
2005-01-12,0.0,0.0,0.0,0.0,1.0
2005-01-13,0.0,0.0,0.0,0.0,1.0
2005-01-14,0.0,0.0,0.0,0.0,1.0
2005-01-18,0.0,0.0,0.0,0.0,1.0
2005-01-19,0.0,0.0,0.0,0.0,1.0
2005-01-20,0.0,0.0,0.0,0.0,1.0
2005-01-21,0.0,0.0,0.0,0.0,1.0
2005-01-24,0.0,0.0,0.0,0.0,1.0
2005-01-25,0.0,0.0,0.0,0.0,1.0
2005-01-26,0.0,0.0,0.0,0.0,1.0
2005-01-27,0.0,0.0,0.0,0.0,1.0
2005-01-28,0.0,0.0,0.0,0.0,1.0
2005-01-31,0.0,0.0,0.0,0.0,1.0
2005-02-01,0.0,0.0,0.0,0.0,1.0
2005-02-02,0.0,0.0,0.0,0.0,1.0
2005-02-03,0.0,0.0,0.0,0.0,1.0
2005-02-04,0.0,0.0,0.0,0.0,1.0
2005-02-07,0.0,0.0,0.0,0.0,1.0
2005-02-08,0.0,0.0,0.0,0.0,1.0
2005-02-09,0.0,0.0,0.0,0.0,1.0
2005-02-10,0.0,0.0,0.0,0.0,1.0
2005-02-11,0.0,0.0,0.0,0.0,1.0
2005-02-14,0.0,0.0,0.0,0.0,1.0
2005-02-15,0.0,0.0,0.0,0.0,1.0
2005-02-16,0.0,0.0,0.0,0.0,1.0
2005-02-17,0.0,0.0,0.0,0.0,1.0
2005-02-18,0.0,0.0,0.0,0.0,1.0
2005-02-22,0.0,0.0,0.0,0.0,1.0
2005-02-23,0.0,0.0,0.0,0.0,1.0
2005-02-24,0.0,0.0,0.0,0.0,1.0
2005-02-25,0.0,0.0,0.0,0.0,1.0
2005-02-28,0.0,0.0,0.0,0.0,1.0
2005-03-01,0.0,0.0,0.0,0.0,1.0
2005-03-02,0.0,0.0,0.0,0.0,1.0
2005-03-03,0.0,0.0,0.0,0.0,1.0
2005-03-04,0.0,0.0,0.0,0.0,1.0
2005-03-07,0.0,0.0,0.0,0.0,1.0
2005-03-08,0.0,0.0,0.0,0.0,1.0
2005-03-09,0.0,0.0,0.0,0.0,1.0
2005-03-10,0.0,0.0,0.0,0.0,1.0
2005-03-11,0.0,0.0,0.0,0.0,1.0
2005-03-14,0.0,0.0,0.0,0.0,1.0
2005-03-15,0.0,0.0,0.0,0.0,1.0
2005-03-16,0.0,0.0,0.0,0.0,1.0
2005-03-17,0.0,0.0,0.0,0.0,1.0
2005-03-18,0.0,0.0,0.0,0.0,1.0
2005-03-21,0.0,0.0,0.0,0.0,1.0
2005-03-22,0.0,0.0,0.0,0.0,1.0
2005-03-23,0.0,0.0,0.0,0.0,1.0
2005-03-24,0.0,0.0,0.0,0.0,1.0
2005-03-28,0.0,0.0,0.0,0.0,1.0
2005-03-29,0.0,0.0,0.0,0.0,1.0
2005-03-30,0.0,0.0,0.0,0.0,1.0
2005-03-31,0.0,0.0,0.0,0.0,1.0
2005-04-01,0.0,0.0,0.0,0.0,1.0
2005-04-04,0.0,0.0,0.0,0.0,1.0
2005-04-05,0.0,0.0,0.0,0.0,1.0
2005-04-06,0.0,0.0,0.0,0.0,1.0
2005-04-07,0.0,0.0,0.0,0.0,1.0
2005-04-08,0.0,0.0,0.0,0.0,1.0
2005-04-11,0.0,0.0,0.0,0.0,1.0
2005-04-12,0.0,0.0,0.0,0.0,1.0
2005-04-13,0.0,0.0,0.0,0.0,1.0
2005-04-14,0.0,0.0,0.0,0.0,1.0
2005-04-15,0.0,0.0,0.0,0.0,1.0
2005-04-18,0.0,0.0,0.0,0.0,1.0
2005-04-19,0.0,0.0,0.0,0.0,1.0
2005-04-20,0.0,0.0,0.0,0.0,1.0
2005-04-21,0.0,0.0,0.0,0.0,1.0
2005-04-22,0.0,0.0,0.0,0.0,1.0
2005-04-25,0.0,0.0,0.0,0.0,1.0
2005-04-26,0.0,0.0,0.0,0.0,1.0
2005-04-27,0.0,0.0,0.0,0.0,1.0
2005-04-28,0.0,0.0,0.0,0.0,1.0
2005-04-29,0.0,0.0,0.0,0.0,1.0
2005-05-02,0.0,0.0,0.0,0.0,1.0
2005-05-03,0.0,0.0,0.0,0.0,1.0
2005-05-04,0.0,0.0,0.0,0.0,1.0
2005-05-05,0.0,0.0,0.0,0.0,1.0
2005-05-06,0.0,0.0,0.0,0.0,1.0
2005-05-09,0.0,0.0,0.0,0.0,1.0
2005-05-10,0.0,0.0,0.0,0.0,1.0
2005-05-11,0.0,0.0,0.0,0.0,1.0
2005-05-12,0.0,0.0,0.0,0.0,1.0
2005-05-13,0.0,0.0,0.0,0.0,1.0
2005-05-16,0.0,0.0,0.0,0.0,1.0
2005-05-17,0.0,0.0,0.0,0.0,1.0
2005-05-18,0.0,0.0,0.0,0.0,1.0
2005-05-19,0.0,0.0,0.0,0.0,1.0
2005-05-20,0.0,0.0,0.0,0.0,1.0
2005-05-23,0.0,0.0,0.0,0.0,1.0
2005-05-24,0.0,0.0,0.0,0.0,1.0
2005-05-25,0.0,0.0,0.0,0.0,1.0
2005-05-26,0.0,0.0,0.0,0.0,1.0
2005-05-27,0.0,0.0,0.0,0.0,1.0
2005-05-31,0.0,0.0,0.0,0.0,1.0
2005-06-01,0.0,0.0,0.0,0.0,1.0
2005-06-02,0.0,0.0,0.0,0.0,1.0
2005-06-03,0.0,0.0,0.0,0.0,1.0
2005-06-06,0.0,0.0,0.0,0.0,1.0
2005-06-07,0.0,0.0,0.0,0.0,1.0
2005-06-08,0.0,0.0,0.0,0.0,1.0
2005-06-09,0.0,0.0,0.0,0.0,1.0
2005-06-10,0.0,0.0,0.0,0.0,1.0
2005-06-13,0.0,0.0,0.0,0.0,1.0
2005-06-14,0.0,0.0,0.0,0.0,1.0
2005-06-15,0.0,0.0,0.0,0.0,1.0
2005-06-16,0.0,0.0,0.0,0.0,1.0
2005-06-17,0.0,0.0,0.0,0.0,1.0
2005-06-20,0.0,0.0,0.0,0.0,1.0
2005-06-21,0.0,0.0,0.0,0.0,1.0
2005-06-22,0.0,0.0,0.0,0.0,1.0
2005-06-23,0.0,0.0,0.0,0.0,1.0
2005-06-24,0.0,0.0,0.0,0.0,1.0
2005-06-27,0.0,0.0,0.0,0.0,1.0
2005-06-28,0.0,0.0,0.0,0.0,1.0
2005-06-29,0.0,0.0,0.0,0.0,1.0
2005-06-30,0.0,0.0,0.0,0.0,1.0
2005-07-01,0.0,0.0,0.0,0.0,1.0
2005-07-05,0.0,0.0,0.0,0.0,1.0
2005-07-06,0.0,0.0,0.0,0.0,1.0
2005-07-07,0.0,0.0,0.0,0.0,1.0
2005-07-08,0.0,0.0,0.0,0.0,1.0
2005-07-11,0.0,0.0,0.0,0.0,1.0
2005-07-12,0.0,0.0,0.0,0.0,1.0
2005-07-13,0.0,0.0,0.0,0.0,1.0
2005-07-14,0.0,0.0,0.0,0.0,1.0
2005-07-15,0.0,0.0,0.0,0.0,1.0
2005-07-18,0.0,0.0,0.0,0.0,1.0
2005-07-19,0.0,0.0,0.0,0.0,1.0
2005-07-20,0.0,0.0,0.0,0.0,1.0
2005-07-21,0.0,0.0,0.0,0.0,1.0
2005-07-22,0.0,0.0,0.0,0.0,1.0
2005-07-25,0.0,0.0,0.0,0.0,1.0
2005-07-26,0.0,0.0,0.0,0.0,1.0
2005-07-27,0.0,0.0,0.0,0.0,1.0
2005-07-28,0.0,0.0,0.0,0.0,1.0
2005-07-29,0.0,0.0,0.0,0.0,1.0
2005-08-01,0.0,0.0,0.0,0.0,1.0
2005-08-02,0.0,0.0,0.0,0.0,1.0
2005-08-03,0.0,0.0,0.0,0.0,1.0
2005-08-04,0.0,0.0,0.0,0.0,1.0
2005-08-05,0.0,0.0,0.0,0.0,1.0
2005-08-08,0.0,0.0,0.0,0.0,1.0
2005-08-09,0.0,0.0,0.0,0.0,1.0
2005-08-10,0.0,0.0,0.0,0.0,1.0
2005-08-11,0.0,0.0,0.0,0.0,1.0
2005-08-12,0.0,0.0,0.0,0.0,1.0
2005-08-15,0.0,0.0,0.0,0.0,1.0
2005-08-16,0.0,0.0,0.0,0.0,1.0
2005-08-17,0.0,0.0,0.0,0.0,1.0
2005-08-18,0.0,0.0,0.0,0.0,1.0
2005-08-19,0.0,0.0,0.0,0.0,1.0
2005-08-22,0.0,0.0,0.0,0.0,1.0
2005-08-23,0.0,0.0,0.0,0.0,1.0
2005-08-24,0.0,0.0,0.0,0.0,1.0
2005-08-25,0.0,0.0,0.0,0.0,1.0
2005-08-26,0.0,0.0,0.0,0.0,1.0
2005-08-29,0.0,0.0,0.0,0.0,1.0
2005-08-30,0.0,0.0,0.0,0.0,1.0
2005-08-31,0.0,0.0,0.0,0.0,1.0
2005-09-01,0.0,0.0,0.0,0.0,1.0
2005-09-02,0.0,0.0,0.0,0.0,1.0
2005-09-06,0.0,0.0,0.0,0.0,1.0
2005-09-07,0.0,0.0,0.0,0.0,1.0
2005-09-08,0.0,0.0,0.0,0.0,1.0
2005-09-09,0.0,0.0,0.0,0.0,1.0
2005-09-12,0.0,0.0,0.0,0.0,1.0
2005-09-13,0.0,0.0,0.0,0.0,1.0
2005-09-14,0.0,0.0,0.0,0.0,1.0
2005-09-15,0.0,0.0,0.0,0.0,1.0
2005-09-16,0.0,0.0,0.0,0.0,1.0
2005-09-19,0.0,0.0,0.0,0.0,1.0
2005-09-20,0.0,0.0,0.0,0.0,1.0
2005-09-21,0.0,0.0,0.0,0.0,1.0
2005-09-22,0.0,0.0,0.0,0.0,1.0
2005-09-23,0.0,0.0,0.0,0.0,1.0
2005-09-26,0.0,0.0,0.0,0.0,1.0
2005-09-27,0.0,0.0,0.0,0.0,1.0
2005-09-28,0.0,0.0,0.0,0.0,1.0
2005-09-29,0.0,0.0,0.0,0.0,1.0
2005-09-30,0.0,0.0,0.0,0.0,1.0
2005-10-03,0.0,0.0,0.0,0.0,1.0
2005-10-04,0.0,0.0,0.0,0.0,1.0
2005-10-05,0.0,0.0,0.0,0.0,1.0
2005-10-06,0.0,0.0,0.0,0.0,1.0
2005-10-07,0.0,0.0,0.0,0.0,1.0
2005-10-10,0.0,0.0,0.0,0.0,1.0
2005-10-11,0.0,0.0,0.0,0.0,1.0
2005-10-12,0.0,0.0,0.0,0.0,1.0
2005-10-13,0.0,0.0,0.0,0.0,1.0
2005-10-14,0.0,0.0,0.0,0.0,1.0
2005-10-17,0.0,0.0,0.0,0.0,1.0
2005-10-18,0.0,0.0,0.0,0.0,1.0
2005-10-19,0.0,0.0,0.0,0.0,1.0
2005-10-20,0.0,0.0,0.0,0.0,1.0
2005-10-21,0.0,0.0,0.0,0.0,1.0
2005-10-24,0.0,0.0,0.0,0.0,1.0
2005-10-25,0.0,0.0,0.0,0.0,1.0
2005-10-26,0.0,0.0,0.0,0.0,1.0
2005-10-27,0.0,0.0,0.0,0.0,1.0
2005-10-28,0.0,0.0,0.0,0.0,1.0
2005-10-31,0.0,0.0,0.0,0.0,1.0
2005-11-01,0.0,0.0,0.0,0.0,1.0
2005-11-02,0.0,0.0,0.0,0.0,1.0
2005-11-03,0.0,0.0,0.0,0.0,1.0
2005-11-04,0.0,0.0,0.0,0.0,1.0
2005-11-07,0.0,0.0,0.0,0.0,1.0
2005-11-08,0.0,0.0,0.0,0.0,1.0
2005-11-09,0.0,0.0,0.0,0.0,1.0
2005-11-10,0.0,0.0,0.0,0.0,1.0
2005-11-11,0.0,0.0,0.0,0.0,1.0
2005-11-14,0.0,0.0,0.0,0.0,1.0
2005-11-15,0.0,0.0,0.0,0.0,1.0
2005-11-16,0.0,0.0,0.0,0.0,1.0
2005-11-17,0.0,0.0,0.0,0.0,1.0
2005-11-18,0.0,0.0,0.0,0.0,1.0
2005-11-21,0.0,0.0,0.0,0.0,1.0
2005-11-22,0.0,0.0,0.0,0.0,1.0
2005-11-23,0.0,0.0,0.0,0.0,1.0
2005-11-25,0.0,0.0,0.0,0.0,1.0
2005-11-28,0.0,0.0,0.0,0.0,1.0
2005-11-29,0.0,0.0,0.0,0.0,1.0
2005-11-30,0.0,0.0,0.0,0.0,1.0
2005-12-01,0.0,0.0,0.0,0.0,1.0
2005-12-02,0.0,0.0,0.0,0.0,1.0
2005-12-05,0.0,0.0,0.0,0.0,1.0
2005-12-06,0.0,0.0,0.0,0.0,1.0
2005-12-07,0.0,0.0,0.0,0.0,1.0
2005-12-08,0.0,0.0,0.0,0.0,1.0
2005-12-09,0.0,0.0,0.0,0.0,1.0
2005-12-12,0.0,0.0,0.0,0.0,1.0
2005-12-13,0.0,0.0,0.0,0.0,1.0
2005-12-14,0.0,0.0,0.0,0.0,1.0
2005-12-15,0.0,0.0,0.0,0.0,1.0
2005-12-16,0.0,0.0,0.0,0.0,1.0
2005-12-19,0.0,0.0,0.0,0.0,1.0
2005-12-20,0.0,0.0,0.0,0.0,1.0
2005-12-21,0.0,0.0,0.0,0.0,1.0
2005-12-22,0.0,0.0,0.0,0.0,1.0
2005-12-23,0.0,0.0,0.0,0.0,1.0
2005-12-27,0.0,0.0,0.0,0.0,1.0
2005-12-28,0.0,0.0,0.0,0.0,1.0
2005-12-29,0.0,0.0,0.0,0.0,1.0
2005-12-30,0.0,0.0,0.0,0.0,1.0
2006-01-03,0.0,0.0,0.0,0.0,1.0
2006-01-04,0.0,0.0,0.0,0.0,1.0
2006-01-05,-0.00013729136743512171,0.0002,-0.0003372913674351217,1.0,0.9996627086325649
2006-01-06,0.0133316378229755,0.0,0.0133316378229755,0.0,1.012989849809189
2006-01-09,0.006125206087351759,0.0,0.006125206087351759,0.0,1.0191946214036658
2006-01-10,-0.002772116434410707,0.0,-0.002772116434410707,0.0,1.0163692952438097
2006-01-11,0.004763230029553353,0.0,0.004763230029553353,0.0,1.021210495992031
2006-01-12,-0.004047578242792338,0.0,-0.004047578242792338,0.0,1.0170770666071425
2006-01-13,0.001993688433261795,0.0,0.001993688433261795,0.0,1.019104801390573
2006-01-17,-0.005842957015201641,0.0,-0.005842957015201641,0.0,1.0131502158420622
2006-01-18,-0.006708471053868376,0.0,-0.006708471053868376,0.0,1.0063535269458652
2006-01-19,0.013587863352892623,0.0,0.013587863352892623,0.0,1.020027721154707
2006-01-20,-0.014822437504741853,0.0,-0.014822437504741853,0.0,1.0049084240047872
2006-01-23,0.00805463627873812,0.0,0.00805463627873812,0.0,1.0130025958535858
2006-01-24,0.004912255833372944,0.0,0.004912255833372944,0.0,1.0179787237642894
2006-01-25,1.2014207991364878e-05,0.0,1.2014207991364878e-05,0.0,1.0179909539724075
2006-01-26,0.007112927157321175,0.0,0.007112927157321175,0.0,1.0252318494748252
2006-01-27,0.006402574800521574,0.0,0.006402574800521574,0.0,1.0317959730789648
2006-01-30,0.0014323394764957226,0.0,0.0014323394764957226,0.0,1.033273855182895
2006-01-31,-0.00017377453666268805,0.0,-0.00017377453666268805,0.0,1.033094298497465
2006-02-01,0.003088772948790633,0.0,0.003088772948790633,0.0,1.036285292220214
2006-02-02,-0.010109464653322187,0.0,-0.010109464653322187,0.0,1.025809002687756
2006-02-03,-0.005830458123437854,0.0,-0.005830458123437854,0.0,1.0198280662549395
2006-02-06,0.005102224631316016,0.0,0.005102224631316016,0.0,1.0250314581342928
2006-02-07,-0.01412757724383526,0.0,-0.01412757724383526,0.0,1.0105502470321395
2006-02-08,0.003887750345257096,0.0,0.003887750345257096,0.0,1.0144790141039381
2006-02-09,0.0027687035345826255,0.0,0.0027687035345826255,0.0,1.0172878057360477
2006-02-10,-0.0034057305553818473,0.0,-0.0034057305553818473,0.0,1.013823197572435
2006-02-13,-0.008688166065433586,0.0,-0.008688166065433586,0.0,1.0050149332709368
2006-02-14,0.010626259094284551,0.0,0.010626259094284551,0.0,1.0156944823454988
2006-02-15,0.0002947516384119858,0.0,0.0002947516384119858,0.0,1.015993859958296
2006-02-16,0.01027191475155717,0.0,0.01027191475155717,0.0,1.026430062275893
2006-02-17,0.0012258846614214003,0.0,0.0012258846614214003,0.0,1.027688347145259
2006-02-21,-0.003332772248533525,0.0,-0.003332772248533525,0.0,1.024263295941752
2006-02-22,0.007547255114076945,0.0,0.007547255114076945,0.0,1.0319936723402097
2006-02-23,-0.0024246446828569967,0.0,-0.0024246446828569967,0.0,1.029491454369828
2006-02-24,0.003741971967958682,0.0,0.003741971967958682,0.0,1.033343782533333
2006-02-27,0.0022314277071958794,0.0,0.0022314277071958794,0.0,1.0356496144807366
2006-02-28,-0.007013906948333509,0.0,-0.007013906948333509,0.0,1.0283856644536913
2006-03-01,0.009866280018476808,0.0,0.009866280018476808,0.0,1.0385320053861786
2006-03-02,-0.0001781699965695549,0.0,-0.0001781699965695549,0.0,1.0383469701423416
2006-03-03,-0.006949763026220648,0.0,-0.006949763026220648,0.0,1.031130704760858
2006-03-06,-0.0061839742466712755,0.0,-0.0061839742466712755,0.0,1.0247542190376648
2006-03-07,-0.010713340880155978,0.0,-0.010713340880155978,0.0,1.0137756777707363
2006-03-08,0.00030211606969905713,0.0,0.00030211606969905713,0.0,1.0140819556940608
2006-03-09,-0.002722266275019647,0.0,-0.002722266275019647,0.0,1.0113213545859687
2006-03-10,0.007490158433150859,0.0,0.007490158433150859,0.0,1.0188963117586463
2006-03-13,0.001960922035924184,0.0,0.001960922035924184,0.0,1.0208942879886957
2006-03-14,0.013059515949913947,0.0,0.013059515949913947,0.0,1.0342266732258603
2006-03-15,0.006916161984742417,0.0,0.006916161984742417,0.0,1.0413795524268317
2006-03-16,0.001145493999640576,0.0,0.001145493999640576,0.0,1.0425724464554849
2006-03-17,0.0026730186446352194,0.0,0.0026730186446352194,0.0,1.0453592620432435
2006-03-20,-0.0007983236136470673,0.0,-0.0007983236136470673,0.0,1.0445247270596096
2006-03-21,-0.010532292139948565,0.0,-0.010532292139948565,0.0,1.0335234874868178
2006-03-22,0.005913209749725756,0.0,0.005913209749725756,0.0,1.0396349286495952
2006-03-23,-0.002923863152266226,0.0,-0.002923863152266226,0.0,1.0365951783899077
2006-03-24,0.006895654889228317,0.0,0.006895654889228317,0.0,1.0437431809999225
2006-03-27,3.630184073506737e-05,0.0,3.630184073506737e-05,0.0,1.0437810707986475
2006-03-28,-0.0059352070393077355,0.0,-0.0059352070393077355,0.0,1.0375860140397473
2006-03-29,0.013491782198112798,0.0,0.013491782198112798,0.0,1.0515848985529797
2006-03-30,0.0026602573319295802,0.0,0.0026602573319295802,0.0,1.0543823849895018
2006-03-31,-0.0018017383294350459,0.0,-0.0018017383294350459,0.0,1.052482663832585
2006-04-03,0.0026016897627611085,0.0,0.0026016897627611085,0.0,1.055220897204562
2006-04-04,0.0024852738001922142,0.0,0.0024852738001922142,0.0,1.0578434100537997
2006-04-05,0.0055162473653196376,0.0,0.0055162473653196376,0.0,1.0636787359774298
2006-04-06,-0.00018375173509448117,0.0,-0.00018375173509448117,0.0,1.0634832831641108
2006-04-07,-0.012366954617183373,0.0,-0.012366954617183373,0.0,1.050331233665087
2006-04-10,0.0008836764500049776,0.0,0.0008836764500049776,0.0,1.0512593866409814
2006-04-11,-0.00729099100004818,0.0,-0.00729099100004818,0.0,1.043594663914266
2006-04-12,0.0025723476087939484,2.5e-05,0.0025473476087939486,0.125,1.046253062285938
2006-04-13,8.613551435260325e-05,0.0,8.613551435260325e-05,0.0,1.0463431818316011
2006-04-17,0.0037736413521253648,0.0,0.0037736413521253648,0.0,1.0502917057310754
2006-04-18,0.019194491562694704,0.0,0.019194491562694704,0.0,1.0704515210150989
2006-04-19,0.008714756382570799,0.0,0.008714756382570799,0.0,1.0797802452400977
2006-04-20,-0.007272241336684929,0.0,-0.007272241336684929,0.0,1.0719278227061269
2006-04-21,0.004701707322769644,0.0,0.004701707322769644,0.0,1.0769677135996247
2006-04-24,-0.0065591451026677655,0.0,-0.0065591451026677655,0.0,1.0699037260952364
2006-04-25,-0.0011542734040181496,0.0,-0.0011542734040181496,0.0,1.0686687646793447
2006-04-26,0.004489749626588421,0.0,0.004489749626588421,0.0,1.0734668198665103
2006-04-27,-0.001549652897515491,0.0,-0.001549652897515491,0.0,1.0718033188987173
2006-04-28,0.00640991137916487,0.0,0.00640991137916487,0.0,1.0786734831887528
2006-05-01,-0.005245161442916091,0.0,-0.005245161442916091,0.0,1.073015666625235
2006-05-02,0.008492894852847238,0.0,0.008492894852847238,0.0,1.082128675857341
2006-05-03,-0.0013975329468688402,0.0,-0.0013975329468688402,0.0,1.0806163653800789
2006-05-04,0.008875031721660737,0.0,0.008875031721660737,0.0,1.0902068699017728
2006-05-05,0.00927553633438949,0.0,0.00927553633438949,0.0,1.1003191233355478
2006-05-08,0.0007042952855862983,0.0,0.0007042952855862983,0.0,1.1010940729067535
2006-05-09,0.004321215520613361,0.0,0.004321215520613361,0.0,1.1058521377042536
2006-05-10,-0.0028606168874033694,0.0,-0.0028606168874033694,0.0,1.1026887184041658
2006-05-11,-0.012722046655659028,0.0,-0.012722046655659028,0.0,1.0886602610819591
2006-05-12,-0.012629836944259926,0.0,-0.012629836944259926,0.0,1.0749106594967985
2006-05-15,-0.009274249417659156,0.0,-0.009274249417659156,0.0,1.0649416699389247
2006-05-16,0.0012742899955894282,0.0,0.0012742899955894282,0.0,1.066298714454814
2006-05-17,-0.017808649269823673,0.0,-0.017808649269823673,0.0,1.0473093746322242
2006-05-18,-0.0076848350982737235,0.0,-0.0076848350982737235,0.0,1.0392609747912993
2006-05-19,0.0030850223978524244,0.0,0.0030850223978524244,0.0,1.0424671181757446
2006-05-22,-0.013052168447119428,0.0,-0.013052168447119428,0.0,1.0288606617487315
2006-05-23,-0.004417382032499709,0.0,-0.004417382032499709,0.0,1.0243157911475769
2006-05-24,-0.0023135892262666213,0.0,-0.0023135892262666213,0.0,1.021945945168883
2006-05-25,0.01641584717080863,0.0,0.01641584717080863,0.0,1.038722053621603
2006-05-26,0.004699606657826483,0.0,0.004699606657826483,0.0,1.0436036387004344
2006-05-30,-0.016646218178033495,0.0,-0.016646218178033495,0.0,1.0262315848392374
2006-05-31,0.00570922934770518,0.0,0.00570922934770518,0.0,1.0320905763209436
2006-06-01,0.008997818893134571,0.0,0.008997818893134571,0.0,1.0413771404079903
2006-06-02,0.005678759433776229,0.0,0.005678759433776229,0.0,1.0472908706682011
2006-06-05,-0.015987534189484995,0.0,-0.015987534189484995,0.0,1.0305472720670579
2006-06-06,-0.00632203888718906,0.0,-0.00632203888718906,0.0,1.0240321121379634
2006-06-07,-0.007211043805783635,0.0,-0.007211043805783635,0.0,1.0166477717188074
2006-06-08,-0.008201259999971636,0.0,-0.008201259999971636,0.0,1.0083099790145496
2006-06-09,-0.004211874414358427,0.0,-0.004211874414358427,0.0,1.004063104012196
2006-06-12,-0.014776097234439511,0.0,-0.014776097234439511,0.0,0.9892269699577986
2006-06-13,-0.020852409719695833,0.0,-0.020852409719695833,0.0,0.9685992038744653
2006-06-14,0.007401787491913225,0.0,0.007401787491913225,0.0,0.9757685693463805
2006-06-15,0.024960250232592518,2.5e-05,0.024935250232592517,0.125,1.0000996027921314
2006-06-16,-0.004640271068765495,2.5e-05,-0.0046652710687654945,0.125,0.9954338670493414
2006-06-19,-0.013443848952592902,0.0,-0.013443848952592902,0.0,0.9820514044984346
2006-06-20,0.004157499995198141,0.0,0.004157499995198141,0.0,0.9861342832079212
2006-06-21,0.014448091053029716,0.0,0.014448091053029716,0.0,1.0003820411222235
2006-06-22,-0.007664709768495412,0.0,-0.007664709768495412,0.0,0.9927144031194066
2006-06-23,-0.0003575283116497019,0.0,-0.0003575283116497019,0.0,0.992359479614909
2006-06-26,0.005370108062155654,0.0,0.005370108062155654,0.0,0.9976885572569457
2006-06-27,-0.011682555382630994,0.0,-0.011682555382630994,0.0,0.9860330054321743
2006-06-28,0.007733259042601248,0.0,0.007733259042601248,0.0,0.9936582540877359
2006-06-29,0.030276222855471407,0.0,0.030276222855471407,0.0,1.0237424728306748
2006-06-30,0.0064845485604094755,0.0,0.0064845485604094755,0.0,1.0303809806090989
2006-07-03,0.010497848943577526,0.0,0.010497848943577526,0.0,1.0411977644978685
2006-07-05,-0.011081242494181617,0.0,-0.011081242494181617,0.0,1.0296599995850677
2006-07-06,0.005406799224848019,0.0,0.005406799224848019,0.0,1.0352271644726814
2006-07-07,-0.008281649969037935,0.0,-0.008281649969037935,0.0,1.026653775458079
2006-07-10,0.0009749181430977333,0.0,0.0009749181430977333,0.0,1.0276546788504528
2006-07-11,0.007341699790650552,0.0,0.007341699790650552,0.0,1.0351994109910303
2006-07-12,-0.0065404403620768214,2.5e-05,-0.006565440362076821,0.125,1.0284028709953117
2006-07-13,-0.012487240420173684,0.0,-0.012487240420173684,0.0,1.0155609570963964
2006-07-14,-0.0030472312018956227,0.0,-0.0030472312018956227,0.0,1.0124663080605052
2006-07-17,-0.007676673125231917,0.0,-0.007676673125231917,0.0,1.0046939351632143
2006-07-18,0.002863266026387465,0.0,0.002863266026387465,0.0,1.0075706411746845
2006-07-19,0.019649355700110255,0.0,0.019649355700110255,0.0,1.0273687550961141
2006-07-20,-0.01225467096609592,0.0,-0.01225467096609592,0.0,1.0147786890415638
2006-07-21,-0.00880762570078275,0.0,-0.00880762570078275,0.0,1.0058408981793547
2006-07-24,0.015065648708066079,0.0,0.015065648708066079,0.0,1.0209945438075305
2006-07-25,0.002532043709676357,0.0,0.002532043709676357,0.0,1.0235797466197922
2006-07-26,0.0015981745938664638,0.0,0.0015981745938664638,0.0,1.0252156057656363
2006-07-27,0.0025931596770223803,0.0,0.0025931596770223803,0.0,1.0278741535347617
2006-07-28,0.011296604682925565,0.0,0.011296604682925565,0.0,1.0394856415110405
2006-07-31,-0.0020587237218150645,0.0,-0.0020587237218150645,0.0,1.0373456277623756
2006-08-01,-0.0038172299243770247,0.0,-0.0038172299243770247,0.0,1.0333858409901593
2006-08-02,0.006129358041266492,0.0,0.006129358041266492,0.0,1.0397198328043633
2006-08-03,0.0014762342164863634,0.0,0.0014762342164863634,0.0,1.0412547027971086
2006-08-04,0.0011475289534696176,0.0,0.0011475289534696176,0.0,1.0424495727165048
2006-08-07,-0.0031364334448400755,0.0,-0.0031364334448400755,0.0,1.0391799990120776
2006-08-08,-0.00552804901157701,0.0,-0.00552804901157701,0.0,1.0334353610456883
2006-08-09,-7.790901240201098e-05,0.0,-7.790901240201098e-05,0.0,1.033354847117328
2006-08-10,0.0004802933414032595,0.0,0.0004802933414032595,0.0,1.0338511605697052
2006-08-11,-0.006066878591088509,0.0,-0.006066878591088509,0.0,1.0275789110972728
2006-08-14,0.0020408258373934424,0.0,0.0020408258373934424,0.0,1.0296760206890008
2006-08-15,0.010821828417113877,0.0,0.010821828417113877,0.0,1.040818997910114
2006-08-16,0.0064029606079712975,0.0,0.0064029606079712975,0.0,1.0474833209537606
2006-08-17,-0.002873450096617533,0.0,-0.002873450096617533,0.0,1.0444734299039609
2006-08-18,0.0012788074046263254,0.0,0.0012788074046263254,0.0,1.0458091102600575
2006-08-21,0.0006766563312092799,0.0,0.0006766563312092799,0.0,1.0465167636157513
2006-08-22,0.00013906551250573995,2.5e-05,0.00011406551250573995,0.125,1.046636135086739
2006-08-23,-0.005895375981942813,2.5e-05,-0.005920375981942813,0.125,1.040439655650738
2006-08-24,-0.0006919268108477178,0.0,-0.0006919268108477178,0.0,1.039719747557924
2006-08-25,0.0005800544194712043,0.0,0.0005800544194712043,0.0,1.0403228415925065
2006-08-28,0.003793333616296038,0.0,0.003793333616296038,0.0,1.0442691331993201
2006-08-29,0.0030866309264435815,0.0,0.0030866309264435815,0.0,1.0474924066013838
2006-08-30,0.003887253743852681,2.5e-05,0.0038622537438526812,0.125,1.0515380880704372
2006-08-31,0.0013185452272113651,0.0,0.0013185452272113651,0.0,1.0529245885976934
2006-09-01,0.0028090036503763266,0.0,0.0028090036503763266,0.0,1.0558822576106353
2006-09-05,0.007653209940108402,0.0,0.007653209940108402,0.0,1.063963146200165
2006-09-06,-0.013529172018630659,0.0,-0.013529172018630659,0.0,1.0495686057737394
2006-09-07,-0.009416506505008138,0.0,-0.009416506505008138,0.0,1.0396853361700187
2006-09-08,0.0018368648601224807,2.5e-05,0.0018118648601224807,0.125,1.0415691054962097
2006-09-11,-0.007487588792308417,0.0,-0.007487588792308417,0.0,1.0337702643354816
2006-09-12,0.00897053601295568,0.0,0.00897053601295568,0.0,1.0430437377208257
2006-09-13,0.004536431932554763,0.0,0.004536431932554763,0.0,1.0477754346396737
2006-09-14,-0.004891737998443044,2.5e-05,-0.0049167379984430435,0.125,1.0426237973463457
2006-09-15,0.002970988680484704,0.0,0.002970988680484704,0.0,1.0457214208462657
2006-09-18,0.0030173350202907234,0.0,0.0030173350202907234,0.0,1.0488767127108534
2006-09-19,-0.006670887239831724,0.0,-0.006670887239831724,0.0,1.0418797744318737
2006-09-20,0.008424694597091845,0.0,0.008424694597091845,0.0,1.0506572933383491
2006-09-21,-0.004211715426740523,2.5e-05,-0.0042367154267405225,0.125,1.046205957375445
2006-09-22,-0.0030698168497466233,0.0,-0.0030698168497466233,0.0,1.0429942966991885
2006-09-25,0.007681372595452346,0.0,0.007681372595452346,0.0,1.0510059245070666
2006-09-26,0.0035166032789829965,0.0,0.0035166032789829965,0.0,1.0547018953874188
2006-09-27,0.0044424110912440196,0.0,0.0044424110912440196,0.0,1.0593873147854438
2006-09-28,0.0006415462032200031,0.0,0.0006415462032200031,0.0,1.060066960694984
2006-09-29,-0.0039575352710004424,0.0,-0.0039575352710004424,0.0,1.0558717083084113
2006-10-02,-0.0036461439344321195,0.0,-0.0036461439344321195,0.0,1.052021848083624
2006-10-03,-0.004228881483756386,0.0,-0.004228881483756386,0.0,1.0475729723697562
2006-10-04,0.012846452052381996,0.0,0.012846452052381996,0.0,1.0610305683306755
2006-10-05,0.0054066770579747625,0.0,0.0054066770579747625,0.0,1.066767217962279
2006-10-06,-0.004423735058838543,0.0,-0.004423735058838543,0.0,1.0620481224205596
2006-10-09,0.002588793413736662,0.0,0.002588793413736662,0.0,1.0647975456049534
2006-10-10,0.0003117103536358218,0.0,0.0003117103536358218,0.0,1.0651294540244445
2006-10-11,-0.0027424620421265394,0.0,-0.0027424620421265394,0.0,1.0622083769268313
2006-10-12,0.012526320332342883,0.0,0.012526320332342883,0.0,1.0755139393159148
2006-10-13,0.00610790499023188,0.0,0.00610790499023188,0.0,1.0820830762729265
2006-10-16,0.003971536742831044,0.0,0.003971536742831044,0.0,1.0863806089691401
2006-10-17,-0.006226996488613565,0.0,-0.006226996488613565,0.0,1.0796157207317914
2006-10-18,0.0018842526329408554,0.0,0.0018842526329408554,0.0,1.0816499894961444
2006-10-19,0.00382584998155458,0.0,0.00382584998155458,0.0,1.085788220088507
2006-10-20,-0.002713586768417278,0.0,-0.002713586768417278,0.0,1.0828418395411714
2006-10-23,0.00018035161088374163,0.0,0.00018035161088374163,0.0,1.083037131811265
2006-10-24,0.0007387625575527579,0.0,0.0007387625575527579,0.0,1.0838372390926865
2006-10-25,0.00732954326388488,0.0,0.00732954326388488,0.0,1.0917812710276258
2006-10-26,0.007025339458873736,0.0,0.007025339458873736,0.0,1.0994514050714355
2006-10-27,-0.006997636702946869,0.0,-0.006997636702946869,0.0,1.0917578435662012
2006-10-30,0.0026684478851985993,0.0,0.0026684478851985993,0.0,1.0946711424750144
2006-10-31,0.004243555219537912,0.0,0.004243555219537912,0.0,1.0993164399153417
2006-11-01,-0.004670666650631428,0.0,-0.004670666650631428,0.0,1.0941818992809382
2006-11-02,-0.0010348414249932159,0.0,-0.0010348414249932159,0.0,1.0930495945250847
2006-11-03,-0.0021236369793158905,0.0,-0.0021236369793158905,0.0,1.090728353985925
2006-11-06,0.010203006666650291,0.0,0.010203006666650291,0.0,1.1018570626531479
2006-11-07,0.001280766050206758,0.0,0.001280766050206758,0.0,1.1032682837711745
2006-11-08,0.0008503539496219487,0.0,0.0008503539496219487,0.0,1.1042064523137718
2006-11-09,0.0012961524007660263,0.0,0.0012961524007660263,0.0,1.1056376721578796
2006-11-10,0.0024861556990981165,0.0,0.0024861556990981165,0.0,1.1083864595576525
2006-11-13,0.0010763201367684633,0.0,0.0010763201367684633,0.0,1.1095794382233959
2006-11-14,0.008948839718406626,0.0,0.008948839718406626,0.0,1.1195088867708967
2006-11-15,0.002115347829359404,0.0,0.002115347829359404,0.0,1.121877037464476
2006-11-16,-0.0015510044478977414,0.0,-0.0015510044478977414,0.0,1.1201370011893743
2006-11-17,0.000640746979753859,0.0,0.000640746979753859,0.0,1.120854725589797
2006-11-20,0.0035594136246832747,0.0,0.0035594136246832747,0.0,1.124844311171352
2006-11-21,0.006448118102992839,0.0,0.006448118102992839,0.0,1.1320974401372645
2006-11-22,0.004492403800541139,0.0,0.004492403800541139,0.0,1.13718327897992
2006-11-24,0.0007696109477150215,0.0,0.0007696109477150215,0.0,1.1380584676809815
2006-11-27,-0.013269325020592637,0.0,-0.013269325020592637,0.0,1.122957199980885
2006-11-28,0.003518996765244864,0.0,0.003518996765244864,0.0,1.1269088827351261
2006-11-29,0.007891294414881123,0.0,0.007891294414881123,0.0,1.1358016525075338
2006-11-30,0.005651740208412526,0.0,0.005651740208412526,0.0,1.1422209083757922
2006-12-01,-0.002926909043461254,0.0,-0.002926909043461254,0.0,1.1388777316694365
2006-12-04,0.010239789124527443,0.0,0.010239789124527443,0.0,1.1505395994803516
2006-12-05,0.0018224557946894537,0.0,0.0018224557946894537,0.0,1.1526364070404442
2006-12-06,-0.0052551945678549206,0.0,-0.0052551945678549206,0.0,1.1465790784554535
2006-12-07,-0.003466101207660943,0.0,-0.003466101207660943,0.0,1.1426049193269403
2006-12-08,-0.0018971411995345605,0.0,-0.0018971411995345605,0.0,1.1404372364596944
2006-12-11,0.003574913694831039,0.0,0.003574913694831039,0.0,1.1445142011544096
2006-12-12,-0.0029147255568810204,0.0,-0.0029147255568810204,0.0,1.1411782563620916
2006-12-13,-0.00016870447041537895,0.0,-0.00016870447041537895,0.0,1.1409857344887024
2006-12-14,0.004564504590784793,0.0,0.004564504590784793,0.0,1.146193769111796
2006-12-15,-0.002847825019068731,0.0,-0.002847825019068731,0.0,1.1429296098194188
2006-12-18,-0.004861816691381554,0.0,-0.004861816691381554,0.0,1.1373728955653246
2006-12-19,-0.0001392601009925637,0.0,-0.0001392601009925637,0.0,1.137214504901022
2006-12-20,0.00229519967358012,0.0,0.00229519967358012,0.0,1.1398246392614613
2006-12-21,-0.0030934306606782147,0.0,-0.0030934306606782147,0.0,1.1362986707745732
2006-12-22,-0.004235449290145243,0.0,-0.004235449290145243,0.0,1.131485935376048
2006-12-26,0.006097836852241273,0.0,0.006097836852241273,0.0,1.1383855520105768
2006-12-27,0.006968544745668492,0.0,0.006968544745668492,0.0,1.146318442667585
2006-12-28,-0.0001643426388390351,0.0,-0.0001643426388390351,0.0,1.1461300536697672
2006-12-29,-0.0008543031433963649,0.0,-0.0008543031433963649,0.0,1.145150911162176
2007-01-03,0.0010226079696300239,0.0,0.0010226079696300239,0.0,1.1463219516103595
2007-01-04,0.0005439124110269977,0.0,0.0005439124110269977,0.0,1.146945450346873
2007-01-05,-0.015598957062713414,0.0,-0.015598957062713414,0.0,1.1290542975136377
2007-01-08,0.002304952859062029,0.0,0.002304952859062029,0.0,1.131656714444728
2007-01-09,0.0013725928717636116,0.0,0.0013725928717636116,0.0,1.1332100183842584
2007-01-10,0.002141209792707932,0.0,0.002141209792707932,0.0,1.1356364587728176
2007-01-11,0.005963398673039022,0.0,0.005963398673039022,0.0,1.1424087117241182
2007-01-12,0.009737426468898094,0.0,0.009737426468898094,0.0,1.1535328325519603
2007-01-16,0.0007644201231341852,0.0,0.0007644201231341852,0.0,1.1544146162618592
2007-01-17,-0.001043234650448449,0.0,-0.001043234650448449,0.0,1.1532102909331907
2007-01-18,-0.006047132748863843,0.0,-0.006047132748863843,0.0,1.1462366752165618
2007-01-19,0.007155126732694694,0.0,0.007155126732694694,0.0,1.1544381438933988
2007-01-22,-0.005037809455727765,2.5e-05,-0.005062809455727765,0.125,1.1485934435424425
2007-01-23,0.008790036242558169,0.0,0.008790036242558169,0.0,1.1586896215391453
2007-01-24,0.00814130446277235,2.5e-05,0.00811630446277235,0.125,1.1680938992854115
2007-01-25,-0.010282190277855957,2.5e-05,-0.010307190277855958,0.125,1.156054133203074
2007-01-26,0.0015256390595841662,0.0,0.0015256390595841662,0.0,1.1578178545436824
2007-01-29,-0.000756821939674579,0.0,-0.000756821939674579,0.0,1.1569415925892168
2007-01-30,0.005824049665592357,2.5e-05,0.005799049665592357,0.125,1.1636507543448313
2007-01-31,0.007043529645768126,0.0,0.007043529645768126,0.0,1.1718469629303796
2007-02-01,0.005557198957452783,0.0,0.005557198957452783,0.0,1.1783591496510706
2007-02-02,-0.0013440191070168,0.0,-0.0013440191070168,0.0,1.1767754124390115
2007-02-05,-0.000146283073471698,0.0,-0.000146283073471698,0.0,1.1766032701148939
2007-02-06,0.005843946776019571,0.0,0.005843946776019571,0.0,1.183479277001936
2007-02-07,0.0051073429094169315,0.0,0.0051073429094169315,0.0,1.1895237114957735
2007-02-08,-0.0006962987086001488,0.0,-0.0006962987086001488,0.0,1.1886954476716098
2007-02-09,-0.006709791055274278,0.0,-0.006709791055274278,0.0,1.1807195495893776
2007-02-12,-0.005991696363394819,0.0,-0.005991696363394819,0.0,1.1736450365579139
2007-02-13,0.008462223790296153,0.0,0.008462223790296153,0.0,1.1835766835076373
2007-02-14,0.008806280547280401,0.0,0.008806280547280401,0.0,1.1939995918318254
2007-02-15,0.002576364580762436,0.0,0.002576364580762436,0.0,1.1970757700896657
2007-02-16,0.0002625958215726476,0.0,0.0002625958215726476,0.0,1.1973901171849972
2007-02-20,0.0021954505693692616,0.0,0.0021954505693692616,0.0,1.2000189279995281
2007-02-21,0.0035854678127317935,0.0,0.0035854678127317935,0.0,1.2043215572405395
2007-02-22,-0.0004913018945232189,0.0,-0.0004913018945232189,0.0,1.2037298717778522
2007-02-23,-0.0023289079763707116,0.0,-0.0023289079763707116,0.0,1.200926495678073
2007-02-26,0.00010697523599084713,0.0,0.00010697523599084713,0.0,1.2010549650733557
2007-02-27,-0.038312229977095574,0.0,-0.038312229977095574,0.0,1.1550398710363328
2007-02-28,0.00935226397513067,0.0,0.00935226397513067,0.0,1.1658421088120654
2007-03-01,-0.0072558387453210554,0.0,-0.0072558387453210554,0.0,1.1573829464680199
2007-03-02,-0.014215292057934897,0.0,-0.014215292057934897,0.0,1.1409304098611037
2007-03-05,-0.016892229907781553,0.0,-0.016892229907781553,0.0,1.1216575510689504
2007-03-06,0.0236265936407635,0.0,0.0236265936407635,0.0,1.1481584982321504
2007-03-07,-0.002730056882825238,0.0,-0.002730056882825238,0.0,1.1450239602214776
2007-03-08,0.00978953747492367,0.0,0.00978953747492367,0.0,1.1562332151897512
2007-03-09,0.0012565108954444432,0.0,0.0012565108954444432,0.0,1.157686034822312
2007-03-12,0.004121610889084498,0.0,0.004121610889084498,0.0,1.1624575661895766
2007-03-13,-0.01813699445543486,0.0,-0.01813699445543486,0.0,1.141374079756918
2007-03-14,0.005631733538886435,0.0,0.005631733538886435,0.0,1.1478019944423008
2007-03-15,0.003622075218209647,0.0,0.003622075218209647,0.0,1.151959419601782
2007-03-16,-0.002381013662980269,0.0,-0.002381013662980269,0.0,1.1492165884845114
2007-03-19,0.010232090624302331,0.0,0.010232090624302331,0.0,1.1609754767648364
2007-03-20,0.00604630560159003,0.0,0.00604630560159003,0.0,1.1679950892933082
2007-03-21,0.015751635044994716,0.0,0.015751635044994716,0.0,1.1863929216742024
2007-03-22,-0.002533459026367396,0.0,-0.002533459026367396,0.0,1.1833872438179684
2007-03-23,-0.000577303219941358,0.0,-0.000577303219941358,0.0,1.182704070551675
2007-03-26,-0.00046933626399363326,0.0,-0.00046933626399363326,0.0,1.182148984641792
2007-03-27,-0.004643296617170473,0.0,-0.004643296617170473,0.0,1.1766599162604134
2007-03-28,-0.0068567134549009645,0.0,-0.0068567134549009645,0.0,1.168591896380748
2007-03-29,0.003291557805331885,0.0,0.003291557805331885,0.0,1.1724383841585275
2007-03-30,0.0021230791740955435,0.0,0.0021230791740955435,0.0,1.1749275636748449
2007-04-02,0.0030181557627798616,0.0,0.0030181557627798616,0.0,1.178473678071999
2007-04-03,0.00830755398620553,0.0,0.00830755398620553,0.0,1.1882639117739044
2007-04-04,0.0033060667634588065,0.0,0.0033060667634588065,0.0,1.1921923915988377
2007-04-05,0.0009481222351409718,0.0,0.0009481222351409718,0.0,1.1933227357138785
2007-04-09,-0.0005512883450442679,0.0,-0.0005512883450442679,0.0,1.1926648707978031
2007-04-10,0.004775810729427676,0.0,0.004775810729427676,0.0,1.1983608124843705
2007-04-11,-0.006456012894223234,0.0,-0.006456012894223234,0.0,1.1906241796270396
2007-04-12,0.004320283960619273,0.0,0.004320283960619273,0.0,1.195768014173408
2007-04-13,0.005266462753587761,0.0,0.005266462753587761,0.0,1.2020654818819836
2007-04-16,0.008737805945583571,0.0,0.008737805945583571,0.0,1.2125688967965529
2007-04-17,0.0011699581943627607,0.0,0.0011699581943627607,0.0,1.2139875517135894
2007-04-18,-0.001419488747908093,0.0,-0.001419488747908093,0.0,1.2122643100438315
2007-04-19,-0.004327705862617479,0.0,-0.004327705862617479,0.0,1.2070179866822128
2007-04-20,0.009038050233802275,0.0,0.009038050233802275,0.0,1.2179270758789495
2007-04-23,-0.0010772017848819232,0.0,-0.0010772017848819232,0.0,1.2166151226589568
2007-04-24,-0.0008271939531322298,0.0,-0.0008271939531322298,0.0,1.215608745986204
2007-04-25,0.00566388676404507,0.0,0.00566388676404507,0.0,1.2224938162728527
2007-04-26,-0.002127228048571142,0.0,-0.002127228048571142,0.0,1.2198932931376723
2007-04-27,-0.0005154739508811401,0.0,-0.0005154739508811401,0.0,1.2192644699222053
2007-04-30,-0.009818472501003206,0.0,-0.009818472501003206,0.0,1.2072931552528239
2007-05-01,-0.0006504934900580239,0.0,-0.0006504934900580239,0.0,1.2065078189147405
2007-05-02,0.0080489805538045,0.0,0.0080489805538045,0.0,1.2162189768871983
2007-05-03,0.004191526671553827,0.0,0.004191526671553827,0.0,1.2213167911672709
2007-05-04,0.003225985848440291,0.0,0.003225985848440291,0.0,1.225256741852039
2007-05-07,0.0014585827568463494,0.0,0.0014585827568463494,0.0,1.227043880208414
2007-05-08,-0.004764884890898824,0.0,-0.004764884890898824,0.0,1.2211971573631393
2007-05-09,0.003883525959929232,0.0,0.003883525959929232,0.0,1.2259397082259509
2007-05-10,-0.011461280512378977,2.5e-05,-0.011486280512378978,0.125,1.2118582208460036
2007-05-11,0.010340283357794564,0.0,0.010340283357794564,0.0,1.2243891782390242
2007-05-14,-0.004965526335963422,0.0,-0.004965526335963422,0.0,1.2183094415290097
2007-05-15,-0.0035077076935180335,0.0,-0.0035077076935180335,0.0,1.2140359681278727
2007-05-16,0.003122496026771726,0.0,0.003122496026771726,0.0,1.21782679061471
2007-05-17,-0.005580272653849971,0.0,-0.005580272653849971,0.0,1.2110309850779168
2007-05-18,0.0030961298076815774,0.0,0.0030961298076815774,0.0,1.2147804942088425
2007-05-21,0.002840514301868935,0.0,0.002840514301868935,0.0,1.2182310955762743
2007-05-22,0.002116058709885127,0.0,0.002116058709885127,0.0,1.2208089440967214
2007-05-23,-0.0017696242912341592,0.0,-0.0017696242912341592,0.0,1.2186485709342918
2007-05-24,-0.010734931894705951,0.0,-0.010734931894705951,0.0,1.2055664615217314
2007-05-25,0.0056189754691607224,2.5e-05,0.005593975469160723,0.125,1.212310370733927
2007-05-29,0.00674833631167307,2.5e-05,0.00672333631167307,0.125,1.2204611410705
2007-05-30,0.007619509002115332,2.5e-05,0.007594509002115332,0.125,1.2297299441930918
2007-05-31,0.0029620717974527533,0.0,0.0029620717974527533,0.0,1.2333724925792693
2007-06-01,0.004792748401946434,2.5e-05,0.004767748401946434,0.125,1.2392529023097687
2007-06-04,0.001561615906791644,2.5e-05,0.001536615906791644,0.125,1.2411571580319956
2007-06-05,-0.005160674826262715,0.0,-0.005160674826262715,0.0,1.2347519495311041
2007-06-06,-0.009850515048776251,0.0,-0.009850515048776251,0.0,1.2225890068707421
2007-06-07,-0.01918125237684666,0.0,-0.01918125237684666,0.0,1.199138218576796
2007-06-08,0.007773160191431483,0.0,0.007773160191431483,0.0,1.2084593120414613
2007-06-11,0.00020248014993257124,0.0,0.00020248014993257124,0.0,1.2087040010641508
2007-06-12,-0.013708115553240863,0.0,-0.013708115553240863,0.0,1.1921349469478988
2007-06-13,0.014130825116703105,0.0,0.014130825116703105,0.0,1.2089807973987297
2007-06-14,0.004120102362287145,0.0,0.004120102362287145,0.0,1.213961922038052
2007-06-15,0.009930606671364167,0.0,0.009930606671364167,0.0,1.2260173003998251
2007-06-18,-0.0015367190785078588,0.0,-0.0015367190785078588,0.0,1.2241332562237202
2007-06-19,0.0032994682737915587,0.0,0.0032994682737915587,0.0,1.2281722450655232
2007-06-20,-0.0138510291234272,0.0,-0.0138510291234272,0.0,1.2111607955305357
2007-06-21,0.005311067809474948,0.0,0.005311067809474948,0.0,1.217593352643776
2007-06-22,-0.005948613343879264,0.0,-0.005948613343879264,0.0,1.2103503605788206
2007-06-25,-0.004795354312013861,0.0,-0.004795354312013861,0.0,1.2045463017581715
2007-06-26,-0.006667102230426894,0.0,-0.006667102230426894,0.0,1.196515468423067
2007-06-27,0.012408408442953156,0.0,0.012408408442953156,0.0,1.211362321063572
2007-06-28,0.0005190536724399702,0.0,0.0005190536724399702,0.0,1.2119910831249754
2007-06-29,0.0016665931063322564,0.0,0.0016665931063322564,0.0,1.2140109791090476
2007-07-02,0.013224072045574159,0.0,0.013224072045574159,0.0,1.2300651477609037
2007-07-03,0.001723182961328798,0.0,0.001723182961328798,0.0,1.2321847750648498
2007-07-05,0.0007766810104402749,0.0,0.0007766810104402749,0.0,1.2331417895809964
2007-07-06,0.0050296385942155825,0.0,0.0050296385942155825,0.0,1.2393440471180133
2007-07-09,0.002743329343086895,0.0,0.002743329343086895,0.0,1.2427439760086523
2007-07-10,-0.009478929432651356,0.0,-0.009478929432651356,0.0,1.2309640935572137
2007-07-11,0.002837368501847362,0.0,0.002837368501847362,0.0,1.2344567923031782
2007-07-12,0.0121478394980752,0.0,0.0121478394980752,0.0,1.249452775283386
2007-07-13,0.00436379385707461,0.0,0.00436379385707461,0.0,1.2549051296288725
2007-07-16,-0.0025105522856527646,0.0,-0.0025105522856527646,0.0,1.2517546246874054
2007-07-17,-0.0003869042859410976,0.0,-0.0003869042859410976,0.0,1.2512703154581672
2007-07-18,-0.0008937334296811872,0.0,-0.0008937334296811872,0.0,1.2501520133476745
2007-07-19,0.003609851499326064,2.5e-05,0.003584851499326064,0.125,1.2546336226671093
2007-07-20,-0.0059398533710094265,2.5e-05,-0.005964853371009426,0.125,1.2471499170735616
2007-07-23,0.0017674230082541514,0.0,0.0017674230082541514,0.0,1.2493541585317396
2007-07-24,-0.01516450963157101,0.0,-0.01516450963157101,0.0,1.2304083153614418
2007-07-25,-0.0018112371161242286,0.0,-0.0018112371161242286,0.0,1.2281797541526713
2007-07-26,-0.02148594217201759,0.0,-0.02148594217201759,0.0,1.2017911549781042
2007-07-27,-0.015618883954785584,0.0,-0.015618883954785584,0.0,1.1830205183906135
2007-07-30,0.014645087477092991,0.0,0.014645087477092991,0.0,1.2003459573696398
2007-07-31,-0.007186714402705907,2.5e-05,-0.007211714402705907,0.125,1.1916894051406473
2007-08-01,0.003625586010099907,2.5e-05,0.0036005860100999073,0.125,1.195980185341181
2007-08-02,0.0051320732871049796,2.5e-05,0.00510707328710498,0.125,1.2020881437976438
2007-08-03,-0.020173764977489225,2.5e-05,-0.020198764977489226,0.125,1.177807447898849
2007-08-06,0.011403791017609285,0.0,0.011403791017609285,0.0,1.191238917893671
2007-08-07,0.0053293107473176005,2.5e-05,0.005304310747317601,0.125,1.1975576192884776
2007-08-08,0.017059511433385327,2.5e-05,0.017034511433385326,0.125,1.217957428246385
2007-08-09,-0.021868170923381627,0.0,-0.021868170923381627,0.0,1.1913229270280907
2007-08-10,-0.0073719589544840175,0.0,-0.0073719589544840175,0.0,1.1825405433085039
2007-08-13,0.0012848271971456354,0.0,0.0012848271971456354,0.0,1.1840599035602741
2007-08-14,-0.013813305821486377,0.0,-0.013813305821486377,0.0,1.1677041220014364
2007-08-15,-0.016612282808314352,0.0,-0.016612282808314352,0.0,1.148305890890314
2007-08-16,0.00339044234060773,0.0,0.00339044234060773,0.0,1.1521991558027578
2007-08-17,0.012406335609202249,2.5e-05,0.012381335609202248,0.125,1.166464920239391
2007-08-20,0.0038630344561757096,2.5e-05,0.0038380344561757098,0.125,1.17094185279519
2007-08-21,0.002464504327850156,0.0,0.002464504327850156,0.0,1.1738276440590647
2007-08-22,0.014963835541267081,0.0,0.014963835541267081,0.0,1.1913926078785575
2007-08-23,-0.0027439702992304305,0.0,-0.0027439702992304305,0.0,1.188123461947816
2007-08-24,0.012903652996183984,0.0,0.012903652996183984,0.0,1.2034545948174153
2007-08-27,-0.0067747151202941225,0.0,-0.0067747151202941225,0.0,1.1953015327773184
2007-08-28,-0.020825777726242348,0.0,-0.020825777726242348,0.0,1.1704084487398612
2007-08-29,0.022284643889112513,0.0,0.022284643889112513,0.0,1.1964905842248375
2007-08-30,-0.0017088244246451223,2.5e-05,-0.0017338244246451224,0.125,1.1944160796260506
2007-08-31,0.01271400697857103,2.5e-05,0.012689006978571029,0.125,1.209572033595743
2007-09-04,0.01163729192458307,0.0,0.01163729192458307,0.0,1.2236481764545082
2007-09-05,-0.008982623109107038,0.0,-0.008982623109107038,0.0,1.2126566060672712
2007-09-06,0.004853703853978417,0.0,0.004853703853978417,0.0,1.2185424821096924
2007-09-07,-0.010726628006411429,0.0,-0.010726628006411429,0.0,1.2054716301940924
2007-09-10,-0.0023868229613472902,0.0,-0.0023868229613472902,0.0,1.2025943828278924
2007-09-11,0.01173797189034663,2.5e-05,0.011712971890346629,0.125,1.2166803370294443
2007-09-12,-0.000438986811410233,0.0,-0.000438986811410233,0.0,1.2161462304077864
2007-09-13,0.004732536271179519,2.5e-05,0.004707536271179519,0.125,1.2218712828984892
2007-09-14,0.0002734321914031196,2.5e-05,0.0002484321914031196,0.125,1.2221748350589123
2007-09-17,-0.004202008052906117,2.5e-05,-0.004227008052906117,0.125,1.217008692189059
2007-09-18,0.02706534712862929,0.0,0.02706534712862929,0.0,1.249947454901715
2007-09-19,0.005156947090353553,0.0,0.005156947090353553,0.0,1.2563933677923655
2007-09-20,-0.006320342061013506,0.0,-0.006320342061013506,0.0,1.248452531944729
2007-09-21,0.004996270782340814,0.0,0.004996270782340814,0.0,1.254690138853224
2007-09-24,0.0038354298006020165,0.0,0.0038354298006020165,0.0,1.259502414802303
2007-09-25,-0.0033404065563966134,0.0,-0.0033404065563966134,0.0,1.2552951646781
2007-09-26,0.00601865212370159,0.0,0.00601865212370159,0.0,1.2628503495868622
2007-09-27,0.00867379116563799,0.0,0.00867379116563799,0.0,1.2738040497926315
2007-09-28,-0.0025597446438917343,0.0,-0.0025597446438917343,0.0,1.270543436698807
2007-10-01,0.015907802231686446,0.0,0.015907802231686446,0.0,1.2907549904165792
2007-10-02,0.0012426022203841092,0.0,0.0012426022203841092,0.0,1.2923588854336427
2007-10-03,-0.007565332371835459,0.0,-0.007565332371835459,0.0,1.2825817609216426
2007-10-04,0.005810265154811839,0.0,0.005810265154811839,0.0,1.2900339010353228
2007-10-05,0.014496709943522978,0.0,0.014496709943522978,0.0,1.3087351483159433
2007-10-08,-0.00725189873135669,0.0,-0.00725189873135669,0.0,1.299244333554189
2007-10-09,0.008280963816483813,0.0,0.008280963816483813,0.0,1.3100033288691229
2007-10-10,-0.0004158608890396376,0.0,-0.0004158608890396376,0.0,1.3094585497201343
2007-10-11,-0.004204801333394528,0.0,-0.004204801333394528,0.0,1.3039525366642462
2007-10-12,0.005937788645547976,0.0,0.005937788645547976,0.0,1.3116951312307847
2007-10-15,-0.007400319921581813,0.0,-0.007400319921581813,0.0,1.3019881676200957
2007-10-16,-0.008770248993309693,0.0,-0.008770248993309693,0.0,1.2905694072037244
2007-10-17,0.0068364619773206015,0.0,0.0068364619773206015,0.0,1.299392335885166
2007-10-18,0.003951938980112618,0.0,0.003951938980112618,0.0,1.30452745510781
2007-10-19,-0.022893246359873526,0.0,-0.022893246359873526,0.0,1.274662586694808
2007-10-22,0.007091073763917974,0.0,0.007091073763917974,0.0,1.2837013131211674
2007-10-23,0.010708834952911639,2.5e-05,0.010683834952911638,0.125,1.29741616607939
2007-10-24,-0.0016539397381260257,0.0,-0.0016539397381260257,0.0,1.2952703179254241
2007-10-25,0.0011597313377927632,2.5e-05,0.001134731337792763,0.125,1.296740101746087
2007-10-26,0.013873288724047236,2.5e-05,0.013848288724047236,0.125,1.314697733075117
2007-10-29,0.005750975457849583,0.0,0.005750975457849583,0.0,1.3222585274725225
2007-10-30,-0.00626101091357123,0.0,-0.00626101091357123,0.0,1.3139798524014543
2007-10-31,0.010120574803892751,0.0,0.010120574803892751,0.0,1.3272780837884912
2007-11-01,-0.017241667123821428,0.0,-0.017241667123821428,0.0,1.3043935968870664
2007-11-02,0.004802793247689605,2.5e-05,0.004777793247689605,0.125,1.310625719806603
2007-11-05,-0.009922262583644398,2.5e-05,-0.009947262583644399,0.125,1.2975885816228088
2007-11-06,0.01411087864879522,0.0,0.01411087864879522,0.0,1.3158986966341504
2007-11-07,-0.01502520481645471,0.0,-0.01502520481645471,0.0,1.2961270491995165
2007-11-08,-0.0034297793877605676,0.0,-0.0034297793877605676,0.0,1.2916816193622531
2007-11-09,-0.011662483702711515,0.0,-0.011662483702711515,0.0,1.2766174035273488
2007-11-12,-0.020035579155104608,0.0,-0.020035579155104608,0.0,1.2510396344881924
2007-11-13,0.02592555724241931,0.0,0.02592555724241931,0.0,1.2834735341446515
2007-11-14,-0.0007706711540427097,0.0,-0.0007706711540427097,0.0,1.282484398114909
2007-11-15,-0.011647071115592322,0.0,-0.011647071115592322,0.0,1.2675472111254271
2007-11-16,0.0021162690249896254,0.0,0.0021162690249896254,0.0,1.270229682026044
2007-11-19,-0.012258019488729413,2.5e-05,-0.012283019488729414,0.125,1.2546274260865553
2007-11-20,0.010970943661246041,0.0,0.010970943661246041,0.0,1.268391872894005
2007-11-21,-0.012602867534797377,0.0,-0.012602867534797377,0.0,1.2524064981377083
2007-11-23,0.013694779005858804,0.0,0.013694779005858804,0.0,1.2695579283552056
2007-11-26,-0.009289815716188893,0.0,-0.009289815716188893,0.0,1.2577639691597593
2007-11-27,0.007380624474391181,0.0,0.007380624474391181,0.0,1.2670470526935473
2007-11-28,0.016529730607890744,0.0,0.016529730607890744,0.0,1.2879909991420935
2007-11-29,-0.002926711886930916,0.0,-0.002926711886930916,0.0,1.2842214205746443
2007-11-30,0.0006393577053885602,2.5e-05,0.0006143577053885602,0.125,1.2850103918997993
2007-12-03,-0.0008793910554243944,2.5e-05,-0.0009043910554243944,0.125,1.2838482399952378
2007-12-04,-0.0009708885235311937,0.0,-0.0009708885235311937,0.0,1.2826017664730707
2007-12-05,0.008631312518899287,0.0,0.008631312518899287,0.0,1.293672303156792
2007-12-06,0.0068200542393339475,0.0,0.0068200542393339475,0.0,1.3024952184322454
2007-12-07,-0.004588150960003756,0.0,-0.004588150960003756,0.0,1.2965191737453952
2007-12-10,0.004273147028260982,0.0,0.004273147028260982,0.0,1.3020593907997688
2007-12-11,-0.018601688366917696,2.5e-05,-0.018626688366917696,0.125,1.2778063362921228
2007-12-12,0.010856116352115974,0.0,0.010856116352115974,0.0,1.291678350554381
2007-12-13,-0.01136851714600097,2.5e-05,-0.01139351714600097,0.125,1.2769615911202212
2007-12-14,-0.009773029925718504,0.0,-0.009773029925718504,0.0,1.2644818072762103
2007-12-17,-0.012314866480795467,0.0,-0.012314866480795467,0.0,1.2489098826522087
2007-12-18,0.008696143653545041,0.0,0.008696143653545041,0.0,1.2597705824020844
2007-12-19,0.0014048231292382168,0.0,0.0014048231292382168,0.0,1.2615403372537768
2007-12-20,0.0037502117438080323,0.0,0.0037502117438080323,0.0,1.2662713806418333
2007-12-21,0.010267080921895697,0.0,0.010267080921895697,0.0,1.2792722913759635
2007-12-24,0.003969910445358535,0.0,0.003969910445358535,0.0,1.2843508878079548
2007-12-26,0.003528592984904544,2.5e-05,0.003503592984904544,0.125,1.2888507305686348
2007-12-27,-0.008262270722963747,0.0,-0.008262270722963747,0.0,1.2782018969111872
2007-12-28,0.00392140870236693,0.0,0.00392140870236693,0.0,1.2832142489531166
2007-12-31,-0.004707710674042104,2.5e-05,-0.004732710674042104,0.125,1.2771411671800132
2008-01-02,-0.00014110459123983787,0.0,-0.00014110459123983787,0.0,1.2769609566976627
2008-01-03,0.0026664766152842134,0.0,0.0026664766152842134,0.0,1.280365943227328
2008-01-04,-0.015756049633261784,0.0,-0.015756049633261784,0.0,1.2601924338771002
2008-01-07,0.0003614347450948685,0.0,0.0003614347450948685,0.0,1.2606479112082092
2008-01-08,-0.0041140405156789295,0.0,-0.0041140405156789295,0.0,1.2554615546254926
2008-01-09,0.00888384575839267,0.0,0.00888384575839267,0.0,1.2666148814323772
2008-01-10,0.0031114930815519387,0.0,0.0031114930815519387,0.0,1.2705559448729447
2008-01-11,-0.008023030239758977,0.0,-0.008023030239758977,0.0,1.2603622361059235
2008-01-14,0.008839831279923854,0.0,0.008839831279923854,0.0,1.2715036256246874
2008-01-15,-0.016674697464697547,0.0,-0.016674697464697547,0.0,1.2503016873421298
2008-01-16,-0.012876189988697287,0.0,-0.012876189988697287,0.0,1.2342025652727238
2008-01-17,-0.005927492385357808,2.5e-05,-0.0059524923853578075,0.125,1.2268559839009487
2008-01-18,0.003876735757101013,0.0,0.003876735757101013,0.0,1.2316121803625508
2008-01-22,-0.007442494731565441,0.0,-0.007442494731565441,0.0,1.2224459131988707
2008-01-23,-0.0003674268443182166,2.5e-05,-0.0003924268443182166,0.125,1.2219661926068044
2008-01-24,0.005593261280367967,0.0,0.005593261280367967,0.0,1.2288009687978307
2008-01-25,-0.002050567462411612,0.0,-0.002050567462411612,0.0,1.226281229513434
2008-01-28,0.005597427589017018,0.0,0.005597427589017018,0.0,1.233145249899406
2008-01-29,-0.0020546479884371444,0.0,-0.0020546479884371444,0.0,1.2306115704922493
2008-01-30,-0.00132635607703889,0.0,-0.00132635607703889,0.0,1.2289793413572525
2008-01-31,0.005965789910551383,2.5e-05,0.0059407899105513836,0.125,1.2362804494286639
2008-02-01,0.0017146449802145358,2.5e-05,0.0016896449802145358,0.125,1.2383693244841785
2008-02-04,-0.0030059053890757054,0.0,-0.0030059053890757054,0.0,1.2346469034580454
2008-02-05,-0.01706141070753281,2.5e-05,-0.01708641070753281,0.125,1.2135512193867777
2008-02-06,-0.0030799054018847,2.5e-05,-0.0031049054018847,0.125,1.2097832576502399
2008-02-07,0.0006911218381673301,2.5e-05,0.0006661218381673301,0.125,1.21058912069761
2008-02-08,0.0027943659634464407,0.0,0.0027943659634464407,0.0,1.213971949732206
2008-02-11,0.0025230877911211202,0.0,0.0025230877911211202,0.0,1.2170349075373388
2008-02-12,-0.001465515546636445,0.0,-0.001465515546636445,0.0,1.2152513239595435
2008-02-13,0.004379682127322593,2.5e-05,0.004354682127322593,0.125,1.2205433571801951
2008-02-14,-0.005328525073830637,0.0,-0.005328525073830637,0.0,1.214039661297763
2008-02-15,0.0006445889828766149,0.0,0.0006445889828766149,0.0,1.2148222178882109
2008-02-19,0.003777323845088748,2.5e-05,0.0037523238450887482,0.125,1.2193806242639365
2008-02-20,0.004175076667387506,0.0,0.004175076667387506,0.0,1.2244716318569653
2008-02-21,-0.0004138345949862565,0.0,-0.0004138345949862565,0.0,1.2239649031351236
2008-02-22,0.001149295374130166,0.0,0.001149295374130166,0.0,1.2253716003363944
2008-02-25,0.00018090588930616547,0.0,0.00018090588930616547,0.0,1.2255932772754836
2008-02-26,0.0029997828358411527,0.0,0.0029997828358411527,0.0,1.229269790952377
2008-02-27,0.0025918751705442666,0.0,0.0025918751705442666,0.0,1.2324559048014467
2008-02-28,0.0024727040954899,0.0,0.0024727040954899,0.0,1.23550340356476
2008-02-29,-0.012041138326128714,7.500000000000001e-05,-0.012116138326128715,0.375,1.2205338734247666
2008-03-03,0.0012875176176056907,2.5e-05,0.0012625176176056907,0.125,1.22207481894285
2008-03-04,-0.008663144713178639,2.5e-05,-0.00868814471317864,0.125,1.211457256065543
2008-03-05,0.006579094052094767,2.5e-05,0.006554094052094767,0.125,1.2193972608618893
2008-03-06,-0.009713116952493175,0.0,-0.009713116952493175,0.0,1.2075531126555878
2008-03-07,-0.0038642507102169127,0.0,-0.0038642507102169127,0.0,1.2028868246823838
2008-03-10,-0.000636729338029593,5e-05,-0.000686729338029593,0.25,1.2020607670095451
2008-03-11,0.007495184026806684,0.0,0.007495184026806684,0.0,1.211070433669686
2008-03-12,0.001423721865391081,0.0,0.001423721865391081,0.0,1.21279466112663
2008-03-13,-0.0004029808686421693,0.0,-0.0004029808686421693,0.0,1.2123059280806046
2008-03-14,-0.007727254467464209,5e-05,-0.007777254467464209,0.25,1.2028775163855063
2008-03-17,-0.005717609871717974,0.0,-0.005717609871717974,0.0,1.195999932023353
2008-03-18,0.0026507122984340825,5e-05,0.0026007122984340824,0.25,1.1991103837554926
2008-03-19,-0.009917250282498347,0.0,-0.009917250282498347,0.0,1.1872185059634468
2008-03-20,0.0007640534274117317,2.5e-05,0.0007390534274117317,0.125,1.1880959238693656
2008-03-24,0.0026379612129695945,2.5e-05,0.0026129612129695947,0.125,1.1912003724357234
2008-03-25,0.006092372104848365,0.0,0.006092372104848365,0.0,1.1984576083560359
2008-03-26,-0.00045664575575284083,2.5e-05,-0.00048164575575284084,0.125,1.1978803763355215
2008-03-27,-0.004704597389003404,0.0,-0.004704597389003404,0.0,1.192244831444675
2008-03-28,-0.0017513110571139995,0.0,-0.0017513110571139995,0.0,1.190156839888579
2008-03-31,-0.0008157873340889771,2.5e-05,-0.000840787334088977,0.125,1.189156171092021
2008-04-01,0.0032037156584056314,2.5e-05,0.0031787156584056316,0.125,1.1929361604333608
2008-04-02,0.00354968194495886,0.0,0.00354968194495886,0.0,1.1971707043835396
2008-04-03,0.0022854551846727966,0.0,0.0022854551846727966,0.0,1.1999067843768112
2008-04-04,0.0025359953367751487,0.0,0.0025359953367751487,0.0,1.2029497423865556
2008-04-07,0.0020056736461387947,0.0,0.0020056736461387947,0.0,1.2053624669824898
2008-04-08,-0.003199528052944045,0.0,-0.003199528052944045,0.0,1.2015058759554136
2008-04-09,0.000630923149254628,0.0,0.000630923149254628,0.0,1.2022639338265195
2008-04-10,0.002448052393763736,0.0,0.002448052393763736,0.0,1.2052071389276593
2008-04-11,-0.005295230331500908,0.0,-0.005295230331500908,0.0,1.198825289529868
2008-04-14,-0.0018523669062253112,0.0,-0.0018523669062253112,0.0,1.196604625237197
2008-04-15,0.0006693954846462846,2.5e-05,0.0006443954846462847,0.125,1.1973757118546065
2008-04-16,0.004668733182224702,0.0,0.004668733182224702,0.0,1.202965939572132
2008-04-17,-0.0020729288509248184,0.0,-0.0020729288509248184,0.0,1.200472276769313
2008-04-18,0.0031352889831709613,2.5e-05,0.0031102889831709614,0.125,1.2042060924663507
2008-04-21,0.001505221987699465,0.0,0.001505221987699465,0.0,1.2060186899544527
2008-04-22,-0.002562035250347941,0.0,-0.002562035250347941,0.0,1.202928827558211
2008-04-23,0.001305176444109546,0.0,0.001305176444109546,0.0,1.2044988619278802
2008-04-24,-0.004344520113388178,0.0,-0.004344520113388178,0.0,1.1992658923956814
2008-04-25,-5.7282366429989295e-05,0.0,-5.7282366429989295e-05,0.0,1.1991971956073861
2008-04-28,0.0009825841841888394,0.0,0.0009825841841888394,0.0,1.2003755078055136
2008-04-29,-0.003465419131149894,0.0,-0.003465419131149894,0.0,1.1962157035562007
2008-04-30,0.0036668217543875115,0.0,0.0036668217543875115,0.0,1.2006020133209405
2008-05-01,0.0014454117904989378,0.0,0.0014454117904989378,0.0,1.2023373776266915
2008-05-02,0.0006789707251372984,0.0,0.0006789707251372984,0.0,1.2031537295078383
2008-05-05,0.0020469471526382427,0.0,0.0020469471526382427,0.0,1.2056165216086405
2008-05-06,0.0017882590675768473,0.0,0.0017882590675768473,0.0,1.2077724762854276
2008-05-07,-0.006626627333262802,0.0,-0.006626627333262802,0.0,1.199769018181712
2008-05-08,0.005413846954662793,0.0,0.005413846954662793,0.0,1.2062643840270937
2008-05-09,-0.0007921944894098976,0.0,-0.0007921944894098976,0.0,1.2053087880292959
2008-05-12,0.003084804376324385,0.0,0.003084804376324385,0.0,1.2090269298534309
2008-05-13,-0.0027388944389104136,0.0,-0.0027388944389104136,0.0,1.2057155327187623
2008-05-14,-0.00020203645081538768,0.0,-0.00020203645081538768,0.0,1.2054719342318387
2008-05-15,0.008624168822156497,0.0,0.008624168822156497,0.0,1.2158681277030257
2008-05-16,0.004193800491236702,0.0,0.004193800491236702,0.0,1.2209672360542656
2008-05-19,-0.0003055192551029151,0.0,-0.0003055192551029151,0.0,1.2205942070538012
2008-05-20,-0.001511147059570006,2.5e-05,-0.0015361470595700061,0.125,1.2187191948517073
2008-05-21,-0.0025517753845359925,2.5e-05,-0.0025767753845359924,0.125,1.2155788292297518
2008-05-22,-0.001999952979058972,0.0,-0.001999952979058972,0.0,1.2131477287289527
2008-05-23,-0.0016778537819295836,0.0,-0.0016778537819295836,0.0,1.2111122442242657
2008-05-27,-0.0014041312300210052,0.0,-0.0014041312300210052,0.0,1.2094116836990896
2008-05-28,0.0007752002264782565,0.0,0.0007752002264782565,0.0,1.2103492199101986
2008-05-29,-0.003196383488944285,0.0,-0.003196383488944285,0.0,1.206480479647821
2008-05-30,0.003416610696133582,0.0,0.003416610696133582,0.0,1.210602553759262
2008-06-02,-0.0018006477404604176,0.0,-0.0018006477404604176,0.0,1.2084226850062398
2008-06-03,-0.0035757872649167105,0.0,-0.0035757872649167105,0.0,1.2041016225585581
2008-06-04,-0.0009312631469853699,0.0,-0.0009312631469853699,0.0,1.2029802870922441
2008-06-05,0.004924418831341745,0.0,0.004924418831341745,0.0,1.2089042658717342
2008-06-06,-0.002895359958248689,0.0,-0.002895359958248689,0.0,1.2054040528669732
2008-06-09,-0.0024842376283613077,0.0,-0.0024842376283613077,0.0,1.2024095427614618
2008-06-10,-0.007752154157706442,0.0,-0.007752154157706442,0.0,1.1930882786252777
2008-06-11,-0.0030267262286716584,0.0,-0.0030267262286716584,0.0,1.189477127039242
2008-06-12,-0.002429334223623486,0.0,-0.002429334223623486,0.0,1.1865874895463082
2008-06-13,0.003924346045024132,0.0,0.003924346045024132,0.0,1.1912440694679844
2008-06-16,0.003282848681687933,0.0,0.003282848681687933,0.0,1.1951547434910061
2008-06-17,0.0004610180837915506,0.0,0.0004610180837915506,0.0,1.195705731440685
2008-06-18,0.0005829158734390189,0.0,0.0005829158734390189,0.0,1.1964027272915037
2008-06-19,0.0016072250474417349,0.0,0.0016072250474417349,0.0,1.1983256157216342
2008-06-20,-0.005978683628461531,0.0,-0.005978683628461531,0.0,1.1911612059813532
2008-06-23,-0.0029602159088970847,0.0,-0.0029602159088970847,0.0,1.1876351116293462
2008-06-24,0.0008246340525195073,2.5e-05,0.0007996340525195073,0.125,1.188584785106573
2008-06-25,0.0024866874250316084,0.0,0.0024866874250316084,0.0,1.1915404239452814
2008-06-26,0.0011138234346610293,0.0,0.0011138234346610293,0.0,1.1928675895928176
2008-06-27,0.0038607295280764786,2.5e-05,0.0038357295280764788,0.125,1.1974431070293041
2008-06-30,0.0008779316428261519,2.5e-05,0.0008529316428261519,0.125,1.1984644441457735
2008-07-01,-0.0008018533630262115,0.0,-0.0008018533630262115,0.0,1.1975034514007679
2008-07-02,-0.00222159521448069,0.0,-0.00222159521448069,0.0,1.1948430834638117
2008-07-03,-0.0021172831425478184,0.0,-0.0021172831425478184,0.0,1.192313262345204
2008-07-07,-0.000556797020253616,2.5e-05,-0.000581797020253616,0.125,1.1916195780419627
2008-07-08,0.00030394931117967705,0.0,0.00030394931117967705,0.0,1.1919817699918966
2008-07-09,0.0014310004773317453,0.0,0.0014310004773317453,0.0,1.1936874964737256
2008-07-10,0.0027596424413278836,0.0,0.0027596424413278836,0.0,1.196981647150677
2008-07-11,0.00040040743739003237,0.0,0.00040040743739003237,0.0,1.1974609275046153
2008-07-14,0.002083841148458193,0.0,0.002083841148458193,0.0,1.1999562458590205
2008-07-15,0.0002984040744115346,0.0,0.0002984040744115346,0.0,1.2003143176919004
2008-07-16,-0.004508058155286529,0.0,-0.004508058155286529,0.0,1.1949032309431222
2008-07-17,-0.0009350179573661271,0.0,-0.0009350179573661271,0.0,1.1937859749648756
2008-07-18,-0.0005345234497865087,0.0,-0.0005345234497865087,0.0,1.1931478683672305
2008-07-21,0.0017447554235126006,0.0,0.0017447554235126006,0.0,1.1952296195816168
2008-07-22,-0.003326565202873749,0.0,-0.003326565202873749,0.0,1.1912536103196725
2008-07-23,-0.0035935222461927624,0.0,-0.0035935222461927624,0.0,1.1869728139701312
2008-07-24,0.0022688593619503705,0.0,0.0022688593619503705,0.0,1.189665888351488
2008-07-25,-0.0007568146665292846,0.0,-0.0007568146665292846,0.0,1.1887655317589139
2008-07-28,0.0013166838317133778,0.0,0.0013166838317133778,0.0,1.190330760114279
2008-07-29,-0.002061550190492048,0.0,-0.002061550190492048,0.0,1.1878768335090168
2008-07-30,-0.0013523723495291462,0.0,-0.0013523723495291462,0.0,1.186270381724733
2008-07-31,-0.0007799365334704433,2.5e-05,-0.0008049365334704433,0.125,1.185315509355909
2008-08-01,-0.0012791585649492981,0.0,-0.0012791585649492981,0.0,1.183799302869949
2008-08-04,-0.0022824562513196617,2.5e-05,-0.0023074562513196615,0.125,1.1810677377682337
2008-08-05,-0.003852118715436642,0.0,-0.003852118715436642,0.0,1.1765181246313783
2008-08-06,0.0003029283751182221,0.0,0.0003029283751182221,0.0,1.17687452535517
2008-08-07,0.00124188624649188,0.0,0.00124188624649188,0.0,1.178336069642055
2008-08-08,-0.0020697120974636635,0.0,-0.0020697120974636635,0.0,1.1758972532238392
2008-08-11,-0.006081382743240549,0.0,-0.006081382743240549,0.0,1.1687461719602599
2008-08-12,0.0002263222057811154,0.0,0.0002263222057811154,0.0,1.1690106851718962
2008-08-13,-0.0009028512307034109,5e-05,-0.0009528512307034109,0.25,1.1678967919018246
2008-08-14,-0.001141023581303774,2.5e-05,-0.001166023581303774,0.125,1.166534996701938
2008-08-15,-0.0018585822550924586,0.0,-0.0018585822550924586,0.0,1.1643668954571234
2008-08-18,-0.004518812397321992,7.500000000000001e-05,-0.004593812397321992,0.375,1.159018012377741
2008-08-19,-0.00048739451419144153,5e-05,-0.0005373945141914416,0.25,1.15839516245604
2008-08-20,-1.3043978184731908e-05,2.5e-05,-3.8043978184731906e-05,0.125,1.1583510924957503
2008-08-21,0.0026855920381502613,0.0,0.0026855920381502613,0.0,1.1614619509671396
2008-08-22,-0.0003731294790797618,2.5e-05,-0.0003981294790797618,0.125,1.16099953872563
2008-08-25,0.0010175911782693003,5e-05,0.0009675911782693003,0.25,1.1621229116372758
2008-08-26,0.000408335197193882,2.5e-05,0.000383335197193882,0.125,1.1625683942527716
2008-08-27,0.00041266928477831644,2.5e-05,0.0003876692847783164,0.125,1.1630190863106775
2008-08-28,0.0012731610378790281,0.0,0.0012731610378790281,0.0,1.164499796897678
2008-08-29,-0.0038988270609113806,2.5e-05,-0.0039238270609113805,0.125,1.159930501082185
2008-09-02,-0.0026767534629539014,2.5e-05,-0.0027017534629539012,0.125,1.1567966548341004
2008-09-03,4.061000113982083e-05,0.0,4.061000113982083e-05,0.0,1.156843632347572
2008-09-04,0.0002101764515677479,0.0,0.0002101764515677479,0.0,1.1570867736372377
2008-09-05,0.0008754210231618348,0.0,0.0008754210231618348,0.0,1.1580997117245022
2008-09-08,0.00033372016305510677,0.0,0.00033372016305510677,0.0,1.158486192949133
2008-09-09,-0.002518062410534136,0.0,-0.002518062410534136,0.0,1.1555690524135451
2008-09-10,-0.004484230829900168,0.0,-0.004484230829900168,0.0,1.1503872140426339
2008-09-11,-0.001984968738254836,0.0,-0.001984968738254836,0.0,1.1481037313858713
2008-09-12,0.0026132715373909654,0.0,0.0026132715373909654,0.0,1.1511040381890745
2008-09-15,0.007380758275807503,0.0,0.007380758275807503,0.0,1.1596000588452537
2008-09-16,-0.0012664181196545554,0.0,-0.0012664181196545554,0.0,1.1581315203191795
2008-09-17,0.014738104235986954,0.0,0.014738104235986954,0.0,1.1752001833846255
2008-09-18,-0.005718239210254786,0.0,-0.005718239210254786,0.0,1.1684801076160969
2008-09-19,0.0008336270228327947,0.0,0.0008336270228327947,0.0,1.1694541842094484
2008-09-22,0.004638911551216804,0.0,0.004638911551216804,0.0,1.1748791787331965
2008-09-23,-0.0016842601352988484,0.0,-0.0016842601352988484,0.0,1.1729003765686634
2008-09-24,-0.0017310672590075127,0.0,-0.0017310672590075127,0.0,1.170870007128708
2008-09-25,-0.0006274355474342186,0.0,-0.0006274355474342186,0.0,1.1701353616648107
2008-09-26,0.0011807995087767809,0.0,0.0011807995087767809,0.0,1.1715170569250668
2008-09-29,0.00786461090635529,0.0,0.00786461090635529,0.0,1.180730582747941
2008-09-30,-0.009326161834033092,0.0,-0.009326161834033092,0.0,1.1697188982508415
2008-10-01,0.0028949984555169117,0.0,0.0028949984555169117,0.0,1.1731052326546667
2008-10-02,-0.004287552095559685,0.0,-0.004287552095559685,0.0,1.1680754828560862
2008-10-03,0.0014950815110646443,0.0,0.0014950815110646443,0.0,1.1698218509140321
2008-10-06,0.004829425753547278,0.0,0.004829425753547278,0.0,1.1754714186878987
2008-10-07,0.004056475078603475,0.0,0.004056475078603475,0.0,1.1802396892034168
2008-10-08,0.001284221908387978,0.0,0.001284221908387978,0.0,1.1817553788694408
2008-10-09,-0.00038072393317421793,0.0,-0.00038072393317421793,0.0,1.1813054563135479
2008-10-10,-0.010167866870363487,0.0,-0.010167866870363487,0.0,1.1692940997005177
2008-10-13,-0.0034498810748486985,0.0,-0.0034498810748486985,0.0,1.1652601741150286
2008-10-14,-0.0004848344619121231,0.0,-0.0004848344619121231,0.0,1.164695215825524
2008-10-15,0.0028833941971165844,0.0,0.0028833941971165844,0.0,1.1680534912522447
2008-10-16,-0.006676411219182471,0.0,-0.006676411219182471,0.0,1.160255085818643
2008-10-17,-0.004138712321806237,0.0,-0.004138712321806237,0.0,1.155453123798527
2008-10-20,0.003087203463862709,0.0,0.003087203463862709,0.0,1.1590202426846488
2008-10-21,-0.0032726180647386777,0.0,-0.0032726180647386777,0.0,1.1552272121010412
2008-10-22,-0.004566166071162794,0.0,-0.004566166071162794,0.0,1.1499522528006614
2008-10-23,-0.0009202893028017051,0.0,-0.0009202893028017051,0.0,1.1488939640436762
2008-10-24,-0.0013297061870124194,2.5e-05,-0.0013547061870124194,0.125,1.147337550282365
2008-10-27,9.048515794207734e-05,0.0,9.048515794207734e-05,0.0,1.1474413673018151
2008-10-28,-0.001820811968119146,0.0,-0.001820811968119146,0.0,1.1453520923275171
2008-10-29,-0.0006290101778452656,0.0,-0.0006290101778452656,0.0,1.1446316542042267
2008-10-30,-0.001132676993447504,0.0,-0.001132676993447504,0.0,1.1433351562635379
2008-10-31,-0.0016214155170622552,0.0,-0.0016214155170622552,0.0,1.1414813348999693
2008-11-03,0.00033800545448187114,0.0,0.00033800545448187114,0.0,1.1418671618173548
2008-11-04,0.0023460184242338755,0.0,0.0023460184242338755,0.0,1.144546003217006
2008-11-05,0.0014823003825542858,0.0,0.0014823003825542858,0.0,1.1462425641954257
2008-11-06,-0.0009025116881439532,0.0,-0.0009025116881439532,0.0,1.1452080668837912
2008-11-07,-0.000816889874209456,0.0,-0.000816889874209456,0.0,1.1442725580100908
2008-11-10,0.0006100538421845159,0.0,0.0006100538421845159,0.0,1.1449706258806112
2008-11-11,0.0003694829428828872,0.0,0.0003694829428828872,0.0,1.145393672996976
2008-11-12,0.0008026575319551588,0.0,0.0008026575319551588,0.0,1.1463130318556607
2008-11-13,-0.0029939399994589333,0.0,-0.0029939399994589333,0.0,1.142881039417687
2008-11-14,0.0024780788597096315,0.0,0.0024780788597096315,0.0,1.1457131887606309
2008-11-17,0.0005515700274201507,0.0,0.0005515700274201507,0.0,1.1463451298155711
2008-11-18,0.0016085011296563534,0.0,0.0016085011296563534,0.0,1.1481890272518553
2008-11-19,0.0032017643978843047,0.0,0.0032017643978843047,0.0,1.1518652580013518
2008-11-20,0.006457688560898539,0.0,0.006457688560898539,0.0,1.1593036451016434
2008-11-21,-0.001807377681362507,0.0,-0.001807377681362507,0.0,1.1572083455675646
2008-11-24,-0.0019554330167108336,0.0,-0.0019554330167108336,0.0,1.1549455021614283
2008-11-25,0.003676814917249638,0.0,0.003676814917249638,0.0,1.159192023012386
2008-11-26,0.00016779668904118306,0.0,0.00016779668904118306,0.0,1.1593865315958105
2008-11-28,0.0014353147216598638,2.5e-05,0.0014103147216598638,0.125,1.1610216314894142
2008-12-01,-0.0024663243207938,0.0,-0.0024663243207938,0.0,1.1581581756027042
2008-12-02,0.002628029096990836,0.0,0.002628029096990836,0.0,1.1612018489871059
2008-12-03,0.0003527479711907533,2.5e-05,0.0003277479711907533,0.125,1.1615824305372544
2008-12-04,0.0024631129123579287,0.0,0.0024631129123579287,0.0,1.164443539220679
2008-12-05,-0.002025825424566488,0.0,-0.002025825424566488,0.0,1.1620845798934534
2008-12-08,-0.00027162954973719566,0.0,-0.00027162954973719566,0.0,1.1617689233822603
2008-12-09,0.0024718983667776084,0.0,0.0024718983667776084,0.0,1.1646406980865418
2008-12-10,-0.0003000759108191531,0.0,-0.0003000759108191531,0.0,1.1642912174682865
2008-12-11,0.00024516737495325347,0.0,0.00024516737495325347,0.0,1.1645766636897543
2008-12-12,0.00024797896727798974,2.5e-05,0.00022297896727798973,0.125,1.16483633979154
2008-12-15,0.00419270267984817,0.0,0.00419270267984817,0.0,1.1697201522349687
2008-12-16,0.005905392964490941,0.0,0.005905392964490941,0.0,1.1766278093924005
2008-12-17,0.004827262261613924,0.0,0.004827262261613924,0.0,1.1823077004126459
2008-12-18,0.0003402694131850875,0.0,0.0003402694131850875,0.0,1.1827100035600695
2008-12-19,-0.0017150195013018038,0.0,-0.0017150195013018038,0.0,1.1806816328395793
2008-12-22,0.00029459414702036335,0.0,0.00029459414702036335,0.0,1.1810294547381082
2008-12-23,-0.0014080676473278153,0.0,-0.0014080676473278153,0.0,1.1793664853723502
2008-12-24,0.000987492813936175,0.0,0.000987492813936175,0.0,1.1805311013016526
2008-12-26,0.0036186885779183886,0.0,0.0036186885779183886,0.0,1.1848030757138104
2008-12-29,0.0009452473704487929,0.0,0.0009452473704487929,0.0,1.1859230077056284
2008-12-30,0.0005391044621621266,0.0,0.0005391044621621266,0.0,1.1865623440908633
2008-12-31,-0.0017126724631307128,0.0,-0.0017126724631307128,0.0,1.184530151438351
2009-01-02,-0.003561014021256123,0.0,-0.003561014021256123,0.0,1.1803120229604784
2009-01-05,-0.005759881512226089,0.0,-0.005759881512226089,0.0,1.1735135655607702
2009-01-06,-0.0002953754882859816,0.0,-0.0002953754882859816,0.0,1.1731669384183325
2009-01-07,0.0004900802253450798,2.5e-05,0.00046508022534507977,0.125,1.1737125551624195
2009-01-08,0.002483183082890278,2.5e-05,0.002458183082890278,0.125,1.1765977555096956
2009-01-09,0.00018882348055576648,2.5e-05,0.00016382348055576647,0.125,1.176790509849217
2009-01-12,0.001297430424320345,0.0,0.001297430424320345,0.0,1.178317313659747
2009-01-13,0.00013167379405343294,0.0,0.00013167379405343294,0.0,1.1784724671710354
2009-01-14,0.002061002230172748,0.0,0.002061002230172748,0.0,1.1809013015540721
2009-01-15,0.00020491911223410875,0.0,0.00020491911223410875,0.0,1.181143290800423
2009-01-16,-0.001927384691910991,0.0,-0.001927384691910991,0.0,1.178866773302781
2009-01-20,-2.194998430395112e-05,0.0,-2.194998430395112e-05,0.0,1.1788408971956104
2009-01-21,-0.003948546878431158,0.0,-0.003948546878431158,0.0,1.1741861886508216
2009-01-22,-0.0024058444442886517,0.0,-0.0024058444442886517,0.0,1.1713612793322954
2009-01-23,-0.0009788501340953215,0.0,-0.0009788501340953215,0.0,1.170214692186947
2009-01-26,-0.001091133006671588,0.0,-0.001091133006671588,0.0,1.1689378323114097
2009-01-27,0.002939128309760619,0.0,0.002939128309760619,0.0,1.1723734905867063
2009-01-28,-0.0031233225585153845,0.0,-0.0031233225585153845,0.0,1.1687117900165513
2009-01-29,-0.0028747844594454175,0.0,-0.0028747844594454175,0.0,1.165351995525041
2009-01-30,-0.0003963098721432995,0.0,-0.0003963098721432995,0.0,1.1648901550246926
2009-02-02,0.002325679721418311,0.0,0.002325679721418311,0.0,1.1675993164359135
2009-02-03,-0.002977024732772532,0.0,-0.002977024732772532,0.0,1.1641233443929155
2009-02-04,-0.0004373736209927759,0.0,-0.0004373736209927759,0.0,1.1636141875504962
2009-02-05,0.0001097060746373113,0.0,0.0001097060746373113,0.0,1.1637418430954047
2009-02-06,-0.0011249050114152948,2.5e-05,-0.0011499050114152948,0.125,1.1624036505180357
2009-02-09,-0.0013687578144685741,0.0,-0.0013687578144685741,0.0,1.1608126014378224
2009-02-10,0.002716309590769711,2.5e-05,0.002691309590769711,0.125,1.1639367075251583
2009-02-11,0.0016213173742956055,0.0,0.0016213173742956055,0.0,1.1658238183316494
2009-02-12,-0.0011767097765401635,0.0,-0.0011767097765401635,0.0,1.1644519820468953
2009-02-13,-0.004158517833478273,2.5e-05,-0.004183517833478273,0.125,1.159580476413773
2009-02-17,0.0078104346984610995,0.0,0.0078104346984610995,0.0,1.1686373040024132
2009-02-18,0.0008465665852153137,0.0,0.0008465665852153137,0.0,1.1696266332942178
2009-02-19,-0.0035955012445823,0.0,-0.0035955012445823,0.0,1.165421239278512
2009-02-20,0.003864048219297228,0.0,0.003864048219297228,0.0,1.1699244831428772
2009-02-23,0.001065263453318685,0.0,0.001065263453318685,0.0,1.171170760937912
2009-02-24,-0.00396809711015654,0.0,-0.00396809711015654,0.0,1.1665234416259345
2009-02-25,-0.0035286108003292765,0.0,-0.0035286108003292765,0.0,1.162407234410976
2009-02-26,-0.001436332929006065,0.0,-0.001436332929006065,0.0,1.1607376306232766
2009-02-27,-0.00071981594498155,2.5e-05,-0.00074481594498155,0.125,1.1598730947280482
2009-03-02,0.002069512461133266,0.0,0.002069512461133266,0.0,1.1622734665509211
2009-03-03,-0.0008350672263869596,0.0,-0.0008350672263869596,0.0,1.1613028900709053
2009-03-04,-0.0005727161741354292,0.0,-0.0005727161741354292,0.0,1.1606377931226914
2009-03-05,0.0034762444436572115,0.0,0.0034762444436572115,0.0,1.1646724538021327
2009-03-06,-0.0008335345431875474,0.0,-0.0008335345431875474,0.0,1.1637016590803895
2009-03-09,-0.0007314777631245301,0.0,-0.0007314777631245301,0.0,1.162850437193861
2009-03-10,-0.0023999113026513946,0.0,-0.0023999113026513946,0.0,1.1600596992863463
2009-03-11,0.0013525924695480251,0.0,0.0013525924695480251,0.0,1.1616287872998272
2009-03-12,0.000596103461194486,0.0,0.000596103461194486,0.0,1.1623212382405599
2009-03-13,-0.0006295680860634034,0.0,-0.0006295680860634034,0.0,1.1615894778832099
2009-03-16,-0.001971266265378524,0.0,-0.001971266265378524,0.0,1.15929967573124
2009-03-17,-0.0006799399025703007,0.0,-0.0006799399025703007,0.0,1.1585114216226735
2009-03-18,0.004735971584956672,0.0,0.004735971584956672,0.0,1.1639980987963263
2009-03-19,0.00015569180579041997,0.0,0.00015569180579041997,0.0,1.1641793237622644
2009-03-20,-0.0006937573849127715,0.0,-0.0006937573849127715,0.0,1.1633716657590416
2009-03-23,-0.0030993022476349524,2.5e-05,-0.0031243022476349523,0.125,1.1597369410488758
2009-03-24,-0.0003449465223765158,0.0,-0.0003449465223765158,0.0,1.1593368938241895
2009-03-25,-0.0002669954695607851,0.0,-0.0002669954695607851,0.0,1.1590273561258437
2009-03-26,0.0014497707662523562,2.5e-05,0.0014247707662523562,0.125,1.1606787044201385
2009-03-27,0.0009272670989317611,0.0,0.0009272670989317611,0.0,1.161754963595178
2009-03-30,0.00047825635926032617,0.0,0.00047825635926032617,0.0,1.1623105802944196
2009-03-31,0.0008932421990783812,0.0,0.0008932421990783812,0.0,1.1633488051531737
2009-04-01,0.0011408751556252206,0.0,0.0011408751556252206,0.0,1.1646760409022994
2009-04-02,-0.004589926182957366,2.5e-05,-0.0046149261829573655,0.125,1.1593011469464762
2009-04-03,-0.004261108571559771,0.0,-0.004261108571559771,0.0,1.1543612388922035
2009-04-06,-0.0005344366418597729,2.5e-05,-0.0005594366418597729,0.125,1.1537154469172246
2009-04-07,0.00031712801436231675,0.0,0.00031712801436231675,0.0,1.1540813224060447
2009-04-08,0.001107246632843839,0.0,0.001107246632843839,0.0,1.1553591750643069
2009-04-09,-0.0015678164981450249,0.0,-0.0015678164981450249,0.0,1.1535477838883579
2009-04-13,0.001148127830325918,0.0,0.001148127830325918,0.0,1.154872204202651
2009-04-14,0.0006534370712098225,0.0,0.0006534370712098225,0.0,1.1556268405133867
2009-04-15,-0.00021670244208209233,0.0,-0.00021670244208209233,0.0,1.1553764133549118
2009-04-16,-0.0009889549784311558,0.0,-0.0009889549784311558,0.0,1.1542337980989625
2009-04-17,-0.0013736298276481318,0.0,-0.0013736298276481318,0.0,1.1526483081258143
2009-04-20,0.001892828004146585,0.0,0.001892828004146585,0.0,1.154830073122367
2009-04-21,-0.0012349987110772814,0.0,-0.0012349987110772814,0.0,1.1534038594705478
2009-04-22,-0.0007581659820679459,0.0,-0.0007581659820679459,0.0,1.1525293879007115
2009-04-23,-1.2305859165603894e-05,0.0,-1.2305859165603894e-05,0.0,1.1525152050363798
2009-04-24,-0.0012550573835409667,0.0,-0.0012550573835409667,0.0,1.1510687323186557
2009-04-27,0.0005345400306316916,0.0,0.0005345400306316916,0.0,1.1516840246340887
2009-04-28,-0.0038115733722162842,2.5e-05,-0.003836573372216284,0.125,1.1472655043719706
2009-04-29,-0.00028106810880165756,0.0,-0.00028106810880165756,0.0,1.1469430446263633
2009-04-30,-0.0019951356789328356,0.0,-0.0019951356789328356,0.0,1.1446547376363254
2009-05-01,-0.001318571009527647,0.0,-0.001318571009527647,0.0,1.1431454290833598
2009-05-04,0.0028413194278227027,0.0,0.0028413194278227027,0.0,1.146393470399841
2009-05-05,-0.0007039043036556614,0.0,-0.0007039043036556614,0.0,1.145586519102344
2009-05-06,0.001531835835247769,0.0,0.001531835835247769,0.0,1.147341369584682
2009-05-07,-0.0031912172324511934,0.0,-0.0031912172324511934,0.0,1.143679954034559
2009-05-08,0.0010582242896896576,0.0,0.0010582242896896576,0.0,1.1448902239415497
2009-05-11,0.0013746110398527162,0.0,0.0013746110398527162,0.0,1.1464640026827992
2009-05-12,0.001861980454760187,0.0,0.001861980454760187,0.0,1.1485986962478807
2009-05-13,0.0018956505733738471,0.0,0.0018956505733738471,0.0,1.1507760380249994
2009-05-14,0.00040383658976787806,0.0,0.00040383658976787806,0.0,1.151240763495782
2009-05-15,0.0006759416201076174,0.0,0.0006759416201076174,0.0,1.1520189350425933
2009-05-18,-0.0035629094301931202,0.0,-0.0035629094301931202,0.0,1.147914395915169
2009-05-19,0.00016962249154860165,0.0,0.00016962249154860165,0.0,1.1481091080150887
2009-05-20,0.0030877479376817396,0.0,0.0030877479376817396,0.0,1.1516541795455961
2009-05-21,-0.0009757487456290292,0.0,-0.0009757487456290292,0.0,1.150530454424506
2009-05-22,-0.0009881522866413972,0.0,-0.0009881522866413972,0.0,1.149393555125116
2009-05-26,-0.002402162773346206,0.0,-0.002402162773346206,0.0,1.1466325247150704
2009-05-27,-0.002625193949754856,0.0,-0.002625193949754856,0.0,1.1436223919485964
2009-05-28,0.0028663596142387004,0.0,0.0028663596142387004,0.0,1.1469004249868169
2009-05-29,0.0058268111906008835,0.0,0.0058268111906008835,0.0,1.153583197217635
2009-06-01,-0.0043061779013257445,0.0,-0.0043061779013257445,0.0,1.1486156627464357
2009-06-02,0.0014951026133414036,0.0,0.0014951026133414036,0.0,1.1503329610255328
2009-06-03,-0.0013557236138944662,0.0,-0.0013557236138944662,0.0,1.1487734274664294
2009-06-04,-0.0001731027644362032,0.0,-0.0001731027644362032,0.0,1.148574571610424
2009-06-05,-0.00422612035239775,0.0,-0.00422612035239775,0.0,1.1437205572370948
2009-06-08,-0.0005200519530543096,0.0,-0.0005200519530543096,0.0,1.1431257631275553
2009-06-09,0.0003467842750443234,0.0,0.0003467842750443234,0.0,1.143522181166606
2009-06-10,-0.001927185304715126,0.0,-0.001927185304715126,0.0,1.141318402023446
2009-06-11,0.0011759922732677563,0.0,0.0011759922732677563,0.0,1.1426605836455637
2009-06-12,-0.0009196316770161139,0.0,-0.0009196316770161139,0.0,1.1416097567767653
2009-06-15,-0.00032569008790579723,0.0,-0.00032569008790579723,0.0,1.1412379457947266
2009-06-16,0.0033143345629843834,0.0,0.0033143345629843834,0.0,1.1450203901630633
2009-06-17,-0.00013267543168518636,0.0,-0.00013267543168518636,0.0,1.1448684740885102
2009-06-18,-0.0028934034809426773,0.0,-0.0028934034809426773,0.0,1.141555907660361
2009-06-19,0.002109356203711915,0.0,0.002109356203711915,0.0,1.1439638556960685
2009-06-22,-0.0006366429256157713,0.0,-0.0006366429256157713,0.0,1.1432355592001795
2009-06-23,0.001996401866704439,0.0,0.001996401866704439,0.0,1.1455179168046496
2009-06-24,-0.0005258042520210893,0.0,-0.0005258042520210893,0.0,1.1449155986132273
2009-06-25,0.0034672261798821546,0.0,0.0034672261798821546,0.0,1.1488852799504945
2009-06-26,0.00018476738356638933,0.0,0.00018476738356638933,0.0,1.1490975564776889
2009-06-29,-0.000153704447558356,0.0,-0.000153704447558356,0.0,1.1489209350725798
2009-06-30,-0.0013790632690287574,0.0,-0.0013790632690287574,0.0,1.147336500412003
2009-07-01,0.0014109330908372436,0.0,0.0014109330908372436,0.0,1.1489553154467598
2009-07-02,0.0002922228143722172,2.5e-05,0.0002672228143722172,0.125,1.1492623425197415
2009-07-06,-0.0002386271004600482,0.0,-0.0002386271004600482,0.0,1.148988097379278
2009-07-07,0.0008367051877331277,0.0,0.0008367051877331277,0.0,1.1499494616809989
2009-07-08,0.002308668678415199,0.0,0.002308668678415199,0.0,1.1526043139849422
2009-07-09,-0.0014895096031258687,0.0,-0.0014895096031258687,0.0,1.1508874987906574
2009-07-10,0.0011535599720479683,0.0,0.0011535599720479683,0.0,1.1522151165415928
2009-07-13,-0.0007014261934980975,0.0,-0.0007014261934980975,0.0,1.1514069226783061
2009-07-14,-0.002077031804749954,0.0,-0.002077031804749954,0.0,1.149015413879694
2009-07-15,-0.0032146745287468664,0.0,-0.0032146745287468664,0.0,1.1453217032955574
2009-07-16,0.001349900581249286,0.0,0.001349900581249286,0.0,1.1468677737285535
2009-07-17,-0.0019289261568972982,0.0,-0.0019289261568972982,0.0,1.1446555504813059
2009-07-20,0.0006575404152553144,0.0,0.0006575404152553144,0.0,1.1454082077672936
2009-07-21,0.0024939629299549904,0.0,0.0024939629299549904,0.0,1.1482648133771314
2009-07-22,-0.0011224018606837693,0.0,-0.0011224018606837693,0.0,1.146975998814039
2009-07-23,-0.002291994804818509,0.0,-0.002291994804818509,0.0,1.1443471357835058
2009-07-24,0.0008053680362306026,2.5e-05,0.0007803680362306026,0.125,1.1452401477106233
2009-07-27,-0.001033852523166151,0.0,-0.001033852523166151,0.0,1.1440561382942815
2009-07-28,-0.001027995793349501,0.0,-0.001027995793349501,0.0,1.1428800533967594
2009-07-29,-0.0005496702686519916,0.0,-0.0005496702686519916,0.0,1.1422518462107716
2009-07-30,0.00234777239252823,0.0,0.00234777239252823,0.0,1.1449335935606197
2009-07-31,0.0047930806134033055,0.0,0.0047930806134033055,0.0,1.1504213525715494
2009-08-03,-0.0011980238958464035,0.0,-0.0011980238958464035,0.0,1.1490431203008766
2009-08-04,8.470191987589026e-05,0.0,8.470191987589026e-05,0.0,1.1491404464591863
2009-08-05,-0.0017365388464934545,0.0,-0.0017365388464934545,0.0,1.147144919433833
2009-08-06,0.0001888012080105278,0.0,0.0001888012080105278,0.0,1.147361501780385
2009-08-07,-0.002164367222841246,0.0,-0.002164367222841246,0.0,1.1448781901531817
2009-08-10,0.0004677076778588085,0.0,0.0004677076778588085,0.0,1.1454136584729293
2009-08-11,0.0012578942186681485,0.0,0.0012578942186681485,0.0,1.146854467691906
2009-08-12,-0.0011197713434215745,0.0,-0.0011197713434215745,0.0,1.1455702529239096
2009-08-13,0.0028077286736078733,0.0,0.0028077286736078733,0.0,1.1487867033706762
2009-08-14,-0.0004762637897924721,0.0,-0.0004762637897924721,0.0,1.1482395778616656
2009-08-17,-2.0444028352661903e-05,0.0,-2.0444028352661903e-05,0.0,1.1482161032191802
2009-08-18,-0.00011170786294573132,0.0,-0.00011170786294573132,0.0,1.1480878384520896
2009-08-19,0.0016734007882317214,0.0,0.0016734007882317214,0.0,1.1500090495459145
2009-08-20,0.0006755258465354769,0.0,0.0006755258465354769,0.0,1.1507859103826323
2009-08-21,-0.0007025514556258938,0.0,-0.0007025514556258938,0.0,1.1499774240661793
2009-08-24,0.0005176134782545749,0.0,0.0005176134782545749,0.0,1.1505726678805643
2009-08-25,0.0012755044721804998,0.0,0.0012755044721804998,0.0,1.1520402284640148
2009-08-26,0.0006133503524120565,0.0,0.0006133503524120565,0.0,1.152746832744136
2009-08-27,4.643246147501001e-05,0.0,4.643246147501001e-05,0.0,1.1528003576170378
2009-08-28,0.0014845686814995984,0.0,0.0014845686814995984,0.0,1.1545117689239777
2009-08-31,-0.0005092534508412544,0.0,-0.0005092534508412544,0.0,1.1539238298216163
2009-09-01,0.00036655472687402435,0.0,0.00036655472687402435,0.0,1.1543468060558901
2009-09-02,0.0048703734211650584,0.0,0.0048703734211650584,0.0,1.1599689060589116
2009-09-03,0.000880767541749039,0.0,0.000880767541749039,0.0,1.1609905690208064
2009-09-04,-0.0020395676389542705,0.0,-0.0020395676389542705,0.0,1.1586226502271004
2009-09-08,0.0015678150628382348,2.5e-05,0.0015428150628382347,0.125,1.1604101907040163
2009-09-09,7.852136563220313e-05,0.0,7.852136563220313e-05,0.0,1.160501307696884
2009-09-10,0.0047414360213603735,0.0,0.0047414360213603735,0.0,1.1660037504000338
2009-09-11,0.0021367217063503197,0.0,0.0021367217063503197,0.0,1.1684951759231994
2009-09-14,-0.0027407706785834707,0.0,-0.0027407706785834707,0.0,1.1652925986069629
2009-09-15,0.0020509292059357476,0.0,0.0020509292059357476,0.0,1.1676825312309067
2009-09-16,0.004643441693065603,0.0,0.004643441693065603,0.0,1.1731045969806888
2009-09-17,0.00018801229802502262,0.0,0.00018801229802502262,0.0,1.173325155071791
2009-09-18,-0.0010548676246606575,5e-05,-0.0011048676246606574,0.25,1.172028786094752
2009-09-21,-0.0021378669970436026,0.0,-0.0021378669970436026,0.0,1.1695231444333751
2009-09-22,0.004066374112234594,2.5e-05,0.004041374112234594,0.125,1.1742496249929473
2009-09-23,-0.002554175852876664,2.5e-05,-0.0025791758528766638,0.125,1.1712210287149158
2009-09-24,-0.0048304988569079915,2.5e-05,-0.004855498856907991,0.125,1.165534166348804
2009-09-25,0.0003124222801703519,0.0,0.0003124222801703519,0.0,1.1658983051906708
2009-09-28,0.004897782590258942,0.0,0.004897782590258942,0.0,1.1716086216118462
2009-09-29,0.00010726702717951675,0.0,0.00010726702717951675,0.0,1.1717342965857045
2009-09-30,0.002572532595362678,0.0,0.002572532595362678,0.0,1.1747486212567757
2009-10-01,-0.00987459396504417,2.5e-05,-0.009899593965044171,0.125,1.1631190868953383
2009-10-02,-0.0019699175969375704,0.0,-0.0019699175969375704,0.0,1.1608278381387291
2009-10-05,0.005769530494112746,2.5e-05,0.005744530494112746,0.125,1.167496249053332
2009-10-06,0.00822888799105742,2.5e-05,0.00820388799105742,0.125,1.177074257510545
2009-10-07,0.002254838889457045,0.0,0.002254838889457045,0.0,1.1797283703221586
2009-10-08,0.0062238642992892,5e-05,0.0061738642992892005,0.25,1.1870118531905491
2009-10-09,-0.0011184183973344392,0.0,-0.0011184183973344392,0.0,1.185684277296087
2009-10-12,0.003628048908889875,0.0,0.003628048908889875,0.0,1.1899859978446188
2009-10-13,-0.0010669688601722405,2.5e-05,-0.0010919688601722405,0.125,1.1886865701909315
2009-10-14,0.01133749911196831,2.5e-05,0.01131249911196831,0.125,1.2021335859606253
2009-10-15,-0.002193268609740659,0.0,-0.002193268609740659,0.0,1.1994969841018228
2009-10-16,-0.0051969962817501325,0.0,-0.0051969962817501325,0.0,1.193263202735475
2009-10-19,0.012673622021886627,2.5e-05,0.012648622021886626,0.125,1.208356337959502
2009-10-20,-0.007280138000914052,0.0,-0.007280138000914052,0.0,1.1995593370648776
2009-10-21,-0.0060758647286422995,0.0,-0.0060758647286422995,0.0,1.1922709767988915
2009-10-22,0.008635021579535329,0.0,0.008635021579535329,0.0,1.2025662624122038
2009-10-23,-0.01049944161759292,0.0,-0.01049944161759292,0.0,1.1899399881487198
2009-10-26,-0.010231949444491836,0.0,-0.010231949444491836,0.0,1.177764582348003
2009-10-27,-0.007275898933833111,0.0,-0.007275898933833111,0.0,1.1691952862789907
2009-10-28,-0.024093587888236942,0.0,-0.024093587888236942,0.0,1.1410251768905155
2009-10-29,0.023168329126241782,0.0,0.023168329126241782,0.0,1.1674608237300435
2009-10-30,-0.020947284414686212,0.0,-0.020947284414686212,0.0,1.1430056898123664
2009-11-02,0.005421957869777186,0.0,0.005421957869777186,0.0,1.1492030185074447
2009-11-03,0.005989711193930547,0.0,0.005989711193930547,0.0,1.1560864126914974
2009-11-04,-0.0007456014354474821,0.0,-0.0007456014354474821,0.0,1.1552244330026933
2009-11-05,0.016238691154145668,0.0,0.016238691154145668,0.0,1.1739837657839471
2009-11-06,0.002005233517008917,2.5e-05,0.001980233517008917,0.125,1.1763085277853769
2009-11-09,0.023269077619096107,2.5e-05,0.023244077619096106,0.125,1.2036507345092249
2009-11-10,-0.00261333393665647,0.0,-0.00261333393665647,0.0,1.2005051931968505
2009-11-11,0.008014450312036348,0.0,0.008014450312036348,0.0,1.2101265824170682
2009-11-12,-0.011978945964189872,0.0,-0.011978945964189872,0.0,1.1956305414764643
2009-11-13,0.010830102518760903,0.0,0.010830102518760903,0.0,1.208579342815216
2009-11-16,0.018169499943237938,0.0,0.018169499943237938,0.0,1.2305386251158958
2009-11-17,-0.001858550152990593,0.0,-0.001858550152990593,0.0,1.2282516073659258
2009-11-18,-0.0005551525560563986,0.0,-0.0005551525560563986,0.0,1.2275697403466161
2009-11-19,-0.013953054677138074,0.0,-0.013953054677138074,0.0,1.2104413926395596
2009-11-20,-0.002643775477870647,0.0,-0.002643775477870647,0.0,1.2072412573682996
2009-11-23,0.013705984135942623,2.5e-05,0.013680984135942622,0.125,1.2237575058586108
2009-11-24,-0.0033801362119325745,0.0,-0.0033801362119325745,0.0,1.2196210387984339
2009-11-25,0.006651417455545247,0.0,0.006651417455545247,0.0,1.227733247465048
2009-11-27,-0.021382025562147675,0.0,-0.021382025562147675,0.0,1.2014818237842517
2009-11-30,0.008596049612114826,0.0,0.008596049612114826,0.0,1.2118098211495554
2009-12-01,0.015500291046716352,0.0,0.015500291046716352,0.0,1.2305932260706427
2009-12-02,0.006265244751366611,0.0,0.006265244751366611,0.0,1.2383031938213491
2009-12-03,-0.00637759527507803,0.0,-0.00637759527507803,0.0,1.2304057972233202
2009-12-04,0.0036464659291230023,0.0,0.0036464659291230023,0.0,1.2348924300418906
2009-12-07,-0.005686866412389149,0.0,-0.005686866412389149,0.0,1.2278697617585719
2009-12-08,-0.010728209175222617,0.0,-0.010728209175222617,0.0,1.214696918114495
2009-12-09,0.0015570439320464619,0.0,0.0015570439320464619,0.0,1.2165882545801208
2009-12-10,0.0014272109574994252,0.0,0.0014272109574994252,0.0,1.2183245826678228
2009-12-11,0.0019561659876137366,0.0,0.0019561659876137366,0.0,1.2207078277783112
2009-12-14,0.009318167166274205,0.0,0.009318167166274205,0.0,1.2320825873787289
2009-12-15,-0.005579913571132453,0.0,-0.005579913571132453,0.0,1.2252076730286583
2009-12-16,0.005832120372357225,0.0,0.005832120372357225,0.0,1.2323532316588972
2009-12-17,-0.016468546858617247,0.0,-0.016468546858617247,0.0,1.2120581647169544
2009-12-18,0.007237554142029479,0.0,0.007237554142029479,0.0,1.2208305013073824
2009-12-21,0.003941469273080395,0.0,0.003941469273080395,0.0,1.2256423672159247
2009-12-22,0.004821246961996026,0.0,0.004821246961996026,0.0,1.231551491755358
2009-12-23,0.007083322724312363,0.0,0.007083322724312363,0.0,1.2402749684230696
2009-12-24,0.007902073196630471,0.0,0.007902073196630471,0.0,1.2500757120074972
2009-12-28,0.0025045719371532132,0.0,0.0025045719371532132,0.0,1.2532066165551081
2009-12-29,-0.004109536412299136,0.0,-0.004109536412299136,0.0,1.2480565183322407
2009-12-30,-0.00014688518458007283,0.0,-0.00014688518458007283,0.0,1.247873197320179
2009-12-31,-0.005970876468489317,0.0,-0.005970876468489317,0.0,1.2404223006106414
2010-01-04,0.016326513451973113,0.0,0.016326513451973113,0.0,1.2606740719876885
2010-01-05,0.0006644296696827617,0.0,0.0006644296696827617,0.0,1.2615117012449168
2010-01-06,0.0018440686031903908,0.0,0.0018440686031903908,0.0,1.26383801536574
2010-01-07,0.0009012972871832448,0.0,0.0009012972871832448,0.0,1.264977109140428
2010-01-08,0.003810150727200326,0.0,0.003810150727200326,0.0,1.2697968625927112
2010-01-11,0.002316638543734331,0.0,0.002316638543734331,0.0,1.2727385229473063
2010-01-12,-0.012269828214009015,0.0,-0.012269828214009015,0.0,1.2571222399093913
2010-01-13,0.009371311893268564,0.0,0.009371311893268564,0.0,1.2689031245075466
2010-01-14,0.0019830350528604046,0.0,0.0019830350528604046,0.0,1.2714194038821292
2010-01-15,-0.010333531966848011,0.0,-0.010333531966848011,0.0,1.2582811508288423
2010-01-19,0.01293096482056355,0.0,0.01293096482056355,0.0,1.2745519401245882
2010-01-20,-0.015371183378306619,0.0,-0.015371183378306619,0.0,1.2549605685277567
2010-01-21,-0.01745597229941423,0.0,-0.01745597229941423,0.0,1.233054011606679
2010-01-22,-0.017279064239442476,0.0,-0.017279064239442476,0.0,1.211747992129425
2010-01-25,0.004895864597632998,0.0,0.004895864597632998,0.0,1.2176805462253442
2010-01-26,-0.006028138752165749,0.0,-0.006028138752165749,0.0,1.2103401989368847
2010-01-27,0.002371327988338251,0.0,0.002371327988338251,0.0,1.2132103125260345
2010-01-28,-0.010896133246020873,0.0,-0.010896133246020873,0.0,1.1999910113053043
2010-01-29,-0.009398125517380715,0.0,-0.009398125517380715,0.0,1.1887133451613283
2010-02-01,0.015539641507458707,0.0,0.015539641507458707,0.0,1.2071855244002674
2010-02-02,0.009729648969733273,0.0,0.009729648969733273,0.0,1.2189310157940252
2010-02-03,-0.005332665148889748,0.0,-0.005332665148889748,0.0,1.2124308648471995
2010-02-04,-0.03199928416313884,0.0,-0.03199928416313884,0.0,1.173633945074794
2010-02-05,0.002857343396661813,0.0,0.002857343396661813,0.0,1.1769874202778516
2010-02-08,-0.010264849490976655,0.0,-0.010264849490976655,0.0,1.1649058215559267
2010-02-09,0.013847331768578969,0.0,0.013847331768578969,0.0,1.1810366589461607
2010-02-10,-0.0014330703752083174,0.0,-0.0014330703752083174,0.0,1.1793441502981898
2010-02-11,0.013219770586318291,0.0,0.013219770586318291,0.0,1.1949348094074483
2010-02-12,-0.00021888975306354197,0.0,-0.00021888975306354197,0.0,1.1946732504220903
2010-02-16,0.018228041280163476,0.0,0.018228041280163476,0.0,1.2164498037470912
2010-02-17,0.003459469481044239,0.0,0.003459469481044239,0.0,1.2206580747183764
2010-02-18,0.006424129978656129,0.0,0.006424129978656129,0.0,1.2284997408498632
2010-02-19,-0.001976933034237377,0.0,-0.001976933034237377,0.0,1.226071079129625
2010-02-22,0.00039688245589239446,0.0,0.00039688245589239446,0.0,1.2265576852306086
2010-02-23,-0.011563615962774984,0.0,-0.011563615962774984,0.0,1.2123742432024116
2010-02-24,0.006136529966197263,0.0,0.006136529966197263,0.0,1.219814014076069
2010-02-25,-0.0003624714646286997,0.0,-0.0003624714646286997,0.0,1.2193718663038122
2010-02-26,0.0032773454752819398,0.0,0.0032773454752819398,0.0,1.223368169172529
2010-03-01,0.010175142354047734,0.0,0.010175142354047734,0.0,1.2358161144452704
2010-03-02,0.005919211146611675,0.0,0.005919211146611675,0.0,1.2431311709650572
2010-03-03,0.002969924551439518,0.0,0.002969924551439518,0.0,1.2468231767503661
2010-03-04,2.15354358673453e-05,0.0,2.15354358673453e-05,0.0,1.246850027630927
2010-03-05,0.015289069578771006,0.0,0.015289069578771006,0.0,1.2659132044576689
2010-03-08,0.0007973116168882993,0.0,0.0007973116168882993,0.0,1.2669225317615551
2010-03-09,0.0018731199596786346,0.0,0.0018731199596786346,0.0,1.2692956296431643
2010-03-10,0.0037327301854723216,0.0,0.0037327301854723216,0.0,1.2740335677542216
2010-03-11,0.0027635655555687533,0.0,0.0027635655555687533,0.0,1.2775544430387054
2010-03-12,0.0006443225647654177,0.0,0.0006443225647654177,0.0,1.2783776001940714
2010-03-15,-0.0023023374511071115,0.0,-0.0023023374511071115,0.0,1.2754343435684883
2010-03-16,0.011435989850802908,0.0,0.011435989850802908,0.0,1.290020197776903
2010-03-17,0.004779785037581641,0.0,0.004779785037581641,0.0,1.2961862170164153
2010-03-18,-0.0015336324800031553,0.0,-0.0015336324800031553,0.0,1.2941983437338664
2010-03-19,-0.009531432789520455,0.0,-0.009531432789520455,0.0,1.2818627792042585
2010-03-22,0.005346232740865153,0.0,0.005346232740865153,0.0,1.2887159159637367
2010-03-23,0.005394472469662265,0.0,0.005394472469662265,0.0,1.2956678584936185
2010-03-24,-0.008196868212968958,0.0,-0.008196868212968958,0.0,1.2850474398097667
2010-03-25,-0.00070584721152403,0.0,-0.00070584721152403,0.0,1.2841403926577009
2010-03-26,0.0033023494700814976,0.0,0.0033023494700814976,0.0,1.2883810730029042
2010-03-29,0.005947891490730717,0.0,0.005947891490730717,0.0,1.2960442238238365
2010-03-30,0.0002894581095536364,0.0,0.0002894581095536364,0.0,1.2964193743347625
2010-03-31,-0.002024623321044347,0.0,-0.002024623321044347,0.0,1.2937946134356306
2010-04-01,0.009634656855051327,0.0,0.009634656855051327,0.0,1.3062598805769967
2010-04-05,0.009250299572178822,0.0,0.009250299572178822,0.0,1.3183431757914525
2010-04-06,0.004436715875860614,0.0,0.004436715875860614,0.0,1.324192289889319
2010-04-07,-0.004489397629694469,0.0,-0.004489397629694469,0.0,1.3182474641618303
2010-04-08,0.001217497881985788,0.0,0.001217497881985788,0.0,1.3198524276573806
2010-04-09,0.007597701195449641,0.0,0.007597701195449641,0.0,1.3298802720248102
2010-04-12,-0.001267363259215254,0.0,-0.001267363259215254,0.0,1.3281948306288907
2010-04-13,0.003354981350524283,0.0,0.003354981350524283,0.0,1.3326508995155133
2010-04-14,0.009658151361396167,0.0,0.009658151361396167,0.0,1.345521843614935
2010-04-15,-0.0024655494199311984,0.0,-0.0024655494199311984,0.0,1.3422043930139054
2010-04-16,-0.017097356029836405,0.0,-0.017097356029836405,0.0,1.3192562466417361
2010-04-19,-0.0005915781738885101,0.0,-0.0005915781738885101,0.0,1.3184758034404567
2010-04-20,0.008170821383116672,0.0,0.008170821383116672,0.0,1.32924883372833
2010-04-21,0.003256925731984092,0.0,0.003256925731984092,0.0,1.3335780984591097
2010-04-22,0.003201165750713525,0.0,0.003201165750713525,0.0,1.3378471029937988
2010-04-23,0.007439970642997007,0.0,0.007439970642997007,0.0,1.3478006461648913
2010-04-26,-0.0005745584497800771,0.0,-0.0005745584497800771,0.0,1.3470262559150181
2010-04-27,-0.019871756992929063,0.0,-0.019871756992929063,0.0,1.3202584774943797
2010-04-28,0.002349752394033011,0.0,0.002349752394033011,0.0,1.3233607580126145
2010-04-29,0.015974148824060785,0.0,0.015974148824060785,0.0,1.34450031970903
2010-04-30,-0.014014083579824338,0.0,-0.014014083579824338,0.0,1.325658379855527
2010-05-03,0.012319813966439996,0.0,0.012319813966439996,0.0,1.3419902444783993
2010-05-04,-0.025078411482144056,0.0,-0.025078411482144056,0.0,1.3083352609223469
2010-05-05,-0.009323798265411437,0.0,-0.009323798265411437,0.0,1.2961366068859825
2010-05-06,-0.02513602140218782,0.0,-0.02513602140218782,0.0,1.2635568893951374
2010-05-07,-0.012093508970232328,2.5e-05,-0.012118508970232329,0.125,1.2482444638966035
2010-05-10,0.041040165005980886,0.0,0.041040165005980886,0.0,1.2994726226627222
2010-05-11,-0.0002350688428774117,0.0,-0.0002350688428774117,0.0,1.299167157136962
2010-05-12,0.012731524894502827,0.0,0.012731524894502827,0.0,1.3157075361401718
2010-05-13,-0.00960929721711852,0.0,-0.00960929721711852,0.0,1.303064511374598
2010-05-14,-0.017362954314308468,2.5e-05,-0.01738795431430847,0.125,1.2804068851822197
2010-05-17,-0.0007628647801929123,0.0,-0.0007628647801929123,0.0,1.2794301078651975
2010-05-18,-0.01224289892467513,2.5e-05,-0.012267898924675131,0.125,1.263734188620721
2010-05-19,-0.007638520062040202,0.0,-0.007638520062040202,0.0,1.2540811296678553
2010-05-20,-0.03087123759357703,0.0,-0.03087123759357703,0.0,1.2153660931522574
2010-05-21,0.015810722890129525,0.0,0.015810722890129525,0.0,1.2345819096611472
2010-05-24,-0.009428879124605646,0.0,-0.009428879124605646,0.0,1.2229411860655275
2010-05-25,0.0005661440767432135,0.0,0.0005661440767432135,0.0,1.2236335469742239
2010-05-26,-0.003192691729508243,0.0,-0.003192691729508243,0.0,1.2197268622688504
2010-05-27,0.03319784825705238,0.0,0.03319784825705238,0.0,1.2602191695575022
2010-05-28,-0.009204281801469885,0.0,-0.009204281801469885,0.0,1.2486197571892805
2010-06-01,-0.0112238886042208,0.0,-0.0112238886042208,0.0,1.2346053881255588
2010-06-02,0.018625414601306137,0.0,0.018625414601306137,0.0,1.2576004253484037
2010-06-03,-0.000771327617076642,0.0,-0.000771327617076642,0.0,1.2566304034090852
2010-06-04,-0.027138525541753472,0.0,-0.027138525541753472,0.0,1.2225273071096239
2010-06-07,-0.007878177743545378,0.0,-0.007878177743545378,0.0,1.2128960196878764
2010-06-08,0.007035812999742486,0.0,0.007035812999742486,0.0,1.2214297292705323
2010-06-09,-0.0026048204320679724,0.0,-0.0026048204320679724,0.0,1.218248124155393
2010-06-10,0.022710686482929093,0.0,0.022710686482929093,0.0,1.2459153753615029
2010-06-11,0.008495196871284805,0.0,0.008495196871284805,0.0,1.2564996717601595
2010-06-14,0.0018737728792558306,0.0,0.0018737728792558306,0.0,1.2588540667678978
2010-06-15,0.02079262243848437,0.0,0.02079262243848437,0.0,1.2850289440833533
2010-06-16,-0.001810165548907408,0.0,-0.001810165548907408,0.0,1.2827028289594247
2010-06-17,0.00343709237084322,0.0,0.00343709237084322,0.0,1.2871115970669003
2010-06-18,0.0010184840904964299,0.0,0.0010184840904964299,0.0,1.2884224997512062
2010-06-21,-0.004394349873879599,0.0,-0.004394349873879599,0.0,1.2827607205019207
2010-06-22,-0.010707668011854493,0.0,-0.010707668011854493,0.0,1.2690253445681388
2010-06-23,0.000575172233383936,0.0,0.000575172233383936,0.0,1.2697552527097948
2010-06-24,-0.013373330175324466,0.0,-0.013373330175324466,0.0,1.2527743964734541
2010-06-25,0.010054410673978914,0.0,0.010054410673978914,0.0,1.2653703047374443
2010-06-28,-0.005329894900737653,0.0,-0.005329894900737653,0.0,1.2586260140026793
2010-06-29,-0.025305007333394386,0.0,-0.025305007333394386,0.0,1.2267764734883406
2010-06-30,-0.006277624552438035,0.0,-0.006277624552438035,0.0,1.2190752313780169
2010-07-01,-0.004075866211795856,0.0,-0.004075866211795856,0.0,1.214106443832806
2010-07-02,-0.003981571407946194,0.0,-0.003981571407946194,0.0,1.209272392329838
2010-07-06,0.0005475485821269666,0.0,0.0005475485821269666,0.0,1.2099345277136635
2010-07-07,0.024878265126794932,0.0,0.024878265126794932,0.0,1.2400355996801875
2010-07-08,0.005742939929906002,0.0,0.005742939929906002,0.0,1.2471570496400959
2010-07-09,0.007803752781704004,0.0,0.007803752781704004,0.0,1.2568895549354466
2010-07-12,-0.003175180460015095,0.0,-0.003175180460015095,0.0,1.2528987037802186
2010-07-13,0.014312786853015472,0.0,0.014312786853015472,0.0,1.2708311758758444
2010-07-14,0.0008257074652440466,0.0,0.0008257074652440466,0.0,1.2718805106648299
2010-07-15,-0.00022681045918150622,0.0,-0.00022681045918150622,0.0,1.271592034862182
2010-07-16,-0.024286112318470027,0.0,-0.024286112318470027,0.0,1.2407100078802473
2010-07-19,0.00456238255233736,0.0,0.00456238255233736,0.0,1.2463706015727105
2010-07-20,0.012298950701086803,0.0,0.012298950701086803,0.0,1.2616996521567372
2010-07-21,-0.010464948456566592,0.0,-0.010464948456566592,0.0,1.248496030329249
2010-07-22,0.02271680781322201,0.0,0.02271680781322201,0.0,1.276857874705809
2010-07-23,0.0067261640918074295,0.0,0.0067261640918074295,0.0,1.2854462302929968
2010-07-26,0.00920521248596548,0.0,0.00920521248596548,0.0,1.297279035982127
2010-07-27,-0.0037708132657209292,0.0,-0.0037708132657209292,0.0,1.292387238983904
2010-07-28,-0.0047073908869805225,0.0,-0.0047073908869805225,0.0,1.2863034670726612
2010-07-29,-0.001596333357822513,0.0,-0.001596333357822513,0.0,1.2842500979398903
2010-07-30,0.004548795242776071,0.0,0.004548795242776071,0.0,1.290091888675934
2010-08-02,0.017280912159953254,0.0,0.017280912159953254,0.0,1.312385853282411
2010-08-03,-0.002912728737704845,0.0,-0.002912728737704845,0.0,1.3085632292925982
2010-08-04,0.004424943804484022,0.0,0.004424943804484022,0.0,1.3143535480468322
2010-08-05,-0.00325932964889758,0.0,-0.00325932964889758,0.0,1.3100696365585494
2010-08-06,0.0004588371745719855,0.0,0.0004588371745719855,0.0,1.3106707452090804
2010-08-09,0.0041974159612447465,0.0,0.0041974159612447465,0.0,1.3161721755149576
2010-08-10,-0.007436204129757901,0.0,-0.007436204129757901,0.0,1.3063848505479208
2010-08-11,-0.023273161864311553,0.0,-0.023273161864311553,0.0,1.2759811444640345
2010-08-12,-0.0026595198087393523,0.0,-0.0026595198087393523,0.0,1.2725876473347546
2010-08-13,-0.0009079937457118353,0.0,-0.0009079937457118353,0.0,1.2714321457101045
2010-08-16,0.007417494978540606,0.0,0.007417494978540606,0.0,1.2808629872664643
2010-08-17,0.010151545539334964,0.0,0.010151545539334964,0.0,1.2938657262113487
2010-08-18,0.0019137911126259899,0.0,0.0019137911126259899,0.0,1.2963419149391031
2010-08-19,-0.011528517905227131,0.0,-0.011528517905227131,0.0,1.2813970139614312
2010-08-20,-0.002763665533015533,0.0,-0.002763665533015533,0.0,1.277855661199837
2010-08-23,-0.0056050023774910085,0.0,-0.0056050023774910085,0.0,1.2706932771807218
2010-08-24,-0.006833701612202814,0.0,-0.006833701612202814,0.0,1.2620097384838365
2010-08-25,0.0053870229935568115,2.5e-05,0.005362022993556812,0.125,1.2687766637196793
2010-08-26,-0.00404375879059532,0.0,-0.00404375879059532,0.0,1.2636460369324607
2010-08-27,0.008052350103250186,0.0,0.008052350103250186,0.0,1.2738213572284254
2010-08-30,-0.006599047450916495,0.0,-0.006599047450916495,0.0,1.265415349648084
2010-08-31,0.0036212011929094845,0.0,0.0036212011929094845,0.0,1.2699976732217557
2010-09-01,0.01780899790555275,0.0,0.01780899790555275,0.0,1.2926150591242187
2010-09-02,0.005035059074097667,0.0,0.005035059074097667,0.0,1.2991234523069775
2010-09-03,0.008396767429142749,2.5e-05,0.008371767429142748,0.125,1.3099994117114366
2010-09-07,-0.006674880275359868,0.0,-0.006674880275359868,0.0,1.301255322477471
2010-09-08,0.004717520767621455,0.0,0.004717520767621455,0.0,1.3073940214852366
2010-09-09,-0.0020534842467092723,0.0,-0.0020534842467092723,0.0,1.304709308457875
2010-09-10,0.0025830514692672807,0.0,0.0025830514692672807,0.0,1.3080794397540538
2010-09-13,0.01171419047255294,2.5e-05,0.01168919047255294,0.125,1.3233698294785692
2010-09-14,0.003057831088332602,0.0,0.003057831088332602,0.0,1.3274164708845102
2010-09-15,0.001348767770306153,2.5e-05,0.0013237677703061528,0.125,1.3291736620264407
2010-09-16,-0.0027675819684279818,0.0,-0.0027675819684279818,0.0,1.325495064966507
2010-09-17,0.0009756066718340228,0.0,0.0009756066718340228,0.0,1.3267882267953715
2010-09-20,0.013648361987407542,2.5e-05,0.013623361987407542,0.125,1.3448635430896354
2010-09-21,-0.00033022935378124174,0.0,-0.00033022935378124174,0.0,1.344419429670877
2010-09-22,-0.002911841873876775,2.5e-05,-0.0029368418738767747,0.125,1.340471082393766
2010-09-23,-0.007361264124909006,0.0,-0.007361264124909006,0.0,1.3306035207044629
2010-09-24,0.017215938691313104,0.0,0.017215938691313104,0.0,1.3535111093393564
2010-09-27,-0.0017901506023132868,0.0,-0.0017901506023132868,0.0,1.3510881206117349
2010-09-28,0.0057288108633665735,0.0,0.0057288108633665735,0.0,1.358828248914461
2010-09-29,-0.0012491021517836848,0.0,-0.0012491021517836848,0.0,1.3571309336248376
2010-09-30,-0.0012001378081467062,0.0,-0.0012001378081467062,0.0,1.3555021894807888
2010-10-01,0.005131142674626957,0.0,0.005131142674626957,0.0,1.362457464610784
2010-10-04,-0.005139647725763599,0.0,-0.005139647725763599,0.0,1.3554549132013476
2010-10-05,0.01861303184586585,0.0,0.01861303184586585,0.0,1.3806840386663997
2010-10-06,0.0011575901174605413,0.0,0.0011575901174605413,0.0,1.3822823048648953
2010-10-07,-0.003645354398523426,0.0,-0.003645354398523426,0.0,1.377243395984855
2010-10-08,0.006512540473462725,0.0,0.006512540473462725,0.0,1.3862127493430154
2010-10-11,0.0006403219782179087,0.0,0.0006403219782179087,0.0,1.3871003718329056
2010-10-12,0.0001243482197587631,0.0,0.0001243482197587631,0.0,1.3872728552947697
2010-10-13,0.01072176576895198,0.0,0.01072176576895198,0.0,1.4021468699068655
2010-10-14,-0.0017193319080932162,0.0,-0.0017193319080932162,0.0,1.3997361140536015
2010-10-15,-0.0007692337776192826,0.0,-0.0007692337776192826,0.0,1.398659389754918
2010-10-18,0.004719557592993723,0.0,0.004719557592993723,0.0,1.4052604432978477
2010-10-19,-0.016623008706089487,0.0,-0.016623008706089487,0.0,1.3819007867145845
2010-10-20,0.0119129877307394,0.0,0.0119129877307394,0.0,1.3983633538318143
2010-10-21,-0.004140075536341464,0.0,-0.004140075536341464,0.0,1.3925740239196989
2010-10-22,0.003517554502373066,0.0,0.003517554502373066,0.0,1.3974724789474255
2010-10-25,0.005220922530239536,0.0,0.005220922530239536,0.0,1.404768574498152
2010-10-26,-0.0034414112968532,0.0,-0.0034414112968532,0.0,1.3999341880564098
2010-10-27,-0.006899048132354951,0.0,-0.006899048132354951,0.0,1.3902759747108793
2010-10-28,0.002513113036556325,0.0,0.002513113036556325,0.0,1.3937698953873363
2010-10-29,0.003015879412938613,0.0,0.003015879412938613,0.0,1.3979733373212087
2010-11-01,8.543579421450842e-05,0.0,8.543579421450842e-05,0.0,1.3980927742835736
2010-11-02,0.011597469605241467,0.0,0.011597469605241467,0.0,1.414307112738635
2010-11-03,-0.00022266229481890387,0.0,-0.00022266229481890387,0.0,1.4139921998713338
2010-11-04,0.020880371880034804,0.0,0.020880371880034804,0.0,1.4435168828401157
2010-11-05,-8.646562920044953e-05,0.0,-8.646562920044953e-05,0.0,1.4433920682445796
2010-11-08,-0.0002805845739537183,0.0,-0.0002805845739537183,0.0,1.442987074696063
2010-11-09,-0.015877259806983623,0.0,-0.015877259806983623,0.0,1.4200763940129941
2010-11-10,0.0070543100523027535,0.0,0.0070543100523027535,0.0,1.430094053194318
2010-11-11,-0.004724049588582413,0.0,-0.004724049588582413,0.0,1.4233382179706913
2010-11-12,-0.015097905715517806,0.0,-0.015097905715517806,0.0,1.4018487917544766
2010-11-15,-0.005768089417328037,0.0,-0.005768089417328037,0.0,1.3937628025740636
2010-11-16,-0.015215023836734204,0.0,-0.015215023836734204,0.0,1.3725566683101458
2010-11-17,0.0018007784110797148,0.0,0.0018007784110797148,0.0,1.3750283387264222
2010-11-18,0.01565639497489102,0.0,0.01565639497489102,0.0,1.396556325499191
2010-11-19,0.0024695489736084597,0.0,0.0024695489736084597,0.0,1.400005189739414
2010-11-22,0.0019002827616231566,0.0,0.0019002827616231566,0.0,1.4026655954676588
2010-11-23,-0.012198878847179379,0.0,-0.012198878847179379,0.0,1.3855546478054421
2010-11-24,0.012020623773692812,0.0,0.012020623773692812,0.0,1.402209878944603
2010-11-26,-0.007848176786325059,0.0,-0.007848176786325059,0.0,1.3912050879231141
2010-11-29,0.0017169232882041363,0.0,0.0017169232882041363,0.0,1.3935936803372375
2010-11-30,-0.003763406179564513,0.0,-0.003763406179564513,0.0,1.3883490212688543
2010-12-01,0.013127628831659341,0.0,0.013127628831659341,0.0,1.4065747519088694
2010-12-02,0.010409286536135029,0.0,0.010409286536135029,0.0,1.4212161915359818
2010-12-03,0.004872752828051899,0.0,0.004872752828051899,0.0,1.4281414267525618
2010-12-06,0.0027775813866351,0.0,0.0027775813866351,0.0,1.4321082057969923
2010-12-07,-0.00440258265819618,0.0,-0.00440258265819618,0.0,1.42580323104549
2010-12-08,-0.004206817276833336,0.0,-0.004206817276833336,0.0,1.419805137379763
2010-12-09,0.0009692327413802632,0.0,0.0009692327413802632,0.0,1.4211812590052912
2010-12-10,0.004062517935955565,0.0,0.004062517935955565,0.0,1.426954833360244
2010-12-13,0.0024201618278450326,0.0,0.0024201618278450326,0.0,1.4304082949780013
2010-12-14,-0.002268821520328243,0.0,-0.002268821520328243,0.0,1.427162953855499
2010-12-15,-0.009361460210409733,0.0,-0.009361460210409733,0.0,1.41380262464921
2010-12-16,0.00414508691304416,0.0,0.00414508691304416,0.0,1.4196629594062709
2010-12-17,0.003807447013904619,0.0,0.003807447013904619,0.0,1.4250682509018133
2010-12-20,0.0028143230555400522,0.0,0.0028143230555400522,0.0,1.4290788533360443
2010-12-21,0.008188536695248022,0.0,0.008188536695248022,0.0,1.4407809179669897
2010-12-22,0.000814608340711509,0.0,0.000814608340711509,0.0,1.4419545901199036
2010-12-23,-0.0020377660903960065,0.0,-0.0020377660903960065,0.0,1.4390162239522664
2010-12-27,0.0028410792613947494,0.0,0.0028410792613947494,0.0,1.4431045831029476
2010-12-28,-9.258022211237893e-05,0.0,-9.258022211237893e-05,0.0,1.4429709801601127
2010-12-29,0.006128384795910352,0.0,0.006128384795910352,0.0,1.451814061575866
2010-12-30,-0.00106957375488205,0.0,-0.00106957375488205,0.0,1.4502612393586356
2010-12-31,0.003051843540926538,0.0,0.003051843540926538,0.0,1.4546872097546284
2011-01-03,0.008387238577231629,0.0,0.008387238577231629,0.0,1.466888018438088
2011-01-04,-0.007014223494998986,0.0,-0.007014223494998986,0.0,1.456598938034627
2011-01-05,-0.00031924050281208205,0.0,-0.00031924050281208205,0.0,1.4561339326572533
2011-01-06,-0.004310484682337967,0.0,-0.004310484682337967,0.0,1.4498572896451016
2011-01-07,-0.002242996343290643,0.0,-0.002242996343290643,0.0,1.4466052650461345
2011-01-10,0.0006741735178632802,0.0,0.0006741735178632802,0.0,1.44758052800663
2011-01-11,0.003079238759777489,0.0,0.003079238759777489,0.0,1.4520379740763674
2011-01-12,0.008414819199991791,0.0,0.008414819199991791,0.0,1.4642566110997424
2011-01-13,-0.0007304666103787189,0.0,-0.0007304666103787189,0.0,1.4631870205363078
2011-01-14,0.002669572473571649,0.0,0.002669572473571649,0.0,1.4670931043300188
2011-01-18,0.002483767677939175,0.0,0.002483767677939175,0.0,1.4707370227630812
2011-01-19,-0.008153285169539837,0.0,-0.008153285169539837,0.0,1.4587456844070938
2011-01-20,-0.008854461193349511,0.0,-0.008854461193349511,0.0,1.445829277353545
2011-01-21,-0.0012171236433287103,0.0,-0.0012171236433287103,0.0,1.4440695243558612
2011-01-24,0.005706656927828652,0.0,0.005706656927828652,0.0,1.4523103337112928
2011-01-25,0.0018362060530635743,0.0,0.0018362060530635743,0.0,1.4549770747369803
2011-01-26,0.00435764450644234,0.0,0.00435764450644234,0.0,1.4613173475937076
2011-01-27,0.0007614618047481481,0.0,0.0007614618047481481,0.0,1.4624300849385161
2011-01-28,-0.014257688180442762,0.0,-0.014257688180442762,0.0,1.4415792128017642
2011-01-31,0.005138891920986738,0.0,0.005138891920986738,0.0,1.4489873325718936
2011-02-01,0.013807822513839496,0.0,0.013807822513839496,0.0,1.4689946924848483
2011-02-02,-0.002248413888371714,0.0,-0.002248413888371714,0.0,1.465691784416321
2011-02-03,0.001786719495832978,0.0,0.001786719495832978,0.0,1.46831056450242
2011-02-04,-0.0014857019706106117,0.0,-0.0014857019706106117,0.0,1.4661290926032704
2011-02-07,0.005051525451915451,0.0,0.005051525451915451,0.0,1.4735352810303495
2011-02-08,0.003929188470704628,0.0,0.003929188470704628,0.0,1.4793250788677506
2011-02-09,-0.003181160813647277,0.0,-0.003181160813647277,0.0,1.4746191078962108
2011-02-10,-0.0023935744422727695,0.0,-0.0023935744422727695,0.0,1.4710894972874633
2011-02-11,0.006711192691996978,0.0,0.006711192691996978,0.0,1.4809622623709324
2011-02-14,0.0015565458614809902,0.0,0.0015565458614809902,0.0,1.4832674480514354
2011-02-15,-0.0003500853869379261,0.0,-0.0003500853869379261,0.0,1.4827481777929519
2011-02-16,0.005149762929137172,0.0,0.005149762929137172,0.0,1.4903839793921958
2011-02-17,0.0032706455545351565,0.0,0.0032706455545351565,0.0,1.4952584971289455
2011-02-18,0.0017495820610890916,0.0,0.0017495820610890916,0.0,1.4978745745722133
2011-02-22,-0.015305940701242082,0.0,-0.015305940701242082,0.0,1.4749481951559127
2011-02-23,-0.0031541568076401683,0.0,-0.0031541568076401683,0.0,1.470295977265245
2011-02-24,0.0006925700653421102,0.0,0.0006925700653421102,0.0,1.471314260246292
2011-02-25,0.012965327007858268,0.0,0.012965327007858268,0.0,1.4903903307617103
2011-02-28,0.006560550171158669,0.0,0.006560550171158669,0.0,1.5001681113012824
2011-03-01,-0.010835642305396104,0.0,-0.010835642305396104,0.0,1.48391282624926
2011-03-02,0.0006630046267741829,0.0,0.0006630046267741829,0.0,1.4848966673187929
2011-03-03,0.01048468756336822,0.0,0.01048468756336822,0.0,1.500465344939517
2011-03-04,-0.002140367099407625,0.0,-0.002140367099407625,0.0,1.4972537982814074
2011-03-07,-0.009048326241610963,0.0,-0.009048326241610963,0.0,1.4837061574480659
2011-03-08,0.006378939141268955,0.0,0.006378939141268955,0.0,1.493170628729953
2011-03-09,-0.00011889426478609022,0.0,-0.00011889426478609022,0.0,1.49299309930585
2011-03-10,-0.015565216369439944,0.0,-0.015565216369439944,0.0,1.4697543386770737
2011-03-11,0.004231406976237667,0.0,0.004231406976237667,0.0,1.4759734674391076
2011-03-14,-0.00409665907941642,0.0,-0.00409665907941642,0.0,1.4699269073327454
2011-03-15,-0.010132152238699968,0.0,-0.010132152238699968,0.0,1.4550333841278886
2011-03-16,-0.013470564773275157,0.0,-0.013470564773275157,0.0,1.4354332626797162
2011-03-17,0.009450820688776007,0.0,0.009450820688776007,0.0,1.448999285056007
2011-03-18,0.0066536450350153375,0.0,0.0066536450350153375,0.0,1.4586404119547607
2011-03-21,0.014049469501824813,0.0,0.014049469501824813,0.0,1.4791335359366482
2011-03-22,-0.0017630989650675999,0.0,-0.0017630989650675999,0.0,1.4765256771302415
2011-03-23,0.002866439720114952,0.0,0.002866439720114952,0.0,1.4807580489789374
2011-03-24,0.005978679777487242,0.0,0.005978679777487242,0.0,1.4896110271817191
2011-03-25,0.0009749967339273552,0.0,0.0009749967339273552,0.0,1.4910633930680435
2011-03-28,-0.0025803814997343855,0.0,-0.0025803814997343855,0.0,1.4872158806736395
2011-03-29,0.004560902327243474,0.0,0.004560902327243474,0.0,1.4939989270449174
2011-03-30,0.009384160508335626,0.0,0.009384160508335626,0.0,1.508018852775588
2011-03-31,0.0027532953020225626,0.0,0.0027532953020225626,0.0,1.5121708739982966
2011-04-01,0.00454198839037602,0.0,0.00454198839037602,0.0,1.5190391365522617
2011-04-04,0.0018224527429428622,0.0,0.0018224527429428622,0.0,1.5218075135933091
2011-04-05,0.0013755703735190555,0.0,0.0013755703735190555,0.0,1.5239008669232066
2011-04-06,0.0011665757751204292,0.0,0.0011665757751204292,0.0,1.5256786127582442
2011-04-07,-0.003411331797863043,0.0,-0.003411331797863043,0.0,1.5204740167932225
2011-04-08,-0.0017396507036613607,0.0,-0.0017396507036613607,0.0,1.5178289231000093
2011-04-11,-0.004317813072208895,0.0,-0.004317813072208895,0.0,1.5112752215344714
2011-04-12,-0.0067179038522968,0.0,-0.0067179038522968,0.0,1.5011226199018444
2011-04-13,0.0034680149893050183,0.0,0.0034680149893050183,0.0,1.5063285356484486
2011-04-14,0.0047860822637619815,0.0,0.0047860822637619815,0.0,1.5135379479363142
2011-04-15,0.005918898890583862,0.0,0.005918898890583862,0.0,1.5224964260172111
2011-04-18,-0.010124097351162445,0.0,-0.010124097351162445,0.0,1.507082523983416
2011-04-19,0.005770299813942059,0.0,0.005770299813942059,0.0,1.515778841991153
2011-04-20,0.014374320547064903,0.0,0.014374320547064903,0.0,1.537567132944393
2011-04-21,0.00540900807764394,0.0,0.00540900807764394,0.0,1.5458838459864088
2011-04-25,0.00042314305761260995,0.0,0.00042314305761260995,0.0,1.5465379760037137
2011-04-26,0.0069628934410809196,0.0,0.0069628934410809196,0.0,1.5573063551332123
2011-04-27,0.005801895726494852,0.0,0.005801895726494852,0.0,1.566341684219903
2011-04-28,0.0037552625008968887,0.0,0.0037552625008968887,0.0,1.5722237084102457
2011-04-29,0.0025960458661097724,0.0,0.0025960458661097724,0.0,1.5763052732690641
2011-05-02,-0.002279393001683075,0.0,-0.002279393001683075,0.0,1.5727122540606584
2011-05-03,-0.0072191721869555026,0.0,-0.0072191721869555026,0.0,1.5613585734980597
2011-05-04,-0.007721408049627385,0.0,-0.007721408049627385,0.0,1.549302686840297
2011-05-05,-0.008544725362019265,0.0,-0.008544725362019265,0.0,1.5360643208786082
2011-05-06,0.003249414590229746,0.0,0.003249414590229746,0.0,1.5410556306944025
2011-05-09,0.00583575928028901,0.0,0.00583575928028901,0.0,1.5500488603926692
2011-05-10,0.008229428125318211,0.0,0.008229428125318211,0.0,1.562804876080002
2011-05-11,-0.011557519094168661,0.0,-0.011557519094168661,0.0,1.5447427288842475
2011-05-12,0.0026710339167552027,0.0,0.0026710339167552027,0.0,1.5488687891057584
2011-05-13,-0.009888439084288436,0.0,-0.009888439084288436,0.0,1.5335528944351307
2011-05-16,-0.004534070347120278,0.0,-0.004534070347120278,0.0,1.526599657730732
2011-05-17,0.001301750828124365,0.0,0.001301750828124365,0.0,1.5285869100993972
2011-05-18,0.007166772760244744,0.0,0.007166772760244744,0.0,1.539541945128364
2011-05-19,0.0013613909880755004,0.0,0.0013613909880755004,0.0,1.541637863658226
2011-05-20,-0.005506007106058697,0.0,-0.005506007106058697,0.0,1.5331495946259548
2011-05-23,-0.01141863727131541,0.0,-0.01141863727131541,0.0,1.5156431155222567
2011-05-24,0.001982173364194484,0.0,0.001982173364194484,0.0,1.5186473829354696
2011-05-25,0.0035326293398986602,0.0,0.0035326293398986602,0.0,1.5240122012373878
2011-05-26,0.00821164424592559,0.0,0.00821164424592559,0.0,1.5365268472603992
2011-05-27,0.00611476648044415,0.0,0.00611476648044415,0.0,1.5459223501223296
2011-05-31,0.011956512844310943,0.0,0.011956512844310943,0.0,1.5644061905578746
2011-06-01,-0.016426388098896877,0.0,-0.016426388098896877,0.0,1.538708647327454
2011-06-02,-0.0017224333329693697,0.0,-0.0017224333329693697,0.0,1.536058324263569
2011-06-03,-0.0036954221926190495,0.0,-0.0036954221926190495,0.0,1.5303819402429282
2011-06-06,-0.010594235430300636,0.0,-0.010594235430300636,0.0,1.5141687136697144
2011-06-07,0.003965115826261592,0.0,0.003965115826261592,0.0,1.5201725679999165
2011-06-08,-0.0051991210088526,0.0,-0.0051991210088526,0.0,1.5122690068645468
2011-06-09,0.002894003932048611,0.0,0.002894003932048611,0.0,1.516645519316728
2011-06-10,-0.014540240460587966,0.0,-0.014540240460587966,0.0,1.4945931287723895
2011-06-13,-0.0016249408079273553,0.0,-0.0016249408079273553,0.0,1.4921645034061992
2011-06-14,0.010710620113908248,0.0,0.010710620113908248,0.0,1.5081465105496414
2011-06-15,-0.01297205411877303,0.0,-0.01297205411877303,0.0,1.4885827523957529
2011-06-16,0.00013076794784053214,0.0,0.00013076794784053214,0.0,1.4887774113074745
2011-06-17,0.0028193259739919263,0.0,0.0028193259739919263,0.0,1.4929747601326662
2011-06-20,0.0038485134817385774,0.0,0.0038485134817385774,0.0,1.498720493624932
2011-06-21,0.013141692368704702,0.0,0.013141692368704702,0.0,1.5184162172988243
2011-06-22,-0.005178970945581118,0.0,-0.005178970945581118,0.0,1.5105523838261343
2011-06-23,-0.0037180243710495803,0.0,-0.0037180243710495803,0.0,1.5049361132493217
2011-06-24,-0.0079295673113296,0.0,-0.0079295673113296,0.0,1.4930026210400607
2011-06-27,0.004934350100476964,0.0,0.004934350100476964,0.0,1.500369618673202
2011-06-28,0.009107459447478025,0.0,0.009107459447478025,0.0,1.5140341741314964
2011-06-29,0.007629690582978799,2.5e-05,0.007604690582978799,0.125,1.5255479355578223
2011-06-30,0.00627167068788452,0.0,0.00627167068788452,0.0,1.535115669828223
2011-07-01,0.009747323346195727,0.0,0.009747323346195727,0.0,1.5500789386358504
2011-07-05,0.003322181123909737,0.0,0.003322181123909737,0.0,1.5552285816263565
2011-07-06,0.0014637548363497094,0.0,0.0014637548363497094,0.0,1.5575050549843412
2011-07-07,0.009470807958712857,0.0,0.009470807958712857,0.0,1.5722558862548226
2011-07-08,-0.00418611179770316,0.0,-0.00418611179770316,0.0,1.565674247340363
2011-07-11,-0.01551605777634163,0.0,-0.01551605777634163,0.0,1.5413811552596999
2011-07-12,-0.0024702877531660034,2.5e-05,-0.002495287753166003,0.125,1.5375349657400195
2011-07-13,0.006190907662911124,0.0,0.006190907662911124,0.0,1.5470537027414133
2011-07-14,-0.00934756969782262,0.0,-0.00934756969782262,0.0,1.5325925104287634
2011-07-15,0.006560334276526608,0.0,0.006560334276526608,0.0,1.5426468296068772
2011-07-18,-0.006769281980710501,2.5e-05,-0.006794281980710501,0.125,1.532165652049879
2011-07-19,0.011874142290936196,0.0,0.011874142290936196,0.0,1.550358805015604
2011-07-20,0.003047769154150712,0.0,0.003047769154150712,0.0,1.5550839407593964
2011-07-21,0.007445494488308502,2.5e-05,0.007420494488308502,0.125,1.5666234325706585
2011-07-22,0.003243957372087311,2.5e-05,0.003218957372087311,0.125,1.5716663266182165
2011-07-25,-0.0036627472643782355,0.0,-0.0036627472643782355,0.0,1.5659097100798802
2011-07-26,0.0015498045453741643,2.5e-05,0.0015248045453741643,0.125,1.5682974163234555
2011-07-27,-0.01871913290360433,2.5e-05,-0.01874413290360433,0.125,1.5389010411195094
2011-07-28,0.00015347930366431395,2.5e-05,0.00012847930366431394,0.125,1.5390987580536806
2011-07-29,0.002698778606119598,0.0,0.002698778606119598,0.0,1.5432524448546212
2011-08-01,-0.0046827360138910895,0.0,-0.0046827360138910895,0.0,1.536025801052575
2011-08-02,-0.014628982950008557,0.0,-0.014628982950008557,0.0,1.5135553057982034
2011-08-03,0.0021920788843091538,0.0,0.0021920788843091538,0.0,1.5168731384242775
2011-08-04,-0.037389406441128564,0.0,-0.037389406441128564,0.0,1.4601581521321019
2011-08-05,-0.007635997680166595,0.0,-0.007635997680166595,0.0,1.4490083878697448
2011-08-08,-0.04905789540182945,0.0,-0.04905789540182945,0.0,1.3779230859412575
2011-08-09,0.04879983564593976,0.0,0.04879983564593976,0.0,1.445165506067937
2011-08-10,-0.008610755675793266,7.500000000000001e-05,-0.008685755675793267,0.375,1.4326131515711467
2011-08-11,0.02767552457825183,7.500000000000001e-05,0.02760052457825183,0.375,1.4721540260722128
2011-08-12,0.006038640404358989,2.5e-05,0.006013640404358989,0.125,1.4810070310048402
2011-08-15,0.01847326391175691,2.5e-05,0.01844826391175691,0.125,1.5083290395679851
2011-08-16,-0.0040767189922724795,0.0,-0.0040767189922724795,0.0,1.5021800059257822
2011-08-17,0.003900332220111602,0.0,0.003900332220111602,0.0,1.508039007003302
2011-08-18,-0.031256762420416265,0.0,-0.031256762420416265,0.0,1.4609025900406793
2011-08-19,-0.010004891995076565,0.0,-0.010004891995076565,0.0,1.4462864174119947
2011-08-22,0.003955911471467802,2.5e-05,0.003930911471467802,0.125,1.4519716412812276
2011-08-23,0.016024788934362474,0.0,0.016024788934362474,0.0,1.4752391803714393
2011-08-24,-0.0014997604664293562,0.0,-0.0014997604664293562,0.0,1.4730266749701906
2011-08-25,-0.01292594072471874,2.5e-05,-0.012950940724718741,0.125,1.4539495938167222
2011-08-26,0.018491440817153065,0.0,0.018491440817153065,0.0,1.4808352166819079
2011-08-29,0.020032518908476696,0.0,0.020032518908476696,0.0,1.5105000761604264
2011-08-30,0.007432853366110659,0.0,0.007432853366110659,0.0,1.521727401736026
2011-08-31,0.0038585027832424013,0.0,0.0038585027832424013,0.0,1.5275989911509607
2011-09-01,-0.00638662845215604,0.0,-0.00638662845215604,0.0,1.517842783970591
2011-09-02,-0.01147614475016176,0.0,-0.01147614475016176,0.0,1.500423800473756
2011-09-06,-0.006109903402439623,0.0,-0.006109903402439623,0.0,1.49125635599014
2011-09-07,0.0171935189828384,0.0,0.0171935189828384,0.0,1.516896300455135
2011-09-08,-0.003439427149386637,2.5e-05,-0.0034644271493866367,0.125,1.5116411237290341
2011-09-09,-0.0216435530749977,2.5e-05,-0.0216685530749977,0.125,1.4788860478091623
2011-09-12,0.0009839789811116328,2.5e-05,0.0009589789811116329,0.125,1.4803042684444705
2011-09-13,0.004675449573409415,2.5e-05,0.0046504495734094155,0.125,1.4871883487981743
2011-09-14,0.006697189977567963,0.0,0.006697189977567963,0.0,1.4971483317025012
2011-09-15,0.003936396895804314,0.0,0.003936396895804314,0.0,1.5030417017479736
2011-09-16,0.005368662626169418,0.0,0.005368662626169418,0.0,1.5111110255577218
2011-09-19,-0.005717506259851068,0.0,-0.005717506259851068,0.0,1.5024712388097654
2011-09-20,-0.0003982098947559881,0.0,-0.0003982098947559881,0.0,1.501872939895885
2011-09-21,-0.014499510573100921,0.0,-0.014499510573100921,0.0,1.4800965173244105
2011-09-22,-0.013209891781519517,0.0,-0.013209891781519517,0.0,1.4605446025043511
2011-09-23,-0.0048816648612852315,0.0,-0.0048816648612852315,0.0,1.4534147132399657
2011-09-26,0.004789205707476291,0.0,0.004789205707476291,0.0,1.4603754152799446
2011-09-27,0.0044477280901338845,2.5e-05,0.004422728090133885,0.125,1.4668342586512442
2011-09-28,-0.01584449001286449,2.5e-05,-0.01586949001286449,0.125,1.4435563470330508
2011-09-29,0.005657057016915171,0.0,0.005657057016915171,0.0,1.4517226275953465
2011-09-30,-0.006247945776241784,2.5e-05,-0.006272945776241784,0.125,1.4426160502702976
2011-10-03,-0.0069361280541705705,0.0,-0.0069361280541705705,0.0,1.432609880612621
2011-10-04,0.006069169292033771,0.0,0.006069169292033771,0.0,1.4413046325074994
2011-10-05,0.0037527920574868118,5e-05,0.0037027920574868116,0.25,1.4466414838531672
2011-10-06,0.000601838538622626,0.0,0.000601838538622626,0.0,1.44751212844972
2011-10-07,-0.003607512493922646,2.5e-05,-0.003632512493922646,0.125,1.442254022558022
2011-10-10,0.009950157319488923,0.0,0.009950157319488923,0.0,1.4566046769771401
2011-10-11,-0.000339458869297829,0.0,-0.000339458869297829,0.0,1.4561102196004796
2011-10-12,0.0028392285559563357,2.5e-05,0.002814228555956336,0.125,1.460208046561099
2011-10-13,0.0013023075903673548,5e-05,0.0012523075903673549,0.25,1.462036676181323
2011-10-14,0.005960258814210653,0.0,0.005960258814210653,0.0,1.4707507931672321
2011-10-17,-0.006551123790532132,0.0,-0.006551123790532132,0.0,1.4611157226561702
2011-10-18,0.01034132492775755,2.5e-05,0.01031632492775755,0.125,1.4761890672081466
2011-10-19,-0.005457821902024984,5e-05,-0.005507821902024984,0.25,1.4680584807322477
2011-10-20,-0.0015522210551669052,5e-05,-0.0016022210551669051,0.25,1.465706326524202
2011-10-21,0.006716616274705753,2.5e-05,0.006691616274705753,0.125,1.4755142708327105
2011-10-24,0.009538258087164353,0.0,0.009538258087164353,0.0,1.489588106759207
2011-10-25,-0.003705227312731915,2.5e-05,-0.003730227312731915,0.125,1.4840316045186532
2011-10-26,0.0033759948741585027,0.0,0.0033759948741585027,0.0,1.4890416876085975
2011-10-27,0.017702111194436126,0.0,0.017702111194436126,0.0,1.5154008691357959
2011-10-28,0.0011457886201995254,0.0,0.0011457886201995254,0.0,1.5171371982066921
2011-10-31,-0.013053326883163768,2.5e-05,-0.013078326883163769,0.125,1.4972955820019378
2011-11-01,-0.010974504623326345,2.5e-05,-0.010999504623326346,0.125,1.4808260723252213
2011-11-02,0.0082780553024486,0.0,0.0082780553024486,0.0,1.4930844324452373
2011-11-03,0.009951715843197165,0.0,0.009951715843197165,0.0,1.5079431844468336
2011-11-04,-0.0035181809508064293,0.0,-0.0035181809508064293,0.0,1.5026379674604142
2011-11-07,0.005249995799630577,0.0,0.005249995799630577,0.0,1.5105268104779468
2011-11-08,0.003862674059832344,0.0,0.003862674059832344,0.0,1.5163614832054613
2011-11-09,-0.019136599701061116,0.0,-0.019136599701061116,0.0,1.4873434804992511
2011-11-10,-0.000528204678869687,0.0,-0.000528204678869687,0.0,1.4865578587137651
2011-11-11,0.009368485011095246,2.5e-05,0.009343485011095245,0.125,1.5004474897847828
2011-11-14,-0.004610431043694699,2.5e-05,-0.004635431043694699,0.125,1.4934922689112007
2011-11-15,0.00447469796437143,0.0,0.00447469796437143,0.0,1.5001751957267022
2011-11-16,-0.007454246359677313,0.0,-0.007454246359677313,0.0,1.4889925202350782
2011-11-17,-0.01120190252799469,0.0,-0.01120190252799469,0.0,1.4723129711584917
2011-11-18,2.1870715692193232e-05,0.0,2.1870715692193232e-05,0.0,1.4723451716968938
2011-11-21,-0.013244127709980194,0.0,-0.013244127709980194,0.0,1.4528452442097675
2011-11-22,0.0010734524624845115,0.0,0.0010734524624845115,0.0,1.4544048045147733
2011-11-23,-0.008483888048280708,2.5e-05,-0.008508888048280708,0.125,1.4420294368562754
2011-11-25,-0.0035455767182233783,0.0,-0.0035455767182233783,0.0,1.436916610857965
2011-11-28,0.009552012832749757,2.5e-05,0.009527012832749756,0.125,1.4506061338492002
2011-11-29,-0.0018010243536783904,0.0,-0.0018010243536783904,0.0,1.4479935568745426
2011-11-30,0.01607069278631776,2.5e-05,0.016045692786317758,0.125,1.471227616644719
2011-12-01,-0.001178112601002132,0.0,-0.001178112601002132,0.0,1.4694943448506075
2011-12-02,0.0018295348858748672,2.5e-05,0.0018045348858748672,0.125,1.4721460986604862
2011-12-05,0.0016972467943403152,2.5e-05,0.0016722467943403152,0.125,1.474607890254772
2011-12-06,-0.0010615045809534707,0.0,-0.0010615045809534707,0.0,1.4730425872241564
2011-12-07,0.003186271599194962,0.0,0.003186271599194962,0.0,1.4777361009842336
2011-12-08,-0.008643065277877268,0.0,-0.008643065277877268,0.0,1.464963931399951
2011-12-09,0.004612049398963022,0.0,0.004612049398963022,0.0,1.4717204174192666
2011-12-12,-0.007366770607228457,0.0,-0.007366770607228457,0.0,1.4608785907061643
2011-12-13,-0.005576731295156553,0.0,-0.005576731295156553,0.0,1.452731663350949
2011-12-14,-0.0045746523427875885,0.0,-0.0045746523427875885,0.0,1.4460859210437589
2011-12-15,0.0012793758071102945,0.0,0.0012793758071102945,0.0,1.4479360083861452
2011-12-16,0.006051965353977423,0.0,0.006051965353977423,0.0,1.4566988669436747
2011-12-19,-0.0010194736112418973,2.5e-05,-0.0010444736112418973,0.125,1.455177383417626
2011-12-20,0.0060803896491769815,0.0,0.0060803896491769815,0.0,1.464025428917475
2011-12-21,-0.003426513956721014,0.0,-0.003426513956721014,0.0,1.4590089253522949
2011-12-22,0.003603558194775841,2.5e-05,0.003578558194775841,0.125,1.4642300736983653
2011-12-23,0.001566765912713139,0.0,0.001566765912713139,0.0,1.4665241794662054
2011-12-27,0.0005981233372870237,0.0,0.0005981233372870237,0.0,1.4674013418026397
2011-12-28,-0.0054022122062423045,0.0,-0.0054022122062423045,0.0,1.4594741283624972
2011-12-29,0.002952260148912006,0.0,0.002952260148912006,0.0,1.46378287567003
2011-12-30,0.00026706364251613546,0.0,0.00026706364251613546,0.0,1.4641737988566592
2012-01-03,0.006799519757399897,0.0,0.006799519757399897,0.0,1.4741294775302523
2012-01-04,-0.0022667239430838593,0.0,-0.0022667239430838593,0.0,1.4707880329483287
2012-01-05,0.0031662620005843134,0.0,0.0031662620005843134,0.0,1.475444933207967
2012-01-06,0.00022978141691583354,0.0,0.00022978141691583354,0.0,1.475783963035301
2012-01-09,-0.0013172339631361552,0.0,-0.0013172339631361552,0.0,1.4738400102769391
2012-01-10,0.004881130781987111,0.0,0.004881130781987111,0.0,1.4810340161188262
2012-01-11,0.003644036107024934,0.0,0.003644036107024934,0.0,1.4864309575492953
2012-01-12,0.0002570605894683664,0.0,0.0002570605894683664,0.0,1.4868130603674468
2012-01-13,-0.000447435196578444,0.0,-0.000447435196578444,0.0,1.486147807873506
2012-01-17,0.004203675960580688,0.0,0.004203675960580688,0.0,1.4923950916873336
2012-01-18,0.0032568797515632464,0.0,0.0032568797515632464,0.0,1.4972556430427826
2012-01-19,-9.12027197750992e-05,0.0,-9.12027197750992e-05,0.0,1.4971190892559385
2012-01-20,0.00029852844155955904,0.0,0.00029852844155955904,0.0,1.497566021884483
2012-01-23,0.0002154643090870323,2.5e-05,0.00019046430908703228,0.125,1.4978512547621536
2012-01-24,0.0006477138658969456,0.0,0.0006477138658969456,0.0,1.498821433788914
2012-01-25,0.008392410571749873,0.0,0.008392410571749873,0.0,1.5114001586350094
2012-01-26,0.001953278019524149,0.0,0.001953278019524149,0.0,1.5143523433435766
2012-01-27,0.002872978111931726,0.0,0.002872978111931726,0.0,1.5187030444797551
2012-01-30,-0.0014488833391694544,0.0,-0.0014488833391694544,0.0,1.5165026209414625
2012-01-31,0.002998289290669434,0.0,0.002998289290669434,0.0,1.5210495345091035
2012-02-01,0.0047843278859358435,0.0,0.0047843278859358435,0.0,1.5283267342129452
2012-02-02,0.0026266405964094908,0.0,0.0026266405964094908,0.0,1.5323410992576068
2012-02-03,0.002756409187867709,0.0,0.002756409187867709,0.0,1.5365648583425477
2012-02-06,-8.524794773989708e-05,0.0,-8.524794773989708e-05,0.0,1.5364338693418047
2012-02-07,0.0005198695432987593,0.0,0.0005198695432987593,0.0,1.5372326145157684
2012-02-08,0.0007384512640205704,0.0,0.0007384512640205704,0.0,1.5383677858830511
2012-02-09,-0.0017635097967439173,0.0,-0.0017635097967439173,0.0,1.5356548592216512
2012-02-10,-0.003701096501670817,0.0,-0.003701096501670817,0.0,1.5299712523944122
2012-02-13,0.005412448373560558,0.0,0.005412448373560558,0.0,1.5382521428110287
2012-02-14,-0.0013078244949566858,0.0,-0.0013078244949566858,0.0,1.536240378979241
2012-02-15,-0.0027179724247888143,0.0,-0.0027179724247888143,0.0,1.5320649199913283
2012-02-16,0.00568659294815381,0.0,0.00568659294815381,0.0,1.5407771495614648
2012-02-17,-0.0004926409044831992,0.0,-0.0004926409044831992,0.0,1.5400180997128978
2012-02-21,-0.0010225326586303929,0.0,-0.0010225326586303929,0.0,1.5384433809110594
2012-02-22,-4.432530380914235e-05,0.0,-4.432530380914235e-05,0.0,1.5383751889408073
2012-02-23,0.004868537935743766,0.0,0.004868537935743766,0.0,1.5458648269075728
2012-02-24,0.0008696598806390149,0.0,0.0008696598806390149,0.0,1.5472092035284253
2012-02-27,0.0006931955579829313,0.0,0.0006931955579829313,0.0,1.5482817220755816
2012-02-28,0.003203878252626413,2.5e-05,0.0031788782526264133,0.125,1.5532035211708264
2012-02-29,-0.010820201573211702,2.5e-05,-0.010845201573211703,0.125,1.5363587158995067
2012-03-01,0.0036318837936263754,0.0,0.0036318837936263754,0.0,1.5419385922209787
2012-03-02,-0.0015612344890797852,0.0,-0.0015612344890797852,0.0,1.5395312645107602
2012-03-05,-0.0019066319453500818,0.0,-0.0019066319453500818,0.0,1.5365959450209787
2012-03-06,-0.005420415485163366,2.5e-05,-0.0054454154851633655,0.125,1.528228541667522
2012-03-07,0.0024602811599813146,0.0,0.0024602811599813146,0.0,1.5319884135567323
2012-03-08,0.001948115171058043,0.0,0.001948115171058043,0.0,1.5349729034270674
2012-03-09,0.0026990019656888964,0.0,0.0026990019656888964,0.0,1.5391157983106962
2012-03-12,-2.25945459604443e-05,0.0,-2.25945459604443e-05,0.0,1.539081022688053
2012-03-13,0.005295087591440414,2.5e-05,0.0052700875914404146,0.125,1.5471921144879426
2012-03-14,-0.006312310070893487,0.0,-0.006312310070893487,0.0,1.5374257581220534
2012-03-15,0.003323220539910743,0.0,0.003323220539910743,0.0,1.5425349629800325
2012-03-16,0.001113810393181855,0.0,0.001113810393181855,0.0,1.544253054453646
2012-03-19,0.0022018080808859086,5e-05,0.0021518080808859085,0.25,1.547575990655152
2012-03-20,-0.0035451082565416403,2.5e-05,-0.00357010825654164,0.125,1.5420509768332884
2012-03-21,0.0010825413850244076,2.5e-05,0.0010575413850244075,0.125,1.543681759559107
2012-03-22,-0.0041780118219970075,0.0,-0.0041780118219970075,0.0,1.537232238918268
2012-03-23,0.005048299535954454,0.0,0.005048299535954454,0.0,1.5449926477166533
2012-03-26,0.009585040197285385,0.0,0.009585040197285385,0.0,1.559801464349528
2012-03-27,-0.0010417931743767345,0.0,-0.0010417931743767345,0.0,1.5581764738305859
2012-03-28,-0.0035443426516284515,0.0,-0.0035443426516284515,0.0,1.5526537624956243
2012-03-29,-0.0002325588282591634,0.0,-0.0002325588282591634,0.0,1.5522926791559262
2012-03-30,-0.0005624804491685675,0.0,-0.0005624804491685675,0.0,1.5514195448725134
2012-04-02,0.0059578006458661514,0.0,0.0059578006458661514,0.0,1.5606625932389642
2012-04-03,-0.005541192648917517,2.5e-05,-0.005566192648917517,0.125,1.5519756445850368
2012-04-04,-0.006686682448507869,2.5e-05,-0.006711682448507869,0.125,1.5415592768907638
2012-04-05,0.002020366696537143,2.5e-05,0.0019953666965371432,0.125,1.5446352529326095
2012-04-09,8.301975721652921e-05,0.0,8.301975721652921e-05,0.0,1.5447634881762962
2012-04-10,-0.004023810809093517,0.0,-0.004023810809093517,0.0,1.5385476521550794
2012-04-11,0.0016968614597333703,0.0,0.0016968614597333703,0.0,1.5411583543699847
2012-04-12,0.0055306760629413865,0.0,0.0055306760629413865,0.0,1.549682001989701
2012-04-13,-0.0033020198208144197,0.0,-0.0033020198208144197,0.0,1.5445649213031716
2012-04-16,-0.0002581666927542331,0.0,-0.0002581666927542331,0.0,1.5441661660856945
2012-04-17,0.005222382983305018,0.0,0.005222382983305018,0.0,1.5522303931948556
2012-04-18,-0.001953766417311917,0.0,-0.001953766417311917,0.0,1.5491976975807005
2012-04-19,-0.0019982335467152307,0.0,-0.0019982335467152307,0.0,1.5461020387709008
2012-04-20,0.001496893241491798,0.0,0.001496893241491798,0.0,1.5484163884633937
2012-04-23,-0.002942596672930578,0.0,-0.002942596672930578,0.0,1.54386002355039
2012-04-24,0.0009785201934756904,0.0,0.0009785201934756904,0.0,1.5453707217593342
2012-04-25,0.006082406930872614,0.0,0.006082406930872614,0.0,1.5547702953481308
2012-04-26,0.003767496242818802,0.0,0.003767496242818802,0.0,1.560627886594301
2012-04-27,0.0021943247174117386,0.0,0.0021943247174117386,0.0,1.564052410940537
2012-04-30,-0.001259804381480531,0.0,-0.001259804381480531,0.0,1.5620820108603688
2012-05-01,0.0012584970847037136,0.0,0.0012584970847037136,0.0,1.5640478865171046
2012-05-02,0.00010797516728890122,0.0,0.00010797516728890122,0.0,1.5642167648492993
2012-05-03,-0.0040046765781651394,0.0,-0.0040046765781651394,0.0,1.557952582607934
2012-05-04,-0.004854999114381628,0.0,-0.004854999114381628,0.0,1.5503887241991239
2012-05-07,0.0008035318879386355,0.0,0.0008035318879386355,0.0,1.5516345109777185
2012-05-08,-0.002946639556962255,0.0,-0.002946639556962255,0.0,1.5470624033497238
2012-05-09,-0.0026709091302624666,0.0,-0.0026709091302624666,0.0,1.5429303402515313
2012-05-10,-2.4384359685339363e-05,0.0,-2.4384359685339363e-05,0.0,1.5428927168831452
2012-05-11,-7.26317237756402e-05,0.0,-7.26317237756402e-05,0.0,1.542780653925517
2012-05-14,-0.004201477110365323,0.0,-0.004201477110365323,0.0,1.5362986963217347
2012-05-15,-0.0025946097958954167,0.0,-0.0025946097958954167,0.0,1.5323126006748369
2012-05-16,-0.002578089833127517,0.0,-0.002578089833127517,0.0,1.5283621611378637
2012-05-17,-0.0031383333348048575,0.0,-0.0031383333348048575,0.0,1.5235656512199103
2012-05-18,-0.0027468938629139905,0.0,-0.0027468938629139905,0.0,1.5193805780828276
2012-05-21,0.006034731647466818,2.5e-05,0.006009731647466818,0.125,1.5285116476274783
2012-05-22,-0.003368860836741039,0.0,-0.003368860836741039,0.0,1.5233623045992835
2012-05-23,0.0009750031298990935,2.5e-05,0.0009500031298990936,0.125,1.524809503556623
2012-05-24,-0.0006638499149952543,0.0,-0.0006638499149952543,0.0,1.523797258897303
2012-05-25,0.00045299158860284683,0.0,0.00045299158860284683,0.0,1.5244875262383197
2012-05-29,0.003136159500422883,0.0,0.003136159500422883,0.0,1.5292685622770081
2012-05-30,-0.0019304358761722956,0.0,-0.0019304358761722956,0.0,1.5263164073800863
2012-05-31,0.00133840482827495,0.0,0.00133840482827495,0.0,1.5283592366291991
2012-06-01,0.0014327849615492771,2.5e-05,0.001407784961549277,0.125,1.5305108377783707
2012-06-04,-0.0010981031313625073,2.5e-05,-0.0011231031313625073,0.125,1.5287919162638774
2012-06-05,0.0012779736666517494,2.5e-05,0.0012529736666517493,0.125,1.530707452276746
2012-06-06,0.005999576750521124,2.5e-05,0.005974576750521124,0.125,1.539852781432968
2012-06-07,-0.0032791371309437295,0.0,-0.0032791371309437295,0.0,1.5348033930011842
2012-06-08,0.0041278154563230834,0.0,0.0041278154563230834,0.0,1.5411387781692316
2012-06-11,-0.005425945522803927,0.0,-0.005425945522803927,0.0,1.5327766431158047
2012-06-12,0.003880942150352673,0.0,0.003880942150352673,0.0,1.538725260597149
2012-06-13,-0.0005345727524635469,0.0,-0.0005345727524635469,0.0,1.5379026999993066
2012-06-14,0.003950905260627899,0.0,0.003950905260627899,0.0,1.5439788078670678
2012-06-15,0.0043679834228715075,0.0,0.0043679834228715075,0.0,1.5507228817050962
2012-06-18,0.0031958185147637486,0.0,0.0031958185147637486,0.0,1.5556787106017171
2012-06-19,0.002936458027589378,2.5e-05,0.0029114580275893783,0.125,1.5602080038720483
2012-06-20,-0.0006827030291648994,0.0,-0.0006827030291648994,0.0,1.5591428451416773
2012-06-21,-0.013491120663273112,0.0,-0.013491120663273112,0.0,1.5381082608865921
2012-06-22,0.001141074804462655,2.5e-05,0.001116074804462655,0.125,1.5398249047631036
2012-06-25,-0.0023119547545966124,0.0,-0.0023119547545966124,0.0,1.5362648992532901
2012-06-26,0.00041236727152080266,0.0,0.00041236727152080266,0.0,1.5368984046181284
2012-06-27,0.0027537429389959678,0.0,0.0027537429389959678,0.0,1.5411306277477996
2012-06-28,-0.001530743453136696,0.0,-0.001530743453136696,0.0,1.5387715521289462
2012-06-29,0.012048386674336928,0.0,0.012048386674336928,0.0,1.5573112667924651
2012-07-02,0.0033313937832080004,0.0,0.0033313937832080004,0.0,1.5624992838651774
2012-07-03,0.0035595691579631827,0.0,0.0035595691579631827,0.0,1.5680611081253633
2012-07-05,-0.0020314876744440824,0.0,-0.0020314876744440824,0.0,1.5648756113114315
2012-07-06,-0.0028648547597834445,0.0,-0.0028648547597834445,0.0,1.5603924699678968
2012-07-09,0.0011113666776247921,0.0,0.0011113666776247921,0.0,1.5621266381630359
2012-07-10,-0.004938110448048039,0.0,-0.004938110448048039,0.0,1.5544126842899488
2012-07-11,0.0003074903120947464,0.0,0.0003074903120947464,0.0,1.5548906511313652
2012-07-12,-0.0008378685506956474,0.0,-0.0008378685506956474,0.0,1.5535878571550115
2012-07-13,0.006476955804997714,0.0,0.006476955804997714,0.0,1.5636503770449857
2012-07-16,0.00017442963958508306,2.5e-05,0.00014942963958508305,0.125,1.5638840327572645
2012-07-17,0.0017251551354087319,0.0,0.0017251551354087319,0.0,1.5665819753275594
2012-07-18,0.0019452427285478607,0.0,0.0019452427285478607,0.0,1.5696293575237394
2012-07-19,8.166980211478381e-05,0.0,8.166980211478381e-05,0.0,1.5697575488427622
2012-07-20,-0.001926473658685729,0.0,-0.001926473658685729,0.0,1.5667334522743936
2012-07-23,-0.002988491322460693,0.0,-0.002988491322460693,0.0,1.5620512829476627
2012-07-24,-0.0014933488234962211,0.0,-0.0014933488234962211,0.0,1.559718595502032
2012-07-25,-0.0005406912515189127,0.0,-0.0005406912515189127,0.0,1.5588752693026127
2012-07-26,0.003686544208092682,0.0,0.003686544208092682,0.0,1.564622131897799
2012-07-27,0.0041001499030650645,0.0,0.0041001499030650645,0.0,1.5710373171802332
2012-07-30,0.001420044812589033,0.0,0.001420044812589033,0.0,1.5732682605728787
2012-07-31,-0.0027019767729003497,5e-05,-0.00275197677290035,0.25,1.5689386628622408
2012-08-01,-0.003757681699026072,2.5e-05,-0.003782681699026072,0.125,1.5630038672953375
2012-08-02,-0.0006961540168170938,0.0,-0.0006961540168170938,0.0,1.5619157758748192
2012-08-03,0.00678581055305405,0.0,0.00678581055305405,0.0,1.572514640429732
2012-08-06,0.0020835830727491816,0.0,0.0020835830727491816,0.0,1.575791105316182
2012-08-07,-0.00027788032681806685,0.0,-0.00027788032681806685,0.0,1.5753532239688397
2012-08-08,-0.0016067682160139651,0.0,-0.0016067682160139651,0.0,1.5728219964795715
2012-08-09,0.0011869650945109944,5e-05,0.0011369650945109945,0.25,1.574610240189448
2012-08-10,0.0008613843738230903,2.5e-05,0.0008363843738230903,0.125,1.5759272195892042
2012-08-13,-0.0019775399294758994,2.5e-05,-0.0020025399294758993,0.125,1.5727713624060289
2012-08-14,-0.0019243021630924034,0.0,-0.0019243021630924034,0.0,1.5697448750713012
2012-08-15,1.127932151361033e-05,2.5e-05,-1.3720678486389671e-05,0.125,1.5697233371065646
2012-08-16,0.003602196170303551,2.5e-05,0.003577196170303551,0.125,1.5753385454164983
2012-08-17,0.0024114249569191226,2.5e-05,0.0023864249569191228,0.125,1.579097972636877
2012-08-20,-0.0003280988438937732,0.0,-0.0003280988438937732,0.0,1.5785798724176598
2012-08-21,0.0004029630187822597,2.5e-05,0.0003779630187822597,0.125,1.5791765172316279
2012-08-22,0.0018750153305869682,0.0,0.0018750153305869682,0.0,1.58213749741114
2012-08-23,-0.004637947251868682,0.0,-0.004637947251868682,0.0,1.5747996271529434
2012-08-24,0.0020062845861951173,0.0,0.0020062845861951173,0.0,1.5779591233712464
2012-08-27,0.0005000967598493278,0.0,0.0005000967598493278,0.0,1.5787482556160193
2012-08-28,0.0008067234679630941,0.0,0.0008067234679630941,0.0,1.5800218688838306
2012-08-29,-0.00048658136686249853,2.5e-05,-0.0005115813668624985,0.125,1.5792135591364744
2012-08-30,-0.00488919522981042,0.0,-0.00488919522981042,0.0,1.5714924757362925
2012-08-31,0.005198484386571639,0.0,0.005198484386571639,0.0,1.5796618548350223
2012-09-04,0.0020368770300920047,2.5e-05,0.002011877030092005,0.125,1.5828399402360775
2012-09-05,-0.0013574743565110542,2.5e-05,-0.0013824743565110543,0.125,1.5806517046082396
2012-09-06,0.009747361749676803,0.0,0.009747361749676803,0.0,1.5960588885732994
2012-09-07,0.0026448063750890705,0.0,0.0026448063750890705,0.0,1.6002801552968156
2012-09-10,-0.004537635473480683,0.0,-0.004537635473480683,0.0,1.5930186672966336
2012-09-11,0.0029186395379200286,2.5e-05,0.0028936395379200288,0.125,1.5976282890969677
2012-09-12,0.001496215518374741,0.0,0.001496215518374741,0.0,1.600018685335709
2012-09-13,0.011561980524199433,0.0,0.011561980524199433,0.0,1.618518070213916
2012-09-14,0.0029076147253569024,0.0,0.0029076147253569024,0.0,1.623224097188126
2012-09-17,-0.0018272307293515089,0.0,-0.0018272307293515089,0.0,1.62025809223712
2012-09-18,-0.0014254558814200818,0.0,-0.0014254558814200818,0.0,1.617948485810122
2012-09-19,0.0007280751680745212,0.0,0.0007280751680745212,0.0,1.6191264739258642
2012-09-20,-0.003754938517295678,0.0,-0.003754938517295678,0.0,1.6130467535645467
2012-09-21,0.0009699009465890529,0.0,0.0009699009465890529,0.0,1.6146112491377216
2012-09-24,-0.0013691867597959706,0.0,-0.0013691867597959706,0.0,1.6124005447931844
2012-09-25,-0.008427362371589225,2.5e-05,-0.008452362371589226,0.125,1.5987719511004446
2012-09-26,-0.003718919883300767,0.0,-0.003718919883300767,0.0,1.5928262463026335
2012-09-27,0.00924900747280856,0.0,0.00924900747280856,0.0,1.6075583081575724
2012-09-28,-0.006175234710920671,0.0,-0.006175234710920671,0.0,1.5976312582932088
2012-10-01,0.0026524860475672513,0.0,0.0026524860475672513,0.0,1.6018689529149888
2012-10-02,0.0020459664492161883,0.0,0.0020459664492161883,0.0,1.605146323048694
2012-10-03,0.00011922327597208016,0.0,0.00011922327597208016,0.0,1.6053376938517425
2012-10-04,0.004270226156668347,0.0,0.004270226156668347,0.0,1.6121928488623138
2012-10-05,-0.0028234323109748855,0.0,-0.0028234323109748855,0.0,1.6076409314813134
2012-10-08,-0.0038270445203387876,0.0,-0.0038270445203387876,0.0,1.6014884180638156
2012-10-09,-0.008895047839089482,0.0,-0.008895047839089482,0.0,1.5872431019713902
2012-10-10,-0.0014635489066430613,0.0,-0.0014635489066430613,0.0,1.5849200940649233
2012-10-11,0.0032141536638959217,0.0,0.0032141536638959217,0.0,1.5900142707922442
2012-10-12,-0.0030596356973361938,0.0,-0.0030596356973361938,0.0,1.5851494063700542
2012-10-15,0.004021825519108055,0.0,0.004021825519108055,0.0,1.591524600704192
2012-10-16,0.007157479390672419,0.0,0.007157479390672419,0.0,1.6029159052334805
2012-10-17,0.0023585344466175023,0.0,0.0023585344466175023,0.0,1.6066964376110047
2012-10-18,-0.0033293246391621345,0.0,-0.0033293246391621345,0.0,1.6013472235736124
2012-10-19,-0.011907390961469144,0.0,-0.011907390961469144,0.0,1.5822793561174584
2012-10-22,0.001742455192271411,0.0,0.001742455192271411,0.0,1.585036406997149
2012-10-23,-0.009882809655831548,0.0,-0.009882809655831548,0.0,1.569371793889233
2012-10-24,-0.002699155449165061,0.0,-0.002699155449165061,0.0,1.565135815459991
2012-10-25,0.002882857258229579,0.0,0.002882857258229579,0.0,1.5696478786057049
2012-10-26,-0.0007008278086515218,2.5e-05,-0.0007258278086515218,0.125,1.5685085845256221
2012-10-31,0.001663798026406732,0.0,0.001663798026406732,0.0,1.571118266012958
2012-11-01,0.0039747465482803945,5e-05,0.003924746548280395,0.25,1.5772845070044323
2012-11-02,-0.004869827186944536,2.5e-05,-0.004894827186944536,0.125,1.5695639719180006
2012-11-05,0.0020905570740312462,2.5e-05,0.0020655570740312464,0.125,1.5728059958833405
2012-11-06,0.003678562134373467,0.0,0.003678562134373467,0.0,1.5785916604645127
2012-11-07,-0.01102686007928616,0.0,-0.01102686007928616,0.0,1.5611847511022425
2012-11-08,-0.007556911238923339,0.0,-0.007556911238923339,0.0,1.5493870165106023
2012-11-09,0.0010095949450830838,0.0,0.0010095949450830838,0.0,1.5509512698104486
2012-11-12,-5.609514313192898e-06,0.0,-5.609514313192898e-06,0.0,1.5509425697271015
2012-11-13,-0.002310028367840125,2.5e-05,-0.002335028367840125,0.125,1.5473210748298978
2012-11-14,-0.010938162160877854,2.5e-05,-0.010963162160877855,0.125,1.5303575429715937
2012-11-15,-0.0012636591152760668,0.0,-0.0012636591152760668,0.0,1.528423692712786
2012-11-16,0.003159456929528487,0.0,0.003159456929528487,0.0,1.5332526815399832
2012-11-19,0.013892243253683462,0.0,0.013892243253683462,0.0,1.554553000761299
2012-11-20,-6.492082322910597e-05,0.0,-6.492082322910597e-05,0.0,1.5544520779007365
2012-11-21,0.0008317211024087834,0.0,0.0008317211024087834,0.0,1.5557449484966095
2012-11-23,0.011909047731403624,2.5e-05,0.011884047731403623,0.125,1.5742334957224333
2012-11-26,0.0012275131307306758,2.5e-05,0.0012025131307306757,0.125,1.5761265321718756
2012-11-27,-0.003627828096197619,2.5e-05,-0.0036528280961976188,0.125,1.5703692128919957
2012-11-28,0.0027986732132672387,0.0,0.0027986732132672387,0.0,1.574764163143056
2012-11-29,0.005916895610305728,0.0,0.005916895610305728,0.0,1.584081878307224
2012-11-30,-0.0012571656492216532,0.0,-0.0012571656492216532,0.0,1.5820904249842616
2012-12-03,-0.00021843633608575885,0.0,-0.00021843633608575885,0.0,1.5817448389484716
2012-12-04,0.001491784920878994,2.5e-05,0.001466784920878994,0.125,1.5840649184269193
2012-12-05,-0.0002447618501395521,0.0,-0.0002447618501395521,0.0,1.583677199766744
2012-12-06,0.004058819487574111,0.0,0.004058819487574111,0.0,1.5901050596471842
2012-12-07,-0.0005432086976668304,0.0,-0.0005432086976668304,0.0,1.5892413007485797
2012-12-10,0.0022972398705365243,0.0,0.0022972398705365243,0.0,1.5928921692285627
2012-12-11,0.004515902400069702,0.0,0.004515902400069702,0.0,1.6000855147986341
2012-12-12,-0.0019256010205115637,0.0,-0.0019256010205115637,0.0,1.5970043884984322
2012-12-13,-0.004346705974586043,0.0,-0.004346705974586043,0.0,1.5900626799815059
2012-12-14,0.0001883898790352584,0.0,0.0001883898790352584,0.0,1.5903622316974462
2012-12-17,0.004743478513212815,2.5e-05,0.004718478513212815,0.125,1.5978663217159357
2012-12-18,0.005400688061191178,0.0,0.005400688061191178,0.0,1.6064958992830065
2012-12-19,-0.000865307779615479,0.0,-0.000865307779615479,0.0,1.6051057858834366
2012-12-20,0.0030760268936087937,0.0,0.0030760268936087937,0.0,1.610043134447901
2012-12-21,-0.003537031192407114,0.0,-0.003537031192407114,0.0,1.6043483616602379
2012-12-24,-0.0016679359759784462,0.0,-0.0016679359759784462,0.0,1.6016724113098226
2012-12-26,-0.0021793243232120924,0.0,-0.0021793243232120924,0.0,1.5981818476660374
2012-12-27,0.002003807604450278,0.0,0.002003807604450278,0.0,1.6013842966056848
2012-12-28,-0.004894536589622481,0.0,-0.004894536589622481,0.0,1.5935462625719015
2012-12-31,0.011555779010850545,0.0,0.011555779010850545,0.0,1.611960931025749
2013-01-02,0.016013580438342764,0.0,0.016013580438342764,0.0,1.6377741970581958
2013-01-03,-0.00654007585151592,0.0,-0.00654007585151592,0.0,1.6270630295817796
2013-01-04,0.002425903838853813,0.0,0.002425903838853813,0.0,1.6310101280312992
2013-01-07,-0.002772005840599126,2.5e-05,-0.002797005840599126,0.125,1.6264481831771191
2013-01-08,-0.0010421163758409235,2.5e-05,-0.0010671163758409236,0.125,1.624712573686394
2013-01-09,0.002751069491033431,0.0,0.002751069491033431,0.0,1.629182270879561
2013-01-10,0.0056661025841897306,0.0,0.0056661025841897306,0.0,1.6384133847547078
2013-01-11,-0.00044056489657934295,0.0,-0.00044056489657934295,0.0,1.6376915573312991
2013-01-14,0.000495796490457473,0.0,0.000495796490457473,0.0,1.6385035190578758
2013-01-15,0.0012455783788779956,0.0,0.0012455783788779956,0.0,1.64054440361493
2013-01-16,-0.0004148500057158805,0.0,-0.0004148500057158805,0.0,1.6398638237597132
2013-01-17,0.0039631176395147905,0.0,0.0039631176395147905,0.0,1.6463627970060575
2013-01-18,0.0018055038443326593,0.0,0.0018055038443326593,0.0,1.6493353113652183
2013-01-22,0.002978237101505632,0.0,0.002978237101505632,0.0,1.6542474229823496
2013-01-23,-0.0007049784484207539,0.0,-0.0007049784484207539,0.0,1.6530812142007916
2013-01-24,-0.00267894766718825,0.0,-0.00267894766718825,0.0,1.6486526961383356
2013-01-25,0.0015771009756751359,0.0,0.0015771009756751359,0.0,1.651252787913965
2013-01-28,-0.0014070900857974522,2.5e-05,-0.0014320900857974523,0.125,1.6488880451672479
2013-01-29,0.0024981985724301797,0.0,0.0024981985724301797,0.0,1.6530072949277819
2013-01-30,-0.004118260961179843,0.0,-0.004118260961179843,0.0,1.6461997795165353
2013-01-31,-7.653011861329106e-05,0.0,-7.653011861329106e-05,0.0,1.6460737956521476
2013-02-01,0.004790333792730819,0.0,0.004790333792730819,0.0,1.653959038580789
2013-02-04,-0.007689615826512133,0.0,-0.007689615826512133,0.0,1.6412407289813153
2013-02-05,0.004653285687156283,2.5e-05,0.0046282856871562835,0.125,1.6488368599564374
2013-02-06,0.0015102739799401493,2.5e-05,0.0014852739799401493,0.125,1.651285834441697
2013-02-07,-0.0031301983248690074,2.5e-05,-0.0031551983248690072,0.125,1.6460757001429867
2013-02-08,0.006213819232519263,2.5e-05,0.006188819232519263,0.125,1.6562629650942142
2013-02-11,-0.00022534396377664467,0.0,-0.00022534396377664467,0.0,1.6558897362326035
2013-02-12,0.0018366506201296373,0.0,0.0018366506201296373,0.0,1.6589310271435216
2013-02-13,0.0009058156522357835,0.0,0.0009058156522357835,0.0,1.6604337128338875
2013-02-14,0.00026854142937690617,0.0,0.00026854142937690617,0.0,1.6608796080765174
2013-02-15,-0.001557230230466805,0.0,-0.001557230230466805,0.0,1.6582932361416547
2013-02-19,0.005047013224100394,0.0,0.005047013224100394,0.0,1.6666626640338977
2013-02-20,-0.00856517938985045,0.0,-0.00856517938985045,0.0,1.6523873993340814
2013-02-21,-0.007112575184941475,0.0,-0.007112575184941475,0.0,1.6406346697216678
2013-02-22,0.007671760557457968,0.0,0.007671760557457968,0.0,1.6532212260700365
2013-02-25,-0.00959298594097796,2.5e-05,-0.009617985940977961,0.125,1.6373205675603686
2013-02-26,0.003667020075218033,2.5e-05,0.0036420200752180333,0.125,1.643283721936991
2013-02-27,0.006293763324890456,2.5e-05,0.006268763324890456,0.125,1.653585078665459
2013-02-28,-0.00029456989202975015,0.0,-0.00029456989202975015,0.0,1.6530979822873744
2013-03-01,0.0026287278001949493,2.5e-05,0.0026037278001949495,0.125,1.657402199460302
2013-03-04,0.0011821773010392417,0.0,0.0011821773010392417,0.0,1.6593615427191966
2013-03-05,0.00628828296586556,2.5e-05,0.0062632829658655605,0.125,1.669754593603922
2013-03-06,-0.0010026599213647097,0.0,-0.0010026599213647097,0.0,1.6680803975944007
2013-03-07,-4.083119772631261e-05,0.0,-4.083119772631261e-05,0.0,1.668012287873863
2013-03-08,0.0010207239094417175,0.0,0.0010207239094417175,0.0,1.6697148678973386
2013-03-11,0.0007242317269059023,2.5e-05,0.0006992317269059024,0.125,1.670882385507859
2013-03-12,-0.003504749247960043,2.5e-05,-0.0035297492479600427,0.125,1.664984589664183
2013-03-13,-0.0008944475403017266,2.5e-05,-0.0009194475403017265,0.125,1.663453723678576
2013-03-14,0.004493972462153356,0.0,0.004493972462153356,0.0,1.670929238904854
2013-03-15,0.0005431428993337151,2.5e-05,0.0005181428993337151,0.125,1.6717950190252817
2013-03-18,-0.0041721756382362,2.5e-05,-0.0041971756382362,0.125,1.6647782016993042
2013-03-19,-0.0011988942863633695,2.5e-05,-0.0012238942863633695,0.125,1.6627406891701821
2013-03-20,0.002673914370267677,0.0,0.002673914370267677,0.0,1.6671867153929831
2013-03-21,-0.003888749094208721,0.0,-0.003888749094208721,0.0,1.6607034445636217
2013-03-22,0.004441909633098012,0.0,0.004441909633098012,0.0,1.6680801391917481
2013-03-25,-0.0025635846325312295,0.0,-0.0025635846325312295,0.0,1.6638038745810855
2013-03-26,0.004092654208549429,0.0,0.004092654208549429,0.0,1.6706132485105907
2013-03-27,0.0009255332598794852,0.0,0.0009255332598794852,0.0,1.6721594566364824
2013-03-28,0.001505068050844674,2.5e-05,0.001480068050844674,0.125,1.6746343664241679
2013-04-01,-0.004732684711935192,0.0,-0.004732684711935192,0.0,1.6667088499601108
2013-04-02,0.002037775957211746,2.5e-05,0.002012775957211746,0.125,1.6700635614609824
2013-04-03,-0.004298826059572505,0.0,-0.004298826059572505,0.0,1.6628842487018314
2013-04-04,0.005890694468918281,2.5e-05,0.005865694468918281,0.125,1.6726382196418932
2013-04-05,0.0007823592831781023,2.5e-05,0.0007573592831781024,0.125,1.6739050077249373
2013-04-08,0.0030807763737680793,0.0,0.0030807763737680793,0.0,1.6790619347246685
2013-04-09,0.0010643583290887576,0.0,0.0010643583290887576,0.0,1.6808490582799487
2013-04-10,0.0071467034526144085,0.0,0.0071467034526144085,0.0,1.6928615880480817
2013-04-11,0.0025976598398361334,2.5e-05,0.0025726598398361335,0.125,1.6972167450700542
2013-04-12,-0.000953025055560261,0.0,-0.000953025055560261,0.0,1.695599254987286
2013-04-15,-0.017083526519163728,0.0,-0.017083526519163728,0.0,1.6666324401488364
2013-04-16,0.011057536139298565,0.0,0.011057536139298565,0.0,1.6850612885867096
2013-04-17,-0.009538395741073472,2.5e-05,-0.009563395741073472,0.125,1.6689463806359917
2013-04-18,-0.0034667778476656363,0.0,-0.0034667778476656363,0.0,1.663160514294661
2013-04-19,0.00690026380612585,0.0,0.00690026380612585,0.0,1.674636760595226
2013-04-22,0.002649548657739989,0.0,0.002649548657739989,0.0,1.6790737921764631
2013-04-23,0.006496109496499439,0.0,0.006496109496499439,0.0,1.6899812393831442
2013-04-24,0.003084630906623323,2.5e-05,0.003059630906623323,0.125,1.6951519582147745
2013-04-25,0.0028164513911268924,0.0,0.0028164513911268924,0.0,1.69992627130566
2013-04-26,-0.0017014731522361215,0.0,-0.0017014731522361215,0.0,1.6970338923942525
2013-04-29,0.006398647425436554,0.0,0.006398647425436554,0.0,1.7078926139406996
2013-04-30,0.005394962040918466,0.0,0.005394962040918466,0.0,1.7171066297628745
2013-05-01,-0.006523860614896765,0.0,-0.006523860614896765,0.0,1.7059044654493865
2013-05-02,0.006766064397306509,0.0,0.006766064397306509,0.0,1.7174467249182697
2013-05-03,0.0049175239511345115,0.0,0.0049175239511345115,0.0,1.7258923103228527
2013-05-06,0.0019557771863156215,0.0,0.0019557771863156215,0.0,1.7292677711294198
2013-05-07,0.0028810370233516708,0.0,0.0028810370233516708,0.0,1.7342498556013324
2013-05-08,0.004087638265172749,0.0,0.004087638265172749,0.0,1.7413388416724584
2013-05-09,-0.004202948359997724,0.0,-0.004202948359997724,0.0,1.7340200844436509
2013-05-10,0.00040397878735329296,0.0,0.00040397878735329296,0.0,1.7347205917746107
2013-05-13,-0.0014108466820827448,0.0,-0.0014108466820827448,0.0,1.7322731669833649
2013-05-14,0.0034613869701175942,0.0,0.0034613869701175942,0.0,1.7382692347522455
2013-05-15,0.0038243828175388295,0.0,0.0038243828175388295,0.0,1.7449170417458884
2013-05-16,-0.0016710465337069214,0.0,-0.0016710465337069214,0.0,1.7420012041716728
2013-05-17,0.004342709751793544,0.0,0.004342709751793544,0.0,1.7495662097886653
2013-05-20,0.001160551172356486,0.0,0.001160551172356486,0.0,1.7515966709045507
2013-05-21,0.0010452665306441011,2.5e-05,0.001020266530644101,0.125,1.753383766363062
2013-05-22,-0.009527076171829865,0.0,-0.009527076171829865,0.0,1.736679145662471
2013-05-23,-0.005561068483256965,0.0,-0.005561068483256965,0.0,1.727021353999998
2013-05-24,-0.0026903860939932883,0.0,-0.0026903860939932883,0.0,1.7223749997651667
2013-05-28,0.00312146429617359,0.0,0.00312146429617359,0.0,1.7277513318315558
2013-05-29,-0.008001379178621204,0.0,-0.008001379178621204,0.0,1.7139269382992037
2013-05-30,0.0012821119470271675,0.0,0.0012821119470271675,0.0,1.7161243845031289
2013-05-31,-0.010686425689808932,0.0,-0.010686425689808932,0.0,1.697785148793667
2013-06-03,0.00513461124711892,0.0,0.00513461124711892,0.0,1.7065026155138545
2013-06-04,-0.005384868758364747,0.0,-0.005384868758364747,0.0,1.6973133228935062
2013-06-05,-0.01103740209189201,0.0,-0.01103740209189201,0.0,1.6785793932728053
2013-06-06,0.006817286346869789,0.0,0.006817286346869789,0.0,1.690022749652701
2013-06-07,0.0053178595681740715,0.0,0.0053178595681740715,0.0,1.6990100533023733
2013-06-10,-0.0018283104406646294,0.0,-0.0018283104406646294,0.0,1.6959037354831263
2013-06-11,-0.009638839544495958,0.0,-0.009638839544495958,0.0,1.6795571914938932
2013-06-12,-0.006424344186529485,0.0,-0.006424344186529485,0.0,1.6687671380147755
2013-06-13,0.01350278605942376,0.0,0.01350278605942376,0.0,1.6913001436623858
2013-06-14,-0.00544491973807644,0.0,-0.00544491973807644,0.0,1.682091150127147
2013-06-17,0.00629315968217023,0.0,0.00629315968217023,0.0,1.6926768183348624
2013-06-18,0.005551501000011061,0.0,0.005551501000011061,0.0,1.702073715384544
2013-06-19,-0.01467904402118246,0.0,-0.01467904402118246,0.0,1.6770889003891167
2013-06-20,-0.024759346909820554,0.0,-0.024759346909820554,0.0,1.6355652745057732
2013-06-21,0.00400367890653025,0.0,0.00400367890653025,0.0,1.6421135526955655
2013-06-24,-0.00699271866033635,2.5e-05,-0.00701771866033635,0.125,1.6305896617744224
2013-06-25,0.007010476339815691,0.0,0.007010476339815691,0.0,1.6420208720182403
2013-06-26,0.0053353959508593285,0.0,0.0053353959508593285,0.0,1.650781703530033
2013-06-27,0.0069673202109313825,0.0,0.0069673202109313825,0.0,1.6622832282568736
2013-06-28,-0.0013525024700113825,2.5e-05,-0.0013775024700113825,0.125,1.6599934290040914
2013-07-01,0.004834961247085323,0.0,0.004834961247085323,0.0,1.6680194329037423
2013-07-02,-0.0010989072739616274,0.0,-0.0010989072739616274,0.0,1.666186434215815
2013-07-03,-0.0011214709135016904,0.0,-0.0011214709135016904,0.0,1.664317854593371
2013-07-05,0.0032623963739662476,0.0,0.0032623963739662476,0.0,1.6697475191273237
2013-07-08,0.0022404871337810828,2.5e-05,0.002215487133781083,0.125,1.6734468232726132
2013-07-09,0.005283615132107844,0.0,0.005283615132107844,0.0,1.6822886722308341
2013-07-10,0.0015270546580591904,0.0,0.0015270546580591904,0.0,1.6848576189839646
2013-07-11,0.011913070000754672,0.0,0.011913070000754672,0.0,1.7049294457402253
2013-07-12,-0.0007399022428460217,0.0,-0.0007399022428460217,0.0,1.703667964619428
2013-07-15,0.004439687613907867,2.5e-05,0.004414687613907867,0.125,1.711189126481045
2013-07-16,-0.0007486889757651188,0.0,-0.0007486889757651188,0.0,1.7099079780465996
2013-07-17,0.003088908714801636,0.0,0.003088908714801636,0.0,1.7151897277014965
2013-07-18,0.0016214907740926127,0.0,0.0016214907740926127,0.0,1.7179708920207828
2013-07-19,-0.0014178431947910047,0.0,-0.0014178431947910047,0.0,1.7155350786826822
2013-07-22,0.0031979083250922025,0.0,0.0031979083250922025,0.0,1.7210212025927891
2013-07-23,0.00021524449492141273,0.0,0.00021524449492141273,0.0,1.7213916429322904
2013-07-24,-0.004968893749025274,0.0,-0.004968893749025274,0.0,1.7128382307580998
2013-07-25,0.003402521641953815,0.0,0.003402521641953815,0.0,1.71866619990742
2013-07-26,-0.0006548287349977394,0.0,-0.0006548287349977394,0.0,1.7175407678938512
2013-07-29,-0.005184676127287319,0.0,-0.005184676127287319,0.0,1.7086358752769093
2013-07-30,9.5369196253553e-05,0.0,9.5369196253553e-05,0.0,1.7087988265070244
2013-07-31,-0.0019435487314673344,0.0,-0.0019435487314673344,0.0,1.7054776927154338
2013-08-01,0.007902119806830352,0.0,0.007902119806830352,0.0,1.7189545817711478
2013-08-02,0.0013966593492864415,0.0,0.0013966593492864415,0.0,1.7213553757587772
2013-08-05,-0.0008150500276541267,0.0,-0.0008150500276541267,0.0,1.7199523850121623
2013-08-06,-0.004916067399565988,0.0,-0.004916067399565988,0.0,1.7114969831633984
2013-08-07,-0.003744650698311397,0.0,-0.003744650698311397,0.0,1.7050880247902376
2013-08-08,0.005176684930828096,0.0,0.005176684930828096,0.0,1.7139147282739047
2013-08-09,0.00032367680951400635,2.5e-05,0.00029867680951400634,0.125,1.7144266348567243
2013-08-12,-0.00042544853259278426,0.0,-0.00042544853259278426,0.0,1.7136972345606867
2013-08-13,-3.7143072727785498e-06,0.0,-3.7143072727785498e-06,0.0,1.713690869362585
2013-08-14,-0.0016168410965872182,2.5e-05,-0.0016418410965872183,0.125,1.7108772612664191
2013-08-15,-0.010951169367281563,0.0,-0.010951169367281563,0.0,1.6921411546116598
2013-08-16,-0.00490776654839345,0.0,-0.00490776654839345,0.0,1.683836520857897
2013-08-19,-0.007176904920379618,0.0,-0.007176904920379618,0.0,1.671751786246237
2013-08-20,0.005634164548192239,2.5e-05,0.005609164548192239,0.125,1.6811289170990262
2013-08-21,-0.0037185297508748605,0.0,-0.0037185297508748605,0.0,1.6748775892057375
2013-08-22,0.006099668940596409,0.0,0.006099668940596409,0.0,1.6850937880159165
2013-08-23,0.003963842426384201,0.0,0.003963842426384201,0.0,1.6917732342652902
2013-08-26,-0.0016619655610806555,0.0,-0.0016619655610806555,0.0,1.6889615654127832
2013-08-27,-0.01023674199418842,0.0,-0.01023674199418842,0.0,1.671672101629552
2013-08-28,0.00026373012337374546,0.0,0.00026373012337374546,0.0,1.672112971919155
2013-08-29,0.002311151493411462,0.0,0.002311151493411462,0.0,1.6759774783113588
2013-08-30,-0.005752338480736849,0.0,-0.005752338480736849,0.0,1.66633668857002
2013-09-03,0.0034474082566798153,0.0,0.0034474082566798153,0.0,1.6720812314286047
2013-09-04,0.005663420978742895,0.0,0.005663420978742895,0.0,1.6815509313528398
2013-09-05,0.0004635680410194354,2.5e-05,0.00043856804101943537,0.125,1.6822884058506777
2013-09-06,0.005007393317853465,5e-05,0.004957393317853465,0.25,1.6906281711525444
2013-09-09,0.00955214828349396,2.5e-05,0.00952714828349396,0.125,1.706735036431367
2013-09-10,0.005023623855281351,2.5e-05,0.004998623855281351,0.125,1.7152663628991172
2013-09-11,0.0017438681338449447,0.0,0.0017438681338449447,0.0,1.718257561250433
2013-09-12,-0.004301162313197701,0.0,-0.004301162313197701,0.0,1.7108670565836157
2013-09-13,0.0028285737864347515,0.0,0.0028285737864347515,0.0,1.715706370291943
2013-09-16,0.004275989417195314,0.0,0.004275989417195314,0.0,1.723042712574326
2013-09-17,0.0023644288833761934,0.0,0.0023644288833761934,0.0,1.7271167245312276
2013-09-18,0.01694194774526317,0.0,0.01694194774526317,0.0,1.7563774458282058
2013-09-19,-0.0014067766015318506,0.0,-0.0014067766015318506,0.0,1.7539066151339564
2013-09-20,-0.007494832954971373,0.0,-0.007494832954971373,0.0,1.7407613780349083
2013-09-23,-0.0012691744852709047,0.0,-0.0012691744852709047,0.0,1.7385520481089614
2013-09-24,-0.0020906503211966243,0.0,-0.0020906503211966243,0.0,1.7349173437111653
2013-09-25,-0.0014291073966665319,0.0,-0.0014291073966665319,0.0,1.7324379605026625
2013-09-26,0.003949036267403866,0.0,0.003949036267403866,0.0,1.7392794208397149
2013-09-27,-0.0037282469603710927,0.0,-0.0037282469603710927,0.0,1.732794957625733
2013-09-30,-0.00457854050308619,0.0,-0.00457854050308619,0.0,1.7248612857287002
2013-10-01,0.008675550725338627,0.0,0.008675550725338627,0.0,1.7398254073072124
2013-10-02,-4.658659966794154e-05,0.0,-4.658659966794154e-05,0.0,1.73974435475747
2013-10-03,-0.007366628224687491,0.0,-0.007366628224687491,0.0,1.7269283048899728
2013-10-04,0.004533688641428571,0.0,0.004533688641428571,0.0,1.7347576601304142
2013-10-07,-0.005371351945469269,0.0,-0.005371351945469269,0.0,1.7254396661977551
2013-10-08,-0.009416020390457636,0.0,-0.009416020390457636,0.0,1.7091928911183327
2013-10-09,0.0006920339341319887,0.0,0.0006920339341319887,0.0,1.7103757105989639
2013-10-10,0.016727855698715627,0.0,0.016727855698715627,0.0,1.7389866286764515
2013-10-11,0.006072015232867295,0.0,0.006072015232867295,0.0,1.7495457819755273
2013-10-14,0.0032396624398884355,0.0,0.0032396624398884355,0.0,1.7552137197322588
2013-10-15,-0.004895195117584447,0.0,-0.004895195117584447,0.0,1.7466216061011084
2013-10-16,0.00898893510751303,0.0,0.00898893510751303,0.0,1.7623218743757314
2013-10-17,0.006975514215005946,0.0,0.006975514215005946,0.0,1.774614975661855
2013-10-18,0.0050301433463215,0.0,0.0050301433463215,0.0,1.7835415433739632
2013-10-21,-0.0007317621672885133,0.0,-0.0007317621672885133,0.0,1.7822364151487347
2013-10-22,0.004847144693824662,0.0,0.004847144693824662,0.0,1.7908751729315642
2013-10-23,-0.005678266504725943,0.0,-0.005678266504725943,0.0,1.7807061064229617
2013-10-24,0.00220172607646775,0.0,0.00220172607646775,0.0,1.7846267334919985
2013-10-25,0.0033423652792411718,0.0,0.0033423652792411718,0.0,1.790591607922428
2013-10-28,-0.0002003107320104197,0.0,-0.0002003107320104197,0.0,1.7902329332067133
2013-10-29,0.0011822331312308781,0.0,0.0011822331312308781,0.0,1.7923494058929708
2013-10-30,-0.004645738037541702,0.0,-0.004645738037541702,0.0,1.7840226200814484
2013-10-31,-0.004086372791585066,0.0,-0.004086372791585066,0.0,1.7767324385871752
2013-11-01,-0.0001065923643958494,0.0,-0.0001065923643958494,0.0,1.7765430524756476
2013-11-04,0.0036673450871918534,0.0,0.0036673450871918534,0.0,1.783058248911329
2013-11-05,-0.006335781786129868,0.0,-0.006335781786129868,0.0,1.771761180934268
2013-11-06,0.0013684781789586875,0.0,0.0013684781789586875,0.0,1.7741857974487025
2013-11-07,-0.011826116211844193,0.0,-0.011826116211844193,0.0,1.753204070026671
2013-11-08,0.004422274360078346,0.0,0.004422274360078346,0.0,1.7609572194335348
2013-11-11,-0.00024220402450597645,0.0,-0.00024220402450597645,0.0,1.760530708508005
2013-11-12,-0.0016082336627908783,0.0,-0.0016082336627908783,0.0,1.7576993637582055
2013-11-13,0.0051439123637945505,0.0,0.0051439123637945505,0.0,1.7667408152472752
2013-11-14,0.004363285127407954,0.0,0.004363285127407954,0.0,1.7744496091704285
2013-11-15,0.0051133892522085556,0.0,0.0051133892522085556,0.0,1.7835230607305463
2013-11-18,-0.002191015286854031,0.0,-0.002191015286854031,0.0,1.779615334440029
2013-11-19,-0.003363613954440306,0.0,-0.003363613954440306,0.0,1.7736293954675706
2013-11-20,-0.004839496340950211,0.0,-0.004839496340950211,0.0,1.7650459224980037
2013-11-21,0.006160960401469143,0.0,0.006160960401469143,0.0,1.7759203005332886
2013-11-22,0.0026847037693618625,0.0,0.0026847037693618625,0.0,1.7806881204582166
2013-11-25,-0.0022397508697046264,0.0,-0.0022397508697046264,0.0,1.7766998226917476
2013-11-26,0.0015987534634072792,0.0,0.0015987534634072792,0.0,1.779540327686711
2013-11-27,0.004055358066436615,0.0,0.004055358066436615,0.0,1.7867570009091447
2013-11-29,0.0011060273610988686,0.0,0.0011060273610988686,0.0,1.788733203039785
2013-12-02,-0.006221256492231389,0.0,-0.006221256492231389,0.0,1.7776050349875039
2013-12-03,-0.0027893203936076166,0.0,-0.0027893203936076166,0.0,1.7726467250116338
2013-12-04,-0.0005919706734540953,0.0,-0.0005919706734540953,0.0,1.7715973701360326
2013-12-05,-0.0016189719772698868,0.0,-0.0016189719772698868,0.0,1.7687292036387774
2013-12-06,0.008497835487235067,0.0,0.008497835487235067,0.0,1.7837595734327683
2013-12-09,0.0012660238125831863,2.5e-05,0.0012410238125831862,0.125,1.7859732615393218
2013-12-10,-0.0021405165418548894,2.5e-05,-0.0021655165418548892,0.125,1.7821057068981478
2013-12-11,-0.011876051597646403,0.0,-0.011876051597646403,0.0,1.7609413275705654
2013-12-12,-0.002068603630899307,2.5e-05,-0.002093603630899307,0.125,1.7572546144133632
2013-12-13,0.0004673996917595874,0.0,0.0004673996917595874,0.0,1.7580759546784832
2013-12-16,0.004281994826296681,0.0,0.004281994826296681,0.0,1.765604026820653
2013-12-17,-0.0007877080059370545,0.0,-0.0007877080059370545,0.0,1.7642132463934117
2013-12-18,0.009486922531543956,0.0,0.009486922531543956,0.0,1.7809502007910696
2013-12-19,-0.003145489056908382,0.0,-0.003145489056908382,0.0,1.7753482414235826
2013-12-20,0.005591192479959928,0.0,0.005591192479959928,0.0,1.7852745551603402
2013-12-23,0.004935374064377135,0.0,0.004935374064377135,0.0,1.794085552897671
2013-12-24,0.0011698032807515302,0.0,0.0011698032807515302,0.0,1.7961842800633994
2013-12-26,0.00184067646028524,0.0,0.00184067646028524,0.0,1.7994904741860465
2013-12-27,0.0005157945904346178,0.0,0.0005157945904346178,0.0,1.8004186416381702
2013-12-30,0.0002822119769313597,0.0,0.0002822119769313597,0.0,1.800926741342331
2013-12-31,0.0014935329780782075,0.0,0.0014935329780782075,0.0,1.803616484821629
2014-01-02,-0.005730429676343213,0.0,-0.005730429676343213,0.0,1.7932809873922653
2014-01-03,0.0005421955445798904,0.0,0.0005421955445798904,0.0,1.7942532963538091
2014-01-06,-0.0013538764301953554,0.0,-0.0013538764301953554,0.0,1.7918240991060754
2014-01-07,0.004227358707672629,0.0,0.004227358707672629,0.0,1.7993987823140491
2014-01-08,-0.00018457770748787905,0.0,-0.00018457770748787905,0.0,1.799066653411953
2014-01-09,-0.00039516693648065926,0.0,-0.00039516693648065926,0.0,1.7983557217539996
2014-01-10,0.004285377779431887,0.0,0.004285377779431887,0.0,1.8060623554035182
2014-01-13,-0.007136883503452179,0.0,-0.007136883503452179,0.0,1.7931726987730328
2014-01-14,0.007195402295029518,0.0,0.007195402295029518,0.0,1.8060752977251686
2014-01-15,0.004101504407385659,0.0,0.004101504407385659,0.0,1.8134829235188585
2014-01-16,0.00017140184030955963,0.0,0.00017140184030955963,0.0,1.8137937578293197
2014-01-17,-0.002779558386932446,0.0,-0.002779558386932446,0.0,1.8087522121775794
2014-01-21,0.00379306999245288,0.0,0.00379306999245288,0.0,1.815612935917373
2014-01-22,0.0015794952684067831,0.0,0.0015794952684067831,0.0,1.8184806879589124
2014-01-23,-0.003424122382179498,0.0,-0.003424122382179498,0.0,1.8122539875337111
2014-01-24,-0.013309042470358398,0.0,-0.013309042470358398,0.0,1.7881346222465486
2014-01-27,-0.005194486876874516,0.0,-0.005194486876874516,0.0,1.778846180417204
2014-01-28,0.004120714579629217,0.0,0.004120714579629217,0.0,1.7861762978077669
2014-01-29,-0.005745314053672651,2.5e-05,-0.005770314053672651,0.125,1.7758694996141897
2014-01-30,0.008035402786055718,2.5e-05,0.008010402786055717,0.125,1.7900949296015705
2014-01-31,-0.004118726193414551,2.5e-05,-0.004143726193414551,0.125,1.7826772663530819
2014-02-03,-0.014135329495128801,2.5e-05,-0.014160329495128802,0.125,1.7574339688780467
2014-02-04,0.005692241887920613,0.0,0.005692241887920613,0.0,1.767437708130949
2014-02-05,-0.0014201787568312307,0.0,-0.0014201787568312307,0.0,1.7649276306438388
2014-02-06,0.007363840453859544,0.0,0.007363840453859544,0.0,1.7779242761285086
2014-02-07,0.007774057377739341,0.0,0.007774057377739341,0.0,1.7917459614644073
2014-02-10,0.002028479199055147,0.0,0.002028479199055147,0.0,1.7953804808772291
2014-02-11,0.006382256321907559,0.0,0.006382256321907559,0.0,1.8068390593015373
2014-02-12,0.0010733348830614942,0.0,0.0010733348830614942,0.0,1.8087784026919638
2014-02-13,0.004012477213622689,0.0,0.004012477213622689,0.0,1.8160360848172583
2014-02-14,0.0020764356333552725,0.0,0.0020764356333552725,0.0,1.819806966855232
2014-02-18,0.0037500798965069693,0.0,0.0037500798965069693,0.0,1.826631388377159
2014-02-19,-0.0038767000376148525,0.0,-0.0038767000376148525,0.0,1.8195500864051288
2014-02-20,0.002833659917465023,0.0,0.002833659917465023,0.0,1.824706072552795
2014-02-21,0.0006298780947492783,0.0,0.0006298780947492783,0.0,1.8258554149372521
2014-02-24,0.0036665777026289315,0.0,0.0036665777026289315,0.0,1.8325500556898855
2014-02-25,5.850163365177241e-05,0.0,5.850163365177241e-05,0.0,1.8326572628618922
2014-02-26,0.0005263866922758514,0.0,0.0005263866922758514,0.0,1.8336219492565653
2014-02-27,0.0022388023323936107,0.0,0.0022388023323936107,0.0,1.837727066353289
2014-02-28,0.0010620532664252502,0.0,0.0010620532664252502,0.0,1.8396788303869074
2014-03-03,-0.0050533817758263155,0.0,-0.0050533817758263155,0.0,1.8303822309120568
2014-03-04,0.010769905725241669,0.0,0.010769905725241669,0.0,1.8500952749801371
2014-03-05,0.0001163700102423948,0.0,0.0001163700102423948,0.0,1.8503105705862362
2014-03-06,0.00040916210122703134,0.0,0.00040916210122703134,0.0,1.8510676475472196
2014-03-07,-0.0026404679287199556,0.0,-0.0026404679287199556,0.0,1.84617996278998
2014-03-10,-0.0018073110469249004,0.0,-0.0018073110469249004,0.0,1.8428433413486183
2014-03-11,-0.002579726076692851,0.0,-0.002579726076692851,0.0,1.8380893103256815
2014-03-12,0.000790192608444748,0.0,0.000790192608444748,0.0,1.8395417549123623
2014-03-13,-0.00752953635556898,0.0,-0.00752953635556898,0.0,1.8256908583911624
2014-03-14,-0.0006297717180109158,0.0,-0.0006297717180109158,0.0,1.8245410899227166
2014-03-17,0.004623198667535244,0.0,0.004623198667535244,0.0,1.8329763058585107
2014-03-18,0.005371464853583391,0.0,0.005371464853583391,0.0,1.8428220736628809
2014-03-19,-0.006047740269741933,0.0,-0.006047740269741933,0.0,1.8316771643980205
2014-03-20,0.0009840800953116874,0.0,0.0009840800953116874,0.0,1.8334796814365415
2014-03-21,-0.0016653640455267793,0.0,-0.0016653640455267793,0.0,1.8304262702968732
2014-03-24,-0.003527691514691303,0.0,-0.003527691514691303,0.0,1.8239690910748787
2014-03-25,0.0034740923347268554,0.0,0.0034740923347268554,0.0,1.8303057281129609
2014-03-26,-0.006334076962630164,0.0,-0.006334076962630164,0.0,1.8187124307659506
2014-03-27,0.00013909672866387057,0.0,0.00013909672866387057,0.0,1.8189654077154505
2014-03-28,0.002436849826879417,0.0,0.002436849826879417,0.0,1.8233979532543414
2014-03-31,0.005845424053726733,0.0,0.005845424053726733,0.0,1.8340564875098102
2014-04-01,0.006034709762709783,0.0,0.006034709762709783,0.0,1.8451244861003469
2014-04-02,0.0016486301893390565,0.0,0.0016486301893390565,0.0,1.8481664140312206
2014-04-03,-0.0035203170590418775,2.5e-05,-0.0035453170590418774,0.125,1.8416140781156074
2014-04-04,-0.007989976639599841,0.0,-0.007989976639599841,0.0,1.8268996246523055
2014-04-07,-0.004036001462534841,0.0,-0.004036001462534841,0.0,1.8195262550953044
2014-04-08,0.00468810114935557,0.0,0.00468810114935557,0.0,1.8280563782230994
2014-04-09,0.007535064938351321,0.0,0.007535064938351321,0.0,1.841830901743978
2014-04-10,-0.014793932410727406,0.0,-0.014793932410727406,0.0,1.8145829798715887
2014-04-11,-0.0058189509076294055,0.0,-0.0058189509076294055,0.0,1.804024010593896
2014-04-14,0.0035095377604495853,0.0,0.0035095377604495853,0.0,1.8103553009798328
2014-04-15,-0.0006526140940897179,2.5e-05,-0.0006776140940897179,0.125,1.8091285787125788
2014-04-16,0.008258721833388216,2.5e-05,0.008233721833388215,0.125,1.824024440190531
2014-04-17,0.0018915161200820652,0.0,0.0018915161200820652,0.0,1.827474611822575
2014-04-21,0.002057637790305683,0.0,0.002057637790305683,0.0,1.8312348926446853
2014-04-22,0.0033158657539999054,0.0,0.0033158657539999054,0.0,1.8373070217127356
2014-04-23,-0.003873827703579122,0.0,-0.003873827703579122,0.0,1.8301896108720443
2014-04-24,0.0017539386279657315,0.0,0.0017539386279657315,0.0,1.8333996511270543
2014-04-25,-0.008007774628013678,0.0,-0.008007774628013678,0.0,1.8187181999177497
2014-04-28,0.002047282840690126,0.0,0.002047282840690126,0.0,1.8224416304804922
2014-04-29,0.002794260716393132,2.5e-05,0.0027692607163931323,0.125,1.8274884464957013
2014-04-30,0.002477297748878532,0.0,0.002477297748878532,0.0,1.8320156795103066
2014-05-01,0.0012194859511553968,0.0,0.0012194859511553968,0.0,1.8342497968937659
2014-05-02,-0.000541688821967562,0.0,-0.000541688821967562,0.0,1.8332562042820921
2014-05-05,0.0009049008992510488,0.0,0.0009049008992510488,0.0,1.8349151194699045
2014-05-06,-0.005403792368119331,0.0,-0.005403792368119331,0.0,1.8249996191511662
2014-05-07,0.0021065521808807663,0.0,0.0021065521808807663,0.0,1.8288440760789955
2014-05-08,-0.001202845231651234,0.0,-0.001202845231651234,0.0,1.8266442597026502
2014-05-09,0.0016968036553297872,0.0,0.0016968036553297872,0.0,1.8297437163595007
2014-05-12,0.007328343520569269,0.0,0.007328343520569269,0.0,1.8431527068675864
2014-05-13,-0.0016487478273762152,0.0,-0.0016487478273762152,0.0,1.840113812846616
2014-05-14,-0.0034596596263524043,0.0,-0.0034596596263524043,0.0,1.8337476453804171
2014-05-15,-0.004705941179429254,2.5e-05,-0.004730941179429254,0.125,1.8250722931322054
2014-05-16,0.005118674322927119,0.0,0.005118674322927119,0.0,1.8344142438165472
2014-05-19,0.0014940222654119956,7.500000000000001e-05,0.0014190222654119956,0.375,1.8370173184725118
2014-05-20,-0.005340599289559572,7.500000000000001e-05,-0.005415599289559573,0.375,1.8270687687876834
2014-05-21,0.004831967351785343,2.5e-05,0.004806967351785344,0.125,1.8358514287087127
2014-05-22,0.0031908901238327236,0.0,0.0031908901238327236,0.0,1.8417094289014033
2014-05-23,0.0028740777588742855,0.0,0.0028740777588742855,0.0,1.847002645009318
2014-05-27,0.004836105258873721,2.5e-05,0.0048111052588737215,0.125,1.855888769147876
2014-05-28,-0.0015968757950231421,0.0,-0.0015968757950231421,0.0,1.8529251452941686
2014-05-29,0.0025641906373775336,2.5e-05,0.0025391906373775338,0.125,1.857630075474861
2014-05-30,-0.0015217953308196142,0.0,-0.0015217953308196142,0.0,1.8548031426996132
2014-06-02,-0.000566361453237893,0.0,-0.000566361453237893,0.0,1.8537526536962436
2014-06-03,-0.0016278469557907543,0.0,-0.0016278469557907543,0.0,1.850735028082135
2014-06-04,0.0006918737770469918,0.0,0.0006918737770469918,0.0,1.8520155031163272
2014-06-05,0.009029184250133104,0.0,0.009029184250133104,0.0,1.8687376923280674
2014-06-06,0.00391648922156497,0.0,0.00391648922156497,0.0,1.8760565833580027
2014-06-09,-4.2936619125161224e-05,2.5e-05,-6.793661912516122e-05,0.125,1.8759291304164418
2014-06-10,-0.0005583445698382067,0.0,-0.0005583445698382067,0.0,1.8748817155730726
2014-06-11,-0.0022336255137550276,2.5e-05,-0.0022586255137550275,0.125,1.8706470598950065
2014-06-12,-0.0025498738886645528,0.0,-0.0025498738886645528,0.0,1.865877145802073
2014-06-13,0.001364625212995088,0.0,0.001364625212995088,0.0,1.868423368799586
2014-06-16,-4.678072646639719e-05,0.0,-4.678072646639719e-05,0.0,1.8683359625970468
2014-06-17,0.0005680992090954795,0.0,0.0005680992090954795,0.0,1.869397362779723
2014-06-18,0.0067624223197020605,0.0,0.0067624223197020605,0.0,1.8820390172301766
2014-06-19,-0.00043496410338823843,0.0,-0.00043496410338823843,0.0,1.8812203978165054
2014-06-20,0.0017219668875371602,0.0,0.0017219668875371602,0.0,1.884459797049705
2014-06-23,-0.0017530920714148995,0.0,-0.0017530920714148995,0.0,1.881156165520597
2014-06-24,-0.0015604393666435318,2.5e-05,-0.0015854393666435318,0.125,1.8781737064809765
2014-06-25,0.002721087569826433,0.0,0.002721087569826433,0.0,1.8832843816076568
2014-06-26,0.00022627784875334234,0.0,0.00022627784875334234,0.0,1.8837105271461179
2014-06-27,0.0026949392495409646,0.0,0.0026949392495409646,0.0,1.8887870125804975
2014-06-30,0.0017807954879217464,0.0,0.0017807954879217464,0.0,1.892150555970146
2014-07-01,0.0050527778737324835,0.0,0.0050527778737324835,0.0,1.9017111724331226
2014-07-02,-0.0008352392852293972,0.0,-0.0008352392852293972,0.0,1.9001227885527467
2014-07-03,0.0014579708309103434,0.0,0.0014579708309103434,0.0,1.9028931121536048
2014-07-07,-0.0028670857300052283,0.0,-0.0028670857300052283,0.0,1.897437354466024
2014-07-08,-0.00388707127325022,0.0,-0.00388707127325022,0.0,1.8900618802326872
2014-07-09,0.0038230652856365843,0.0,0.0038230652856365843,0.0,1.8972877101947099
2014-07-10,-0.0029912345518009753,0.0,-0.0029912345518009753,0.0,1.8916124776412682
2014-07-11,0.0017939962081024996,0.0,0.0017939962081024996,0.0,1.8950060232533557
2014-07-14,0.0010155273045702878,0.0,0.0010155273045702878,0.0,1.8969304536122944
2014-07-15,-0.0036486915488029986,0.0,-0.0036486915488029986,0.0,1.8900091394975322
2014-07-16,0.0032082768483271407,0.0,0.0032082768483271407,0.0,1.8960728120629091
2014-07-17,-0.005881421768462403,0.0,-0.005881421768462403,0.0,1.8849212081514526
2014-07-18,0.008032210485576702,0.0,0.008032210485576702,0.0,1.9000612920440527
2014-07-21,-0.0005559875411263598,0.0,-0.0005559875411263598,0.0,1.8990048816382996
2014-07-22,0.004165209284610172,0.0,0.004165209284610172,0.0,1.9069146344028194
2014-07-23,0.00154857181603274,0.0,0.00154857181603274,0.0,1.9098676286612362
2014-07-24,-0.000629434315713176,2.5e-05,-0.0006544343157131759,0.125,1.9086177457465705
2014-07-25,-0.0026109871046379463,0.0,-0.0026109871046379463,0.0,1.903634369424743
2014-07-28,0.0010443193715319044,0.0,0.0010443193715319044,0.0,1.9056223716730474
2014-07-29,-0.0015695374231652903,0.0,-0.0015695374231652903,0.0,1.9026314260462855
2014-07-30,-0.001789166080902141,0.0,-0.001789166080902141,0.0,1.899227302434345
2014-07-31,-0.014352564144384863,0.0,-0.014352564144384863,0.0,1.8719685207513888
2014-08-01,-0.00092737959897711,0.0,-0.00092737959897711,0.0,1.8702324953353164
2014-08-04,0.0051594514275487835,0.0,0.0051594514275487835,0.0,1.8798818690532224
2014-08-05,-0.006867962839744807,0.0,-0.006867962839744807,0.0,1.8669709102334549
2014-08-06,-0.0007958804472650571,0.0,-0.0007958804472650571,0.0,1.8654850245903873
2014-08-07,-0.001945699461384065,0.0,-0.001945699461384065,0.0,1.861855351382822
2014-08-08,0.005898080665605446,2.5e-05,0.005873080665605446,0.125,1.8727901780491827
2014-08-11,0.0049170296554944815,0.0,0.0049170296554944815,0.0,1.8819987428931695
2014-08-12,-0.0020515797831281296,2.5e-05,-0.0020765797831281295,0.125,1.878090622351805
2014-08-13,0.0071567610157366734,0.0,0.0071567610157366734,0.0,1.8915316681018728
2014-08-14,0.0032109368384589804,0.0,0.0032109368384589804,0.0,1.8976052568160928
2014-08-15,0.001102558385711619,0.0,0.001102558385711619,0.0,1.899697477404766
2014-08-18,0.005836594797373834,0.0,0.005836594797373834,0.0,1.9107852418179707
2014-08-19,0.0025458327705461525,0.0,0.0025458327705461525,0.0,1.9156497815040667
2014-08-20,-0.00047662799602117556,0.0,-0.00047662799602117556,0.0,1.91473672918763
2014-08-21,0.0013958375454858202,0.0,0.0013958375454858202,0.0,1.9174093906039509
2014-08-22,-0.0012321609672797385,0.0,-0.0012321609672797385,0.0,1.915046833594553
2014-08-25,0.0035838527354186273,0.0,0.0035838527354186273,0.0,1.9219100794275856
2014-08-26,0.0019495996567571172,0.0,0.0019495996567571172,0.0,1.9256570346587556
2014-08-27,0.0016882275865382906,0.0,0.0016882275865382906,0.0,1.9289079819868777
2014-08-28,-0.0020053300180433303,0.0,-0.0020053300180433303,0.0,1.925039884908556
2014-08-29,0.0020237930285923883,0.0,0.0020237930285923883,0.0,1.9289357672073963
2014-09-02,-0.0011033328777863421,0.0,-0.0011033328777863421,0.0,1.9268075089562984
2014-09-03,0.0019433177724974132,0.0,0.0019433177724974132,0.0,1.9305519082326348
2014-09-04,-0.003691533629070126,0.0,-0.003691533629070126,0.0,1.9234252109407284
2014-09-05,0.003772701155195443,0.0,0.003772701155195443,0.0,1.9306817194559762
2014-09-08,-0.0027633491624172307,0.0,-0.0027633491624172307,0.0,1.9253465717436231
2014-09-09,-0.006079061786854814,0.0,-0.006079061786854814,0.0,1.9136422709728846
2014-09-10,-0.000331111545657653,0.0,-0.000331111545657653,0.0,1.913008641922707
2014-09-11,-0.000999000761618865,0.0,-0.000999000761618865,0.0,1.9110975448324428
2014-09-12,-0.009342119866714557,0.0,-0.009342119866714557,0.0,1.8932438424916342
2014-09-15,-0.003980602747102505,0.0,-0.003980602747102505,0.0,1.885707590851277
2014-09-16,0.0052687095379404525,0.0,0.0052687095379404525,0.0,1.8956428364209619
2014-09-17,-0.0017184613387825481,0.0,-0.0017184613387825481,0.0,1.8923852474944325
2014-09-18,0.0028165631279056386,0.0,0.0028165631279056386,0.0,1.8977152700063178
2014-09-19,-0.0014038205461816694,0.0,-0.0014038205461816694,0.0,1.89505121831948
2014-09-22,-0.007162569241943112,0.0,-0.007162569241943112,0.0,1.8814777827512381
2014-09-23,-0.004105271841488872,0.0,-0.004105271841488872,0.0,1.8737538049893225
2014-09-24,0.00484949161479932,0.0,0.00484949161479932,0.0,1.8828405583548167
2014-09-25,-0.010387460233666934,0.0,-0.010387460233666934,0.0,1.863282626928571
2014-09-26,0.0060314451679800984,0.0,0.0060314451679800984,0.0,1.8745209139253407
2014-09-29,-0.003356028943723402,0.0,-0.003356028943723402,0.0,1.8682299674825924
2014-09-30,-0.003469058410687245,0.0,-0.003469058410687245,0.0,1.861748968600799
2014-10-01,-0.0069747951452149015,0.0,-0.0069747951452149015,0.0,1.8487636509329932
2014-10-02,-0.0007500205934296844,0.0,-0.0007500205934296844,0.0,1.8473770401224092
2014-10-03,0.004869279082145905,2.5e-05,0.0048442790821459055,0.125,1.8563262500747109
2014-10-06,-0.00028462116586269737,0.0,-0.00028462116586269737,0.0,1.855797900333193
2014-10-07,-0.008283677589329269,2.5e-05,-0.00830867758932927,0.125,1.8403786739083703
2014-10-08,0.013606545553417393,0.0,0.013606545553417393,0.0,1.8654198701704423
2014-10-09,-0.013729610005155976,0.0,-0.013729610005155976,0.0,1.8398083828571334
2014-10-10,-0.009303392194496635,0.0,-0.009303392194496635,0.0,1.822691923908691
2014-10-13,-0.00253487430045847,0.0,-0.00253487430045847,0.0,1.8180716289931216
2014-10-14,0.00304667946162554,7.500000000000001e-05,0.00297167946162554,0.375,1.8234743551127643
2014-10-15,-0.001150379713221697,0.0,-0.001150379713221697,0.0,1.8213766672070626
2014-10-16,-0.0014864580521024712,0.0,-0.0014864580521024712,0.0,1.818669267194181
2014-10-17,0.0022057747197329475,2.5e-05,0.0021807747197329476,0.125,1.8226353751556332
2014-10-20,0.006910048875189756,0.0,0.006910048875189756,0.0,1.8352298746796083
2014-10-21,0.005900474453108359,2.5e-05,0.005875474453108359,0.125,1.8460127209238697
2014-10-22,-0.0013665269126169333,0.0,-0.0013665269126169333,0.0,1.843490094859694
2014-10-23,0.005403394961669236,2.5e-05,0.005378394961669236,0.125,1.8534051126977744
2014-10-24,0.002012530232648177,2.5e-05,0.001987530232648177,0.125,1.857088811392606
2014-10-27,0.001003813602766787,2.5e-05,0.000978813602766787,0.125,1.8589065551827433
2014-10-28,0.006644998544379804,0.0,0.006644998544379804,0.0,1.8712589865360705
2014-10-29,-0.001368534789030082,0.0,-0.001368534789030082,0.0,1.8686981035137107
2014-10-30,0.0030236817652192494,0.0,0.0030236817652192494,0.0,1.8743484518940048
2014-10-31,0.006239195352749485,0.0,0.006239195352749485,0.0,1.8860428780444949
2014-11-03,0.0013154911724116147,0.0,0.0013154911724116147,0.0,1.8885239508013523
2014-11-04,-0.0014291658594790951,5e-05,-0.001479165859479095,0.25,1.8857305106485185
2014-11-05,-0.0005211673169007586,2.5e-05,-0.0005461673169007585,0.125,1.8847005862751198
2014-11-06,-0.00033158751919924734,2.5e-05,-0.00035658751919924735,0.125,1.8840285255686267
2014-11-07,0.0022706566751866664,2.5e-05,0.0022456566751866665,0.125,1.888259406803312
2014-11-10,0.0013388078293556371,2.5e-05,0.001313807829355637,0.125,1.8907402167958245
2014-11-11,0.0008287664005713485,5e-05,0.0007787664005713485,0.25,1.8922126617488741
2014-11-12,-0.0017066261976759478,0.0,-0.0017066261976759478,0.0,1.8889833620487595
2014-11-13,0.0008576620687784225,0.0,0.0008576620687784225,0.0,1.8906034714269422
2014-11-14,0.0008114073745810468,2.5e-05,0.0007864073745810469,0.125,1.892090255939281
2014-11-17,-0.002911626647314064,2.5e-05,-0.002936626647314064,0.125,1.8865338932745663
2014-11-18,0.003937039219654492,2.5e-05,0.0039120392196544925,0.125,1.893914087854264
2014-11-19,-0.0040154033334794115,2.5e-05,-0.004040403333479411,0.125,1.886261911060374
2014-11-20,0.0032437048761608522,0.0,0.0032437048761608522,0.0,1.892380388018997
2014-11-21,0.0025925286192702846,0.0,0.0025925286192702846,0.0,1.8972864383334822
2014-11-24,0.002331142758239993,2.5e-05,0.002306142758239993,0.125,1.901661851713552
2014-11-25,0.0006544125999882189,0.0,0.0006544125999882189,0.0,1.9029063231902303
2014-11-26,0.005163484596005324,2.5e-05,0.0051384845960053245,0.125,1.9126843780195846
2014-11-28,-0.003759690554502579,0.0,-0.003759690554502579,0.0,1.9054932766297998
2014-12-01,-0.007528585140824037,0.0,-0.007528585140824037,0.0,1.8911476082614247
2014-12-02,0.0026956185851060577,0.0,0.0026956185851060577,0.0,1.8962454209014332
2014-12-03,0.002277382203377337,5e-05,0.002227382203377337,0.25,1.900469084205185
2014-12-04,0.00038018514808697834,5e-05,0.0003301851480869783,0.25,1.901096590871188
2014-12-05,-0.00017324628635281836,0.0,-0.00017324628635281836,0.0,1.9007672329468217
2014-12-08,-0.0038964445124240327,0.0,-0.0038964445124240327,0.0,1.8933609988926108
2014-12-09,0.0017700215286100829,0.0,0.0017700215286100829,0.0,1.8967122886220813
2014-12-10,-0.007419385408684184,2.5e-05,-0.007444385408684184,0.125,1.882592431336191
2014-12-11,0.002467939785963158,2.5e-05,0.002442939785963158,0.125,1.8871914912874552
2014-12-12,-0.00429212072329245,0.0,-0.00429212072329245,0.0,1.8790914375788792
2014-12-15,-0.005294351730653721,0.0,-0.005294351730653721,0.0,1.8691428665742769
2014-12-16,-0.0018089403699344947,0.0,-0.0018089403699344947,0.0,1.8657616985857555
2014-12-17,0.010329017885487762,0.0,0.010329017885487762,0.0,1.8850331845405057
2014-12-18,0.006610279432484545,0.0,0.006610279432484545,0.0,1.8974937806298247
2014-12-19,0.002986224575563523,0.0,0.002986224575563523,0.0,1.90316012318952
2014-12-22,0.003996727032347769,0.0,0.003996727032347769,0.0,1.9107665347007579
2014-12-23,-0.0029457072829918163,0.0,-0.0029457072829918163,0.0,1.9051379758033928
2014-12-24,0.0006434494773682742,0.0,0.0006434494773682742,0.0,1.9063638358382382
2014-12-26,0.003011779630228334,0.0,0.003011779630228334,0.0,1.9121053836068196
2014-12-29,0.002293233713471038,0.0,0.002293233713471038,0.0,1.9164902881362165
2014-12-30,-0.0019889385032832163,0.0,-0.0019889385032832163,0.0,1.912678506810974
2014-12-31,-0.005140482936539209,0.0,-0.005140482936539209,0.0,1.9028464155836269
2015-01-02,0.0021091845854016578,0.0,0.0021091845854016578,0.0,1.9068598699117625
2015-01-05,-0.0031145017955269277,0.0,-0.0031145017955269277,0.0,1.900920951423104
2015-01-06,-0.0015238780866884266,0.0,-0.0015238780866884266,0.0,1.8980241796407034
2015-01-07,0.0063778486182706345,0.0,0.0063778486182706345,0.0,1.910129490532269
2015-01-08,0.0055473573468721865,0.0,0.0055473573468721865,0.0,1.9207256613950505
2015-01-09,-0.001597136423602083,0.0,-0.001597136423602083,0.0,1.9176580004814894
2015-01-12,-0.002046036955789518,2.5e-05,-0.002071036955789518,0.125,1.913686459893927
2015-01-13,0.0006091359052577544,0.0,0.0006091359052577544,0.0,1.914852155028054
2015-01-14,8.314747022578062e-05,2.5e-05,5.814747022578062e-05,0.125,1.914963498836725
2015-01-15,-0.002331092120222783,2.5e-05,-0.002356092120222783,0.125,1.9104516684266015
2015-01-16,0.004631612110009356,2.5e-05,0.004606612110009356,0.125,1.9192523782179634
2015-01-20,0.003121326035269101,2.5e-05,0.003096326035269101,0.125,1.9251950093248915
2015-01-21,0.0021294657761951885,2.5e-05,0.0021044657761951887,0.125,1.9292465163345176
2015-01-22,0.011886313245413005,0.0,0.011886313245413005,0.0,1.9521781447552915
2015-01-23,-0.0010499760596478919,0.0,-0.0010499760596478919,0.0,1.9501284044391307
2015-01-26,0.0008411226764763191,0.0,0.0008411226764763191,0.0,1.9517687016621452
2015-01-27,-0.0044907395143005124,0.0,-0.0044907395143005124,0.0,1.943003816830816
2015-01-28,-0.005479306388828958,0.0,-0.005479306388828958,0.0,1.9323575036037357
2015-01-29,0.0010050059379778792,0.0,0.0010050059379778792,0.0,1.9342995343691534
2015-01-30,-0.0062882260917555,0.0,-0.0062882260917555,0.0,1.9221362215678628
2015-02-02,0.0052195848423938485,2.5e-05,0.005194584842393849,0.125,1.9321209212494352
2015-02-03,0.004647924020418276,2.5e-05,0.004622924020418276,0.125,1.941052969466632
2015-02-04,-0.002454131860584685,2.5e-05,-0.002479131860584685,0.125,1.936240843206945
2015-02-05,0.006552152038973691,2.5e-05,0.006527152038973691,0.125,1.948878981574627
2015-02-06,-0.014007657369226226,2.5e-05,-0.014032657369226226,0.125,1.9215310305721038
2015-02-09,-0.0032612947416540694,0.0,-0.0032612947416540694,0.0,1.915264351526174
2015-02-10,0.00431229031626186,2.5e-05,0.0042872903162618605,0.125,1.9234756458335538
2015-02-11,-0.0007011424760099139,2.5e-05,-0.0007261424760099138,0.125,1.9220789284655435
2015-02-12,0.009768201950055039,2.5e-05,0.009743201950055038,0.125,1.9408061316295286
2015-02-13,0.0016468530477288384,2.5e-05,0.0016218530477288384,0.125,1.9439538339691627
2015-02-17,-0.0017625720132305317,0.0,-0.0017625720132305317,0.0,1.9405274753463966
2015-02-18,0.0021959299851228853,0.0,0.0021959299851228853,0.0,1.9447887378164646
2015-02-19,-0.003496960997548107,0.0,-0.003496960997548107,0.0,1.9379878874518495
2015-02-20,0.004334015319717027,0.0,0.004334015319717027,0.0,1.946387156645492
2015-02-23,0.0009664120680169114,2.5e-05,0.0009414120680169114,0.125,1.9482195090037913
2015-02-24,0.002361422052692852,0.0,0.002361422052692852,0.0,1.9528200775158393
2015-02-25,0.00014629901082534313,0.0,0.00014629901082534313,0.0,1.9531057731614998
2015-02-26,-0.002092795526987268,2.5e-05,-0.0021177955269872676,0.125,1.9489694944913654
2015-02-27,0.0003425269293447081,2.5e-05,0.00031752692934470806,0.125,1.9495883447903377
2015-03-02,0.001226083810715331,0.0,0.001226083810715331,0.0,1.9519787034974447
2015-03-03,-0.0034791930452771624,2.5e-05,-0.0035041930452771623,0.125,1.94513859330012
2015-03-04,-0.003913938141259163,0.0,-0.003913938141259163,0.0,1.9375254411697673
2015-03-05,0.0010300951061732316,2.5e-05,0.0010050951061732316,0.125,1.9394728385087734
2015-03-06,-0.013576290252751894,2.5e-05,-0.013601290252751894,0.125,1.913093505494887
2015-03-09,0.0030973193365446683,0.0,0.0030973193365446683,0.0,1.9190189670020743
2015-03-10,-0.0070149986116793545,0.0,-0.0070149986116793545,0.0,1.9055570516127684
2015-03-11,0.0017215222428152432,0.0,0.0017215222428152432,0.0,1.9088375104620734
2015-03-12,0.0065727132713935404,2.5e-05,0.006547713271393541,0.125,1.9213360311622598
2015-03-13,-0.0037316094379287873,2.5e-05,-0.003756609437928787,0.125,1.914118322094163
2015-03-16,0.008012381151635911,0.0,0.008012381151635911,0.0,1.9294549676601114
2015-03-17,0.002290251797025508,2.5e-05,0.0022652517970255083,0.125,1.933825668992883
2015-03-18,0.01449039806308336,0.0,0.01449039806308336,0.0,1.9618475727211981
2015-03-19,-0.002955977450948874,2.5e-05,-0.002980977450948874,0.125,1.9559993493447176
2015-03-20,0.011439374894586851,2.5e-05,0.01141437489458685,0.125,1.978325859211706
2015-03-23,9.78506013037117e-05,0.0,9.78506013037117e-05,0.0,1.9785194395866044
2015-03-24,-0.000805483766237361,0.0,-0.000805483766237361,0.0,1.9769257742968322
2015-03-25,-0.013461115496864587,0.0,-0.013461115496864587,0.0,1.9503141481202941
2015-03-26,-0.00573094716572059,0.0,-0.00573094716572059,0.0,1.9391370007808595
2015-03-27,0.003978009054260073,0.0,0.003978009054260073,0.0,1.9468509053274163
2015-03-30,0.008307340572292765,0.0,0.008307340572292765,0.0,1.9630240588414478
2015-03-31,-0.005587412637217154,2.5e-05,-0.005612412637217154,0.125,1.9520067578064448
2015-04-01,0.00287457414573207,2.5e-05,0.00284957414573207,0.125,1.9575691457957844
2015-04-02,0.002266602248958874,2.5e-05,0.002241602248958874,0.125,1.9619572371954928
2015-04-06,0.0046209692580087836,0.0,0.0046209692580087836,0.0,1.971023381274101
2015-04-07,-0.0031244162400948378,0.0,-0.0031244162400948378,0.0,1.9648650838120414
2015-04-08,0.005869982015282993,2.5e-05,0.005844982015282993,0.125,1.9763496848893805
2015-04-09,-0.0019169101557255652,0.0,-0.0019169101557255652,0.0,1.9725612001071509
2015-04-10,0.002220430551688482,0.0,0.002220430551688482,0.0,1.9769411352609438
2015-04-13,-0.0024797401656635742,0.0,-0.0024797401656635742,0.0,1.9720388349226847
2015-04-14,0.002662568666231338,0.0,0.002662568666231338,0.0,1.9772895237331414
2015-04-15,0.0026152859094114994,0.0,0.0026152859094114994,0.0,1.9824607011633877
2015-04-16,0.0007427519344024303,0.0,0.0007427519344024303,0.0,1.9839331776840539
2015-04-17,-0.008316398505737746,0.0,-0.008316398505737746,0.0,1.9674339987696787
2015-04-20,0.0033383999570382045,0.0,0.0033383999570382045,0.0,1.974002080346647
2015-04-21,0.0017529542298098943,0.0,0.0017529542298098943,0.0,1.977462415643044
2015-04-22,0.0014206202375321858,0.0,0.0014206202375321858,0.0,1.980271638769666
2015-04-23,0.003616074050027257,0.0,0.003616074050027257,0.0,1.987432447654626
2015-04-24,0.0037933192953067824,0.0,0.0037933192953067824,0.0,1.994971413506433
2015-04-27,-0.0012867102020854698,0.0,-0.0012867102020854698,0.0,1.9924044634358054
2015-04-28,-0.0007790164131543514,0.0,-0.0007790164131543514,0.0,1.990852347657147
2015-04-29,-0.00935494879146885,0.0,-0.00935494879146885,0.0,1.9722280258934388
2015-04-30,-0.010889802096996373,0.0,-0.010889802096996373,0.0,1.9507508530013093
2015-05-01,0.005230089478126032,0.0,0.005230089478126032,0.0,1.960953454512037
2015-05-04,0.0005529876090414887,0.0,0.0005529876090414887,0.0,1.9620378374742895
2015-05-05,-0.011165813374699615,0.0,-0.011165813374699615,0.0,1.9401300891469524
2015-05-06,-0.004543075325884424,0.0,-0.004543075325884424,0.0,1.9313159320099431
2015-05-07,0.004729745828603624,0.0,0.004729745828603624,0.0,1.9404505654830826
2015-05-08,0.01071288514410218,0.0,0.01071288514410218,0.0,1.9612383895189112
2015-05-11,-0.008213684758883857,0.0,-0.008213684758883857,0.0,1.9451293956503817
2015-05-12,-0.0009477079758451884,0.0,-0.0009477079758451884,0.0,1.943285981008073
2015-05-13,-0.0007484319892218927,0.0,-0.0007484319892218927,0.0,1.94183156361568
2015-05-14,0.00994529444644146,0.0,0.00994529444644146,0.0,1.9611436502812318
2015-05-15,0.0048871302828485536,0.0,0.0048871302828485536,0.0,1.9707280148035375
2015-05-18,-0.0017645300417769572,0.0,-0.0017645300417769572,0.0,1.9672506060172452
2015-05-19,-0.0021601597591650867,0.0,-0.0021601597591650867,0.0,1.9630010304219336
2015-05-20,0.00047588168455245383,0.0,0.00047588168455245383,0.0,1.963935186659069
2015-05-21,0.0022528088492446696,0.0,0.0022528088492446696,0.0,1.9683595572269175
2015-05-22,-0.0014601105446730989,0.0,-0.0014601105446730989,0.0,1.9654855346817024
2015-05-26,-0.007022413118750168,0.0,-0.007022413118750168,0.0,1.95168308327824
2015-05-27,0.007492592351036637,0.0,0.007492592351036637,0.0,1.9663062490196581
2015-05-28,-0.0013102267285711733,2.5e-05,-0.0013352267285711733,0.125,1.9636807843594104
2015-05-29,-0.005846398237605452,2.5e-05,-0.005871398237605452,0.125,1.952151232462903
2015-06-01,0.0009193483427511195,2.5e-05,0.0008943483427511196,0.125,1.9538971356824555
2015-06-02,-0.003177653447873921,2.5e-05,-0.003202653447873921,0.125,1.947639480284071
2015-06-03,-0.0018539400086109437,0.0,-0.0018539400086109437,0.0,1.9440286735292223
2015-06-04,-0.001871616741152951,0.0,-0.001871616741152951,0.0,1.9403901969185635
2015-06-05,-0.004009259427706538,2.5e-05,-0.004034259427706538,0.125,1.9325621594732154
2015-06-08,-0.0029811220953547962,2.5e-05,-0.003006122095354796,0.125,1.9267526416649765
2015-06-09,-0.0025043936618921597,0.0,-0.0025043936618921597,0.0,1.9219272945611567
2015-06-10,0.004557161599521867,0.0,0.004557161599521867,0.0,1.9306858278250039
2015-06-11,0.004295046438323791,0.0,0.004295046438323791,0.0,1.938978213113326
2015-06-12,-0.0024718011961408215,0.0,-0.0024718011961408215,0.0,1.9341854444468614
2015-06-15,-0.0020299608296246857,0.0,-0.0020299608296246857,0.0,1.930259123757404
2015-06-16,0.00423935834427433,0.0,0.00423935834427433,0.0,1.9384421838803167
2015-06-17,0.0004555848148238145,0.0,0.0004555848148238145,0.0,1.9393253087037066
2015-06-18,0.005905479157508581,0.0,0.005905479157508581,0.0,1.9507779538938852
2015-06-19,-0.0005865280126111233,0.0,-0.0005865280126111233,0.0,1.9496337679775422
2015-06-22,-0.0014139735242192641,0.0,-0.0014139735242192641,0.0,1.9468770374476982
2015-06-23,-0.001339869318095474,0.0,-0.001339869318095474,0.0,1.9442684766391174
2015-06-24,-0.002208045614271334,0.0,-0.002208045614271334,0.0,1.9399754431563083
2015-06-25,-0.0024040725836234067,0.0,-0.0024040725836234067,0.0,1.9353116013805136
2015-06-26,-0.0017016340786801948,0.0,-0.0017016340786801948,0.0,1.9320184092067394
2015-06-29,-0.007364232167333368,0.0,-0.007364232167333368,0.0,1.9177905770897787
2015-06-30,0.00037337863576134,0.0,0.00037337863576134,0.0,1.9185066391191286
2015-07-01,0.002736037783825168,0.0,0.002736037783825168,0.0,1.923755745772278
2015-07-02,-0.0002794426600791905,0.0,-0.0002794426600791905,0.0,1.9232181663493368
2015-07-06,0.0024196488818493816,0.0,0.0024196488818493816,0.0,1.9278716790350963
2015-07-07,0.004373720985867108,0.0,0.004373720985867108,0.0,1.936303651855751
2015-07-08,-0.005583253612322189,0.0,-0.005583253612322189,0.0,1.9254927774969748
2015-07-09,-0.002453427503194064,0.0,-0.002453427503194064,0.0,1.9207687205594621
2015-07-10,0.0042745792005198235,0.0,0.0042745792005198235,0.0,1.9289791985813747
2015-07-13,0.004773160463299855,0.0,0.004773160463299855,0.0,1.9381865258265711
2015-07-14,0.002728217257589066,0.0,0.002728217257589066,0.0,1.943474319754758
2015-07-15,0.0009639899870284574,0.0,0.0009639899870284574,0.0,1.9453478095390484
2015-07-16,0.005387063868387859,0.0,0.005387063868387859,0.0,1.955827522435264
2015-07-17,0.0016055151822344238,0.0,0.0016055151822344238,0.0,1.958967633216366
2015-07-20,-0.000565177798705449,0.0,-0.000565177798705449,0.0,1.9578604682016894
2015-07-21,-0.0008333490737548604,0.0,-0.0008333490737548604,0.0,1.9562288869939721
2015-07-22,0.00014237207965382692,0.0,0.00014237207965382692,0.0,1.9565073993688924
2015-07-23,-0.002549391836300416,0.0,-0.002549391836300416,0.0,1.9515194953772799
2015-07-24,-0.0036947278020329627,0.0,-0.0036947278020329627,0.0,1.9443091620415
2015-07-27,-0.0019071291222523407,0.0,-0.0019071291222523407,0.0,1.9406011134159087
2015-07-28,0.002849270936218451,0.0,0.002849270936218451,0.0,1.9461304117671578
2015-07-29,0.0020321688140857996,0.0,0.0020321688140857996,0.0,1.9500852772980952
2015-07-30,0.0013265700449732742,0.0,0.0013265700449732742,0.0,1.9526722020121021
2015-07-31,0.0022638075982797518,0.0,0.0022638075982797518,0.0,1.9570926761799667
2015-08-03,0.0006586013604837765,0.0,0.0006586013604837765,0.0,1.9583816200790916
2015-08-04,-0.0026792497361939893,0.0,-0.0026792497361939893,0.0,1.9531346266401275
2015-08-05,0.0005590299679011923,2.5e-05,0.0005340299679011923,0.125,1.9541776590620985
2015-08-06,-0.0034287866833320885,2.5e-05,-0.0034537866833320883,0.125,1.9474283462863649
2015-08-07,0.0006325675063880432,2.5e-05,0.0006075675063880432,0.125,1.9486115404705877
2015-08-10,0.004025264212936863,0.0,0.004025264212936863,0.0,1.9564552167693596
2015-08-11,-0.002900932582432167,0.0,-0.002900932582432167,0.0,1.950779672084964
2015-08-12,-0.0008371120290687761,0.0,-0.0008371120290687761,0.0,1.9491466509553987
2015-08-13,-0.0011152159995828914,0.0,-0.0011152159995828914,0.0,1.94697293142472
2015-08-14,0.002618527180825919,0.0,0.002618527180825919,0.0,1.9520711329659879
2015-08-17,0.0046872992656073476,2.5e-05,0.004662299265607348,0.125,1.9611722727756284
2015-08-18,-0.002640499877372582,0.0,-0.002640499877372582,0.0,1.9559937976298578
2015-08-19,-0.0026150569946837288,0.0,-0.0026150569946837288,0.0,1.9508787623678079
2015-08-20,-0.008889973567922468,0.0,-0.008889973567922468,0.0,1.9335355017361369
2015-08-21,-0.012632069027159604,0.0,-0.012632069027159604,0.0,1.9091109478117423
2015-08-24,-0.02084351060482724,0.0,-0.02084351060482724,0.0,1.8693183735252363
2015-08-25,-0.008348630239399676,0.0,-0.008348630239399676,0.0,1.853712125624958
2015-08-26,0.007262976395036563,5e-05,0.007212976395036564,0.25,1.867082907430284
2015-08-27,7.173558019191173e-05,5e-05,2.1735580191911727e-05,0.25,1.8671234895605433
2015-08-28,0.00016396826435227663,5e-05,0.00011396826435227663,0.25,1.8673362823839799
2015-08-31,-0.006374910458849789,2.5e-05,-0.006399910458849789,0.125,1.855385497380161
2015-09-01,-0.012698461702768227,2.5e-05,-0.012723461702768227,0.125,1.8317785710603727
2015-09-02,0.007067878003066283,2.5e-05,0.007042878003066283,0.125,1.8446795640649818
2015-09-03,-3.946234688662065e-06,5e-05,-5.394623468866207e-05,0.25,1.8445800505482932
2015-09-04,-0.0003457490115336137,0.0,-0.0003457490115336137,0.0,1.8439422888191215
2015-09-08,0.0016797084709678778,0.0,0.0016797084709678778,0.0,1.8470395743016268
2015-09-09,-0.0008044307242754678,0.0,-0.0008044307242754678,0.0,1.8455537589191058
2015-09-10,0.0017657948622689795,5e-05,0.0017157948622689796,0.25,1.8487203505767005
2015-09-11,0.0020668955128147204,2.5e-05,0.0020418955128147205,0.125,1.8524952443649925
2015-09-14,-0.0007583386883812798,0.0,-0.0007583386883812798,0.0,1.8510904255511482
2015-09-15,0.003278317392317237,5e-05,0.003228317392317237,0.25,1.857066332966707
2015-09-16,0.003731589016739492,0.0,0.003731589016739492,0.0,1.8639961412981623
2015-09-17,0.0031414817786130644,0.0,0.0031414817786130644,0.0,1.8698518512114555
2015-09-18,-0.0038358500329352813,0.0,-0.0038358500329352813,0.0,1.8626793799264019
2015-09-21,-0.00016174485272017758,0.0,-0.00016174485272017758,0.0,1.862378101124431
2015-09-22,-0.0036003938824548665,2.5e-05,-0.0036253938824548663,0.125,1.8556262469497966
2015-09-23,0.0004965828545085565,0.0,0.0004965828545085565,0.0,1.8565477191284079
2015-09-24,-0.0009857954679636516,0.0,-0.0009857954679636516,0.0,1.854717542800833
2015-09-25,-0.003285512913175387,0.0,-0.003285512913175387,0.0,1.8486238443636678
2015-09-28,-0.006862145460866109,0.0,-0.006862145460866109,0.0,1.8359383186412186
2015-09-29,0.00022048521062974225,2.5e-05,0.00019548521062974223,0.125,1.8362972174301415
2015-09-30,0.0034954151902541752,5e-05,0.003445415190254175,0.25,1.8426240237568967
2015-10-01,0.0017106215231258715,0.0,0.0017106215231258715,0.0,1.8457760560709642
2015-10-02,0.005709447782679761,2.5e-05,0.005684447782679761,0.125,1.8562682736802203
2015-10-05,0.007410860228228552,2.5e-05,0.0073858602282285525,0.125,1.8699784116957177
2015-10-06,-0.001631638968312088,0.0,-0.001631638968312088,0.0,1.8669272820492926
2015-10-07,0.0050039253444491005,0.0,0.0050039253444491005,0.0,1.8762692467921827
2015-10-08,0.0027547496238027602,0.0,0.0027547496238027602,0.0,1.881437898793936
2015-10-09,0.0012373825018824752,2.5e-05,0.0012123825018824752,0.125,1.883718921180812
2015-10-12,0.0020764206494203047,2.5e-05,0.002051420649420305,0.125,1.887583221073426
2015-10-13,-0.0056451664427954185,2.5e-05,-0.005670166442795418,0.125,1.8768803100353117
2015-10-14,-0.0016190323632281622,0.0,-0.0016190323632281622,0.0,1.873841580071459
2015-10-15,0.010193374359005858,0.0,0.010193374359005858,0.0,1.8929423487865984
2015-10-16,0.0018115113747596695,0.0,0.0018115113747596695,0.0,1.8963714353831895
2015-10-19,0.0019948004719014256,0.0,0.0019948004719014256,0.0,1.9001543180173923
2015-10-20,-0.0023032841734288018,0.0,-0.0023032841734288018,0.0,1.8957777226496304
2015-10-21,-0.0027256360995911166,0.0,-0.0027256360995911166,0.0,1.890610522451976
2015-10-22,0.008465633844441461,0.0,0.008465633844441461,0.0,1.9066157388775027
2015-10-23,0.0050624045541352025,0.0,0.0050624045541352025,0.0,1.916267799076982
2015-10-26,-0.0007443411689724705,0.0,-0.0007443411689724705,0.0,1.9148414420633528
2015-10-27,-0.002181218861134482,0.0,-0.002181218861134482,0.0,1.9106647537938422
2015-10-28,0.006529104092200089,0.0,0.006529104092200089,0.0,1.9231396828566603
2015-10-29,-0.004673851295436723,0.0,-0.004673851295436723,0.0,1.914151213958635
2015-10-30,-0.002139409950074153,0.0,-0.002139409950074153,0.0,1.9100560598055454
2015-11-02,0.008763616442253236,0.0,0.008763616442253236,0.0,1.926795058496883
2015-11-03,-0.0008349946334319513,2.5e-05,-0.0008599946334319513,0.125,1.9251380250868524
2015-11-04,-0.0008442180521860271,0.0,-0.0008442180521860271,0.0,1.9235127888131243
2015-11-05,-0.00019942662944676115,0.0,-0.00019942662944676115,0.0,1.9231291891409537
2015-11-06,-0.0048096324066863455,0.0,-0.0048096324066863455,0.0,1.913879644670617
2015-11-09,-0.00680797738359297,0.0,-0.00680797738359297,0.0,1.9008499953347806
2015-11-10,0.0021409402140416534,0.0,0.0021409402140416534,0.0,1.9049196015306535
2015-11-11,-0.0018540858181070319,0.0,-0.0018540858181070319,0.0,1.9013877171128213
2015-11-12,-0.005599941067211109,0.0,-0.005599941067211109,0.0,1.8907400579510705
2015-11-13,-0.005469329630021308,0.0,-0.005469329630021308,0.0,1.8803989773294505
2015-11-16,0.005023042703478031,2.5e-05,0.004998042703478031,0.125,1.8897972917177193
2015-11-17,0.00019642191816898746,0.0,0.00019642191816898746,0.0,1.890168489326709
2015-11-18,0.005742851599842447,0.0,0.005742851599842447,0.0,1.9010234464596105
2015-11-19,0.0006724341011609958,2.5e-05,0.0006474341011609958,0.125,1.9022542338659552
2015-11-20,0.003292649906565581,0.0,0.003292649906565581,0.0,1.9085176910913577
2015-11-23,0.0007692281719320349,0.0,0.0007692281719320349,0.0,1.9099857766659758
2015-11-24,0.00030200474652845866,0.0,0.00030200474652845866,0.0,1.9105626014363308
2015-11-25,0.0018604500560212012,0.0,0.0018604500560212012,0.0,1.9141171077352048
2015-11-27,0.001754444913565023,0.0,0.001754444913565023,0.0,1.9174753207588389
2015-11-30,-0.0018055644731803239,0.0,-0.0018055644731803239,0.0,1.9140131954414765
2015-12-01,0.0066912854319685355,0.0,0.0066912854319685355,0.0,1.9268204040527295
2015-12-02,-0.005897538256581639,0.0,-0.005897538256581639,0.0,1.9154569070062664
2015-12-03,-0.011340761918680567,0.0,-0.011340761918680567,0.0,1.893734166258416
2015-12-04,0.010106694854166043,0.0,0.010106694854166043,0.0,1.9128735596116986
2015-12-07,-0.0019875819493719027,2.5e-05,-0.0020125819493719025,0.125,1.9090237448141933
2015-12-08,-0.001567873524454727,2.5e-05,-0.0015928735244547271,0.125,1.9059829114335234
2015-12-09,-0.003701277002105305,2.5e-05,-0.0037262770021053047,0.125,1.898880691144243
2015-12-10,0.0005748268496686276,2.5e-05,0.0005498268496686277,0.125,1.8999247467325515
2015-12-11,-0.003554799554402077,2.5e-05,-0.003579799554402077,0.125,1.8931233969708008
2015-12-14,-0.0009303580204356038,5e-05,-0.0009803580204356037,0.25,1.891267458264906
2015-12-15,0.0013369305494977113,2.5e-05,0.0013119305494977112,0.125,1.8937486698206747
2015-12-16,0.006128452198171541,5e-05,0.0060784521981715415,0.25,1.9052597305855308
2015-12-17,-0.007270283187535739,5e-05,-0.007320283187535739,0.25,1.8913126898118366
2015-12-18,-0.009301934811269008,0.0,-0.009301934811269008,0.0,1.873719822463481
2015-12-21,0.002909557511524219,5e-05,0.002859557511524219,0.25,1.8790778320562982
2015-12-22,0.0004225593898407737,5e-05,0.00037255938984077366,0.25,1.8797779001468722
2015-12-23,0.001272680219044059,0.0,0.001272680219044059,0.0,1.8821702562965854
2015-12-24,-0.0002285398002210004,7.500000000000001e-05,-0.0003035398002210004,0.375,1.881598942713007
2015-12-28,0.0007095737707542571,5e-05,0.0006595737707542571,0.25,1.8828399960226994
2015-12-29,0.002553992268319344,0.0,0.002553992268319344,0.0,1.8876487548150238
2015-12-30,-0.0025709476278442805,0.0,-0.0025709476278442805,0.0,1.882795708726629
2015-12-31,-0.0038943353171332767,2.5e-05,-0.003919335317133277,0.125,1.8754164010104697
2016-01-04,-0.005889753950021878,0.0,-0.005889753950021878,0.0,1.8643706598546825
2016-01-05,0.002406659019406912,0.0,0.002406659019406912,0.0,1.8688575643187395
2016-01-06,-0.0012007427517202879,5e-05,-0.0012507427517202878,0.25,1.86652010426617
2016-01-07,-0.01194630744985252,7.500000000000001e-05,-0.01202130744985252,0.375,1.8440820922314556
2016-01-08,-0.0023971758170811125,5e-05,-0.0024471758170811126,0.25,1.8395692991306345
2016-01-11,0.00038456915975057515,2.5e-05,0.00035956915975057514,0.125,1.840230751517826
2016-01-12,0.0014497581951959104,0.0,0.0014497581951959104,0.0,1.8428986411308907
2016-01-13,-0.004311150870309852,0.0,-0.004311150870309852,0.0,1.8349536270502864
2016-01-14,0.0026619264452288627,0.0,0.0026619264452288627,0.0,1.8398381386359
2016-01-15,-0.003879618402614568,0.0,-0.003879618402614568,0.0,1.8327002687354161
2016-01-19,0.00027268546806363814,0.0,0.00027268546806363814,0.0,1.8332000194660167
2016-01-20,-0.00038343178108207754,0.0,-0.00038343178108207754,0.0,1.8324971123174734
2016-01-21,0.00012407350433954467,0.0,0.00012407350433954467,0.0,1.8327244766558906
2016-01-22,0.0036192092448484314,0.0,0.0036192092448484314,0.0,1.8393574900250635
2016-01-25,0.0,2.5e-05,-2.5e-05,0.125,1.839311506087813
2016-01-26,0.0011248783253063055,2.5e-05,0.0010998783253063054,0.125,1.8413345249468454
2016-01-27,0.0,2.5e-05,-2.5e-05,0.125,1.8412884915837215
2016-01-28,0.0017647681824588257,2.5e-05,0.0017397681824588257,0.125,1.8444919067161067
2016-01-29,0.00261025942256779,0.0,0.00261025942256779,0.0,1.8493065090954626
2016-02-01,0.0003361312027165553,0.0,0.0003361312027165553,0.0,1.8499281187165564
2016-02-02,-0.002705662907913839,0.0,-0.002705662907913839,0.0,1.844922836823438
2016-02-03,-0.0005996136807879943,0.0,-0.0005996136807879943,0.0,1.8438165958504806
2016-02-04,-1.2280127151015341e-05,0.0,-1.2280127151015341e-05,0.0,1.8437939535482404
2016-02-05,0.0,2.5e-05,-2.5e-05,0.125,1.8437478586994016
2016-02-08,0.0,0.0,0.0,0.0,1.8437478586994016
2016-02-09,0.0,0.0,0.0,0.0,1.8437478586994016
2016-02-10,0.001101575005442057,2.5e-05,0.001076575005442057,0.125,1.8457327915604147
2016-02-11,0.0008754373469662124,0.0,0.0008754373469662124,0.0,1.8473486149786669
2016-02-12,-0.0020753087129252723,0.0,-0.0020753087129252723,0.0,1.8435147963021912
2016-02-16,-0.005112668373729368,2.5e-05,-0.0051376683737293675,0.125,1.834043428636727
2016-02-17,4.740782602472016e-06,0.0,4.740782602472016e-06,0.0,1.8340521234379057
2016-02-18,0.001536973092327032,2.5e-05,0.0015119730923270319,0.125,1.836825160898469
2016-02-19,0.00010506838194884738,0.0,0.00010506838194884738,0.0,1.8370181531460474
2016-02-22,-0.002288668711335498,2.5e-05,-0.002313668711335498,0.125,1.8327679017229581
2016-02-23,0.0023784261626024206,0.0,0.0023784261626024206,0.0,1.8371270048503938
2016-02-24,0.00016865238038063501,0.0,0.00016865238038063501,0.0,1.8374368406928232
2016-02-25,0.0007772212303309989,0.0,0.0007772212303309989,0.0,1.838864935614802
2016-02-26,-0.002064127768581059,0.0,-0.002064127768581059,0.0,1.8350692834385294
2016-02-29,0.002179367201697202,0.0,0.002179367201697202,0.0,1.8390685732476972
2016-03-01,-0.0031177193741254022,0.0,-0.0031177193741254022,0.0,1.8333348735265378
2016-03-02,0.001481780192434029,0.0,0.001481780192434029,0.0,1.836051472828228
2016-03-03,0.002614697532437066,0.0,0.002614697532437066,0.0,1.8408521920836594
2016-03-04,-0.0009982905037659723,0.0,-0.0009982905037659723,0.0,1.8390144868214655
2016-03-07,0.0009118472111541848,2.5e-05,0.0008868472111541848,0.125,1.8406454116903754
2016-03-08,0.0008028871614875893,2.5e-05,0.0007778871614875894,0.125,1.8420772261249805
2016-03-09,-0.0011024499408157362,2.5e-05,-0.0011274499408157363,0.125,1.840000376265408
2016-03-10,0.0010394097885717407,0.0,0.0010394097885717407,0.0,1.841912890667474
2016-03-11,0.0015742623028108388,2.5e-05,0.0015492623028108387,0.125,1.8447664968740465
2016-03-14,-0.0009928058681311636,0.0,-0.0009928058681311636,0.0,1.842935001870618
2016-03-15,0.00022751764963767351,0.0,0.00022751764963767351,0.0,1.8433543021106784
2016-03-16,0.006503484663393733,2.5e-05,0.006478484663393733,0.125,1.855296444686103
2016-03-17,0.001733569380151262,2.5e-05,0.0017085693801512619,0.125,1.8584663473825973
2016-03-18,-0.00042521588649907516,0.0,-0.00042521588649907516,0.0,1.8576760979671665
2016-03-21,-0.0024744976605462904,0.0,-0.0024744976605462904,0.0,1.853079282808694
2016-03-22,0.0006539589216259106,2.5e-05,0.0006289589216259107,0.125,1.8542447935560966
2016-03-23,-0.003857670609954525,7.500000000000001e-05,-0.003932670609954525,0.375,1.8469526595528174
2016-03-24,-0.00026518740784610417,0.0,-0.00026518740784610417,0.0,1.8464628709646163
2016-03-28,0.00027934718134764447,2.5e-05,0.00025434718134764446,0.125,1.8469325135913093
2016-03-29,0.009498510427120715,5e-05,0.009448510427120716,0.25,1.864383274704165
2016-03-30,-0.0021457671024411595,0.0,-0.0021457671024411595,0.0,1.8603827424069632
2016-03-31,0.001742299201137415,0.0,0.001742299201137415,0.0,1.8636240857728685
2016-04-01,0.001586909054798788,0.0,0.001586909054798788,0.0,1.8665814877093228
2016-04-04,-0.0018170111220613266,0.0,-0.0018170111220613266,0.0,1.863189888385921
2016-04-05,-0.000284313783093057,0.0,-0.000284313783093057,0.0,1.8626601578201334
2016-04-06,0.0020486609016527185,0.0,0.0020486609016527185,0.0,1.866476116858526
2016-04-07,-0.0007445016265430898,0.0,-0.0007445016265430898,0.0,1.865086522353621
2016-04-08,-3.932112916983643e-05,0.0,-3.932112916983643e-05,0.0,1.8650131850455627
2016-04-11,0.0005201577723175643,0.0,0.0005201577723175643,0.0,1.8659832861492387
2016-04-12,0.0011090542934081016,2.5e-05,0.0010840542934081015,0.125,1.8680061133420165
2016-04-13,0.000151235468026506,0.0,0.000151235468026506,0.0,1.868288622120844
2016-04-14,-0.0030201840305534716,2.5e-05,-0.0030451840305534715,0.125,1.8625993394442968
2016-04-15,0.0024179542405129567,0.0,0.0024179542405129567,0.0,1.8671030194154827
2016-04-18,0.0014134874220313592,0.0,0.0014134874220313592,0.0,1.869742146049063
2016-04-19,0.0012530508638849969,0.0,0.0012530508638849969,0.0,1.8720850280604122
2016-04-20,-0.003909571094124764,0.0,-0.003909571094124764,0.0,1.8647659785489634
2016-04-21,-0.0031616298450465458,0.0,-0.0031616298450465458,0.0,1.8588702787771556
2016-04-22,-0.002449372476305625,0.0,-0.002449372476305625,0.0,1.8543172130792962
2016-04-25,0.0006680254377634115,0.0,0.0006680254377634115,0.0,1.8555559441473155
2016-04-26,-7.572081242052109e-06,0.0,-7.572081242052109e-06,0.0,1.8555418937269572
2016-04-27,0.0017874160559770563,2.5e-05,0.0017624160559770563,0.125,1.8588121305529997
2016-04-28,0.0014868641804991478,0.0,0.0014868641804991478,0.0,1.861575931728196
2016-04-29,0.0009267301324885763,0.0,0.0009267301324885763,0.0,1.8633011102380441
2016-05-02,0.001260590316842683,0.0,0.001260590316842683,0.0,1.8656499695749726
2016-05-03,0.00039819396773388416,0.0,0.00039819396773388416,0.0,1.8663928601387605
2016-05-04,0.001013159167286129,0.0,0.001013159167286129,0.0,1.8682838131747674
2016-05-05,0.001047818544619078,2.5e-05,0.001022818544619078,0.125,1.8701947285054943
2016-05-06,0.0024328425748616905,2.5e-05,0.0024078425748616907,0.125,1.8746978629960718
2016-05-09,-0.0006983522498863332,0.0,-0.0006983522498863332,0.0,1.8733886635255914
2016-05-10,0.001891197956152016,0.0,0.001891197956152016,0.0,1.8769316123371294
2016-05-11,-0.0007881116099043989,2.5e-05,-0.0008131116099043988,0.125,1.8754054574521415
2016-05-12,-0.0013452069854412163,5e-05,-0.0013952069854412162,0.25,1.8727888786573696
2016-05-13,-0.0004255908730778496,2.5e-05,-0.0004505908730778496,0.125,1.871945017081445
2016-05-16,0.0014330996608404173,0.0,0.0014330996608404173,0.0,1.8746277008505363
2016-05-17,-0.0016772826898147492,2.5e-05,-0.0017022826898147492,0.125,1.8714365545655312
2016-05-18,-0.005905957837230871,0.0,-0.005905957837230871,0.0,1.8603839291792144
2016-05-19,-0.0010959543903490132,0.0,-0.0010959543903490132,0.0,1.8583450332442957
2016-05-20,0.0009274957199627981,0.0,0.0009274957199627981,0.0,1.8600686403088438
2016-05-23,-6.114133145963818e-05,0.0,-6.114133145963818e-05,0.0,1.859954913235569
2016-05-24,-0.0011695300024817806,0.0,-0.0011695300024817806,0.0,1.8577796401612767
2016-05-25,-0.0008126915728420281,0.0,-0.0008126915728420281,0.0,1.85626983830352
2016-05-26,0.0008627232540010382,5e-05,0.0008127232540010382,0.25,1.85777847196681
2016-05-27,1.1823387943976638e-06,2.5e-05,-2.3817661205602337e-05,0.125,1.8577342240285697
2016-05-31,0.0007597191403423686,2.5e-05,0.0007347191403423687,0.125,1.8590991369206327
2016-06-01,0.0007499614750610673,0.0,0.0007499614750610673,0.0,1.8604933896516422
2016-06-02,0.0018926534663544492,0.0,0.0018926534663544492,0.0,1.8640146589146958
2016-06-03,0.004792134942959672,0.0,0.004792134942959672,0.0,1.8729472686958697
2016-06-06,-0.0007578355233454487,0.0,-0.0007578355233454487,0.0,1.8715278827222992
2016-06-07,0.0008359190120704324,0.0,0.0008359190120704324,0.0,1.8730923284610865
2016-06-08,0.003944086408089492,0.0,0.003944086408089492,0.0,1.8804799664548666
2016-06-09,0.001406234662691505,0.0,0.001406234662691505,0.0,1.8831243625661924
2016-06-10,-0.0020792766252989286,0.0,-0.0020792766252989286,0.0,1.8792088260965776
2016-06-13,-0.0004979850985447065,0.0,-0.0004979850985447065,0.0,1.878273008104128
2016-06-14,-0.0005303799016418698,0.0,-0.0005303799016418698,0.0,1.877276809850833
2016-06-15,0.0020575666225758488,0.0,0.0020575666225758488,0.0,1.8811394319561179
2016-06-16,0.0007414877168413353,0.0,0.0007414877168413353,0.0,1.882534273738579
2016-06-17,-0.0013097724957646245,0.0,-0.0013097724957646245,0.0,1.8800685821245022
2016-06-20,-0.0003160925138386561,0.0,-0.0003160925138386561,0.0,1.8794743065201893
2016-06-21,-0.0025056398064818297,5e-05,-0.00255563980648183,0.25,1.8746710471671864
2016-06-22,-0.00012643011000448845,2.5e-05,-0.00015143011000448846,0.125,1.8743871655242916
2016-06-23,1.2224379792785678e-05,0.0,1.2224379792785678e-05,0.0,1.8744100787448819
2016-06-24,0.0038874876904301803,0.0,0.0038874876904301803,0.0,1.881696824852821
2016-06-27,0.0016450973988439144,0.0,0.0016450973988439144,0.0,1.8847923994047993
2016-06-28,0.0015533924986918246,2.5e-05,0.0015283924986918245,0.125,1.8876731019696407
2016-06-29,0.0010732659375225218,0.0,0.0010732659375225218,0.0,1.8896990772111621
2016-06-30,0.004088303794953757,2.5e-05,0.004063303794953757,0.125,1.8973774986429148
2016-07-01,0.0045854941480690525,2.5e-05,0.004560494148069053,0.125,1.9060304776221537
2016-07-05,0.0023154585553318563,0.0,0.0023154585553318563,0.0,1.910443812198287
2016-07-06,0.0021658823368060076,0.0,0.0021658823368060076,0.0,1.9145816087065877
2016-07-07,-0.001475172413259715,0.0,-0.001475172413259715,0.0,1.9117572707344894
2016-07-08,0.007489576753224786,0.0,0.007489576753224786,0.0,1.926075523547191
2016-07-11,-0.0002847188228740777,0.0,-0.0002847188228740777,0.0,1.92552713359136
2016-07-12,-0.002598738833928721,0.0,-0.002598738833928721,0.0,1.9205231914535128
2016-07-13,0.002994666796595963,0.0,0.002994666796595963,0.0,1.926274518487051
2016-07-14,-0.0023441357218236814,0.0,-0.0023441357218236814,0.0,1.9217590695782267
2016-07-15,-0.0018827206743022712,0.0,-0.0018827206743022712,0.0,1.9181409340469038
2016-07-18,0.0015758187725738865,0.0,0.0015758187725738865,0.0,1.9211635765392172
2016-07-19,0.0008988832651941059,0.0,0.0008988832651941059,0.0,1.9228904783278689
2016-07-20,-0.00047710526594337,0.0,-0.00047710526594337,0.0,1.9219730571548264
2016-07-21,0.0019328176963738647,2.5e-05,0.0019078176963738646,0.125,1.92563983136522
2016-07-22,0.001462591774463104,2.5e-05,0.0014375917744631039,0.125,1.9284081153473693
2016-07-25,-0.0015206930674909191,0.0,-0.0015206930674909191,0.0,1.9254755984950673
2016-07-26,0.00031295537472703083,0.0,0.00031295537472703083,0.0,1.926078186432522
2016-07-27,0.0036838161349467824,2.5e-05,0.0036588161349467825,0.125,1.9331253523782101
2016-07-28,0.0008641389275915456,2.5e-05,0.0008391389275915457,0.125,1.9347475131133047
2016-07-29,0.005303829739208343,0.0,0.005303829739208343,0.0,1.9450090845112145
2016-08-01,-0.00019090509916892817,2.5e-05,-0.00021590509916892818,0.125,1.9445891471319385
2016-08-02,-0.006662058404724364,2.5e-05,-0.0066870584047243635,0.125,1.9315855659318741
2016-08-03,0.0005440772715462061,2.5e-05,0.0005190772715462062,0.125,1.9325882080971961
2016-08-04,0.0018260907724280129,5e-05,0.001776090772428013,0.25,1.9360206601805008
2016-08-05,0.002026580601285702,2.5e-05,0.002001580601285702,0.125,1.9398957615776062
2016-08-08,0.000961657749708078,0.0,0.000961657749708078,0.0,1.941761277370353
2016-08-09,0.0037606281993059765,0.0,0.0037606281993059765,0.0,1.9490635195863522
2016-08-10,-0.0005631402353465514,0.0,-0.0005631402353465514,0.0,1.9479659234972269
2016-08-11,-6.855444515216358e-05,0.0,-6.855444515216358e-05,0.0,1.947832381774166
2016-08-12,0.0009515392848476467,0.0,0.0009515392848476467,0.0,1.9496858208057224
2016-08-15,0.002561481187989753,0.0,0.002561481187989753,0.0,1.9546799043582066
2016-08-16,-0.004124090641216022,0.0,-0.004124090641216022,0.0,1.94661862725807
2016-08-17,0.00058001635350384,0.0,0.00058001635350384,0.0,1.947747697895915
2016-08-18,0.0027318899294161286,0.0,0.0027318899294161286,0.0,1.9530687302168404
2016-08-19,-0.0034668810983573273,0.0,-0.0034668810983573273,0.0,1.9462976731522588
2016-08-22,0.000259306026421241,0.0,0.000259306026421241,0.0,1.946802359868117
2016-08-23,0.001027212580338721,0.0,0.001027212580338721,0.0,1.9488021397436068
2016-08-24,-0.004654161807264592,2.5e-05,-0.004679161807264592,0.125,1.939683379201403
2016-08-25,-0.0004724200387057481,0.0,-0.0004724200387057481,0.0,1.9387670339043237
2016-08-26,-0.004271254068699715,0.0,-0.004271254068699715,0.0,1.9304860673224988
2016-08-29,0.005927032908881136,0.0,0.005927032908881136,0.0,1.941928121773656
2016-08-30,-0.002694290026895571,2.5e-05,-0.002719290026895571,0.125,1.9366474559991689
2016-08-31,-0.0025220421728545245,0.0,-0.0025220421728545245,0.0,1.9317631494411875
2016-09-01,0.0025739030545383623,2.5e-05,0.0025489030545383625,0.125,1.9366870264334426
2016-09-02,0.007002845955124751,0.0,0.007002845955124751,0.0,1.9502493473428446
2016-09-06,0.008779471137364547,0.0,0.008779471137364547,0.0,1.9673715051985052
2016-09-07,0.0007465776225676346,0.0,0.0007465776225676346,0.0,1.9688403007395638
2016-09-08,-0.005708480026470911,0.0,-0.005708480026470911,0.0,1.9576012152074809
2016-09-09,-0.024515658090366904,0.0,-0.024515658090366904,0.0,1.9096093331381674
2016-09-12,0.009042025636692569,0.0,0.009042025636692569,0.0,1.92687606968447
2016-09-13,-0.0163674331266197,0.0,-0.0163674331266197,0.0,1.8953380544706255
2016-09-14,0.0017928565889848008,0.0,0.0017928565889848008,0.0,1.898736123789937
2016-09-15,0.007041310726884298,0.0,0.007041310726884298,0.0,1.9121057148259017
2016-09-16,-0.0024273256608830507,0.0,-0.0024273256608830507,0.0,1.9074644115579835
2016-09-19,0.0022880947933543727,2.5e-05,0.002263094793354373,0.125,1.9117811843362893
2016-09-20,0.00014691526871851712,0.0,0.00014691526871851712,0.0,1.9120620541827171
2016-09-21,0.014575905988189752,2.5e-05,0.014550905988189752,0.125,1.9398842893767145
2016-09-22,0.009259943662271286,0.0,0.009259943662271286,0.0,1.957847508607668
2016-09-23,-0.004678133505248469,0.0,-0.004678133505248469,0.0,1.9486884365794832
2016-09-26,-0.0052937077098763885,0.0,-0.0052937077098763885,0.0,1.9383726495786155
2016-09-27,0.0035831694178779655,0.0,0.0035831694178779655,0.0,1.945318167177037
2016-09-28,0.004170950438762228,0.0,0.004170950438762228,0.0,1.953431992839956
2016-09-29,-0.009090756898802357,0.0,-0.009090756898802357,0.0,1.9356738174747048
2016-09-30,0.002364445180074573,0.0,0.002364445180074573,0.0,1.9402506121026295
2016-10-03,-0.00340790876950077,0.0,-0.00340790876950077,0.0,1.9336384150266157
2016-10-04,-0.0103604603676761,0.0,-0.0103604603676761,0.0,1.9136050308623165
2016-10-05,0.0007566224591876308,0.0,0.0007566224591876308,0.0,1.9150529074066815
2016-10-06,-0.0024939497681760736,0.0,-0.0024939497681760736,0.0,1.9102768616522097
2016-10-07,-0.0029450131048397027,0.0,-0.0029450131048397027,0.0,1.9046510712607718
2016-10-10,0.005137988179541697,0.0,0.005137988179541697,0.0,1.9144371459510612
2016-10-11,-0.010657065010515845,2.5e-05,-0.010682065010515846,0.125,1.8939870038994655
2016-10-12,0.0014764105574433806,0.0,0.0014764105574433806,0.0,1.8967833063076833
2016-10-13,-0.0012482269165127041,0.0,-0.0012482269165127041,0.0,1.894415690329958
2016-10-14,-0.003092110625723496,0.0,-0.003092110625723496,0.0,1.8885579474443515
2016-10-17,0.0003474579601550343,0.0,0.0003474579601550343,0.0,1.889214141936405
2016-10-18,0.00679257039980094,0.0,0.00679257039980094,0.0,1.9020467619958075
2016-10-19,0.002704932333355628,0.0,0.002704932333355628,0.0,1.9071916697818845
2016-10-20,-0.001649853030169346,0.0,-0.001649853030169346,0.0,1.904045083826381
2016-10-21,0.00024893277632301314,0.0,0.00024893277632301314,0.0,1.9045190630553421
2016-10-24,0.002822179270534547,0.0,0.002822179270534547,0.0,1.9098939572754348
2016-10-25,-0.0005681826323058747,0.0,-0.0005681826323058747,0.0,1.908808788699365
2016-10-26,-0.006840283345101811,0.0,-0.006840283345101811,0.0,1.8957519957330409
2016-10-27,-0.007813361749068992,0.0,-0.007813361749068992,0.0,1.880939799603859
2016-10-28,-0.0014011760746274332,0.0,-0.0014011760746274332,0.0,1.8783042717588396
2016-10-31,0.0042692060063337645,0.0,0.0042692060063337645,0.0,1.886323139637555
2016-11-01,-0.006287094899700196,0.0,-0.006287094899700196,0.0,1.8744636470471532
2016-11-02,-0.005195624575726976,0.0,-0.005195624575726976,0.0,1.864724637656248
2016-11-03,-0.00400746421456627,0.0,-0.00400746421456627,0.0,1.8572518204008208
2016-11-04,0.0003515359545605279,2.5e-05,0.0003265359545605279,0.125,1.8578582798968548
2016-11-07,0.00912425487704241,0.0,0.00912425487704241,0.0,1.8748098523680574
2016-11-08,0.001810824658327645,0.0,0.001810824658327645,0.0,1.8782048042784012
2016-11-09,-0.0055977127551273265,2.5e-05,-0.005622712755127326,0.125,1.8676441981686436
2016-11-10,-0.009060599528884272,0.0,-0.009060599528884272,0.0,1.8507222220265933
2016-11-11,-0.0024568626662210408,0.0,-0.0024568626662210408,0.0,1.8461752516937506
2016-11-14,0.0008433003383989252,0.0,0.0008433003383989252,0.0,1.8477321319082478
2016-11-15,0.006274826651474497,0.0,0.006274826651474497,0.0,1.8593263307343315
2016-11-16,-0.0001445793616297597,0.0,-0.0001445793616297597,0.0,1.8590575105203726
2016-11-17,-0.0012902486747679853,0.0,-0.0012902486747679853,0.0,1.8566588640311061
2016-11-18,-0.0017534453626688595,0.0,-0.0017534453626688595,0.0,1.8534033141559128
2016-11-21,0.004451474656917712,0.0,0.004451474656917712,0.0,1.8616536920379252
2016-11-22,0.005768160406214667,0.0,0.005768160406214667,0.0,1.872392009154422
2016-11-23,-0.00448835175656595,0.0,-0.00448835175656595,0.0,1.8639880551911536
2016-11-25,0.0020842773017405447,0.0,0.0020842773017405447,0.0,1.8678731231853043
2016-11-28,0.0008217318928063072,0.0,0.0008217318928063072,0.0,1.8694080141023415
2016-11-29,0.001923147356729965,0.0,0.001923147356729965,0.0,1.8730031611833124
2016-11-30,-0.007347903921651619,0.0,-0.007347903921651619,0.0,1.8592405139099877
2016-12-01,-0.008095354810961145,0.0,-0.008095354810961145,0.0,1.8441893022709726
2016-12-02,0.002306406842983541,2.5e-05,0.002281406842983541,0.125,1.8483966483649306
2016-12-05,0.0051572897193808975,0.0,0.0051572897193808975,0.0,1.8579293653968814
2016-12-06,0.0033077983090974983,2.5e-05,0.0032827983090974984,0.125,1.8640285727760288
2016-12-07,0.01055459543151649,0.0,0.01055459543151649,0.0,1.883702640234467
2016-12-08,0.0021451209382000735,0.0,0.0021451209382000735,0.0,1.8877434102093764
2016-12-09,-0.001139604296080718,2.5e-05,-0.001164604296080718,0.125,1.8855449361239487
2016-12-12,-0.0018747895231567696,0.0,-0.0018747895231567696,0.0,1.8820099362322622
2016-12-13,0.004681145294129066,2.5e-05,0.004656145294129066,0.125,1.8907728479403543
2016-12-14,-0.012975105246198465,0.0,-0.012975105246198465,0.0,1.8662398712416737
2016-12-15,-0.000864029161581556,0.0,-0.000864029161581556,0.0,1.8646273855704147
2016-12-16,0.0012823679730733228,0.0,0.0012823679730733228,0.0,1.8670185240113857
2016-12-19,0.002526916916167618,0.0,0.002526916916167618,0.0,1.8717363247025085
2016-12-20,0.0022447831258894935,0.0,0.0022447831258894935,0.0,1.8759379668203153
2016-12-21,-0.0035684872688439284,0.0,-0.0035684872688439284,0.0,1.869243706068576
2016-12-22,-0.0039246514735859495,0.0,-0.0039246514735859495,0.0,1.8619075760030626
2016-12-23,0.0027115195497773026,0.0,0.0027115195497773026,0.0,1.8669561747952734
2016-12-27,0.0030548319973037197,2.5e-05,0.00302983199730372,0.125,1.8726127383512319
2016-12-28,-0.0032304101608129354,2.5e-05,-0.0032554101608129353,0.125,1.8665166158155355
2016-12-29,0.005459452570632961,0.0,0.005459452570632961,0.0,1.876706774751879
2016-12-30,-0.002109575613568934,5e-05,-0.0021595756135689343,0.25,1.8726538845673053
2017-01-03,0.006120163872073731,0.0,0.006120163872073731,0.0,1.8841148332165327
2017-01-04,0.008629214296290544,2.5e-05,0.008604214296290543,0.125,1.9003261610003475
2017-01-05,0.005892531327714112,0.0,0.005892531327714112,0.0,1.9115238924369167
2017-01-06,-0.0019113538369928823,0.0,-0.0019113538369928823,0.0,1.9078702939106038
2017-01-09,-0.00021199139550255597,0.0,-0.00021199139550255597,0.0,1.9074658418245598
2017-01-10,0.0016123244717821394,0.0,0.0016123244717821394,0.0,1.910541295680422
2017-01-11,0.003093233888453978,0.0,0.003093233888453978,0.0,1.9164510467615115
2017-01-12,8.03480303207954e-05,0.0,8.03480303207954e-05,0.0,1.916605029828325
2017-01-13,0.0015343250314788642,0.0,0.0015343250314788642,0.0,1.9195457249010488
2017-01-17,-0.0002793960867306655,2.5e-05,-0.00030439608673066553,0.125,1.9189614226940883
2017-01-18,-0.002548267189364059,2.5e-05,-0.002573267189364059,0.125,1.9140234222274144
2017-01-19,-0.0036203508105220467,2.5e-05,-0.0036453508105220465,0.125,1.9070461353938395
2017-01-20,0.0035526014003774975,0.0,0.0035526014003774975,0.0,1.9138211101650242
2017-01-23,0.0032809815002848436,0.0,0.0032809815002848436,0.0,1.92010032182233
2017-01-24,0.004117847198262414,0.0,0.004117847198262414,0.0,1.9280070015529287
2017-01-25,0.004343723317643128,0.0,0.004343723317643128,0.0,1.9363817305221533
2017-01-26,-0.002930664922129511,0.0,-0.002930664922129511,0.0,1.9307068445086597
2017-01-27,-0.0014590240179185587,0.0,-0.0014590240179185587,0.0,1.927889896850962
2017-01-30,-0.0053776983760744634,0.0,-0.0053776983760744634,0.0,1.917522286483416
2017-01-31,0.0036720541184233346,0.0,0.0036720541184233346,0.0,1.9245635320926662
2017-02-01,-0.0004725331503400154,0.0,-0.0004725331503400154,0.0,1.9236541120238169
2017-02-02,0.0024406998114034073,0.0,0.0024406998114034073,0.0,1.928349174252239
2017-02-03,0.005393868381378786,0.0,0.005393868381378786,0.0,1.938750435891496
2017-02-06,-0.0007282770056533661,0.0,-0.0007282770056533661,0.0,1.9373384885293357
2017-02-07,-0.0015392169017117152,0.0,-0.0015392169017117152,0.0,1.9343565043834547
2017-02-08,0.002889841835955989,0.0,0.002889841835955989,0.0,1.9399464887354756
2017-02-09,0.003391331716562765,0.0,0.003391331716562765,0.0,1.9465254907911589
2017-02-10,0.004519892991837998,0.0,0.004519892991837998,0.0,1.9553235777154199
2017-02-13,0.0017988527844597785,0.0,0.0017988527844597785,0.0,1.958840916977713
2017-02-14,0.0006228457837719054,2.5e-05,0.0005978457837719054,0.125,1.9600120017610079
2017-02-15,0.0032061923988156715,0.0,0.0032061923988156715,0.0,1.9662961773426413
2017-02-16,0.000749844527182672,2.5e-05,0.0007248445271826721,0.125,1.9677214363656081
2017-02-17,-0.0003748630002231995,0.0,-0.0003748630002231995,0.0,1.9669838104043686
2017-02-21,0.0057176034080922145,2.5e-05,0.005692603408092215,0.125,1.9781810691471386
2017-02-22,-0.0004721043369014244,2.5e-05,-0.0004971043369014244,0.125,1.9771977067584894
2017-02-23,0.0009141478797209251,0.0,0.0009141478797209251,0.0,1.979005157849912
2017-02-24,-0.0006850200454232153,0.0,-0.0006850200454232153,0.0,1.9776494996467888
2017-02-27,0.0013120259277727836,0.0,0.0013120259277727836,0.0,1.9802442270663723
2017-02-28,-0.004784792297636856,0.0,-0.004784792297636856,0.0,1.9707691697412653
2017-03-01,0.008087076233141435,0.0,0.008087076233141435,0.0,1.9867069302548879
2017-03-02,-0.008102273796662507,0.0,-0.008102273796662507,0.0,1.9706100867522358
2017-03-03,0.00135505378029184,0.0,0.00135505378029184,0.0,1.9732803693997705
2017-03-06,-0.002393762393854665,2.5e-05,-0.0024187623938546647,0.125,1.9685074730497347
2017-03-07,-0.0022985203954275363,0.0,-0.0022985203954275363,0.0,1.9639828184743784
2017-03-08,-0.00477216511004773,0.0,-0.00477216511004773,0.0,1.9546103681913218
2017-03-09,-0.002633180664246476,0.0,-0.002633180664246476,0.0,1.9494635259636648
2017-03-10,0.0035797852622640736,0.0,0.0035797852622640736,0.0,1.956442186763231
2017-03-13,0.0032758032481925714,0.0,0.0032758032481925714,0.0,1.9628511064335308
2017-03-14,-0.003080410017977611,0.0,-0.003080410017977611,0.0,1.9568047202214744
2017-03-15,0.011364210011273773,0.0,0.011364210011273773,0.0,1.9790422600131232
2017-03-16,0.000959206805217161,0.0,0.000959206805217161,0.0,1.98094057081674
2017-03-17,0.0009152329757977362,0.0,0.0009152329757977362,0.0,1.9827535929502471
2017-03-20,0.0005239504868125716,0.0,0.0005239504868125716,0.0,1.9837924576605028
2017-03-21,-0.009515401597806242,0.0,-0.009515401597806242,0.0,1.964915875739164
2017-03-22,0.0017218260327802881,0.0,0.0017218260327802881,0.0,1.968299119046235
2017-03-23,0.001514757253300067,0.0,0.001514757253300067,0.0,1.9712806144134742
2017-03-24,0.00077879994409355,0.0,0.00077879994409355,0.0,1.9728158476457722
2017-03-27,-0.00014366186256464797,2.5e-05,-0.00016866186256464798,0.125,1.9724831088504111
2017-03-28,0.00362307517101447,0.0,0.00362307517101447,0.0,1.9796295634273324
2017-03-29,0.0023309913116272285,0.0,0.0023309913116272285,0.0,1.9842440627399218
2017-03-30,-0.00021848137361056563,0.0,-0.00021848137361056563,0.0,1.9838105423715158
2017-03-31,-0.0002283289940723937,0.0,-0.0002283289940723937,0.0,1.9833575809059458
2017-04-03,-6.723792543639195e-05,0.0,-6.723792543639195e-05,0.0,1.9832242240568072
2017-04-04,0.0004368010853981058,0.0,0.0004368010853981058,0.0,1.984090498550463
2017-04-05,-0.0031585930272335083,0.0,-0.0031585930272335083,0.0,1.9778235641363413
2017-04-06,0.0015828152996741757,0.0,0.0015828152996741757,0.0,1.9809540935337124
2017-04-07,-7.810243106788628e-05,0.0,-7.810243106788628e-05,0.0,1.9807993762031737
2017-04-10,0.0005273185079548021,0.0,0.0005273185079548021,0.0,1.981843888374791
2017-04-11,0.003278662402856597,0.0,0.003278662402856597,0.0,1.9883416854199367
2017-04-12,-0.00246531473925006,2.5e-05,-0.00249031473925006,0.125,1.98339008881407
2017-04-13,-0.0035643538079268983,2.5e-05,-0.003589353807926898,0.125,1.9762710000461807
2017-04-17,0.006836909674843614,0.0,0.006836909674843614,0.0,1.989782586366509
2017-04-18,-0.001750285387428982,0.0,-0.001750285387428982,0.0,1.9862998989814311
2017-04-19,-0.0021552532572067518,0.0,-0.0021552532572067518,0.0,1.9820189196543618
2017-04-20,0.006449331236291045,0.0,0.006449331236291045,0.0,1.9948016161838085
2017-04-21,-0.0007227422746494266,0.0,-0.0007227422746494266,0.0,1.9933598887262534
2017-04-24,0.0071609549382092436,0.0,0.0071609549382092436,0.0,2.0076342490650556
2017-04-25,0.004083142333639808,0.0,0.004083142333639808,0.0,2.0158317054578783
2017-04-26,-0.0007493770503002872,0.0,-0.0007493770503002872,0.0,2.0143210874405404
2017-04-27,-1.2111725232660797e-05,0.0,-1.2111725232660797e-05,0.0,2.014296690536999
2017-04-28,-0.0025824234254411133,0.0,-0.0025824234254411133,0.0,2.009094923577568
2017-05-01,0.0029747543811896593,0.0,0.0029747543811896593,0.0,2.015071487503706
2017-05-02,0.0009556096106176776,2.5e-05,0.0009306096106176776,0.125,2.016946732396059
2017-05-03,-0.004077380173385645,0.0,-0.004077380173385645,0.0,2.0087228737786123
2017-05-04,-0.0007978710092295671,0.0,-0.0007978710092295671,0.0,2.007120172032048
2017-05-05,0.005355139092975025,0.0,0.005355139092975025,0.0,2.017868579729596
2017-05-08,-0.002114537728472532,0.0,-0.002114537728472532,0.0,2.0136017204866583
2017-05-09,0.0008736060992151073,0.0,0.0008736060992151073,0.0,2.0153608152310656
2017-05-10,0.0020956392940811586,2.5e-05,0.0020706392940811587,0.125,2.0195339005268345
2017-05-11,-0.0012585674183459017,0.0,-0.0012585674183459017,0.0,2.0169921809593867
2017-05-12,0.0006224898064851048,0.0,0.0006224898064851048,0.0,2.018247738031794
2017-05-15,0.004334908477469063,2.5e-05,0.004309908477469063,0.125,2.0269462010675703
2017-05-16,0.0013728750431746678,2.5e-05,0.0013478750431746677,0.125,2.0296782712658468
2017-05-17,-0.011809103546734964,2.5e-05,-0.011834103546734965,0.125,2.0056588484371285
2017-05-18,0.00018693360954129268,2.5e-05,0.00016193360954129267,0.125,2.0059836320139643
2017-05-19,0.006735990375067891,2.5e-05,0.006710990375067891,0.125,2.0194457688609537
2017-05-22,0.003291490700711164,0.0,0.003291490700711164,0.0,2.02609275582975
2017-05-23,0.0010595412422162442,0.0,0.0010595412422162442,0.0,2.0282394846651073
2017-05-24,0.003016366070662191,2.5e-05,0.002991366070662191,0.125,2.034306691442712
2017-05-25,0.002362400638609985,2.5e-05,0.002337400638609985,0.125,2.0390616812024183
2017-05-26,0.0004600393229461791,2.5e-05,0.0004350393229461791,0.125,2.039948753215654
2017-05-30,-0.002976411796510217,0.0,-0.002976411796510217,0.0,2.033877025682307
2017-05-31,-0.0004398820384171054,0.0,-0.0004398820384171054,0.0,2.0329823597103602
2017-06-01,0.006525390440429241,0.0,0.006525390440429241,0.0,2.0462483633659754
2017-06-02,0.006865048680309571,0.0,0.006865048680309571,0.0,2.060295957992486
2017-06-05,-0.002149419055682014,0.0,-0.002149419055682014,0.0,2.0558675186000324
2017-06-06,-0.0005033493727190225,0.0,-0.0005033493727190225,0.0,2.0548326989741517
2017-06-07,0.0009424746693354608,0.0,0.0009424746693354608,0.0,2.056769326742657
2017-06-08,0.0013093098737055886,0.0,0.0013093098737055886,0.0,2.059462275130096
2017-06-09,-0.004359160249252023,0.0,-0.004359160249252023,0.0,2.050484749045515
2017-06-12,-0.0010968569447222104,0.0,-0.0010968569447222104,0.0,2.0482356606084773
2017-06-13,0.004112717391067611,2.5e-05,0.004087717391067611,0.125,2.0566082691393515
2017-06-14,-0.001387331737050218,0.0,-0.001387331737050218,0.0,2.0537550712168944
2017-06-15,-0.0033871416846428665,0.0,-0.0033871416846428665,0.0,2.046798711805129
2017-06-16,0.00012684020132590346,0.0,0.00012684020132590346,0.0,2.047058328165808
2017-06-19,0.005824412744363072,0.0,0.005824412744363072,0.0,2.058981240780832
2017-06-20,-0.005769578312872614,0.0,-0.005769578312872614,0.0,2.0471017872674113
2017-06-21,0.0007640604108431759,0.0,0.0007640604108431759,0.0,2.0486658967000286
2017-06-22,0.0011210674889588629,0.0,0.0011210674889588629,0.0,2.0509625894325576
2017-06-23,0.0028673453936788884,0.0,0.0028673453936788884,0.0,2.056843407565975
2017-06-26,0.0019560181760197026,0.0,0.0019560181760197026,0.0,2.0608666306564003
2017-06-27,-0.006975023613823669,0.0,-0.006975023613823669,0.0,2.046492037242631
2017-06-28,0.007189715108687128,0.0,0.007189715108687128,0.0,2.061205731962602
2017-06-29,-0.008255100804157381,0.0,-0.008255100804157381,0.0,2.0441902708671438
2017-06-30,0.0007368690873893885,0.0,0.0007368690873893885,0.0,2.045696571486488
2017-07-03,0.0005132689351680375,2.5e-05,0.0004882689351680375,0.125,2.046695421573124
2017-07-05,0.0008300966660266251,0.0,0.0008300966660266251,0.0,2.048394376618944
2017-07-06,-0.005963322751769792,0.0,-0.005963322751769792,0.0,2.036179139828255
2017-07-07,0.00363453438333719,0.0,0.00363453438333719,0.0,2.043579702922595
2017-07-10,0.0019018420581247142,0.0,0.0019018420581247142,0.0,2.0474662687507434
2017-07-11,0.0019372111944295917,0.0,0.0019372111944295917,0.0,2.0514326433267844
2017-07-12,0.006801372143103279,0.0,0.006801372143103279,0.0,2.06538520016056
2017-07-13,0.0015684101630331626,0.0,0.0015684101630331626,0.0,2.06862457129907
2017-07-14,0.0042262906111143195,0.0,0.0042262906111143195,0.0,2.0773671799026716
2017-07-17,-0.0004834981147287254,0.0,-0.0004834981147287254,0.0,2.0763627767875894
2017-07-18,0.001065010225043142,0.0,0.001065010225043142,0.0,2.078574124375767
2017-07-19,0.004239452538810751,0.0,0.004239452538810751,0.0,2.0873861407244583
2017-07-20,0.0006722808068996555,0.0,0.0006722808068996555,0.0,2.0887894503634556
2017-07-21,-0.0013030608818874884,0.0,-0.0013030608818874884,0.0,2.086067630540188
2017-07-24,0.0007518423030287574,0.0,0.0007518423030287574,0.0,2.087636024431807
2017-07-25,0.000977995791314204,0.0,0.000977995791314204,0.0,2.0896777236774975
2017-07-26,0.0015197616447901463,0.0,0.0015197616447901463,0.0,2.092853535731915
2017-07-27,-0.0026574665489210725,0.0,-0.0026574665489210725,0.0,2.0872918474689164
2017-07-28,-0.0005105091677378576,0.0,-0.0005105091677378576,0.0,2.086226265845039
2017-07-31,-0.0005924443038264615,0.0,-0.0005924443038264615,0.0,2.084990292977346
2017-08-01,0.001867187700582057,0.0,0.001867187700582057,0.0,2.088883361208226
2017-08-02,-0.0007967328983094352,0.0,-0.0007967328983094352,0.0,2.0872190791136203
2017-08-03,-0.0017902569139190139,0.0,-0.0017902569139190139,0.0,2.0834824207263734
2017-08-04,0.0016873640117691102,0.0,0.0016873640117691102,0.0,2.0869980139822606
2017-08-07,0.002138189666883311,0.0,0.002138189666883311,0.0,2.0914604115705635
2017-08-08,-0.0015539923316052612,0.0,-0.0015539923316052612,0.0,2.088210298129127
2017-08-09,-0.0025844915361731696,0.0,-0.0025844915361731696,0.0,2.0828133362878627
2017-08-10,-0.011449929254315913,0.0,-0.011449929254315913,0.0,2.058965270937421
2017-08-11,0.0013813960224638294,0.0,0.0013813960224638294,0.0,2.061809517373085
2017-08-14,0.006936062909852964,0.0,0.006936062909852964,0.0,2.076110357893718
2017-08-15,-0.0009068752960285087,0.0,-0.0009068752960285087,0.0,2.0742275846983156
2017-08-16,0.002482835447902787,0.0,0.002482835447902787,0.0,2.079377550472622
2017-08-17,-0.009787789806998862,0.0,-0.009787789806998862,0.0,2.059025040079204
2017-08-18,0.0011158828793318143,0.0,0.0011158828793318143,0.0,2.061322670869544
2017-08-21,0.0002754092672087316,0.0,0.0002754092672087316,0.0,2.061890378235809
2017-08-22,0.006567926627778192,0.0,0.006567926627778192,0.0,2.0754327229545835
2017-08-23,-0.0004840749805629929,0.0,-0.0004840749805629929,0.0,2.0744280578995595
2017-08-24,-0.0001623002136036944,0.0,-0.0001623002136036944,0.0,2.074091377782657
2017-08-25,0.001866709052571927,0.0,0.001866709052571927,0.0,2.077963102933425
2017-08-28,0.00047704109793186844,0.0,0.00047704109793186844,0.0,2.07895437673351
2017-08-29,-6.702182286770497e-05,0.0,-6.702182286770497e-05,0.0,2.0788150414215227
2017-08-30,0.002887615733903129,0.0,0.002887615733903129,0.0,2.084817860443006
2017-08-31,0.0044758149530253755,0.0,0.0044758149530253755,0.0,2.0941491193971107
2017-09-01,0.0018007631572761335,0.0,0.0018007631572761335,0.0,2.0979201859771632
2017-09-05,-0.004304848229777794,2.5e-05,-0.004329848229777794,0.125,2.088836509973695
2017-09-06,0.002013449468465295,0.0,0.002013449468465295,0.0,2.093042276734413
2017-09-07,0.0032115333672665253,0.0,0.0032115333672665253,0.0,2.099764151845245
2017-09-08,-0.0019419961021223536,2.5e-05,-0.0019669961021223535,0.125,2.095633923943189
2017-09-11,0.006735051453364893,0.0,0.006735051453364893,0.0,2.109748126248363
2017-09-12,0.0021003140699396294,2.5e-05,0.0020753140699396296,0.125,2.114126516218795
2017-09-13,-0.001060676269628219,5e-05,-0.001110676269628219,0.25,2.111778406066239
2017-09-14,0.0007000231150288971,0.0,0.0007000231150288971,0.0,2.1132566997643045
2017-09-15,0.0021986654825949525,0.0,0.0021986654825949525,0.0,2.117903044325939
2017-09-18,0.0008835955770210707,0.0,0.0008835955770210707,0.0,2.119774414088465
2017-09-19,0.0006366415778261414,2.5e-05,0.0006116415778261414,0.125,2.1210709562557333
2017-09-20,-0.0011270924882106764,2.5e-05,-0.0011520924882106765,0.125,2.118627286340069
2017-09-21,-0.0017246218031395921,0.0,-0.0017246218031395921,0.0,2.1149734555293205
2017-09-22,-0.0007742149763106804,0.0,-0.0007742149763106804,0.0,2.11333601140555
2017-09-25,-0.0035053484432293613,0.0,-0.0035053484432293613,0.0,2.1059280323079492
2017-09-26,0.00018524984227606678,2.5e-05,0.00016024984227606677,0.125,2.1062655069429717
2017-09-27,0.0037019426075238504,0.0,0.0037019426075238504,0.0,2.1140627809658814
2017-09-28,0.0006840935115197538,0.0,0.0006840935115197538,0.0,2.1155089975972854
2017-09-29,0.0038090032935885476,0.0,0.0038090032935885476,0.0,2.1235669783367497
2017-10-02,0.002107804420789408,0.0,0.002107804420789408,0.0,2.12804304220153
2017-10-03,0.0032090515099009453,0.0,0.0032090515099009453,0.0,2.1348720419392415
2017-10-04,0.00023859313783185232,2.5e-05,0.0002135931378318523,0.125,2.135328035957549
2017-10-05,0.00361776855868616,0.0,0.00361776855868616,0.0,2.143053158588517
2017-10-06,-0.0006783814634113705,2.5e-05,-0.0007033814634113705,0.125,2.1415457747216604
2017-10-09,-0.0006123562660501208,2.5e-05,-0.0006373562660501208,0.125,2.1401808471031085
2017-10-10,0.0039051623616892794,2.5e-05,0.0038801623616892796,0.125,2.1484850962732462
2017-10-11,0.002170988095371029,0.0,0.002170988095371029,0.0,2.1531494318403377
2017-10-12,0.00023680038626151811,0.0,0.00023680038626151811,0.0,2.1536592984574763
2017-10-13,0.003465496944367666,0.0,0.003465496944367666,0.0,2.16112279817549
2017-10-16,-0.0011598388181588148,0.0,-0.0011598388181588148,0.0,2.158616244063358
2017-10-17,-0.0017852044990316895,0.0,-0.0017852044990316895,0.0,2.1547626726327733
2017-10-18,0.0006206854354540714,0.0,0.0006206854354540714,0.0,2.1561001024405364
2017-10-19,-0.0015504460774585227,0.0,-0.0015504460774585227,0.0,2.1527571854941
2017-10-20,0.0003490808652159977,0.0,0.0003490808652159977,0.0,2.153508671835012
2017-10-23,-0.0037879077947696738,0.0,-0.0037879077947696738,0.0,2.1453513795508643
2017-10-24,-0.00034223918985033797,0.0,-0.00034223918985033797,0.0,2.1446171562327825
2017-10-25,-0.0027960738285389003,0.0,-0.0027960738285389003,0.0,2.1386206483300048
2017-10-26,-0.002920125139856733,0.0,-0.002920125139856733,0.0,2.1323756084101997
2017-10-27,0.008196300313335375,2.5e-05,0.008171300313335374,0.125,2.1497998898873507
2017-10-30,-0.0021059792220215756,0.0,-0.0021059792220215756,0.0,2.1452724559877434
2017-10-31,0.003230228877903779,0.0,0.003230228877903779,0.0,2.1522021770260467
2017-11-01,0.0006772971623049961,0.0,0.0006772971623049961,0.0,2.153659857453253
2017-11-02,0.0017783132192260437,0.0,0.0017783132192260437,0.0,2.1574897392474783
2017-11-03,0.00037955131276241894,0.0,0.00037955131276241894,0.0,2.1583086173102815
2017-11-06,0.0031847137955309246,0.0,0.0031847137955309246,0.0,2.1651822125388427
2017-11-07,-0.0017582475267939185,0.0,-0.0017582475267939185,0.0,2.161375286268588
2017-11-08,0.0025123692131701347,0.0,0.0025123692131701347,0.0,2.166805458995916
2017-11-09,-0.0029081645392410316,0.0,-0.0029081645392410316,0.0,2.1605040321966302
2017-11-10,-0.0008877096100899096,0.0,-0.0008877096100899096,0.0,2.1585861320046114
2017-11-13,0.0005922510067504633,5e-05,0.0005422510067504632,0.25,2.1597566275078486
2017-11-14,-0.0011774194585170844,0.0,-0.0011774194585170844,0.0,2.1572136880289596
2017-11-15,-0.003019356760192146,0.0,-0.003019356760192146,0.0,2.15070029029683
2017-11-16,0.008041809264150948,0.0,0.008041809264150948,0.0,2.1679958118157514
2017-11-17,0.001781856681177918,0.0,0.001781856681177918,0.0,2.1718588696378007
2017-11-20,-5.756100175395573e-05,0.0,-5.756100175395573e-05,0.0,2.1717338552655963
2017-11-21,0.007628389683200287,0.0,0.007628389683200287,0.0,2.188300687401761
2017-11-22,0.00180985168576063,0.0,0.00180985168576063,0.0,2.192261187089806
2017-11-24,0.0010577562377485916,0.0,0.0010577562377485916,0.0,2.1945800650352245
2017-11-27,-0.0033244431780457273,0.0,-0.0033244431780457273,0.0,2.187284308309343
2017-11-28,0.004876822484319102,0.0,0.004876822484319102,0.0,2.1979513056037043
2017-11-29,-0.006287039710077144,0.0,-0.006287039710077144,0.0,2.1841326984645577
2017-11-30,-6.0335270136921415e-05,0.0,-6.0335270136921415e-05,0.0,2.1840009182281808
2017-12-01,-1.9057514749690196e-05,0.0,-1.9057514749690196e-05,0.0,2.183959296598468
2017-12-04,-0.003242055238226349,0.0,-0.003242055238226349,0.0,2.176878779920858
2017-12-05,-0.0032698035220855015,0.0,-0.0032698035220855015,0.0,2.1697608140191194
2017-12-06,-0.0018877228092368525,0.0,-0.0018877228092368525,0.0,2.165664907039907
2017-12-07,6.58777698812063e-05,0.0,6.58777698812063e-05,0.0,2.165807576214293
2017-12-08,0.004116139067817479,0.0,0.004116139067817479,0.0,2.174722341392124
2017-12-11,0.0014773660629711222,0.0,0.0014773660629711222,0.0,2.177935202375682
2017-12-12,-0.0003057293751956708,0.0,-0.0003057293751956708,0.0,2.177269343607043
2017-12-13,0.00517906049177122,0.0,0.00517906049177122,0.0,2.188545553244463
2017-12-14,-0.0033421578093680987,0.0,-0.0033421578093680987,0.0,2.1812310886325292
2017-12-15,0.00599362712923987,0.0,0.00599362712923987,0.0,2.1943045744604985
2017-12-18,0.006682833314572062,0.0,0.006682833314572062,0.0,2.208968746173021
2017-12-19,-0.007512357602583453,0.0,-0.007512357602583453,0.0,2.192374183018839
2017-12-20,-0.0025029997083724637,0.0,-0.0025029997083724637,0.0,2.186886671078099
2017-12-21,0.0025088833474822825,0.0,0.0025088833474822825,0.0,2.192373314629998
2017-12-22,0.002661958779370005,0.0,0.002661958779370005,0.0,2.198209322022534
2017-12-26,0.0009603450917854278,0.0,0.0009603450917854278,0.0,2.2003203615556552
2017-12-27,0.0030199704141118527,0.0,0.0030199704141118527,0.0,2.206965263949121
2017-12-28,0.003020750565453159,0.0,0.003020750565453159,0.0,2.2136319555181307
2017-12-29,-0.0005457114037473593,0.0,-0.0005457114037473593,0.0,2.212423951316305
2018-01-02,0.00725121995184784,0.0,0.00725121995184784,0.0,2.228466724014036
2018-01-03,0.0038379382922658217,0.0,0.0038379382922658217,0.0,2.237019441787169
2018-01-04,0.0015348730517765752,0.0,0.0015348730517765752,0.0,2.2404529826446686
2018-01-05,0.0036954009538826688,0.0,0.0036954009538826688,0.0,2.248732354733863
2018-01-08,0.0014225225021110566,0.0,0.0014225225021110566,0.0,2.2519312271096976
2018-01-09,-0.0038050938228177816,0.0,-0.0038050938228177816,0.0,2.243362417508012
2018-01-10,-0.002748668205686061,0.0,-0.002748668205686061,0.0,2.2371961585571767
2018-01-11,0.006049483622370441,0.0,0.006049483622370441,0.0,2.2507300400783983
2018-01-12,0.005425720370992287,0.0,0.005425720370992287,0.0,2.2629418719064556
2018-01-16,-0.002012470745667752,0.0,-0.002012470745667752,0.0,2.258387767590097
2018-01-17,0.004837206236347466,2.5e-05,0.004812206236347466,0.125,2.2692555952893847
2018-01-18,-0.0024851055348790035,0.0,-0.0024851055348790035,0.0,2.2636162556494757
2018-01-19,0.004224739989288698,0.0,0.004224739989288698,0.0,2.273179445765122
2018-01-22,0.004732649139167766,0.0,0.004732649139167766,0.0,2.283937606512296
2018-01-23,0.003852208920953365,0.0,0.003852208920953365,0.0,2.2927358113350036
2018-01-24,0.00048391716019018094,0.0,0.00048391716019018094,0.0,2.293845305537891
2018-01-25,-0.0005282530484880393,2.5e-05,-0.0005532530484880393,0.125,2.292576228629842
2018-01-26,0.006278729248279671,2.5e-05,0.0062537292482796715,0.125,2.306913379644735
2018-01-29,-0.008433844867296966,2.5e-05,-0.008458844867296967,0.125,2.2873995572440284
2018-01-30,-0.007526702184727799,2.5e-05,-0.007551702184727799,0.125,2.2701257970102433
2018-01-31,0.0024222965169633376,0.0,0.0024222965169633376,0.0,2.2756247148214097
2018-02-01,-0.0035476779336948983,0.0,-0.0035476779336948983,0.0,2.267551531235267
2018-02-02,-0.017217404018271085,2.5e-05,-0.017242404018271085,0.125,2.2284534916014596
2018-02-05,-0.02308180936755326,2.5e-05,-0.02310680936755326,0.125,2.176961041586566
2018-02-06,0.011712930010197131,0.0,0.011712930010197131,0.0,2.2024596339015954
2018-02-07,-0.009207826137295358,0.0,-0.009207826137295358,0.0,2.1821797685182185
2018-02-08,-0.021173025117343203,0.0,-0.021173025117343203,0.0,2.135976421468824
2018-02-09,0.006707345518330257,0.0,0.006707345518330257,0.0,2.150303153346622
2018-02-12,0.00971795934620548,2.5e-05,0.009692959346205478,0.125,2.1711459543940284
2018-02-13,0.0030708225705651515,2.5e-05,0.0030458225705651517,0.125,2.177758879745913
2018-02-14,0.012365540726482799,0.0,0.012365540726482799,0.0,2.2046880458658706
2018-02-15,0.009196337475045335,0.0,0.009196337475045335,0.0,2.2249631011628517
2018-02-16,0.0003488689314730814,0.0,0.0003488689314730814,0.0,2.2257393216625214
2018-02-20,-0.006675931914589456,0.0,-0.006675931914589456,0.0,2.2108804374914777
2018-02-21,-0.0036565491751124196,0.0,-0.0036565491751124196,0.0,2.202796244451496
2018-02-22,0.0016948133234827856,0.0,0.0016948133234827856,0.0,2.2065295728755108
2018-02-23,0.009233653605077191,2.5e-05,0.00920865360507719,0.125,2.2268487393814804
2018-02-26,0.006566572546374383,0.0,0.006566572546374383,0.0,2.241471503178431
2018-02-27,-0.011886092199748663,2.5e-05,-0.011911092199748664,0.125,2.214773129440964
2018-02-28,-0.007146880523744584,2.5e-05,-0.0071718805237445836,0.125,2.198889041169413
2018-03-01,-0.006804276216548166,0.0,-0.006804276216548166,0.0,2.183927192763756
2018-03-02,0.0045665775332480035,2.5e-05,0.004541577533248004,0.125,2.193845667436661
2018-03-05,0.004246843065441083,0.0,0.004246843065441083,0.0,2.203162585696062
2018-03-06,0.005561538705149971,0.0,0.005561538705149971,0.0,2.215415559690149
2018-03-07,0.0005007936625536086,0.0,0.0005007936625536086,0.0,2.2165250257623645
2018-03-08,0.0017527156744976402,0.0,0.0017527156744976402,0.0,2.2204099639179344
2018-03-09,0.00936837843983035,0.0,0.00936837843983035,0.0,2.241211604751488
2018-03-12,0.0018910599679245604,0.0,0.0018910599679245604,0.0,2.245449870296881
2018-03-13,-0.004176244574057783,0.0,-0.004176244574057783,0.0,2.236072322459735
2018-03-14,0.0002710207505001866,0.0,0.0002710207505001866,0.0,2.2366783444587406
2018-03-15,-0.002192552043331908,0.0,-0.002192552043331908,0.0,2.2317743107843215
2018-03-16,-0.0006497353155480862,0.0,-0.0006497353155480862,0.0,2.2303242481982717
2018-03-19,-0.00804537782499297,0.0,-0.00804537782499297,0.0,2.212380446949273
2018-03-20,0.000897709527004284,0.0,0.000897709527004284,0.0,2.2143665219538575
2018-03-21,0.0031958436116150263,0.0,0.0031958436116150263,0.0,2.221443291056818
2018-03-22,-0.014693707559928201,0.0,-0.014693707559928201,0.0,2.188802052977065
2018-03-23,-0.011040645693723608,0.0,-0.011040645693723608,0.0,2.1646362650164503
2018-03-26,0.017271706958129115,0.0,0.017271706958129115,0.0,2.2020232282567536
2018-03-27,-0.011220151959189614,0.0,-0.011220151959189614,0.0,2.1773161930180476
2018-03-28,-0.0031467061287316217,0.0,-0.0031467061287316217,0.0,2.170464818809291
2018-03-29,0.009575616601649822,0.0,0.009575616601649822,0.0,2.191248357761578
2018-04-02,-0.01161803266021412,0.0,-0.01161803266021412,0.0,2.1657903627744637
2018-04-03,0.004930351740445746,0.0,0.004930351740445746,0.0,2.1764684710590094
2018-04-04,0.005273699205217988,0.0,0.005273699205217988,0.0,2.1879465111050154
2018-04-05,0.002300694091342495,0.0,0.002300694091342495,0.0,2.192980306715288
2018-04-06,-0.009723616615926134,0.0,-0.009723616615926134,0.0,2.1716566069665126
2018-04-09,0.0034346942211447296,0.0,0.0034346942211447296,0.0,2.179115583364771
2018-04-10,0.010952488036383878,0.0,0.010952488036383878,0.0,2.202982320721471
2018-04-11,-0.00011519526208157715,0.0,-0.00011519526208157715,0.0,2.2027285475956746
2018-04-12,0.0014450301201466842,0.0,0.0014450301201466842,0.0,2.2059115566934575
2018-04-13,-0.0016835720053631348,0.0,-0.0016835720053631348,0.0,2.2021977457503015
2018-04-16,0.003703279542211807,0.0,0.003703279542211807,0.0,2.210353099610044
2018-04-17,0.00667282644217701,0.0,0.00667282644217701,0.0,2.2251024022196693
2018-04-18,0.001503802848173738,0.0,0.001503802848173738,0.0,2.2284485175496056
2018-04-19,-0.005168879516914207,0.0,-0.005168879516914207,0.0,2.2169299356527454
2018-04-20,-0.006700181675359407,2.5e-05,-0.006725181675359407,0.125,2.202020679073938
2018-04-23,-0.002679734239885226,0.0,-0.002679734239885226,0.0,2.1961198488632885
2018-04-24,-0.005538608179821505,0.0,-0.005538608179821505,0.0,2.183956401504506
2018-04-25,-0.0017160163868231298,0.0,-0.0017160163868231298,0.0,2.180208696531417
2018-04-26,0.006468264315741948,0.0,0.006468264315741948,0.0,2.1943108626440613
2018-04-27,0.0014423326906859296,0.0,0.0014423326906859296,0.0,2.19747578893478
2018-04-30,-0.005165964825489172,0.0,-0.005165964825489172,0.0,2.186123706304279
2018-05-01,0.00032520737044273995,0.0,0.00032520737044273995,0.0,2.1868346498462685
2018-05-02,-0.0022106256978327854,0.0,-0.0022106256978327854,0.0,2.182000376972407
2018-05-03,0.00034749485491818166,2.5e-05,0.00032249485491818165,0.125,2.18270406086741
2018-05-04,0.006821987899813031,2.5e-05,0.006796987899813031,0.125,2.1975398739579988
2018-05-07,0.0016424329655028713,2.5e-05,0.0016174329655028713,0.125,2.2010942473931454
2018-05-08,0.001118985540509626,0.0,0.001118985540509626,0.0,2.2035572400292773
2018-05-09,0.0027769209079879648,0.0,0.0027769209079879648,0.0,2.2096763442010627
2018-05-10,0.008410667405637368,0.0,0.008410667405637368,0.0,2.2282611970062427
2018-05-11,0.0003334363000735835,2.5e-05,0.0003084363000735835,0.125,2.228948473645445
2018-05-14,-0.0020591687413798743,0.0,-0.0020591687413798743,0.0,2.224358692622368
2018-05-15,-0.011177408131835348,0.0,-0.011177408131835348,0.0,2.1994961276833322
2018-05-16,0.004039134182241957,2.5e-05,0.004014134182241958,0.125,2.208325200273175
2018-05-17,-0.0016553290906402701,2.5e-05,-0.0016803290906402702,0.125,2.2046144871975617
2018-05-18,-0.0022483801856263974,0.0,-0.0022483801856263974,0.0,2.199657675667602
2018-05-21,0.004087560763718384,0.0,0.004087560763718384,0.0,2.2086489100762727
2018-05-22,-0.001212742609699724,0.0,-0.001212742609699724,0.0,2.2059703874331564
2018-05-23,0.0002631724568340488,0.0,0.0002631724568340488,0.0,2.2065509380797206
2018-05-24,-0.00023560163101710163,0.0,-0.00023560163101710163,0.0,2.206031071079787
2018-05-25,-0.0010805043345083198,0.0,-0.0010805043345083198,0.0,2.203647444945425
2018-05-29,-0.007633492815368528,0.0,-0.007633492815368528,0.0,2.186825918006829
2018-05-30,0.007627323322804885,0.0,0.007627323322804885,0.0,2.2035055463341564
2018-05-31,-0.0031661102798699464,2.5e-05,-0.0031911102798699463,0.125,2.196473917133499
2018-06-01,0.00611761958755111,2.5e-05,0.00609261958755111,0.125,2.2098561971445716
2018-06-04,0.004995695760328878,2.5e-05,0.004970695760328878,0.125,2.2208407199746545
2018-06-05,0.00025676771783281205,0.0,0.00025676771783281205,0.0,2.2214109601779928
2018-06-06,0.0060561014942379365,0.0,0.0060561014942379365,0.0,2.2348640504132433
2018-06-07,-0.004388542890409575,0.0,-0.004388542890409575,0.0,2.2250562536737704
2018-06-08,0.001106564337189822,2.5e-05,0.001081564337189822,0.125,2.227462795165985
2018-06-11,0.0015262675695613404,2.5e-05,0.0015012675695613403,0.125,2.2308068128227725
2018-06-12,0.0006043297621629584,0.0,0.0006043297621629584,0.0,2.2321549557733973
2018-06-13,-0.003618968649385476,0.0,-0.003618968649385476,0.0,2.224076856967883
2018-06-14,0.001329628987687556,2.5e-05,0.001304628987687556,0.125,2.2269784521063283
2018-06-15,-0.004251998539129789,0.0,-0.004251998539129789,0.0,2.2175093429812986
2018-06-18,-0.0023906198301726495,0.0,-0.0023906198301726495,0.0,2.2122081211723743
2018-06-19,-0.0036739241475066964,0.0,-0.0036739241475066964,0.0,2.204080636336689
2018-06-20,0.002184220471342632,0.0,0.002184220471342632,0.0,2.2088948343830657
2018-06-21,-0.005903000245314857,0.0,-0.005903000245314857,0.0,2.1958557276338277
2018-06-22,0.0024535443962064307,0.0,0.0024535443962064307,0.0,2.2012433571492416
2018-06-25,-0.010763349587850135,2.5e-05,-0.010788349587850136,0.125,2.1774955742843827
2018-06-26,0.0009946452011029144,0.0,0.0009946452011029144,0.0,2.1796614098077676
2018-06-27,-0.00950950637527323,0.0,-0.00950950637527323,0.0,2.1589339057352634
2018-06-28,0.0033270066023618067,2.5e-05,0.003302006602361807,0.125,2.1660627197460642
2018-06-29,0.00330802929512837,5e-05,0.00325802929512837,0.25,2.173119815542082
2018-07-02,-0.001102460065534036,0.0,-0.001102460065534036,0.0,2.170724037727826
2018-07-03,0.001282128316172887,2.5e-05,0.0012571283161728869,0.125,2.1734529163822507
2018-07-05,0.006400637503908194,2.5e-05,0.006375637503908194,0.125,2.187310064308916
2018-07-06,0.007325192421343565,5e-05,0.007275192421343566,0.25,2.203223165911905
2018-07-09,0.004992860254605394,0.0,0.004992860254605394,0.0,2.2142235512890127
2018-07-10,-0.00034779857962251304,0.0,-0.00034779857962251304,0.0,2.2134534474829075
2018-07-11,-0.00842005453823172,0.0,-0.00842005453823172,0.0,2.1948160487372643
2018-07-12,0.007458724086677054,0.0,0.007458724086677054,0.0,2.2111865760658063
2018-07-13,-0.00030771560733047765,0.0,-0.00030771560733047765,0.0,2.2105061594456314
2018-07-16,-0.0028876889996443528,0.0,-0.0028876889996443528,0.0,2.204122905125354
2018-07-17,0.0005485686010055363,0.0,0.0005485686010055363,0.0,2.205332017743863
2018-07-18,-0.0007694143894738936,0.0,-0.0007694143894738936,0.0,2.2036352035558435
2018-07-19,0.00025252187907696955,2.5e-05,0.00022752187907696954,0.125,2.204136578778157
2018-07-20,0.0004917509284448757,2.5e-05,0.00046675092844487566,0.125,2.205165361572721
2018-07-23,-0.0018427901309549244,2.5e-05,-0.0018677901309549245,0.125,2.201046575473252
2018-07-24,0.00174345367833946,2.5e-05,0.00171845367833946,0.125,2.2048289720570704
2018-07-25,0.007225282177978437,0.0,0.007225282177978437,0.0,2.2207594835343647
2018-07-26,-0.0030509252988724644,0.0,-0.0030509252988724644,0.0,2.213984112243339
2018-07-27,-0.005514919387115291,0.0,-0.005514919387115291,0.0,2.2017741683399628
2018-07-30,-0.0033574065041939855,0.0,-0.0033574065041939855,0.0,2.1943819174264116
2018-07-31,0.003679802954371564,2.5e-05,0.003654802954371564,0.125,2.202401950941241
2018-08-01,-0.0006820171684870091,2.5e-05,-0.0007070171684870091,0.125,2.2008448149500164
2018-08-02,0.0003148668499654006,0.0,0.0003148668499654006,0.0,2.2015377880241624
2018-08-03,0.002880000819029227,0.0,0.002880000819029227,0.0,2.207878218656796
2018-08-06,0.00023399245336368224,0.0,0.00023399245336368224,0.0,2.2083948454979074
2018-08-07,0.0031999063668087108,0.0,0.0031999063668087108,0.0,2.2154615022244437
2018-08-08,-0.0010164916137941904,0.0,-0.0010164916137941904,0.0,2.2132095041867488
2018-08-09,-0.0005978553596481112,0.0,-0.0005978553596481112,0.0,2.211886325022647
2018-08-10,-0.008257304124306503,0.0,-0.008257304124306503,0.0,2.19362210694854
2018-08-13,-0.004086680305184026,0.0,-0.004086680305184026,0.0,2.1846574746870573
2018-08-14,0.004178404045730472,0.0,0.004178404045730472,0.0,2.1937858563178247
2018-08-15,-0.008472442048048576,0.0,-0.008472442048048576,0.0,2.1751991327843436
2018-08-16,0.005255975982362632,0.0,0.005255975982362632,0.0,2.1866319271831145
2018-08-17,0.002899094630259169,2.5e-05,0.0028740946302591693,0.125,2.192916514263385
2018-08-20,0.0012723885382229655,0.0,0.0012723885382229655,0.0,2.1957067561014134
2018-08-21,0.002198809883246902,0.0,0.002198809883246902,0.0,2.200534697817441
2018-08-22,0.0004996533576344109,0.0,0.0004996533576344109,0.0,2.2016342023677966
2018-08-23,-0.003952737950806459,2.5e-05,-0.003977737950806459,0.125,2.1928766784472447
2018-08-24,0.004061883315291559,2.5e-05,0.004036883315291559,0.125,2.2017290657229602
2018-08-27,0.003664805549871683,0.0,0.003664805549871683,0.0,2.2097979746223353
2018-08-28,0.0019342594398701896,0.0,0.0019342594398701896,0.0,2.2140722972149542
2018-08-29,0.003956381005980919,2.5e-05,0.003931381005980919,0.125,2.2227766589900937
2018-08-30,-0.006074717506751773,0.0,-0.006074717506751773,0.0,2.209273918706127
2018-08-31,0.0007824671719656173,0.0,0.0007824671719656173,0.0,2.2110026030213947
2018-09-04,-0.0038525815246066852,2.5e-05,-0.003877581524606685,0.125,2.2024292601770616
2018-09-05,-0.002703926876630111,0.0,-0.002703926876630111,0.0,2.1964740525065922
2018-09-06,-0.002356536199348308,0.0,-0.002356536199348308,0.0,2.1912979818909313
2018-09-07,-0.0031523675100188636,0.0,-0.0031523675100188636,0.0,2.1843902053280484
2018-09-10,0.00211456041013669,0.0,0.00211456041013669,0.0,2.1890092303765254
2018-09-11,0.0015651624757424404,2.5e-05,0.0015401624757424403,0.125,2.1923806602522053
2018-09-12,-4.663555406610176e-05,2.5e-05,-7.163555406610176e-05,0.125,2.1922236078488844
2018-09-13,0.0027191414188477425,2.5e-05,0.0026941414188477427,0.125,2.198129768270166
2018-09-14,-0.0006086790831916489,0.0,-0.0006086790831916489,0.0,2.196791812658079
2018-09-17,-0.0032713160468144653,2.5e-05,-0.003296316046814465,0.125,2.189550492554504
2018-09-18,0.0029456131734092034,0.0,0.0029456131734092034,0.0,2.196000061329217
2018-09-19,-0.0014339354651195513,0.0,-0.0014339354651195513,0.0,2.192851138959872
2018-09-20,0.006274621048183715,0.0,0.006274621048183715,0.0,2.206610448871923
2018-09-21,-0.0013870686246401087,0.0,-0.0013870686246401087,0.0,2.20354972875149
2018-09-24,-0.0033390141605705304,0.0,-0.0033390141605705304,0.0,2.1961920450036674
2018-09-25,0.0008831245657215936,0.0,0.0008831245657215936,0.0,2.1981315561496526
2018-09-26,-0.0028703763630410634,0.0,-0.0028703763630410634,0.0,2.1918220912880257
2018-09-27,0.0017597357387104662,0.0,0.0017597357387104662,0.0,2.1956791189549603
2018-09-28,0.0010402354426599647,0.0,0.0010402354426599647,0.0,2.1979631421952055
2018-10-01,-0.00197135405654128,0.0,-0.00197135405654128,0.0,2.1936301786387107
2018-10-02,-0.00263190767895663,0.0,-0.00263190767895663,0.0,2.1878567465267604
2018-10-03,-0.0002566047302250962,0.0,-0.0002566047302250962,0.0,2.187295332136547
2018-10-04,-0.0076379706859292795,0.0,-0.0076379706859292795,0.0,2.170588834508218
2018-10-05,-0.004106924827475225,2.5e-05,-0.004131924827475225,0.125,2.1616201246126727
2018-10-08,-0.0016277009019325939,0.0,-0.0016277009019325939,0.0,2.158101653586205
2018-10-09,-0.00026407740106708377,2.5e-05,-0.0002890774010670838,0.125,2.1574777951689477
2018-10-10,-0.013045910299796279,0.0,-0.013045910299796279,0.0,2.1293315333793714
2018-10-11,-0.006690925322479488,0.0,-0.006690925322479488,0.0,2.115084335102729
2018-10-12,0.0052392784785013635,0.0,0.0052392784785013635,0.0,2.1261658509398482
2018-10-15,-0.0017513037106169083,0.0,-0.0017513037106169083,0.0,2.1224422887957104
2018-10-16,0.009994042917784024,0.0,0.009994042917784024,0.0,2.1436540681204543
2018-10-17,-0.0004641591230552522,0.0,-0.0004641591230552522,0.0,2.142659071528062
2018-10-18,-0.007045346022648988,0.0,-0.007045346022648988,0.0,2.1275632969605787
2018-10-19,-0.0015058933907331762,0.0,-0.0015058933907331762,0.0,2.1243594134533192
2018-10-22,-0.00018703779118929564,0.0,-0.00018703779118929564,0.0,2.1239620779609347
2018-10-23,-0.002215449744833828,0.0,-0.002215449744833828,0.0,2.1192565467172795
2018-10-24,-0.014214408844820836,0.0,-0.014214408844820836,0.0,2.089132567715177
2018-10-25,0.009273352997950568,0.0,0.009273352997950568,0.0,2.1085058314751146
2018-10-26,-0.00541363071762925,2.5e-05,-0.00543863071762925,0.125,2.097038446891754
2018-10-29,-0.0023649441198391047,5e-05,-0.002414944119839105,0.25,2.091974216225356
2018-10-30,0.006520173847630817,2.5e-05,0.006495173847630817,0.125,2.105561952444501
2018-10-31,0.004273373756008947,2.5e-05,0.004248373756008947,0.125,2.1145071665849167
2018-11-01,0.006452332732608729,5e-05,0.006402332732608729,0.25,2.1280449450308794
2018-11-02,-0.002272053849049785,2.5e-05,-0.0022970538490497848,0.125,2.1231567111989453
2018-11-05,0.00028225170096615737,0.0,0.00028225170096615737,0.0,2.123755975792099
2018-11-06,0.0023552860957295196,0.0,0.0023552860957295196,0.0,2.1287580287126047
2018-11-07,0.010328015987721567,2.5e-05,0.010303015987721566,0.125,2.1506906567164212
2018-11-08,-0.001357730147675637,2.5e-05,-0.0013827301476756371,0.125,2.147716831907055
2018-11-09,-0.005660184305666893,2.5e-05,-0.005685184305666893,0.125,2.1355066658812807
2018-11-12,-0.00859234901697116,2.5e-05,-0.00861734901697116,0.125,2.1171042596133134
2018-11-13,-0.000525965636747644,0.0,-0.000525965636747644,0.0,2.1159907355233445
2018-11-14,-0.0027215343636361466,0.0,-0.0027215343636361466,0.0,2.110231994023482
2018-11-15,0.005272855219679989,0.0,0.005272855219679989,0.0,2.1213589418079044
2018-11-16,0.0001832350430938795,0.0,0.0001832350430938795,0.0,2.1217476491050244
2018-11-19,-0.008707967524878152,0.0,-0.008707967524878152,0.0,2.103271539480631
2018-11-20,-0.006960027636688487,0.0,-0.006960027636688487,0.0,2.0886327114383856
2018-11-21,0.0032322851094178373,2.5e-05,0.0032072851094178375,0.125,2.095331552032825
2018-11-23,-0.001739016039335184,5e-05,-0.0017890160393351838,0.25,2.0915829702785134
2018-11-26,0.004907330180432018,0.0,0.004907330180432018,0.0,2.101847058513439
2018-11-27,0.0008426162814065552,0.0,0.0008426162814065552,0.0,2.1036181090659687
2018-11-28,0.009988779003803322,2.5e-05,0.009963779003803321,0.125,2.124578095013101
2018-11-29,-0.0006806222104809856,2.5e-05,-0.0007056222104809855,0.125,2.1230789455213586
2018-11-30,0.003504311900489915,5e-05,0.0034543119004899147,0.25,2.1304127223885527
2018-12-03,0.005706488910961427,0.0,0.005706488910961427,0.0,2.1425698989646342
2018-12-04,-0.016017086059037122,0.0,-0.016017086059037122,0.0,2.108252172505415
2018-12-06,0.003515923628460371,0.0,0.003515923628460371,0.0,2.1156646261334795
2018-12-07,-0.008668900909361482,2.5e-05,-0.008693900909361483,0.125,2.0972712475164337
2018-12-10,0.0007394288619663875,0.0,0.0007394288619663875,0.0,2.0988220304082197
2018-12-11,0.0005036331032748642,0.0,0.0005036331032748642,0.0,2.0998790666606157
2018-12-12,-0.00019980954390103056,0.0,-0.00019980954390103056,0.0,2.099459490782059
2018-12-13,0.0007178538336073403,0.0,0.0007178538336073403,0.0,2.1009665958260197
2018-12-14,-0.0057116148233938985,0.0,-0.0057116148233938985,0.0,2.0889666838738443
2018-12-17,-0.009992839087476613,0.0,-0.009992839087476613,0.0,2.068091975942793
2018-12-18,0.0020743635767911384,2.5e-05,0.0020493635767911385,0.125,2.072330248311744
2018-12-19,-0.003069353821950019,2.5e-05,-0.0030943538219500187,0.125,2.065917725287538
2018-12-20,-0.0018119594321243382,0.0,-0.0018119594321243382,0.0,2.0621743661792102
2018-12-21,0.0,2.5e-05,-2.5e-05,0.125,2.0621228118200556
2018-12-24,0.0,0.0,0.0,0.0,2.0621228118200556
2018-12-26,-0.0013394209401777352,2.5e-05,-0.0013644209401777352,0.125,2.05930920827439
2018-12-27,2.0826508716959014e-05,0.0,2.0826508716959014e-05,0.0,2.059352096495567
2018-12-28,0.0,2.5e-05,-2.5e-05,0.125,2.059300612693155
2018-12-31,0.0,0.0,0.0,0.0,2.059300612693155
2019-01-02,0.0,0.0,0.0,0.0,2.059300612693155
2019-01-03,0.0,0.0,0.0,0.0,2.059300612693155
2019-01-04,0.005348088739146939,2.5e-05,0.005323088739146939,0.125,2.0702624525951
2019-01-07,-0.0003684610582839337,5e-05,-0.00041846105828393374,0.25,2.0693961283782616
2019-01-08,0.0,2.5e-05,-2.5e-05,0.125,2.069344393475052
2019-01-09,0.0,0.0,0.0,0.0,2.069344393475052
2019-01-10,0.0,0.0,0.0,0.0,2.069344393475052
2019-01-11,0.0,0.0,0.0,0.0,2.069344393475052
2019-01-14,-0.0015226059931179453,5e-05,-0.0015726059931179452,0.25,2.0660901300800485
2019-01-15,0.0007371772283385619,5e-05,0.0006871772283385619,0.25,2.0675099001691346
2019-01-16,0.0008787999699909899,2.5e-05,0.0008537999699909899,0.125,2.069275140059855
2019-01-17,0.0006029884253960505,0.0,0.0006029884253960505,0.0,2.0705228890182705
2019-01-18,0.0004263035891272082,0.0,0.0004263035891272082,0.0,2.071405560357229
2019-01-22,-0.0003776880170938135,0.0,-0.0003776880170938135,0.0,2.0706232152985407
2019-01-23,0.00017791469276226546,2.5e-05,0.00015291469276226545,0.125,2.0709398440113347
2019-01-24,0.0012468945496797723,5e-05,0.0011968945496797724,0.25,2.0734185406233467
2019-01-25,0.0009585276617410932,0.0,0.0009585276617410932,0.0,2.075405969648901
2019-01-28,0.0011029072661715156,0.0,0.0011029072661715156,0.0,2.0776949499730826
2019-01-29,0.00161786746146389,0.0,0.00161786746146389,0.0,2.081056385027492
2019-01-30,0.0010074733332623431,2.5e-05,0.000982473333262343,0.125,2.0831009674307968
2019-01-31,0.0023772147926660048,2.5e-05,0.002352214792666005,0.125,2.0880008683410045
2019-02-01,-0.0015491972950731486,0.0,-0.0015491972950731486,0.0,2.08476614304366
2019-02-04,0.0019297548282978527,2.5e-05,0.0019047548282978527,0.125,2.0887371114204942
2019-02-05,0.0012895513826797211,2.5e-05,0.001264551382679721,0.125,2.0913784268227955
2019-02-06,-0.001129329388152217,2.5e-05,-0.0011543293881522171,0.125,2.0889642872429666
2019-02-07,-0.0010103397045858609,2.5e-05,-0.001035339704585861,0.125,2.086801499574922
2019-02-08,0.0010650588447029263,2.5e-05,0.0010400588447029263,0.125,2.0889718959316936
2019-02-11,0.0008447781082045608,0.0,0.0008447781082045608,0.0,2.090736613658031
2019-02-12,0.003915940321851802,0.0,0.003915940321851802,0.0,2.098923813465827
2019-02-13,0.001013193532110629,0.0,0.001013193532110629,0.0,2.1010504294980237
2019-02-14,0.0012741384544075057,0.0,0.0012741384544075057,0.0,2.1037274586448964
2019-02-15,0.004917330072042647,0.0,0.004917330072042647,0.0,2.114072180940673
2019-02-19,0.0010958507445315707,0.0,0.0010958507445315707,0.0,2.11638888851415
2019-02-20,-0.0003157430581063464,0.0,-0.0003157430581063464,0.0,2.1157206534143485
2019-02-21,-0.002377393850593365,0.0,-0.002377393850593365,0.0,2.110690752143348
2019-02-22,0.004267678475807557,0.0,0.004267678475807557,0.0,2.1196985016353564
2019-02-25,-0.0006967585185781167,0.0,-0.0006967585185781167,0.0,2.1182215836475247
2019-02-26,-0.0005871740641575085,0.0,-0.0005871740641575085,0.0,2.1169778188714683
2019-02-27,-0.001997727488160045,0.0,-0.001997727488160045,0.0,2.1127486740908834
2019-02-28,-0.0010470697492411668,0.0,-0.0010470697492411668,0.0,2.1105364788664933
2019-03-01,0.00126838167689991,0.0,0.00126838167689991,0.0,2.1132134446647166
2019-03-04,-1.578430437827738e-05,0.0,-1.578430437827738e-05,0.0,2.1131800890604895
2019-03-05,-5.572517985799608e-05,0.0,-5.572517985799608e-05,0.0,2.1130623317199544
2019-03-06,-0.004035677369108981,0.0,-0.004035677369108981,0.0,2.1045346938883154
2019-03-07,-0.003131984046597522,0.0,-0.003131984046597522,0.0,2.097943324801546
2019-03-08,0.00018850542327000785,0.0,0.00018850542327000785,0.0,2.098338798495984
2019-03-11,0.00587559327678161,2.5e-05,0.00585059327678161,0.125,2.1106153253628746
2019-03-12,0.0026077499070473464,0.0,0.0026077499070473464,0.0,2.1161192822814026
2019-03-13,0.002145172698261061,0.0,0.002145172698261061,0.0,2.1206587235920167
2019-03-14,-0.0010056257181285666,0.0,-0.0010056257181285666,0.0,2.1185261346401987
2019-03-15,0.002212189472747317,0.0,0.002212189472747317,0.0,2.12321271585299
2019-03-18,5.227175964130082e-05,0.0,5.227175964130082e-05,0.0,2.1233236999177403
2019-03-19,-0.00020691533343888957,0.0,-0.00020691533343888957,0.0,2.1228843516863733
2019-03-20,0.0007672467865540433,2.5e-05,0.0007422467865540434,0.125,2.1244600557746387
2019-03-21,0.0058675689825090915,2.5e-05,0.005842568982509092,0.125,2.136872360201087
2019-03-22,-0.004116250454928083,0.0,-0.004116250454928083,0.0,2.128076458376286
2019-03-25,0.000579056140274703,2.5e-05,0.000554056140274703,0.125,2.1292555322050233
2019-03-26,0.0024231624876057956,2.5e-05,0.0023981624876057957,0.125,2.1343618329488843
2019-03-27,-0.000665408275639906,0.0,-0.000665408275639906,0.0,2.13294161092203
2019-03-28,0.0035264336495359205,2.5e-05,0.0035014336495359207,0.125,2.1404099644510075
2019-03-29,0.0015011021085316184,2.5e-05,0.0014761021085316183,0.125,2.143569428112656
2019-04-01,0.002654496553106761,2.5e-05,0.002629496553106761,0.125,2.1492059365352234
2019-04-02,0.0013209391346704485,0.0,0.0013209391346704485,0.0,2.152044906765259
2019-04-03,0.0003364033308665415,0.0,0.0003364033308665415,0.0,2.152768861840069
2019-04-04,0.0010503280611856985,0.0,0.0010503280611856985,0.0,2.1550299753849065
2019-04-05,0.0034574479299143146,0.0,0.0034574479299143146,0.0,2.1624808793122043
2019-04-08,-0.0009338439935643317,0.0,-0.0009338439935643317,0.0,2.1604614595318608
2019-04-09,-0.0028707364994826484,0.0,-0.0028707364994826484,0.0,2.1542593439642572
2019-04-10,0.0042498844934776014,0.0,0.0042498844934776014,0.0,2.1634146973451
2019-04-11,-0.0013099534340094005,0.0,-0.0013099534340094005,0.0,2.1605807248331264
2019-04-12,0.0015486056182270613,0.0,0.0015486056182270613,0.0,2.163926612282236
2019-04-15,-0.0007889720704488123,0.0,-0.0007889720704488123,0.0,2.1622193346226446
2019-04-16,-0.0028013477054578406,0.0,-0.0028013477054578406,0.0,2.1561622064509027
2019-04-17,-0.002100377720190824,0.0,-0.002100377720190824,0.0,2.1516334513913558
2019-04-18,0.001650060062233838,0.0,0.001650060062233838,0.0,2.1551837758180628
2019-04-22,-0.0018424263354706177,0.0,-0.0018424263354706177,0.0,2.1512130084717165
2019-04-23,0.0065196130640860495,0.0,0.0065196130640860495,0.0,2.1652380849053805
2019-04-24,0.0016561983059169977,0.0,0.0016561983059169977,0.0,2.1688241485535076
2019-04-25,-0.0010485317561144541,0.0,-0.0010485317561144541,0.0,2.1665500675603213
2019-04-26,0.00331824972315517,0.0,0.00331824972315517,0.0,2.1737392217222054
2019-04-29,-0.0009827406696400337,0.0,-0.0009827406696400337,0.0,2.1716029997838273
2019-04-30,0.00034625986871250625,0.0,0.00034625986871250625,0.0,2.172354938753428
2019-05-01,-0.0019099138440828861,0.0,-0.0019099138440828861,0.0,2.1682059279816412
2019-05-02,-0.0006960536269301904,0.0,-0.0006960536269301904,0.0,2.1666967403815383
2019-05-03,0.007024433641059286,0.0,0.007024433641059286,0.0,2.1819165578546476
2019-05-06,-0.0011950837425538374,0.0,-0.0011950837425538374,0.0,2.1793089848487464
2019-05-07,-0.00829809704137699,0.0,-0.00829809704137699,0.0,2.161224867409327
2019-05-08,-0.0017713305821999287,0.0,-0.0017713305821999287,0.0,2.1573966237066737
2019-05-09,-0.0006725600746073229,0.0,-0.0006725600746073229,0.0,2.155945644872476
2019-05-10,0.0022957448908028505,0.0,0.0022957448908028505,0.0,2.16089514607154
2019-05-13,-0.0106092139529049,0.0,-0.0106092139529049,0.0,2.1379697471370736
2019-05-14,0.002595507950767642,2.5e-05,0.0025705079507676422,0.125,2.14346541537059
2019-05-15,0.004112343346560798,0.0,0.004112343346560798,0.0,2.1522800811100726
2019-05-16,0.0024966589795533817,0.0,0.0024966589795533817,0.0,2.15765359050109
2019-05-17,-0.002048680926662355,0.0,-0.002048680926662355,0.0,2.153233246743886
2019-05-20,-0.005001502180773734,0.0,-0.005001502180773734,0.0,2.1424638459645817
2019-05-21,0.0033023265672643964,0.0,0.0033023265672643964,0.0,2.149538961242514
2019-05-22,0.00014839098300671594,0.0,0.00014839098300671594,0.0,2.149857933441984
2019-05-23,-0.0017488000625244665,0.0,-0.0017488000625244665,0.0,2.146098261753562
2019-05-24,0.0007125914543919809,0.0,0.0007125914543919809,0.0,2.147627553035173
2019-05-28,-0.001967638205940009,0.0,-0.001967638205940009,0.0,2.1434017990096916
2019-05-29,-0.0031513684274220993,0.0,-0.0031513684274220993,0.0,2.1366471502530127
2019-05-30,0.0024647760918219686,0.0,0.0024647760918219686,0.0,2.141913507065616
2019-05-31,-0.0013900876810619828,0.0,-0.0013900876810619828,0.0,2.1389360594855438
2019-06-03,-0.0019319248192905675,0.0,-0.0019319248192905675,0.0,2.134803795825348
2019-06-04,0.004248023579517854,0.0,0.004248023579517854,0.0,2.1438724926876587
2019-06-05,0.00423430026078743,2.5e-05,0.00420930026078743,0.125,2.152896695730224
2019-06-06,0.002857711861781048,0.0,0.002857711861781048,0.0,2.159049054154801
2019-06-07,0.005916459803536556,0.0,0.005916459803536556,0.0,2.1718229810975718
2019-06-10,-0.0007973754898932123,0.0,-0.0007973754898932123,0.0,2.1700912226840576
2019-06-11,0.0004053929758231489,0.0,0.0004053929758231489,0.0,2.170970962422629
2019-06-12,0.00022315487911503396,0.0,0.00022315487911503396,0.0,2.171455425185311
2019-06-13,0.0029836600959310122,0.0,0.0029836600959310122,0.0,2.177934310087529
2019-06-14,-0.0003249802207665603,0.0,-0.0003249802207665603,0.0,2.1772265245146216
2019-06-17,0.0022778700199169166,0.0,0.0022778700199169166,0.0,2.1821859635413814
2019-06-18,0.0042602310476548555,0.0,0.0042602310476548555,0.0,2.191482579935017
2019-06-19,0.0023644028203702594,0.0,0.0023644028203702594,0.0,2.1966641275278076
2019-06-20,0.006465505498250951,0.0,0.006465505498250951,0.0,2.210866671522149
2019-06-21,-0.002672775645523373,0.0,-0.002672775645523373,0.0,2.2049575209270054
2019-06-24,0.0024775541730291534,2.5e-05,0.0024525541730291535,0.125,2.2103652986963067
2019-06-25,-0.004590950988569681,2.5e-05,-0.004615950988569681,0.125,2.2001623608106895
2019-06-26,-0.0026499972543021777,5e-05,-0.002699997254302178,0.25,2.1942219284774818
2019-06-27,0.003288831678806739,5e-05,0.003238831678806739,0.25,2.201328643969767
2019-06-28,0.0020217528203357593,5e-05,0.001971752820335759,0.25,2.205669119932
2019-07-01,0.0021260725094159466,0.0,0.0021260725094159466,0.0,2.210358532412755
2019-07-02,0.0066729696566781155,0.0,0.0066729696566781155,0.0,2.225108187829925
2019-07-03,0.00514656324381936,0.0,0.00514656324381936,0.0,2.236559847842932
2019-07-05,-0.005716823414960465,0.0,-0.005716823414960465,0.0,2.223773830135823
2019-07-08,-0.0032262739377704186,0.0,-0.0032262739377704186,0.0,2.21659932658416
2019-07-09,0.0006766811810630935,0.0,0.0006766811810630935,0.0,2.2180992576344165
2019-07-10,0.005345000659858545,0.0,0.005345000659858545,0.0,2.2299549996301042
2019-07-11,-0.004418426366677622,0.0,-0.004418426366677622,0.0,2.220102107663234
2019-07-12,0.0020392589207371553,5e-05,0.001989258920737155,0.25,2.2245184655858505
2019-07-15,0.001064170416852292,0.0,0.001064170416852292,0.0,2.2268857323286686
2019-07-16,-0.0034575726226256376,5e-05,-0.0035075726226256377,0.25,2.219074768900237
2019-07-17,0.000972153876127993,0.0,0.000972153876127993,0.0,2.2212320510382413
2019-07-18,0.0031339049639473315,2.5e-05,0.0031089049639473317,0.125,2.2281376503877928
2019-07-19,-0.006422462763915671,0.0,-0.006422462763915671,0.0,2.2138275192952985
2019-07-22,0.001435296897301458,0.0,0.001435296897301458,0.0,2.2170050190649038
2019-07-23,0.00173977380491043,2.5e-05,0.00171477380491043,0.125,2.220806681196951
2019-07-24,0.0029464712872860066,2.5e-05,0.0029214712872860068,0.125,2.227294704150681
2019-07-25,-0.005266796949373265,5e-05,-0.005316796949373264,0.25,2.2154526304622975
2019-07-26,0.003707361992170255,2.5e-05,0.003682361992170255,0.125,2.2236107290241653
2019-07-29,0.0005538668265156477,5e-05,0.0005038668265156476,0.25,2.224731132705605
2019-07-30,0.0008783317971445548,0.0,0.0008783317971445548,0.0,2.2266851847995577
2019-07-31,-0.004220518891923958,0.0,-0.004220518891923958,0.0,2.217287417910744
2019-08-01,0.0037753337478056703,0.0,0.0037753337478056703,0.0,2.2256584179281673
2019-08-02,-0.0014984653794611613,0.0,-0.0014984653794611613,0.0,2.2223233458423954
2019-08-05,-0.006730335489547046,0.0,-0.006730335489547046,0.0,2.2073663641586236
2019-08-06,0.006902762893414127,0.0,0.006902762893414127,0.0,2.2226032907893085
2019-08-07,0.00390670416697439,0.0,0.00390670416697439,0.0,2.2312863443269664
2019-08-08,0.008265602597140959,0.0,0.008265602597140959,0.0,2.249729270529601
2019-08-09,-0.0028418214961742905,0.0,-0.0028418214961742905,0.0,2.2433359415280374
2019-08-12,0.0005322730394007047,0.0,0.0005322730394007047,0.0,2.2445300087680313
2019-08-13,0.0036893085316635765,0.0,0.0036893085316635765,0.0,2.2528107724789543
2019-08-14,-0.005661171657448366,0.0,-0.005661171657448366,0.0,2.240057223984202
2019-08-15,0.00365328195281088,0.0,0.00365328195281088,0.0,2.248240784613847
2019-08-16,0.0033372225482411477,0.0,0.0033372225482411477,0.0,2.2557436644541355
2019-08-19,0.0011490510755853,0.0,0.0011490510755853,0.0,2.2583356291380214
2019-08-20,-0.0005435534688161409,0.0,-0.0005435534688161409,0.0,2.2571081029730524
2019-08-21,0.0014188408425837157,0.0,0.0014188408425837157,0.0,2.2603105801356773
2019-08-22,-0.0010169198638565469,0.0,-0.0010169198638565469,0.0,2.2580120254082523
2019-08-23,-0.004416496605740061,0.0,-0.004416496605740061,0.0,2.2480395229623165
2019-08-26,0.0037472115531062278,0.0,0.0037472115531062278,0.0,2.2564634026346004
2019-08-27,0.002012620726016892,0.0,0.002012620726016892,0.0,2.2610048076462417
2019-08-28,0.0015477651930871361,0.0,0.0015477651930871361,0.0,2.2645043121889192
2019-08-29,0.0031092611121696367,0.0,0.0031092611121696367,0.0,2.271545247385149
2019-08-30,-0.0005467865596265054,0.0,-0.0005467865596265054,0.0,2.2703031969742953
2019-09-03,0.0012031616217956925,0.0,0.0012031616217956925,0.0,2.2730347386507352
2019-09-04,0.005237337887673138,0.0,0.005237337887673138,0.0,2.2849393896074677
2019-09-05,-0.002272104077386622,0.0,-0.002272104077386622,0.0,2.2797477695037593
2019-09-06,7.82167987543464e-05,0.0,7.82167987543464e-05,0.0,2.279926084076257
2019-09-09,-0.0034875142273384646,0.0,-0.0034875142273384646,0.0,2.2719748094207612
2019-09-10,-0.004636952050702983,5e-05,-0.004686952050702983,0.25,2.261326172428601
2019-09-11,0.004303800902203558,0.0,0.004303800902203558,0.0,2.271058470049676
2019-09-12,0.0026835174478614388,0.0,0.0026835174478614388,0.0,2.2771528950791677
2019-09-13,-0.004150427582875163,0.0,-0.004150427582875163,0.0,2.2677017368930072
2019-09-16,0.00068818097095244,0.0,0.00068818097095244,0.0,2.269262326076133
2019-09-17,0.003615205118865761,0.0,0.003615205118865761,0.0,2.277466174853413
2019-09-18,-0.001319996927618028,0.0,-0.001319996927618028,0.0,2.2744599264998526
2019-09-19,0.001435637471576337,0.0,0.001435637471576337,0.0,2.2777252263979344
2019-09-20,0.001050863790126838,0.0,0.001050863790126838,0.0,2.280118805362214
2019-09-23,0.0006955812960676017,0.0,0.0006955812960676017,0.0,2.2817048133560363
2019-09-24,-0.0007505912687647553,5e-05,-0.0008005912687647554,0.25,2.2798781004045647
2019-09-25,-0.0017612250121552542,0.0,-0.0017612250121552542,0.0,2.2758627220694674
2019-09-26,0.0010984003041792922,0.0,0.0010984003041792922,0.0,2.278362530375659
2019-09-27,-0.0032552392056365564,0.0,-0.0032552392056365564,0.0,2.2709459153421268
2019-09-30,0.0003501280515509908,0.0,0.0003501280515509908,0.0,2.271741037210643
2019-10-01,-0.0026256921079146067,0.0,-0.0026256921079146067,0.0,2.2657761446980134
2019-10-02,-0.003120407710883122,0.0,-0.003120407710883122,0.0,2.2587059993449627
2019-10-03,0.0053119594982734275,0.0,0.0053119594982734275,0.0,2.27070415413199
2019-10-04,0.00336824771982297,2.5e-05,0.00334324771982297,0.125,2.2782956806176844
2019-10-07,-0.0032862440356702105,2.5e-05,-0.0033112440356702104,0.125,2.270751687633746
2019-10-08,-0.0030406100966931526,0.0,-0.0030406100966931526,0.0,2.263847217125244
2019-10-09,0.00301876822309953,2.5e-05,0.00299376822309953,0.125,2.2706246509858263
2019-10-10,0.0003539724664328031,0.0,0.0003539724664328031,0.0,2.2714283895938787
2019-10-11,0.0026212378256860597,0.0,0.0026212378256860597,0.0,2.277382343607019
2019-10-14,0.0002550367822980043,2.5e-05,0.0002300367822980043,0.125,2.277906225313405
2019-10-15,0.0031744468156669203,0.0,0.0031744468156669203,0.0,2.285137317476739
2019-10-16,0.000917953434477467,0.0,0.000917953434477467,0.0,2.287234967125569
2019-10-17,0.002169537309656508,0.0,0.002169537309656508,0.0,2.292197208722699
2019-10-18,-0.0016306094528406173,0.0,-0.0016306094528406173,0.0,2.2884595302863806
2019-10-21,0.0031819747548569033,0.0,0.0031819747548569033,0.0,2.2957413507392634
2019-10-22,-0.0008853528953967904,0.0,-0.0008853528953967904,0.0,2.2937088094873044
2019-10-23,0.002161489040912734,2.5e-05,0.0021364890409127342,0.125,2.298609293221819
2019-10-24,0.001789993777711732,0.0,0.001789993777711732,0.0,2.3027237895540766
2019-10-25,0.0018044238481233071,0.0,0.0018044238481233071,0.0,2.306878879275589
2019-10-28,0.0013408829772468406,0.0,0.0013408829772468406,0.0,2.30997213389538
2019-10-29,-0.0007779735484652328,0.0,-0.0007779735484652328,0.0,2.3081750366775173
2019-10-30,0.004617635419551194,0.0,0.004617635419551194,0.0,2.3188333474814034
2019-10-31,0.0004455865264926251,0.0,0.0004455865264926251,0.0,2.3198665883782232
2019-11-01,0.007118269955357123,0.0,0.007118269955357123,0.0,2.3363800250147126
2019-11-04,0.0009545277058214952,0.0,0.0009545277058214952,0.0,2.338610164479917
2019-11-05,-0.004985371557086712,0.0,-0.004985371557086712,0.0,2.326951323882805
2019-11-06,0.00013580528849507778,0.0,0.00013580528849507778,0.0,2.3272673361786587
2019-11-07,-0.0029623135669172435,0.0,-0.0029623135669172435,0.0,2.3203732405748534
2019-11-08,-0.0016840473956828278,0.0,-0.0016840473956828278,0.0,2.316465622062051
2019-11-11,-0.0016361948503542945,0.0,-0.0016361948503542945,0.0,2.3126754329402104
2019-11-12,-0.0001217613477463575,0.0,-0.0001217613477463575,0.0,2.312393838462596
2019-11-13,0.0005963520639716696,0.0,0.0005963520639716696,0.0,2.3137728393008783
2019-11-14,0.0025695194034569963,0.0,0.0025695194034569963,0.0,2.3197181235066537
2019-11-15,0.004482855310822306,0.0,0.004482855310822306,0.0,2.330117084216226
2019-11-18,0.001024435902630183,0.0,0.001024435902630183,0.0,2.332504139814629
2019-11-19,0.002030289824693332,0.0,0.002030289824693332,0.0,2.3372397992357494
2019-11-20,-0.001733950538982884,0.0,-0.001733950538982884,0.0,2.3331871410261322
2019-11-21,-0.00474599591288076,0.0,-0.00474599591288076,0.0,2.3221138443908362
2019-11-22,0.0005601896665286266,0.0,0.0005601896665286266,0.0,2.323414668570967
2019-11-25,0.007513584170193113,0.0,0.007513584170193113,0.0,2.3408718402455366
2019-11-26,0.003151626732442833,0.0,0.003151626732442833,0.0,2.3482493945144767
2019-11-27,0.0023509138340172403,0.0,0.0023509138340172403,0.0,2.353769926501763
2019-11-29,-0.004754011738943215,0.0,-0.004754011738943215,0.0,2.3425800766404024
2019-12-02,-0.007857551829971263,0.0,-0.007857551829971263,0.0,2.3241731322723425
2019-12-03,0.001300511758436873,0.0,0.001300511758436873,0.0,2.3271957467595055
2019-12-04,0.0034534716496088247,0.0,0.0034534716496088247,0.0,2.33523265129403
2019-12-05,0.00044645798050832464,0.0,0.00044645798050832464,0.0,2.3362752345475437
2019-12-06,0.0041310382987185396,0.0,0.0041310382987185396,0.0,2.3459264770178074
2019-12-09,-0.0018694459502142519,0.0,-0.0018694459502142519,0.0,2.341540894265846
2019-12-10,-3.6837118215449216e-05,0.0,-3.6837118215449216e-05,0.0,2.3414546386471176
2019-12-11,0.004039153049541666,0.0,0.004039153049541666,0.0,2.3509121322911724
2019-12-12,0.0019077096306795854,0.0,0.0019077096306795854,0.0,2.3553969900068257
2019-12-13,0.0028508309314743963,0.0,0.0028508309314743963,0.0,2.3621118286018388
2019-12-16,0.005157291859758037,0.0,0.005157291859758037,0.0,2.374293928707325
2019-12-17,-0.00023436005239947655,0.0,-0.00023436005239947655,0.0,2.373737489057781
2019-12-18,0.0013675911402607765,0.0,0.0013675911402607765,0.0,2.3769837914171217
2019-12-19,0.003519274676547446,0.0,0.003519274676547446,0.0,2.38534905028082
2019-12-20,0.0025526837647638634,0.0,0.0025526837647638634,0.0,2.391438092074767
2019-12-23,0.0007109281073119783,0.0,0.0007109281073119783,0.0,2.393138232631319
2019-12-24,0.001813867414948142,0.0,0.001813867414948142,0.0,2.3974790680909557
2019-12-26,0.005038599150076345,0.0,0.005038599150076345,0.0,2.4095590040857644
2019-12-27,0.00045368598146867944,0.0,0.00045368598146867944,0.0,2.41065218722744
2019-12-30,-0.003659672849357698,0.0,-0.003659672849357698,0.0,2.401829988868599
2019-12-31,0.0014787390066301198,0.0,0.0014787390066301198,0.0,2.4053816685604335
2020-01-02,0.007996127705920647,0.0,0.007996127705920647,0.0,2.424615407563723
2020-01-03,-0.0020924455662942876,0.0,-0.0020924455662942876,0.0,2.4195420318041974
2020-01-06,0.002380436043262532,0.0,0.002380436043262532,0.0,2.4253015968648923
2020-01-07,-0.0027260870389215486,0.0,-0.0027260870389215486,0.0,2.418690013616203
2020-01-08,0.0016976466865792628,0.0,0.0016976466865792628,0.0,2.422796094703681
2020-01-09,0.002842102562342505,0.0,0.002842102562342505,0.0,2.4296819296924714
2020-01-10,0.0018678400489463426,0.0,0.0018678400489463426,0.0,2.434220186906952
2020-01-13,0.005904447284234532,0.0,0.005904447284234532,0.0,2.4485929116787633
2020-01-14,-0.0007368286359551585,0.0,-0.0007368286359551585,0.0,2.4467887183036416
2020-01-15,0.002643331221762288,0.0,0.002643331221762288,0.0,2.453256391315789
2020-01-16,0.005571923932361125,0.0,0.005571923932361125,0.0,2.4669257493147794
2020-01-17,0.0010304550002080692,0.0,0.0010304550002080692,0.0,2.4694678052883026
2020-01-21,-0.0028565102993540342,0.0,-0.0028565102993540342,0.0,2.4624137450685732
2020-01-22,0.0011854674553371247,0.0,0.0011854674553371247,0.0,2.4653328564249266
2020-01-23,0.0010755473888672262,0.0,0.0010755473888672262,0.0,2.467984438741343
2020-01-24,-0.003928373827547946,0.0,-0.003928373827547946,0.0,2.4582892732653963
2020-01-27,-0.01071791374808799,0.0,-0.01071791374808799,0.0,2.431941540866688
2020-01-28,0.0048955007302976805,0.0,0.0048955007302976805,0.0,2.443847112456042
2020-01-29,0.0014509011244219217,0.0,0.0014509011244219217,0.0,2.44739289297942
2020-01-30,-0.001002849040539544,0.0,-0.001002849040539544,0.0,2.4449385273648723
2020-01-31,-0.011146715635358115,0.0,-0.011146715635358115,0.0,2.417685492854405
2020-02-03,0.005401836244361219,0.0,0.005401836244361219,0.0,2.4307454339771724
2020-02-04,0.009947597030534439,0.0,0.009947597030534439,0.0,2.454925510038189
2020-02-05,0.0045632201892229635,0.0,0.0045632201892229635,0.0,2.4661278756886333
2020-02-06,0.0033283863114584866,0.0,0.0033283863114584866,0.0,2.4743361019523817
2020-02-07,-0.003793755428859291,0.0,-0.003793755428859291,0.0,2.4649490759327772
2020-02-10,0.006161694513429822,0.0,0.006161694513429822,0.0,2.480137339129836
2020-02-11,0.003473433128028211,0.0,0.003473433128028211,0.0,2.488751930325629
2020-02-12,0.005022864883933345,0.0,0.005022864883933345,0.0,2.5012525950012834
2020-02-13,-0.0005467463897680797,0.0,-0.0005467463897680797,0.0,2.4998850441750684
2020-02-14,0.0022797542278262667,0.0,0.0022797542278262667,0.0,2.5055841676736064
2020-02-18,0.00016315044758222208,0.0,0.00016315044758222208,0.0,2.5059929548520175
2020-02-19,0.0028027247821097723,0.0,0.0028027247821097723,0.0,2.513016563410374
2020-02-20,-0.0010822176152043839,0.0,-0.0010822176152043839,0.0,2.510296932618151
2020-02-21,-0.0028448055573483955,0.0,-0.0028448055573483955,0.0,2.503155625953644
2020-02-24,-0.021123862017894027,0.0,-0.021123862017894027,0.0,2.450279311901684
2020-02-25,-0.01963367993086859,0.0,-0.01963367993086859,0.0,2.4021713121505774
2020-02-26,-0.002571016894359318,2.5e-05,-0.002596016894359318,0.125,2.3959352348410894
2020-02-27,-0.02524586614361271,0.0,-0.02524586614361271,0.0,2.335447774613526
2020-02-28,-0.005942364238082906,2.5e-05,-0.005967364238082906,0.125,2.3215113070833873
2020-03-02,0.018580497988289077,0.0,0.018580497988289077,0.0,2.3646461432544403
2020-03-03,-0.003017067102363699,0.0,-0.003017067102363699,0.0,2.3575118471668963
2020-03-04,0.020038083507781815,2.5e-05,0.020013083507781814,0.125,2.4046929286348324
2020-03-05,-0.008138634120763252,2.5e-05,-0.008163634120763253,0.125,2.385061895392671
2020-03-06,-0.004213731032083098,2.5e-05,-0.004238731032083098,0.125,2.3749522595232313
2020-03-09,-0.034183766106835586,2.5e-05,-0.034208766106835584,0.125,2.2937080731623003
2020-03-10,0.014119140132956495,0.0,0.014119140132956495,0.0,2.3260932588713725
2020-03-11,-0.024093637074197843,2.5e-05,-0.024118637074197844,0.125,2.2699910597599158
2020-03-12,-0.040295338994559796,0.0,-0.040295338994559796,0.0,2.1785210004922697
2020-03-13,0.01463404209772301,2.5e-05,0.01460904209772301,0.125,2.2103471054992347
2020-03-16,-0.008308614202846981,2.5e-05,-0.008333614202846982,0.125,2.191926925467625
2020-03-17,0.0028393283280841175,0.0,0.0028393283280841175,0.0,2.1981505256801954
2020-03-18,-0.009541877968214638,2.5e-05,-0.009566877968214638,0.125,2.1771210878452463
2020-03-19,0.0017903843581727197,2.5e-05,0.0017653843581727196,0.125,2.180964543359576
2020-03-20,0.011273869878263565,2.5e-05,0.011248869878263564,0.125,2.2054979297169344
2020-03-23,0.010673575605913144,0.0,0.010673575605913144,0.0,2.229038478618453
2020-03-24,0.0037395252975675197,0.0,0.0037395252975675197,0.0,2.2373740243984983
2020-03-25,-0.0019951138175906824,0.0,-0.0019951138175906824,0.0,2.2329102085673025
2020-03-26,0.008800610132342429,2.5e-05,0.008775610132342428,0.125,2.2525053580182166
2020-03-27,-0.001770073542893616,0.0,-0.001770073542893616,0.0,2.2485182578787626
2020-03-30,0.004068112738104729,0.0,0.004068112738104729,0.0,2.2576654836455003
2020-03-31,-0.006062983823360055,0.0,-0.006062983823360055,0.0,2.2439772943395995
2020-04-01,-0.0023778028234722887,0.0,-0.0023778028234722887,0.0,2.238641558793311
2020-04-02,0.005379281374146672,0.0,0.005379281374146672,0.0,2.2506838416339185
2020-04-03,-0.0008594440371495621,0.0,-0.0008594440371495621,0.0,2.2487495048267174
2020-04-06,0.012074223296255751,0.0,0.012074223296255751,0.0,2.27590140848534
2020-04-07,-0.002029211059924166,0.0,-0.002029211059924166,0.0,2.2712831241759446
2020-04-08,0.000630978305152366,0.0,0.000630978305152366,0.0,2.2727162545521584
2020-04-09,0.0036734143705224875,0.0,0.0036734143705224875,0.0,2.28106488310175
2020-04-13,0.002351669469026374,0.0,0.002351669469026374,0.0,2.2864291937442087
2020-04-14,0.0063894338737070094,0.0,0.0063894338737070094,0.0,2.3010381818845502
2020-04-15,0.0012395989234216809,0.0,0.0012395989234216809,0.0,2.3038905463375667
2020-04-16,0.0035915690923379873,0.0,0.0035915690923379873,0.0,2.3121651284159226
2020-04-17,-0.002907018577511883,0.0,-0.002907018577511883,0.0,2.3054436214333425
2020-04-20,0.0004158175317264534,0.0,0.0004158175317264534,0.0,2.3064022653095413
2020-04-21,-0.007687045003502785,2.5e-05,-0.007712045003502785,0.125,2.2886151872432934
2020-04-22,0.00489110762443791,2.5e-05,0.00486610762443791,0.125,2.2997518350553423
2020-04-23,0.0016413549090513457,0.0,0.0016413549090513457,0.0,2.30352654401941
2020-04-24,0.0017289122858766964,0.0,0.0017289122858766964,0.0,2.3075091393622085
2020-04-27,-0.0021513672931506717,0.0,-0.0021513672931506717,0.0,2.3025448396711385
2020-04-28,-0.0014725191593842751,0.0,-0.0014725191593842751,0.0,2.2991542982793813
2020-04-29,0.004475729764445283,0.0,0.004475729764445283,0.0,2.309444691605243
2020-04-30,-0.003775591146865473,0.0,-0.003775591146865473,0.0,2.3007251726734426
2020-05-01,-0.004990444910001127,2.5e-05,-0.0050154449100011265,0.125,2.289186012316846
2020-05-04,0.0016520315483202902,0.0,0.0016520315483202902,0.0,2.292967819829167
2020-05-05,0.001147133390861782,2.5e-05,0.001122133390861782,0.125,2.295540835583969
2020-05-06,-0.002854373569200319,0.0,-0.002854373569200319,0.0,2.2889885044958582
2020-05-07,0.0056167231886615765,0.0,0.0056167231886615765,0.0,2.3018451193076404
2020-05-08,0.0014049012747888168,2.5e-05,0.0013799012747888167,0.125,2.3050214383221395
2020-05-11,-0.0006118281371962075,0.0,-0.0006118281371962075,0.0,2.3036111613493335
2020-05-12,-0.003339467974648652,0.0,-0.003339467974648652,0.0,2.2959183256499642
2020-05-13,-0.0016978336662192561,0.0,-0.0016978336662192561,0.0,2.2920202382217862
2020-05-14,0.005244611129425036,0.0,0.005244611129425036,0.0,2.304040993072032
2020-05-15,0.001769934684135402,0.0,0.001769934684135402,0.0,2.3081189951393397
2020-05-18,0.0024467327019496304,0.0,0.0024467327019496304,0.0,2.3137663453647384
2020-05-19,7.677943258672937e-05,0.0,7.677943258672937e-05,0.0,2.3139439950318734
2020-05-20,0.005290442815954005,0.0,0.005290442815954005,0.0,2.3261857834169097
2020-05-21,-0.0037340850427010908,0.0,-0.0037340850427010908,0.0,2.317499607876509
2020-05-22,0.0021604469015954475,0.0,0.0021604469015954475,0.0,2.3225064427237943
2020-05-26,-0.002250508048705316,0.0,-0.002250508048705316,0.0,2.3172796232812742
2020-05-27,0.0025378137635680975,0.0,0.0025378137635680975,0.0,2.323160447403273
2020-05-28,-0.00043477527158369833,0.0,-0.00043477527158369833,0.0,2.322150394688821
2020-05-29,0.004201180472977212,0.0,0.004201180472977212,0.0,2.3319061675823036
2020-06-01,0.0006139508545387612,0.0,0.0006139508545387612,0.0,2.333337843366595
2020-06-02,0.0006094766067131635,0.0,0.0006094766067131635,0.0,2.3347599581976852
2020-06-03,-0.001742585441258368,0.0,-0.001742585441258368,0.0,2.330691439485697
2020-06-04,-0.001699104922404604,0.0,-0.001699104922404604,0.0,2.3267313501882603
2020-06-05,0.007700965124790279,5e-05,0.00765096512479028,0.25,2.344533090603307
2020-06-08,0.0067034589964682645,0.0,0.0067034589964682645,0.0,2.3602495720420293
2020-06-09,-0.0021864412545839484,2.5e-05,-0.0022114412545839483,0.125,2.3550300187673017
2020-06-10,-0.0014825816421705218,2.5e-05,-0.0015075816421705219,0.125,2.3514796187442473
2020-06-11,-0.034692745993957705,2.5e-05,-0.0347177459939577,0.125,2.269841546630716
2020-06-12,0.004119867394929463,5e-05,0.004069867394929464,0.25,2.2790795007330047
2020-06-15,0.0025342648336982715,2.5e-05,0.0025092648336982716,0.125,2.2847983147773965
2020-06-16,0.0025743167065202244,0.0,0.0025743167065202244,0.0,2.290680109250157
2020-06-17,0.0006318890969652796,0.0,0.0006318890969652796,0.0,2.2921275650358273
2020-06-18,0.0014641782052843832,0.0,0.0014641782052843832,0.0,2.2954836482602845
2020-06-19,0.0007444473399102203,0.0,0.0007444473399102203,0.0,2.2971925149560395
2020-06-22,0.0031241340005392637,0.0,0.0031241340005392637,0.0,2.304369252197798
2020-06-23,0.0018374672194978736,0.0,0.0018374672194978736,0.0,2.3086034551603305
2020-06-24,-0.004860325817359332,0.0,-0.004860325817359332,0.0,2.29738289018517
2020-06-25,0.002815049306983161,0.0,0.002815049306983161,0.0,2.3038501362980606
2020-06-26,-0.004025050073319034,0.0,-0.004025050073319034,0.0,2.294577024138038
2020-06-29,0.002874778829998953,0.0,0.002874778829998953,0.0,2.3011734255908323
2020-06-30,0.0039994130479694134,0.0,0.0039994130479694134,0.0,2.310376768614781
2020-07-01,0.0015317085022259619,0.0,0.0015317085022259619,0.0,2.3139155923546135
2020-07-02,0.0019368047070966454,0.0,0.0019368047070966454,0.0,2.3183971949657103
2020-07-06,0.005239381173453808,0.0,0.005239381173453808,0.0,2.330544161581602
2020-07-07,0.0003955253108330753,0.0,0.0003955253108330753,0.0,2.3314659507855215
2020-07-08,0.006120912654927382,2.5e-05,0.0060959126549273825,0.125,2.3456783635794474
2020-07-09,0.001993622447574478,0.0,0.001993622447574478,0.0,2.350354760619869
2020-07-10,0.00037317128702406277,0.0,0.00037317128702406277,0.0,2.3512318455308527
2020-07-13,-0.003923539476811899,0.0,-0.003923539476811899,0.0,2.342006694565775
2020-07-14,0.003441868746262622,0.0,0.003441868746262622,0.0,2.3500675742113386
2020-07-15,0.0013075303586869147,0.0,0.0013075303586869147,0.0,2.353140358909586
2020-07-16,-0.00361977065379189,0.0,-0.00361977065379189,0.0,2.3446225304941515
2020-07-17,0.001980395492737805,0.0,0.001980395492737805,0.0,2.3492658103857136
2020-07-20,0.0070738435346039685,0.0,0.0070738435346039685,0.0,2.365884149149577
2020-07-21,0.0016987573200664269,0.0,0.0016987573200664269,0.0,2.369903212166374
2020-07-22,0.0028824887189999177,0.0,0.0028824887189999177,0.0,2.3767344314405654
2020-07-23,-0.004192414146724957,2.5e-05,-0.004217414146724957,0.125,2.3667107580263997
2020-07-24,-0.0010428936499026487,2.5e-05,-0.0010678936499026487,0.125,2.364183362636747
2020-07-27,0.007088667278107336,0.0,0.007088667278107336,0.0,2.380942271878916
2020-07-28,-0.0015031555324992452,0.0,-0.0015031555324992452,0.0,2.3773633453303797
2020-07-29,0.007032885094396271,2.5e-05,0.007007885094396271,0.125,2.3940236344820844
2020-07-30,-0.0014785073406125837,2.5e-05,-0.0015035073406125838,0.125,2.3904242023740405
2020-07-31,0.0007522097374996206,2.5e-05,0.0007272097374996207,0.125,2.3921625421307615
2020-08-03,0.005373329404047805,0.0,0.005373329404047805,0.0,2.4050164194576547
2020-08-04,0.006461352773235507,2.5e-05,0.006436352773235507,0.125,2.4204959535587074
2020-08-05,0.0029247614218685103,2.5e-05,0.0028997614218685104,0.125,2.4275148143466256
2020-08-06,0.005328902179037934,2.5e-05,0.005303902179037934,0.125,2.4403901154600858
2020-08-07,-0.005264200656116755,0.0,-0.005264200656116755,0.0,2.4275434122131
2020-08-10,0.0008706495073600024,0.0,0.0008706495073600024,0.0,2.4296569516890387
2020-08-11,-0.012208548942578848,0.0,-0.012208548942578848,0.0,2.399994365880666
2020-08-12,0.00812805417530979,0.0,0.00812805417530979,0.0,2.4195016501069824
2020-08-13,0.0004943200915210333,0.0,0.0004943200915210333,0.0,2.4206976583840984
2020-08-14,-0.002242141816154744,0.0,-0.002242141816154744,0.0,2.4152701109399675
2020-08-17,0.008046306521472146,0.0,0.008046306521472146,0.0,2.434704114584741
2020-08-18,0.0020816459906958934,0.0,0.0020816459906958934,0.0,2.439772306643397
2020-08-19,-0.00817236440426529,0.0,-0.00817236440426529,0.0,2.4198335982900723
2020-08-20,0.002805842985888707,0.0,0.002805842985888707,0.0,2.426623271418852
2020-08-21,0.00012152051995101276,0.0,0.00012152051995101276,0.0,2.4269181559405197
2020-08-24,0.005479107998339838,0.0,0.005479107998339838,0.0,2.44021550262005
2020-08-25,0.0020844100377995084,0.0,0.0020844100377995084,0.0,2.445301912308105
2020-08-26,0.005194281815071866,0.0,0.005194281815071866,0.0,2.458003499563567
2020-08-27,-0.005704559645300228,0.0,-0.005704559645300228,0.0,2.44398167199195
2020-08-28,0.00710625384889102,0.0,0.00710625384889102,0.0,2.461349226155162
2020-08-31,-0.003390886127329615,0.0,-0.003390886127329615,0.0,2.453003071209679
2020-09-01,0.008591277891426025,0.0,0.008591277891426025,0.0,2.474077502262963
2020-09-02,0.004874829848521611,0.0,0.004874829848521611,0.0,2.48613820911855
2020-09-03,-0.020193745939597496,0.0,-0.020193745939597496,0.0,2.435933765752884
2020-09-04,-0.005280386127110986,0.0,-0.005280386127110986,0.0,2.4230710948896412
2020-09-08,-0.015002537266665325,0.0,-0.015002537266665325,0.0,2.38671888048878
2020-09-09,0.013110357272396511,0.0,0.013110357272396511,0.0,2.4180096177207617
2020-09-10,-0.009527330317648339,0.0,-0.009527330317648339,0.0,2.3949724413814857
2020-09-11,0.0010768086372124064,0.0,0.0010768086372124064,0.0,2.397551368392251
2020-09-14,0.007497731895568266,2.5e-05,0.007472731895568266,0.125,2.415467626974099
2020-09-15,0.003922127308693207,0.0,0.003922127308693207,0.0,2.424941398517118
2020-09-16,-0.0026745993648045613,0.0,-0.0026745993648045613,0.0,2.418455651792956
2020-09-17,-0.0036843155896200547,0.0,-0.0036843155896200547,0.0,2.4095452979322505
2020-09-18,-0.005243071684494061,0.0,-0.005243071684494061,0.0,2.3969118792081563
2020-09-21,-0.007285981875079839,0.0,-0.007285981875079839,0.0,2.379448022700082
2020-09-22,0.0019162933906550356,0.0,0.0019162933906550356,0.0,2.3840077432193896
2020-09-23,-0.011190544230450197,2.5e-05,-0.011215544230450198,0.125,2.3572697989295768
2020-09-24,0.0012787842795785875,0.0,0.0012787842795785875,0.0,2.360284238491173
2020-09-25,0.004687306549913728,0.0,0.004687306549913728,0.0,2.371347614261911
2020-09-28,0.006971264329366456,0.0,0.006971264329366456,0.0,2.3878789052977436
2020-09-29,-0.0001324509863289275,0.0,-0.0001324509863289275,0.0,2.387562628381503
2020-09-30,0.0016424154095848187,5e-05,0.0015924154095848188,0.25,2.391364619902286
2020-10-01,0.007991311535794382,0.0,0.007991311535794382,0.0,2.4104747595756018
2020-10-02,-0.006417960845061396,0.0,-0.006417960845061396,0.0,2.3950044269506368
2020-10-05,0.010074624700537077,0.0,0.010074624700537077,0.0,2.4191331977082893
2020-10-06,-0.006267852944054991,0.0,-0.006267852944054991,0.0,2.403970426572972
2020-10-07,0.008542477086910624,0.0,0.008542477086910624,0.0,2.424506288859583
2020-10-08,0.006207609342740783,0.0,0.006207609342740783,0.0,2.4395566767498416
2020-10-09,0.00775118229393057,0.0,0.00775118229393057,0.0,2.4584661252677047
2020-10-12,0.008560702740670764,0.0,0.008560702740670764,0.0,2.47951232296413
2020-10-13,-0.0046368786083113706,0.0,-0.0046368786083113706,0.0,2.468015125314733
2020-10-14,-0.0034458534205739633,0.0,-0.0034458534205739633,0.0,2.459510706953139
2020-10-15,-0.0018434415930607684,0.0,-0.0018434415930607684,0.0,2.454976742617363
2020-10-16,-0.0008260362810551675,0.0,-0.0008260362810551675,0.0,2.4529488427588144
2020-10-19,-0.0062008191102218835,2.5e-05,-0.006225819110221883,0.125,2.43767722697717
2020-10-20,0.0024511850356357945,2.5e-05,0.0024261850356357946,0.125,2.443591482986972
2020-10-21,-0.0005429427277064552,2.5e-05,-0.0005679427277064552,0.125,2.442203662974724
2020-10-22,0.0002862445490186549,0.0,0.0002862445490186549,0.0,2.442902730460844
2020-10-23,0.002759569032435308,0.0,0.002759569032435308,0.0,2.4496440891850755
2020-10-26,-0.007401915134107498,0.0,-0.007401915134107498,0.0,2.4315120315281593
2020-10-27,0.0011862792939045935,0.0,0.0011862792939045935,0.0,2.434396483904041
2020-10-28,-0.018025809236904153,0.0,-0.018025809236904153,0.0,2.3905145172781963
2020-10-29,0.004473217870167731,0.0,0.004473217870167731,0.0,2.4012078095357805
2020-10-30,-0.006546238019488185,2.5e-05,-0.006571238019488185,0.125,2.385428901485067
2020-11-02,0.00765147439014785,2.5e-05,0.00762647439014785,0.125,2.4036213139117613
2020-11-03,0.004905851760297966,2.5e-05,0.004880851760297966,0.125,2.4153530332328574
2020-11-04,0.015085844882971197,2.5e-05,0.015060844882971196,0.125,2.4517302906039915
2020-11-05,0.014417360751205477,0.0,0.014417360751205477,0.0,2.487077770668287
2020-11-06,-0.0016695131606329905,0.0,-0.0016695131606329905,0.0,2.4829255615986385
2020-11-09,-0.003753224712764791,0.0,-0.003753224712764791,0.0,2.4736065840208914
2020-11-10,-0.0018317635382462116,0.0,-0.0018317635382462116,0.0,2.469075521672316
2020-11-11,0.0054511688666400715,2.5e-05,0.005426168866640072,0.125,2.4824731423973976
2020-11-12,-0.0035914800646884154,0.0,-0.0035914800646884154,0.0,2.473557389595353
2020-11-13,0.009780740001811464,0.0,0.009780740001811464,0.0,2.4977506113025445
2020-11-16,0.00805302941186603,0.0,0.00805302941186603,0.0,2.5178650704388703
2020-11-17,-0.0003799395469476913,0.0,-0.0003799395469476913,0.0,2.5169084339247325
2020-11-18,-0.00562776997215815,0.0,-0.00562776997215815,0.0,2.5027438522176193
2020-11-19,0.003956597613324453,0.0,0.003956597613324453,0.0,2.5126462025700658
2020-11-20,0.0009758451059532353,0.0,0.0009758451059532353,0.0,2.5150981560698358
2020-11-23,0.00022858133723500929,0.0,0.00022858133723500929,0.0,2.515673060569627
2020-11-24,0.0065059919011260375,0.0,0.0065059919011260375,0.0,2.532040009127574
2020-11-25,-0.0011554449769426295,0.0,-0.0011554449769426295,0.0,2.52911437621761
2020-11-27,0.004020962237904588,0.0,0.004020962237904588,0.0,2.5392838496197223
2020-11-30,-0.009551763533110921,0.0,-0.009551763533110921,0.0,2.515029210744707
2020-12-01,0.010321427665530292,0.0,0.010321427665530292,0.0,2.540987902820105
2020-12-02,0.0006952386379297099,0.0,0.0006952386379297099,0.0,2.542754495788657
2020-12-03,0.0044797588783488385,0.0,0.0044797588783488385,0.0,2.554145422816628
2020-12-04,0.004659250100203599,0.0,0.004659250100203599,0.0,2.566045825133821
2020-12-07,0.0025457673774017253,0.0,0.0025457673774017253,0.0,2.5725783808843645
2020-12-08,0.0039047692486905983,0.0,0.0039047692486905983,0.0,2.5826237058358883
2020-12-09,-0.008319808085442595,0.0,-0.008319808085442595,0.0,2.561136772246419
2020-12-10,0.004321667277066274,0.0,0.004321667277066274,0.0,2.5722051532271277
2020-12-11,-0.0016239042641684603,0.0,-0.0016239042641684603,0.0,2.568028138310486
2020-12-14,-0.0011143400179966512,0.0,-0.0011143400179966512,0.0,2.565166481788625
2020-12-15,0.010110197888816827,0.0,0.010110197888816827,0.0,2.591100822537268
2020-12-16,0.0018698988580207881,0.0,0.0018698988580207881,0.0,2.5959459190063474
2020-12-17,0.005681144336297406,0.0,0.005681144336297406,0.0,2.610693862461445
2020-12-18,-0.0028659361049202664,0.0,-0.0028659361049202664,0.0,2.603211780662123
2020-12-21,-0.004084028705459042,0.0,-0.004084028705459042,0.0,2.5925801890235096
2020-12-22,-0.00010100074038493778,0.0,-0.00010100074038493778,0.0,2.5923183365049107
2020-12-23,0.0031377183891763832,0.0,0.0031377183891763832,0.0,2.600452301419961
2020-12-24,0.0014548350861072062,0.0,0.0014548350861072062,0.0,2.604235530667815
2020-12-28,0.002839162979656293,0.0,0.002839162979656293,0.0,2.6116293797767924
2020-12-29,0.00041920699458153354,0.0,0.00041920699458153354,0.0,2.6127241930800493
2020-12-30,0.004518872767252657,0.0,0.004518872767252657,0.0,2.6245307612845012
2020-12-31,0.0003420708626205582,0.0,0.0003420708626205582,0.0,2.625428536785988
2021-01-04,-0.0010178761398946523,0.0,-0.0010178761398946523,0.0,2.622756175721395
2021-01-05,0.007565000496183166,0.0,0.007565000496183166,0.0,2.6425973274920946
2021-01-06,-8.807244574708661e-05,0.0,-8.807244574708661e-05,0.0,2.6423645874823376
2021-01-07,0.0070292795452348705,0.0,0.0070292795452348705,0.0,2.66093850682818
2021-01-08,0.0018425673574740536,0.0,0.0018425673574740536,0.0,2.6658414652611073
2021-01-11,-0.006533748167342535,0.0,-0.006533748167342535,0.0,2.6484235284730318
2021-01-12,0.004574289578145277,0.0,0.004574289578145277,0.0,2.660538184617841
2021-01-13,0.0012654045946173254,0.0,0.0012654045946173254,0.0,2.6639048418608113
2021-01-14,0.0023224825532499327,0.0,0.0023224825532499327,0.0,2.6700917143795513
2021-01-15,-0.008540738841309944,0.0,-0.008540738841309944,0.0,2.64728715836469
2021-01-19,0.008846382160938887,0.0,0.008846382160938887,0.0,2.67070607225733
2021-01-20,0.010391646695802448,0.0,0.010391646695802448,0.0,2.6984591061885626
2021-01-21,-0.0006045561181800552,0.0,-0.0006045561181800552,0.0,2.6968277362262576
2021-01-22,-0.0016128608945718548,0.0,-0.0016128608945718548,0.0,2.6924781282311017
2021-01-25,0.0037759958069966126,0.0,0.0037759958069966126,0.0,2.702644914353732
2021-01-26,-0.002152027293318509,0.0,-0.002152027293318509,0.0,2.6968287487338944
2021-01-27,-0.015635087272840936,0.0,-0.015635087272840936,0.0,2.6546635958875338
2021-01-28,0.0025142846731828483,0.0,0.0025142846731828483,0.0,2.6613381758791306
2021-01-29,-0.013524050893216566,0.0,-0.013524050893216566,0.0,2.625346102944481
2021-02-01,0.014454411472764356,0.0,0.014454411472764356,0.0,2.6632939357748584
2021-02-02,0.006144293335827528,0.0,0.006144293335827528,0.0,2.67965799495579
2021-02-03,-0.0003858367016115888,0.0,-0.0003858367016115888,0.0,2.678624084553569
2021-02-04,0.002602858979847772,0.0,0.002602858979847772,0.0,2.685596165305686
2021-02-05,0.004686177416742043,0.0,0.004686177416742043,0.0,2.698181345406031
2021-02-08,0.007832122462387459,0.0,0.007832122462387459,0.0,2.71931383212898
2021-02-09,0.0029920457012991286,0.0,0.0029920457012991286,0.0,2.7274501433908847
2021-02-10,0.00013841258151754687,0.0,0.00013841258151754687,0.0,2.727827656806192
2021-02-11,0.001156213608161774,0.0,0.001156213608161774,0.0,2.7309816082637113
2021-02-12,0.0005370591320004309,0.0,0.0005370591320004309,0.0,2.7324483068757544
2021-02-16,-0.0037265962832550154,0.0,-0.0037265962832550154,0.0,2.7222655751711646
2021-02-17,-0.0028648900572757485,0.0,-0.0028648900572757485,0.0,2.7144665835915927
2021-02-18,-0.005874788036767012,0.0,-0.005874788036767012,0.0,2.698519667780105
2021-02-19,0.0018686949766725802,0.0,0.0018686949766725802,0.0,2.7035623779277382
2021-02-22,-0.008075213678758589,0.0,-0.008075213678758589,0.0,2.681730534032119
2021-02-23,-0.0009339818151447021,2.5e-05,-0.0009589818151447021,0.125,2.679158803216864
2021-02-24,0.0048646046494365686,0.0,0.0048646046494365686,0.0,2.6921918515875713
2021-02-25,-0.0193182104210034,0.0,-0.0193182104210034,0.0,2.6401835229048918
2021-02-26,-0.0067556483177032,0.0,-0.0067556483177032,0.0,2.6223473715299517
2021-03-01,0.01671495012763248,0.0,0.01671495012763248,0.0,2.666179777062403
2021-03-02,-0.007264445215802384,2.5e-05,-0.007289445215802384,0.125,2.6467448056420264
2021-03-03,-0.009744073606300724,0.0,-0.009744073606300724,0.0,2.6209547294387563
2021-03-04,-0.013837331736425929,0.0,-0.013837331736425929,0.0,2.5846877093813574
2021-03-05,0.009081650404057395,2.5e-05,0.009056650404057395,0.125,2.608096322368888
2021-03-08,-0.008668804570592714,0.0,-0.008668804570592714,0.0,2.585487245048991
2021-03-09,0.016427581341497716,0.0,0.016427581341497716,0.0,2.6279605470744385
2021-03-10,0.0038103715887932432,5e-05,0.003760371588793243,0.25,2.637842655252127
2021-03-11,0.012849591373593386,2.5e-05,0.012824591373593385,0.125,2.6716719094135697
2021-03-12,4.682509029330095e-05,0.0,4.682509029330095e-05,0.0,2.6717970106919617
2021-03-15,0.00532935109804944,0.0,0.00532935109804944,0.0,2.686035955024658
2021-03-16,-0.0012130468839214176,0.0,-0.0012130468839214176,0.0,2.6827776674793142
2021-03-17,0.003820208578111911,0.0,0.003820208578111911,0.0,2.6930264377377857
2021-03-18,-0.014880294057966925,0.0,-0.014880294057966925,0.0,2.6529534124383685
2021-03-19,0.0018612651659601492,0.0,0.0018612651659601492,0.0,2.657891262211855
2021-03-22,0.0028454348887814174,0.0,0.0028454348887814174,0.0,2.66545411873994
2021-03-23,-0.011274205051955463,0.0,-0.011274205051955463,0.0,2.635403242448687
2021-03-24,-0.00939183868510518,0.0,-0.00939183868510518,0.0,2.6106519603254057
2021-03-25,0.005782095977664978,0.0,0.005782095977664978,0.0,2.625747000524286
2021-03-26,0.014089767886109328,0.0,0.014089767886109328,0.0,2.6627431662893213
2021-03-29,-0.007189230650942985,0.0,-0.007189230650942985,0.0,2.643600091502645
2021-03-30,-0.0005921460331869827,0.0,-0.0005921460331869827,0.0,2.642034694195129
2021-03-31,0.005332691705524403,0.0,0.005332691705524403,0.0,2.656123850694571
2021-04-01,0.011765492400688138,0.0,0.011765492400688138,0.0,2.6873744556752044
2021-04-05,0.007720667434085934,0.0,0.007720667434085934,0.0,2.7081227801183303
2021-04-06,0.00015876468731627902,0.0,0.00015876468731627902,0.0,2.7085527343847295
2021-04-07,-0.0034096572843820144,0.0,-0.0034096572843820144,0.0,2.699317497823802
2021-04-08,0.005574371482365989,0.0,0.005574371482365989,0.0,2.7143644963055222
2021-04-09,-8.455056162937069e-05,0.0,-8.455056162937069e-05,0.0,2.7141349952628926
2021-04-12,-0.0020668981212676463,0.0,-0.0020668981212676463,0.0,2.708525154740317
2021-04-13,0.004253400302850374,0.0,0.004253400302850374,0.0,2.720045596453767
2021-04-14,-0.0011706051516521127,0.0,-0.0011706051516521127,0.0,2.7168614970658296
2021-04-15,0.010169450351302095,0.0,0.010169450351302095,0.0,2.744490485171605
2021-04-16,0.0030223498352963674,0.0,0.0030223498352963674,0.0,2.7527852955374357
2021-04-19,-0.004162076791695363,0.0,-0.004162076791695363,0.0,2.7413279917463593
2021-04-20,-0.006174050991335167,0.0,-0.006174050991335167,0.0,2.724402892941343
2021-04-21,0.009426268045736874,0.0,0.009426268045736874,0.0,2.7500838448747893
2021-04-22,-0.005506885497669839,0.0,-0.005506885497669839,0.0,2.734939448032072
2021-04-23,0.008629325998033177,0.0,0.008629325998033177,0.0,2.758540132114022
2021-04-26,0.0033322530387465132,0.0,0.0033322530387465132,0.0,2.7677322858517632
2021-04-27,-0.0011888297999245734,0.0,-0.0011888297999245734,0.0,2.7644419232321296
2021-04-28,0.001109693689144181,0.0,0.001109693689144181,0.0,2.767509606988346
2021-04-29,0.0010908656892736623,0.0,0.0010908656892736623,0.0,2.7705285882633444
2021-04-30,-0.007038522066174238,0.0,-0.007038522066174238,0.0,2.751028161659886
2021-05-03,0.002974165058804601,0.0,0.002974165058804601,0.0,2.7592101734940826
2021-05-04,-0.009503789258782591,0.0,-0.009503789258782591,0.0,2.732987221484506
2021-05-05,-0.0001468107363104404,0.0,-0.0001468107363104404,0.0,2.732585989618193
2021-05-06,0.007049980424327695,0.0,0.007049980424327695,0.0,2.7518506673527936
2021-05-07,0.00897594067879326,0.0,0.00897594067879326,0.0,2.77655111569985
2021-05-10,-0.01014008387185196,0.0,-0.01014008387185196,0.0,2.7483966545121694
2021-05-11,-0.005229928156613925,0.0,-0.005229928156613925,0.0,2.7340227374631927
2021-05-12,-0.01980587060642157,0.0,-0.01980587060642157,0.0,2.6798730368899824
2021-05-13,0.007671334809309802,0.0,0.007671334809309802,0.0,2.7004312402024073
2021-05-14,0.014709017111374206,0.0,0.014709017111374206,0.0,2.740151929522634
2021-05-17,0.0003232328824606667,0.0,0.0003232328824606667,0.0,2.7410376367291938
2021-05-18,-0.0006553749787119451,0.0,-0.0006553749787119451,0.0,2.7392412292463737
2021-05-19,-0.0029315247363723845,0.0,-0.0029315247363723845,0.0,2.7312110758239467
2021-05-20,0.008944499913004583,0.0,0.008944499913004583,0.0,2.755640393054051
2021-05-21,-0.0018097253571786737,0.0,-0.0018097253571786737,0.0,2.7506534407594754
2021-05-24,0.007767754253771242,0.0,0.007767754253771242,0.0,2.7720198407245853
2021-05-25,0.001051198505052739,0.0,0.001051198505052739,0.0,2.7749337838371315
2021-05-26,0.004199095724230342,0.0,0.004199095724230342,0.0,2.7865859964238644
2021-05-27,0.0009014243363077434,0.0,0.0009014243363077434,0.0,2.789097892856255
2021-05-28,0.002858493065540771,0.0,0.002858493065540771,0.0,2.7970705098420994
2021-06-01,0.0058324565245976845,0.0,0.0058324565245976845,0.0,2.813384301986988
2021-06-02,0.0032799020347685226,0.0,0.0032799020347685226,0.0,2.8226119268836607
2021-06-03,-0.007670802939281934,0.0,-0.007670802939281934,0.0,2.8009602270184693
2021-06-04,0.00740563860210558,0.0,0.00740563860210558,0.0,2.8217031261986394
2021-06-07,0.003691838101130815,0.0,0.003691838101130815,0.0,2.8321203973100193
2021-06-08,0.0013923340975601911,0.0,0.0013923340975601911,0.0,2.8360636551075897
2021-06-09,-0.001757553370696538,0.0,-0.001757553370696538,0.0,2.8310791218710456
2021-06-10,0.0037342389406080367,0.0,0.0037342389406080367,0.0,2.841651047771879
2021-06-11,-0.00018559736927172,0.0,-0.00018559736927172,0.0,2.8411236448130244
2021-06-14,0.0014211603159857145,0.0,0.0014211603159857145,0.0,2.8451613369898414
2021-06-15,-0.003916659947643675,0.0,-0.003916659947643675,0.0,2.834017807536669
2021-06-16,-0.006818330012650711,0.0,-0.006818330012650711,0.0,2.814694538863155
2021-06-17,-0.0040329738515848396,0.0,-0.0040329738515848396,0.0,2.803342949387721
2021-06-18,-0.011780747688225846,0.0,-0.011780747688225846,0.0,2.770317473417417
2021-06-21,0.011519012252364541,0.0,0.011519012252364541,0.0,2.802228794336652
2021-06-22,0.0006690703115657531,0.0,0.0006690703115657531,0.0,2.804103682429157
2021-06-23,-1.9012482340680092e-05,0.0,-1.9012482340680092e-05,0.0,2.8040503694574137
2021-06-24,0.005280887601049361,0.0,0.005280887601049361,0.0,2.818858244286199
2021-06-25,0.0026553206726962625,2.5e-05,0.0026303206726962626,0.125,2.826272745399545
2021-06-28,-0.00027435664672702254,2.5e-05,-0.00029935664672702255,0.125,2.8254266818677465
2021-06-29,-0.0017898987602478905,0.0,-0.0017898987602478905,0.0,2.8203694541527
2021-06-30,-0.001898421177045237,0.0,-0.001898421177045237,0.0,2.815015205053845
2021-07-01,0.0019810422934539718,2.5e-05,0.001956042293453972,0.125,2.820521493851646
2021-07-02,0.0018709465672329256,0.0,0.0018709465672329256,0.0,2.825798538858374
2021-07-06,-0.0035991972207742445,0.0,-0.0035991972207742445,0.0,2.815627932610847
2021-07-07,0.0009973623486624478,2.5e-05,0.0009723623486624478,0.125,2.81836574320036
2021-07-08,-0.007568421028315772,0.0,-0.007568421028315772,0.0,2.7970351646440377
2021-07-09,0.011095434694576717,2.5e-05,0.011070434694576716,0.125,2.827999559772664
2021-07-12,0.0027625950348076633,0.0,0.0027625950348076633,0.0,2.83581217731493
2021-07-13,-0.005068274680943272,0.0,-0.005068274680943272,0.0,2.8214395022567342
2021-07-14,0.00017430630376651102,0.0,0.00017430630376651102,0.0,2.8219312969476733
2021-07-15,-0.0027019892635048587,0.0,-0.0027019892635048587,0.0,2.8143064688809725
2021-07-16,-0.006719084325446142,2.5e-05,-0.006744084325446142,0.125,2.7953265487371906
2021-07-19,-0.011239744490066803,0.0,-0.011239744490066803,0.0,2.763907792563084
2021-07-20,0.011223544145383013,0.0,0.011223544145383013,0.0,2.794928633686684
2021-07-21,0.006826422444599231,2.5e-05,0.006801422444599231,0.125,2.8139381240268935
2021-07-22,-0.001608615208076647,0.0,-0.001608615208076647,0.0,2.8094115803659974
2021-07-23,0.0033862638398626105,0.0,0.0033862638398626105,0.0,2.8189249892118817
2021-07-26,-0.0013782587858460343,0.0,-0.0013782587858460343,0.0,2.8150397810788594
2021-07-27,-0.005725663815748558,0.0,-0.005725663815748558,0.0,2.7989218096644435
2021-07-28,0.005763772186524407,0.0,0.005763772186524407,0.0,2.815054157343244
2021-07-29,0.003219782012630179,0.0,0.003219782012630179,0.0,2.824118018083638
2021-07-30,-0.0037605587468483997,0.0,-0.0037605587468483997,0.0,2.8134977563686014
2021-08-02,0.00038090732239830227,0.0,0.00038090732239830227,0.0,2.8145694382655537
2021-08-03,0.003865944479313016,0.0,0.003865944479313016,0.0,2.8254504074470597
2021-08-04,-0.002105339617209198,0.0,-0.002105339617209198,0.0,2.8195018747678016
2021-08-05,0.005712384084090832,0.0,0.005712384084090832,0.0,2.8356079524022895
2021-08-06,-0.0013125253236546813,0.0,-0.0013125253236546813,0.0,2.8318861451568047
2021-08-09,-0.000878668401072008,0.0,-0.000878668401072008,0.0,2.8293978562856217
2021-08-10,-0.000976626868526717,0.0,-0.000976626868526717,0.0,2.826634590317421
2021-08-11,0.002633708487847608,0.0,0.002633708487847608,0.0,2.834079121829984
2021-08-12,-0.0004065835482496699,0.0,-0.0004065835482496699,0.0,2.83292683188461
2021-08-13,0.0006553736416548689,0.0,0.0006553736416548689,0.0,2.834783457458964
2021-08-16,-0.002748634587948523,0.0,-0.002748634587948523,0.0,2.826991673598448
2021-08-17,-0.007037929039585625,0.0,-0.007037929039585625,0.0,2.807095506804163
2021-08-18,-0.005085428093104735,0.0,-0.005085428093104735,0.0,2.792820224453833
2021-08-19,-0.0034644728350477078,0.0,-0.0034644728350477078,0.0,2.783144574653041
2021-08-20,0.005414197538450724,0.0,0.005414197538450724,0.0,2.79821306915828
2021-08-23,0.008170807064972516,0.0,0.008170807064972516,0.0,2.8210767282730567
2021-08-24,0.004358168647404154,0.0,0.004358168647404154,0.0,2.8333714564221375
2021-08-25,0.0009555101484675921,0.0,0.0009555101484675921,0.0,2.836078771603127
2021-08-26,-0.0046534091167257235,0.0,-0.0046534091167257235,0.0,2.8228813367915966
2021-08-27,0.009854538858633494,0.0,0.009854538858633494,0.0,2.850699530618321
2021-08-30,0.002924517838789331,0.0,0.002924517838789331,0.0,2.8590364522486427
2021-08-31,0.0022014067994358955,0.0,0.0022014067994358955,0.0,2.8653303545344575
2021-09-01,0.005847378947942794,0.0,0.005847378947942794,0.0,2.8820850269284635
2021-09-02,0.0017927433698882306,0.0,0.0017927433698882306,0.0,2.887251865751944
2021-09-03,0.0010266334804312494,0.0,0.0010266334804312494,0.0,2.8902160151837624
2021-09-07,-0.0017187943979198594,0.0,-0.0017187943979198594,0.0,2.8852483280880863
2021-09-08,-0.004138333432416125,0.0,-0.004138333432416125,0.0,2.8733082084711365
2021-09-09,-0.004019089600680842,0.0,-0.004019089600680842,0.0,2.8617601253309193
2021-09-10,-0.005405758939628899,0.0,-0.005405758939628899,0.0,2.846290139950338
2021-09-13,0.003109237840581036,0.0,0.003109237840581036,0.0,2.8551399329587444
2021-09-14,-0.004409044779821861,0.0,-0.004409044779821861,0.0,2.8425514931416718
2021-09-15,0.003845694221709342,0.0,0.003845694221709342,0.0,2.853483076993758
2021-09-16,-0.0015294766073698507,0.0,-0.0015294766073698507,0.0,2.84911874137797
2021-09-17,-0.005825283891344624,0.0,-0.005825283891344624,0.0,2.832521815869293
2021-09-20,-0.01407462333867461,0.0,-0.01407462333867461,0.0,2.792655138212354
2021-09-21,0.002444009816804399,0.0,0.002444009816804399,0.0,2.7994804147850942
2021-09-22,0.007736543085631736,0.0,0.007736543085631736,0.0,2.8211387156314616
2021-09-23,0.006975692495082744,0.0,0.006975692495082744,0.0,2.8408181117976796
2021-09-24,-0.0042719927517609335,0.0,-0.0042719927517609335,0.0,2.8286821574150087
2021-09-27,-0.00040237632688266967,0.0,-0.00040237632688266967,0.0,2.8275439626785897
2021-09-28,-0.014085210037649815,0.0,-0.014085210037649815,0.0,2.787717412073573
2021-09-29,-0.0007741168277062838,0.0,-0.0007741168277062838,0.0,2.785559393113997
2021-09-30,-0.0047186289416852045,0.0,-0.0047186289416852045,0.0,2.7724153719428664
2021-10-01,0.006226852561569837,0.0,0.006226852561569837,0.0,2.7896787937033842
2021-10-04,-0.008496094960244824,0.0,-0.008496094960244824,0.0,2.765977417763499
2021-10-05,0.004298031417124176,0.0,0.004298031417124176,0.0,2.7778656756041022
2021-10-06,0.00032971887666966015,0.0,0.00032971887666966015,0.0,2.7787815903542015
2021-10-07,0.007903749626198137,0.0,0.007903749626198137,0.0,2.80074438431025
2021-10-08,-0.0025190690611907457,0.0,-0.0025190690611907457,0.0,2.7936891157834305
2021-10-11,-0.0029107835710563135,0.0,-0.0029107835710563135,0.0,2.785557291402569
2021-10-12,0.00100367460215256,0.0,0.00100367460215256,0.0,2.788353084508791
2021-10-13,0.005924686661466894,0.0,0.005924686661466894,0.0,2.80487320283604
2021-10-14,0.00941155987588968,0.0,0.00941155987588968,0.0,2.83127143492881
2021-10-15,0.0038029099144968603,0.0,0.0038029099144968603,0.0,2.8420385051393326
2021-10-18,0.001027890383255306,0.0,0.001027890383255306,0.0,2.8449598091876065
2021-10-19,0.004853632037477407,0.0,0.004853632037477407,0.0,2.8587681972628154
2021-10-20,0.0035390672209360957,0.0,0.0035390672209360957,0.0,2.8688855700820026
2021-10-21,0.00018082284801541892,0.0,0.00018082284801541892,0.0,2.869404330141415
2021-10-22,-0.0004023953277576958,0.0,-0.0004023953277576958,0.0,2.8682496952455185
2021-10-25,0.0039386684094077085,0.0,0.0039386684094077085,0.0,2.8795467797104752
2021-10-26,-0.0004893317592185031,0.0,-0.0004893317592185031,0.0,2.8781377260190077
2021-10-27,-0.005127871354764446,0.0,-0.005127871354764446,0.0,2.863379006018688
2021-10-28,0.008170970696655483,0.0,0.008170970696655483,0.0,2.8867755919702853
2021-10-29,-0.0031098697426858724,0.0,-0.0031098697426858724,0.0,2.8777980959028926
2021-11-01,0.006694041255949856,0.0,0.006694041255949856,0.0,2.8970621950831603
2021-11-02,0.0005011205001800162,0.0,0.0005011205001800162,0.0,2.898513972339413
2021-11-03,0.00635124017667929,0.0,0.00635124017667929,0.0,2.916923130733201
2021-11-04,0.0005862470674323911,0.0,0.0005862470674323911,0.0,2.918633168364519
2021-11-05,0.0029373857900119593,0.0,0.0029373857900119593,0.0,2.9272063199595304
2021-11-08,0.0013612794996265137,0.0,0.0013612794996265137,0.0,2.9311910659140685
2021-11-09,-0.0025455871692102033,0.0,-0.0025455871692102033,0.0,2.923729463546174
2021-11-10,-0.0074201455463410865,0.0,-0.0074201455463410865,0.0,2.902034965388536
2021-11-11,0.004205449788333454,0.0,0.004205449788333454,0.0,2.914239327719465
2021-11-12,0.003309899647698636,0.0,0.003309899647698636,0.0,2.923885167443593
2021-11-15,-0.0002429286331535746,0.0,-0.0002429286331535746,0.0,2.923174872016368
2021-11-16,0.0006810094825674684,0.0,0.0006810094825674684,0.0,2.925165581823414
2021-11-17,-0.002291856057733674,0.0,-0.002291856057733674,0.0,2.9184615233648383
2021-11-18,-0.00018926434577379303,0.0,-0.00018926434577379303,0.0,2.9179091626539524
2021-11-19,-0.0026642570308303415,0.0,-0.0026642570308303415,0.0,2.9101351026520272
2021-11-22,-0.0046894301990950266,0.0,-0.0046894301990950266,0.0,2.896488227218204
2021-11-23,0.000141569643691844,0.0,0.000141569643691844,0.0,2.8968982820244893
2021-11-24,0.0013822999647135625,0.0,0.0013822999647135625,0.0,2.90090266441751
2021-11-26,-0.020898321430185704,0.0,-0.020898321430185704,0.0,2.840278668098831
2021-11-29,0.006213236695335897,0.0,0.006213236695335897,0.0,2.857925991744442
2021-11-30,-0.0102793197328188,2.5e-05,-0.010304319732818801,0.125,2.828477008552774
2021-12-01,-0.009105096226473666,0.0,-0.009105096226473666,0.0,2.8027234532155325
2021-12-02,0.01313804806635821,2.5e-05,0.01311304806635821,0.125,2.839475700574257
2021-12-03,-0.008524043628378497,0.0,-0.008524043628378497,0.0,2.8152718858208416
2021-12-06,0.009355245432039555,0.0,0.009355245432039555,0.0,2.8416094452706164
2021-12-07,0.013686068711125349,2.5e-05,0.013661068711125348,0.125,2.880428867152641
2021-12-08,0.002878794178052646,0.0,0.002878794178052646,0.0,2.8887210290056946
2021-12-09,-0.008358494373200687,0.0,-0.008358494373200687,0.0,2.864575670539004
2021-12-10,0.002943791821358163,2.5e-05,0.0029187918213581633,0.125,2.872936770577835
2021-12-13,-0.006719459828532726,0.0,-0.006719459828532726,0.0,2.8536321873580226
2021-12-14,-0.005494449540778018,2.5e-05,-0.005519449540778018,0.125,2.83788170849196
2021-12-15,0.01024015368112341,0.0,0.01024015368112341,0.0,2.866942053315767
2021-12-16,-0.00687301555959155,0.0,-0.00687301555959155,0.0,2.8472375159748804
2021-12-17,-0.002539157911985626,0.0,-0.002539157911985626,0.0,2.8400079303088903
2021-12-20,-0.00554685052637055,0.0,-0.00554685052637055,0.0,2.82425483082576
2021-12-21,0.01138706130085071,0.0,0.01138706130085071,0.0,2.8564147937135966
2021-12-22,0.006421214292161775,0.0,0.006421214292161775,0.0,2.874756445211333
2021-12-23,0.00332320514668219,0.0,0.00332320514668219,0.0,2.884309850625517
2021-12-27,0.008099113151378012,0.0,0.008099113151378012,0.0,2.907670202469368
2021-12-28,-0.0009376248496304751,0.0,-0.0009376248496304751,0.0,2.9049438986330025
2021-12-29,0.0010697087782997189,0.0,0.0010697087782997189,0.0,2.908051342621839
2021-12-30,-0.0005379243424978308,0.0,-0.0005379243424978308,0.0,2.9064870310154087
2021-12-31,-0.001130077263238674,0.0,-0.001130077263238674,0.0,2.90320247610576
2022-01-03,0.0033695848929885253,0.0,0.0033695848929885253,0.0,2.9129850633105328
2022-01-04,-0.0012935794117833743,0.0,-0.0012935794117833743,0.0,2.9092168858058014
2022-01-05,-0.015150139933979123,0.0,-0.015150139933979123,0.0,2.8651418428875486
2022-01-06,-1.360717243852061e-05,0.0,-1.360717243852061e-05,0.0,2.8651028564084315
2022-01-07,-0.0037565119804425923,0.0,-0.0037565119804425923,0.0,2.854340063203133
2022-01-10,-0.002386091134877852,0.0,-0.002386091134877852,0.0,2.8475293476823973
2022-01-11,0.005899633185663528,0.0,0.005899633185663528,0.0,2.864328726319135
2022-01-12,0.001270135415660012,0.0,0.001270135415660012,0.0,2.867966811676525
2022-01-13,-0.0071537541636953195,0.0,-0.0071537541636953195,0.0,2.847450082156154
2022-01-14,-0.0002538816355393686,0.0,-0.0002538816355393686,0.0,2.8467271668721796
2022-01-18,-0.012253624786081246,0.0,-0.012253624786081246,0.0,2.811844440300984
2022-01-19,-0.006501035607258093,0.0,-0.006501035607258093,0.0,2.7935645394725164
2022-01-20,-0.0052203893363105824,2.5e-05,-0.005245389336310582,0.125,2.778911205826872
2022-01-21,-0.007923971841855351,0.0,-0.007923971841855351,0.0,2.7568911916808836
2022-01-24,9.623458922783379e-05,0.0,9.623458922783379e-05,0.0,2.757156499972261
2022-01-25,-0.00568256904963102,0.0,-0.00568256904963102,0.0,2.7414887677805297
2022-01-26,-0.002943891611985369,0.0,-0.002943891611985369,0.0,2.7334181219927083
2022-01-27,-0.004528547022902618,0.0,-0.004528547022902618,0.0,2.72103970949401
2022-01-28,0.011490469137470288,0.0,0.011490469137470288,0.0,2.7523057322977817
2022-01-31,0.009608323954300113,0.0,0.009608323954300113,0.0,2.778750777394976
2022-02-01,0.0024350345749498403,0.0,0.0024350345749498403,0.0,2.7855171316131013
2022-02-02,0.00475488595350404,0.0,0.00475488595350404,0.0,2.7987619478954535
2022-02-03,-0.011312984792557906,0.0,-0.011312984792557906,0.0,2.7670995965409224
2022-02-04,0.0012237004119816097,0.0,0.0012237004119816097,0.0,2.770485697457204
2022-02-07,-0.000446258388158538,2.5e-05,-0.00047125838815853803,0.125,2.769180082833004
2022-02-08,0.0024885809890055344,2.5e-05,0.0024635809890055345,0.125,2.776002182240204
2022-02-09,0.009328346320687741,0.0,0.009328346320687741,0.0,2.8018976919831253
2022-02-10,-0.009615881523028003,0.0,-0.009615881523028003,0.0,2.7749549757373697
2022-02-11,-0.00945650079238558,0.0,-0.00945650079238558,0.0,2.748713611810475
2022-02-14,-0.002200879422325261,0.0,-0.002200879422325261,0.0,2.742664024584376
2022-02-15,0.007354345484441943,2.5e-05,0.007329345484441943,0.125,2.7627659567683045
2022-02-16,0.0024485763501713442,0.0,0.0024485763501713442,0.0,2.769530800151106
2022-02-17,-0.008021876199545183,0.0,-0.008021876199545183,0.0,2.747313966941466
2022-02-18,-0.003610820814430135,0.0,-0.003610820814430135,0.0,2.7373939084858594
2022-02-22,-0.004249971530851923,0.0,-0.004249971530851923,0.0,2.725760062306067
2022-02-23,-0.007946565920512488,0.0,-0.007946565920512488,0.0,2.704099630287452
2022-02-24,0.00569969750015481,0.0,0.00569969750015481,0.0,2.719512180190371
2022-02-25,0.007293109095011116,2.5e-05,0.007268109095011116,0.125,2.739277891401206
2022-02-28,-0.00015138833091375703,5e-05,-0.00020138833091375703,0.25,2.738726232798748
2022-03-01,-0.004937023962840667,2.5e-05,-0.004962023962840667,0.125,2.7251366076039405
2022-03-02,0.002734682293183882,2.5e-05,0.0027096822931838823,0.125,2.732520862016072
2022-03-03,0.0006319733489416474,2.5e-05,0.0006069733489416474,0.125,2.7341794293547426
2022-03-04,-0.0038854059584680495,5e-05,-0.003935405958468049,0.25,2.7234193233369393
2022-03-07,-0.009861464566105052,5e-05,-0.009911464566105052,0.25,2.6964262492150395
2022-03-08,2.7867387121877085e-05,0.0,2.7867387121877085e-05,0.0,2.6965013915691722
2022-03-09,0.004836140705548317,0.0,0.004836140705548317,0.0,2.709542051711508
2022-03-10,-0.0030464971472193153,0.0,-0.0030464971472193153,0.0,2.7012874395806983
2022-03-11,-0.006053035840417095,2.5e-05,-0.006078035840417095,0.125,2.684868917707658
2022-03-14,-0.006174989175991644,0.0,-0.006174989175991644,0.0,2.668289881201857
2022-03-15,0.00495186344146574,2.5e-05,0.00492686344146574,0.125,2.6814361810687832
2022-03-16,0.009675043188546617,2.5e-05,0.009650043188546616,0.125,2.707312156023429
2022-03-17,0.005620838206967654,0.0,0.005620838206967654,0.0,2.722529519628193
2022-03-18,0.0028288823461646573,0.0,0.0028288823461646573,0.0,2.7302312353231812
2022-03-21,-0.00019265771028481593,0.0,-0.00019265771028481593,0.0,2.7297052352248357
2022-03-22,0.001730606843686519,2.5e-05,0.001705606843686519,0.125,2.734361039155282
2022-03-23,-0.003101188002979885,2.5e-05,-0.003126188002979885,0.125,2.725812912478859
2022-03-24,0.007525208944209133,2.5e-05,0.007500208944209133,0.125,2.746257078865274
2022-03-25,0.001622800870383273,0.0,0.001622800870383273,0.0,2.7507137072431527
2022-03-28,0.0014706350282761016,0.0,0.0014706350282761016,0.0,2.7547590031737834
2022-03-29,0.007421002494370749,2.5e-05,0.007396002494370749,0.125,2.775133207632647
2022-03-30,-0.002052665865146519,0.0,-0.002052665865146519,0.0,2.769436786426105
2022-03-31,-0.0070226458817929105,2.5e-05,-0.00704764588179291,0.125,2.749918776663363
2022-04-01,0.0029262471467064455,0.0,0.0029262471467064455,0.0,2.757965718637249
2022-04-04,0.003639307794400748,2.5e-05,0.003614307794400748,0.125,2.767933855630809
2022-04-05,-0.005751505311722749,0.0,-0.005751505311722749,0.0,2.752014069357651
2022-04-06,-0.002185574293782286,0.0,-0.002185574293782286,0.0,2.745999338151536
2022-04-07,0.00015812297561672295,0.0,0.00015812297561672295,0.0,2.746433543737926
2022-04-08,-0.0010930862297383187,0.0,-0.0010930862297383187,0.0,2.7434314550503744
2022-04-11,-0.00581742511915119,0.0,-0.00581742511915119,0.0,2.727471747991095
2022-04-12,-0.00021567633525883256,0.0,-0.00021567633525883256,0.0,2.726883496879966
2022-04-13,0.005458664668573088,0.0,0.005458664668573088,0.0,2.7417686394796994
2022-04-14,-0.005365707898607491,0.0,-0.005365707898607491,0.0,2.7270571098346887
2022-04-18,2.8757429467785034e-05,0.0,2.8757429467785034e-05,0.0,2.7271355329871794
2022-04-19,0.0028526334207009674,2.5e-05,0.0028276334207009675,0.125,2.734846872563035
2022-04-20,0.0007745642877251824,2.5e-05,0.0007495642877251824,0.125,2.7368968161111047
2022-04-21,-0.0057669613718298735,0.0,-0.0057669613718298735,0.0,2.721113237893908
2022-04-22,-0.01011134592659002,0.0,-0.01011134592659002,0.0,2.693599120640139
2022-04-25,-0.00023485785939904302,0.0,-0.00023485785939904302,0.0,2.6929665077165863
2022-04-26,-0.005484648844315113,2.5e-05,-0.005509648844315112,0.125,2.678129207909566
2022-04-27,-0.0014173639935723403,0.0,-0.0014173639935723403,0.0,2.674333324000141
2022-04-28,0.006134310544561067,0.0,0.006134310544561067,0.0,2.690738515109226
2022-04-29,-0.010370711532525334,0.0,-0.010370711532525334,0.0,2.6628336421595726
2022-05-02,-0.004583741941805705,0.0,-0.004583741941805705,0.0,2.6506278999099546
2022-05-03,0.0024570000910957845,0.0,0.0024570000910957845,0.0,2.6571404929014943
2022-05-04,0.0064707754317958055,0.0,0.0064707754317958055,0.0,2.6743342523217914
2022-05-05,-0.008252732137070826,0.0,-0.008252732137070826,0.0,2.652263688092386
2022-05-06,-0.003520406290914463,2.5e-05,-0.0035454062909144627,0.125,2.6428603357274594
2022-05-09,-0.011317592163719303,2.5e-05,-0.011342592163719304,0.125,2.6128834487936325
2022-05-10,-0.0033331381384947567,2.5e-05,-0.0033581381384947566,0.125,2.604109025232797
2022-05-11,0.0010208910645110592,2.5e-05,0.000995891064511059,0.125,2.606702434142039
2022-05-12,0.0,2.5e-05,-2.5e-05,0.125,2.606637266581185
2022-05-13,0.0022872857916206163,5e-05,0.002237285791620616,0.25,2.612469059101616
2022-05-16,-0.0007878573525656046,2.5e-05,-0.0008128573525656046,0.125,2.610345494418575
2022-05-17,0.001702721984824157,0.0,0.001702721984824157,0.0,2.6147901870799086
2022-05-18,-0.0036289746049344013,0.0,-0.0036289746049344013,0.0,2.605301179893764
2022-05-19,-0.0013202284049495389,2.5e-05,-0.001345228404949539,0.125,2.6017964547431225
2022-05-20,0.0007959034609686944,2.5e-05,0.0007709034609686944,0.125,2.6038021886348197
2022-05-23,0.0,2.5e-05,-2.5e-05,0.125,2.603737093580104
2022-05-24,0.0,0.0,0.0,0.0,2.603737093580104
2022-05-25,0.0,0.0,0.0,0.0,2.603737093580104
2022-05-26,0.00015377504453070734,2.5e-05,0.00012877504453070733,0.125,2.604072389940276
2022-05-27,0.0033527778492387084,0.0,0.0033527778492387084,0.0,2.612803266167082
2022-05-31,-0.0015328865919606305,0.0,-0.0015328865919606305,0.0,2.6087981350729437
2022-06-01,-0.002045657195870146,2.5e-05,-0.0020706571958701457,0.125,2.603396208441982
2022-06-02,0.0017175539049057165,2.5e-05,0.0016925539049057164,0.125,2.6078025968605973
2022-06-03,0.0,2.5e-05,-2.5e-05,0.125,2.6077374017956756
2022-06-06,0.000380602486272974,2.5e-05,0.000355602486272974,0.125,2.608664719699301
2022-06-07,0.0,2.5e-05,-2.5e-05,0.125,2.6085995030813085
2022-06-08,0.0,0.0,0.0,0.0,2.6085995030813085
2022-06-09,0.0,0.0,0.0,0.0,2.6085995030813085
2022-06-10,0.0,0.0,0.0,0.0,2.6085995030813085
2022-06-13,0.0,0.0,0.0,0.0,2.6085995030813085
2022-06-14,0.0,0.0,0.0,0.0,2.6085995030813085
2022-06-15,0.0,0.0,0.0,0.0,2.6085995030813085
2022-06-16,0.0,0.0,0.0,0.0,2.6085995030813085
2022-06-17,0.0,0.0,0.0,0.0,2.6085995030813085
2022-06-21,-0.00046709827588249653,2.5e-05,-0.0004920982758824965,0.125,2.6073158157633745
2022-06-22,0.0004981485204260117,0.0,0.0004981485204260117,0.0,2.6086146462792805
2022-06-23,-0.000766157161521383,0.0,-0.000766157161521383,0.0,2.606616037486384
2022-06-24,-0.0001248077751894311,0.0,-0.0001248077751894311,0.0,2.606290711537972
2022-06-27,-0.00013963375675898893,0.0,-0.00013963375675898893,0.0,2.605926785374714
2022-06-28,-0.00020600264078546315,0.0,-0.00020600264078546315,0.0,2.605389957575233
2022-06-29,-9.579473806554939e-05,0.0,-9.579473806554939e-05,0.0,2.6051403749266884
2022-06-30,-0.0007596309117902655,0.0,-0.0007596309117902655,0.0,2.603161429768341
2022-07-01,-0.00010388177020423384,0.0,-0.00010388177020423384,0.0,2.602891008750889
2022-07-05,-0.002651205418900515,0.0,-0.002651205418900515,0.0,2.595990210003681
2022-07-06,-0.0019802736042121155,0.0,-0.0019802736042121155,0.0,2.5908494391140175
2022-07-07,0.0,2.5e-05,-2.5e-05,0.125,2.5907846678780397
2022-07-08,0.0,0.0,0.0,0.0,2.5907846678780397
2022-07-11,0.0,0.0,0.0,0.0,2.5907846678780397
2022-07-12,0.0,0.0,0.0,0.0,2.5907846678780397
2022-07-13,0.0,0.0,0.0,0.0,2.5907846678780397
2022-07-14,0.0,0.0,0.0,0.0,2.5907846678780397
2022-07-15,0.0,0.0,0.0,0.0,2.5907846678780397
2022-07-18,0.0,0.0,0.0,0.0,2.5907846678780397
2022-07-19,0.0,0.0,0.0,0.0,2.5907846678780397
2022-07-20,0.0,0.0,0.0,0.0,2.5907846678780397
2022-07-21,0.0,0.0,0.0,0.0,2.5907846678780397
2022-07-22,0.0,0.0,0.0,0.0,2.5907846678780397
2022-07-25,0.0,0.0,0.0,0.0,2.5907846678780397
2022-07-26,0.0,0.0,0.0,0.0,2.5907846678780397
2022-07-27,0.0,0.0,0.0,0.0,2.5907846678780397
2022-07-28,0.0,0.0,0.0,0.0,2.5907846678780397
2022-07-29,0.0,0.0,0.0,0.0,2.5907846678780397
2022-08-01,0.0,0.0,0.0,0.0,2.5907846678780397
2022-08-02,0.0,0.0,0.0,0.0,2.5907846678780397
2022-08-03,0.0,0.0,0.0,0.0,2.5907846678780397
2022-08-04,0.0,0.0,0.0,0.0,2.5907846678780397
2022-08-05,0.0,0.0,0.0,0.0,2.5907846678780397
2022-08-08,0.0,0.0,0.0,0.0,2.5907846678780397
2022-08-09,0.0,0.0,0.0,0.0,2.5907846678780397
2022-08-10,-0.0003139938521315583,2.5e-05,-0.0003389938521315583,0.125,2.5899064078034324
2022-08-11,-0.00032977758471244845,0.0,-0.00032977758471244845,0.0,2.5890523147236357
2022-08-12,0.00114975262488054,0.0,0.00114975262488054,0.0,2.592029084418442
2022-08-15,-0.001608378854282791,0.0,-0.001608378854282791,0.0,2.5878601196493776
2022-08-16,-0.0002187620943002455,0.0,-0.0002187620943002455,0.0,2.5872939939498467
2022-08-17,0.0,2.5e-05,-2.5e-05,0.125,2.587229311599998
2022-08-18,0.0,0.0,0.0,0.0,2.587229311599998
2022-08-19,0.0,0.0,0.0,0.0,2.587229311599998
2022-08-22,0.0,0.0,0.0,0.0,2.587229311599998
2022-08-23,0.0,0.0,0.0,0.0,2.587229311599998
2022-08-24,0.0,0.0,0.0,0.0,2.587229311599998
2022-08-25,0.0,0.0,0.0,0.0,2.587229311599998
2022-08-26,0.0,0.0,0.0,0.0,2.587229311599998
2022-08-29,0.0,0.0,0.0,0.0,2.587229311599998
2022-08-30,0.0,0.0,0.0,0.0,2.587229311599998
2022-08-31,0.0,0.0,0.0,0.0,2.587229311599998
2022-09-01,0.0,0.0,0.0,0.0,2.587229311599998
2022-09-02,0.0,0.0,0.0,0.0,2.587229311599998
2022-09-06,0.0,0.0,0.0,0.0,2.587229311599998
2022-09-07,0.0,0.0,0.0,0.0,2.587229311599998
2022-09-08,0.0,0.0,0.0,0.0,2.587229311599998
2022-09-09,0.0,0.0,0.0,0.0,2.587229311599998
2022-09-12,0.0,0.0,0.0,0.0,2.587229311599998
2022-09-13,0.0,0.0,0.0,0.0,2.587229311599998
2022-09-14,0.0,0.0,0.0,0.0,2.587229311599998
2022-09-15,0.0,0.0,0.0,0.0,2.587229311599998
2022-09-16,0.0,0.0,0.0,0.0,2.587229311599998
2022-09-19,0.0,0.0,0.0,0.0,2.587229311599998
2022-09-20,0.0,0.0,0.0,0.0,2.587229311599998
2022-09-21,0.0,0.0,0.0,0.0,2.587229311599998
2022-09-22,0.0,0.0,0.0,0.0,2.587229311599998
2022-09-23,0.0,0.0,0.0,0.0,2.587229311599998
2022-09-26,0.0,0.0,0.0,0.0,2.587229311599998
2022-09-27,0.0,0.0,0.0,0.0,2.587229311599998
2022-09-28,0.0,0.0,0.0,0.0,2.587229311599998
2022-09-29,0.0,0.0,0.0,0.0,2.587229311599998
2022-09-30,0.0,0.0,0.0,0.0,2.587229311599998
2022-10-03,0.0,0.0,0.0,0.0,2.587229311599998
2022-10-04,0.0,0.0,0.0,0.0,2.587229311599998
2022-10-05,0.0,0.0,0.0,0.0,2.587229311599998
2022-10-06,0.0,0.0,0.0,0.0,2.587229311599998
2022-10-07,0.0,0.0,0.0,0.0,2.587229311599998
2022-10-10,0.0,0.0,0.0,0.0,2.587229311599998
2022-10-11,0.0,0.0,0.0,0.0,2.587229311599998
2022-10-12,0.0,0.0,0.0,0.0,2.587229311599998
2022-10-13,0.0,0.0,0.0,0.0,2.587229311599998
2022-10-14,0.0,0.0,0.0,0.0,2.587229311599998
2022-10-17,0.0,0.0,0.0,0.0,2.587229311599998
2022-10-18,0.0,0.0,0.0,0.0,2.587229311599998
2022-10-19,0.0,0.0,0.0,0.0,2.587229311599998
2022-10-20,0.0,0.0,0.0,0.0,2.587229311599998
2022-10-21,0.0,0.0,0.0,0.0,2.587229311599998
2022-10-24,0.0,0.0,0.0,0.0,2.587229311599998
2022-10-25,0.0,0.0,0.0,0.0,2.587229311599998
2022-10-26,0.0,0.0,0.0,0.0,2.587229311599998
2022-10-27,0.0,0.0,0.0,0.0,2.587229311599998
2022-10-28,0.0,0.0,0.0,0.0,2.587229311599998
2022-10-31,0.0,0.0,0.0,0.0,2.587229311599998
2022-11-01,0.0,0.0,0.0,0.0,2.587229311599998
2022-11-02,0.0,0.0,0.0,0.0,2.587229311599998
2022-11-03,0.0,0.0,0.0,0.0,2.587229311599998
2022-11-04,0.0,0.0,0.0,0.0,2.587229311599998
2022-11-07,0.0,0.0,0.0,0.0,2.587229311599998
2022-11-08,0.0,0.0,0.0,0.0,2.587229311599998
2022-11-09,0.0,0.0,0.0,0.0,2.587229311599998
2022-11-10,0.0,0.0,0.0,0.0,2.587229311599998
2022-11-11,0.0,0.0,0.0,0.0,2.587229311599998
2022-11-14,0.0,0.0,0.0,0.0,2.587229311599998
2022-11-15,0.0,0.0,0.0,0.0,2.587229311599998
2022-11-16,0.0,0.0,0.0,0.0,2.587229311599998
2022-11-17,0.0,0.0,0.0,0.0,2.587229311599998
2022-11-18,0.0,0.0,0.0,0.0,2.587229311599998
2022-11-21,0.0,0.0,0.0,0.0,2.587229311599998
2022-11-22,0.0,0.0,0.0,0.0,2.587229311599998
2022-11-23,0.0,0.0,0.0,0.0,2.587229311599998
2022-11-25,0.0,0.0,0.0,0.0,2.587229311599998
2022-11-28,0.0,0.0,0.0,0.0,2.587229311599998
2022-11-29,0.0,0.0,0.0,0.0,2.587229311599998
2022-11-30,0.0,0.0,0.0,0.0,2.587229311599998
2022-12-01,0.0,0.0,0.0,0.0,2.587229311599998
2022-12-02,0.0,0.0,0.0,0.0,2.587229311599998
2022-12-05,-0.0021448607044751294,2.5e-05,-0.0021698607044751293,0.125,2.581615384383291
2022-12-06,0.0003421717789349743,0.0,0.0003421717789349743,0.0,2.5824987403118915
2022-12-07,0.0,2.5e-05,-2.5e-05,0.125,2.5824341778433837
2022-12-08,0.0,0.0,0.0,0.0,2.5824341778433837
2022-12-09,0.0,0.0,0.0,0.0,2.5824341778433837
2022-12-12,0.0,0.0,0.0,0.0,2.5824341778433837
2022-12-13,0.0021351415048290745,2.5e-05,0.0021101415048290747,0.125,2.58788347938554
2022-12-14,0.0,2.5e-05,-2.5e-05,0.125,2.587818782298555
2022-12-15,-0.00204491366757191,2.5e-05,-0.0020699136675719097,0.125,2.582462220831876
2022-12-16,0.0010885902097545752,0.0,0.0010885902097545752,0.0,2.5852734639225345
2022-12-19,0.0,2.5e-05,-2.5e-05,0.125,2.5852088320859363
2022-12-20,0.0,0.0,0.0,0.0,2.5852088320859363
2022-12-21,0.0,0.0,0.0,0.0,2.5852088320859363
2022-12-22,-0.001510669807494286,2.5e-05,-0.001535669807494286,0.125,2.5812388049364343
2022-12-23,0.0003747901298799816,0.0,0.0003747901298799816,0.0,2.582206227763388
2022-12-27,0.0,2.5e-05,-2.5e-05,0.125,2.5821416726076936
2022-12-28,0.0,0.0,0.0,0.0,2.5821416726076936
2022-12-29,0.0,0.0,0.0,0.0,2.5821416726076936
2022-12-30,0.0,0.0,0.0,0.0,2.5821416726076936
2023-01-03,0.0010463320664748643,2.5e-05,0.0010213320664748643,0.125,2.584778896698109
2023-01-04,0.0,2.5e-05,-2.5e-05,0.125,2.5847142772256917
2023-01-05,-0.0015564327324402577,2.5e-05,-0.0015814327324402578,0.125,2.580626725463681
2023-01-06,0.002338437105236346,0.0,0.002338437105236346,0.0,2.58666135875327
2023-01-09,0.0002806396973224212,0.0,0.0002806396973224212,0.0,2.5873872786140666
2023-01-10,0.0004595055766884182,0.0,0.0004595055766884182,0.0,2.5885761974976425
2023-01-11,-8.584924187642062e-05,0.0,-8.584924187642062e-05,0.0,2.588353970193548
2023-01-12,0.001446000120937846,0.0,0.001446000120937846,0.0,2.5920967303474773
2023-01-13,0.0015002229991174232,0.0,0.0015002229991174232,0.0,2.595985453478282
2023-01-17,-0.000818134793087455,0.0,-0.000818134793087455,0.0,2.593861587456442
2023-01-18,-0.00035896905607903096,0.0,-0.00035896905607903096,0.0,2.5929304714107935
2023-01-19,0.0019835650056031218,0.0,0.0019835650056031218,0.0,2.5980737175558457
2023-01-20,-0.0004169256945573685,0.0,-0.0004169256945573685,0.0,2.5969905138666425
2023-01-23,0.00023705422040554147,0.0,0.00023705422040554147,0.0,2.5976061414283076
2023-01-24,0.000452314395434944,0.0,0.000452314395434944,0.0,2.598781076079746
2023-01-25,0.000575494949990818,0.0,0.000575494949990818,0.0,2.6002766614651613
2023-01-26,-0.0011319083596443708,0.0,-0.0011319083596443708,0.0,2.5973333865746606
2023-01-27,-0.0001741238078088042,0.0,-0.0001741238078088042,0.0,2.5968811289952414
2023-01-30,-0.0003208394087810956,0.0,-0.0003208394087810956,0.0,2.5960479471891396
2023-01-31,0.0004545264427498752,0.0,0.0004545264427498752,0.0,2.5972279196277834
2023-02-01,0.001574601792476038,0.0,0.001574601792476038,0.0,2.601317519365498
2023-02-02,-0.002593992066975054,0.0,-0.002593992066975054,0.0,2.5945697223565807
2023-02-03,-0.003119721286500371,0.0,-0.003119721286500371,0.0,2.5864753879644353
2023-02-06,0.00025942623401470355,0.0,0.00025942623401470355,0.0,2.5871463875337066
2023-02-07,0.00011505321351032438,0.0,0.00011505321351032438,0.0,2.587444047039414
2023-02-08,0.0003089492650951986,0.0,0.0003089492650951986,0.0,2.588243435976222
2023-02-09,-0.0027986481633718446,2.5e-05,-0.0028236481633718445,0.125,2.5809351471518687
2023-02-10,0.00023839929013957928,2.5e-05,0.00021339929013957927,0.125,2.581485916880167
2023-02-13,-0.0006345212849808574,0.0,-0.0006345212849808574,0.0,2.5798479091190285
2023-02-14,9.421736290643468e-05,0.0,9.421736290643468e-05,0.0,2.5800909755857253
2023-02-15,-0.0012455834066835425,0.0,-0.0012455834066835425,0.0,2.576877257078802
2023-02-16,0.0,2.5e-05,-2.5e-05,0.125,2.5768128351473747
2023-02-17,0.0,0.0,0.0,0.0,2.5768128351473747
2023-02-21,0.0,0.0,0.0,0.0,2.5768128351473747
2023-02-22,0.0,0.0,0.0,0.0,2.5768128351473747
2023-02-23,0.0,0.0,0.0,0.0,2.5768128351473747
2023-02-24,0.0,0.0,0.0,0.0,2.5768128351473747
2023-02-27,0.0,0.0,0.0,0.0,2.5768128351473747
2023-02-28,0.0,0.0,0.0,0.0,2.5768128351473747
2023-03-01,0.0,0.0,0.0,0.0,2.5768128351473747
2023-03-02,0.0,0.0,0.0,0.0,2.5768128351473747
2023-03-03,0.0,0.0,0.0,0.0,2.5768128351473747
2023-03-06,-0.00031742889118620277,2.5e-05,-0.0003424288911862028,0.125,2.575930459985441
2023-03-07,-0.0020862948295247846,0.0,-0.0020862948295247846,0.0,2.570556309585558
2023-03-08,0.0006832749816725603,0.0,0.0006832749816725603,0.0,2.5723127064008784
2023-03-09,-0.000912021182117223,0.0,-0.000912021182117223,0.0,2.5699667027256115
2023-03-10,-0.0013330297964474214,0.0,-0.0013330297964474214,0.0,2.5665408605350004
2023-03-13,-0.0008557963294091864,0.0,-0.0008557963294091864,0.0,2.564344424287276
2023-03-14,0.0016683532273752966,0.0,0.0016683532273752966,0.0,2.5686226565836376
2023-03-15,-0.003871750334942095,0.0,-0.003871750334942095,0.0,2.55867759095267
2023-03-16,0.0019417706953078206,0.0,0.0019417706953078206,0.0,2.563645956117522
2023-03-17,0.0,2.5e-05,-2.5e-05,0.125,2.563581864968619
2023-03-20,0.0,0.0,0.0,0.0,2.563581864968619
2023-03-21,-0.002359389475784554,2.5e-05,-0.002384389475784554,0.125,2.5574692873494755
2023-03-22,0.0021275762372672813,0.0,0.0021275762372672813,0.0,2.562910498232781
2023-03-23,0.0015672720107031135,0.0,0.0015672720107031135,0.0,2.5669272761225983
2023-03-24,-0.0014065437808688797,0.0,-0.0014065437808688797,0.0,2.563316780526425
2023-03-27,-0.001157090256425769,0.0,-0.001157090256425769,0.0,2.5603507916555457
2023-03-28,0.001023636657155269,0.0,0.001023636657155269,0.0,2.5629716605810606
2023-03-29,0.0,2.5e-05,-2.5e-05,0.125,2.562907586289546
2023-03-30,0.0011299470686455815,2.5e-05,0.0011049470686455814,0.125,2.565739463514226
2023-03-31,-0.0006515307669492792,0.0,-0.0006515307669492792,0.0,2.5640678053137704
2023-04-03,0.0009005512885023881,0.0,0.0009005512885023881,0.0,2.566376879879653
2023-04-04,0.0023301198700547143,0.0,0.0023301198700547143,0.0,2.57235684564151
2023-04-05,-0.0009666110445260001,2.5e-05,-0.0009916110445260002,0.125,2.5698060681829094
2023-04-06,-0.0008917613831840726,2.5e-05,-0.0009167613831840726,0.125,2.5674501692173273
2023-04-10,-0.0009249858183841692,0.0,-0.0009249858183841692,0.0,2.565075314221393
2023-04-11,0.0012073617938009595,2.5e-05,0.0011823617938009595,0.125,2.5681081612711503
2023-04-12,0.0014078205032207747,0.0,0.0014078205032207747,0.0,2.5717235965950764
2023-04-13,0.003290916945961786,0.0,0.003290916945961786,0.0,2.580186925359441
2023-04-14,-0.002723854129947287,0.0,-0.002723854129947287,0.0,2.573158872546765
2023-04-17,-0.0007786613076170013,0.0,-0.0007786613076170013,0.0,2.571155253294361
2023-04-18,0.0011691805522038023,0.0,0.0011691805522038023,0.0,2.5741613980132096
2023-04-19,-0.0009885135766394826,0.0,-0.0009885135766394826,0.0,2.5716168045228125
2023-04-20,0.0004922823998808612,0.0,0.0004922823998808612,0.0,2.5728827662149167
2023-04-21,-0.0006046635581192644,0.0,-0.0006046635581192644,0.0,2.5713270377668733
2023-04-24,0.0007024950374900085,0.0,0.0007024950374900085,0.0,2.573133382250669
2023-04-25,-0.001108338834368533,0.0,-0.001108338834368533,0.0,2.5702814785971104
2023-04-26,-0.0007655198625020065,0.0,-0.0007655198625020065,0.0,2.5683138770730234
2023-04-27,0.0015705645260679357,0.0,0.0015705645260679357,0.0,2.5723475797401623
2023-04-28,-1.709773660554803e-05,0.0,-1.709773660554803e-05,0.0,2.572303598418786
2023-05-01,-0.0010177946419246547,5e-05,-0.0010677946419246547,0.25,2.569556906418991
2023-05-02,-0.0013413568731728553,0.0,-0.0013413568731728553,0.0,2.566110213601557
2023-05-03,0.0013862459284189887,5e-05,0.0013362459284189888,0.25,2.5695391679263566
2023-05-04,-0.0007044705611190527,5e-05,-0.0007544705611190527,0.25,2.5676005262685138
2023-05-05,0.00485183523544902,0.0,0.00485183523544902,0.0,2.580058100972421
2023-05-08,0.00018720088824641934,5e-05,0.00013720088824641934,0.25,2.5804120872356013
2023-05-09,0.0003783280746904455,0.0,0.0003783280746904455,0.0,2.5813883295724733
2023-05-10,0.0015109613942648759,5e-05,0.001460961394264876,0.25,2.585159638265585
2023-05-11,-0.0011896535882710557,0.0,-0.0011896535882710557,0.0,2.5820841938256685
2023-05-12,-0.002774508958494612,5e-05,-0.002824508958494612,0.25,2.5747910738886204
2023-05-15,0.006162104936783375,0.0,0.006162104936783375,0.0,2.5906572066762155
2023-05-16,-0.005266638330610515,2.5e-05,-0.005291638330610515,0.125,2.5769483856998954
2023-05-17,0.006543173303029087,2.5e-05,0.0065181733030290874,0.125,2.5937453818708485
2023-05-18,0.0017167359790632997,5e-05,0.0016667359790632998,0.25,2.5980684706193418
2023-05-19,0.000745938945875671,2.5e-05,0.000720938945875671,0.125,2.5999415193638633
2023-05-22,0.00021173581202052483,2.5e-05,0.00018673581202052482,0.125,2.600427021554687
2023-05-23,-0.005258563755057691,2.5e-05,-0.005283563755057691,0.125,2.586687499595928
2023-05-24,-0.005705004938626787,0.0,-0.005705004938626787,0.0,2.571930434636049
2023-05-25,0.0017715868680038965,0.0,0.0017715868680038965,0.0,2.57648683281947
2023-05-26,0.007957902320638588,0.0,0.007957902320638588,0.0,2.5969902633654587
2023-05-30,-0.00033783123780650737,0.0,-0.00033783123780650737,0.0,2.5961129189302143
2023-05-31,-0.003739141083853481,0.0,-0.003739141083853481,0.0,2.5864056864567195
2023-06-01,0.0054761345362299985,2.5e-05,0.005451134536229999,0.125,2.6005045318188653
2023-06-02,0.0025225595660363226,0.0,0.0025225595660363226,0.0,2.607064459402126
2023-06-05,-0.00012150520697161438,0.0,-0.00012150520697161438,0.0,2.606747687495398
2023-06-06,0.004719031587585409,2.5e-05,0.00469403158758541,0.125,2.6189838434813666
2023-06-07,-0.005153559717644363,2.5e-05,-0.0051785597176443625,0.125,2.6054212792483527
2023-06-08,0.004814286032497173,2.5e-05,0.004789286032497173,0.125,2.6178993869898277
2023-06-09,-0.0008546865429094469,0.0,-0.0008546865429094469,0.0,2.6156619036130766
2023-06-12,0.003678059044867399,2.5e-05,0.003653059044867399,0.125,2.625217070988385
2023-06-13,0.0034800574417144514,2.5e-05,0.0034550574417144516,0.125,2.6342873467656194
2023-06-14,0.00024835898263629586,0.0,0.00024835898263629586,0.0,2.634941595691034
2023-06-15,0.007438008743268859,2.5e-05,0.007413008743268859,0.125,2.654474440777894
2023-06-16,-0.0031036632344195597,0.0,-0.0031036632344195597,0.0,2.6462358460493456
2023-06-20,-0.008238744117752536,2.5e-05,-0.008263744117752537,0.125,2.6243680301423695
2023-06-21,-0.0032177696544587187,2.5e-05,-0.0032427696544587185,0.125,2.6158578091320925
2023-06-22,-0.001454992258579632,0.0,-0.001454992258579632,0.0,2.6120517562702603
2023-06-23,-0.007487540196579406,0.0,-0.007487540196579406,0.0,2.592493913749641
2023-06-26,-0.001270949877521299,0.0,-0.001270949877521299,0.0,2.5891989839274863
2023-06-27,0.00711349936791672,0.0,0.00711349936791672,0.0,2.607617249263065
2023-06-28,-3.6336977594489395e-05,0.0,-3.6336977594489395e-05,0.0,2.6075224963335035
2023-06-29,0.0013722855965993541,2.5e-05,0.001347285596599354,0.125,2.6110355738356223
2023-06-30,0.0063683017831451805,0.0,0.0063683017831451805,0.0,2.6276634363363356
2023-07-03,0.0006941435363404247,0.0,0.0006941435363404247,0.0,2.6294874119263465
2023-07-05,-0.004024355561307938,2.5e-05,-0.004049355561307938,0.125,2.6188396824514735
2023-07-06,-0.009032841589196872,0.0,-0.009032841589196872,0.0,2.5951841184523867
2023-07-07,0.0038804766520174477,0.0,0.0038804766520174477,0.0,2.605254669831728
2023-07-10,0.0030415249065268157,0.0,0.0030415249065268157,0.0,2.613178616797866
2023-07-11,0.005559830104453212,0.0,0.005559830104453212,0.0,2.6277074459398526
2023-07-12,0.010821342493815611,0.0,0.010821342493815611,0.0,2.656142768185917
2023-07-13,0.007841342652901595,0.0,0.007841342652901595,0.0,2.6769704937662895
2023-07-14,-0.003127913393257492,0.0,-0.003127913393257492,0.0,2.668597161905483
2023-07-17,0.0030289281273615104,0.0,0.0030289281273615104,0.0,2.6766801509097755
2023-07-18,0.004826799287464489,0.0,0.004826799287464489,0.0,2.689599948754957
2023-07-19,0.00048594529125906005,0.0,0.00048594529125906005,0.0,2.6909069471854252
2023-07-20,-0.0069980655560201305,0.0,-0.0069980655560201305,0.0,2.6720758039638715
2023-07-21,-0.0010870432675445102,0.0,-0.0010870432675445102,0.0,2.669171141950804
2023-07-24,0.0019324273118512397,0.0,0.0019324273118512397,0.0,2.674329121165515
2023-07-25,0.0030469737224312343,0.0,0.0030469737224312343,0.0,2.682477731722839
2023-07-26,0.002267240585068206,0.0,0.002267240585068206,0.0,2.6885595541047427
2023-07-27,-0.006531629640432274,0.0,-0.006531629640432274,0.0,2.6709988788310848
2023-07-28,0.010035267042107332,0.0,0.010035267042107332,0.0,2.697803065849324
2023-07-31,0.0021840712403835005,0.0,0.0021840712403835005,0.0,2.7036952599376645
2023-08-01,-0.005656114553990968,0.0,-0.005656114553990968,0.0,2.6884028498283747
2023-08-02,-0.012094231321489582,0.0,-0.012094231321489582,0.0,2.6558886838771985
2023-08-03,-0.0008045050130113252,0.0,-0.0008045050130113252,0.0,2.6537520081170194
2023-08-04,-0.0007551196003938165,0.0,-0.0007551196003938165,0.0,2.651748107961106
2023-08-07,0.0028203851202040914,0.0,0.0028203851202040914,0.0,2.6592270588673284
2023-08-08,-0.0054527549027476585,0.0,-0.0054527549027476585,0.0,2.64472694548457
2023-08-09,-0.0035043420233600853,0.0,-0.0035043420233600853,0.0,2.635458917709196
2023-08-10,0.0003106746271409333,0.0,0.0003106746271409333,0.0,2.6362776879258005
2023-08-11,-0.003373218966608346,0.0,-0.003373218966608346,0.0,2.6273849460276426
2023-08-14,0.0003418658837244931,0.0,0.0003418658837244931,0.0,2.6282831593041007
2023-08-15,-0.006092380243704981,2.5e-05,-0.006117380243704981,0.125,2.612204951830511
2023-08-16,-0.003985148782889636,2.5e-05,-0.004010148782889636,0.125,2.60172962132227
2023-08-17,-0.003398627703737181,0.0,-0.003398627703737181,0.0,2.59288731095361
2023-08-18,-7.529430168261297e-05,0.0,-7.529430168261297e-05,0.0,2.59269208131419
2023-08-21,0.0036347561228817216,0.0,0.0036347561228817216,0.0,2.602115884731494
2023-08-22,-0.0005428053142931821,0.0,-0.0005428053142931821,0.0,2.600703442400855
2023-08-23,0.005991574945762607,0.0,0.005991574945762607,0.0,2.6162857519877023
2023-08-24,-0.00614669649501777,0.0,-0.00614669649501777,0.0,2.6002042375259946
2023-08-25,0.002659299054081396,2.5e-05,0.002634299054081396,0.125,2.6070539530893275
2023-08-28,0.004630329545415424,0.0,0.004630329545415424,0.0,2.6191254720348094
2023-08-29,0.008898548204112317,0.0,0.008898548204112317,0.0,2.6424318863003298
2023-08-30,0.0014550576360521789,2.5e-05,0.0014300576360521788,0.125,2.646210716197081
2023-08-31,-0.002266213788163954,5e-05,-0.002316213788163954,0.25,2.6400815264498383
2023-09-01,0.00304597753605719,0.0,0.00304597753605719,0.0,2.648123155472764
2023-09-05,-0.006127915175978424,0.0,-0.006127915175978424,0.0,2.6318956814004824
2023-09-06,-0.003940523900940296,0.0,-0.003940523900940296,0.0,2.6215246335631424
2023-09-07,-0.004230501030747083,0.0,-0.004230501030747083,0.0,2.6104342708987245
2023-09-08,0.00020859112941876146,0.0,0.00020859112941876146,0.0,2.610978784331565
2023-09-11,0.005671922507355709,0.0,0.005671922507355709,0.0,2.6257880536646434
2023-09-12,-0.0037308292490422917,0.0,-0.0037308292490422917,0.0,2.6159916867922455
2023-09-13,-0.001036278830144885,0.0,-0.001036278830144885,0.0,2.6132807899873876
2023-09-14,0.0046427613365846165,2.5e-05,0.004617761336584617,0.125,2.6253482969810302
2023-09-15,-0.003577823941955216,0.0,-0.003577823941955216,0.0,2.61595526298812
2023-09-18,-0.0004885441555829845,2.5e-05,-0.0005135441555829844,0.125,2.614611854451546
2023-09-19,-0.001760937340213431,0.0,-0.001760937340213431,0.0,2.6100076868068776
2023-09-20,-0.004925301262137152,0.0,-0.004925301262137152,0.0,2.59715261265286
2023-09-21,-0.011443155985672915,0.0,-0.011443155985672915,0.0,2.567432990187675
2023-09-22,0.0014410264172360632,0.0,0.0014410264172360632,0.0,2.5711327289510186
2023-09-25,-7.223202645180449e-05,0.0,-7.223202645180449e-05,0.0,2.57094701082373
2023-09-26,-0.009698472958902596,0.0,-0.009698472958902596,0.0,2.5460127507604846
2023-09-27,-7.24172711521337e-05,0.0,-7.24172711521337e-05,0.0,2.545828375464756
2023-09-28,0.0036265350342757213,0.0,0.0036265350342757213,0.0,2.555060911259632
2023-09-29,-0.002351103481657499,0.0,-0.002351103481657499,0.0,2.5490536986553223
2023-10-02,-0.004664878100239578,0.0,-0.004664878100239578,0.0,2.5371626738801303
2023-10-03,-0.009551782360632338,0.0,-0.009551782360632338,0.0,2.512928248205707
2023-10-04,0.0025096769175092792,0.0,0.0025096769175092792,0.0,2.519234886225586
2023-10-05,0.0010192277915147124,0.0,0.0010192277915147124,0.0,2.5218025604349803
2023-10-06,0.008619843357695917,0.0,0.008619843357695917,0.0,2.543540103484966
2023-10-09,0.0029586958511661904,2.5e-05,0.0029336958511661905,0.125,2.5510020765338344
2023-10-10,0.006058557824185198,2.5e-05,0.0060335578241851985,0.125,2.5663936950722177
2023-10-11,0.0034118750817842547,0.0,0.0034118750817842547,0.0,2.5751499097704826
2023-10-12,-0.008664999939105841,2.5e-05,-0.008689999939105842,0.125,2.552771857211389
2023-10-13,-0.0011489813744732374,0.0,-0.0011489813744732374,0.0,2.5498387698941736
2023-10-16,0.007467274637548982,0.0,0.007467274637548982,0.0,2.5688791162704434
2023-10-17,0.0007757716430713546,0.0,0.0007757716430713546,0.0,2.570871979843324
2023-10-18,-0.010804144436859925,0.0,-0.010804144436859925,0.0,2.5430959076444206
2023-10-19,-0.007529354139246061,0.0,-0.007529354139246061,0.0,2.5239480379456984
2023-10-20,-0.007302496916547302,2.5e-05,-0.007327496916547302,0.125,2.5054538164801254
2023-10-23,-0.0002696517809282345,2.5e-05,-0.0002946517809282345,0.125,2.5047155800510663
2023-10-24,0.004455995565289486,0.0,0.004455995565289486,0.0,2.5158765815680852
2023-10-25,-0.0068680995240387455,0.0,-0.0068680995240387455,0.0,2.498597290815677
2023-10-26,-0.0051973102324975595,0.0,-0.0051973102324975595,0.0,2.48561130554923
2023-10-27,0.0010061407289214536,0.0,0.0010061407289214536,0.0,2.4881121803200106
2023-10-30,0.005092660982418257,0.0,0.005092660982418257,0.0,2.5007832921406057
2023-10-31,0.0004394406027241199,0.0,0.0004394406027241199,0.0,2.5018822378577865
2023-11-01,0.005443696954121197,0.0,0.005443696954121197,0.0,2.515501726575583
2023-11-02,0.009827440057378928,0.0,0.009827440057378928,0.0,2.5402226690077376
2023-11-03,0.006941451169145296,0.0,0.006941451169145296,0.0,2.5578555006234107
2023-11-06,0.00020287013303381396,0.0,0.00020287013303381396,0.0,2.5583744131091035
2023-11-07,-0.0009937838265837995,2.5e-05,-0.0010187838265837996,0.125,2.555767982634682
2023-11-08,-0.002077009283317846,2.5e-05,-0.002102009283317846,0.125,2.5503957346091775
2023-11-09,-0.002627765897214196,0.0,-0.002627765897214196,0.0,2.543693891673371
2023-11-10,0.0048467920538780435,0.0,0.0048467920538780435,0.0,2.5560226470150313
2023-11-13,0.00048040231648213694,0.0,0.00048040231648213694,0.0,2.557250566215638
2023-11-14,0.012749865450326331,0.0,0.012749865450326331,0.0,2.589855166857659
2023-11-15,0.0008837258765828498,0.0,0.0008837258765828498,0.0,2.5921438888852126
2023-11-16,0.0003857653981941961,0.0,0.0003857653981941961,0.0,2.593143848304685
2023-11-17,0.0020227761132689537,0.0,0.0020227761132689537,0.0,2.5983891977393063
2023-11-20,0.0043057635728084576,0.0,0.0043057635728084576,0.0,2.6095772472949115
2023-11-21,-0.0009184089035087634,0.0,-0.0009184089035087634,0.0,2.6071805883166017
2023-11-22,0.000504771316468075,0.0,0.000504771316468075,0.0,2.6084966182944362
2023-11-24,0.0015688113375648544,0.0,0.0015688113375648544,0.0,2.612588857363216
2023-11-27,-0.00042849505178933767,0.0,-0.00042849505178933767,0.0,2.611469375965476
2023-11-28,0.003199938205246694,0.0,0.003199938205246694,0.0,2.61982591659346
2023-11-29,-0.0004894645678750892,0.0,-0.0004894645678750892,0.0,2.6185436046332864
2023-11-30,-0.0001932916317902017,0.0,-0.0001932916317902017,0.0,2.6180374620670332
2023-12-01,0.008178334685249145,2.5e-05,0.008153334685249144,0.125,2.639383197713786
2023-12-04,-0.005569211103640656,5e-05,-0.005619211103640656,0.25,2.62455194634243
2023-12-05,-0.00306666539952824,0.0,-0.00306666539952824,0.0,2.6165033236993174
2023-12-06,-0.0011424790512286481,2.5e-05,-0.0011674790512286482,0.125,2.6134486108814285
2023-12-07,0.004477702167925535,2.5e-05,0.004452702167925535,0.125,2.6250855191768623
2023-12-08,3.4717721857646655e-06,2.5e-05,-2.1528227814235336e-05,0.125,2.625029005737774
2023-12-11,0.001822987071375709,0.0,0.001822987071375709,0.0,2.6298143996772203
2023-12-12,0.001550398369149511,0.0,0.001550398369149511,0.0,2.633891659633646
2023-12-13,0.018215069267588424,0.0,0.018215069267588424,0.0,2.6818681786571963
2023-12-14,0.010860795521700203,0.0,0.010860795521700203,0.0,2.7109954005617465
2023-12-15,-0.0055183737599071025,0.0,-0.0055183737599071025,0.0,2.6960351146800576
2023-12-18,0.002060030412649891,0.0,0.002060030412649891,0.0,2.7015890290098707
2023-12-19,0.007744229348421144,0.0,0.007744229348421144,0.0,2.7225107540557016
2023-12-20,-0.011748298336420868,0.0,-0.011748298336420868,0.0,2.6905258854929412
2023-12-21,0.011133111768684728,0.0,0.011133111768684728,0.0,2.720479810892674
2023-12-22,0.002160594644878805,0.0,0.002160594644878805,0.0,2.7263576650035897
2023-12-26,0.0063502066004731406,0.0,0.0063502066004731406,0.0,2.7436705994431456
2023-12-27,0.003487395957975842,0.0,0.003487395957975842,0.0,2.7532388652016606
2023-12-28,0.0003098247906724444,0.0,0.0003098247906724444,0.0,2.7540918868567434
2023-12-29,-0.0056772721617497635,2.5e-05,-0.005702272161749763,0.125,2.7383873053594194
2024-01-02,-0.00635014414438996,0.0,-0.00635014414438996,0.0,2.7209981512472194
2024-01-03,-0.010816307096673194,0.0,-0.010816307096673194,0.0,2.69156699963385
2024-01-04,-0.00341805929631675,0.0,-0.00341805929631675,0.0,2.682367064029092
2024-01-05,-0.001297812076709745,0.0,-0.001297812076709745,0.0,2.6788858556592263
2024-01-08,0.009111603376567093,2.5e-05,0.009086603376567092,0.125,2.7032278289206975
2024-01-09,-0.004747716011104991,0.0,-0.004747716011104991,0.0,2.690393670875666
2024-01-10,0.002000964881493539,0.0,0.002000964881493539,0.0,2.695777054128481
2024-01-11,-0.00170437323436598,2.5e-05,-0.0017293732343659802,0.125,2.691115049445253
2024-01-12,0.0024376409935252114,0.0,0.0024376409935252114,0.0,2.6976750218080734
2024-01-16,-0.0062200505080856755,0.0,-0.0062200505080856755,0.0,2.680895346918026
2024-01-17,-0.007138320758797487,0.0,-0.007138320758797487,0.0,2.661758256010957
2024-01-18,0.005087571773339336,0.0,0.005087571773339336,0.0,2.6753001421816918
2024-01-19,0.007394994919778991,0.0,0.007394994919778991,0.0,2.695083973142009
2024-01-22,0.003013902876964264,2.5e-05,0.002988902876964264,0.125,2.7031393173829934
2024-01-23,-0.00020425836215508253,2.5e-05,-0.00022925836215508254,0.125,2.7025196000904135
2024-01-24,-0.0020683406068759957,0.0,-0.0020683406068759957,0.0,2.6969298690606682
2024-01-25,0.004321807799112648,0.0,0.004321807799112648,0.0,2.7085854816024346
2024-01-26,-0.0004319201009867074,2.5e-05,-0.0004569201009867074,0.125,2.7073478744506496
2024-01-29,0.0068969553641517745,2.5e-05,0.006871955364151775,0.125,2.725952648199106
2024-01-30,-0.003157023225801442,0.0,-0.003157023225801442,0.0,2.717346752376306
2024-01-31,-0.008264495692871396,2.5e-05,-0.008289495692871397,0.125,2.694821318176445
2024-02-01,0.007300245386554272,0.0,0.007300245386554272,0.0,2.7144941750720504
2024-02-02,0.0005979984466894517,0.0,0.0005979984466894517,0.0,2.716117438372291
2024-02-05,-0.003561043289240118,0.0,-0.003561043289240118,0.0,2.706445226595587
2024-02-06,0.002660942667856589,0.0,0.002660942667856589,0.0,2.713646922177252
2024-02-07,0.0022291890968633155,2.5e-05,0.0022041890968633156,0.125,2.719628313135852
2024-02-08,-4.218008563346143e-05,0.0,-4.218008563346143e-05,0.0,2.7195135989807127
2024-02-09,0.004473455107930499,5e-05,0.004423455107930499,0.25,2.7315432453012103
2024-02-12,0.0025943762560531186,0.0,0.0025943762560531186,0.0,2.7386298962392024
2024-02-13,-0.014810039669418823,0.0,-0.014810039669418823,0.0,2.6980706788360433
2024-02-14,0.008512262796456282,0.0,0.008512262796456282,0.0,2.721037365497709
2024-02-15,0.007421411865614624,0.0,0.007421411865614624,0.0,2.741231304488794
2024-02-16,-0.0022049880375251407,0.0,-0.0022049880375251407,0.0,2.735186922254307
2024-02-20,-0.0019003573585663763,0.0,-0.0019003573585663763,0.0,2.7299890896595462
2024-02-21,-0.0006549647160396938,0.0,-0.0006549647160396938,0.0,2.728201043130646
2024-02-22,0.00992790956302167,0.0,0.00992790956302167,0.0,2.7552863763565885
2024-02-23,0.0008067268503694353,0.0,0.0008067268503694353,0.0,2.7575091398568525
2024-02-26,-0.0021165865513788074,2.5e-05,-0.002141586551378807,0.125,2.751603695367631
2024-02-27,0.0029071948142177784,0.0,0.0029071948142177784,0.0,2.7596031433615864
2024-02-28,-0.002730571321637454,0.0,-0.002730571321637454,0.0,2.752067850159223
2024-02-29,0.004483429791864613,0.0,0.004483429791864613,0.0,2.764406553147859
2024-03-01,0.010980328314276727,0.0,0.010980328314276727,0.0,2.7947606446955606
2024-03-04,0.0018976210357673773,0.0,0.0018976210357673773,0.0,2.8000640412848696
2024-03-05,-0.006793001507897911,0.0,-0.006793001507897911,0.0,2.781043202030211
2024-03-06,0.007292998997156491,0.0,0.007292998997156491,0.0,2.801325347313666
2024-03-07,0.0071100798284541855,0.0,0.0071100798284541855,0.0,2.8212429941585384
2024-03-08,-0.0006664504088613882,0.0,-0.0006664504088613882,0.0,2.819362775611584
2024-03-11,-0.002365989276825589,0.0,-0.002365989276825589,0.0,2.8126921935170057
2024-03-12,0.003700720507035876,0.0,0.003700720507035876,0.0,2.8231011811975337
2024-03-13,-0.0008012156936367115,0.0,-0.0008012156936367115,0.0,2.820839268226434
2024-03-14,-0.006744310266641365,0.0,-0.006744310266641365,0.0,2.801814652989189
2024-03-15,-0.003500798461085128,0.0,-0.003500798461085128,0.0,2.792006064563759
2024-03-18,0.001660589047247668,0.0,0.001660589047247668,0.0,2.7966424392544225
2024-03-19,0.000956072627063112,0.0,0.000956072627063112,0.0,2.7993162325382768
2024-03-20,0.010166662127958193,0.0,0.010166662127958193,0.0,2.8277759348638023
2024-03-21,0.0033041106224930006,0.0,0.0033041106224930006,0.0,2.8371192193682155
2024-03-22,-0.005542416637005748,0.0,-0.005542416637005748,0.0,2.8213947226056204
2024-03-25,-0.0010568205085475096,0.0,-0.0010568205085475096,0.0,2.818413014800063
2024-03-26,-0.0009121500723095338,0.0,-0.0009121500723095338,0.0,2.8158421991648153
2024-03-27,0.009298416115539027,0.0,0.009298416115539027,0.0,2.842025071648344
2024-03-28,0.002816675580640249,0.0,0.002816675580640249,0.0,2.8500301342672234
2024-04-01,-0.0022687702508609325,0.0,-0.0022687702508609325,0.0,2.8435640706845406
2024-04-02,-0.004383535144584269,0.0,-0.004383535144584269,0.0,2.831099207644818
2024-04-03,0.0032549544024310373,0.0,0.0032549544024310373,0.0,2.8403143064744603
2024-04-04,-0.007732480368926847,0.0,-0.007732480368926847,0.0,2.8183516318580644
2024-04-05,0.006649193349204691,0.0,0.006649193349204691,0.0,2.8370913967843356
2024-04-08,0.004345841582707899,0.0,0.004345841582707899,0.0,2.8494209465504237
2024-04-09,0.004278860418431285,0.0,0.004278860418431285,0.0,2.8616132210540677
2024-04-10,-0.015361508737854537,0.0,-0.015361508737854537,0.0,2.8176545245544853
2024-04-11,0.00773253710785074,0.0,0.00773253710785074,0.0,2.839442142722706
2024-04-12,-0.013963888354026316,0.0,-0.013963888354026316,0.0,2.799792489654009
2024-04-15,-0.006413753659910176,0.0,-0.006413753659910176,0.0,2.7818353103265014
2024-04-16,-0.005160629637053604,0.0,-0.005160629637053604,0.0,2.7674792885786283
2024-04-17,-0.005434025145879914,0.0,-0.005434025145879914,0.0,2.7524407365337904
2024-04-18,-0.0004716913523180738,0.0,-0.0004716913523180738,0.0,2.7511424340405997
2024-04-19,-0.003543640987767896,2.5e-05,-0.0035686409877678958,0.125,2.741324594387295
2024-04-22,0.0035334569749013583,0.0,0.0035334569749013583,0.0,2.7510109468958013
2024-04-23,0.007525402787442195,0.0,0.007525402787442195,0.0,2.771713412343855
2024-04-24,-3.962614872565773e-06,2.5e-05,-2.8962614872565774e-05,0.125,2.771633136275756
2024-04-25,-0.002107636205433555,0.0,-0.002107636205433555,0.0,2.765791541929562
2024-04-26,0.007222437563229905,0.0,0.007222437563229905,0.0,2.7857672986540574
2024-04-29,0.004678775296497045,0.0,0.004678775296497045,0.0,2.798801277872789
2024-04-30,-0.014807375582503446,0.0,-0.014807375582503446,0.0,2.757358376170536
2024-05-01,-2.1213644513892738e-05,0.0,-2.1213644513892738e-05,0.0,2.7572998825501465
2024-05-02,0.009592846058144797,2.5e-05,0.009567846058144796,0.125,2.7836813033625267
2024-05-03,0.008412134975286659,2.5e-05,0.008387134975286658,0.125,2.80702841418201
2024-05-06,0.006671323685256664,0.0,0.006671323685256664,0.0,2.825755009326731
2024-05-07,0.0006714815660967127,0.0,0.0006714815660967127,0.0,2.827652451725799
2024-05-08,-0.0023167938219911532,0.0,-0.0023167938219911532,0.0,2.8211013639949027
2024-05-09,0.008146561084956871,0.0,0.008146561084956871,0.0,2.8440836385835424
2024-05-10,0.0006818985307151665,0.0,0.0006818985307151665,0.0,2.8460230150379235
2024-05-13,0.0005163674540713814,0.0,0.0005163674540713814,0.0,2.847492608696427
2024-05-14,0.006296544327044573,0.0,0.006296544327044573,0.0,2.865421972128016
2024-05-15,0.011059687065913343,0.0,0.011059687065913343,0.0,2.8971126424515443
2024-05-16,-0.002401105033525655,0.0,-0.002401105033525655,0.0,2.890156370703063
2024-05-17,0.0032314259834591297,0.0,0.0032314259834591297,0.0,2.899495697095613
2024-05-20,0.0006938448143614107,0.0,0.0006938448143614107,0.0,2.9015074971493062
2024-05-21,-0.0007693580863444016,0.0,-0.0007693580863444016,0.0,2.8992751988937857
2024-05-22,-0.006446982890002451,0.0,-0.006446982890002451,0.0,2.880583621293109
2024-05-23,-0.010270816766538668,0.0,-0.010270816766538668,0.0,2.850997674738115
2024-05-24,0.004976756733614807,0.0,0.004976756733614807,0.0,2.865186396613388
2024-05-28,0.0006581099370799315,0.0,0.0006581099370799315,0.0,2.8670720042525852
2024-05-29,-0.00981682020065236,0.0,-0.00981682020065236,0.0,2.8389264738845137
2024-05-30,0.0017835694529655527,0.0,0.0017835694529655527,0.0,2.843989896422549
2024-05-31,0.0035497521040419866,0.0,0.0035497521040419866,0.0,2.8540853555412493
2024-06-03,0.002568056754111883,0.0,0.002568056754111883,0.0,2.861414808715359
2024-06-04,-0.0031898073804722538,0.0,-0.0031898073804722538,0.0,2.852287446639926
2024-06-05,0.01013687305781133,0.0,0.01013687305781133,0.0,2.8812007224109037
2024-06-06,0.001269594865588003,0.0,0.001269594865588003,0.0,2.8848586800548053
2024-06-07,-0.010134733850103522,0.0,-0.010134733850103522,0.0,2.855621405137289
2024-06-10,0.003538758003921394,0.0,0.003538758003921394,0.0,2.865726758240888
2024-06-11,-0.0011987511475092388,0.0,-0.0011987511475092388,0.0,2.8622914650009985
2024-06-12,0.00875805115324818,0.0,0.00875805115324818,0.0,2.8873595600669826
2024-06-13,-0.0027543393575417685,0.0,-0.0027543393575417685,0.0,2.8794067919913156
2024-06-14,-0.0009067400096468559,0.0,-0.0009067400096468559,0.0,2.876795918648968
2024-06-17,0.0037335793847133036,0.0,0.0037335793847133036,0.0,2.887536664584863
2024-06-18,0.0032114612853498536,0.0,0.0032114612853498536,0.0,2.8968098767932053
2024-06-20,-0.0007533258379293639,0.0,-0.0007533258379293639,0.0,2.894627635065448
2024-06-21,-0.0031580408737538895,0.0,-0.0031580408737538895,0.0,2.8854862826796137
2024-06-24,0.0011699483116755366,0.0,0.0011699483116755366,0.0,2.888862152484398
2024-06-25,-0.0006464282740810262,0.0,-0.0006464282740810262,0.0,2.8869947103091094
2024-06-26,-0.0026433373233267915,0.0,-0.0026433373233267915,0.0,2.8793634094391023
2024-06-27,0.004604812053758456,0.0,0.004604812053758456,0.0,2.8926223367740387
2024-06-28,0.0007606920481454532,0.0,0.0007606920481454532,0.0,2.894822731583911
2024-07-01,-0.0003934923667694157,0.0,-0.0003934923667694157,0.0,2.893683640935882
2024-07-02,0.003847468354155656,0.0,0.003847468354155656,0.0,2.9048169971713205
2024-07-03,0.0061274954111100455,0.0,0.0061274954111100455,0.0,2.9226162499916026
2024-07-05,0.004811173194406132,0.0,0.004811173194406132,0.0,2.936677462951098
2024-07-08,-0.0004227717865380176,0.0,-0.0004227717865380176,0.0,2.9354359185736
2024-07-09,-0.0001184060371507284,0.0,-0.0001184060371507284,0.0,2.935088345239172
2024-07-10,0.007622717480180452,0.0,0.007622717480180452,0.0,2.9574616944743
2024-07-11,0.007570303421771854,0.0,0.007570303421771854,0.0,2.979850576859738
2024-07-12,0.00569374480305028,0.0,0.00569374480305028,0.0,2.9968170855955996
2024-07-15,0.0018784128293030666,0.0,0.0018784128293030666,0.0,3.002446345256257
2024-07-16,0.01039025930254614,0.0,0.01039025930254614,0.0,3.0336425413254515
2024-07-17,-0.00914838283995939,0.0,-0.00914838283995939,0.0,3.005889617957819
2024-07-18,-0.00828225402387646,0.0,-0.00828225402387646,0.0,2.9809940765741594
2024-07-19,-0.007023572240740128,0.0,-0.007023572240740128,0.0,2.9600568493281223
2024-07-22,0.00884757254528476,0.0,0.00884757254528476,0.0,2.98624616704072
2024-07-23,-0.000768811545695941,0.0,-0.000768811545695941,0.0,2.983950306509209
2024-07-24,-0.015673060518969162,0.0,-0.015673060518969162,0.0,2.9371826727696932
2024-07-25,-0.004131806275468011,0.0,-0.004131806275468011,0.0,2.9250468029701473
2024-07-26,0.011130085618220709,0.0,0.011130085618220709,0.0,2.9576028243245074
2024-07-29,-0.0015612788590851079,0.0,-0.0015612788590851079,0.0,2.9529851815613193
2024-07-30,6.59527583338898e-05,0.0,6.59527583338898e-05,0.0,2.9531799390793627
2024-07-31,0.012781381502296199,0.0,0.012781381502296199,0.0,2.9909256585256636
2024-08-01,-0.01353097122456677,0.0,-0.01353097122456677,0.0,2.9504555295053345
2024-08-02,-0.013764321279613426,0.0,-0.013764321279613426,0.0,2.909844511676011
2024-08-05,-0.02216078715163776,2.5e-05,-0.02218578715163776,0.125,2.8452873206956055
2024-08-06,0.0033050722219650913,0.0,0.0033050722219650913,0.0,2.8546912007827463
2024-08-07,-0.0041261972409376985,0.0,-0.0041261972409376985,0.0,2.8429121818263474
2024-08-08,0.017105714309186587,0.0,0.017105714309186587,0.0,2.891542225414775
2024-08-09,0.0042366462840117,0.0,0.0042366462840117,0.0,2.903792667039142
2024-08-12,0.0011898953464893336,0.0,0.0011898953464893336,0.0,2.9072478764208216
2024-08-13,0.012526231844880262,0.0,0.012526231844880262,0.0,2.9436647373514044
2024-08-14,-0.0004600036812791447,0.0,-0.0004600036812791447,0.0,2.942310640735771
2024-08-15,0.010734668438967435,0.0,0.010734668438967435,0.0,2.9738953699085156
2024-08-16,0.006083882794896023,0.0,0.006083882794896023,0.0,2.9919882007833234
2024-08-19,0.008512889286646716,0.0,0.008512889286646716,0.0,3.0174586650835447
2024-08-20,-0.0019720487851844354,0.0,-0.0019720487851844354,0.0,3.0115080893887223
2024-08-21,0.00486092839800098,0.0,0.00486092839800098,0.0,3.026146814581242
2024-08-22,-0.008717301557861754,0.0,-0.008717301557861754,0.0,2.9997669802401745
2024-08-23,0.016065180127660228,0.0,0.016065180127660228,0.0,3.04795877711874
2024-08-26,-0.0030569073282444847,0.0,-0.0030569073282444847,0.0,3.0386414495967786
2024-08-27,0.0006305912291133253,0.0,0.0006305912291133253,0.0,3.040557590243315
2024-08-28,-0.005721741137416095,0.0,-0.005721741137416095,0.0,3.023160306798537
2024-08-29,0.0011021457259692835,0.0,0.0011021457259692835,0.0,3.026492270009595
2024-08-30,0.002848377755903006,0.0,0.002848377755903006,0.0,3.0351128632699025
2024-09-03,-0.013203780938747994,0.0,-0.013203780938747994,0.0,2.9950378978989107
2024-09-04,0.0006702765160859908,0.0,0.0006702765160859908,0.0,2.99704540146666
2024-09-05,0.0007399134919397199,0.0,0.0007399134919397199,0.0,2.9992629557951607
2024-09-06,-0.013527823023717564,0.0,-0.013527823023717564,0.0,2.9586894573275715
2024-09-09,0.008117064430166826,0.0,0.008117064430166826,0.0,2.982705330281555
2024-09-10,0.003738026329048655,0.0,0.003738026329048655,0.0,2.993854761337942
2024-09-11,0.00549227997159471,0.0,0.00549227997159471,0.0,3.0102978498815016
2024-09-12,0.008085832991863856,0.0,0.008085832991863856,0.0,3.03463861555141
2024-09-13,0.008060894889841741,0.0,0.008060894889841741,0.0,3.0591005184600246
2024-09-16,0.00305554001545226,0.0,0.00305554001545226,0.0,3.0684477225054696
2024-09-17,-0.00157036619772577,0.0,-0.00157036619772577,0.0,3.0636291359225583
2024-09-18,-0.00438854541912756,0.0,-0.00438854541912756,0.0,3.0501842603121996
2024-09-19,0.014545680534198857,0.0,0.014545680534198857,0.0,3.0945512661331422
2024-09-20,-0.0026704284372086468,0.0,-0.0026704284372086468,0.0,3.0862874884316605
2024-09-23,0.002847552241253215,0.0,0.002847552241253215,0.0,3.0950758532864957
2024-09-24,0.00806833680591408,0.0,0.00806833680591408,0.0,3.1200479677106627
2024-09-25,-0.00572541148397461,0.0,-0.00572541148397461,0.0,3.10218440924578
2024-09-26,0.009230250421509836,0.0,0.009230250421509836,0.0,3.130818348196822
2024-09-27,-0.0012091443818413872,0.0,-0.0012091443818413872,0.0,3.127032736780534
2024-09-30,-0.0018988711793901936,0.0,-0.0018988711793901936,0.0,3.1210949044396523
2024-10-01,-0.003180712684519374,0.0,-0.003180712684519374,0.0,3.1111675982875124
2024-10-02,0.0007968809495867563,0.0,0.0007968809495867563,0.0,3.1136468284775596
2024-10-03,-0.006213227523838544,0.0,-0.006213227523838544,0.0,3.09430103230335
2024-10-04,0.003867016308726892,0.0,0.003867016308726892,0.0,3.1062667448593775
2024-10-07,-0.0055780935261595666,0.0,-0.0055780935261595666,0.0,3.0889396984393525
2024-10-08,-0.0006093810334938943,0.0,-0.0006093810334938943,0.0,3.087057357173517
2024-10-09,0.00022001464230694823,0.0,0.00022001464230694823,0.0,3.087736554993737
2024-10-10,-0.0016440909646411178,0.0,-0.0016440909646411178,0.0,3.0826600352224793
2024-10-11,0.007296386993847173,0.0,0.007296386993847173,0.0,3.1051523158099292
2024-10-14,0.003485759407582542,0.0,0.003485759407582542,0.0,3.1159761297067403
2024-10-15,-0.003808283657888961,0.0,-0.003808283657888961,0.0,3.104109608733606
2024-10-16,0.006431696711358015,0.0,0.006431696711358015,0.0,3.124074300295793
2024-10-17,-0.0026396814901579607,0.0,-0.0026396814901579607,0.0,3.115827739191424
2024-10-18,0.00547253330529579,0.0,0.00547253330529579,0.0,3.132879210267714
2024-10-21,-0.008939699056818975,0.0,-0.008939699056818975,0.0,3.104872212946556
2024-10-22,0.00026630069732234973,0.0,0.00026630069732234973,0.0,3.10569904258196
2024-10-23,-0.007129155963434317,0.0,-0.007129155963434317,0.0,3.0835580297319045
2024-10-24,0.004104827517806539,0.0,0.004104827517806539,0.0,3.0962155035851016
2024-10-25,-0.0019067626284264422,0.0,-0.0019067626284264422,0.0,3.090311755573311
2024-10-28,0.004058342935311321,0.0,0.004058342935311321,0.0,3.1028533004544516
2024-10-29,0.0008166806282836059,0.0,0.0008166806282836059,0.0,3.1053873406373387
2024-10-30,-0.001913936256012494,0.0,-0.001913936256012494,0.0,3.0994438272171303
2024-10-31,-0.013109821501783345,0.0,-0.013109821501783345,0.0,3.0588106718875094
2024-11-01,-0.0011382357811791366,0.0,-0.0011382357811791366,0.0,3.0553290241329147
2024-11-04,0.004284921561231073,0.0,0.004284921561231073,0.0,3.068420869345077
2024-11-05,0.011010483641591212,0.0,0.011010483641591212,0.0,3.1022056671325178
2024-11-06,0.0005118621955071262,0.0,0.0005118621955071262,0.0,3.103793568936211
2024-11-07,0.012227121135426067,0.0,0.012227121135426067,0.0,3.141744028882951
2024-11-08,-0.000599082324799341,0.0,-0.000599082324799341,0.0,3.1398618655662034
2024-11-11,-0.0031627177576184634,0.0,-0.0031627177576184634,0.0,3.129931368687508
2024-11-12,-0.01218031866736248,0.0,-0.01218031866736248,0.0,3.0918078072099204
2024-11-13,-0.004637302154949785,0.0,-0.004637302154949785,0.0,3.0774701602028554
2024-11-14,-0.004518991167637237,0.0,-0.004518991167637237,0.0,3.0635630997302314
2024-11-15,-0.007383195293637318,0.0,-0.007383195293637318,0.0,3.0409442150705424
2024-11-18,0.007239357349170111,0.0,0.007239357349170111,0.0,3.0629586969223292
2024-11-19,0.004363269430208538,0.0,0.004363269430208538,0.0,3.076323210970602
2024-11-20,-0.00020358845766801914,0.0,-0.00020358845766801914,0.0,3.075696907072792
2024-11-21,0.004661993647464502,0.0,0.004661993647464502,0.0,3.090035786515092
2024-11-22,0.0060338193935760565,0.0,0.0060338193935760565,0.0,3.1086805043706107
2024-11-25,0.004547404628713628,0.0,0.004547404628713628,0.0,3.1228169324853776
2024-11-26,-0.0005784836350648248,0.0,-0.0005784836350648248,0.0,3.1210104339946314
2024-11-27,0.0016074315152977414,0.0,0.0016074315152977414,0.0,3.1260272445258073
2024-11-29,0.006033362963640501,0.0,0.006033362963640501,0.0,3.1448877015262604
2024-12-02,-0.00025245209406085656,0.0,-0.00025245209406085656,0.0,3.144093768040424
2024-12-03,-0.0009389953893000069,0.0,-0.0009389953893000069,0.0,3.141141478488707
2024-12-04,0.004564249993128516,0.0,0.004564249993128516,0.0,3.1554784334603148
2024-12-05,-0.0015394194373555825,0.0,-0.0015394194373555825,0.0,3.15062082862569
2024-12-06,0.0016363168522870036,0.0,0.0016363168522870036,0.0,3.1557762425827365
2024-12-09,0.0006833787311515682,0.0,0.0006833787311515682,0.0,3.157932832947191
2024-12-10,-0.0052466782000698264,0.0,-0.0052466782000698264,0.0,3.141364175595282
2024-12-11,0.004787221275082604,0.0,0.004787221275082604,0.0,3.1564025810094742
2024-12-12,-0.008343991363939957,0.0,-0.008343991363939957,0.0,3.1300655851324133
2024-12-13,-0.0033058678062362484,0.0,-0.0033058678062362484,0.0,3.119718002083116
2024-12-16,0.0022120063840641996,0.0,0.0022120063840641996,0.0,3.126618838220204
2024-12-17,-0.004075022623861599,2.5e-05,-0.004100022623861599,0.125,3.1137996302473097
2024-12-18,-0.02730078836185537,0.0,-0.02730078836185537,0.0,3.0287904455407046
2024-12-19,-0.00288536274237243,0.0,-0.00288536274237243,0.0,3.020051286434688
2024-12-20,0.007330475620682744,0.0,0.007330475620682744,0.0,3.0421896987631087
2024-12-23,0.0031046384410449157,0.0,0.0031046384410449157,0.0,3.0516345978468395
2024-12-24,0.006110280330105106,0.0,0.006110280330105106,0.0,3.0702809407047313
2024-12-26,0.0025377167819839175,0.0,0.0025377167819839175,0.0,3.0780724441733636
2024-12-27,-0.0076528011133914775,0.0,-0.0076528011133914775,0.0,3.0545165679454938
2024-12-30,-0.006894406853568194,0.0,-0.006894406853568194,0.0,3.0334574879851126
2024-12-31,9.407500244058842e-05,0.0,9.407500244058842e-05,0.0,3.033742860505698
2025-01-02,-0.00046909923297920597,0.0,-0.00046909923297920597,0.0,3.0323197340567787
2025-01-03,0.007842391329953138,0.0,0.007842391329953138,0.0,3.0561003720487916
2025-01-06,0.0020797936558203944,0.0,0.0020797936558203944,0.0,3.062456430214129
2025-01-07,-0.006115316965482218,0.0,-0.006115316965482218,0.0,3.0437285384503903
2025-01-08,-0.00016091349285149437,0.0,-0.00016091349285149437,0.0,3.0432387614599765
2025-01-10,-0.012501212126543926,0.0,-0.012501212126543926,0.0,3.0051945881512445
2025-01-13,-0.0008770207059371482,0.0,-0.0008770207059371482,0.0,3.0025589702720654
2025-01-14,0.005130838040152186,0.0,0.005130838040152186,0.0,3.0179646140545375
2025-01-15,0.012491524925427766,0.0,0.012491524925427766,0.0,3.055663594255059
2025-01-16,0.003078549321588589,0.0,0.003078549321588589,0.0,3.0650706053401557
2025-01-17,0.004652414638285404,0.0,0.004652414638285404,0.0,3.0793305846918186
2025-01-21,0.012415923470685958,0.0,0.012415923470685958,0.0,3.117563317572295
2025-01-22,-0.0002483919841115012,0.0,-0.0002483919841115012,0.0,3.11678893983425
2025-01-23,0.0035772639791983862,0.0,0.0035772639791983862,0.0,3.127938516639483
2025-01-24,0.0013041446872387452,0.0,0.0013041446872387452,0.0,3.1320178010379682
2025-01-27,-0.008507814773463573,0.0,-0.008507814773463573,0.0,3.105371173719546
2025-01-28,0.0033932195772904544,0.0,0.0033932195772904544,0.0,3.115908379980965
2025-01-29,-0.0031999730892148387,0.0,-0.0031999730892148387,0.0,3.105937557016567
2025-01-30,0.009450523184078463,0.0,0.009450523184078463,0.0,3.1352902919074523
2025-01-31,-0.004586081783611806,0.0,-0.004586081783611806,0.0,3.1209115942134003
2025-02-03,-0.005273490784418508,0.0,-0.005273490784418508,0.0,3.104453495682331
2025-02-04,0.009124707340438826,0.0,0.009124707340438826,0.0,3.1327807252824345
2025-02-05,0.005862748021782757,0.0,0.005862748021782757,0.0,3.1511474292822634
2025-02-06,0.001776844929407162,0.0,0.001776844929407162,0.0,3.1567465296137978
2025-02-07,-0.005652151542250655,0.0,-0.005652151542250655,0.0,3.138904119847947
2025-02-10,0.00734142004887596,0.0,0.00734142004887596,0.0,3.161948133484898
2025-02-11,-0.000733269577135931,0.0,-0.000733269577135931,0.0,3.159629573114132
2025-02-12,-0.001350844435133905,0.0,-0.001350844435133905,0.0,3.155361405088206
2025-02-13,0.009322231350156196,0.0,0.009322231350156196,0.0,3.1847764140997925
2025-02-14,-0.0008568250576622971,0.0,-0.0008568250576622971,0.0,3.1820476178651402
2025-02-18,0.005653954738844141,0.0,0.005653954738844141,0.0,3.2000387710733964
2025-02-19,-0.0012629382539100231,2.5e-05,-0.0012879382539100232,0.125,3.195917318726136
2025-02-20,0.00014335790041404561,2.5e-05,0.00011835790041404562,0.125,3.196295580789877
2025-02-21,-0.010815244336430788,0.0,-0.010815244336430788,0.0,3.1617268631121807
2025-02-24,-0.0037732548275221794,0.0,-0.0037732548275221794,0.0,3.1497968619626358
2025-02-25,0.000591997400029326,2.5e-05,0.000566997400029326,0.125,3.151582788593989
2025-02-26,0.0023378016833255078,0.0,0.0023378016833255078,0.0,3.158950564142304
2025-02-27,-0.013508999485624576,0.0,-0.013508999485624576,0.0,3.116276302596192
2025-02-28,0.005614417066524213,0.0,0.005614417066524213,0.0,3.1337723774534934
2025-03-03,-0.005247305479220671,0.0,-0.005247305479220671,0.0,3.1173285164866513
2025-03-04,-0.004145864088069884,0.0,-0.004145864088069884,0.0,3.1044044961394333
2025-03-05,0.0115904303265012,0.0,0.0115904303265012,0.0,3.140385880157214
2025-03-06,-0.013901986099060237,0.0,-0.013901986099060237,0.0,3.0967282793055833
2025-03-07,0.004764972679408203,2.5e-05,0.004739972679408203,0.125,3.1114066867450423
2025-03-10,-0.018241365763609366,2.5e-05,-0.018266365763609366,0.125,3.0545725941656174
2025-03-11,-0.0007324156889897265,2.5e-05,-0.0007574156889897265,0.125,3.0522590129596385
2025-03-12,0.003813657703587131,2.5e-05,0.0037886577035871312,0.125,3.063822977582431
2025-03-13,-0.0055055215635413796,0.0,-0.0055055215635413796,0.0,3.0469550341124774
2025-03-14,0.012736459721803789,0.0,0.012736459721803789,0.0,3.085762454178598
2025-03-17,0.008120577605691959,0.0,0.008120577605691959,0.0,3.110820627660486
2025-03-18,-0.0044114621085536015,2.5e-05,-0.004436462108553601,0.125,3.0970195898193635
2025-03-19,0.006315991856508996,0.0,0.006315991856508996,0.0,3.1165803403281114
2025-03-20,-0.00394499766977352,2.5e-05,-0.00396999766977352,0.125,3.1042075236393467
2025-03-21,-0.004836019864925711,0.0,-0.004836019864925711,0.0,3.0891955143901746
2025-03-24,0.008723778064475995,0.0,0.008723778064475995,0.0,3.116144970455489
2025-03-25,-0.00022236084118448796,0.0,-0.00022236084118448796,0.0,3.115452061838606
2025-03-26,-0.007875164972124829,0.0,-0.007875164972124829,0.0,3.090917362888881
2025-03-27,0.00024258597700016482,0.0,0.00024258597700016482,0.0,3.0916671760971837
2025-03-28,-0.011028161191291852,2.5e-05,-0.011053161191291853,0.125,3.0574944804499555
2025-03-31,0.0018805503341619983,0.0,0.0018805503341619983,0.0,3.063244252716864
2025-04-01,0.0028358150044036357,5e-05,0.0027858150044036355,0.25,3.0717778845182355
2025-04-02,0.003098059015106583,0.0,0.003098059015106583,0.0,3.0812944336857724
2025-04-03,-0.02256698411044275,0.0,-0.02256698411044275,0.0,3.01175891116119
2025-04-04,-0.03727029665292267,0.0,-0.03727029665292267,0.0,2.899509763095129
2025-04-07,-0.017324270161245714,0.0,-0.017324270161245714,0.0,2.8492778726240995
2025-04-08,-0.0067930794386705795,7.500000000000001e-05,-0.00686807943867058,0.375,2.8297088058520705
2025-04-09,0.012816714398233592,2.5e-05,0.012791714398233591,0.125,2.865905632726697
2025-04-10,-0.00039308367983399706,2.5e-05,-0.00041808367983399707,0.125,2.8647074443537095
2025-04-11,0.016180086318571346,0.000125,0.016055086318571346,0.625,2.9107005696502624
2025-04-14,0.0052779472917900555,5e-05,0.005227947291790056,0.25,2.925917558810577
2025-04-15,0.0022756775942139457,5e-05,0.0022256775942139455,0.25,2.932429707963739
2025-04-16,-0.0038065582311323926,0.0,-0.0038065582311323926,0.0,2.9212672435216724
2025-04-17,0.002689932544235746,0.0,0.002689932544235746,0.0,2.9291252553504314
2025-04-21,-0.007700042563035511,0.0,-0.007700042563035511,0.0,2.906570866211771
2025-04-22,0.012349609972984163,0.0,0.012349609972984163,0.0,2.942465882768325
2025-04-23,0.005160119306862956,0.0,0.005160119306862956,0.0,2.957649357779783
2025-04-24,0.012861358031714926,0.0,0.012861358031714926,0.0,2.9956887451024605
2025-04-25,0.0019545733015227523,0.0,0.0019545733015227523,0.0,3.00154403834331
2025-04-28,0.004941867707426148,2.5e-05,0.004916867707426148,0.125,3.016302233297857
2025-04-29,0.002710241298222754,2.5e-05,0.0026852412982227543,0.125,3.0244017326226302
2025-04-30,-0.0013051147569137639,0.0,-0.0013051147569137639,0.0,3.020454541290549
2025-05-01,4.7892888478673346e-05,2.5e-05,2.2892888478673344e-05,0.125,3.0205236882195177
2025-05-02,0.010082371516854968,2.5e-05,0.010057371516854968,0.125,3.0509022171274025
2025-05-05,0.002460511751940217,0.0,0.002460511751940217,0.0,3.0584089978866653
2025-05-06,-0.0012717495689523461,2.5e-05,-0.0012967495689523462,0.125,3.054443007336976
2025-05-07,-0.001635780521963795,0.0,-0.001635780521963795,0.0,3.0494466089601255
2025-05-08,-0.0027066571485872964,2.5e-05,-0.0027316571485872963,0.125,3.0411165663315245
2025-05-09,0.0031395844653164667,0.0,0.0031395844653164667,0.0,3.050664408660395
2025-05-12,0.008492981856966647,0.0,0.008492981856966647,0.0,3.0765736461348414
2025-05-13,0.002049596870761991,2.5e-05,0.002024596870761991,0.125,3.082802467511475
2025-05-14,-0.003713499936506909,2.5e-05,-0.0037384999365069086,0.125,3.07127741068242
2025-05-15,0.007153573253049397,0.0,0.007153573253049397,0.0,3.0932480186201725
2025-05-16,0.002619834586029185,0.0,0.002619834586029185,0.0,3.1013518167625196
2025-05-19,0.002829614795112942,0.0,0.002829614795112942,0.0,3.1101274477480816
2025-05-20,0.0012844354289186788,0.0,0.0012844354289186788,0.0,3.114122205630422
2025-05-21,-0.010816154562734381,0.0,-0.010816154562734381,0.0,3.0804393785270805
2025-05-22,-0.0018796939803413237,0.0,-0.0018796939803413237,0.0,3.074649095170457
2025-05-23,0.0015432443842581245,2.5e-05,0.0015182443842581244,0.125,3.0793171638927634
2025-05-27,0.0071224146455731024,0.0,0.0071224146455731024,0.0,3.1012493375592376
2025-05-28,-0.0036980043748756075,0.0,-0.0036980043748756075,0.0,3.0897809039413637
2025-05-29,0.00399549837355731,2.5e-05,0.00397049837355731,0.125,3.1020488739951113
2025-05-30,-0.0031317042090746733,0.0,-0.0031317042090746733,0.0,3.0923341744796655
2025-06-02,0.007815384239218348,0.0,0.007815384239218348,0.0,3.11650195424929
2025-06-03,0.001701753111318094,0.0,0.001701753111318094,0.0,3.121805471146363
2025-06-04,0.00525819366959282,2.5e-05,0.00523319366959282,0.125,3.1381424837756664
2025-06-05,-0.001659060960000125,2.5e-05,-0.001684060960000125,0.125,3.1328576605318217
2025-06-06,0.004297784782748421,0.0,0.004297784782748421,0.0,3.146322008511772
2025-06-09,0.0029663791660581446,0.0,0.0029663791660581446,0.0,3.155655192567531
2025-06-10,0.004195871363524867,0.0,0.004195871363524867,0.0,3.1688959158231835
2025-06-11,-0.0009722045412417918,0.0,-0.0009722045412417918,0.0,3.1658151008230977
2025-06-12,0.0036255141322231316,0.0,0.0036255141322231316,0.0,3.1772928082111376
2025-06-13,-0.008415861157760635,0.0,-0.008415861157760635,0.0,3.1505531530796813
2025-06-16,0.00471806373918858,0.0,0.00471806373918858,0.0,3.1654176636696127
2025-06-17,-0.007158721015214947,0.0,-0.007158721015214947,0.0,3.1427573217187685
2025-06-18,0.0005673370031696462,0.0,0.0005673370031696462,0.0,3.1445403242393617
2025-06-20,-0.00304560643050078,0.0,-0.00304560643050078,0.0,3.1349632920068893
2025-06-23,0.008277399112865208,0.0,0.008277399112865208,0.0,3.160912634379012
2025-06-24,0.008011597395354356,0.0,0.008011597395354356,0.0,3.1862365938075454
2025-06-25,-0.0042730611667558815,0.0,-0.0042730611667558815,0.0,3.17262160995045
2025-06-26,0.006154036090140952,0.0,0.006154036090140952,0.0,3.192146037838446
2025-06-27,-0.0002268016451847238,0.0,-0.0002268016451847238,0.0,3.191422053865394
2025-06-30,0.004350221928452858,0.0,0.004350221928452858,0.0,3.205305448067067
2025-07-01,0.002242977932503762,0.0,0.002242977932503762,0.0,3.2124948774540156
2025-07-02,0.005059769230988637,0.0,0.005059769230988637,0.0,3.228749360189666
2025-07-03,0.003255159898249038,0.0,0.003255159898249038,0.0,3.239259455628453
2025-07-07,-0.007849148630670016,0.0,-0.007849148630670016,0.0,3.213834026707922
2025-07-08,0.0009169878842632817,2.5e-05,0.0008919878842632817,0.125,3.2167007277217783
2025-07-09,0.004379615283845811,2.5e-05,0.0043546152838458115,0.125,3.2307082218742735
2025-07-10,0.0021316167394970775,0.0,0.0021316167394970775,0.0,3.2375948536004517
2025-07-11,-0.002840379304308055,0.0,-0.002840379304308055,0.0,3.228398856182551
2025-07-14,0.0020640808093085883,0.0,0.0020640808093085883,0.0,3.2350625323063915
2025-07-15,-0.0056284090059261355,0.0,-0.0056284090059261355,0.0,3.216854277214824
2025-07-16,0.0047076306976560345,0.0,0.0047076306976560345,0.0,3.231998039160127
2025-07-17,0.004046720086528691,0.0,0.004046720086528691,0.0,3.2450770305448176
2025-07-18,-0.0011417133557475867,0.0,-0.0011417133557475867,0.0,3.2413720827586148
2025-07-21,0.0042944867933759345,0.0,0.0042944867933759345,0.0,3.255292112360439
2025-07-22,0.004506048354287889,0.0,0.004506048354287889,0.0,3.269960616026067
2025-07-23,0.006608725522451925,0.0,0.006608725522451925,0.0,3.2915708882066106
2025-07-24,-0.004222436141002414,0.0,-0.004222436141002414,0.0,3.2776724403275757
2025-07-25,-0.00037850681571084677,0.0,-0.00037850681571084677,0.0,3.276431818969244
2025-07-28,-0.005442124572744178,0.0,-0.005442124572744178,0.0,3.2586010688563105
2025-07-29,0.0008298665559067775,0.0,0.0008298665559067775,0.0,3.2613052729023964
2025-07-30,-0.006367736548898967,0.0,-0.006367736548898967,0.0,3.240538140119019
2025-07-31,-0.005339672902652845,0.0,-0.005339672902652845,0.0,3.2232347264222123
2025-08-01,-0.003537356831049193,2.5e-05,-0.003562356831049193,0.125,3.211752414176467
2025-08-04,0.011968922299593954,2.5e-05,0.011943922299593953,0.125,3.250113335456924
2025-08-05,-0.0004661766876032508,2.5e-05,-0.0004911766876032508,0.125,3.248516955554479
2025-08-06,0.00270401011603498,0.0,0.00270401011603498,0.0,3.2573009782644093
2025-08-07,0.0034957526695734986,2.5e-05,0.0034707526695734988,0.125,3.268606264330325
2025-08-08,0.0020200294483836145,0.0,0.0020200294483836145,0.0,3.2752089452394433
2025-08-11,-0.004149958209802573,0.0,-0.004149958209802573,0.0,3.261616964988328
2025-08-12,0.010255501351955118,0.0,0.010255501351955118,0.0,3.295066482182326
2025-08-13,0.006725882926910676,0.0,0.006725882926910676,0.0,3.317228713577871
2025-08-14,-0.004900549528274109,0.0,-0.004900549528274109,0.0,3.3009724699703695
2025-08-15,0.00022484632584579556,0.0,0.00022484632584579556,0.0,3.3017146815019607
2025-08-18,-0.0002845202524712487,0.0,-0.0002845202524712487,0.0,3.3007752768071916
2025-08-19,-0.0028735487229885476,0.0,-0.0028735487229885476,0.0,3.29129033822565
2025-08-20,0.00038049137588706816,0.0,0.00038049137588706816,0.0,3.2925426458148856
2025-08-21,-0.002636224498938383,0.0,-0.002636224498938383,0.0,3.283862764228189
2025-08-22,0.01687743383442436,0.0,0.01687743383442436,0.0,3.33928594075278
2025-08-25,-0.005611191447951233,0.0,-0.005611191447951233,0.0,3.320548568039764
2025-08-26,0.0021798997057478064,0.0,0.0021798997057478064,0.0,3.3277870308861552
2025-08-27,0.0013483260049322737,0.0,0.0013483260049322737,0.0,3.3322739726787756
2025-08-28,0.0029141369334239747,0.0,0.0029141369334239747,0.0,3.3419846753348463
2025-08-29,-0.0021928599336325516,0.0,-0.0021928599336325516,0.0,3.3346561710414906
2025-09-02,-0.0030969698561175985,0.0,-0.0030969698561175985,0.0,3.3243288413992587
2025-09-03,0.0032557808035654223,0.0,0.0032557808035654223,0.0,3.335152127425825
2025-09-04,0.0036952496516272915,2.5e-05,0.0036702496516272916,0.125,3.347392968359633
2025-09-05,0.005583451012861909,2.5e-05,0.005558451012861909,0.125,3.3659992881950584
2025-09-08,0.0049852646447258175,2.5e-05,0.004960264644725818,0.125,3.3826955354584647
2025-09-09,-0.0003911622286345423,2.5e-05,-0.0004161622286345423,0.125,3.3812877853456365
2025-09-10,0.0012528223653887893,0.0,0.0012528223653887893,0.0,3.385523938306933
2025-09-11,0.00931505251738425,0.0,0.00931505251738425,0.0,3.4170602715911236
2025-09-12,-0.0016638330884098107,0.0,-0.0016638330884098107,0.0,3.41137485364616
2025-09-15,0.0051057219696119815,0.0,0.0051057219696119815,0.0,3.428792385183003
2025-09-16,0.0003461506238312956,2.5e-05,0.00032115062383129557,0.125,3.429893543996492
2025-09-17,-0.000975692160851957,0.0,-0.000975692160851957,0.0,3.426547023753058
2025-09-18,0.004502531997152864,0.0,0.004502531997152864,0.0,3.441975161367255
2025-09-19,0.001077226731013084,0.0,0.001077226731013084,0.0,3.4456829490185625
2025-09-22,0.005236385878198552,0.0,0.005236385878198552,0.0,3.463725874553553
2025-09-23,-0.0014520255974569962,0.0,-0.0014520255974569962,0.0,3.458696455921127
2025-09-24,-0.004264694872546521,0.0,-0.004264694872546521,0.0,3.443946170879865
2025-09-25,-0.003410713881713809,0.0,-0.003410713881713809,0.0,3.43219985586697
2025-09-26,0.003751225312270165,0.0,0.003751225312270165,0.0,3.445074810843068
2025-09-29,0.004761380690453898,0.0,0.004761380690453898,0.0,3.4614781235245853
2025-09-30,0.0030609860183944126,0.0,0.0030609860183944126,0.0,3.472073659663672
2025-10-01,0.0035102652511967702,0.0,0.0035102652511967702,0.0,3.484261559180785
2025-10-02,0.0017910111024577735,0.0,0.0017910111024577735,0.0,3.4905019103171444
2025-10-03,0.0028204197256692237,0.0,0.0028204197256692237,0.0,3.5003465907574887
2025-10-06,0.005106562952577776,0.0,0.005106562952577776,0.0,3.5182213309790327
2025-10-07,-0.003871155951441399,0.0,-0.003871155951441399,0.0,3.504601747535125
2025-10-08,0.006915104761561569,0.0,0.006915104761561569,0.0,3.528836435766882
2025-10-09,-0.005939244801565602,0.0,-0.005939244801565602,0.0,3.5078778123101784
2025-10-10,-0.017112210283761795,0.0,-0.017112210283761795,0.0,3.4478502695361843
2025-10-13,0.015725114072643237,0.0,0.015725114072643237,0.0,3.5020681083300347
2025-10-14,0.001134325920181159,0.0,0.001134325920181159,0.0,3.5060405949595537
2025-10-15,0.0072090169738003446,2.5e-05,0.007184016973800345,0.125,3.5312280501045765
2025-10-16,0.0013805127011961987,0.0,0.0013805127011961987,0.0,3.5361029552785657
2025-10-17,-0.0016527646264747342,0.0,-0.0016527646264747342,0.0,3.5302586093985084
2025-10-20,0.013083321054232017,0.0,0.013083321054232017,0.0,3.576446116189736
2025-10-21,-0.010349704351014039,0.0,-0.010349704351014039,0.0,3.5394309562598396
2025-10-22,-0.0039066742053905645,0.0,-0.0039066742053905645,0.0,3.5256035526412584
2025-10-23,0.004707161555116107,0.0,0.004707161555116107,0.0,3.5421991381428324
2025-10-24,0.004538478182120484,0.0,0.004538478182120484,0.0,3.55827533164802
2025-10-27,0.003684076718879742,2.5e-05,0.003659076718879742,0.125,3.5712953340734175
2025-10-28,-0.0024963737643804162,0.0,-0.0024963737643804162,0.0,3.5623800460965827
2025-10-29,-0.002165606881738294,2.5e-05,-0.002190606881738294,0.125,3.5545762718522362
2025-10-30,-0.0044119871079419115,0.0,-0.0044119871079419115,0.0,3.538893527166628
2025-10-31,9.568110802242458e-05,0.0,9.568110802242458e-05,0.0,3.5392321324204805
2025-11-03,0.0011871750690697208,0.0,0.0011871750690697208,0.0,3.5434338205717406
2025-11-04,-0.011663158564826803,0.0,-0.011663158564826803,0.0,3.5021061900584423
2025-11-05,0.005056476130871665,0.0,0.005056476130871665,0.0,3.5198145064162505
2025-11-06,-0.006116192150946234,0.0,-0.006116192150946234,0.0,3.4982866445593204
2025-11-07,0.0009843608770847556,0.0,0.0009843608770847556,0.0,3.5017302210690526
2025-11-10,0.012869923712820919,0.0,0.012869923712820919,0.0,3.5467972218770907
2025-11-11,0.0021786646555558564,0.0,0.0021786646555558564,0.0,3.554524503624818
2025-11-12,0.0017327484690718709,2.5e-05,0.0017077484690718708,0.125,3.560594737404162
2025-11-13,-0.014505667738650294,0.0,-0.014505667738650294,0.0,3.5089459331913906
2025-11-14,-0.0028159611611833224,2.5e-05,-0.0028409611611833223,0.125,3.4989771540785015
2025-11-17,-0.006461163815697529,2.5e-05,-0.006486163815697529,0.125,3.476282215069765
2025-11-18,-0.0035677631337661386,2.5e-05,-0.0035927631337661385,0.125,3.4637927564848954
2025-11-19,0.00034211971998872326,0.0,0.00034211971998872326,0.0,3.4649777882928428
2025-11-20,-0.010169079023846561,0.0,-0.010169079023846561,0.0,3.4297421553478196
2025-11-21,0.007818140922932273,0.0,0.007818140922932273,0.0,3.4565563628476506
2025-11-24,0.011436902345305894,0.0,0.011436902345305894,0.0,3.4960886604205847
2025-11-25,0.006890110722696893,0.0,0.006890110722696893,0.0,3.5201770983872476
2025-11-26,0.006905151747772037,0.0,0.006905151747772037,0.0,3.5444844554306436
2025-11-28,0.003994642899578904,0.0,0.003994642899578904,0.0,3.5586434050931977
2025-12-01,-0.004226126493835011,0.0,-0.004226126493835011,0.0,3.543604127916822
2025-12-02,0.0007004512257798995,0.0,0.0007004512257798995,0.0,3.546086249771901
2025-12-03,0.0040107848166124754,0.0,0.0040107848166124754,0.0,3.560308838660884
2025-12-04,0.0007959310602157904,0.0,0.0007959310602157904,0.0,3.5631425990495345
2025-12-05,0.0009464202501815594,2.5e-05,0.0009214202501815594,0.125,3.566425750794583
2025-12-08,-0.0015608658711326329,0.0,-0.0015608658711326329,0.0,3.5608590385582395
2025-12-09,0.0005714248065552818,0.0,0.0005714248065552818,0.0,3.5628938017455187
2025-12-10,0.0063614355632881925,0.0,0.0063614355632881925,0.0,3.5855589210841616
2025-12-11,0.0028489713882100393,0.0,0.0028489713882100393,0.0,3.5957740758610717
2025-12-12,-0.007064577740954883,0.0,-0.007064577740954883,0.0,3.5703714503632407
2025-12-15,-0.0012524376577317808,0.0,-0.0012524376577317808,0.0,3.5658997827067154
2025-12-16,-0.002026251378127314,0.0,-0.002026251378127314,0.0,3.558674373357742
2025-12-17,-0.005860154594710343,0.0,-0.005860154594710343,0.0,3.537819991377632
2025-12-18,0.006186322630669511,2.5e-05,0.006161322630669511,0.125,3.559617641753742
2025-12-19,0.005547851976225135,0.0,0.005547851976225135,0.0,3.579365873522151
2025-12-22,0.006371505281552073,0.0,0.006371505281552073,0.0,3.602171822089905
2025-12-23,0.003739141511353364,0.0,0.003739141511353364,0.0,3.615640852280909
2025-12-24,0.0025893064976443697,2.5e-05,0.00256430649764437,0.125,3.6249124636115613
2025-12-26,0.0016101360535168419,0.0,0.0016101360535168419,0.0,3.6307490658600647
2025-12-29,-0.007228585751491032,0.0,-0.007228585751491032,0.0,3.6045038848953497
2025-12-30,-0.0006115724857225502,0.0,-0.0006115724857225502,0.0,3.602299469494668
2025-12-31,-0.006647534221929888,0.0,-0.006647534221929888,0.0,3.5783530604935625
2026-01-02,0.006605120612813098,0.0,0.006605120612813098,0.0,3.601988514053351
2026-01-05,0.010807089708535944,0.0,0.010807089708535944,0.0,3.6409155270538416
2026-01-06,0.006623159269855919,0.0,0.006623159269855919,0.0,3.665029890477611
2026-01-07,-0.003665792697789702,0.0,-0.003665792697789702,0.0,3.651594650667917
2026-01-08,0.0018776283304096503,0.0,0.0018776283304096503,0.0,3.658450988235183
2026-01-09,0.006711403338873628,0.0,0.006711403338873628,0.0,3.68300432841273
2026-01-12,0.0055575449623554984,0.0,0.0055575449623554984,0.0,3.7034727905644336
2026-01-13,-0.0014175416854827622,0.0,-0.0014175416854827622,0.0,3.698222963502757
2026-01-14,0.003119667966142131,0.0,0.003119667966142131,0.0,3.7097601912136473
2026-01-15,0.0026501087941347146,0.0,0.0026501087941347146,0.0,3.719591459320513
2026-01-16,-1.9134691357641787e-05,0.0,-1.9134691357641787e-05,0.0,3.7195202860859626
2026-01-20,-0.00903128181032746,0.0,-0.00903128181032746,0.0,3.685928250183091
2026-01-21,0.012240977223519717,0.0,0.012240977223519717,0.0,3.7310476139411097
2026-01-22,0.0055506100952596865,0.0,0.0055506100952596865,0.0,3.7517572044929453
2026-01-23,0.0019213666461159323,0.0,0.0019213666461159323,0.0,3.7589657056499832
2026-01-26,0.0038897699408518976,0.0,0.0038897699408518976,0.0,3.773587217460514
2026-01-27,0.008720430437696589,0.0,0.008720430437696589,0.0,3.8064945222909596
2026-01-28,0.002528952074422691,0.0,0.002528952074422691,0.0,3.816120964509386
2026-01-29,0.0013544936118821682,0.0,0.0013544936118821682,0.0,3.821289875977983
2026-01-30,-0.02099670146299422,0.0,-0.02099670146299422,0.0,3.7410553932485113
2026-02-02,-0.002760018264715808,0.0,-0.002760018264715808,0.0,3.7307300120338316
2026-02-03,0.006018515223082374,0.0,0.006018515223082374,0.0,3.753183467404467
2026-02-04,-0.0037419534297918056,0.0,-0.0037419534297918056,0.0,3.7391392296559753
2026-02-05,-0.010115536959876756,0.0,-0.010115536959876756,0.0,3.701315828580265
2026-02-06,0.02155559833364093,0.0,0.02155559833364093,0.0,3.781099905887088
2026-02-09,0.008709492528016852,0.0,0.008709492528016852,0.0,3.8140313672650974
2026-02-10,0.0011161122473680313,0.0,0.0011161122473680313,0.0,3.8182882543859473
2026-02-11,0.002615570595225117,0.0,0.002615570595225117,0.0,3.8282752568682126
2026-02-12,-0.012215751515424741,0.0,-0.012215751515424741,0.0,3.7815099975976616
2026-02-13,0.00823609890677221,0.0,0.00823609890677221,0.0,3.812654887954824
2026-02-17,-0.0029222501700830184,0.0,-0.0029222501700830184,0.0,3.8015133565600303
2026-02-18,0.0036878203393065218,0.0,0.0036878203393065218,0.0,3.8155326548364976
2026-02-19,-0.0009635084106880687,0.0,-0.0009635084106880687,0.0,3.811856357032308
2026-02-20,0.008812004159917342,0.0,0.008812004159917342,0.0,3.8454464511074837
2026-02-23,-0.002786514095341891,0.0,-0.002786514095341891,0.0,3.8347310603685902
2026-02-24,0.004614794852584508,0.0,0.004614794852584508,0.0,3.852427557527025
2026-02-25,0.005390374140573986,0.0,0.005390374140573986,0.0,3.873193583411554
2026-02-26,-0.00039845302773627855,0.0,-0.00039845302773627855,0.0,3.8716502977012346
2026-02-27,-0.0010112378184827936,0.0,-0.0010112378184827936,0.0,3.867735138500259
2026-03-02,-0.0025679110643872655,0.0,-0.0025679110643872655,0.0,3.857803138643985
2026-03-03,-0.02124202902949178,0.0,-0.02124202902949178,0.0,3.7758555723828446
2026-03-04,0.007704546530772252,0.0,0.007704546530772252,0.0,3.8049468273337443
2026-03-05,-0.012467373085950709,0.0,-0.012467373085950709,0.0,3.75750913566517
2026-03-06,-0.008005035501720034,0.0,-0.008005035501720034,0.0,3.727430141636133
2026-03-09,0.008601829233223196,0.0,0.008601829233223196,0.0,3.7594928591932564
2026-03-10,0.00034781479700798923,0.0,0.00034781479700798923,0.0,3.7608004664389294
2026-03-11,-0.0037030520753728174,0.0,-0.0037030520753728174,0.0,3.7468740264666196
2026-03-12,-0.016248401285203162,0.0,-0.016248401285203162,0.0,3.6859933137194854
2026-03-13,-0.0057110821742743095,0.0,-0.0057110821742743095,0.0,3.6649423030110078
2026-03-16,0.011569874579145448,0.0,0.011569874579145448,0.0,3.70734522579665
2026-03-17,0.003446488751471924,0.0,0.003446488751471924,0.0,3.7201225494151817
2026-03-18,-0.016671093255204536,0.0,-0.016671093255204536,0.0,3.658104039473092
2026-03-19,-0.004867521829075544,0.0,-0.004867521829075544,0.0,3.6402981382079274
2026-03-20,-0.02499034327130341,0.0,-0.02499034327130341,0.0,3.5493258381242243
2026-03-23,0.011166410627954926,0.0,0.011166410627954926,0.0,3.58895906788513
2026-03-24,-0.003865932972832234,2.5e-05,-0.0038909329728322338,0.125,3.5749946687097505
2026-03-25,0.01052184199672053,0.0,0.01052184199672053,0.0,3.6126101977530327
2026-03-26,-0.01909142445014428,0.0,-0.01909142445014428,0.0,3.54364032309481
2026-03-27,-0.005831634325780613,2.5e-05,-0.005856634325780613,0.125,3.5228865175403525
2026-03-30,-0.0017251958342068413,0.0,-0.0017251958342068413,0.0,3.5168088483959083
2026-03-31,0.02753382687486025,0.0,0.02753382687486025,0.0,3.6136400543796174
2026-04-01,0.008660773647481676,0.0,0.008660773647481676,0.0,3.644936972934073
2026-04-02,-0.0009827214444174948,0.0,-0.0009827214444174948,0.0,3.6413550152072203
2026-04-06,0.0033166424650941106,2.5e-05,0.003291642465094111,0.125,3.65334105400576
2026-04-07,0.0020024134012969624,0.0,0.0020024134012969624,0.0,3.6606565530918096
2026-04-08,0.025383163399437192,0.0,0.025383163399437192,0.0,3.75357559652816
2026-04-09,0.0035251621987073545,0.0,0.0035251621987073545,0.0,3.7668075593310313
2026-04-10,0.0006920617259385115,0.0,0.0006920617259385115,0.0,3.76941442267182
2026-04-13,0.006481378985551289,2.5e-05,0.0064563789855512895,0.125,3.793751190738192
2026-04-14,0.01356641514399301,0.0,0.01356641514399301,0.0,3.8452187943447638
2026-04-15,0.0008175290823563414,0.0,0.0008175290823563414,0.0,3.848362372537164
2026-04-16,0.0015622189554672372,0.0,0.0015622189554672372,0.0,3.854374357183048
2026-04-17,0.014620142756431115,0.0,0.014620142756431115,0.0,3.910725860521792
2026-04-20,-0.001982565868515501,0.0,-0.001982565868515501,0.0,3.9029725889096003
2026-04-21,-0.0136015829472656,0.0,-0.0136015829472656,0.0,3.8498859835006427
2026-04-22,0.007806566356852521,0.0,0.007806566356852521,0.0,3.8799403738971567
2026-04-23,-0.004752402843071962,0.0,-0.004752402843071962,0.0,3.861501334233298
2026-04-24,0.00793660017106082,0.0,0.00793660017106082,0.0,3.8921485263831253
2026-04-27,-0.0024438412547177074,0.0,-0.0024438412547177074,0.0,3.8826367332448615
2026-04-28,-0.006159313276516379,0.0,-0.006159313276516379,0.0,3.858722357265896
2026-04-29,-0.005243877578192044,0.0,-0.005243877578192044,0.0,3.8384876896161613
2026-04-30,0.014335756998221885,0.0,0.014335756998221885,0.0,3.8935153163751646
2026-05-01,0.0020948216733967517,0.0,0.0020948216733967517,0.0,3.901671536645609
2026-05-04,-0.006375147623033456,2.5e-05,-0.006400147623033456,0.125,3.8767002628344898
2026-05-05,0.011085601290116237,2.5e-05,0.011060601290116236,0.125,3.9195788987629907
2026-05-06,0.020077431314164007,0.0,0.020077431314164007,0.0,3.9982739748833516
2026-05-07,-0.0077846800147329115,0.0,-0.0077846800147329115,0.0,3.9671486913776506
2026-05-08,0.010173093515909504,0.0,0.010173093515909504,0.0,4.007506866006553
2026-05-11,0.0003895027752642416,0.0,0.0003895027752642416,0.0,4.009067801052753
2026-05-12,-0.008320381658319428,0.0,-0.008320381658319428,0.0,3.975710826853915
2026-05-13,0.003524606765022295,0.0,0.003524606765022295,0.0,3.9897236441300166
2026-05-14,0.0010116638114172627,0.0,0.0010116638114172627,0.0,3.9937599031583386
